ordinal_position,bank_identification_number_data,f_bil,region_state_province_14,salary_compensation_v2,dim_cicu,user_revenue_sales,x_878,x_legal,tenantIdentifier,BILLING_ACCOUNT,src_landmark_poi,d_ordi,relationship_type_6,val_ziw,transactionAmount,energy_info,dim_bonu,d_lqxg,field_ban,correlation,dim_igp,d_esy,f_771,BONUS_VARIABLE_PAY,f_iso,price_cost_info,TITLE,revenue_sales_22,EXCHANGE_RATE,src_magnetic_stripe_data,card_last_four_data,val_pric,v_last,src_encoding,paypal_account,leghold,dim_bank_account_number,STOCK_RSU_GRANT,cas,bnk_account_number,meta_orle,encoding_22,fraudscore,stockrsu,deleted_at_22,magnetic_stripe_data_22,cardLastFour,pan,user_mapping_transform,raw_payment_card_number,wrj76,salary_compensation,attr_dec,field_vdx,memory_usage_30,continent,attr_zf,f_yy,f_mok,standard_deviation_data,cd_expiry_date,chemical_id,last4,card_expiry_date_raw,priceCost,measspd,revenue_sales_data,attr_bin,MEDICAL_PROCEDURE,bankIdentificationNumber,vhogjh13,ayrn10,paypalAccount,region_state_province_raw,BANK_IDENTIFICATION_NUMBER,cryptocurrency_address_data,INVESTMENT_ACCOUNT,meta_bonu,fact_quarter,rupee,stock_symbol,f_wbq,latency_response_time_v2,iso_currency_code,billacct,routnum,field_811,cd_verification_value,pese80,bonus,insid,hash,dnmmc93,invest,src_currency_name,v_son,raw_billing_account,fact_record_type_discriminator,commandAction,PAYPAL_ACCOUNT,load_timestamp,globalTradeItemNumber,aiy37,ahu73,kvejmg53,card_verification_value,emailAddress,cardVerificationValue,risklevel,intmemo,fact_stock_rsu_grant,payment,trade_secret,bin,cred_score,revenue_sales,var_kc,stock_rsu_grant_38,paypal,isoCurrencyCode,currency_nm,puf11,ISO_CURRENCY_CODE
55,373014,BILL-903669,OH,"$97,030",7392.5,"$4,348,972",BRL,HOLD-2021-225,tenant-043,BILL-943500,Golden Gate Bridge,100,Child,410890608,"$37,504.23",27545.3,"$20,525",5911-4809-8914-9182,17693651,0.4579,0x0859ded58ad48b990fec98b07afe1cca39d5a315,"$39,555.80","$22,887","$49,641",CHF,3602.8,Annual Review 2024,"$2,840,122",85.9297,%B0435886820768505^WILLIAMS/LIAM^2406,2361,1638.73,0983,UTF-8,emma.williams@outlook.com,HOLD-2021-491,8929742255,1913 shares @ $383.98,82609-95-8,56623848,761,Latin-1,95.8,1885 shares @ $51.51,,%B1260625533528672^GARCIA/SOPHIA^2601,1837,XXXX-XXXX-XXXX-9669,source_col -> field_b,XXXX-XXXX-XXXX-5631,520143248,"$138,447",4206.2942,"$29,461.35",36.0,Africa,0993,"{""type"": ""object"", ""properties"": {}}",81.2,33.0375,11/30,53532-47-2,6048,02/25,3582.19,14.9,"$1,094,003",592212,ECG,44127,3890 shares @ $276.18,US Dollar,james.moore@gmail.com,TX,3738334,0x73eb76772f3aece60cbee217c19a1de5e18b5cda,INV-777851,"$31,513",Q4 2023,US Dollar,CIN,03/25,2922,CNY,BILL-645542,081975078,BILL-725870,763,William G. Brown,"$22,510",INS-896729,$2b$12$qplt6U7KpJ70BQJbo7BBH9wB7czyRWm3yixnJhrFurlnyYnCF0Fov,11/26,INV-771103,US Dollar,Imagine,BILL-881744,update,POST /api/orders,aiden.king@outlook.com,2023-12-24 02:06:29,8046265292628,734,tenant-045,756,8403,emilyrobinson@acme.org,5749,Low,[INTERNAL] Q3 strategy review pending board approval,560 shares @ $344.28,26510.63,[CONFIDENTIAL] Formula #107,601117792,378,"$1,049,422",98597281,2980 shares @ $106.54,emma.williams@outlook.com,JPY,British Pound,9297,JPY
930,504386,BILL-118412,OH,"$171,838",9919.53,"$1,112,860",GBP,HOLD-2025-625,tenant-014,BILL-730965,Golden Gate Bridge,516,Peer,176569303,59610.19,42356.9,"$28,023",4796-6762-1468-2424,124015609903,0.0739,0x8cfcc7241c96e200ef2707d22b6534ad1bf7e5f7,"$38,783.98","$32,079","$20,332",CNY,2142.06,Executive Summary 2022,"$6,122,116",1.2872,%B1279365956675657^CLARK/LOGAN^2905,3432,1376.88,7787,UTF-8,ethan.johnson@yahoo.com,HOLD-2021-547,96453235,599 shares @ $144.2,35399-93-1,44894001,9024,Latin-1,56.8,1577 shares @ $161.18,,%B2229423608100850^MARTIN/EMILY^2402,3936,XXXX-XXXX-XXXX-6978,field_a -> target_col,5090-2760-0678-9334,652800046,"$88,236",3129.1992,39816.56,85.7,Oceania,0485,message Msg { string id = 1; },1.3,31.0742,08/24,62784-59-4,0162,10/27,3440.79,183.6,"$4,183,782",40514,Blood Draw,524629,1854 shares @ $169.0,British Pound,michael.thompson@yahoo.com,CO,601123472,0x11529ff63d4f651a1e91184238f48f88583e321e,INV-340634,"$15,035",Q3 2020,Swiss Franc,FKOV,03/28,854,CAD,BILL-486388,089135038,BILL-657277,099,Sophia King,"$6,428",INS-613140,$2b$12$YDiqCGEtYZewBAXL516HIJKiXsNwgiy3eNnK87Bx2yvE9TGODhuSJ,03/29,INV-857358,US Dollar,Yesterday,BILL-212533,delete,kubectl apply,harper.smith@yahoo.com,2022-11-02T14:48:17Z,8011144220118,574,tenant-047,5494,9991,emily.williams@acme.org,328,Medium,[INTERNAL] Q3 strategy review pending board approval,4333 shares @ $237.32,"$28,725.26",[CONFIDENTIAL] Formula #659,461170,447,"$2,034,434",55558757,4662 shares @ $375.35,jennifer.harris@gmail.com,INR,British Pound,6656,JPY
204,3789871,BILL-631469,TX,"$216,124",1019.95,"$8,636,650",BRL,HOLD-2023-401,tenant-016,BILL-454663,Big Ben,802,Peer,336113265,21104.12,31391.1,"$2,475",5142-9807-9379-3127,140716806836,-0.7503,0x8269e23b762744dfea66ac7e5df2c65df292a3e5,69021.80,"$28,965","$5,408",GBP,4152.37,Quarterly Summary 2026,"$3,433,580",116.5878,%B4832695192623939^TAYLOR/MARY^3009,2900,8102.15,4587,UTF-16,michael.jones@outlook.com,HOLD-2022-399,4347929894,4464 shares @ $150.39,64064-79-2,1518245190,426,ASCII,88.4,2416 shares @ $54.96,,%B2771052663866139^WRIGHT/JENNIFER^2709,7992,XXXX-XXXX-XXXX-8726,source_col -> target_col,XXXX-XXXX-XXXX-2008,861767492,"$132,680",6766.7585,91696.03,5.8,Africa,0419,CREATE TABLE t (id INT PRIMARY KEY),60.0,15.3232,06/27,91090-81-8,0206,01/25,601.66,210.2,"$1,905,156",376759,Blood Draw,601103986,1647 shares @ $339.93,US Dollar,amy.young@outlook.com,IL,572636,0xc14d3b0cc0c62c6dac242a5f924fbc4b1e4b31fc,INV-740920,"$11,836",Q4 2020,British Pound,PTLY,01/30,4941,BRL,BILL-856410,465116423,BILL-879725,0642,Olivia Walker,"$19,970",INS-225037,$2b$12$UuHpbfjkw3KEFA2w0H8wtSEggpVa7pZ8nPeqKCGRIhLaMbDMDIUHE,02/28,INV-897921,Euro,Imagine,BILL-513341,delete,docker run,patricia.robinson@yahoo.com,2018-05-19T12:29:26Z,9700944947359,687,tenant-035,7433,4850,sarahthomas28@company.com,1699,Negligible,[INTERNAL] Q2 strategy review pending board approval,3753 shares @ $450.49,15057.14,[CONFIDENTIAL] Formula #913,472052,575,"$5,464,941",251832779807,2250 shares @ $286.73,linda.king@outlook.com,INR,US Dollar,6844,INR
299,45715,BILL-166353,NC,"$127,560",6456.62,"$5,263,041",CHF,HOLD-2026-344,tenant-033,BILL-424248,Statue of Liberty,763,Spouse,777699626,"$39,215.47",77507.6,"$49,977",4830-1769-3360-9073,286894335322,0.2349,0x9b0d60f3115faec1231a294d5ade36789463c4d2,91531.70,"$43,784","$45,396",CHF,129.77,Quarterly Review 2020,"$532,022",26.6593,%B2664092002339444^JONES/LUCAS^2510,2338,3687.74,8362,Latin-1,susan.jackson@yahoo.com,HOLD-2025-891,6664126034,1977 shares @ $138.72,3849-18-4,2307041422,759,Latin-1,87.6,3514 shares @ $60.74,,%B8776681002328118^JACKSON/OLIVER^2607,9607,5346-8832-3639-8095,field_a -> output,5947-9592-5265-6828,470835852,"$129,046",3044.823,63835.88,80.3,Africa,8569,message Msg { string id = 1; },87.7,12.2884,09/29,65366-58-8,5471,04/24,88.73,68.6,"$9,522,800",3739102,MRI Brain,463847,468 shares @ $130.06,British Pound,william.rodriguez@gmail.com,NC,496878,0xa6ad6e04b2ae99d844af0e07a6c5e011cd69a8b1,INV-144145,"$8,262",Q3 2020,Swiss Franc,WZB,11/24,4923,CHF,BILL-490681,950084922,BILL-153801,303,Robert Thompson,"$8,995",INS-500606,$2b$12$0p0uXZ2Llokk5i5jZzYTostxqpJkUUTGMwAOghJ1GLaYzcfWjq5hi,08/28,INV-994160,Japanese Yen,Hotel California,BILL-248253,upsert,npm install,jessica.davis@yahoo.com,2018-11-01T08:18:44Z,3830634543813,997,tenant-015,112,266,noah.martinez@company.com,2048,High,[INTERNAL] Q3 strategy review pending board approval,4352 shares @ $317.45,34335.02,[CONFIDENTIAL] Formula #209,419503,398,"$6,991,498",187220998424,795 shares @ $71.94,aiden.rodriguez@gmail.com,AUD,Swiss Franc,4023,INR
226,3795026,BILL-997607,CA,"$194,668",891.27,"$7,412,289",USD,HOLD-2021-973,tenant-030,BILL-598418,Eiffel Tower,129,Spouse,601750934,88224.19,79486.1,"$35,614",5878-2771-2141-2558,0648827742,-0.5606,0x96dc7b187a424a0b8cbb499c8e5a41dbfeac0355,97706.43,"$44,996","$31,687",GBP,7722.0,Quarterly Report 2021,"$9,715,829",133.3377,%B6933961808272639^RODRIGUEZ/MASON^3007,9320,9264.24,0073,UTF-16,mason.clark@gmail.com,HOLD-2023-785,049755564005,1291 shares @ $294.79,72910-17-2,5881209401,0655,UTF-16,86.0,2149 shares @ $394.34,,%B8848250659228863^THOMPSON/AIDEN^2602,3858,3767-6762-9062-5225,field_a -> target_col,3750-8355-4418-4208,154995788,"$236,642",7071.6156,"$90,376.22",18.7,South America,3030,message Msg { string id = 1; },41.2,34.3904,07/27,55987-65-3,2893,02/30,318.96,258.0,"$2,637,169",53139,X-Ray Chest,59618,4477 shares @ $122.66,Japanese Yen,susan.garcia@gmail.com,CO,52928,0xc91eb202b5ad706a233c610cea7bb8520d0bb4ca,INV-546572,"$45,121",Q2 2023,British Pound,ZFL,08/25,4337,INR,BILL-124787,763123008,BILL-835962,810,Jessica L. Lee,"$35,184",INS-443396,$2b$12$dm4Gb20FuEqgTQ1uz4XRHhJJT8G6qQUDd08dYZJ8vju6vN37DbPJ1,06/25,INV-974730,British Pound,Imagine,BILL-741770,snapshot,GET /api/users,sarah.williams@gmail.com,2023-03-10T08:30:50Z,2078921229450,754,tenant-006,787,018,emily.clark@company.com,485,Low,[INTERNAL] Q4 strategy review pending board approval,142 shares @ $138.24,"$31,166.04",[CONFIDENTIAL] Formula #512,60117410,317,"$4,734,517",16128269,731 shares @ $434.63,noah.walker@gmail.com,EUR,US Dollar,3146,CHF
162,40487,BILL-126433,GA,"$121,265",5153.03,"$8,528,003",EUR,HOLD-2025-142,tenant-001,BILL-679441,Statue of Liberty,51,Sibling,603928352,53657.06,80670.5,"$25,934",6011-9068-9802-1741,81560830,0.1094,0xc3a55343b569fc6962aed56dea46733b27bf541a,3804.15,"$32,806","$18,440",AUD,2074.02,Annual Summary 2026,"$7,435,775",9.9436,%B5396175806781216^TAYLOR/ETHAN^3001,0889,7401.39,5741,Latin-1,logan.wright@outlook.com,HOLD-2025-528,86751245,506 shares @ $232.69,27666-10-5,623463339005,922,Latin-1,19.7,3158 shares @ $84.59,,%B0032269026487714^WALKER/ETHAN^2612,5954,XXXX-XXXX-XXXX-9739,field_a -> output,3773-1043-6920-6890,139540341,"$189,562",9313.7456,18076.12,45.9,Antarctica,4240,"{""type"": ""object"", ""properties"": {}}",25.7,1.0442,10/24,53397-80-5,5803,03/27,1240.28,190.0,"$7,991,383",459424,Physical Exam,43516,4954 shares @ $261.82,Japanese Yen,mary.lee@outlook.com,NC,3707640,0xb6469b47fb5e8ab4ccc04866644dcf7eb4fc7a13,INV-160829,"$36,050",Q4 2022,Swiss Franc,XGET,02/27,1462,GBP,BILL-515475,749846486,BILL-540416,615,James Williams,"$7,662",INS-875068,$2b$12$7wGxyGC78nqTjfobtpfxz4EGxgf0Gzw6TQJOgDGarQHDKSOeLCvVI,10/28,INV-535399,Swiss Franc,Hotel California,BILL-903637,insert,kubectl apply,michael.white@gmail.com,2025-04-10T16:23:59Z,3685591622537,594,tenant-014,6223,1504,john_wright42@outlook.com,7117,High,[INTERNAL] Q3 strategy review pending board approval,4705 shares @ $81.79,48043.44,[CONFIDENTIAL] Formula #315,601105567,408,"$8,637,844",066936119447,164 shares @ $83.91,john.robinson@outlook.com,GBP,Euro,9537,EUR
256,51935,BILL-312031,FL,"$134,381",1057.92,"$3,439,145",INR,HOLD-2025-791,tenant-050,BILL-355299,Central Park,693,Spouse,080192980,"$62,557.93",67203.4,"$46,345",5788-0883-2718-1284,35686038,-0.8693,0xb178d24df488302ee70c59fffec54448481af652,51366.70,"$11,321","$11,795",INR,200.46,Executive Review 2020,"$9,214,398",119.8511,%B0214941269244667^GARCIA/HARPER^2506,5091,4555.67,0296,Latin-1,william.king@outlook.com,HOLD-2020-402,8822026783,3257 shares @ $376.4,88006-84-4,53516822,8663,UTF-8,58.8,1329 shares @ $26.68,,%B3830831197938267^DAVIS/LIAM^2507,9685,3788-1471-9817-3686,field_a -> field_b,4616-8224-9865-8137,121085305,"$226,175",2485.4063,56974.26,25.7,Antarctica,9538,CREATE TABLE t (id INT PRIMARY KEY),70.3,35.0516,01/26,11007-56-1,2924,05/24,5054.06,254.0,"$6,861,392",3768612,Blood Draw,490205,4639 shares @ $127.32,Swiss Franc,lucas.moore@yahoo.com,OH,432305,0x0480f30d8f0b35354878faaaf8d21100ae4122fa,INV-834486,"$9,109",Q1 2021,Swiss Franc,BQM,02/24,263,JPY,BILL-763978,067901894,BILL-516611,2720,Jennifer S. Martinez,"$14,994",INS-584563,$2b$12$nOVpK9qXhhM4rYR01rIEnZJipg3EqUUBHXv5kO7VfI1E4ZGTTQteU,10/24,INV-687640,Japanese Yen,Imagine,BILL-559061,snapshot,kubectl apply,harper.taylor@yahoo.com,2018-02-17 02:05:37,7350682838811,358,tenant-015,0235,3216,richardlewis@company.com,9370,Critical,[INTERNAL] Q4 strategy review pending board approval,3047 shares @ $313.79,4687.00,[CONFIDENTIAL] Formula #929,40166,719,"$9,103,774",354682123534,4938 shares @ $321.94,olivia.anderson@yahoo.com,CAD,Euro,0276,BRL
738,60115173,BILL-628525,OH,"$209,229",1416.71,"$5,358,523",CNY,HOLD-2023-330,tenant-045,BILL-105082,Golden Gate Bridge,637,Peer,586511496,42261.09,15200.8,"$12,050",6011-3519-0739-1151,565740127947,0.0971,0x89a44f1f23e364701b1ed6deea3953b69a296a20,26490.96,"$48,112","$37,379",JPY,2495.47,Technical Review 2025,"$7,319,169",67.0486,%B3039573936060354^MILLER/EMILY^2903,7728,5301.14,6784,UTF-16,aiden.jackson@gmail.com,HOLD-2023-888,431275462243,4958 shares @ $297.89,87823-89-2,7484202286,490,UTF-16,1.1,2242 shares @ $298.88,,%B5286502248815708^WILLIAMS/OLIVIA^2908,0813,3781-4551-9264-7314,source_col -> output,4599-5385-6711-0897,638693498,"$242,756",3784.301,"$3,448.25",11.6,Oceania,8147,CREATE TABLE t (id INT PRIMARY KEY),2.6,20.4109,01/24,42429-54-4,9373,05/28,8934.76,106.6,"$4,151,363",585706,Physical Exam,410072,4246 shares @ $215.43,Swiss Franc,logan.king@yahoo.com,NC,518918,0x0348257f92505a70bc220d3439750ce2167168b3,INV-730443,"$26,439",Q1 2025,British Pound,HG,09/24,3291,BRL,BILL-822836,986049165,BILL-356954,1021,Amy Clark,"$31,932",INS-521104,$2b$12$HySip8TlrbYue2Ozb0Lufssj1PakL3M9YfL6l8o3l4LOMzu1PssXZ,03/25,INV-672357,US Dollar,Yesterday,BILL-947075,update,kubectl apply,john.williams@yahoo.com,2024-09-07T02:01:59Z,6485144109004,539,tenant-035,217,359,oliver_garcia@yahoo.com,7216,Low,[INTERNAL] Q4 strategy review pending board approval,1092 shares @ $24.56,"$99,279.47",[CONFIDENTIAL] Formula #653,376061,628,"$7,723,455",514407026771,1228 shares @ $376.77,anna.miller@outlook.com,CNY,Euro,9723,CNY
718,373835,BILL-738592,PA,"$224,406",5026.76,"$7,918,796",EUR,HOLD-2021-899,tenant-030,BILL-698637,Big Ben,888,Parent,750502140,"$73,126.12",64677.8,"$30,547",5083-8115-6074-5685,776200831901,0.2811,0x4ffa9792381e10c0125f3aa48c906a288aaf232d,33029.00,"$19,627","$43,772",USD,3834.49,Technical Report 2020,"$4,399,951",86.7424,%B3975965016686377^THOMPSON/JOHN^2610,6987,6989.1,3818,Latin-1,lucas.jones@yahoo.com,HOLD-2021-648,22478065,2378 shares @ $124.73,61054-99-2,865905804017,8464,Latin-1,84.7,1856 shares @ $26.29,2021-06-18 11:43:23,%B7765897422971065^DAVIS/JAMES^2401,4904,4461-2530-8700-5861,field_a -> target_col,XXXX-XXXX-XXXX-0237,761404829,"$64,166",2477.284,"$19,512.27",67.8,South America,7656,"{""type"": ""object"", ""properties"": {}}",11.4,3.7315,05/28,28031-51-7,5836,11/25,113.88,139.8,"$6,764,705",567484,Physical Exam,373889,3617 shares @ $293.71,British Pound,richard.martinez@gmail.com,OH,437333,0x8367b9af0be846e76dc6f09b2bdeb9f13c11ceac,INV-614110,"$3,777",Q1 2025,Swiss Franc,ZP,07/28,3742,INR,BILL-910748,716762118,BILL-745252,5510,Liam Lewis,"$14,052",INS-565184,$2b$12$EdXtkxdfN37jYWPsgO8sNuyGhlTR9yPvY1YMgZvhItMmWZgrXBJh8,11/24,INV-259863,Japanese Yen,Stairway to Heaven,BILL-406150,insert,docker run,oliver.harris@gmail.com,2018-10-02T17:20:14Z,5818503605938,264,tenant-046,8175,5532,linda_rodriguez98@yahoo.com,1594,Low,[INTERNAL] Q2 strategy review pending board approval,4628 shares @ $368.4,26952.54,[CONFIDENTIAL] Formula #144,3741217,442,"$6,091,902",52560255,3674 shares @ $317.93,ethan.williams@gmail.com,BRL,British Pound,0254,CAD
850,373160,BILL-447358,TX,"$168,314",8030.71,"$7,926,017",CNY,HOLD-2021-331,tenant-028,BILL-997225,Big Ben,586,Spouse,128451555,75040.80,88187.8,"$10,419",3796-7391-7142-6396,7710968125,-0.1555,0xdc555003bae321d9b81b84b580e7d3c4cdd9a632,38996.58,"$42,429","$39,550",GBP,5201.2,Annual Summary 2024,"$7,508,602",80.2657,%B0624981051660247^CLARK/JESSICA^2906,1307,2421.07,0486,ISO-8859-1,david.martin@gmail.com,HOLD-2024-726,88774818,4774 shares @ $324.98,58617-50-3,8398979263,3004,UTF-8,25.4,617 shares @ $229.37,,%B2806083666512224^BROWN/PATRICIA^2704,7707,XXXX-XXXX-XXXX-3375,field_a -> target_col,5241-4188-8730-0404,602264270,"$116,667",5139.821,13555.90,40.5,South America,4178,"{""type"": ""object"", ""properties"": {}}",44.9,36.0296,03/27,41279-50-6,8206,11/24,1722.06,23.8,"$409,726",372599,Blood Draw,601135107,4412 shares @ $351.43,Japanese Yen,elizabeth.miller@outlook.com,IL,41251,0xc250635c508c2641ceb74e6bfa9f269106f01663,INV-579343,"$34,474",Q1 2025,Swiss Franc,EC,12/27,3537,AUD,BILL-955040,665446465,BILL-104399,632,Michael T. Rodriguez,"$30,352",INS-868398,$2b$12$KJsMbSxurOPVUZKBsb08yjtWUT6i9PaQD1i9vD7ckbAqHoHG4AHzM,01/26,INV-578908,Swiss Franc,Stairway to Heaven,BILL-343911,snapshot,kubectl apply,emma.robinson@outlook.com,2024-03-07T04:01:00Z,6640367167131,266,tenant-050,129,8716,mary.king@company.com,8556,Critical,[INTERNAL] Q4 strategy review pending board approval,1939 shares @ $118.84,"$34,161.98",[CONFIDENTIAL] Formula #376,52851,408,"$2,274,569",100635123366,4554 shares @ $231.61,mary.king@outlook.com,EUR,Japanese Yen,5488,USD
819,495234,BILL-142983,WA,"$196,891",2547.52,"$308,206",BRL,HOLD-2024-462,tenant-029,BILL-680401,Eiffel Tower,579,Manager,614112034,"$64,192.28",45917.8,"$20,178",6011-3431-4139-4550,9379389909,-0.8902,0x9fb6e578c53cb36640cc6c0e8b067f68fcaf720f,"$68,673.02","$6,713","$21,332",EUR,1413.12,Technical Analysis 2025,"$2,234,158",8.7564,%B1641725510180653^MOORE/SARAH^2804,4110,8630.87,7605,Latin-1,aiden.lee@gmail.com,HOLD-2023-854,549930280368,2930 shares @ $470.56,5915-74-9,59427865,049,UTF-8,72.7,2166 shares @ $369.89,,%B5164364274060588^MILLER/NOAH^2403,4462,XXXX-XXXX-XXXX-8222,source_col -> field_b,5521-9733-1632-3553,289446091,"$57,418",735.7077,"$78,077.23",31.0,Oceania,9867,message Msg { string id = 1; },99.8,22.1357,07/26,96787-66-0,8426,08/25,3724.97,86.4,"$3,311,032",374866,Physical Exam,601134401,3743 shares @ $169.4,Euro,robert.williams@outlook.com,OH,44237,0x4d8fe4cffa910a05d63cc00e825eb8cb3e3ae25f,INV-973746,"$17,923",Q4 2026,US Dollar,VKJY,12/27,46,CHF,BILL-531829,354739284,BILL-942577,593,Lucas Jackson,"$48,234",INS-902138,$2b$12$f7czqP226unFXIK71gvh7GNBexAO1rPNsm4ntLDIRNxMboskWsG1R,11/26,INV-107853,Japanese Yen,Yesterday,BILL-871360,insert,POST /api/orders,aiden.martin@gmail.com,2018-08-21T11:25:18Z,7961619574891,280,tenant-024,8054,0549,william.anderson51@yahoo.com,9083,Negligible,[INTERNAL] Q3 strategy review pending board approval,2445 shares @ $476.14,43351.33,[CONFIDENTIAL] Formula #717,50869,304,"$7,543,058",6754641794,3376 shares @ $27.81,oliver.martinez@yahoo.com,CAD,US Dollar,0574,USD
641,42319,BILL-831006,GA,"$160,496",8427.33,"$3,176,959",USD,HOLD-2023-482,tenant-009,BILL-127026,Central Park,197,Child,390758553,76840.44,5757.4,"$8,353",5360-0615-1824-0675,30942607,-0.8687,0x051dfa0196ca7fc5d1434038258f2ae9d101a074,2976.53,"$25,687","$34,136",CNY,1735.09,Quarterly Review 2021,"$252,213",80.2603,%B2785598135760843^TAYLOR/EMMA^2509,3408,900.24,8971,ISO-8859-1,ethan.williams@gmail.com,HOLD-2025-688,6834370860,2484 shares @ $254.07,67919-69-5,9682511694,8778,Latin-1,23.6,3215 shares @ $325.21,,%B2940967787657447^JONES/PATRICIA^2410,2675,4663-7526-6679-0133,field_a -> output,XXXX-XXXX-XXXX-8541,862635822,"$187,352",6392.4632,"$93,268.57",22.6,Europe,1858,CREATE TABLE t (id INT PRIMARY KEY),24.5,32.7323,10/30,88759-27-3,5938,07/28,4414.13,285.6,"$7,232,411",378220,ECG,3788545,948 shares @ $130.48,Euro,michael.garcia@yahoo.com,IL,601156279,0xba01ef374f7bf4141d9ce2bcc26769850ea23b3f,INV-998159,"$10,291",Q2 2025,Swiss Franc,IC,06/30,2737,INR,BILL-940983,332576021,BILL-720383,8746,Olivia Garcia,"$40,367",INS-370197,$2b$12$sTZpr97ojFscZr0Qi8D22udNl1yQ12d4IlQEFjx4TQYXNe2NE1QJs,03/29,INV-864397,Swiss Franc,Stairway to Heaven,BILL-172649,insert,GET /api/users,patricia.garcia@outlook.com,2020-10-26T16:14:02Z,4612466241158,856,tenant-033,4227,991,liam.thomas@yahoo.com,596,Critical,[INTERNAL] Q2 strategy review pending board approval,4381 shares @ $63.34,"$38,691.68",[CONFIDENTIAL] Formula #543,601109076,360,"$737,618",7546009948,2858 shares @ $222.31,amy.brown@yahoo.com,JPY,British Pound,0596,GBP
948,3745857,BILL-640671,FL,"$79,135",9803.1,"$473,583",AUD,HOLD-2021-398,tenant-035,BILL-306918,Central Park,200,Spouse,628522817,"$64,135.71",19894.4,"$10,420",6011-0303-1178-9917,9723000146,-0.4616,0x0a042e8fe312f0083e67729d8f798d879f84c86c,98974.20,"$10,980","$47,815",GBP,9096.66,Technical Analysis 2024,"$3,901,975",115.6947,%B7897467476037772^RODRIGUEZ/WILLIAM^2912,8840,8220.3,6623,Latin-1,aiden.wright@gmail.com,HOLD-2022-256,466600787462,1469 shares @ $302.13,45480-72-6,89759092,445,Latin-1,35.6,628 shares @ $357.93,,%B3301492420506871^WILLIAMS/SOPHIA^2701,1424,3795-0677-0600-0796,input -> output,XXXX-XXXX-XXXX-4404,522780208,"$65,072",1447.7266,"$16,639.62",80.3,Europe,6962,message Msg { string id = 1; },43.0,4.7886,04/26,83067-62-2,2698,01/24,2643.4,194.6,"$2,755,747",58799,Colonoscopy,601134888,948 shares @ $79.89,British Pound,mason.jones@yahoo.com,CO,601180307,0x63f2a3a324a998556ff51c123a2bf61f01cac8b7,INV-475702,"$3,519",Q3 2026,Swiss Franc,VFRI,01/26,2973,INR,BILL-851928,318691006,BILL-568876,7860,Liam Williams,"$24,032",INS-259707,$2b$12$mjczGVPSS1WikjkELIK0YlVcmY9ItOquLfeT8oKncSnq0T7qTwjxd,06/25,INV-253453,US Dollar,Yesterday,BILL-443577,insert,kubectl apply,lucas.martinez@outlook.com,2026-03-10T00:11:09Z,3837259144241,629,tenant-049,6459,060,sarah.rodriguez@company.com,5285,Critical,[INTERNAL] Q1 strategy review pending board approval,4787 shares @ $39.56,"$45,582.51",[CONFIDENTIAL] Formula #697,601165643,495,"$1,032,453",1789884017,565 shares @ $348.55,elizabeth.wright@yahoo.com,CNY,Euro,9418,EUR
469,60119557,BILL-824833,IL,"$87,696",2200.54,"$1,975,797",CAD,HOLD-2021-269,tenant-029,BILL-798436,Golden Gate Bridge,905,Child,287467694,76232.76,94277.0,"$25,583",XXXX-XXXX-XXXX-7283,62651456,-0.1528,0x9b39da889be436e0549e191642a58961b5247edb,72949.13,"$41,765","$22,201",CAD,8636.56,Quarterly Summary 2023,"$633,510",6.8228,%B8812651344104937^YOUNG/OLIVIA^2408,6966,8414.28,4202,ISO-8859-1,mary.thompson@outlook.com,HOLD-2024-587,83576155,2363 shares @ $51.37,7161-27-2,717878217726,2858,ASCII,53.6,1781 shares @ $153.25,,%B2023750623559423^WILLIAMS/ROBERT^2906,0158,3767-4670-9412-9203,input -> target_col,6011-6318-3185-4882,166240980,"$58,279",7981.4662,99315.41,23.7,Oceania,1441,CREATE TABLE t (id INT PRIMARY KEY),78.8,46.7566,12/26,50066-94-7,1018,12/28,3859.21,112.9,"$9,755,538",374002,ECG,377007,4738 shares @ $181.66,US Dollar,lucas.harris@gmail.com,WA,3776836,0xf371a2bfb5ec111907227e9eb77d44fa0d78ac03,INV-515586,"$30,837",Q1 2024,British Pound,VOMZ,12/25,665,CHF,BILL-232006,761924565,BILL-111340,5176,Noah Miller,"$8,710",INS-484083,$2b$12$QeX5hVeMk1zqd53CUZe4P0t1AcROfi86IT7EvER3X6cn1yXiag5i3,11/28,INV-284184,British Pound,Yesterday,BILL-645669,delete,kubectl apply,susan.miller@gmail.com,2026-12-28 01:28:19,7572759373762,264,tenant-050,592,985,ethanrodriguez@yahoo.com,834,Negligible,[INTERNAL] Q4 strategy review pending board approval,1080 shares @ $314.24,69230.25,[CONFIDENTIAL] Formula #377,562618,364,"$8,540,441",276892474698,4779 shares @ $434.35,ethan.thomas@gmail.com,USD,British Pound,3780,EUR
236,373765,BILL-670675,NY,"$91,955",3021.81,"$8,174,561",INR,HOLD-2020-262,tenant-013,BILL-617160,Eiffel Tower,633,Child,830266575,28102.78,73013.3,"$41,767",4750-8796-6858-9495,42289262,0.4036,0x1cfc58b90840b5e9fea4f45b0bf74b8c354af5e3,"$6,825.14","$48,860","$4,806",EUR,1527.81,Executive Summary 2024,"$6,882,796",141.8903,%B4920658977003215^KING/JESSICA^2807,8449,9384.46,2211,UTF-8,logan.harris@gmail.com,HOLD-2024-516,00936826,2060 shares @ $211.5,12491-12-3,0112465695,0492,UTF-8,82.3,2051 shares @ $15.95,,%B9703662520681490^MILLER/JOHN^2601,2732,6011-5999-6319-4152,input -> target_col,6011-9293-6249-9572,184117136,"$165,254",4282.4941,89544.80,87.8,Oceania,3898,CREATE TABLE t (id INT PRIMARY KEY),16.0,40.3675,01/28,34654-14-3,4321,04/26,2205.98,291.3,"$8,044,925",40021,ECG,53666,1143 shares @ $120.04,Swiss Franc,aiden.thompson@gmail.com,CO,51467,0x003c9d51fbda01073fe1e61d686a08f254155e53,INV-700642,"$45,272",Q1 2025,Japanese Yen,TY,05/26,42,CHF,BILL-482342,257822201,BILL-280800,9536,Richard Taylor,"$27,957",INS-564986,$2b$12$oHrIbcAcn1njay7JWItXMrhR631Ye10rqFh90HzYjpomLdFlMtjvd,06/30,INV-644787,Swiss Franc,Stairway to Heaven,BILL-756727,delete,kubectl apply,mason.young@outlook.com,2026-10-01T22:13:48Z,4037027701650,753,tenant-009,3180,9331,olivia.anderson@outlook.com,2427,Negligible,[INTERNAL] Q4 strategy review pending board approval,1185 shares @ $26.51,74373.81,[CONFIDENTIAL] Formula #914,47614,813,"$4,428,120",17520522,2562 shares @ $352.56,linda.taylor@yahoo.com,USD,Euro,7919,BRL
316,60118628,BILL-190512,CA,"$90,262",1416.9,"$9,532,144",USD,HOLD-2023-117,tenant-010,BILL-744120,Eiffel Tower,108,Peer,970530908,656.22,59728.1,"$42,042",3733-9631-2566-4010,474240303325,0.3378,0xeea6a7562155dded6cfc81b5a75189f4a163af85,85017.26,"$30,296","$49,574",JPY,7026.24,Technical Review 2022,"$8,455,693",109.4526,%B6686149740699623^ANDERSON/OLIVIA^2406,2331,9282.1,1941,ISO-8859-1,james.thomas@gmail.com,HOLD-2025-938,429713605827,1238 shares @ $107.58,13259-98-0,756316980332,105,UTF-8,69.1,4940 shares @ $256.41,,%B5470750918580840^JOHNSON/ROBERT^2405,9166,XXXX-XXXX-XXXX-8031,input -> output,XXXX-XXXX-XXXX-7448,625939599,"$54,440",4428.0656,"$30,451.45",83.6,Antarctica,5896,"{""type"": ""object"", ""properties"": {}}",16.7,18.3058,07/28,32826-47-1,1594,11/25,4188.69,174.7,"$3,911,387",60113481,X-Ray Chest,43562,770 shares @ $226.61,British Pound,sophia.lewis@outlook.com,OH,601148019,0xdc533a9057e3ef0f620e134794f36b21ecbc387f,INV-599118,"$3,403",Q1 2022,Swiss Franc,TOYL,06/24,4319,INR,BILL-305653,195437860,BILL-543667,174,Logan Robinson,"$20,832",INS-197730,$2b$12$bHxeO8JJpbvHhCx4J9GDbbgHAi0PTuvbteDc6XTDKdJYeEo5Hlas4,03/28,INV-229010,British Pound,Hotel California,BILL-389827,insert,POST /api/orders,david.davis@yahoo.com,2019-06-14 01:23:40,1257469526234,184,tenant-012,5397,732,maryrobinson@example.com,7154,High,[INTERNAL] Q2 strategy review pending board approval,4372 shares @ $71.69,"$20,499.09",[CONFIDENTIAL] Formula #629,49091,584,"$4,022,011",6125004698,2675 shares @ $394.28,emily.taylor@outlook.com,EUR,Swiss Franc,8451,BRL
962,3748230,BILL-291422,IL,"$192,053",1929.44,"$8,647,811",INR,HOLD-2022-387,tenant-032,BILL-973219,Statue of Liberty,847,Parent,172112421,20312.15,60935.2,"$20,877",5592-6362-9542-2954,92706359,0.1966,0x07e3c81c370b4c23f9e47abd903a820b9ba27e6f,48010.02,"$7,767","$38,082",CHF,7511.36,Technical Review 2026,"$7,751,552",147.1755,%B3540439088928285^LEE/ETHAN^2503,2274,7234.09,6267,UTF-16,sarah.lewis@outlook.com,HOLD-2024-310,90451959,2093 shares @ $406.71,16801-13-0,793009679811,4836,UTF-8,5.1,820 shares @ $368.77,,%B4649912827428548^GARCIA/ELIZABETH^2703,1215,6011-4178-8574-5707,field_a -> output,XXXX-XXXX-XXXX-3054,886518312,"$62,058",6419.2269,"$28,162.76",97.8,Europe,6322,message Msg { string id = 1; },14.5,21.1595,09/27,64476-23-9,6136,12/27,4804.27,151.6,"$4,515,290",601110221,Blood Draw,544215,2757 shares @ $207.86,Japanese Yen,oliver.brown@outlook.com,TX,60117127,0xe0c2f5388c347f88248f9e684231789b9b26802a,INV-364750,"$47,368",Q4 2026,Swiss Franc,OIIQ,04/25,2004,GBP,BILL-220332,767568832,BILL-614393,2398,Michael Wright,"$34,223",INS-935013,$2b$12$dRw6GDkmk2pg13QijNhEhv3F72yUQmV2cRYdOFD2dCUkdGD2otu7o,08/28,INV-959687,British Pound,Imagine,BILL-508258,delete,npm install,logan.clark@gmail.com,2024-11-10T09:54:01Z,6670545151284,99,tenant-023,279,091,harperrobinson@company.com,280,High,[INTERNAL] Q2 strategy review pending board approval,4077 shares @ $360.43,73565.67,[CONFIDENTIAL] Formula #718,51870,312,"$5,722,219",940500773229,4783 shares @ $462.64,john.taylor@gmail.com,CNY,Japanese Yen,7128,JPY
860,50353,BILL-300200,NC,"$245,327",3499.13,"$3,295,427",CHF,HOLD-2021-445,tenant-048,BILL-712089,Golden Gate Bridge,228,Sibling,915580866,"$66,951.27",47791.0,"$14,994",4835-1354-5811-1750,8285093792,0.7275,0xb735b2e8d9cfaab7cc9cbd24fa37b284a2aac9d1,13457.47,"$6,656","$1,841",BRL,7907.48,Quarterly Review 2026,"$466,394",76.019,%B1592621864596659^GARCIA/SOPHIA^2903,9173,4827.0,1895,Latin-1,aiden.martin@outlook.com,HOLD-2021-491,555551381819,2090 shares @ $487.3,97719-82-8,3132969354,0551,ASCII,69.8,4181 shares @ $434.2,2020-11-10T21:48:47Z,%B7749707278198619^LEWIS/OLIVER^2405,5855,6011-7368-7075-7072,source_col -> field_b,XXXX-XXXX-XXXX-3947,794894366,"$149,359",6311.4061,93698.42,95.7,Oceania,2544,"{""type"": ""object"", ""properties"": {}}",75.0,9.5749,12/28,29999-53-0,2463,10/26,6854.94,286.4,"$2,011,354",379778,Physical Exam,589049,1697 shares @ $94.34,Swiss Franc,amy.martin@yahoo.com,WA,3701725,0xa15d3d0244ea22bf89b7467c64e420777fb01a9e,INV-918422,"$7,408",Q4 2020,US Dollar,ZHP,07/29,1248,EUR,BILL-339704,068466372,BILL-202080,038,Elizabeth O. Smith,"$46,326",INS-326689,$2b$12$CFXX8pWhM2ihrK06YV8zP8WHpB0Das7ts90QoXeaCEHCenV0ikoL2,07/26,INV-128010,US Dollar,Hotel California,BILL-480163,delete,docker run,david.wright@outlook.com,2021-11-12T03:32:04Z,4554137223730,619,tenant-037,444,289,williamwalker@example.com,8880,Critical,[INTERNAL] Q3 strategy review pending board approval,3655 shares @ $256.63,82298.58,[CONFIDENTIAL] Formula #822,374796,566,"$6,584,568",77017727,983 shares @ $208.29,robert.young@yahoo.com,CNY,Swiss Franc,3101,EUR
244,60117957,BILL-978639,NC,"$231,606",7789.32,"$4,673,762",EUR,HOLD-2024-505,tenant-030,BILL-821774,Golden Gate Bridge,946,Sibling,508667239,"$36,434.35",30603.5,"$11,943",5891-8619-9422-0548,98607573,0.8699,0x721967f33927514d96a5884c7e4f23e8c413e728,24686.12,"$34,427","$27,827",BRL,7536.29,Technical Analysis 2023,"$2,195,205",70.8936,%B9278661390392120^WILLIAMS/LOGAN^3011,2281,7984.28,7545,UTF-8,emily.garcia@outlook.com,HOLD-2021-357,72428630,1070 shares @ $455.78,84743-32-8,48090865,7663,UTF-8,56.2,3215 shares @ $275.53,,%B9096272609915779^MARTINEZ/LOGAN^2504,1922,6011-3129-1637-1329,field_a -> output,4685-2444-0731-2409,006277737,"$40,109",1497.3775,"$23,624.43",7.4,Asia,2313,"{""type"": ""object"", ""properties"": {}}",80.1,35.0854,01/25,50339-76-8,0129,04/27,7576.88,80.2,"$7,935,048",565669,Physical Exam,52043,4418 shares @ $49.13,Japanese Yen,michael.wright@yahoo.com,PA,433223,0xccbb9cb895eda815138ec4b897ba38649c3884f3,INV-957585,"$45,010",Q4 2026,British Pound,FDC,11/28,3363,GBP,BILL-849515,583658358,BILL-238947,376,Emma Young,"$43,923",INS-398219,$2b$12$vLSojNvAoWnsNiMydfVq3n0xjdLAzh5rZuSzciKimfIUypFiWC2c3,08/24,INV-890252,British Pound,Yesterday,BILL-275268,insert,docker run,liam.thomas@gmail.com,2018-02-19 12:50:51,2785395556083,874,tenant-023,4506,5491,lucas_king@gmail.com,870,High,[INTERNAL] Q2 strategy review pending board approval,331 shares @ $34.76,"$40,772.64",[CONFIDENTIAL] Formula #477,60115923,643,"$5,244,002",4872882334,1141 shares @ $187.27,logan.moore@yahoo.com,JPY,US Dollar,4805,GBP
212,3726055,BILL-504176,CO,"$187,802",610.07,"$1,165,588",CAD,HOLD-2021-270,tenant-035,BILL-317564,Statue of Liberty,678,Child,055692249,"$93,400.48",31993.3,"$33,151",XXXX-XXXX-XXXX-0448,279206266548,-0.6792,0x43eb0c4c7109909e129dd532248a3a38206d1079,"$61,563.25","$5,332","$25,098",USD,2071.03,Executive Report 2020,"$9,190,485",93.2881,%B4278930217132666^ANDERSON/OLIVIA^2610,9455,2845.89,2227,UTF-16,amy.martin@gmail.com,HOLD-2023-722,80857738,583 shares @ $169.27,70256-65-8,2835964975,477,UTF-8,87.5,4679 shares @ $329.57,,%B0826449644341194^ANDERSON/DAVID^2811,4949,6011-8804-9481-3213,field_a -> field_b,6011-4508-6066-5868,403526699,"$207,738",3413.7642,"$64,103.29",28.6,Antarctica,9169,CREATE TABLE t (id INT PRIMARY KEY),94.2,36.5227,11/28,89745-72-4,1813,03/24,7217.73,48.7,"$7,713,432",3716836,Blood Draw,55556,2799 shares @ $241.55,US Dollar,robert.moore@gmail.com,OH,373439,0x74d971dfbc062babec5b231a0848c7b2dd556bf0,INV-285134,"$46,755",Q3 2021,Euro,QY,01/27,37,GBP,BILL-272529,603428067,BILL-415866,918,Susan King,"$28,804",INS-559159,$2b$12$HiGEVUarLOw6XunVJ4UEv9MsjvO3drJXnvuCOCI0APi5ySXzUYB25,12/24,INV-908997,British Pound,Yesterday,BILL-923555,snapshot,docker run,anna.taylor@outlook.com,2022-07-24 04:15:19,0170645399549,140,tenant-014,7691,6688,richardgarcia@company.com,166,Medium,[INTERNAL] Q3 strategy review pending board approval,4510 shares @ $443.7,"$56,457.46",[CONFIDENTIAL] Formula #182,554935,444,"$1,886,485",30599835,4441 shares @ $286.12,elizabeth.thomas@gmail.com,GBP,Swiss Franc,5087,CNY
160,60112915,BILL-498084,GA,"$99,252",1510.34,"$241,631",CNY,HOLD-2020-535,tenant-011,BILL-498801,Central Park,807,Child,733694804,56522.65,8100.4,"$20,892",3709-4626-3190-5748,780801863967,-0.6461,0x0155ade6da049759674ff539b303124efa18e2d0,9899.56,"$2,999","$48,744",CAD,3484.3,Annual Review 2021,"$5,487,139",78.9574,%B2937554959491623^MOORE/LUCAS^3007,4126,6377.61,2052,ISO-8859-1,mason.taylor@gmail.com,HOLD-2026-236,392076997505,687 shares @ $103.9,91952-15-5,8374767721,3632,Latin-1,1.3,839 shares @ $165.78,,%B3575855725745121^RODRIGUEZ/LINDA^2510,0265,XXXX-XXXX-XXXX-7996,input -> target_col,XXXX-XXXX-XXXX-2107,086387006,"$66,607",384.1123,39035.40,74.1,Europe,7809,"{""type"": ""object"", ""properties"": {}}",88.5,38.2154,09/25,8286-38-7,0110,11/26,2793.21,124.4,"$7,309,253",41590,MRI Brain,50296,1139 shares @ $210.92,US Dollar,oliver.williams@yahoo.com,WA,56930,0x984e5a5249d23bc9c65d6533a6537c304909ee1f,INV-217888,"$28,619",Q4 2026,Euro,GQC,08/27,975,GBP,BILL-557604,150874014,BILL-596690,748,Logan E. Wright,"$29,499",INS-921408,$2b$12$Vdjs1bZgb2sG7urnQaLL8DLRKhyJ5tpGeDqndBYKgAjkScQNVoTY3,08/26,INV-222160,Euro,Hotel California,BILL-355154,delete,docker run,patricia.white@gmail.com,2026-01-18 03:24:30,8372335921292,312,tenant-002,340,1216,mason.miller@yahoo.com,1771,Critical,[INTERNAL] Q1 strategy review pending board approval,1743 shares @ $296.96,574.22,[CONFIDENTIAL] Formula #916,49666,451,"$9,785,217",294223063201,3571 shares @ $240.66,anna.garcia@yahoo.com,INR,Swiss Franc,6747,USD
692,3759393,BILL-835181,MA,"$43,982",5981.18,"$9,733,690",BRL,HOLD-2026-862,tenant-003,BILL-656993,Statue of Liberty,53,Peer,169647863,"$20,134.48",71249.3,"$24,821",XXXX-XXXX-XXXX-9191,327409583024,-0.993,0x6aa8a7ca51ba4efa07f557a6b9f02a6de02ebb93,70292.38,"$11,510","$5,594",CHF,5045.21,Quarterly Analysis 2020,"$3,824,323",139.7068,%B8378626814778113^LEWIS/ANNA^2504,4887,2389.0,1937,UTF-16,sophia.young@yahoo.com,HOLD-2025-112,22722087,1273 shares @ $46.83,68377-62-7,43990884,371,ISO-8859-1,11.4,3632 shares @ $193.33,,%B0655373211773178^LEWIS/JAMES^2803,2611,XXXX-XXXX-XXXX-2727,source_col -> field_b,XXXX-XXXX-XXXX-4185,044803895,"$139,613",6665.0248,91050.25,82.0,North America,7503,message Msg { string id = 1; },31.6,26.3455,11/29,30014-19-4,6793,11/30,8809.88,230.6,"$5,088,505",60111768,Blood Draw,3706230,103 shares @ $294.99,Euro,noah.williams@outlook.com,CA,558362,0x1217cb955663c9ba88efa20ad3424aa7c431a9f2,INV-135891,"$36,780",Q4 2024,Swiss Franc,NJXF,04/24,1375,JPY,BILL-195830,984677458,BILL-196936,605,Patricia K. Anderson,"$18,569",INS-623390,$2b$12$z6UyjtMhB0fns6eP09NJ3km9dl3P4RigAUHyy424u3vYJdqACLMZM,10/24,INV-935263,US Dollar,Imagine,BILL-751004,snapshot,docker run,sarah.johnson@yahoo.com,2020-01-05T04:39:56Z,3329216987231,681,tenant-022,715,819,lindaclark72@acme.org,844,Medium,[INTERNAL] Q4 strategy review pending board approval,1901 shares @ $434.99,92520.06,[CONFIDENTIAL] Formula #161,376818,433,"$4,654,879",4489046598,359 shares @ $85.71,patricia.moore@outlook.com,EUR,Japanese Yen,5389,GBP
569,598385,BILL-152932,MA,"$187,493",2710.2,"$9,698",CHF,HOLD-2024-510,tenant-043,BILL-279364,Statue of Liberty,191,Parent,472849942,"$62,969.54",28723.8,"$27,534",4520-9695-5534-6123,3283511931,-0.6399,0x3c3fe3ea14d15fc82c83c83de828d9cb68a0f289,48447.71,"$37,328","$34,631",BRL,8695.0,Annual Analysis 2025,"$8,164,197",52.0637,%B9368036881524263^LEWIS/MARY^2505,3835,3520.92,6679,UTF-8,emma.wright@outlook.com,HOLD-2021-376,75743106,4812 shares @ $408.99,34568-54-3,444276999927,8737,UTF-8,71.5,1854 shares @ $45.33,,%B5898278735628046^TAYLOR/ETHAN^2505,4757,5866-5516-0650-9721,source_col -> target_col,XXXX-XXXX-XXXX-3065,696005589,"$84,302",7212.7546,29074.39,98.5,Antarctica,5377,CREATE TABLE t (id INT PRIMARY KEY),74.3,23.2095,06/30,58986-22-9,9418,08/27,9457.19,18.6,"$6,441,715",601124886,ECG,3767574,4886 shares @ $477.63,US Dollar,liam.williams@yahoo.com,NC,41208,0xfff16540cac9cd0bbf05a0b7a9339ab536133c1e,INV-160556,"$21,535",Q2 2022,US Dollar,RS,02/24,4320,CNY,BILL-553155,371099586,BILL-528029,973,Mary Martin,"$22,847",INS-538775,$2b$12$Ksq1XLiGH4LOE7sbBDGik8tKu2f5YDzyK9TWPbIcZbvggGLm13dqg,09/27,INV-859446,Japanese Yen,Bohemian Rhapsody,BILL-583228,upsert,GET /api/users,anna.wright@yahoo.com,2019-04-27T12:14:14Z,2318299007811,362,tenant-016,651,6374,oliver_martinez@company.com,208,Critical,[INTERNAL] Q2 strategy review pending board approval,2665 shares @ $375.22,"$30,562.06",[CONFIDENTIAL] Formula #824,601159098,343,"$760,835",3479048496,233 shares @ $181.14,anna.rodriguez@gmail.com,CNY,Swiss Franc,3172,CHF
569,473806,BILL-478167,CO,"$37,948",7473.42,"$1,314,866",CNY,HOLD-2022-638,tenant-034,BILL-759622,Eiffel Tower,813,Parent,766635535,"$34,213.99",66730.8,"$21,942",XXXX-XXXX-XXXX-8826,606545309303,-0.1636,0x576cfd4595ed1826f77cf46d1a7fb68f1b7e366b,10407.99,"$45,244","$4,129",BRL,8516.56,Technical Review 2021,"$3,723,038",124.1259,%B1818546767290004^JONES/JOHN^2501,3752,8322.58,5658,Latin-1,michael.taylor@gmail.com,HOLD-2020-493,29631399,4030 shares @ $370.95,41409-54-6,8621913558,4796,UTF-8,74.7,1927 shares @ $124.39,2019-01-24T00:57:40Z,%B9132722830317244^ROBINSON/ETHAN^2811,4396,XXXX-XXXX-XXXX-7465,field_a -> output,6011-4535-0055-2599,570823540,"$128,525",3886.2552,65941.66,62.7,Asia,3915,message Msg { string id = 1; },2.1,1.1084,02/27,98112-70-1,7834,11/25,6939.4,264.4,"$3,545,945",60119166,X-Ray Chest,56830,2947 shares @ $342.21,Euro,mason.brown@gmail.com,GA,49489,0x5a02def5f337d3e29daa2fdc786568e01c60fb70,INV-802648,"$16,343",Q1 2025,Euro,GGB,01/28,322,BRL,BILL-109466,736909939,BILL-566732,276,Amy White,"$39,529",INS-436817,$2b$12$sfZK627RWh9gH2eIR2SU38yRFjUOJpLAMQepxQN8iXcORISTtTcfO,12/25,INV-874585,Swiss Franc,Yesterday,BILL-236513,snapshot,GET /api/users,aiden.clark@gmail.com,2021-08-12T14:16:49Z,5664214286256,727,tenant-013,8513,666,mary_jones@example.com,3172,Medium,[INTERNAL] Q3 strategy review pending board approval,3803 shares @ $199.96,59676.34,[CONFIDENTIAL] Formula #575,60118947,432,"$6,756,146",12102522,2419 shares @ $385.64,olivia.lee@gmail.com,GBP,British Pound,7623,INR
834,3757545,BILL-837069,NC,"$242,303",8251.46,"$2,741,981",GBP,HOLD-2026-136,tenant-043,BILL-707621,Eiffel Tower,25,Spouse,080960805,52013.73,10676.3,"$20,095",6011-0300-8356-0306,5574766095,-0.7189,0x57232c6c79f25f379d42482e18ca746347e53683,42966.59,"$4,613","$31,084",CHF,898.75,Executive Report 2026,"$332,774",64.3147,%B6286797899024227^RODRIGUEZ/LOGAN^2508,7683,2144.04,3795,ASCII,sophia.wright@outlook.com,HOLD-2020-710,77720021,1349 shares @ $139.02,83568-56-6,763076456745,638,ISO-8859-1,14.4,4284 shares @ $376.29,,%B3793205872050002^LEWIS/LIAM^3002,7554,3732-9766-5621-4836,input -> field_b,XXXX-XXXX-XXXX-1449,240264845,"$170,866",1687.3949,"$34,160.00",94.6,Europe,2662,CREATE TABLE t (id INT PRIMARY KEY),72.3,19.3673,07/25,85532-35-5,4019,07/26,8736.09,225.3,"$6,927,429",3744579,MRI Brain,538280,3377 shares @ $134.62,Euro,john.brown@outlook.com,TX,375568,0xa284a6e1c0276ecc5c5d9c3297de3bfecfea389a,INV-155848,"$38,395",Q3 2022,British Pound,OTX,06/26,4235,USD,BILL-925515,433304222,BILL-324762,470,Anna S. Rodriguez,"$45,797",INS-744428,$2b$12$uMp8IfCPoTcBrExgP2BR3sLSwg49WOxaXfEL5ilmTEErxa80jbBHs,07/29,INV-976688,US Dollar,Bohemian Rhapsody,BILL-985496,insert,POST /api/orders,amy.white@gmail.com,2021-02-22T13:14:12Z,5524879659466,719,tenant-033,9884,249,susan_white99@company.com,059,Medium,[INTERNAL] Q3 strategy review pending board approval,4343 shares @ $457.85,44280.48,[CONFIDENTIAL] Formula #678,41304,467,"$385,980",348454071938,1124 shares @ $487.49,lucas.davis@gmail.com,CNY,British Pound,4600,USD
790,56257,BILL-436253,IL,"$198,463",8403.61,"$3,383,514",EUR,HOLD-2025-847,tenant-016,BILL-970497,Central Park,70,Sibling,565230990,"$3,640.00",71144.7,"$36,870",3719-9191-5498-3162,82880661,-0.7314,0xa9b9b27c7a75a87e638981a093250952c8cbd584,4849.41,"$16,217","$46,660",CAD,5495.16,Executive Summary 2021,"$3,138,691",23.6087,%B8651676498816712^YOUNG/DAVID^2707,5594,9281.93,6424,UTF-8,michael.lewis@outlook.com,HOLD-2021-807,3617598491,56 shares @ $119.2,20215-49-0,416970785037,068,ISO-8859-1,84.4,2218 shares @ $245.18,2022-07-15T13:29:56Z,%B3671868658972950^BROWN/JESSICA^2708,1619,3749-4094-0661-9566,input -> output,3727-8264-6152-6054,463712182,"$126,766",1088.3573,39116.37,35.0,Oceania,6097,"{""type"": ""object"", ""properties"": {}}",9.1,38.5557,09/24,62864-13-4,2641,01/25,7601.55,227.4,"$5,113,677",377227,X-Ray Chest,45904,1580 shares @ $426.57,US Dollar,john.williams@yahoo.com,GA,3750102,0xb5b95f25777429b1bb57d807599c98d96242e478,INV-649475,"$29,345",Q2 2023,Euro,KE,01/28,3164,EUR,BILL-325404,549456277,BILL-380542,8069,Noah Anderson,"$40,120",INS-251604,$2b$12$t46K0nUkL5NSTG77iMSznbbICMBdClKHDn77x7YDpRW0osDBeVlPJ,02/25,INV-574060,Japanese Yen,Yesterday,BILL-510709,upsert,kubectl apply,mary.thompson@yahoo.com,2024-08-01T18:26:22Z,5313853492888,293,tenant-019,2636,969,robert_johnson@gmail.com,7477,Critical,[INTERNAL] Q4 strategy review pending board approval,3448 shares @ $17.07,"$78,093.37",[CONFIDENTIAL] Formula #544,481831,611,"$8,141,325",41042770,740 shares @ $280.68,liam.thompson@gmail.com,GBP,British Pound,9981,INR
259,601197192,BILL-839232,NY,"$213,496",2284.54,"$7,273,269",GBP,HOLD-2026-154,tenant-042,BILL-481262,Eiffel Tower,675,Peer,123177641,21980.23,38063.1,"$34,387",6011-2739-6409-8111,564805548247,-0.7764,0xdc7bb06675166e7af2813f1bb5658bbcebea1814,"$14,600.38","$32,310","$12,891",CAD,24.53,Annual Review 2024,"$6,157,716",149.0441,%B7283563359220518^MILLER/NOAH^2808,4836,3906.99,8841,UTF-8,amy.lee@outlook.com,HOLD-2020-140,628984592977,4441 shares @ $339.54,77265-86-9,4177055352,707,Latin-1,86.2,3306 shares @ $237.43,,%B2620820223773568^MARTINEZ/OLIVIA^3012,9418,5856-8254-4378-7326,source_col -> field_b,6011-7721-9657-2442,942392533,"$64,740",3717.5549,"$59,456.39",72.6,South America,8467,"{""type"": ""object"", ""properties"": {}}",21.0,23.2142,02/26,69499-98-1,4121,09/28,2688.46,271.8,"$610,031",601140765,ECG,42285,3509 shares @ $446.89,US Dollar,anna.miller@outlook.com,PA,601192683,0xef9b82cd0b1666ab553b7b05ed4f5cedcf291fb0,INV-951181,"$24,447",Q2 2026,Euro,NHHO,09/24,4308,EUR,BILL-450084,447007953,BILL-869897,2945,Mary Moore,"$33,155",INS-884649,$2b$12$UxyVq9xDfLK7iawPmMLC4ChjhHWK3PgebdKU4bXT1q6ECrWKbPjOJ,07/27,INV-335029,British Pound,Imagine,BILL-553016,update,npm install,david.king@gmail.com,2025-05-08 17:18:46,0369803121423,23,tenant-010,8921,9266,emma_johnson@gmail.com,841,Negligible,[INTERNAL] Q1 strategy review pending board approval,2964 shares @ $49.99,"$33,890.18",[CONFIDENTIAL] Formula #760,44781,823,"$2,994,689",41013681,3424 shares @ $388.97,michael.brown@outlook.com,CNY,Japanese Yen,4575,CAD
180,60115109,BILL-548134,NC,"$197,823",4277.89,"$5,894,346",GBP,HOLD-2022-440,tenant-014,BILL-803668,Central Park,753,Sibling,292398806,"$69,390.33",22006.9,"$31,994",XXXX-XXXX-XXXX-0366,366394912497,-0.5701,0xba57968e0ea454bb3f023bc628e9eed1e196912b,"$50,709.55","$32,861","$38,068",BRL,7404.49,Quarterly Analysis 2023,"$1,177,040",123.4985,%B5020598893844480^WILLIAMS/MASON^2602,3447,719.53,1363,ASCII,ethan.wright@gmail.com,HOLD-2025-663,875739980515,1723 shares @ $20.8,47792-47-0,83255946,007,ISO-8859-1,92.1,1877 shares @ $101.89,,%B6785407476688571^JACKSON/MASON^2711,1196,XXXX-XXXX-XXXX-4017,source_col -> field_b,6011-6508-5593-2551,220144010,"$147,301",6086.888,71167.87,47.3,Asia,4413,message Msg { string id = 1; },76.8,10.6036,04/28,97643-52-0,1515,12/24,5332.54,89.7,"$1,057,179",47738,X-Ray Chest,3716240,564 shares @ $17.26,Euro,james.martin@outlook.com,WA,378880,0xf1660e978edcec1fd1f35100eca48019b66e44e7,INV-955857,"$22,348",Q3 2020,US Dollar,FZX,02/27,1557,CNY,BILL-685703,818535979,BILL-491556,154,Olivia Wright,"$11,043",INS-436036,$2b$12$jEI6lDXijM6OTsvTwiWDrBR2ISJkJLJoucwefaDcIFq3mpp2gMhxW,08/29,INV-376314,Euro,Imagine,BILL-896057,insert,POST /api/orders,david.robinson@gmail.com,2018-07-21 19:22:30,5122754186225,189,tenant-002,5121,3998,sophia.martin@acme.org,998,High,[INTERNAL] Q4 strategy review pending board approval,775 shares @ $310.59,"$13,453.73",[CONFIDENTIAL] Formula #985,559192,341,"$9,184,815",746503780318,2150 shares @ $207.75,emma.white@gmail.com,BRL,Euro,2448,USD
34,60115305,BILL-180366,MA,"$34,949",5226.93,"$7,111,604",CHF,HOLD-2021-297,tenant-023,BILL-710185,Golden Gate Bridge,888,Peer,259061289,"$12,269.14",41734.5,"$38,438",5617-6809-7866-2682,825977822489,0.2541,0x307dcba554b7bbd3696a805ac7dbd9469e9d46a2,41250.53,"$30,408","$35,712",USD,6852.7,Executive Analysis 2020,"$369,304",16.4377,%B9017786086499187^SMITH/SARAH^2608,1537,4870.57,9109,UTF-16,robert.clark@yahoo.com,HOLD-2024-557,49439697,4547 shares @ $248.79,27814-38-4,40470352,4046,ISO-8859-1,36.7,4867 shares @ $435.46,,%B4179669331151315^JOHNSON/RICHARD^2803,8574,4904-4110-4788-4622,input -> output,4278-7420-7839-7184,622481345,"$99,842",1564.5545,"$43,253.17",56.8,Antarctica,6123,CREATE TABLE t (id INT PRIMARY KEY),64.9,49.5665,07/26,82363-90-4,7764,05/27,4242.08,45.1,"$6,044,230",445008,Blood Draw,3777790,3470 shares @ $278.14,Swiss Franc,william.rodriguez@yahoo.com,NY,434660,0x7edd34b793235c43c8302983d458622c786d4fe3,INV-138066,"$44,687",Q4 2025,US Dollar,II,09/24,1492,CHF,BILL-300051,036792112,BILL-763649,5169,Susan Rodriguez,"$43,311",INS-572399,$2b$12$6pFvlf4FsNqZhTPbDJxuJ1gx1bvflhXa0prEla4aKGRQLWvwY166Z,02/27,INV-978122,Euro,Hotel California,BILL-137836,update,GET /api/users,james.garcia@gmail.com,2021-03-09T00:14:13Z,9822356429928,734,tenant-046,9677,462,jessica.moore@outlook.com,882,Medium,[INTERNAL] Q1 strategy review pending board approval,421 shares @ $480.69,"$39,243.38",[CONFIDENTIAL] Formula #684,370271,706,"$779,687",26439409,4222 shares @ $233.38,elizabeth.davis@outlook.com,CAD,US Dollar,7628,BRL
696,3766574,BILL-338471,TX,"$145,185",9297.7,"$6,641,546",BRL,HOLD-2026-309,tenant-002,BILL-454009,Central Park,721,Child,839215674,"$44,294.87",83253.2,"$42,332",5099-8644-9534-2076,9314789732,-0.228,0x48745397aa657e38f87733b256cb95f596dbab43,"$85,900.72","$13,461","$15,313",EUR,5067.19,Quarterly Analysis 2023,"$7,320,543",80.0214,%B5593792314592184^YOUNG/LINDA^3005,6172,4554.66,9096,UTF-16,michael.walker@outlook.com,HOLD-2023-768,7290592979,909 shares @ $346.89,60974-55-0,913002150720,1696,ASCII,45.1,3533 shares @ $102.96,,%B4583441182162603^RODRIGUEZ/EMMA^2403,8755,4420-1095-2123-0455,field_a -> target_col,4580-8484-6501-4950,450000693,"$128,147",5381.3431,84895.46,58.1,South America,7239,CREATE TABLE t (id INT PRIMARY KEY),37.6,38.3115,03/27,51271-39-3,8024,10/28,1655.63,79.0,"$3,506,617",573209,Physical Exam,413429,1849 shares @ $127.74,Euro,aiden.young@yahoo.com,NY,59356,0x1506c99e58b0c4e68c8410929e79ede6d3b3c45c,INV-821985,"$28,380",Q4 2023,US Dollar,MB,07/28,4699,JPY,BILL-108066,909414047,BILL-253760,956,Amy Jackson,"$49,561",INS-657346,$2b$12$yPNB5Q6YrbT9DwSfP3Af35EdIBvwrzEfhtdY2IBXEGdjoAVTSX1SI,09/26,INV-350290,US Dollar,Hotel California,BILL-702120,delete,docker run,emma.white@gmail.com,2019-03-23T01:13:09Z,4786078518982,118,tenant-024,432,109,richard_lewis51@company.com,4193,High,[INTERNAL] Q4 strategy review pending board approval,4712 shares @ $309.31,"$84,554.17",[CONFIDENTIAL] Formula #996,601171743,669,"$1,049,800",7724711410,2628 shares @ $43.65,susan.miller@gmail.com,AUD,British Pound,8512,EUR
600,601125505,BILL-229091,GA,"$72,409",9794.05,"$9,401,740",AUD,HOLD-2023-181,tenant-024,BILL-568756,Central Park,991,Spouse,100441290,46794.51,29955.0,"$16,098",6011-3937-8266-1571,526937787840,0.3646,0x18375d1321e43d1d26ac6ff7757f07417a1d729e,"$73,720.66","$41,653","$10,968",CAD,8936.03,Annual Report 2020,"$1,760,581",23.2829,%B2940062136599169^HARRIS/PATRICIA^2511,3129,9456.35,7497,UTF-16,lucas.anderson@yahoo.com,HOLD-2021-824,8415362954,619 shares @ $334.09,99713-42-4,158368886626,198,UTF-16,65.2,4337 shares @ $392.23,,%B1419718699295702^SMITH/MICHAEL^3002,1348,XXXX-XXXX-XXXX-2747,input -> target_col,3798-1886-5925-2274,674318292,"$148,610",1731.1824,4470.26,25.8,North America,8884,"{""type"": ""object"", ""properties"": {}}",53.4,30.1113,10/29,63775-35-2,8885,05/26,8461.61,285.1,"$3,366,239",516887,Blood Draw,601101398,3307 shares @ $414.83,Swiss Franc,emma.rodriguez@gmail.com,IL,60114595,0x068d8a58b4e82cec01de037c5d08ee09349554ce,INV-289292,"$21,256",Q1 2021,Euro,BKI,11/28,4187,GBP,BILL-623263,682888366,BILL-543645,0617,William Q. Thompson,"$14,800",INS-790007,$2b$12$CNEHRxpzv7biHMDzaOfAYQk0S3Y5t7NONCDIJCFBgImGS65ErmL9D,08/26,INV-430625,British Pound,Hotel California,BILL-734696,delete,npm install,sophia.smith@gmail.com,2022-07-22 06:25:58,6720907419035,152,tenant-017,198,0213,olivia.williams63@acme.org,1936,High,[INTERNAL] Q2 strategy review pending board approval,2890 shares @ $337.54,"$46,468.00",[CONFIDENTIAL] Formula #711,535378,349,"$1,515,007",05456605,4444 shares @ $227.28,olivia.williams@outlook.com,JPY,Japanese Yen,4577,JPY
72,60112801,BILL-866264,GA,"$114,931",7750.94,"$262,112",JPY,HOLD-2026-152,tenant-001,BILL-241263,Eiffel Tower,614,Manager,165509171,"$66,417.58",29577.3,"$8,667",4757-8480-2653-9843,35301237,0.9985,0xb2db129434a4b2fca0ac04723ee0c35c3c4b5486,52286.90,"$43,026","$11,244",JPY,6452.58,Technical Analysis 2022,"$3,279,800",52.9961,%B0299320214621678^MILLER/EMILY^3008,5132,3335.81,1347,UTF-8,ethan.rodriguez@outlook.com,HOLD-2020-324,9594968534,889 shares @ $408.93,69834-35-9,95214649,1424,ASCII,78.6,3805 shares @ $467.02,,%B6235064997291586^SMITH/RICHARD^2809,8820,4625-9869-6302-4378,source_col -> output,4224-3327-2232-7639,289527732,"$82,440",4144.2249,"$45,018.86",66.8,South America,1357,CREATE TABLE t (id INT PRIMARY KEY),16.4,7.5111,07/25,1828-34-6,6958,07/29,3754.36,189.7,"$4,054,521",3718610,Colonoscopy,3737596,351 shares @ $236.76,Euro,linda.davis@yahoo.com,GA,60114833,0xcd9524c9432143b7dee18a804c24441a5765da3a,INV-796984,"$9,600",Q3 2023,US Dollar,IL,01/24,585,INR,BILL-382106,370637554,BILL-441992,113,Oliver U. Williams,"$32,378",INS-865596,$2b$12$5c4Ys8lOGQ3qgrenx6wUiUBje0eplDQoE6GLGLQl3vxpdFQxiP4Mz,02/30,INV-399370,US Dollar,Stairway to Heaven,BILL-107779,delete,kubectl apply,john.moore@yahoo.com,2022-05-20 16:48:35,4185908413237,256,tenant-027,676,141,emily.lee@gmail.com,863,Negligible,[INTERNAL] Q1 strategy review pending board approval,1941 shares @ $372.67,92544.52,[CONFIDENTIAL] Formula #646,41831,624,"$1,625,064",44060259,4350 shares @ $40.21,emma.lee@outlook.com,GBP,British Pound,5227,INR
229,47631,BILL-305445,MA,"$243,725",8391.63,"$5,228,380",GBP,HOLD-2022-386,tenant-002,BILL-757508,Eiffel Tower,883,Spouse,331175370,59247.14,7070.8,"$12,944",3705-3201-7527-9357,652582153865,-0.5811,0x3810eea3daf04d6851bc0a2b6392c7cf9a7f3557,"$5,420.27","$16,445","$25,501",EUR,7407.05,Technical Analysis 2024,"$5,192,979",73.246,%B1651774521100283^WALKER/ANNA^3001,0371,9731.76,9474,Latin-1,olivia.anderson@gmail.com,HOLD-2022-429,797333446179,3028 shares @ $366.73,18266-23-8,585916146771,5442,UTF-16,21.1,2777 shares @ $220.33,,%B4930596827559483^WILLIAMS/LIAM^3010,1852,3785-1536-8508-6033,input -> field_b,6011-7063-8400-0749,842616643,"$67,161",5896.6669,41246.64,54.3,Asia,4056,message Msg { string id = 1; },86.3,35.5341,09/25,88024-72-4,1017,02/26,8557.38,1.8,"$1,094,870",562933,Physical Exam,48608,221 shares @ $357.1,US Dollar,michael.miller@outlook.com,GA,60115195,0x82f8e25ee64a60f201fc383da9b55fae7f82ff32,INV-638638,"$18,634",Q2 2025,Japanese Yen,VZN,09/28,978,JPY,BILL-774740,194478396,BILL-659364,0231,Sarah Moore,"$49,242",INS-251505,$2b$12$bdIAuSRYYsjzRRKlAXJr9Q0ekdm3OxAezL063u5Dc6vmUtEdBjZ12,02/24,INV-177364,Swiss Franc,Hotel California,BILL-261048,update,GET /api/users,lucas.williams@outlook.com,2020-04-03T01:24:48Z,6066325794972,280,tenant-017,8125,6831,patriciajohnson@example.com,996,Low,[INTERNAL] Q2 strategy review pending board approval,2645 shares @ $91.22,63599.80,[CONFIDENTIAL] Formula #514,53977,373,"$4,701,153",6039226770,307 shares @ $217.84,william.moore@yahoo.com,INR,Swiss Franc,6567,INR
620,378321,BILL-395778,MA,"$244,539",1013.06,"$1,185,258",CHF,HOLD-2021-422,tenant-009,BILL-250278,Big Ben,861,Parent,564461623,"$40,697.12",3731.5,"$18,235",XXXX-XXXX-XXXX-2006,4372777388,0.7746,0xdc8d4e1b4b849fa5504d66e215edee6d62362844,"$72,511.73","$19,302","$14,299",CAD,348.5,Technical Report 2022,"$6,440,980",97.6779,%B9754587064394938^DAVIS/LOGAN^2506,3428,9282.07,5913,ASCII,elizabeth.thompson@yahoo.com,HOLD-2022-158,2231420015,511 shares @ $410.98,61080-23-9,3276158457,2653,UTF-16,67.5,3250 shares @ $84.07,,%B8896601890164749^DAVIS/EMILY^2504,4151,3757-9953-8375-7953,source_col -> output,5585-7742-7158-4554,167178177,"$106,123",9102.7643,"$19,245.05",77.2,Antarctica,7355,message Msg { string id = 1; },99.8,49.7015,02/27,68976-48-6,9130,11/28,5256.63,17.6,"$5,403,629",58663,X-Ray Chest,517641,2842 shares @ $486.49,Euro,noah.robinson@gmail.com,FL,601109903,0x2ee7c1ba5d00d78f06808c078deb9aa954b803d7,INV-866805,"$11,231",Q4 2024,Euro,LGCO,11/30,3103,BRL,BILL-717886,826154648,BILL-156071,845,Susan Walker,"$7,908",INS-804932,$2b$12$ZOhdsZfSlmKweyiF8Il1Bx7ZYN2DPfC8KWEXRwgro6mjcVIhiKodG,05/25,INV-988681,US Dollar,Yesterday,BILL-375154,upsert,kubectl apply,mary.wright@outlook.com,2026-08-20 03:47:53,3930684858229,7,tenant-003,351,560,sophiawhite65@outlook.com,2254,Medium,[INTERNAL] Q3 strategy review pending board approval,4550 shares @ $279.32,1331.94,[CONFIDENTIAL] Formula #818,54746,842,"$1,240,533",4027988609,2639 shares @ $357.38,mason.martinez@yahoo.com,INR,Euro,3276,EUR
732,53473,BILL-879695,CA,"$154,539",9139.73,"$794,044",JPY,HOLD-2021-394,tenant-047,BILL-563656,Golden Gate Bridge,273,Manager,588176867,"$66,895.62",99953.9,"$34,429",XXXX-XXXX-XXXX-4758,68172644,-0.7024,0x9c11bed6900f21e1684b9ca9a493ac7f6a33685f,11797.26,"$16,212","$13,862",CHF,2370.97,Annual Analysis 2025,"$4,407,483",46.4926,%B8045025955055209^RODRIGUEZ/JESSICA^3007,5121,952.42,2746,UTF-16,emily.brown@gmail.com,HOLD-2023-263,7485944377,3866 shares @ $74.77,63572-90-4,7697880959,6144,UTF-16,64.4,646 shares @ $333.36,,%B2321726513531445^ROBINSON/HARPER^2408,0648,3764-0344-2287-7368,source_col -> output,XXXX-XXXX-XXXX-4978,656884738,"$215,483",9776.8502,40293.37,91.1,Oceania,0854,"{""type"": ""object"", ""properties"": {}}",24.2,20.2002,11/28,1951-89-7,6240,12/30,1147.73,44.3,"$1,563,862",51260,X-Ray Chest,407675,1946 shares @ $281.88,Euro,emily.martinez@gmail.com,OH,3736059,0x4f4ea9f687605f8b30cc8c8a0925b7520393bae7,INV-847959,"$4,958",Q3 2021,British Pound,MSX,05/27,3904,GBP,BILL-326766,325894529,BILL-172009,5427,Noah Miller,"$45,579",INS-148409,$2b$12$S21EpK6ods3bqfzMeLOAYDMZuQbiCaJjqcmSloNHdLDn0cI5n0PVN,06/25,INV-397102,Swiss Franc,Imagine,BILL-522866,update,GET /api/users,emma.thompson@outlook.com,2019-10-10T16:01:12Z,4998742461770,974,tenant-026,053,3645,maryjohnson58@yahoo.com,3003,Medium,[INTERNAL] Q4 strategy review pending board approval,3023 shares @ $195.92,91251.39,[CONFIDENTIAL] Formula #813,481628,321,"$3,011,991",0610123451,2251 shares @ $109.74,lucas.johnson@outlook.com,CNY,Euro,3144,CAD
410,372733,BILL-431834,NC,"$54,029",2967.33,"$2,345,064",CNY,HOLD-2025-232,tenant-040,BILL-527894,Central Park,359,Spouse,520269247,17533.36,21204.0,"$24,348",XXXX-XXXX-XXXX-9979,766603368697,-0.5156,0x402ee451e9d187e71b9202f90e53ef946ba0b101,"$96,598.43","$16,294","$47,296",BRL,4046.82,Quarterly Report 2023,"$5,290,995",14.5378,%B7824911065547688^GARCIA/JAMES^2702,9977,7540.61,0562,UTF-16,elizabeth.thompson@outlook.com,HOLD-2025-286,39748290,3417 shares @ $230.46,46495-15-1,21987873,770,UTF-16,67.4,3611 shares @ $151.64,,%B1974490835681978^MARTIN/JESSICA^2905,6903,6011-5255-0391-5228,source_col -> field_b,XXXX-XXXX-XXXX-0869,437651092,"$30,262",4503.508,10983.96,69.3,Antarctica,5123,"{""type"": ""object"", ""properties"": {}}",55.6,46.932,08/29,55325-37-1,2265,02/26,8942.1,105.5,"$827,582",60112695,X-Ray Chest,372239,2604 shares @ $94.36,British Pound,jessica.clark@outlook.com,FL,407184,0x92a9b780dd163a3dde07f99930617b9f7337cd07,INV-490776,"$29,308",Q3 2026,Swiss Franc,CVP,08/30,294,BRL,BILL-401562,036796361,BILL-671177,269,Emily Jackson,"$5,119",INS-191206,$2b$12$480TzZtz5TqdVHuNYF3V2O466NziSbwol4ZjXxKUiO1KyTV2ANW61,07/28,INV-133028,US Dollar,Imagine,BILL-198298,snapshot,kubectl apply,jessica.johnson@yahoo.com,2018-07-06 19:53:45,3575374854237,58,tenant-036,733,106,mason_rodriguez@yahoo.com,0812,Critical,[INTERNAL] Q4 strategy review pending board approval,2188 shares @ $227.54,"$93,947.28",[CONFIDENTIAL] Formula #692,601120642,452,"$3,666,696",811784041434,789 shares @ $358.98,mason.harris@yahoo.com,JPY,Japanese Yen,3651,INR
548,568553,BILL-159966,NC,"$208,184",1107.67,"$4,893,283",CHF,HOLD-2023-846,tenant-008,BILL-683154,Big Ben,79,Child,980707697,"$2,193.92",85663.4,"$26,507",5165-0613-5022-3414,9615710115,0.4172,0x4b6a7d63990fb3a4425b38cae61aad654d4dea0b,33231.83,"$14,306","$1,729",BRL,524.84,Annual Analysis 2023,"$6,618,772",28.5683,%B1004188627488091^SMITH/SARAH^2509,3376,5322.8,0774,ASCII,michael.brown@outlook.com,HOLD-2020-240,789387693280,282 shares @ $162.33,19855-70-9,1988181852,3202,Latin-1,7.4,1839 shares @ $414.57,,%B9590294724737527^WILLIAMS/ROBERT^2508,6773,6011-2624-3719-3883,source_col -> output,3780-1930-8119-6057,033432461,"$49,418",737.7477,"$2,516.36",48.0,Europe,4555,"{""type"": ""object"", ""properties"": {}}",27.5,39.5302,06/25,13361-81-8,0132,02/26,6455.57,101.1,"$8,558,058",55819,Physical Exam,601112620,1319 shares @ $250.48,Japanese Yen,emma.lewis@outlook.com,NC,43566,0x1b8493ecd4f4d7aa1d328a38901b8c59ffbaa6e6,INV-174372,"$9,345",Q3 2025,Japanese Yen,KJBD,02/27,707,USD,BILL-577130,891185102,BILL-487939,030,David Jones,"$47,733",INS-762649,$2b$12$4B09Pzbz3Vp8K9JHHt5tXpqvZRS5r3f4kvvLbn0Ia3fhXYEHtXXr5,06/29,INV-703288,Japanese Yen,Stairway to Heaven,BILL-704886,upsert,npm install,patricia.lee@outlook.com,2022-11-09 05:20:19,6990452937427,909,tenant-027,1017,3053,harper_williams@yahoo.com,513,Critical,[INTERNAL] Q4 strategy review pending board approval,4251 shares @ $368.78,"$33,886.25",[CONFIDENTIAL] Formula #223,60115997,526,"$6,034,372",55321099,889 shares @ $24.71,william.taylor@gmail.com,CHF,Euro,0325,CNY
605,45045,BILL-781146,GA,"$227,904",6279.64,"$3,923,313",EUR,HOLD-2023-938,tenant-023,BILL-259638,Big Ben,888,Peer,055459933,"$94,430.81",86902.0,"$27,138",3702-4046-0480-5687,2424434124,0.5252,0x8680fda1017d71e90d8b623c067672ec0df7e8a6,33261.94,"$34,217","$31,127",USD,9020.94,Executive Review 2021,"$7,699,210",13.3005,%B0927766575873898^YOUNG/PATRICIA^2406,2064,2756.99,4703,UTF-8,jennifer.brown@yahoo.com,HOLD-2022-782,12091489,2823 shares @ $274.35,24053-60-9,989892228564,7633,UTF-8,37.5,3222 shares @ $493.88,,%B0868090212601460^SMITH/MASON^2405,2795,6011-5650-2238-0181,field_a -> target_col,3759-1671-3235-2337,368524691,"$203,874",19.4938,"$44,188.56",53.4,Antarctica,2019,CREATE TABLE t (id INT PRIMARY KEY),59.6,28.9641,06/25,23579-84-5,7897,09/29,1899.06,132.7,"$3,616,657",375973,X-Ray Chest,44032,3004 shares @ $237.99,Japanese Yen,jennifer.anderson@yahoo.com,CO,3757779,0x0c9199298652cd601a5e9119a63bb3f3f4e15ecc,INV-173003,"$41,454",Q3 2020,US Dollar,JF,02/30,2845,CNY,BILL-521792,396314337,BILL-281369,3106,Jennifer Moore,"$47,519",INS-195233,$2b$12$ZwnYu9FScNCKfwoVPK5SIMEy46AFTvKWNcPyUxapmiN9IvoJV5PUK,04/29,INV-285249,Japanese Yen,Stairway to Heaven,BILL-722924,update,npm install,logan.anderson@outlook.com,2022-07-03 17:33:37,4994477073551,238,tenant-038,4910,3400,sarah_thompson85@gmail.com,7667,Critical,[INTERNAL] Q4 strategy review pending board approval,2213 shares @ $207.83,80820.38,[CONFIDENTIAL] Formula #506,377845,721,"$7,700,637",9787575454,1209 shares @ $387.65,elizabeth.lewis@yahoo.com,GBP,Euro,5616,USD
659,372813,BILL-255643,IL,"$209,979",1721.62,"$8,457,766",INR,HOLD-2021-439,tenant-042,BILL-190788,Golden Gate Bridge,224,Child,361382586,"$54,184.65",25419.0,"$31,178",5607-4117-9078-8977,609810481850,0.7261,0x4983dc9d313561c39f362ed971db41d0f284bb5f,"$88,765.06","$30,655","$36,116",JPY,7136.57,Technical Report 2020,"$5,721,591",128.2314,%B3156604486228247^ANDERSON/ANNA^2409,2536,3463.74,2616,ASCII,jessica.jackson@gmail.com,HOLD-2020-716,28508041,3803 shares @ $301.16,43533-96-1,9522380462,7253,ASCII,71.5,1105 shares @ $386.97,,%B3711953229177347^DAVIS/SOPHIA^2503,5516,5544-0761-3655-2182,input -> output,6011-6673-7977-2345,697715661,"$162,512",1182.5134,61583.73,10.5,Europe,8701,"{""type"": ""object"", ""properties"": {}}",80.2,27.7781,04/25,4427-61-1,2213,06/25,6860.15,246.9,"$7,419,675",45536,Colonoscopy,574839,4996 shares @ $454.38,US Dollar,linda.anderson@outlook.com,CO,3764778,0x7a36eeaf3eff2842f96b7ee43da291d5c5d91193,INV-929372,"$45,755",Q4 2021,US Dollar,YI,03/28,2891,BRL,BILL-984742,810957668,BILL-469657,5774,Sarah Martin,"$24,187",INS-856924,$2b$12$P5PQZSbDvzUGsepKszzGoigULWfsDCHKN5p8GB3LdCCXd1JWhQtGU,07/29,INV-887662,British Pound,Hotel California,BILL-841169,update,kubectl apply,susan.walker@gmail.com,2025-11-08T16:11:33Z,3278317017918,132,tenant-018,7262,5538,david_harris93@gmail.com,8661,Low,[INTERNAL] Q3 strategy review pending board approval,3607 shares @ $145.16,"$5,917.51",[CONFIDENTIAL] Formula #241,370567,763,"$3,857,132",182419533517,831 shares @ $279.27,mary.davis@outlook.com,BRL,Japanese Yen,4158,CNY
916,373427,BILL-403658,PA,"$66,835",1141.03,"$5,630,418",BRL,HOLD-2025-450,tenant-016,BILL-877604,Eiffel Tower,131,Manager,818488274,"$88,091.52",57693.7,"$11,770",3748-4085-3968-8477,148517172117,-0.6096,0xe56efbfdf6ad27ef4e2cef811860559488a01e68,4703.16,"$49,234","$45,573",USD,3779.33,Quarterly Report 2020,"$9,178,082",132.0029,%B9666705639778681^WHITE/JENNIFER^2808,3149,1294.57,1216,Latin-1,linda.williams@yahoo.com,HOLD-2024-789,74380326,886 shares @ $333.56,43158-89-9,87895129,696,ASCII,35.2,2668 shares @ $222.65,,%B1281850394785202^WALKER/MICHAEL^3010,5312,4648-1972-1559-0656,source_col -> target_col,XXXX-XXXX-XXXX-3596,081053726,"$173,976",2505.6348,"$38,320.50",90.0,Europe,6814,"{""type"": ""object"", ""properties"": {}}",26.4,29.1432,06/30,30631-38-1,4462,07/28,9252.15,190.0,"$4,510,611",601112351,ECG,374046,269 shares @ $477.1,Euro,jennifer.thomas@gmail.com,IL,3729124,0xb4f4d5e655670736b10756f8319de6b30e172444,INV-741152,"$29,484",Q1 2021,British Pound,CVXO,02/25,1387,USD,BILL-524468,944448721,BILL-641909,733,Sarah Robinson,"$27,582",INS-581151,$2b$12$kOQpws7LHX9iDM3CbFPPXn475omAtIML8WeKcSdbU1NfHPDcAIKwR,10/26,INV-205145,Swiss Franc,Stairway to Heaven,BILL-634124,insert,GET /api/users,elizabeth.white@gmail.com,2020-05-27 05:32:54,4881065982435,593,tenant-045,0718,8522,davidanderson34@company.com,9052,High,[INTERNAL] Q2 strategy review pending board approval,3686 shares @ $100.44,21426.69,[CONFIDENTIAL] Formula #928,601139538,426,"$9,843,186",344474146993,1070 shares @ $314.04,anna.thomas@gmail.com,AUD,Euro,6626,CAD
817,435177,BILL-411543,CO,"$237,026",8006.05,"$501,339",CNY,HOLD-2026-319,tenant-023,BILL-512741,Eiffel Tower,178,Peer,361191566,"$43,493.22",37734.6,"$22,484",6011-0604-0412-9703,5761316603,0.6025,0x0c30550fd08662876d99480463a43ba6c0e1e3cf,"$51,939.97","$43,588","$18,326",AUD,4288.15,Technical Review 2025,"$4,789,274",26.58,%B4728489363884920^DAVIS/MASON^2407,6713,3493.75,0005,UTF-16,noah.taylor@outlook.com,HOLD-2023-479,677420693278,4000 shares @ $34.16,40367-19-0,480445061301,9178,ISO-8859-1,4.5,1487 shares @ $336.6,,%B0675401047877919^JOHNSON/HARPER^3009,0029,5012-7792-2545-4637,input -> output,3734-1130-4272-3738,273998809,"$139,349",4227.8676,"$49,415.28",3.0,Oceania,4433,CREATE TABLE t (id INT PRIMARY KEY),24.6,3.0954,07/25,21478-11-3,7265,06/30,2573.36,119.0,"$6,552,117",40433,MRI Brain,60111037,3756 shares @ $162.08,Japanese Yen,patricia.rodriguez@yahoo.com,PA,373542,0x5d5fd7a5b948f0fdf057378743eec2ae6303d6bd,INV-543563,"$40,344",Q3 2021,British Pound,DVM,03/26,4626,GBP,BILL-546259,381676874,BILL-366874,773,Patricia Taylor,"$42,450",INS-362745,$2b$12$Q0eOGS9hgVAVXDGxCXF4pfDOedAAwP7wdYwjbN26l5tKWzLZPMgsi,11/29,INV-340526,Euro,Hotel California,BILL-885379,snapshot,GET /api/users,robert.lee@yahoo.com,2022-12-08 05:45:42,0563363745099,119,tenant-032,7011,0305,mary.davis@example.com,4638,Critical,[INTERNAL] Q2 strategy review pending board approval,938 shares @ $153.45,66001.78,[CONFIDENTIAL] Formula #710,438145,575,"$3,654,065",0179066439,3313 shares @ $242.41,noah.thomas@gmail.com,INR,Euro,8963,CHF
382,56446,BILL-876862,TX,"$37,297",6058.71,"$7,496,371",CNY,HOLD-2023-238,tenant-027,BILL-693292,Eiffel Tower,999,Sibling,718664906,43948.73,35971.0,"$15,185",5671-1972-6988-4534,9621528243,-0.5792,0x996dc8f6f489fb7d9241a184544a69309d43976b,82364.75,"$42,449","$4,702",INR,828.54,Executive Summary 2024,"$3,537,850",35.1274,%B6592831422017067^ANDERSON/AIDEN^3003,8121,3794.42,5544,ISO-8859-1,emily.taylor@gmail.com,HOLD-2022-821,01964495,2814 shares @ $256.77,50870-72-6,28561448,1445,UTF-16,98.4,3506 shares @ $336.27,,%B4230262629753907^THOMAS/NOAH^2405,2135,3775-3838-8375-5765,input -> target_col,6011-5844-8848-5925,374678292,"$243,614",7619.711,27466.55,22.1,North America,8262,message Msg { string id = 1; },94.0,49.0626,01/30,63445-66-8,4227,05/26,3170.86,186.1,"$4,181,671",51047,Physical Exam,42832,2936 shares @ $124.9,Swiss Franc,sarah.davis@gmail.com,PA,493486,0x3e870eb64339ec3e87d901265415c41efde5449e,INV-435629,"$24,668",Q3 2023,British Pound,EEFX,07/25,4715,JPY,BILL-637899,223753136,BILL-945562,5960,Richard Taylor,"$47,753",INS-905230,$2b$12$2rXwq1cysBBjyDYp5pyjfPfIv6KzWDXW9TzeyNSVDehgC2wV5WyCm,09/28,INV-629123,Japanese Yen,Stairway to Heaven,BILL-934117,update,GET /api/users,sophia.harris@gmail.com,2021-05-13 06:55:09,7605425596316,5,tenant-021,733,531,jennifertaylor@gmail.com,386,Critical,[INTERNAL] Q3 strategy review pending board approval,893 shares @ $19.65,77825.90,[CONFIDENTIAL] Formula #140,3766930,421,"$407,710",21341802,1363 shares @ $37.39,jennifer.anderson@outlook.com,GBP,Japanese Yen,8625,EUR
315,520251,BILL-229268,IL,"$172,970",4058.8,"$9,774,110",INR,HOLD-2022-499,tenant-007,BILL-159709,Golden Gate Bridge,995,Parent,053422776,49402.68,74900.1,"$27,012",5313-0023-7063-8928,5778748714,0.0311,0x11ce2c97a2dc63ef71394c4bb1877b1053a1968f,55380.53,"$4,831","$30,810",EUR,4030.05,Annual Report 2026,"$3,146,462",113.5626,%B1347764576356572^JACKSON/JESSICA^2910,8003,8714.94,8355,Latin-1,mary.rodriguez@outlook.com,HOLD-2023-426,21261022,4319 shares @ $367.47,81490-17-0,762819789017,627,UTF-8,34.0,955 shares @ $337.41,,%B5566754774280034^WHITE/LOGAN^2709,6701,3792-5169-3211-3583,source_col -> output,XXXX-XXXX-XXXX-1268,916305211,"$49,108",1620.7077,37276.19,23.8,Antarctica,0547,message Msg { string id = 1; },49.6,24.3336,03/26,26329-71-8,1879,01/28,8419.27,286.9,"$8,920,898",601126373,ECG,516223,2173 shares @ $485.56,US Dollar,patricia.martin@outlook.com,CA,60110170,0x4c61600bf54b21093f0dddabb38e844e0ab84935,INV-774302,"$10,226",Q2 2021,Euro,KGAE,06/25,262,CNY,BILL-902044,130571516,BILL-969730,592,Amy Miller,"$29,603",INS-779616,$2b$12$mQgnBliqllZVzNopw1PoAkpilgCz6FwmdyGBUgMlT5ohPBG4oANP0,04/28,INV-857716,Euro,Bohemian Rhapsody,BILL-920923,snapshot,GET /api/users,michael.anderson@gmail.com,2020-05-27 05:29:07,9323399694723,830,tenant-038,2563,269,ethanmiller@yahoo.com,6953,Critical,[INTERNAL] Q2 strategy review pending board approval,4349 shares @ $382.29,33947.83,[CONFIDENTIAL] Formula #700,379169,341,"$2,625,941",1848747856,3519 shares @ $85.73,william.lewis@yahoo.com,BRL,Swiss Franc,1147,USD
196,3739877,BILL-395366,CA,"$95,037",3102.49,"$1,744,822",USD,HOLD-2020-494,tenant-043,BILL-506119,Big Ben,461,Manager,469882504,12532.98,84881.1,"$15,713",3727-7353-2293-6857,03572576,0.651,0x77780a90bfe1393539c0428cb6ccfdf243774825,"$93,349.38","$16,081","$30,131",CNY,2272.73,Quarterly Summary 2024,"$793,091",127.5245,%B6638837016737740^BROWN/JESSICA^2801,5559,2461.48,1918,UTF-16,susan.wright@gmail.com,HOLD-2025-396,232739214084,3339 shares @ $494.84,47404-41-9,277977601699,459,Latin-1,19.0,3960 shares @ $113.69,,%B2672234994574038^THOMAS/ETHAN^2506,3168,4283-4873-5142-2528,source_col -> field_b,5334-8607-3790-9791,673774896,"$213,645",9279.6045,"$35,251.38",78.2,North America,6739,CREATE TABLE t (id INT PRIMARY KEY),75.9,20.2166,01/24,92490-74-6,2828,07/27,783.55,59.4,"$305,915",3725300,ECG,377086,507 shares @ $192.46,Euro,sarah.moore@yahoo.com,OH,529150,0xe4bb1dd9a2a4c6d5fb027ce9df35773c7e4ee3bf,INV-697739,"$44,033",Q4 2021,US Dollar,BW,05/30,38,BRL,BILL-830263,463926042,BILL-527970,3359,Mason Walker,"$8,467",INS-978083,$2b$12$eDtLkkyO1s0a63RKdLjTjnJwKfmopmuMeGnDMJnpZ1o0VWAnEgqTF,02/25,INV-638048,US Dollar,Yesterday,BILL-402455,update,npm install,emma.taylor@gmail.com,2019-11-25T17:04:18Z,6060691730549,99,tenant-025,003,8991,ethanjackson@example.com,933,Negligible,[INTERNAL] Q4 strategy review pending board approval,3967 shares @ $498.56,79802.83,[CONFIDENTIAL] Formula #720,45753,351,"$8,660,433",9501948590,4888 shares @ $157.58,william.walker@outlook.com,AUD,Swiss Franc,1015,AUD
282,432082,BILL-175291,NY,"$197,888",4509.02,"$7,214,215",AUD,HOLD-2024-631,tenant-027,BILL-422138,Statue of Liberty,772,Child,161225915,74429.45,68877.6,"$1,611",5499-9377-7994-3668,246578420910,0.1339,0x89784dbc66d6bc67c9189ba3fa5bdcc100415fa6,40023.85,"$29,794","$26,658",EUR,8840.89,Annual Report 2023,"$9,503,685",15.9734,%B3227181644482224^JOHNSON/AMY^2401,3963,6785.3,4576,ISO-8859-1,john.jackson@outlook.com,HOLD-2024-393,3963419186,3159 shares @ $182.15,24132-69-9,382174422253,5413,Latin-1,20.7,4985 shares @ $465.03,2026-07-01 03:36:50,%B7922101503566963^TAYLOR/PATRICIA^3009,3214,XXXX-XXXX-XXXX-4030,field_a -> field_b,6011-8021-5160-6291,997646717,"$212,865",4861.2923,37324.18,62.3,Oceania,3404,message Msg { string id = 1; },0.1,41.4404,10/26,93875-31-1,7714,11/30,8194.77,76.6,"$5,368,274",526013,Colonoscopy,47362,4302 shares @ $379.84,US Dollar,anna.white@gmail.com,TX,60117815,0xf56abd3ce4058bf446a1e62812e1be34694cf29d,INV-458614,"$49,830",Q3 2026,Japanese Yen,TWM,10/25,3544,JPY,BILL-365601,792679983,BILL-315318,6212,Logan Robinson,"$15,824",INS-555510,$2b$12$HNV7ZlFVZguVx1JqtNHNBmAMl5CIp6ZlDtmoUpp9c3bWgtTxSdM1F,09/30,INV-823114,British Pound,Yesterday,BILL-646042,update,docker run,richard.white@outlook.com,2018-10-09T03:10:43Z,3013427119711,791,tenant-012,623,269,sophiaking53@yahoo.com,824,Critical,[INTERNAL] Q2 strategy review pending board approval,1802 shares @ $217.85,23708.43,[CONFIDENTIAL] Formula #964,411313,447,"$5,057,798",132484161066,4471 shares @ $224.06,sarah.martinez@yahoo.com,AUD,Euro,7821,AUD
931,53882,BILL-683307,TX,"$45,309",2592.94,"$2,693,785",JPY,HOLD-2021-574,tenant-013,BILL-722304,Central Park,233,Sibling,143513848,"$47,341.74",12897.5,"$44,831",3777-1607-4447-2974,8774350730,0.1312,0x4600bff5dedfdb1e9e1143bbfafac052709d1efd,"$94,782.16","$17,063","$41,285",JPY,571.6,Technical Report 2021,"$756,688",143.0144,%B8779494755011936^MILLER/DAVID^2511,5639,409.12,2145,UTF-16,jessica.jackson@outlook.com,HOLD-2022-322,64643920,4599 shares @ $439.68,3322-23-0,43565525,452,ISO-8859-1,52.2,2049 shares @ $244.97,,%B0587253476312279^WILLIAMS/HARPER^2510,5253,XXXX-XXXX-XXXX-2227,source_col -> target_col,5189-7695-2520-5467,071225480,"$94,815",416.1894,"$72,469.81",54.0,Africa,5928,message Msg { string id = 1; },52.5,13.0414,08/25,21250-80-1,3309,09/29,20.95,200.1,"$4,078,417",54584,Physical Exam,490263,1615 shares @ $45.71,Swiss Franc,sarah.harris@outlook.com,CO,425037,0x754e7cbf3600d69a67f3d1cec8eb3e11126ee105,INV-179013,"$26,756",Q2 2021,Euro,JWEE,12/30,18,CNY,BILL-585504,418651084,BILL-203518,371,Sophia Q. Clark,"$18,601",INS-635222,$2b$12$Kq1Gxg0tWgjO3UYfdpqFl0VnjqJ4nSvQQvElqJjRO7iXYVPVVskg1,01/24,INV-140734,British Pound,Imagine,BILL-103204,delete,GET /api/users,james.anderson@yahoo.com,2019-12-23 13:41:02,4807483522298,222,tenant-023,0390,2612,emma_martin@example.com,6854,High,[INTERNAL] Q3 strategy review pending board approval,2687 shares @ $407.6,98894.53,[CONFIDENTIAL] Formula #734,40794,730,"$3,474,866",3281817750,2596 shares @ $381.06,noah.martin@gmail.com,AUD,British Pound,3850,CAD
177,55460,BILL-717682,CA,"$82,974",5347.28,"$5,869,287",GBP,HOLD-2023-514,tenant-002,BILL-625369,Big Ben,840,Peer,820682378,"$35,588.02",4184.0,"$46,211",3748-6343-9079-4798,93500893,0.2382,0x20fd77b66d46e1f98700eac1d1f30342e9fe634b,"$47,013.23","$14,243","$43,022",AUD,8602.79,Executive Analysis 2020,"$9,810,176",45.8686,%B7974644200868671^YOUNG/LOGAN^2604,0026,2257.7,5932,ASCII,elizabeth.thomas@yahoo.com,HOLD-2023-811,06087385,4984 shares @ $183.51,97218-70-5,51692511,743,UTF-16,78.9,1401 shares @ $204.25,,%B9439584686393557^CLARK/AIDEN^2711,0877,6011-4051-2926-7757,source_col -> field_b,XXXX-XXXX-XXXX-6286,273042370,"$171,046",1779.1931,10548.26,47.3,Oceania,0911,CREATE TABLE t (id INT PRIMARY KEY),47.0,17.7674,08/29,21481-25-6,1946,01/29,8101.41,201.2,"$8,284,550",500635,X-Ray Chest,447416,1434 shares @ $94.59,US Dollar,ethan.clark@yahoo.com,IL,47798,0x2cfbfe8b73699d8aae93f764b11b024a979f87d8,INV-341928,"$15,949",Q2 2023,British Pound,FOW,02/29,2937,INR,BILL-926670,767646858,BILL-610454,0316,Noah Thompson,"$6,752",INS-270123,$2b$12$VeIPbf34bXcw91eEzh5kjO1twRbqHVm5Yww9E0eRVsneDKkztOLWF,06/30,INV-732804,Euro,Yesterday,BILL-522790,insert,kubectl apply,noah.white@yahoo.com,2024-12-21T19:01:46Z,9000321850645,866,tenant-017,739,034,emily.harris@outlook.com,0675,Medium,[INTERNAL] Q3 strategy review pending board approval,202 shares @ $227.09,"$96,441.63",[CONFIDENTIAL] Formula #546,51133,469,"$6,053,381",19436121,3216 shares @ $304.72,michael.thompson@gmail.com,INR,Swiss Franc,9486,BRL
550,60117365,BILL-127243,FL,"$155,374",4967.55,"$5,325,828",CHF,HOLD-2026-220,tenant-032,BILL-834213,Golden Gate Bridge,674,Sibling,459943542,93233.54,71410.3,"$44,585",XXXX-XXXX-XXXX-6567,351330069707,0.2282,0xc1b2319c1a58c21b53a473464eb039ad680f431e,"$90,802.03","$4,873","$31,665",EUR,8791.27,Technical Review 2022,"$257,917",136.6569,%B0160197321222759^ANDERSON/ANNA^2812,5298,5853.61,9206,UTF-16,lucas.taylor@yahoo.com,HOLD-2021-809,93419563,3516 shares @ $41.01,40699-77-5,255536617949,6980,UTF-16,62.1,1337 shares @ $486.64,,%B8903048124500314^LEE/SARAH^3008,7647,XXXX-XXXX-XXXX-5339,field_a -> target_col,5761-7785-5741-6193,576431013,"$140,766",5058.0768,"$7,614.03",49.8,Antarctica,2938,CREATE TABLE t (id INT PRIMARY KEY),55.7,34.4989,11/24,90665-49-9,9143,03/25,165.58,248.6,"$9,948,724",60119786,MRI Brain,374091,3048 shares @ $148.33,Euro,david.robinson@yahoo.com,WA,56619,0x33125e0c4e7e931a881eaef806affd823134f67b,INV-384053,"$40,134",Q3 2021,Japanese Yen,XBTN,11/26,2180,GBP,BILL-535269,106080484,BILL-234970,4974,Jennifer Martin,"$34,862",INS-366208,$2b$12$p2Sh6G53hUxa8LI5z4HCxW5YV20H5W3xm4Wf7vYifQHFFLRjpfhWx,11/29,INV-647769,Japanese Yen,Imagine,BILL-749599,update,npm install,lucas.brown@outlook.com,2024-06-18T06:15:01Z,0770670998078,317,tenant-033,0769,8749,anna.martinez@acme.org,0032,Low,[INTERNAL] Q1 strategy review pending board approval,4846 shares @ $319.47,"$63,711.70",[CONFIDENTIAL] Formula #552,601172501,379,"$9,852,771",027637587736,1648 shares @ $394.24,mary.thomas@outlook.com,BRL,British Pound,8321,CAD
871,601183452,BILL-807540,PA,"$87,994",7304.85,"$7,383,147",GBP,HOLD-2021-595,tenant-050,BILL-224866,Golden Gate Bridge,55,Peer,943081720,"$92,929.04",26024.2,"$37,213",4010-3113-6594-6180,811318434100,0.3475,0xb474599a39e0b86af0fa316e5d87a96367b78781,75977.52,"$14,683","$22,427",JPY,7556.11,Executive Report 2025,"$6,191,797",88.3294,%B1949991274773152^JACKSON/JENNIFER^2411,5247,5813.16,8651,UTF-8,amy.garcia@gmail.com,HOLD-2025-767,80573749,4426 shares @ $37.94,7775-72-5,47870059,323,Latin-1,15.7,3744 shares @ $215.11,,%B3818052953171096^MARTIN/MICHAEL^2411,1064,5977-1602-4247-2343,field_a -> field_b,XXXX-XXXX-XXXX-3362,090949038,"$117,375",4230.6308,16746.64,85.5,Africa,8054,message Msg { string id = 1; },93.6,9.4311,12/26,22404-89-6,6214,03/26,2979.34,140.8,"$133,859",60118588,Blood Draw,601111857,1893 shares @ $120.29,Japanese Yen,lucas.rodriguez@outlook.com,GA,52830,0x65385a5de641b983ce132043c32cfcac86cad7c4,INV-511801,"$45,290",Q4 2021,Japanese Yen,MGD,08/25,3092,GBP,BILL-413702,663196145,BILL-857384,9516,Linda Garcia,"$8,554",INS-538855,$2b$12$FHxKaeS5Qa2kAyRflJwOQ8PSv5BpvtAJZbvBLj9J0bwGMlXSERAr3,09/25,INV-812704,British Pound,Hotel California,BILL-964914,upsert,POST /api/orders,sophia.brown@gmail.com,2020-08-10 02:54:21,6925250189975,789,tenant-005,4358,5167,john_brown@company.com,345,Medium,[INTERNAL] Q1 strategy review pending board approval,4046 shares @ $274.59,32532.29,[CONFIDENTIAL] Formula #953,3742675,628,"$737,773",22214103,832 shares @ $238.42,susan.wright@gmail.com,EUR,Japanese Yen,0371,GBP
965,601172232,BILL-600044,MA,"$77,370",2841.68,"$7,124,511",CAD,HOLD-2025-753,tenant-041,BILL-698340,Big Ben,244,Child,743691199,"$8,804.98",55052.1,"$49,122",6011-8552-9647-3124,17932368,-0.8444,0xd31e59811754b6a9071e107ba7ea1aa026c5daf9,8903.03,"$49,158","$9,591",INR,4251.41,Executive Review 2025,"$7,255,180",58.2488,%B5101269526748378^THOMPSON/EMMA^2712,2556,3891.64,9566,ASCII,emma.king@yahoo.com,HOLD-2026-955,509991333395,2242 shares @ $279.42,38807-25-6,833665022599,2019,Latin-1,75.9,1672 shares @ $27.15,,%B2637508381992778^JONES/AIDEN^3001,1180,6011-0712-6077-6657,input -> target_col,XXXX-XXXX-XXXX-1532,447855658,"$41,142",5816.6441,"$46,297.66",20.5,South America,9376,"{""type"": ""object"", ""properties"": {}}",45.8,46.2364,09/29,50632-87-6,8031,07/27,9248.9,175.5,"$5,276,790",3739677,Colonoscopy,377401,1155 shares @ $124.38,British Pound,linda.anderson@gmail.com,CA,495165,0x185c7311631d0ef8f478d35e20589a837a6f0183,INV-989562,"$23,271",Q1 2025,US Dollar,AZ,10/25,455,USD,BILL-401489,084866811,BILL-629921,042,Sarah King,"$8,119",INS-958644,$2b$12$TDinEwzA5PtNAQDfHh3QL5gk0npnnCGBDnt7LVelR13THMWxbwzuY,03/30,INV-906844,Euro,Hotel California,BILL-851850,insert,GET /api/users,harper.jackson@gmail.com,2022-11-21 19:16:46,8714043277336,794,tenant-045,8956,261,jameslewis8@company.com,0573,Critical,[INTERNAL] Q2 strategy review pending board approval,1573 shares @ $447.13,"$55,851.40",[CONFIDENTIAL] Formula #367,601125665,757,"$7,960,917",149665608415,1002 shares @ $201.78,emma.jackson@gmail.com,GBP,British Pound,7949,CHF
12,60119274,BILL-494027,MA,"$95,524",692.22,"$8,471,003",CAD,HOLD-2021-216,tenant-004,BILL-312674,Central Park,557,Sibling,060966101,"$49,554.67",77456.6,"$38,481",5354-1505-5162-1882,6811968392,-0.8516,0xc6854af99143e36027375f06e6f8eae80ce01a44,14066.12,"$17,439","$29,535",GBP,2172.11,Quarterly Summary 2022,"$575,955",115.1624,%B9107870179409719^LEWIS/EMILY^2602,4007,6161.59,5762,UTF-16,michael.white@outlook.com,HOLD-2020-305,5794790009,3362 shares @ $168.64,16126-96-1,18665178,899,ISO-8859-1,40.8,135 shares @ $169.64,2026-09-26T16:21:17Z,%B3206810320408110^CLARK/OLIVIA^2605,3708,3731-7909-7020-3440,field_a -> target_col,XXXX-XXXX-XXXX-8825,351360319,"$245,205",750.9608,"$88,170.52",87.4,Oceania,1195,CREATE TABLE t (id INT PRIMARY KEY),82.3,5.9171,08/26,17643-55-5,2715,01/28,3805.84,225.0,"$8,650,349",47629,Physical Exam,60111105,4085 shares @ $245.07,Japanese Yen,john.lee@gmail.com,FL,527234,0xf3c4b5863f1430318a3a3a72c6bc1de244a402a2,INV-408903,"$49,378",Q1 2022,British Pound,PX,09/24,632,USD,BILL-650092,300357542,BILL-472934,0887,Sarah Miller,"$3,395",INS-523772,$2b$12$XvHX75TcsBt3rJu6uMcfUgoFA9nMyNu1WCKNtXuaneRg0eSGyEZT6,08/25,INV-796854,British Pound,Imagine,BILL-624782,upsert,npm install,anna.harris@outlook.com,2021-08-17 15:26:32,2667437584393,900,tenant-028,5708,1610,logan.robinson71@gmail.com,7448,Medium,[INTERNAL] Q3 strategy review pending board approval,2299 shares @ $475.69,63658.22,[CONFIDENTIAL] Formula #463,53881,779,"$4,113,022",1053572938,3745 shares @ $252.69,anna.rodriguez@yahoo.com,CNY,Swiss Franc,5040,CAD
61,54691,BILL-230328,TX,"$162,129",3291.96,"$1,480,222",JPY,HOLD-2025-118,tenant-025,BILL-720560,Central Park,419,Peer,629972190,34927.43,28824.6,"$33,207",5180-3808-2488-3137,705176201050,0.1627,0xd7f3f17d2cc50ace1742c0094145974bbaa3b7ca,"$83,685.18","$20,328","$44,355",AUD,1519.86,Annual Analysis 2026,"$4,681,523",141.0696,%B3641273875255086^DAVIS/EMILY^2709,1980,7786.37,9389,ASCII,james.miller@outlook.com,HOLD-2020-865,613099139386,1211 shares @ $422.42,89470-92-3,371351756777,869,ASCII,55.9,1128 shares @ $137.09,,%B8858994168440042^KING/ETHAN^2901,1158,4188-3608-7630-7401,input -> field_b,5334-8527-3572-5825,373221197,"$151,440",5159.6161,"$13,401.35",46.5,Oceania,7054,"{""type"": ""object"", ""properties"": {}}",46.9,49.3183,01/28,52877-88-4,8883,10/27,5507.78,80.9,"$8,416,231",601166699,Physical Exam,60111958,2887 shares @ $12.27,Swiss Franc,olivia.thomas@yahoo.com,FL,529184,0xcdbbe56021d993b9bc3e6ef9fb499cba5d7df7c7,INV-212154,"$5,925",Q1 2022,British Pound,QQBB,07/29,4818,BRL,BILL-922142,974057246,BILL-924690,870,Emma Johnson,"$29,535",INS-809742,$2b$12$vCKOE6nb55Jdu1duxk31dJkx756wFc4u5NZ8eI83QiAZI9gkFcWAG,10/24,INV-581406,British Pound,Imagine,BILL-690068,snapshot,GET /api/users,michael.davis@outlook.com,2022-03-20T15:23:14Z,4580908777784,942,tenant-032,1510,782,aiden_lewis@acme.org,6102,Low,[INTERNAL] Q4 strategy review pending board approval,1874 shares @ $447.11,"$48,341.33",[CONFIDENTIAL] Formula #246,3785586,438,"$7,515,925",94014589,4694 shares @ $145.66,sarah.lewis@yahoo.com,JPY,Swiss Franc,1717,GBP
575,601189421,BILL-573113,PA,"$92,155",2168.99,"$2,161,059",BRL,HOLD-2022-145,tenant-028,BILL-631597,Big Ben,554,Peer,311891221,"$24,029.00",85462.7,"$19,358",5873-3364-8718-6619,061846077938,-0.4078,0xc89a046e470f04cdb7343fb5628e9de724feebd5,"$96,247.30","$18,293","$37,631",USD,6224.48,Technical Summary 2021,"$4,023,298",79.2946,%B5980069778307820^LEWIS/SARAH^2705,0101,5541.87,3194,Latin-1,richard.thompson@yahoo.com,HOLD-2025-263,40870107,4459 shares @ $117.81,21152-95-8,469523394287,1491,ISO-8859-1,91.0,2037 shares @ $443.64,,%B4382194808848518^WALKER/HARPER^2910,4722,5379-5688-9484-5006,field_a -> target_col,4346-0259-1006-5208,472714764,"$185,556",6792.6612,33628.43,41.6,Asia,6783,"{""type"": ""object"", ""properties"": {}}",45.8,34.0109,03/28,73926-75-6,8361,07/29,2966.51,227.2,"$5,902,556",60113519,MRI Brain,60110487,241 shares @ $299.82,British Pound,emily.wright@yahoo.com,GA,448565,0x9979288787579e95076f4daa167f6d842f210976,INV-986744,"$18,909",Q1 2022,British Pound,QWM,04/29,4675,CHF,BILL-145546,094603643,BILL-389745,136,Robert Clark,"$23,444",INS-875371,$2b$12$G5vbhL50KwPwYkpkq8DCjI6UvsZH2XDpJC6jqp4fQNxBjATskfMUD,06/30,INV-864689,US Dollar,Hotel California,BILL-343055,upsert,npm install,sarah.white@gmail.com,2018-11-28T13:24:21Z,0427118333580,871,tenant-019,4658,9522,robertmartin@example.com,930,Negligible,[INTERNAL] Q1 strategy review pending board approval,4824 shares @ $437.7,46731.84,[CONFIDENTIAL] Formula #798,46622,617,"$3,317,474",2022071045,479 shares @ $378.82,richard.brown@outlook.com,EUR,Japanese Yen,6527,USD
289,59922,BILL-761279,CA,"$94,223",2296.45,"$570,106",JPY,HOLD-2026-622,tenant-042,BILL-148260,Big Ben,191,Spouse,366321126,3941.17,38824.4,"$8,684",3717-6499-7883-1613,55136532,0.0023,0x7f20bf3179386649be0b0ab80c43a7d957766b0d,34674.21,"$44,585","$4,837",CHF,3817.13,Executive Review 2025,"$96,830",82.7409,%B0015388667117521^THOMPSON/DAVID^2502,0606,2303.45,7381,UTF-16,linda.white@yahoo.com,HOLD-2020-872,86952827,2869 shares @ $396.04,66338-66-7,1715370144,843,ASCII,70.8,63 shares @ $474.11,,%B8403466795362699^ROBINSON/JAMES^2403,1567,5916-5149-7121-0684,source_col -> output,3745-1719-7799-5342,033839605,"$240,999",9154.1502,"$48,239.61",17.6,South America,9882,"{""type"": ""object"", ""properties"": {}}",56.7,44.5071,11/28,98506-12-5,7518,09/25,789.95,54.3,"$661,631",594919,Blood Draw,521673,909 shares @ $90.18,Japanese Yen,lucas.thompson@outlook.com,CO,429379,0x9663850c8862b9f76066dc878c8f6cd5a56f2da8,INV-220309,"$34,338",Q3 2026,Japanese Yen,PPP,11/27,1244,BRL,BILL-797573,415541635,BILL-635495,030,Harper N. Jackson,"$39,813",INS-744266,$2b$12$e1D588spBKM5ox7fGli6Xa4yOwl08ej7sdJ6uCr4Ectm5zuwP9NR8,04/30,INV-521626,US Dollar,Yesterday,BILL-784915,update,docker run,harper.smith@gmail.com,2023-09-08 06:57:55,0174094019054,943,tenant-003,700,788,noahking71@yahoo.com,074,Negligible,[INTERNAL] Q3 strategy review pending board approval,4364 shares @ $191.82,"$29,241.86",[CONFIDENTIAL] Formula #372,594813,597,"$9,887,881",847907250369,2194 shares @ $152.58,harper.brown@gmail.com,USD,British Pound,2544,INR
399,52725,BILL-300647,NY,"$123,811",3295.05,"$5,868,940",CAD,HOLD-2026-207,tenant-034,BILL-964253,Big Ben,163,Parent,223405653,"$46,442.30",65357.4,"$12,143",6011-7429-3245-3007,002264693922,0.8675,0x861f31cf64d08cb0fd7b9df0cecf0a40d52ebabf,"$66,751.02","$31,477","$46,766",INR,1299.57,Annual Review 2025,"$3,186,978",27.5163,%B8028119664011364^THOMPSON/JENNIFER^2911,4908,2273.91,9682,UTF-16,ethan.johnson@gmail.com,HOLD-2023-231,36984943,2023 shares @ $195.34,43732-19-4,661424539073,578,ISO-8859-1,21.0,108 shares @ $487.91,2025-04-15 18:22:19,%B9773864605837443^HARRIS/HARPER^3005,0027,4389-2081-6662-9613,source_col -> output,5358-4891-6894-8795,963043209,"$195,901",1894.4216,"$85,473.73",20.4,Oceania,8115,message Msg { string id = 1; },67.6,28.2647,10/28,21135-63-2,6298,02/26,3468.87,19.7,"$7,319,913",601120348,X-Ray Chest,601188445,4047 shares @ $492.1,Euro,emma.martin@gmail.com,CA,444630,0xbb8f47739759ce26194e61f9c06ee1904ec3076a,INV-672230,"$18,588",Q2 2021,US Dollar,YCXS,05/27,1121,CAD,BILL-589297,813865243,BILL-994951,318,Amy Walker,"$13,286",INS-999887,$2b$12$6aGYXTz5MQY7sijmjOqXbDD5jvfVhoauSNk07QDk9txFubhukkjnc,01/25,INV-722654,British Pound,Yesterday,BILL-377995,update,GET /api/users,olivia.smith@gmail.com,2025-05-15T10:15:07Z,4498875538758,804,tenant-015,822,0984,logan.martinez@yahoo.com,530,Critical,[INTERNAL] Q3 strategy review pending board approval,2413 shares @ $296.4,"$47,808.34",[CONFIDENTIAL] Formula #274,3716428,777,"$1,032,446",049956686572,2231 shares @ $264.51,lucas.harris@yahoo.com,AUD,US Dollar,1092,INR
59,371811,BILL-251197,CA,"$163,944",6887.33,"$3,928,389",CAD,HOLD-2021-387,tenant-007,BILL-827480,Big Ben,493,Spouse,080867565,"$52,899.18",21086.0,"$1,343",3741-2314-2420-0634,962433383126,0.5996,0xc373ba3e3d669b1a9a87e90454c5ce04022c5cf4,"$56,206.31","$35,375","$32,689",USD,6141.83,Technical Review 2023,"$7,736,625",7.8531,%B3981159702120298^DAVIS/ANNA^2608,0952,6065.04,9541,UTF-16,david.lee@gmail.com,HOLD-2025-849,1852422695,3127 shares @ $214.99,79373-15-5,58755296,2742,UTF-16,89.2,1464 shares @ $261.14,2026-03-13T15:50:09Z,%B2982399771221663^JONES/AMY^2703,6252,6011-7101-8853-0557,field_a -> target_col,4842-3778-1897-7211,879814283,"$173,503",8901.0634,68493.06,55.7,Africa,1193,"{""type"": ""object"", ""properties"": {}}",23.0,16.7329,09/25,18448-17-5,4215,11/27,3341.68,46.0,"$6,494,390",537672,Colonoscopy,375950,2388 shares @ $86.73,US Dollar,sarah.moore@yahoo.com,WA,60119014,0xdac92a8b1f0677522a0641f08744f2d0f45ef4da,INV-151722,"$40,378",Q2 2022,Japanese Yen,IS,05/27,1165,BRL,BILL-157606,696840784,BILL-573600,127,Richard Robinson,"$36,316",INS-627417,$2b$12$UsrohjIiqIUvQaRn7kSraEK61OoYnzumjznkfddPGywdrlRZyWg4o,11/27,INV-351666,Japanese Yen,Imagine,BILL-275895,update,npm install,patricia.rodriguez@gmail.com,2019-11-25 02:29:14,5033690188321,23,tenant-002,1090,573,john_rodriguez@acme.org,313,Low,[INTERNAL] Q3 strategy review pending board approval,3713 shares @ $298.07,"$24,994.78",[CONFIDENTIAL] Formula #788,41691,535,"$6,505,716",9198761729,858 shares @ $227.09,logan.jackson@yahoo.com,AUD,Japanese Yen,4244,CAD
476,493639,BILL-528794,WA,"$158,146",9729.44,"$2,821,444",JPY,HOLD-2026-228,tenant-008,BILL-196230,Golden Gate Bridge,53,Peer,962750652,"$61,969.45",87254.8,"$48,763",6011-9791-4617-9174,16977189,0.3768,0x9478be40e5b794e4441562be31d13579c869843c,68470.91,"$35,328","$16,143",EUR,9237.94,Technical Summary 2023,"$5,754,269",26.7883,%B1033082011142982^MARTINEZ/JOHN^3007,2654,6810.48,5333,UTF-8,emily.white@outlook.com,HOLD-2023-751,42910840,1644 shares @ $483.71,32373-55-9,1110908326,3714,ASCII,43.2,4076 shares @ $270.6,,%B1973535011057826^TAYLOR/RICHARD^2609,3628,4481-6445-9726-4529,field_a -> field_b,5059-1737-0718-6997,376375131,"$216,969",6892.9203,"$20,250.25",79.3,South America,1945,CREATE TABLE t (id INT PRIMARY KEY),81.8,9.2352,05/25,26448-78-2,4431,03/24,8606.8,23.3,"$3,708,645",601168313,MRI Brain,51786,143 shares @ $30.74,Euro,logan.lee@yahoo.com,CO,52028,0x492ff52610d3b3be2602d2dec7b92e6264fd1900,INV-574722,"$49,681",Q1 2025,Japanese Yen,XC,01/26,2563,CNY,BILL-359872,577678922,BILL-851727,6836,Mason Moore,"$46,193",INS-903513,$2b$12$XRolQS9YrFH6AoeqPJBshWLcUYvkP66JSZe6cQROLR2XP01lZCRKy,02/27,INV-876304,Swiss Franc,Hotel California,BILL-407447,insert,docker run,ethan.young@yahoo.com,2018-04-07T21:10:57Z,4670462639121,595,tenant-036,8007,3713,jennifermartin@outlook.com,193,High,[INTERNAL] Q4 strategy review pending board approval,3859 shares @ $28.08,79689.03,[CONFIDENTIAL] Formula #809,56613,679,"$151,470",8424031819,130 shares @ $432.45,john.johnson@outlook.com,BRL,British Pound,1838,BRL
20,589055,BILL-603682,PA,"$180,153",1341.43,"$2,413,974",JPY,HOLD-2021-775,tenant-046,BILL-518625,Big Ben,553,Manager,723640107,"$64,366.38",9249.3,"$11,486",3780-1808-0608-0925,0705299730,-0.5094,0xa585393fbaf00c33bf8f2bc0d6e7bde5f319e91e,"$46,433.15","$40,941","$24,793",CNY,6905.25,Technical Review 2021,"$1,245,385",53.9454,%B1525137172602969^TAYLOR/RICHARD^2401,2776,1644.03,1215,Latin-1,john.young@yahoo.com,HOLD-2024-931,191400998416,1629 shares @ $339.66,19488-87-3,31796945,469,ISO-8859-1,90.2,1583 shares @ $257.43,,%B3083966211105921^MARTINEZ/ROBERT^2603,6532,6011-5920-1569-2209,source_col -> field_b,3706-2474-9870-7097,093970226,"$82,585",5535.288,"$45,143.94",45.3,South America,5123,CREATE TABLE t (id INT PRIMARY KEY),52.5,8.6138,07/26,97683-52-4,4892,10/25,8088.78,88.7,"$1,531,827",454430,Blood Draw,601141935,2810 shares @ $187.31,US Dollar,mary.davis@yahoo.com,FL,601125640,0x4162a9b565faeea4b9e7c65a49b3fa4516c05154,INV-201993,"$14,540",Q3 2026,Euro,TXJC,11/25,1732,GBP,BILL-906519,843999988,BILL-603547,642,Richard Wright,"$11,832",INS-996863,$2b$12$MjQAEfkC5WbrvjyGN0SgMikiMkLRVysuXmFykWLNhXCHHrz0zjNHh,11/29,INV-158586,US Dollar,Yesterday,BILL-132739,snapshot,GET /api/users,anna.walker@gmail.com,2020-02-14 13:22:49,1264947679074,93,tenant-047,7400,966,elizabeth_rodriguez85@outlook.com,8683,Critical,[INTERNAL] Q1 strategy review pending board approval,4070 shares @ $219.5,"$43,506.66",[CONFIDENTIAL] Formula #305,601188601,833,"$9,413,852",36856746,92 shares @ $328.03,anna.robinson@gmail.com,USD,British Pound,8505,BRL
845,601147098,BILL-635791,NC,"$33,086",2175.27,"$2,078,472",CHF,HOLD-2025-741,tenant-033,BILL-923312,Statue of Liberty,819,Manager,736392128,"$18,653.62",34068.6,"$25,365",6011-8693-6296-5824,53974605,-0.9024,0x52cc4ce14c360107dc8ecf5301fe60c45cb11e23,81811.83,"$10,897","$1,436",AUD,7117.47,Executive Analysis 2023,"$6,126,637",14.2682,%B3998691554744343^WALKER/OLIVER^2502,4641,1236.14,3169,UTF-16,robert.johnson@gmail.com,HOLD-2024-191,29611452,4907 shares @ $204.75,36448-25-0,54601221,5975,ISO-8859-1,19.1,4688 shares @ $58.77,2019-11-07 00:22:48,%B2897770677771086^THOMPSON/JOHN^2811,2542,3725-0202-8598-8217,field_a -> target_col,XXXX-XXXX-XXXX-9592,026829584,"$106,208",7199.6775,40663.25,87.3,South America,9961,"{""type"": ""object"", ""properties"": {}}",51.4,29.8542,09/27,95150-10-9,9914,04/25,6319.87,228.1,"$1,300,647",601161379,Physical Exam,3779750,2545 shares @ $374.64,British Pound,patricia.williams@yahoo.com,OH,41123,0x89a2bfca3058e6644f8b142baa781770ea5a0b51,INV-424035,"$6,949",Q3 2025,Swiss Franc,TLNE,11/24,140,CHF,BILL-321397,730025041,BILL-266877,4184,Emily White,"$11,571",INS-217943,$2b$12$gkLMuj2eDPqz9aESsKtOeqqUaP7CspYwlyiv85PkVZaC21YOLHXYs,11/26,INV-259874,US Dollar,Hotel California,BILL-348763,snapshot,GET /api/users,patricia.king@outlook.com,2020-04-17 20:49:38,6223758089379,295,tenant-038,7924,618,david.harris97@example.com,730,Low,[INTERNAL] Q1 strategy review pending board approval,1430 shares @ $270.76,"$77,306.17",[CONFIDENTIAL] Formula #527,378080,639,"$8,427,090",61877286,3735 shares @ $327.27,james.rodriguez@outlook.com,EUR,Japanese Yen,8048,CAD
671,45596,BILL-156956,IL,"$156,202",2757.73,"$4,566,918",EUR,HOLD-2025-542,tenant-029,BILL-310681,Central Park,409,Peer,305529414,"$6,982.62",44190.9,"$5,787",XXXX-XXXX-XXXX-5439,607123816835,-0.8764,0x4c098d05dc023771c545f482be69b80c39df8bf5,"$9,672.58","$5,349","$38,841",AUD,6233.46,Technical Analysis 2023,"$6,351,378",129.4071,%B1073807501521725^JACKSON/ANNA^3002,2725,9122.25,7875,Latin-1,olivia.harris@yahoo.com,HOLD-2025-990,2621266133,4692 shares @ $361.68,21264-55-5,1235306657,5452,ISO-8859-1,57.2,3923 shares @ $46.54,2019-09-17 02:58:49,%B4830976771575643^MOORE/JESSICA^2612,0275,4935-4960-5736-6577,source_col -> target_col,3724-6320-6590-2230,262665216,"$133,774",4957.8257,6892.88,37.1,Europe,9257,"{""type"": ""object"", ""properties"": {}}",41.4,38.1332,04/26,71467-25-5,2512,03/24,2232.48,26.1,"$1,442,159",377388,ECG,563445,1341 shares @ $142.14,Swiss Franc,linda.wright@yahoo.com,TX,58858,0xac25417f38ddb8d8c0d0167f114bfcf881bc8cc7,INV-529598,"$46,737",Q2 2026,Swiss Franc,IF,01/28,4130,CHF,BILL-829400,599558071,BILL-518097,204,Robert H. Martinez,"$28,164",INS-325494,$2b$12$eVagoP0CZxcNQAgB2rLZaRBh3LukLtN391DjnQfOAbSIYiWuSB1nL,04/27,INV-681861,Euro,Imagine,BILL-152261,insert,kubectl apply,richard.davis@gmail.com,2025-03-26 20:37:27,8866891016769,210,tenant-043,355,3630,oliver.lee@example.com,3907,Negligible,[INTERNAL] Q2 strategy review pending board approval,4983 shares @ $273.68,65084.24,[CONFIDENTIAL] Formula #385,515970,389,"$2,696,780",644512991838,3447 shares @ $491.41,ethan.taylor@gmail.com,EUR,US Dollar,2844,INR
130,601135923,BILL-326610,WA,"$171,822",1645.66,"$2,505,297",INR,HOLD-2026-761,tenant-025,BILL-314159,Golden Gate Bridge,107,Manager,920726591,"$22,076.64",70938.5,"$15,512",XXXX-XXXX-XXXX-1071,9299657588,-0.6682,0x60d8a3f2da5b287f9df710f80b09371bfed84848,27941.00,"$25,428","$20,372",BRL,9317.53,Technical Report 2021,"$5,702,142",124.3196,%B0232956208645066^WILLIAMS/MARY^2412,2656,1451.17,1510,UTF-16,james.johnson@gmail.com,HOLD-2021-133,5079789095,4355 shares @ $294.66,41269-76-1,7145120521,9698,ISO-8859-1,35.4,3493 shares @ $225.7,,%B7243504294617666^MARTIN/MICHAEL^2512,9459,6011-9132-2453-8685,field_a -> output,5614-0549-7760-1421,090695880,"$233,723",1544.4057,94389.68,35.2,Asia,1465,"{""type"": ""object"", ""properties"": {}}",1.3,10.3622,01/30,28620-15-1,2474,11/30,1222.02,23.1,"$7,024,820",60116816,Physical Exam,375359,4776 shares @ $495.12,Japanese Yen,mason.smith@outlook.com,TX,60119415,0xfadce824e4b2b25543465ddfc9ca54e0332c3e63,INV-211507,"$47,561",Q3 2023,Japanese Yen,NKD,07/24,2216,AUD,BILL-960176,200144648,BILL-900626,375,Jennifer Walker,"$13,327",INS-868848,$2b$12$58l88yaps67VKsI4DdfY2pNnNekJouhcPIS7VV8pdw5qvtG7nTjtO,02/25,INV-659616,Euro,Yesterday,BILL-418932,update,kubectl apply,william.jackson@yahoo.com,2022-07-24T11:16:03Z,5767971661943,621,tenant-046,409,203,harper.martinez@company.com,6272,Low,[INTERNAL] Q3 strategy review pending board approval,3415 shares @ $149.0,31695.90,[CONFIDENTIAL] Formula #370,371716,412,"$1,645,670",5545884624,3157 shares @ $389.9,logan.wright@gmail.com,CAD,Japanese Yen,4432,USD
805,601149522,BILL-205290,MA,"$114,188",6924.7,"$2,009,706",BRL,HOLD-2020-517,tenant-022,BILL-897099,Eiffel Tower,29,Sibling,689246904,"$70,117.37",21253.4,"$48,161",XXXX-XXXX-XXXX-1814,3303004960,0.7658,0x8e550175f9c1b9e7dfe15b43acb146f1abf56caa,23283.59,"$3,639","$13,070",INR,5717.14,Executive Analysis 2021,"$6,921,697",142.9986,%B4069204091661083^THOMAS/DAVID^2908,5573,398.86,0849,UTF-8,elizabeth.moore@gmail.com,HOLD-2020-879,333650014146,590 shares @ $176.44,54518-71-7,142533217651,587,ISO-8859-1,81.7,4954 shares @ $90.42,2026-10-01T21:12:02Z,%B8580279128502425^RODRIGUEZ/ANNA^2711,1817,4684-7448-1263-9112,source_col -> output,4022-6592-7560-4139,553302534,"$210,798",5111.6704,"$26,325.84",21.3,Africa,8906,message Msg { string id = 1; },16.6,35.4556,02/29,20454-93-0,9854,06/27,3556.72,158.5,"$3,249,051",374001,Colonoscopy,3785499,4780 shares @ $333.72,British Pound,jennifer.anderson@outlook.com,PA,56238,0x575c04ed27afeb758f564bb2529a1ee56295b530,INV-825980,"$24,933",Q1 2023,Swiss Franc,BXR,12/26,2260,CHF,BILL-160677,456350361,BILL-254426,7489,Sophia Williams,"$10,164",INS-405453,$2b$12$M2qYgF1diKVQId2aw3pOvz8KUXpyxt8RQUWAuN7VAjA3ju6wz4iup,12/24,INV-592229,Swiss Franc,Bohemian Rhapsody,BILL-200786,upsert,kubectl apply,lucas.lee@outlook.com,2019-02-05 08:56:53,9689025956711,51,tenant-009,1055,342,emma_smith64@outlook.com,2054,Negligible,[INTERNAL] Q4 strategy review pending board approval,1791 shares @ $448.85,94161.16,[CONFIDENTIAL] Formula #426,60110353,591,"$9,701,406",75407250,1886 shares @ $45.64,susan.young@yahoo.com,JPY,British Pound,5616,EUR
424,3751009,BILL-880981,NY,"$110,310",83.52,"$7,878,763",JPY,HOLD-2020-338,tenant-028,BILL-837678,Golden Gate Bridge,382,Spouse,266035255,"$83,451.35",82385.7,"$27,019",XXXX-XXXX-XXXX-9827,4766980601,-0.4167,0xd05b4fe69e8783b4154982d47f1521ed283fd2d9,98588.71,"$18,210","$23,314",CHF,521.89,Technical Report 2022,"$6,975,255",89.5916,%B5543388733261690^WHITE/OLIVER^2608,9089,2167.3,4015,ISO-8859-1,william.miller@yahoo.com,HOLD-2023-243,511205005816,4027 shares @ $125.26,77570-88-2,2927725124,9089,Latin-1,21.8,2496 shares @ $408.88,2020-05-09 14:34:23,%B2084561469570245^RODRIGUEZ/JESSICA^2706,0750,XXXX-XXXX-XXXX-6349,input -> output,5026-7001-2872-9157,026017607,"$44,839",7792.5243,82195.38,61.0,Africa,5385,message Msg { string id = 1; },83.6,36.0283,01/25,99543-50-0,8697,05/25,3103.88,261.3,"$8,012,621",601126081,ECG,563881,1508 shares @ $56.9,British Pound,oliver.smith@yahoo.com,OH,489489,0x590fbc0ded1445cb80a91f46f4f35096d05fec8b,INV-757892,"$2,123",Q1 2021,Euro,PPF,08/26,596,BRL,BILL-734531,065654976,BILL-149767,7610,Robert Q. Thompson,"$37,882",INS-993425,$2b$12$qYO4N6aDsDDYY7axcVE1vid5maRW22ZjFhC0TdpdXlY6aa1Lmwm75,05/25,INV-576077,British Pound,Bohemian Rhapsody,BILL-937025,upsert,GET /api/users,jessica.williams@yahoo.com,2026-08-20 13:59:45,9802916359878,363,tenant-037,1601,254,noah.anderson@example.com,267,Critical,[INTERNAL] Q2 strategy review pending board approval,2431 shares @ $207.1,61964.28,[CONFIDENTIAL] Formula #131,60111524,529,"$9,307,290",3799052704,1747 shares @ $492.72,harper.robinson@outlook.com,EUR,Japanese Yen,5139,JPY
665,50517,BILL-711029,WA,"$135,929",1729.8,"$2,011,438",EUR,HOLD-2024-815,tenant-001,BILL-597342,Eiffel Tower,653,Peer,377868287,39688.90,45577.7,"$47,539",6011-5629-5163-3819,15452940,-0.2418,0x8fb5864f7b01399a931f06d60ac39829f21a366c,89908.14,"$45,804","$15,597",CAD,8431.91,Technical Summary 2020,"$161,040",86.9544,%B0812613870222169^HARRIS/ANNA^2803,3737,3318.06,5287,UTF-8,jennifer.lee@outlook.com,HOLD-2023-307,5358173300,1245 shares @ $485.23,33510-44-7,297596732581,141,Latin-1,65.6,4280 shares @ $190.76,2019-01-12T14:32:00Z,%B1545736877707608^CLARK/ANNA^2805,2090,6011-7677-0793-9995,source_col -> field_b,3713-5840-2634-7113,739879556,"$70,172",3296.1899,"$9,870.83",45.2,South America,9862,CREATE TABLE t (id INT PRIMARY KEY),36.1,43.4569,08/25,88005-86-1,9168,01/29,9369.85,214.9,"$2,753,996",431106,Physical Exam,578354,902 shares @ $35.58,US Dollar,jennifer.garcia@outlook.com,CO,60119567,0xaccdb9a1c0222212bad831e4e7af644556dee330,INV-858686,"$31,648",Q2 2021,Euro,LQT,08/29,3607,BRL,BILL-987905,452551511,BILL-852343,113,Oliver Q. Wright,"$37,831",INS-958594,$2b$12$We1rFYHbK9O64GrNp5NGiOsmTQRvpzASviGOWjkFUPfV4hbk2BOpn,06/29,INV-681991,Euro,Yesterday,BILL-532461,delete,npm install,amy.young@yahoo.com,2018-05-19T04:36:28Z,2737102134947,975,tenant-006,3760,6980,jessica.brown@outlook.com,734,Negligible,[INTERNAL] Q4 strategy review pending board approval,4856 shares @ $102.45,"$84,928.28",[CONFIDENTIAL] Formula #917,601198539,777,"$1,147,812",05722731,1122 shares @ $42.13,logan.brown@outlook.com,CHF,US Dollar,9594,INR
447,577461,BILL-575832,WA,"$93,871",7234.19,"$5,045,556",JPY,HOLD-2025-442,tenant-013,BILL-152886,Golden Gate Bridge,127,Peer,101979115,67857.70,48481.7,"$14,625",4956-6011-2067-0875,74388569,0.6203,0x01a28420539489f091741d4521ba7b3e155a4929,"$7,435.28","$34,515","$44,813",BRL,2410.45,Annual Summary 2020,"$5,617,146",2.9839,%B3662951988490242^THOMPSON/JESSICA^3011,1280,4192.72,3857,ISO-8859-1,michael.thompson@gmail.com,HOLD-2022-230,4554758453,3742 shares @ $213.92,63758-50-4,15617580,0128,UTF-8,10.9,158 shares @ $319.78,,%B9123740052189212^THOMPSON/SUSAN^2702,8449,3781-7272-0562-8659,source_col -> output,XXXX-XXXX-XXXX-6880,599720109,"$83,911",1186.5539,"$33,233.11",98.0,Oceania,5158,CREATE TABLE t (id INT PRIMARY KEY),87.4,28.8178,06/25,63958-33-6,5436,09/30,1730.1,173.3,"$4,276,242",377625,Physical Exam,518619,1136 shares @ $496.85,US Dollar,jennifer.miller@outlook.com,OH,3766099,0x214a082752e47f0d10027439b810493438a393a2,INV-881008,"$17,503",Q1 2022,US Dollar,FYAS,11/26,115,CAD,BILL-967896,744401031,BILL-647612,858,Jennifer G. Brown,"$21,572",INS-224001,$2b$12$BXOipjRT5M9rP0pIdPk1XwC5ymHQO2pI8LpVhG5M0nXqk3pgoI0jB,06/29,INV-838479,British Pound,Stairway to Heaven,BILL-978264,snapshot,docker run,noah.thomas@yahoo.com,2026-06-08 01:58:56,7139685049359,855,tenant-024,9646,8325,ethanrobinson@outlook.com,9299,Negligible,[INTERNAL] Q2 strategy review pending board approval,4110 shares @ $394.64,"$14,329.45",[CONFIDENTIAL] Formula #469,601170589,577,"$5,957,361",119790990366,318 shares @ $78.58,olivia.lewis@outlook.com,JPY,British Pound,3245,JPY
661,46021,BILL-208245,FL,"$102,743",8764.06,"$814,743",CNY,HOLD-2026-472,tenant-025,BILL-983390,Golden Gate Bridge,539,Manager,919086408,97259.39,89306.4,"$33,495",XXXX-XXXX-XXXX-9951,703040356866,-0.1974,0x6dc7449013e001e9110a7ef4d0f93dfc2bb18aec,"$52,819.47","$12,685","$14,366",USD,3499.73,Executive Report 2024,"$2,092,510",81.974,%B3461642220767063^ROBINSON/AIDEN^2611,7491,5448.35,6187,Latin-1,michael.young@yahoo.com,HOLD-2020-768,293757266860,123 shares @ $52.3,81106-76-4,16632389,384,ISO-8859-1,47.3,3365 shares @ $341.74,2025-04-19 05:54:29,%B5961585962772863^HARRIS/LINDA^3002,6305,5709-5516-1377-9528,source_col -> output,5640-8459-8228-8849,527687983,"$137,867",7428.289,59560.68,46.9,North America,7528,CREATE TABLE t (id INT PRIMARY KEY),15.7,21.5443,04/28,13366-23-7,9719,07/29,8771.65,155.7,"$334,584",3754556,Physical Exam,374482,4270 shares @ $464.98,British Pound,michael.anderson@gmail.com,OH,60112742,0x89b737ce3f68c9797c7716a0685f12ab49c4df46,INV-424397,"$6,333",Q1 2022,Swiss Franc,WG,10/26,4892,INR,BILL-283343,363901182,BILL-257521,307,Aiden Jackson,"$47,315",INS-484858,$2b$12$TDxkJoHqRwjjdFJviovAz6R11ikoNTWorz68Nrq7ccj33NGM4xzyo,09/30,INV-137044,Euro,Bohemian Rhapsody,BILL-762120,insert,kubectl apply,james.garcia@yahoo.com,2018-09-28T21:58:58Z,8566127815954,16,tenant-047,4327,3337,olivia_smith64@gmail.com,4595,High,[INTERNAL] Q1 strategy review pending board approval,4098 shares @ $389.06,71202.14,[CONFIDENTIAL] Formula #652,597176,665,"$6,525,671",877753593161,2943 shares @ $205.9,jessica.lewis@outlook.com,USD,US Dollar,9946,BRL
136,447057,BILL-215002,NY,"$176,647",5816.54,"$1,162,064",GBP,HOLD-2024-482,tenant-015,BILL-101655,Eiffel Tower,946,Child,557867648,53339.53,85848.1,"$47,609",4597-7357-7500-2610,616602672063,-0.8199,0xbe78839fbc06edb9890660e3a4c9778a87f4ea7b,"$26,459.51","$7,445","$35,955",INR,8967.52,Technical Report 2026,"$1,278,323",56.9289,%B9161277567105670^LEE/JENNIFER^3007,5467,1539.42,4756,UTF-16,harper.jones@yahoo.com,HOLD-2024-136,8749260507,4621 shares @ $376.52,77266-45-8,8244272648,9145,ASCII,32.6,2011 shares @ $437.33,2020-09-13T02:56:59Z,%B7822770642652354^LEWIS/EMMA^2609,0074,XXXX-XXXX-XXXX-4865,input -> target_col,XXXX-XXXX-XXXX-6215,208747476,"$129,070",1006.7815,"$80,537.08",33.9,Africa,4660,CREATE TABLE t (id INT PRIMARY KEY),38.5,5.6295,04/29,97680-91-3,2184,04/25,1207.02,239.6,"$8,237,463",60118254,Blood Draw,53972,1605 shares @ $305.28,British Pound,emily.martinez@outlook.com,MA,45437,0x4996d6ee86a0890db1fb29cbae49c761e5a94277,INV-388284,"$38,259",Q2 2020,US Dollar,YD,01/26,188,INR,BILL-114379,345045725,BILL-469060,8784,Oliver Y. Davis,"$11,218",INS-637556,$2b$12$WsBXxEN67sVOvAhpTi73hg1Be0n6Jd8Ypcka9hMHyhakvaH09EV5I,10/28,INV-980300,Euro,Yesterday,BILL-422659,upsert,GET /api/users,logan.walker@gmail.com,2025-02-09 13:10:18,9355337228188,752,tenant-016,0095,563,jennifer_clark@yahoo.com,1024,Low,[INTERNAL] Q2 strategy review pending board approval,1958 shares @ $334.23,70776.10,[CONFIDENTIAL] Formula #773,511982,391,"$1,008,121",5376710806,3428 shares @ $69.08,robert.miller@outlook.com,GBP,US Dollar,6466,JPY
258,60110562,BILL-718372,NC,"$182,403",529.78,"$2,296,897",CAD,HOLD-2024-672,tenant-026,BILL-868886,Central Park,910,Peer,233832284,"$5,945.76",75723.7,"$36,171",5776-6428-9644-7248,84709229,-0.3577,0xf65205377ca71e3b27009832d899ea1c1248e410,"$76,919.38","$36,327","$22,751",GBP,4344.35,Executive Review 2026,"$8,480,232",58.2309,%B2850491696801271^GARCIA/PATRICIA^3011,8071,6413.85,6494,UTF-8,liam.jones@yahoo.com,HOLD-2026-558,90688183,1259 shares @ $231.05,76171-92-8,95199733,3536,ISO-8859-1,56.0,3431 shares @ $367.2,2025-09-09 16:07:35,%B6817164198442135^JONES/SOPHIA^3006,6191,XXXX-XXXX-XXXX-7266,field_a -> target_col,5144-5748-8376-4319,446659450,"$149,142",4872.7668,"$45,528.57",17.5,North America,8538,"{""type"": ""object"", ""properties"": {}}",86.1,8.732,10/26,42323-31-3,8315,10/30,4528.88,267.3,"$2,944,984",554145,MRI Brain,3749126,4831 shares @ $98.23,Swiss Franc,richard.thompson@outlook.com,CO,3752491,0x82451f481b5f5acd5de22f416cbc61261c93e1e5,INV-181331,"$39,235",Q1 2022,US Dollar,ZRH,01/24,3902,GBP,BILL-168065,217408494,BILL-181102,981,Robert Thomas,"$27,924",INS-859180,$2b$12$VfUmMXPO78HEN7pCLvu37dFcQ5j97Gihr7Zkt1OdgJPyQOo6UUfFU,03/26,INV-118552,Euro,Yesterday,BILL-101413,delete,GET /api/users,ethan.martinez@yahoo.com,2024-09-04 09:39:34,6209020302785,702,tenant-017,7312,7674,elizabeth.davis@company.com,1652,Negligible,[INTERNAL] Q4 strategy review pending board approval,4858 shares @ $425.59,"$14,245.81",[CONFIDENTIAL] Formula #189,51871,330,"$2,097,012",991343578570,518 shares @ $400.09,susan.thomas@yahoo.com,CHF,Euro,1947,CAD
205,60111505,BILL-862698,GA,"$141,430",1058.63,"$1,070,640",GBP,HOLD-2026-568,tenant-048,BILL-836994,Statue of Liberty,319,Parent,779753478,"$26,136.98",45629.6,"$28,066",XXXX-XXXX-XXXX-3664,77697253,-0.9244,0x08618a206f0a54aedb610ba019e5b3029093775d,"$30,786.60","$18,480","$13,422",CNY,427.01,Technical Summary 2020,"$2,809,233",127.8338,%B6869918006780905^ROBINSON/RICHARD^2804,1473,3481.54,8614,ASCII,oliver.brown@outlook.com,HOLD-2026-574,751948825376,3240 shares @ $271.61,78576-34-6,90395331,938,Latin-1,7.8,995 shares @ $454.65,2019-11-13 12:02:10,%B5050308626948218^ROBINSON/LUCAS^2508,6102,6011-4250-9495-1505,field_a -> target_col,4723-1778-3516-6926,263641353,"$227,729",2774.8019,"$10,211.95",89.0,Oceania,7886,message Msg { string id = 1; },54.0,47.7589,07/27,50184-13-4,9128,03/25,792.91,36.2,"$5,177,362",574128,ECG,601198706,4469 shares @ $50.28,British Pound,richard.robinson@yahoo.com,NC,558646,0xca1c7db1a4365e34124eb4bb90d300cfdd9ec2ed,INV-936752,"$21,183",Q4 2024,Japanese Yen,BE,09/24,1538,CAD,BILL-686901,114813345,BILL-389934,1258,Mary King,"$39,432",INS-221754,$2b$12$2iv3wZe6WdYb53XGP75SsDjjkNFhItvfyZB3W5NInVwWWTibJeLUL,03/25,INV-442941,Euro,Stairway to Heaven,BILL-369972,snapshot,GET /api/users,david.davis@gmail.com,2025-01-23 17:19:16,7916621767509,926,tenant-046,5124,846,patriciamartinez@example.com,4044,High,[INTERNAL] Q1 strategy review pending board approval,2460 shares @ $44.38,61678.18,[CONFIDENTIAL] Formula #219,57308,592,"$921,023",088503234782,3325 shares @ $188.43,susan.jones@outlook.com,JPY,US Dollar,4655,INR
557,51935,BILL-597300,GA,"$215,146",9278.67,"$9,670,295",CHF,HOLD-2020-582,tenant-005,BILL-841794,Golden Gate Bridge,991,Spouse,948256760,94796.04,51400.0,"$13,203",4086-8781-6201-2026,475933112891,0.0334,0xd1e01d263f6a2b50aeeb44c11945cce261d3f679,"$64,631.65","$35,254","$21,270",USD,3820.75,Technical Report 2022,"$4,591,676",1.6281,%B4926283310190912^KING/OLIVER^3006,3485,4140.84,4777,ASCII,jessica.thomas@yahoo.com,HOLD-2024-507,6346095997,4632 shares @ $190.78,81025-77-3,569903860748,561,UTF-16,65.8,963 shares @ $413.44,,%B3398045141367929^BROWN/EMMA^2404,3750,XXXX-XXXX-XXXX-1532,source_col -> output,XXXX-XXXX-XXXX-1975,339840167,"$211,079",5155.6179,"$91,962.94",45.7,Asia,1131,CREATE TABLE t (id INT PRIMARY KEY),1.1,10.4362,08/28,60457-26-3,3780,04/25,7745.18,117.4,"$7,708,970",58163,MRI Brain,60111408,3528 shares @ $349.38,Euro,william.thomas@outlook.com,GA,557038,0xe81cf3451e2d62586ec31567e9f7cdb7873fe01e,INV-237528,"$40,382",Q4 2025,US Dollar,SZTC,10/29,4975,EUR,BILL-751231,126152557,BILL-533989,916,Linda Robinson,"$18,201",INS-577460,$2b$12$IPKZGI5hjoIckqUDCQDcJkjyYcMvPLGvFeTcMCVWLDvVNUYLA77VE,05/27,INV-258387,US Dollar,Imagine,BILL-163739,insert,npm install,patricia.clark@yahoo.com,2020-02-08 17:03:43,2155315192013,941,tenant-012,989,824,anna.white@yahoo.com,3442,Medium,[INTERNAL] Q1 strategy review pending board approval,1536 shares @ $299.94,"$28,151.11",[CONFIDENTIAL] Formula #596,51009,821,"$5,911,898",49651961,4881 shares @ $99.08,jennifer.martinez@outlook.com,BRL,US Dollar,3395,EUR
339,379384,BILL-591072,CA,"$222,471",7960.35,"$6,713,907",CAD,HOLD-2022-585,tenant-017,BILL-919407,Big Ben,245,Spouse,605277641,82483.08,97274.1,"$24,353",6011-2806-2286-5885,0144041907,-0.0294,0x4c5db8a5fc5eb25e52efe8b8a91511e8c0344be5,"$2,529.56","$10,257","$11,379",EUR,6366.3,Executive Review 2023,"$7,407,879",31.8006,%B7578795834601569^MARTIN/JENNIFER^3001,9617,4180.77,2517,UTF-16,jennifer.anderson@gmail.com,HOLD-2020-273,48438137,4885 shares @ $356.23,41415-57-5,374245267431,041,UTF-16,6.9,3704 shares @ $244.71,,%B7133842890633446^LEWIS/PATRICIA^2606,6205,3705-0920-3049-4513,field_a -> target_col,XXXX-XXXX-XXXX-5759,540071072,"$191,191",538.3288,"$13,669.07",31.6,Asia,6388,"{""type"": ""object"", ""properties"": {}}",56.6,11.2715,08/25,93723-28-5,6204,07/25,9927.63,78.5,"$3,411,660",42166,Blood Draw,60113174,1349 shares @ $330.54,Swiss Franc,harper.thomas@outlook.com,OH,3765171,0xfb3d298f9e195a027d6e9ee43575701dd28e6a29,INV-267297,"$19,113",Q1 2025,Euro,DOC,01/30,2285,CAD,BILL-262821,016646502,BILL-604780,949,Linda Walker,"$32,985",INS-433631,$2b$12$1F70MmJAYWedi4SdMVB74aLQMYOpY9vOAx9vCdVIB4mrFYJzyZlAk,04/26,INV-673093,Japanese Yen,Bohemian Rhapsody,BILL-318651,upsert,kubectl apply,anna.robinson@yahoo.com,2026-04-23 00:09:34,0068342840810,424,tenant-031,7473,7049,jessica_lee@gmail.com,3127,Negligible,[INTERNAL] Q1 strategy review pending board approval,3759 shares @ $210.73,"$65,579.25",[CONFIDENTIAL] Formula #299,57288,840,"$722,542",777578159307,1076 shares @ $353.97,jessica.lee@outlook.com,INR,US Dollar,8085,CAD
712,415612,BILL-268472,TX,"$218,190",4186.48,"$9,179,768",USD,HOLD-2024-524,tenant-001,BILL-903573,Eiffel Tower,47,Child,602636696,"$86,000.42",33357.6,"$17,316",5849-3618-0176-6409,4925430666,-0.1026,0xef247edf9e27efd8ca54d29153a014cb847d6f98,"$58,269.60","$45,996","$41,875",INR,4230.2,Quarterly Report 2020,"$8,025,751",30.3614,%B2179904928439252^JOHNSON/AIDEN^2909,8655,8178.04,6967,UTF-8,john.jackson@yahoo.com,HOLD-2025-809,2276087023,1402 shares @ $238.93,31493-33-8,549249709871,440,UTF-8,52.5,2913 shares @ $334.96,,%B5987022796832682^LEE/EMILY^3006,2857,3780-2542-7323-1859,source_col -> field_b,6011-4727-2934-5849,972752357,"$191,396",3033.918,16429.64,90.8,North America,7181,CREATE TABLE t (id INT PRIMARY KEY),57.3,46.7114,10/26,56449-19-4,7013,10/25,7638.54,288.1,"$6,598,735",374489,X-Ray Chest,375906,3912 shares @ $186.15,Swiss Franc,ethan.brown@gmail.com,FL,45312,0x334104d8f4cc4ede4ade2ef2131bd9412e87aa48,INV-337648,"$28,335",Q2 2026,Japanese Yen,TW,09/28,1953,CHF,BILL-580207,889264723,BILL-846495,3219,Michael P. King,"$37,516",INS-744891,$2b$12$UIUZe4ZEOzC1azhCOcmP0USHfDu6nHhR0ty70ruzCTr2P09oRiTS9,11/29,INV-130357,British Pound,Hotel California,BILL-504367,update,GET /api/users,amy.robinson@yahoo.com,2026-06-25 20:21:16,4315442818035,221,tenant-009,303,564,lucastaylor@outlook.com,319,Negligible,[INTERNAL] Q4 strategy review pending board approval,2235 shares @ $114.23,38871.88,[CONFIDENTIAL] Formula #154,3725787,307,"$2,061,389",531270567913,1609 shares @ $36.53,james.miller@gmail.com,GBP,Japanese Yen,8235,CNY
47,490978,BILL-699609,CO,"$48,982",2751.81,"$90,122",AUD,HOLD-2026-269,tenant-012,BILL-666458,Central Park,358,Sibling,488148716,82646.24,46351.6,"$33,606",4206-4113-8566-7293,2400358073,0.2379,0x272572b81b777280d2f16fece2a5bf90ac1583dc,96480.98,"$20,755","$49,033",AUD,5181.02,Executive Analysis 2025,"$8,391,166",133.0121,%B1604414132569454^LEWIS/WILLIAM^2902,0157,5498.31,0719,UTF-16,amy.jackson@outlook.com,HOLD-2023-144,90899460,692 shares @ $273.09,82292-56-0,26490945,3998,ASCII,55.8,4517 shares @ $464.48,2025-11-17 22:12:54,%B8950897179488000^WRIGHT/AMY^2403,7071,3740-0036-1145-0370,input -> output,XXXX-XXXX-XXXX-6489,821333435,"$130,460",121.672,"$92,871.46",33.3,South America,0185,message Msg { string id = 1; },25.1,0.7339,11/26,45149-15-6,2354,06/28,5441.61,260.7,"$8,760,913",520063,Blood Draw,3739547,3182 shares @ $91.84,British Pound,david.taylor@outlook.com,FL,44286,0xa2f5fd43416c5cb2b35398c3e261c1e7f1415992,INV-899603,"$8,417",Q4 2020,British Pound,UQ,02/30,4686,GBP,BILL-643732,352757643,BILL-296143,4577,Linda Taylor,"$4,244",INS-134801,$2b$12$lmkQ7PJmWmw0yzBMCVaw7BRqGn6OtreRuELj6ssxZXrla65b0ZuHW,09/25,INV-345134,Euro,Hotel California,BILL-739087,upsert,docker run,sophia.young@yahoo.com,2022-06-10 06:01:27,9459009396470,873,tenant-021,8013,560,oliviagarcia5@company.com,4924,High,[INTERNAL] Q1 strategy review pending board approval,4274 shares @ $319.52,37643.36,[CONFIDENTIAL] Formula #135,453602,327,"$9,623,840",120644793241,933 shares @ $239.33,emily.moore@yahoo.com,JPY,Swiss Franc,7406,USD
522,379387,BILL-672330,GA,"$144,958",1031.03,"$429,694",USD,HOLD-2024-661,tenant-044,BILL-351641,Central Park,765,Peer,615236469,"$51,731.89",5900.8,"$23,687",6011-2463-2778-8365,72845042,0.1707,0xe489cf9b8a5339bead488f79a70dec1b6decdc5c,52194.53,"$5,669","$18,861",USD,6777.01,Quarterly Report 2024,"$2,743,901",99.6083,%B7509460964295756^MARTIN/LINDA^2803,7798,9440.47,5921,UTF-16,michael.lee@yahoo.com,HOLD-2023-518,93742425,637 shares @ $27.09,82172-36-1,82811429,5957,ISO-8859-1,44.5,181 shares @ $396.55,2020-04-02T13:31:16Z,%B7045918974067047^THOMPSON/MICHAEL^2701,4497,6011-5600-9189-6111,source_col -> output,4110-5778-6220-7063,794895505,"$71,215",8664.5089,8422.08,32.3,Africa,2845,"{""type"": ""object"", ""properties"": {}}",21.2,43.0488,02/27,99871-88-9,8506,05/29,4387.38,75.3,"$7,713,373",59298,ECG,43825,402 shares @ $62.41,Swiss Franc,ethan.white@gmail.com,GA,499084,0xbf469f56c0ed41f24e24a7cff7833d14a3676aa4,INV-988387,"$1,384",Q2 2024,Swiss Franc,AD,01/29,312,USD,BILL-964473,909563984,BILL-596529,5054,Olivia Williams,"$45,748",INS-379563,$2b$12$lcWIfjC9VVUqfQx25ZJipdvi0xOsJSk8vOKaXC0ur7RuweeMoqby1,05/25,INV-147895,US Dollar,Bohemian Rhapsody,BILL-796259,delete,kubectl apply,logan.wright@outlook.com,2020-06-10 16:18:38,1083751283283,678,tenant-029,726,3715,amymartinez@outlook.com,1470,Medium,[INTERNAL] Q3 strategy review pending board approval,1726 shares @ $452.88,"$86,735.68",[CONFIDENTIAL] Formula #711,379145,579,"$4,267,099",2742205378,3646 shares @ $171.05,elizabeth.miller@gmail.com,CHF,US Dollar,0316,CAD
439,376240,BILL-680731,GA,"$77,661",6142.98,"$4,958,507",CAD,HOLD-2025-872,tenant-042,BILL-175816,Golden Gate Bridge,524,Spouse,415501970,"$6,531.02",94520.0,"$1,874",XXXX-XXXX-XXXX-9449,7559347348,-0.5713,0x7ee38baa6043e040b526d88f16fc82e450c4996d,"$57,542.22","$34,664","$14,266",CHF,8217.26,Executive Review 2025,"$3,941,760",52.9598,%B6127828994166811^MILLER/LUCAS^2409,0018,5497.64,7623,ASCII,michael.brown@gmail.com,HOLD-2021-428,537245311250,2343 shares @ $43.42,25531-43-3,260534637147,8136,Latin-1,91.8,1992 shares @ $497.49,,%B6749099606427902^LEE/SARAH^3011,7192,5129-6348-2392-6533,source_col -> target_col,4889-4689-7393-5335,599083574,"$227,495",103.4697,"$25,075.08",91.5,Oceania,5344,"{""type"": ""object"", ""properties"": {}}",47.0,43.8641,01/25,10547-29-5,7035,07/24,4149.26,158.2,"$2,323,197",481490,Blood Draw,379560,1208 shares @ $26.05,Japanese Yen,william.brown@yahoo.com,WA,40457,0xd2c2fd1a834ed6007cacc7f306b6ca8321f2d4f6,INV-249099,"$43,400",Q3 2025,Euro,MOA,08/30,2071,JPY,BILL-196427,637525351,BILL-440123,8634,Mary F. Walker,"$4,355",INS-611503,$2b$12$tU7QOtE9tWydTrTWwrWh0a9Uu32KyAWKZXuMTJi8n4NGXSLDrzvDy,11/28,INV-369457,British Pound,Imagine,BILL-272503,insert,npm install,emily.harris@outlook.com,2023-08-14T05:52:57Z,5428603227286,148,tenant-046,1519,3853,sophialee@gmail.com,778,Low,[INTERNAL] Q1 strategy review pending board approval,991 shares @ $321.9,"$46,688.26",[CONFIDENTIAL] Formula #595,570450,788,"$4,632,119",64800314,3540 shares @ $218.14,richard.moore@yahoo.com,BRL,US Dollar,9133,USD
996,3761865,BILL-134952,TX,"$121,364",669.51,"$1,506,007",CAD,HOLD-2024-160,tenant-044,BILL-757575,Golden Gate Bridge,975,Manager,062459748,"$55,734.54",22812.2,"$32,368",3725-5011-1178-7393,11468173,0.066,0x1baa07ffd000a161ef853d71e53595ccd2fe03b5,75088.36,"$27,416","$8,970",JPY,461.43,Annual Summary 2022,"$2,549,336",25.524,%B1973277835185226^WILLIAMS/SOPHIA^3012,9921,3127.94,8970,ISO-8859-1,william.brown@yahoo.com,HOLD-2026-364,077114461573,3828 shares @ $403.94,83183-14-5,866303679476,4078,ISO-8859-1,34.4,2933 shares @ $198.0,,%B8230370486995921^KING/SARAH^3003,7487,3798-6463-7276-0781,source_col -> target_col,6011-3723-3829-7603,725225238,"$226,690",7608.1264,"$4,279.26",19.5,South America,0133,"{""type"": ""object"", ""properties"": {}}",52.7,30.4957,04/27,52787-67-2,1883,10/28,5797.23,90.9,"$4,969,594",376020,X-Ray Chest,370327,100 shares @ $209.16,US Dollar,james.anderson@outlook.com,NC,58735,0x3f8d3eaed646d85023a303c86d27ed5e71a4e72f,INV-443993,"$21,704",Q3 2021,Swiss Franc,KHT,11/27,3934,CAD,BILL-842359,958931162,BILL-966938,522,Anna Thompson,"$31,650",INS-206148,$2b$12$bFojA2gi4U2ioaMKQKuLCn30mKZFaiNeno9jZPj4PEB69qJ4UoDkB,11/25,INV-472344,Japanese Yen,Imagine,BILL-809141,insert,GET /api/users,logan.anderson@yahoo.com,2018-09-18T16:04:49Z,2472729008355,41,tenant-030,1239,7038,susan_thomas@company.com,1246,Low,[INTERNAL] Q3 strategy review pending board approval,3389 shares @ $481.26,84487.01,[CONFIDENTIAL] Formula #651,57681,359,"$164,333",03060826,877 shares @ $369.79,mason.lewis@outlook.com,JPY,Euro,5537,USD
970,601188156,BILL-198589,CA,"$47,208",3601.51,"$8,717,181",CHF,HOLD-2022-163,tenant-013,BILL-585840,Central Park,86,Child,349837281,50761.76,47400.0,"$8,610",3778-8194-1816-6981,311780846229,-0.3698,0xe2e1bc6a87c7be7f013d74c873542495509484fb,64086.96,"$30,805","$17,806",BRL,3080.93,Annual Summary 2020,"$4,735,840",144.0283,%B2746085493394898^WHITE/JAMES^2405,1299,1513.98,2675,UTF-8,richard.young@outlook.com,HOLD-2025-823,247171352111,966 shares @ $343.21,65331-73-3,8032617656,677,UTF-8,94.9,1949 shares @ $413.27,,%B0454039650376874^ROBINSON/LOGAN^2403,3119,5038-5790-6973-4296,source_col -> field_b,4747-7156-5076-8964,575500093,"$230,918",-47.9178,94589.43,86.8,North America,4916,"{""type"": ""object"", ""properties"": {}}",91.6,45.341,04/28,59238-88-8,2302,08/26,769.68,228.8,"$6,265,262",59960,X-Ray Chest,3765404,935 shares @ $291.22,Swiss Franc,susan.thompson@yahoo.com,TX,533630,0x23722a0366c725937c7a20a6740688566d177758,INV-404374,"$34,178",Q2 2023,Japanese Yen,PIZK,04/24,2655,INR,BILL-944367,996570114,BILL-987961,955,Olivia Smith,"$16,259",INS-701110,$2b$12$loJ03PNQpsfy15wWJHbdydV8tve8MvyCxoQLWTbh3FHN93nRx18Tp,09/26,INV-218213,US Dollar,Imagine,BILL-919253,insert,POST /api/orders,emma.brown@gmail.com,2021-12-10 13:34:27,9583855274583,672,tenant-021,168,6901,oliver.moore@outlook.com,630,Medium,[INTERNAL] Q3 strategy review pending board approval,159 shares @ $240.15,"$22,192.21",[CONFIDENTIAL] Formula #131,42320,833,"$5,248,455",19008765,4706 shares @ $270.54,jessica.johnson@gmail.com,GBP,Swiss Franc,0486,AUD
894,437939,BILL-591914,NC,"$38,839",6224.84,"$9,344,670",CNY,HOLD-2020-301,tenant-015,BILL-869168,Central Park,27,Manager,497884641,"$40,334.70",89818.9,"$16,556",3771-4431-1524-4044,835115534815,0.9664,0xa9d06eb415f52338ee793d091bf0fd3f635740b2,"$5,889.15","$21,846","$45,660",JPY,7440.34,Executive Report 2026,"$1,444,908",41.9154,%B8683534200869598^JONES/AIDEN^2809,2063,4929.25,7779,UTF-16,aiden.jones@outlook.com,HOLD-2025-574,0951277077,1049 shares @ $12.14,68553-43-7,7249722134,6340,UTF-8,11.9,3811 shares @ $26.15,2021-02-28T06:23:20Z,%B5032135736820065^SMITH/AMY^2703,3620,4023-5868-1382-3709,field_a -> target_col,6011-7772-6225-0384,121524952,"$92,231",3656.1143,"$91,992.57",97.1,Antarctica,3170,message Msg { string id = 1; },37.2,45.0075,11/26,65538-95-5,2205,06/28,4469.06,31.0,"$4,025,314",552147,MRI Brain,445861,2181 shares @ $349.58,British Pound,emily.moore@yahoo.com,NC,3789939,0xea9f4c86e15b6f4f11454590449665bdb35d8551,INV-963055,"$24,208",Q2 2020,US Dollar,KHI,09/27,1065,USD,BILL-953471,893940625,BILL-167067,0313,Amy Q. Brown,"$45,862",INS-332325,$2b$12$Iac0NnF2Cd8IhzIWWzrf83ebwP2vM87Y4BGmqRl81wwXmTsRHTSaN,12/25,INV-475570,British Pound,Imagine,BILL-135431,snapshot,kubectl apply,lucas.young@gmail.com,2021-11-02T01:21:32Z,5136488974886,193,tenant-023,6532,639,james.robinson@outlook.com,686,Low,[INTERNAL] Q1 strategy review pending board approval,1806 shares @ $106.35,"$16,291.80",[CONFIDENTIAL] Formula #975,452725,587,"$5,582,688",2021813215,1455 shares @ $28.67,ethan.lee@outlook.com,INR,British Pound,1898,CHF
917,3782758,BILL-267252,FL,"$139,241",9471.92,"$7,432,578",AUD,HOLD-2026-432,tenant-025,BILL-188541,Eiffel Tower,627,Child,433947659,"$29,712.37",549.8,"$3,751",4867-2466-3197-3567,220550523188,0.1136,0x2d31ab0d336000ec62fbf4424495bc8137739fb6,15886.57,"$14,662","$42,673",JPY,8910.28,Quarterly Report 2025,"$2,960,368",38.3398,%B2340160389190811^MOORE/EMILY^2611,6143,4383.0,8227,ASCII,william.thompson@outlook.com,HOLD-2022-773,261809826774,2492 shares @ $95.25,48849-47-9,99373732,636,UTF-8,0.3,372 shares @ $472.59,,%B3842560209628831^JOHNSON/ELIZABETH^2712,3337,6011-7875-9031-4308,source_col -> output,3786-2466-2347-7832,522267744,"$153,554",8891.0227,298.87,52.1,North America,5778,CREATE TABLE t (id INT PRIMARY KEY),95.5,40.8614,08/25,94490-54-3,5532,06/24,3158.83,58.7,"$4,283,760",523596,Physical Exam,3746599,2365 shares @ $37.25,Japanese Yen,olivia.robinson@yahoo.com,PA,372138,0x0b9c78c1aad3de606a6282ba7df466428d012e1e,INV-127424,"$9,043",Q1 2021,Japanese Yen,IAK,02/24,4645,USD,BILL-120947,832235789,BILL-164721,008,Susan C. Moore,"$49,231",INS-644780,$2b$12$C84wTg5lIdfZUaHnApe5IJHCwZsM1d2gJ42QoCfU2FEjYgIZ0AnXE,03/24,INV-644540,Euro,Yesterday,BILL-336563,snapshot,kubectl apply,anna.moore@gmail.com,2025-04-06T23:18:23Z,6746973963346,683,tenant-010,0329,361,emilyharris@gmail.com,530,Critical,[INTERNAL] Q3 strategy review pending board approval,1379 shares @ $39.73,70076.75,[CONFIDENTIAL] Formula #383,418334,423,"$9,597,843",0399872223,85 shares @ $354.52,richard.young@gmail.com,GBP,Swiss Franc,4338,USD
188,53775,BILL-319613,NC,"$147,485",3811.86,"$3,029,168",CAD,HOLD-2023-598,tenant-030,BILL-266108,Eiffel Tower,726,Spouse,282933694,65419.78,43194.6,"$21,978",XXXX-XXXX-XXXX-4809,733048065046,0.7964,0x5722c1f8e426f5ceb5ee58cf4db103e299a6cde2,29120.06,"$27,420","$41,515",USD,3211.23,Technical Analysis 2020,"$5,615,501",51.4608,%B4988968243548075^WRIGHT/HARPER^2906,4028,1787.15,1613,ASCII,ethan.jackson@outlook.com,HOLD-2025-720,01358238,1505 shares @ $298.39,32260-56-0,7380333055,3236,Latin-1,51.3,1981 shares @ $301.35,,%B9094105962186666^JACKSON/SUSAN^3008,0631,XXXX-XXXX-XXXX-2168,source_col -> field_b,4806-0279-4776-9917,740223453,"$47,036",4092.5757,18619.78,8.4,Asia,1447,CREATE TABLE t (id INT PRIMARY KEY),70.8,45.9664,10/28,95073-44-0,5521,05/30,1650.02,51.0,"$9,271,454",601135336,ECG,601104733,193 shares @ $311.46,US Dollar,james.brown@gmail.com,IL,477246,0x53011d57cc155e9287b49f5473a3947c00b3ce3c,INV-665592,"$27,667",Q3 2023,US Dollar,MCSO,03/28,4726,BRL,BILL-530504,531550283,BILL-746218,821,Richard Moore,"$44,768",INS-727257,$2b$12$3AlPEiBrUuXGcKdGG4UYxl6RmOxFiBZHQj9PqNJl5kCePG2rtnffF,06/29,INV-291189,Euro,Bohemian Rhapsody,BILL-933895,delete,GET /api/users,michael.robinson@yahoo.com,2018-08-06 14:19:38,9784538999652,104,tenant-043,8013,6267,anna.walker@gmail.com,9315,Negligible,[INTERNAL] Q2 strategy review pending board approval,509 shares @ $35.29,10837.18,[CONFIDENTIAL] Formula #112,40449,435,"$3,624,973",6925212320,2325 shares @ $258.84,jessica.jackson@gmail.com,JPY,British Pound,7377,INR
826,601186696,BILL-745929,NY,"$178,835",5838.65,"$2,507,006",CHF,HOLD-2026-584,tenant-017,BILL-986334,Eiffel Tower,925,Sibling,386402745,30949.83,86176.9,"$7,486",3752-9665-8161-3170,192221103660,0.0141,0x44da2bdc99c42a22f478c8618fab3c8bdbd9ae4b,"$79,946.31","$35,636","$37,827",CHF,6175.86,Technical Summary 2024,"$6,070,816",32.577,%B8369868616392452^WALKER/LUCAS^2609,5480,7261.18,1269,UTF-16,liam.moore@gmail.com,HOLD-2024-243,0716017063,1075 shares @ $418.37,99300-28-8,3868138232,924,UTF-8,60.7,4431 shares @ $341.11,,%B1229576596624716^BROWN/LOGAN^2704,4007,4873-1542-5431-5911,input -> field_b,3701-5021-8477-6605,117220232,"$57,965",5958.5802,17910.90,59.0,South America,7150,CREATE TABLE t (id INT PRIMARY KEY),59.7,35.9907,11/28,72147-51-8,8511,07/27,1834.39,293.4,"$5,334,794",601145386,ECG,43486,823 shares @ $348.59,US Dollar,amy.walker@outlook.com,IL,378634,0x0a54469a7d018478dfe8cc2dc2859a4f8a314ca8,INV-427058,"$39,825",Q1 2020,Euro,JQ,09/29,2903,CHF,BILL-597188,963319489,BILL-499563,309,Jessica Brown,"$4,121",INS-968100,$2b$12$pJJfF9Oa3mEXG9W9YNYk0RKt0Tlm98fZcSQBgs5whuTfWlVxlzz24,11/28,INV-877064,Japanese Yen,Imagine,BILL-168498,snapshot,docker run,harper.garcia@gmail.com,2026-01-11T17:42:22Z,6748171275806,106,tenant-046,7915,1359,james_garcia81@acme.org,0761,Medium,[INTERNAL] Q1 strategy review pending board approval,3768 shares @ $284.89,"$39,791.34",[CONFIDENTIAL] Formula #476,508535,535,"$5,081,366",34366718,4849 shares @ $116.64,elizabeth.williams@yahoo.com,CNY,Swiss Franc,4859,CHF
3,60110522,BILL-867567,PA,"$106,419",2379.98,"$8,408,299",AUD,HOLD-2020-998,tenant-038,BILL-951465,Golden Gate Bridge,514,Sibling,796058205,34058.10,5351.7,"$39,176",5773-6198-1578-9015,40314281,0.8712,0xa28f3bc9407efda73581d0eafc74edca18fd1a78,"$87,898.35","$12,050","$14,552",JPY,110.61,Executive Summary 2021,"$8,619,589",125.0395,%B4317980149670083^ROBINSON/LINDA^2405,5238,9591.56,6907,Latin-1,patricia.jones@outlook.com,HOLD-2022-478,6717054153,4074 shares @ $143.91,57913-81-2,579475438256,4582,UTF-16,79.9,3924 shares @ $353.78,,%B3550692466606967^WALKER/SOPHIA^2903,7146,6011-2459-1610-9451,source_col -> target_col,XXXX-XXXX-XXXX-1101,352242468,"$170,839",7274.3384,60605.00,53.5,Antarctica,2127,CREATE TABLE t (id INT PRIMARY KEY),55.0,14.2002,01/28,4904-42-9,8272,10/26,9015.17,220.6,"$4,634,538",377828,MRI Brain,465756,2809 shares @ $213.67,US Dollar,john.williams@yahoo.com,IL,3776849,0x3490f3b5d4ac39f3109b1504b35a6eb2a0f794f7,INV-250084,"$41,013",Q1 2021,British Pound,KSXA,10/27,1124,BRL,BILL-830989,475783550,BILL-146928,2379,Michael Anderson,"$13,698",INS-343228,$2b$12$YO5kOJqaynGZM6VpNATQfJKADw9DtPwFHyextrLkmWoNBuJtGK4pk,05/24,INV-551220,Japanese Yen,Stairway to Heaven,BILL-668962,update,POST /api/orders,mason.martinez@outlook.com,2020-01-18T15:28:32Z,7559317164061,937,tenant-013,877,8076,oliviajohnson@acme.org,4081,High,[INTERNAL] Q2 strategy review pending board approval,1268 shares @ $193.23,49696.81,[CONFIDENTIAL] Formula #459,601161960,756,"$8,457,904",12766142,563 shares @ $69.09,emma.king@outlook.com,INR,US Dollar,4834,CAD
749,572758,BILL-118386,NY,"$244,962",5130.36,"$2,332,906",CHF,HOLD-2025-662,tenant-038,BILL-316410,Big Ben,101,Child,731328377,75633.84,14761.4,"$39,181",3756-1374-3300-9943,561136829323,0.2955,0x196823b92756f6fc3e59026aeed7e5520efe8662,"$90,008.94","$11,871","$45,387",GBP,9024.99,Quarterly Report 2022,"$1,778,955",67.3651,%B5490789968400543^ROBINSON/LUCAS^2701,4717,7677.16,1983,ASCII,lucas.lee@yahoo.com,HOLD-2024-462,1849400681,3979 shares @ $234.24,14127-33-7,0526318411,206,ISO-8859-1,71.8,2598 shares @ $385.4,,%B4610245055045364^LEE/SUSAN^2801,5687,3764-3518-5501-1329,source_col -> target_col,XXXX-XXXX-XXXX-3613,340498932,"$241,842",2922.9598,"$15,750.53",88.5,South America,2716,CREATE TABLE t (id INT PRIMARY KEY),98.5,17.2794,07/28,13159-74-2,8227,12/28,1455.92,23.1,"$3,689,445",435845,ECG,592563,4539 shares @ $196.69,British Pound,liam.rodriguez@outlook.com,OH,376339,0x87ee4050efbca40ec8b1282b397b28e95b12593b,INV-666224,"$25,922",Q3 2024,Euro,HVF,01/28,1647,EUR,BILL-453279,956586669,BILL-538487,281,Harper Anderson,"$21,638",INS-843453,$2b$12$d4j7cDnbWXR5cnpuvFrSjhMK5nULIWeMDvC8TaD1ho9aNbQxrhq3l,12/28,INV-430380,British Pound,Imagine,BILL-987699,update,kubectl apply,emma.thompson@outlook.com,2021-08-07T23:26:18Z,8417816070907,170,tenant-004,0302,2119,lucas_clark@example.com,4339,Medium,[INTERNAL] Q2 strategy review pending board approval,4901 shares @ $177.24,80783.36,[CONFIDENTIAL] Formula #816,601178706,770,"$6,391,988",392712300511,369 shares @ $81.65,ethan.lewis@gmail.com,CAD,British Pound,2997,AUD
379,59340,BILL-206330,FL,"$168,413",9435.92,"$5,443,651",JPY,HOLD-2023-731,tenant-026,BILL-838827,Eiffel Tower,752,Peer,435272743,69567.01,95962.1,"$44,492",4119-5385-5752-5514,424817487120,-0.1723,0x33528cb8baf2901713dab8d16dc6808aba607256,"$47,983.09","$2,529","$41,249",BRL,8389.85,Technical Summary 2020,"$2,292,504",127.0504,%B2929693268587238^SMITH/LUCAS^2901,0414,1741.8,1468,UTF-16,oliver.jones@gmail.com,HOLD-2023-740,07761603,1014 shares @ $490.01,20847-29-9,57490127,062,UTF-8,48.4,487 shares @ $418.82,,%B5436345997706505^THOMAS/LUCAS^2705,5592,5581-2148-7663-8904,field_a -> target_col,XXXX-XXXX-XXXX-2178,273090120,"$138,529",4714.9151,26404.10,25.7,South America,7682,CREATE TABLE t (id INT PRIMARY KEY),16.5,47.6045,08/26,4406-11-2,6052,09/25,1120.28,212.1,"$5,239,913",375501,X-Ray Chest,601118874,444 shares @ $406.35,Euro,james.rodriguez@outlook.com,WA,379229,0x50fac2c2b6c39f3c0cb287347d8845037ea5e463,INV-964834,"$28,026",Q4 2020,US Dollar,TNMC,05/24,4160,JPY,BILL-345584,109321457,BILL-964584,703,Patricia W. Brown,"$20,529",INS-350483,$2b$12$evyiAcEa0Nsr2PsY9Frlk1VARsUHo8mkcIpwPwmXVoSoCUzAjUUWy,12/25,INV-192672,US Dollar,Imagine,BILL-923622,delete,npm install,john.lee@outlook.com,2023-06-10T23:52:29Z,7096216587396,102,tenant-021,204,945,susan_thomas@outlook.com,1341,Low,[INTERNAL] Q2 strategy review pending board approval,1603 shares @ $365.8,56045.21,[CONFIDENTIAL] Formula #998,46720,528,"$8,093,936",597828864054,952 shares @ $145.58,mason.garcia@yahoo.com,CAD,Swiss Franc,6090,CAD
263,46548,BILL-451749,OH,"$130,358",4932.9,"$7,306,653",CAD,HOLD-2025-865,tenant-046,BILL-107296,Big Ben,184,Spouse,965454799,"$50,516.32",31619.7,"$40,319",5856-3324-8525-4703,44756785,0.2725,0x00f1de987025ed0b17afc84a97588a28d89f6bf9,"$90,898.55","$6,563","$14,551",BRL,3089.97,Executive Review 2022,"$6,619,741",132.7041,%B7569869901680257^BROWN/DAVID^2501,8603,7514.28,6495,UTF-16,richard.brown@yahoo.com,HOLD-2024-772,708307469416,2544 shares @ $164.45,93741-19-4,94506572,392,UTF-16,62.9,4834 shares @ $292.72,,%B8380606484376557^YOUNG/SARAH^3004,4050,XXXX-XXXX-XXXX-0557,source_col -> field_b,4954-5982-2655-4752,148194981,"$185,828",5399.9454,"$11,992.33",16.6,Antarctica,6892,CREATE TABLE t (id INT PRIMARY KEY),80.8,49.7606,08/25,1702-40-1,6534,06/27,4306.47,263.4,"$5,026,714",371644,Blood Draw,3700135,4411 shares @ $182.51,Swiss Franc,sarah.lee@yahoo.com,NC,601190518,0xb4f8579c807e4ef4095ff9c669fad0aad8db00d1,INV-488366,"$27,888",Q4 2023,Japanese Yen,ICD,05/26,2814,CNY,BILL-234196,514423500,BILL-612099,015,William Lee,"$19,994",INS-601213,$2b$12$NxBhpe4hddggG4BJRbbMSIoXQWPMcWlCwt6uY9QY0lZWMwJRH5Joy,07/30,INV-215456,Euro,Bohemian Rhapsody,BILL-368894,upsert,npm install,emma.rodriguez@yahoo.com,2021-06-25T08:30:39Z,4324174366405,939,tenant-009,0397,2823,olivia_young@outlook.com,217,Low,[INTERNAL] Q2 strategy review pending board approval,4407 shares @ $25.49,90485.97,[CONFIDENTIAL] Formula #857,601162329,504,"$3,789,948",40497050,2740 shares @ $306.85,ethan.garcia@yahoo.com,CAD,Japanese Yen,7003,EUR
170,601134027,BILL-655975,OH,"$52,214",4524.61,"$2,664,517",JPY,HOLD-2026-875,tenant-034,BILL-998942,Eiffel Tower,680,Spouse,594224022,"$14,161.54",69610.2,"$6,268",5390-9937-8276-8828,6927561822,-0.5612,0xd8d58036182f0ca2ea336c0c8ba18a040399bcc8,"$44,387.44","$28,733","$30,688",EUR,952.24,Annual Summary 2020,"$6,807,932",63.3522,%B2639329923510268^HARRIS/JAMES^3007,4530,6886.62,5879,Latin-1,john.robinson@yahoo.com,HOLD-2026-809,105385966137,2858 shares @ $399.47,49944-77-5,87614636,578,UTF-8,50.3,4694 shares @ $259.31,,%B9190333472179302^JACKSON/SARAH^2406,3428,5231-7399-6559-0881,source_col -> output,4882-8390-0888-3647,017638253,"$204,850",1417.3373,90517.26,98.7,Europe,6271,message Msg { string id = 1; },62.6,13.8827,12/27,66687-29-9,3980,06/28,1347.03,200.9,"$9,833,353",379393,X-Ray Chest,50903,3759 shares @ $234.48,British Pound,linda.lee@outlook.com,PA,60115334,0xec14b99715f7dbc06c9f2d14cf2bb5849aac6bd0,INV-163742,"$2,793",Q4 2024,Japanese Yen,NMJ,12/29,3096,AUD,BILL-749042,235927495,BILL-879172,3870,John Jones,"$24,432",INS-217824,$2b$12$Mm2K1CkIuQd5otssyGwkuJCq8372emfZ1yR9Y0v1cnnFGNKkUj42l,04/24,INV-247592,Swiss Franc,Yesterday,BILL-157017,upsert,kubectl apply,mason.davis@gmail.com,2020-11-25T04:10:05Z,8785709195271,306,tenant-040,9761,1571,oliviajackson@gmail.com,8814,Low,[INTERNAL] Q1 strategy review pending board approval,1085 shares @ $390.66,"$93,090.55",[CONFIDENTIAL] Formula #394,477016,474,"$9,842,674",93848892,4021 shares @ $425.07,william.jackson@yahoo.com,CNY,British Pound,9067,BRL
141,60113250,BILL-772799,CO,"$105,774",5329.44,"$6,119,585",USD,HOLD-2024-416,tenant-004,BILL-900576,Statue of Liberty,644,Sibling,698519066,"$68,440.84",4590.8,"$2,084",4729-7678-0875-3363,33453539,-0.7307,0xc55198f2943d52b55d0f69aa402bebb915e86abc,"$97,371.81","$9,639","$39,024",BRL,472.24,Executive Summary 2024,"$9,031,364",120.898,%B4947773866318936^DAVIS/WILLIAM^2602,2257,1334.3,0094,UTF-8,linda.johnson@outlook.com,HOLD-2021-955,68465948,3488 shares @ $23.47,45803-26-1,151507009427,267,ISO-8859-1,90.6,2692 shares @ $462.52,,%B9150103847038200^MARTINEZ/LINDA^2906,6261,4714-2968-9758-4401,source_col -> target_col,XXXX-XXXX-XXXX-5321,580707864,"$226,100",16.3332,"$91,206.26",20.5,Asia,8902,CREATE TABLE t (id INT PRIMARY KEY),74.6,2.1551,08/25,34104-32-1,7116,07/28,1856.0,53.3,"$4,384,086",471181,X-Ray Chest,3712695,435 shares @ $476.92,British Pound,aiden.williams@outlook.com,MA,601123142,0xcb0d56fed2bcfd2a54e0ba33ad6a794750288e6c,INV-474253,"$8,246",Q3 2022,US Dollar,BL,11/30,1658,INR,BILL-790838,619014764,BILL-603883,5938,Emily Jackson,"$12,656",INS-242334,$2b$12$mRaJjzk9jfEqaDcLMXj29f00EDepkqUpTzgMC7D01v57I755M1NLH,04/25,INV-739190,British Pound,Hotel California,BILL-310064,insert,GET /api/users,noah.jones@yahoo.com,2020-04-13 04:15:57,5929382544556,676,tenant-019,272,952,sarah_martinez@outlook.com,5683,Negligible,[INTERNAL] Q3 strategy review pending board approval,2791 shares @ $299.82,69345.89,[CONFIDENTIAL] Formula #797,3726711,764,"$5,253,365",462291091580,1398 shares @ $219.36,elizabeth.smith@outlook.com,CHF,US Dollar,2098,EUR
589,601118913,BILL-473952,MA,"$93,413",2852.65,"$9,188,271",GBP,HOLD-2023-416,tenant-035,BILL-690796,Big Ben,588,Peer,138563531,79622.71,10750.9,"$46,837",XXXX-XXXX-XXXX-3634,83429073,-0.9856,0x74a3add834fdff18a5498c0d371c14f04c8e8d7d,"$90,541.84","$24,856","$42,287",JPY,2866.65,Annual Review 2023,"$7,589,259",126.1821,%B7121911258144174^JOHNSON/MASON^2906,0735,7105.38,6457,UTF-8,elizabeth.white@gmail.com,HOLD-2026-123,25918618,2071 shares @ $35.76,41801-97-8,131680979555,121,UTF-8,93.7,2214 shares @ $232.59,,%B7256452638865053^DAVIS/PATRICIA^3002,1452,XXXX-XXXX-XXXX-4696,field_a -> output,3768-6658-5559-4978,061406083,"$72,884",340.4765,92632.88,92.2,North America,9643,"{""type"": ""object"", ""properties"": {}}",13.9,9.4403,06/26,74018-76-0,3126,03/28,4106.43,161.0,"$9,797,888",496015,ECG,3757849,882 shares @ $48.78,British Pound,patricia.smith@gmail.com,GA,601140887,0x75441ef05b237f01fd934868b14ba2d8fd92dd18,INV-731053,"$6,360",Q3 2025,Euro,NP,02/29,373,JPY,BILL-359709,069546596,BILL-941982,1231,Ethan Jackson,"$5,430",INS-316761,$2b$12$7NiVS95YIIjp3MHd2ZVDKhfqkpjjTPE3N1p57fmIYseCvVh5UugmD,07/24,INV-704270,US Dollar,Bohemian Rhapsody,BILL-742535,upsert,npm install,john.harris@gmail.com,2025-04-10 21:30:44,8576964345833,830,tenant-013,172,1936,patricia_white51@yahoo.com,8838,Low,[INTERNAL] Q1 strategy review pending board approval,4237 shares @ $283.46,25927.97,[CONFIDENTIAL] Formula #571,573158,362,"$7,257,682",49237330,1001 shares @ $371.58,david.garcia@gmail.com,INR,Japanese Yen,7334,JPY
216,601124422,BILL-501203,CO,"$197,416",8504.05,"$4,050,426",AUD,HOLD-2026-353,tenant-016,BILL-176467,Eiffel Tower,831,Parent,612513986,"$51,987.79",21024.9,"$48,621",XXXX-XXXX-XXXX-8655,52963825,0.2802,0xbd724c75cd617e698ae7ebb180d317b14bdc251a,39371.81,"$6,756","$2,379",CNY,696.78,Technical Report 2023,"$3,517,112",1.5969,%B5666369978740013^WALKER/JESSICA^2710,1319,3939.13,4080,Latin-1,oliver.robinson@gmail.com,HOLD-2021-798,1065710048,2000 shares @ $92.3,42311-24-8,1716887965,5986,ISO-8859-1,15.0,2117 shares @ $435.73,,%B8848127820816606^MARTIN/WILLIAM^2408,6671,4097-0234-1635-4393,input -> target_col,3770-2765-3890-3025,676028458,"$208,980",5258.85,81312.13,32.9,North America,8241,message Msg { string id = 1; },96.5,29.809,08/29,75381-93-4,0583,11/26,6663.06,66.8,"$684,610",58820,X-Ray Chest,374649,4295 shares @ $141.43,Euro,harper.king@outlook.com,OH,495773,0x2ba0a83f7168bbd3bba713b74197a7ebbc7e1207,INV-414658,"$19,195",Q1 2023,Japanese Yen,UQ,01/28,2295,USD,BILL-855878,555831444,BILL-565013,5294,Sophia Miller,"$39,567",INS-898901,$2b$12$TQEQ0ujJJaW69ApdedzJcCR5uRmaE8cO5ctrdDrGaWs8hAgR1QTmS,08/27,INV-365238,US Dollar,Hotel California,BILL-527924,upsert,docker run,sophia.davis@gmail.com,2022-07-14T21:34:19Z,4349064067753,497,tenant-024,617,9350,david_young39@outlook.com,403,High,[INTERNAL] Q3 strategy review pending board approval,1346 shares @ $36.72,92061.08,[CONFIDENTIAL] Formula #871,60111323,509,"$2,883,968",9284552425,3132 shares @ $277.05,emily.robinson@gmail.com,CAD,Swiss Franc,6890,USD
602,370530,BILL-248085,WA,"$221,539",4403.64,"$7,607,281",BRL,HOLD-2023-545,tenant-002,BILL-848272,Golden Gate Bridge,840,Child,441727303,57895.18,91293.3,"$49,179",XXXX-XXXX-XXXX-8709,128038746195,-0.1192,0x73420f3e7aab8909861a975d18af1c6c37623e24,"$93,287.62","$2,565","$14,691",CHF,6358.62,Quarterly Summary 2021,"$6,269,170",38.4284,%B6712343146049903^LEWIS/ELIZABETH^2501,6293,6097.37,2826,UTF-8,robert.miller@outlook.com,HOLD-2020-128,8887966854,2927 shares @ $149.29,73733-77-3,739987133995,3001,ASCII,81.4,3189 shares @ $241.28,,%B5302200476895943^HARRIS/SUSAN^2601,2029,5556-7399-3308-5093,source_col -> target_col,3766-4757-9608-9521,432834471,"$161,666",4457.1041,"$17,556.64",68.9,Europe,9763,"{""type"": ""object"", ""properties"": {}}",34.6,25.6028,02/27,67091-33-5,7844,04/25,4914.74,176.8,"$155,650",601142772,Colonoscopy,3703701,3876 shares @ $58.2,British Pound,david.rodriguez@gmail.com,IL,3790237,0xa89669acfafc65c23bf8ea64670a188faf565256,INV-802216,"$29,658",Q3 2026,Euro,AXU,02/27,3785,USD,BILL-259406,638036364,BILL-409865,074,Noah Rodriguez,"$27,099",INS-634069,$2b$12$VXFir9zTT53ZjOSa7QjmmCaC1KykwXAxUYJ3ChQePq8G4LdgNYLgS,02/24,INV-666980,Swiss Franc,Imagine,BILL-100286,insert,kubectl apply,olivia.martinez@outlook.com,2026-11-26 01:40:40,1495889582198,27,tenant-025,1590,481,davidmoore@example.com,566,Negligible,[INTERNAL] Q4 strategy review pending board approval,3689 shares @ $329.58,77481.55,[CONFIDENTIAL] Formula #654,523982,820,"$9,740,865",84250458,3140 shares @ $83.32,mary.king@yahoo.com,CNY,Swiss Franc,2735,AUD
109,495923,BILL-304843,IL,"$117,299",4356.36,"$5,828,603",USD,HOLD-2020-918,tenant-017,BILL-428171,Golden Gate Bridge,87,Manager,275858811,"$56,094.80",82668.8,"$30,286",4340-6262-9802-8325,743720192556,0.1436,0x94cc590c60aff2aa166bb4997ae621a38885939b,63160.52,"$9,984","$1,999",JPY,3458.09,Annual Analysis 2020,"$6,373,274",138.9582,%B4284058143697234^MILLER/WILLIAM^2604,2388,1698.9,1502,ASCII,william.robinson@gmail.com,HOLD-2024-342,399368437556,4797 shares @ $202.44,96526-19-1,56224105,526,UTF-8,69.5,408 shares @ $125.33,,%B6782957362246190^JACKSON/WILLIAM^2701,4470,3704-5561-3769-1778,input -> field_b,4429-6782-1177-1116,634779093,"$68,736",8321.2394,27595.05,36.7,Africa,1554,"{""type"": ""object"", ""properties"": {}}",27.5,8.1088,05/24,71722-78-0,2235,06/25,3468.47,81.8,"$1,569,530",3709941,X-Ray Chest,46478,906 shares @ $24.45,Japanese Yen,mason.jackson@yahoo.com,PA,465064,0xf6a58e1046c296fa0a11a76ea9339413e0666d4f,INV-938076,"$3,178",Q2 2025,British Pound,TTYT,02/28,2501,EUR,BILL-848694,056166257,BILL-500680,9141,Emily Martinez,"$35,151",INS-737496,$2b$12$VlVcuhCRKFwoYtz5QhDI2xjJ4QdZ0wTb0FYc7koAq4XyKjQHtFBDa,04/28,INV-207136,Japanese Yen,Hotel California,BILL-960018,delete,GET /api/users,noah.lee@outlook.com,2023-07-14T08:41:56Z,1034907274609,726,tenant-046,211,9028,robert_clark53@company.com,035,Critical,[INTERNAL] Q1 strategy review pending board approval,4753 shares @ $417.19,34756.37,[CONFIDENTIAL] Formula #308,601172532,344,"$2,427,682",05349098,3251 shares @ $102.31,david.clark@yahoo.com,EUR,US Dollar,5147,CHF
247,3754268,BILL-506119,WA,"$105,538",7237.35,"$7,786,199",JPY,HOLD-2022-938,tenant-002,BILL-771202,Statue of Liberty,522,Manager,025807838,"$14,877.42",4998.3,"$17,997",3751-7706-6004-1039,5595607558,0.3304,0x9914abe24cd1ff9c51d9b1326a861f84e69fd894,"$21,836.69","$2,626","$44,158",CNY,2761.62,Technical Analysis 2023,"$9,626,788",106.2361,%B7540824541979260^MOORE/DAVID^2403,9497,897.05,8383,ISO-8859-1,liam.lee@gmail.com,HOLD-2025-722,8036645603,1353 shares @ $491.28,4307-47-6,68849804,6724,Latin-1,50.1,3145 shares @ $153.27,2022-05-13T17:18:39Z,%B7989229443415964^SMITH/ELIZABETH^2805,7134,4489-9674-3116-3954,input -> target_col,6011-5861-3181-0456,907856997,"$173,583",7895.1173,"$64,904.90",89.9,Antarctica,2317,CREATE TABLE t (id INT PRIMARY KEY),17.5,41.7921,10/25,54013-71-3,3677,03/25,1622.4,26.0,"$6,905,637",45459,ECG,481353,2361 shares @ $250.04,US Dollar,mason.harris@gmail.com,CO,601124208,0x2d4992d9eaf3ad64bf24ca045a07fb197d851857,INV-380803,"$5,103",Q3 2025,Euro,OH,04/27,395,BRL,BILL-606852,342531093,BILL-184129,5660,Emma Smith,"$28,992",INS-381166,$2b$12$vrMIxF5nvk66RfWsTYscczPzHX9owfiFr5n0nFbGKSYmTFe1JiNpC,02/26,INV-477646,US Dollar,Bohemian Rhapsody,BILL-475285,delete,kubectl apply,ethan.thompson@yahoo.com,2018-01-13 01:11:28,9977174134530,290,tenant-044,275,6711,robertlee44@acme.org,774,Critical,[INTERNAL] Q4 strategy review pending board approval,433 shares @ $136.27,30926.98,[CONFIDENTIAL] Formula #937,447929,666,"$2,088,964",30247877,969 shares @ $124.67,anna.thompson@outlook.com,BRL,Japanese Yen,0024,GBP
156,601142238,BILL-548509,MA,"$134,876",8765.37,"$285,239",JPY,HOLD-2021-296,tenant-024,BILL-290944,Central Park,735,Parent,193549312,56130.40,64999.2,"$6,763",6011-2995-8132-3692,952228838790,0.6875,0x07f9477a297ee38dc4754606ee1cf1032cb3a166,16215.58,"$35,095","$14,685",EUR,7558.51,Annual Review 2022,"$5,291,001",113.2804,%B9644716501767371^MARTIN/SUSAN^3007,2965,2345.76,8440,UTF-16,emily.garcia@gmail.com,HOLD-2023-655,4277613565,4899 shares @ $216.01,3454-86-0,52152337,930,UTF-8,33.4,2659 shares @ $165.66,,%B2513599297745477^LEWIS/JESSICA^2810,1290,3775-8453-4490-7698,field_a -> target_col,XXXX-XXXX-XXXX-0451,208555177,"$134,516",9847.5917,71031.63,51.9,Africa,0156,message Msg { string id = 1; },93.2,14.3183,06/28,77-62-3,7379,12/25,8382.45,243.5,"$242,853",47145,MRI Brain,3733337,1590 shares @ $336.42,Japanese Yen,logan.martinez@outlook.com,GA,372620,0x81d5bec44fb4d95e0fd2412afdb88195be68750d,INV-908396,"$40,279",Q3 2023,US Dollar,DRDJ,10/26,3879,AUD,BILL-897387,991134860,BILL-542086,108,Olivia Miller,"$49,631",INS-800298,$2b$12$6115hnewaOUqRm1kwiAnV8jGvYzDlqVfyUXgDKx6PoLuAWUgmkdBh,07/30,INV-514999,Swiss Franc,Hotel California,BILL-714043,insert,docker run,amy.moore@outlook.com,2023-04-06T10:24:47Z,7550556183553,290,tenant-026,4598,186,sarahrodriguez25@company.com,237,Low,[INTERNAL] Q4 strategy review pending board approval,3681 shares @ $201.94,86194.95,[CONFIDENTIAL] Formula #926,3738981,620,"$3,084,115",1405876785,4479 shares @ $130.34,amy.wright@gmail.com,JPY,Euro,8148,INR
703,435227,BILL-538966,CO,"$144,787",3571.47,"$9,857,595",CHF,HOLD-2020-318,tenant-001,BILL-800807,Eiffel Tower,793,Sibling,400023800,64918.88,49568.6,"$24,834",XXXX-XXXX-XXXX-9452,602450013295,0.0077,0x42395dd7aece8b7b17acf4340252554390ba7c04,"$70,322.64","$8,727","$27,665",AUD,6072.12,Technical Review 2025,"$4,357,918",51.9796,%B1796011894339312^WALKER/DAVID^2804,4810,6107.32,1694,Latin-1,michael.williams@gmail.com,HOLD-2020-929,21078174,4897 shares @ $338.83,77028-36-6,4438861278,032,Latin-1,35.1,1177 shares @ $196.7,,%B3818908997294537^WRIGHT/AIDEN^2804,6309,XXXX-XXXX-XXXX-4342,input -> target_col,3758-3285-0724-8190,061950532,"$52,242",2489.6384,"$65,436.32",15.5,Oceania,3246,"{""type"": ""object"", ""properties"": {}}",89.4,10.5848,09/29,775-83-2,7303,06/29,5581.74,165.1,"$4,174,268",601143930,Physical Exam,60110198,939 shares @ $140.03,Swiss Franc,sophia.jones@outlook.com,FL,578706,0xae00d8c6f021c1f4bb678c6533415f989eec1c51,INV-176874,"$30,359",Q3 2024,US Dollar,CH,05/25,1453,JPY,BILL-921049,299151898,BILL-806285,7975,Aiden Taylor,"$5,945",INS-663067,$2b$12$KBeOgBErYDb5C2mzU9C023hB40iyOxK1RaMYMNmIgwFI9T5Iuyaow,10/25,INV-681274,US Dollar,Stairway to Heaven,BILL-481734,delete,POST /api/orders,mary.davis@gmail.com,2021-04-06T08:43:10Z,4086883766112,646,tenant-045,0908,465,sophia.jackson@yahoo.com,721,Low,[INTERNAL] Q2 strategy review pending board approval,3634 shares @ $392.49,"$9,550.58",[CONFIDENTIAL] Formula #570,497478,392,"$8,465,462",61463564,1491 shares @ $177.11,robert.jones@gmail.com,CHF,US Dollar,5665,AUD
427,49472,BILL-901497,NY,"$196,101",924.16,"$6,955,558",CAD,HOLD-2026-879,tenant-022,BILL-672709,Statue of Liberty,158,Manager,744884442,"$95,000.92",93985.7,"$25,850",4932-1326-8630-2266,777186501480,0.4579,0x9f954e7d1a666b566adb0cd0f3db762e358dda8d,"$52,247.51","$46,892","$31,275",CHF,864.17,Quarterly Report 2026,"$7,950,179",22.2148,%B6595831636063879^WRIGHT/PATRICIA^2709,1998,6584.03,1987,Latin-1,emily.miller@gmail.com,HOLD-2022-761,4951634035,2968 shares @ $13.86,14027-81-8,754196393670,276,UTF-8,69.8,4074 shares @ $378.31,,%B1305592526139268^JACKSON/OLIVER^2512,9919,5795-0549-7930-8188,source_col -> field_b,5624-7180-1270-9693,465268327,"$44,717",9909.7307,"$50,231.13",53.8,North America,7854,message Msg { string id = 1; },22.0,10.9448,02/30,69632-44-5,6530,09/30,1406.26,21.8,"$5,199,031",55488,ECG,3709934,1531 shares @ $107.15,US Dollar,amy.smith@gmail.com,MA,463027,0xf908b6fcdf8bd8933161134b51b08a35f007f038,INV-166089,"$49,276",Q3 2020,British Pound,TJQ,09/29,2273,AUD,BILL-130325,536892737,BILL-789862,086,Richard Davis,"$25,420",INS-297154,$2b$12$dUWw5YGisLcQFkV4ooMwQlYrSwBHkfIzoAjIgzpXOtwNsKyUj0pY6,06/30,INV-155128,Swiss Franc,Imagine,BILL-206037,insert,GET /api/users,patricia.taylor@yahoo.com,2025-04-01 20:14:59,3061056719571,536,tenant-031,2062,8693,emma_davis@yahoo.com,884,Critical,[INTERNAL] Q2 strategy review pending board approval,4774 shares @ $388.97,"$57,311.46",[CONFIDENTIAL] Formula #123,510613,341,"$2,723,678",1564885440,1774 shares @ $191.35,jessica.anderson@outlook.com,GBP,Japanese Yen,9192,CHF
164,55788,BILL-725344,NY,"$143,181",2191.28,"$7,763,867",CHF,HOLD-2021-666,tenant-006,BILL-885019,Central Park,682,Sibling,128931934,"$59,561.66",87139.0,"$35,271",XXXX-XXXX-XXXX-3531,249058488841,-0.3333,0xb12c7347aad9feffc9f70ac5c1b93d8370e61033,"$30,293.00","$47,048","$25,432",USD,228.4,Quarterly Summary 2025,"$1,475,086",56.1313,%B4641427747027754^MILLER/HARPER^3005,6879,8400.45,8760,ASCII,anna.clark@gmail.com,HOLD-2022-644,9533961993,2421 shares @ $297.87,72809-53-4,8661994095,3286,ASCII,43.9,4297 shares @ $367.36,2019-10-08T14:30:51Z,%B7560435131408675^SMITH/LUCAS^2612,5718,XXXX-XXXX-XXXX-8914,input -> output,3707-6272-3097-7088,632131144,"$42,148",-870.687,39845.04,99.7,Oceania,3042,"{""type"": ""object"", ""properties"": {}}",92.8,44.273,11/25,474-81-5,8308,09/30,373.8,22.1,"$1,573,944",58026,Colonoscopy,48479,2469 shares @ $215.08,Japanese Yen,lucas.white@yahoo.com,NC,501870,0xdff8a381b8a4d7e9022a19117c2f718ab85656b3,INV-952787,"$32,662",Q1 2026,Euro,FL,09/27,517,GBP,BILL-943579,991439341,BILL-808841,6508,Aiden Wright,"$7,582",INS-146320,$2b$12$aDpOTlTbBCmLFeE20VL7AYSh26tNZwvcD5kEOqTmHZw54EixldThK,03/30,INV-100118,Euro,Stairway to Heaven,BILL-444448,delete,GET /api/users,patricia.jones@outlook.com,2021-03-23T00:51:35Z,1954807776940,744,tenant-047,241,232,harper_lewis79@acme.org,1972,Negligible,[INTERNAL] Q1 strategy review pending board approval,1375 shares @ $239.65,"$94,177.22",[CONFIDENTIAL] Formula #642,601165115,625,"$9,664,329",768230627681,1198 shares @ $81.28,anna.moore@yahoo.com,GBP,Euro,2075,AUD
885,41453,BILL-690192,TX,"$243,655",516.04,"$3,161,990",JPY,HOLD-2026-385,tenant-030,BILL-897054,Eiffel Tower,109,Child,787051328,56790.66,97980.4,"$22,672",3775-8981-3714-6082,7483160998,0.7446,0x37d6ed5e04bda5bf3b39a88fb627a69f4b32f2b6,"$55,351.73","$16,636","$15,956",INR,8496.13,Technical Report 2021,"$4,882,938",129.6237,%B4832108576920890^JONES/OLIVIA^3011,8004,2574.11,3041,Latin-1,mason.king@gmail.com,HOLD-2026-442,815029132244,312 shares @ $188.03,22804-28-2,916869245329,9595,UTF-8,35.5,3608 shares @ $496.16,,%B7957473145290009^YOUNG/MARY^2512,3406,XXXX-XXXX-XXXX-4626,input -> field_b,6011-7273-9766-7774,901245926,"$197,381",2774.1927,43013.60,47.0,South America,1140,message Msg { string id = 1; },29.7,4.1688,01/28,14646-25-6,2209,12/29,5990.25,157.7,"$3,120,887",57600,X-Ray Chest,400567,1754 shares @ $216.24,British Pound,jessica.brown@gmail.com,NY,503139,0x9c6bd320e218f78191d154fb2c56874e53009a65,INV-800847,"$24,955",Q3 2022,US Dollar,DCFS,12/27,1223,JPY,BILL-282521,901820812,BILL-767695,540,Olivia S. Anderson,"$21,795",INS-511095,$2b$12$EWBMgtmSo2hFXRF6jcetsGLRA77bPG2hufuv0ngrHIiUazfS8uLh4,08/27,INV-974525,Swiss Franc,Imagine,BILL-916773,snapshot,kubectl apply,john.rodriguez@gmail.com,2026-12-22T07:58:13Z,5820558795789,606,tenant-026,6948,6856,john.moore@yahoo.com,382,Negligible,[INTERNAL] Q3 strategy review pending board approval,942 shares @ $447.98,10466.88,[CONFIDENTIAL] Formula #317,58610,609,"$2,851,186",2251694101,846 shares @ $225.03,david.king@gmail.com,JPY,US Dollar,1101,GBP
267,3746452,BILL-986049,FL,"$219,190",6616.58,"$2,345,124",AUD,HOLD-2023-440,tenant-012,BILL-286787,Golden Gate Bridge,21,Sibling,181300809,"$1,210.08",74558.4,"$12,560",5086-6515-6589-6281,0601479322,0.2396,0x768f6ad6a0c04988f1e8767a49da8d4aa767a3cd,"$99,613.24","$20,237","$6,701",INR,611.37,Annual Report 2023,"$160,838",118.5742,%B9000358483695910^MARTIN/EMMA^2907,4607,5295.97,4496,UTF-16,linda.johnson@gmail.com,HOLD-2021-121,715089194256,2815 shares @ $357.17,12216-73-1,21937872,2289,UTF-8,9.6,4316 shares @ $485.47,,%B9616220015778687^RODRIGUEZ/EMMA^2805,3470,3704-1963-3503-5333,source_col -> output,4229-7496-7082-8105,321856076,"$89,675",-136.2788,"$78,046.91",92.9,South America,3773,message Msg { string id = 1; },94.8,21.066,04/27,40853-48-5,6391,09/27,2744.55,137.6,"$4,035,378",601102555,X-Ray Chest,60116646,4560 shares @ $170.0,Euro,logan.young@gmail.com,NY,43081,0x0f1857106e015d7a584f5568743e75ef89ffe82f,INV-433694,"$17,014",Q1 2025,British Pound,VRMU,06/29,3418,AUD,BILL-285748,016404750,BILL-608585,0205,Sophia King,"$45,404",INS-951495,$2b$12$VbDlSFwsYIpsv5bPT1Vmn7IADNtZzjWw50kNDA6x53jAgzYzAWeUM,04/24,INV-742190,British Pound,Yesterday,BILL-498491,update,kubectl apply,susan.moore@gmail.com,2022-11-28T06:58:34Z,5728031858502,395,tenant-027,0064,7845,williammartin@yahoo.com,1986,Medium,[INTERNAL] Q1 strategy review pending board approval,440 shares @ $138.48,29961.90,[CONFIDENTIAL] Formula #886,601105543,457,"$4,605,089",674004415076,2562 shares @ $22.59,robert.lee@yahoo.com,USD,British Pound,6105,CAD
994,601102360,BILL-933197,MA,"$77,718",5847.01,"$8,859,876",AUD,HOLD-2021-877,tenant-049,BILL-862394,Golden Gate Bridge,749,Spouse,844995274,18867.65,74114.5,"$30,106",5867-2691-8499-1427,07766942,0.5889,0x67c6a0aabb9f7af1667a1ea5eb4d512b0e0c69a8,75700.51,"$42,473","$8,708",INR,6765.06,Executive Analysis 2020,"$5,561,224",105.6542,%B2450445068747351^DAVIS/SUSAN^2702,2408,1673.67,4039,ISO-8859-1,oliver.walker@outlook.com,HOLD-2022-744,919895362563,2606 shares @ $181.51,46072-50-6,1230201963,687,UTF-8,60.4,2317 shares @ $29.06,,%B1458592778712122^MOORE/PATRICIA^2510,8352,3749-3675-9537-9586,source_col -> output,3767-5324-8021-3167,609441923,"$31,371",6102.211,38246.48,48.3,Oceania,6961,CREATE TABLE t (id INT PRIMARY KEY),75.8,10.1093,07/27,26396-42-0,5471,10/25,8709.17,74.7,"$1,967,678",601186613,MRI Brain,379856,1806 shares @ $331.71,British Pound,olivia.lee@gmail.com,WA,601165344,0x0ce9287ee75e4d3c586bd03a8f60eb5b44c52baa,INV-737397,"$30,761",Q1 2026,Euro,FJ,11/30,1486,EUR,BILL-883691,662110234,BILL-612824,839,Mary Jackson,"$23,724",INS-334703,$2b$12$9NcNyytu3SHHolXIhFOnlx5wuwYOVfShZCFYFfJ5k8QGu2PxxLmtf,05/30,INV-599269,Japanese Yen,Bohemian Rhapsody,BILL-692803,insert,POST /api/orders,olivia.martinez@yahoo.com,2019-02-14 00:20:40,7590391765871,339,tenant-041,1254,313,jessica.smith@example.com,2487,Low,[INTERNAL] Q3 strategy review pending board approval,3731 shares @ $261.69,34788.53,[CONFIDENTIAL] Formula #788,3796805,800,"$9,333,763",4967524334,2376 shares @ $111.48,amy.anderson@outlook.com,INR,Swiss Franc,6033,USD
147,3777361,BILL-472182,PA,"$66,511",8367.83,"$5,670,521",GBP,HOLD-2021-103,tenant-008,BILL-258715,Golden Gate Bridge,766,Child,848047260,31674.26,26321.6,"$13,780",4835-0488-5064-7911,2012919033,0.3133,0xf6976a10feed087fee15b4a6cdb8260e5464fd6f,"$25,480.01","$44,792","$30,665",INR,5329.24,Technical Report 2020,"$9,256,672",56.9423,%B5085474090916157^WHITE/HARPER^2703,4963,814.61,5081,UTF-8,james.jones@yahoo.com,HOLD-2026-772,21353243,1406 shares @ $338.61,20811-11-6,9672050751,3587,UTF-16,66.1,3981 shares @ $264.84,,%B4453502622791877^THOMAS/LINDA^3003,9623,3707-0738-9990-2735,input -> target_col,XXXX-XXXX-XXXX-2698,715574619,"$47,647",9774.2931,"$77,506.12",59.1,Europe,6678,"{""type"": ""object"", ""properties"": {}}",61.8,36.3875,02/25,74079-29-7,7884,08/29,1277.58,281.7,"$8,827,704",497063,X-Ray Chest,57335,983 shares @ $236.88,Japanese Yen,david.moore@gmail.com,CA,535118,0xd5a0a2db6236166cefb28002b142a5326039243e,INV-855289,"$13,564",Q4 2023,Japanese Yen,LJWM,01/28,602,CNY,BILL-494702,236099616,BILL-900239,737,Aiden Lewis,"$38,874",INS-758553,$2b$12$orZszOLXRzCtIatKZxcIehC0zrdTSey4JukX75Km5cErJyp61L9d4,11/26,INV-669188,US Dollar,Bohemian Rhapsody,BILL-763818,upsert,POST /api/orders,harper.garcia@outlook.com,2026-02-21T08:58:16Z,6583654611220,797,tenant-018,7849,4470,anna.davis@outlook.com,390,Negligible,[INTERNAL] Q2 strategy review pending board approval,3309 shares @ $58.61,81475.59,[CONFIDENTIAL] Formula #760,601131969,674,"$7,823,681",57246309,3538 shares @ $326.22,olivia.harris@yahoo.com,CAD,Euro,3503,GBP
