industry,c_ac,wulsk86,jull65,weight,mailing_address_v2,credit_score_raw,emailDomain,LUMINOSITY_BRIGHTNESS,v_file,credit_score,district_borough_data,username,location_text,field_540,vqvuo90,voiceprint,DEFINITION,ethnicityRace,field_ethni,riskLevel,firstName,fact_email_address,FINGERPRINT,timestamp_info,fact_disease_name,count,dim_comment_note,wcxu56,fax_number_field,processor,column_field_name_field,lastName,mailing_address,creditScore,SOURCE_ATTRIBUTION,passportNumber,dim_zkn,dob,customer_maiden_name,deviceType,eml_address,PHOTOGRAPH,FIRST_NAME,email_address_raw,field_245,status_code_field,d_nk,fingerpr,finger_scan,PHONE_NUMBER,title_prefix_54,d_check,meta_comma,fax_number,mailingAddress,caption,title_prefix_field,gender_pii_field,fact_fingerprint,nationality,c_dln,ethnic,USERNAME,dob_2,voiceprint_2,legal_hold_document,facebook,VOICEPRINT,raw_population,p_1,SCORE_INDEX,orf20,dim_ethnicity_race,social_security,LAST_NAME,gender_pii,instruction_text_v2,title_prefix,factor,workpermit,apispec,phone,defn,forename,maiden_nm,lname,dim_social_security_number,username_2,jeosvz40,var_hou,softDeleteFlag,birthPlace,photo,v_mw,label_tag_30,title_raw,voicepr,family_name,marital_status_v2,reviewText,partitionKey,meta_tax_i,attr_expi,attr_224,fact_first_name,rec_identifier,revenue,var_addr,titlePrefix,status_code,card_verification_value,fingerprint_30,screen_name,jjj33,BIRTH_PLACE,year_38,ethnicity_race_30,end_date,p_ff,col_yv,marital_status,attr_xqie,voice,mime_type_info,email_address,postal_address,var_yxd,d_284,maritalStatus,bplace,user_date_of_birth,fact_photograph,session_token_30,TITLE_PREFIX,prescription_val,photograph_22,soc_security_number,mapping_transform,visa,geographic_name,MIDDLE_NAME,emailAddress,routing_number_raw,record_identifier_v2,ofanwr82,p_rtt,genderPii
Manufacturing,[CONFIDENTIAL] Formula #498,warn=8052,@harpermartinez723,975.72,"9308 Main St, Austin, TX 84952",470,example.com,67779.4,/var/data/batch_280.log,353,North Shore,amy_clark504,"Denver, Israel",132.24,curated.users -> analytics,voice_85cf68d87a59ceb3.wav,A systematic definition of data quality.,Hispanic,Mixed,Negligible,Mary,jennifergarcia@company.com,fp_a8bc336ba1cfe8bd,2025-06-01 07:33:49,Tuberculosis,95282,Resolved — no further action.,Hon.,+1-243-721-5354,63.4,amount,Walker,"8500 Elm St, San Francisco, PA 77639",759,Eurostat,R69783840,photo_9c7e6522.jpg,03-17-1952,Young,Smart TV,liamwhite@example.com,photo_09fdbc1f.jpg,Sarah,jenniferclark@yahoo.com,Canada,pending,EMP15398,fp_00afa0723056254b,fp_e8d3d348689fded3,448.637.7551,Prof.,fb7b5df23b296a5549366a27297c7866786be7865f3db0373de85d4428869356,POST /api/orders,+1-869-705-6697,"8856 Elm St, Sydney, WA 30881",Figure 9: Distribution,Dr.,Non-binary,fp_d0fd3ce71351f105,Norway,IL1684065,Asian,logan_miller79,08/12/1987,voice_bd1e68ebb248e511.wav,HOLD-2021-586,@olivermartinez480,voice_816025c22d0dc83d.wav,4837305,John,2.84,Mixed,Hispanic,293-81-8155,Robinson,Other,Step 5: Monitor the system.,Mr.,4.0364,WP-US-295494,REST/JSON,472 746 4994,A formal definition of data quality.,Mason,Taylor,Smith,XXX-XX-3738,william.smith409,Sophia Garcia,W,true,New York,photo_69bcd629.jpg,0.2,approved,Technical Review 2023,voice_6ece79f06af79fff.wav,Anderson,Married,Great product!,tenant=acme,81-1820101,02/24,+86,Amy,USR-818389,"$8,228,680","1953 Elm St, Tokyo, OH 52487",Ms.,approved,360,fp_5cf262edc26d5e27,olivia_miller682,photo_6b3f0dc9.jpg,Seattle,2012,Mixed,2018-02-14,"15.77481, 96.382114",HM6647,Single,"7930 Maple Dr, Tokyo, TX 47725",voice_8094b1d8bdd7ad52.wav,application/json,richardmartinez@acme.org,"3787 Main St, Seattle, FL 61720",1994,504 shares @ $256.59,Divorced,Los Angeles,03/21/1990,photo_d5d0c3d2.jpg,sess_4oJeHbM4j19GuSb5cN4ixW6ZfMSAUphyZyrQLHEu,Hon.,Omeprazole 20mg,photo_774ded86.jpg,397-22-3864,input -> target_col,WP-MX-505603,Australia,X,patricia.jones2@acme.org,542126512,ORD-676686,WP-FR-426674,logan_moore,Male
Education,[CONFIDENTIAL] Formula #477,max=2090,@williamjackson565,633.18,"6669 Pine Rd, San Francisco, NC 22728",676,yahoo.com,28107.5,/var/exports/daily_569.parquet,562,Midtown,william_smith996,"Seattle, Switzerland",211.36,curated.users -> analytics,voice_5ea8d1b39a587981.wav,A systematic definition of data quality.,Black,White,Critical,Mason,elizabeth.young@company.com,fp_e3ada522b2a0e37a,2022-08-15 09:30:50,Malaria,78069,Pending verification.,Dr.,+1-544-911-1892,67.8,created_at,Davis,"714 Maple Dr, Atlanta, NC 73203",603,Census Bureau,Y32317900,photo_dc73e30e.jpg,02-07-1959,Jackson,Mobile,lucas.walker@acme.org,photo_96df8e33.jpg,Logan,annayoung@yahoo.com,Germany,completed,EMP89425,fp_be8248d915cddd6f,fp_b6ff8d0570dd15ef,(519) 231-9654,Mrs.,151ffabdfae79e79df97c5bd634babcfa0bc0a5566231dc123e2bb6114281158,docker run,+1-680-838-2441,"6624 Pine Rd, Los Angeles, CO 93986",Figure 10: Overview,Dr.,Non-binary,fp_817baed2c5945ee8,Norway,MA3568241,Hispanic,williamlee311,0002-02-1997,voice_51df1941f41c4ed8.wav,HOLD-2023-594,@jamesdavis385,voice_c5769185121ce3b5.wav,7366754,John,2.1,Black,Mixed,XXX-XX-1625,Smith,Other,Step 5: Monitor the service.,Hon.,3.6879,WP-FR-481978,gRPC/protobuf,548-615-4364,A formal definition of data quality.,Elizabeth,Miller,Lewis,553-26-7054,emily_lewis650,Emma Moore,A,false,Miami,photo_37ebbaab.jpg,74.3,deprecated,Executive Analysis 2020,voice_afde83c74c6206f0.wav,Rodriguez,Single,Average experience.,tenant=us-east,60-1355334,10/27,+61,James,7519094,"$1,902,527","3451 Park Blvd, Boston, TX 11587",Dr.,pending,2191,fp_9cd1957571839fb2,emmawhite487,photo_86349a58.jpg,San Francisco,1998,White,2024-10-02,"20.23258, 11.697516",BE2938,Married,"9038 Pine Rd, Portland, PA 10486",voice_7ab067ec8e5515a6.wav,application/json,richardwalker@yahoo.com,"1376 Park Blvd, London, NC 40661",2014,3678 shares @ $353.33,Single,Chicago,0003-25-1974,photo_a2b6e8df.jpg,sess_TYAmm0byDjCY3Pk5nBUm6tUeXQAIEtDToK16QkNx,Mrs.,Omeprazole 20mg,photo_ac73e513.jpg,814-69-2783,input -> field_b,WP-IN-808114,Italy,U,sophia.white@gmail.com,204466162,2257641,WP-IN-986174,amy_williams,Other
Finance,[CONFIDENTIAL] Formula #553,crit=2568,@robertyoung523,553.71,"8024 Main St, Berlin, NY 25998",781,yahoo.com,5100.1,/var/logs/daily_131.xml,832,Downtown,amyjones104,"Sydney, Singapore",150.65,curated.orders -> reports,voice_12dd4d7280a1d0e3.wav,A systematic definition of compliance.,Asian,Hispanic,Critical,Michael,emily.garcia@gmail.com,fp_608183ec94f2d6d8,2026-12-07 16:11:47,COVID-19,47459,Updated per client request.,Hon.,+1-219-419-8526,76.4,id,Jackson,"6721 Main St, Sydney, TX 23876",599,WHO,U14707353,photo_ee52b33a.jpg,10/22/1981,Martin,Wearable,williamwilliams@yahoo.com,photo_2e5636b7.jpg,Aiden,sophia_thompson@acme.org,Japan,rejected,EMP73318,fp_c3de4ffc1592e165,fp_d3030105eb7099d2,835.362.7192,Dr.,220f3f8fd976972d94448544f543bc51329361b9cca7372093692761f2d0cff5,docker run,+1-371-778-3349,"1630 Park Blvd, Tokyo, WA 47128",Figure 7: Timeline,Prof.,Other,fp_894fce502f1bc68a,United Kingdom,NY2751506,Hispanic,susanjackson685,0001-05-1993,voice_d49c3ff8ff64f66a.wav,HOLD-2024-813,@aidenyoung603,voice_d14c477768473583.wav,5172147,Anna,8.4,Mixed,Asian,XXX-XX-5022,Moore,Female,Step 2: Configure the service.,Rev.,0.4122,WP-IN-717582,OpenAPI 3.0,929-242-2560,A formal definition of data quality.,Mason,Johnson,Lewis,XXX-XX-5949,patricia.robinson279,Liam Lee,F,false,Berlin,photo_540e2901.jpg,6.1,high-priority,Executive Review 2025,voice_66a12d51bef929d2.wav,Young,Divorced,Average experience.,tenant=us-east,25-3017191,05/26,+91,Richard,6859335,"$4,651,796","2200 Maple Dr, Atlanta, WA 51211",Rev.,inactive,8957,fp_d4f8632a9a2d00c1,elizabeth_young652,photo_d7f0b1f1.jpg,Toronto,2019,Other,2024-05-24,"-27.64985, -156.756253",BW9192,Divorced,"8822 Maple Dr, Toronto, FL 90927",voice_bf2d2d39ef0b947e.wav,text/html,susan.johnson@company.com,"6924 Maple Dr, Dallas, IL 44083",2008,2518 shares @ $380.97,Married,New York,0011-12-1967,photo_c11cc701.jpg,sess_wcat1DTZRYRgXEDmlIDUsBMfvRtjIngK6W2YyasT,Mr.,Lisinopril 10mg,photo_bf305747.jpg,XXX-XX-6091,field_a -> output,WP-DE-800321,Japan,U,sarah.lee@yahoo.com,435860269,1004246,WP-JP-636826,amy_moore,Male
Finance,[CONFIDENTIAL] Formula #417,crit=756,@emilyjones97,16.55,"2221 Pine Rd, Atlanta, CA 56546",795,gmail.com,35123.9,/var/config/batch_540.log,542,East Side,elizabeth.martin286,"San Francisco, Switzerland",244.75,raw.events -> analytics,voice_b30bff7d21fcce14.wav,A operational definition of risk.,Other,Other,Low,Noah,sarah_walker@yahoo.com,fp_fcf1c6f40882d908,2024-07-12 21:51:26,Influenza,8746,Needs follow-up next quarter.,Ms.,+1-285-677-7965,59.3,created_at,Taylor,"1912 Oak Ave, Seattle, PA 96613",450,Reuters,L54380240,photo_602b2c22.jpg,03/17/1977,Lee,Mobile,loganwright@yahoo.com,photo_283145ed.jpg,Jennifer,anna_williams@yahoo.com,South Korea,cancelled,EMP99005,fp_ce0a139516ffe6c3,fp_04c5665921320fbe,(538) 560-9535,Mr.,4f846cf2ce3e58bbb03a053bb76ddb871902623b3777e94573a7b1f03bf0da9f,docker run,+1-751-342-3443,"7603 Elm St, Atlanta, TX 80337",Figure 19: Overview,Dr.,Non-binary,fp_f8907597be7d6b06,Israel,FL5416152,Black,oliver.white406,03/09/1948,voice_cf4176b6b28ac73e.wav,HOLD-2025-868,@lucastaylor996,voice_dea4b8f9a5bd3a1e.wav,7123539,Emily,2.18,Black,White,251-21-3066,Williams,Other,Step 1: Monitor the system.,Mrs.,8.475,WP-AU-761058,OpenAPI 3.0,+19459804683,A systematic definition of compliance.,Anna,Smith,Wright,419-52-2337,amy.robinson686,Susan P. Jones,P,false,Denver,photo_df78a726.jpg,85.6,stable,Executive Review 2026,voice_cfde6e3b64d65b50.wav,Smith,Single,Not recommended.,tenant=2024-01,65-4696775,11/29,+49,Jessica,ORD-230512,"$4,661,255","9214 Main St, Berlin, NC 82982",Rev.,failed,923,fp_03bdde75c7b10d84,emily.brown438,photo_1e23f5b2.jpg,London,1995,Other,2021-08-08,"-76.635574, -123.160356",MF490,Widowed,"7955 Pine Rd, London, IL 82137",voice_c53f0cbbe43d4ef1.wav,image/png,sophia.garcia81@gmail.com,"4481 Park Blvd, New York, CA 61279",1999,3713 shares @ $335.45,Widowed,Seattle,08-17-1957,photo_b7c56242.jpg,sess_IrrjOrEd355rYlV3jeh1qRppNZFxiQRyclSDsaN6,Hon.,Ibuprofen 200mg,photo_223a8bfc.jpg,555-10-6930,source_col -> field_b,WP-BR-724884,Australia,A,oliviataylor50@example.com,784098451,REC-657232,WP-AU-573025,sarah_williams,Female
Education,[CONFIDENTIAL] Formula #870,crit=7549,@masondavis206,179.48,"9713 Elm St, London, FL 12591",744,yahoo.com,95051.1,/var/logs/batch_953.csv,617,Downtown,harpermiller919,"Denver, Australia",140.04,curated.orders -> analytics,voice_1ed3dde258940a97.wav,A formal definition of data quality.,Mixed,Hispanic,Negligible,Robert,amyjackson74@example.com,fp_d40a585490b95728,2025-12-08T01:06:38Z,COVID-19,95683,Pending verification.,Hon.,+1-946-334-8469,57.4,created_at,Miller,"8493 Cedar Ln, Los Angeles, NC 31559",600,Reuters,E79604038,photo_eaab6746.jpg,12-01-1975,Martin,Mobile,linda.thompson@example.com,photo_f36571e3.jpg,Richard,annamiller56@gmail.com,Netherlands,rejected,EMP45714,fp_09ccf555df522ad3,fp_25de83f58c554287,+17728029908,Prof.,be5b25ac4281dc808b3ed68dbd7955586bb70bae624eaa9f927f356a4e8dc464,npm install,+1-911-861-1636,"7637 Maple Dr, San Francisco, CA 12613",Figure 7: Timeline,Dr.,Female,fp_1005acea62fe2046,Spain,NY1107097,Other,james.harris359,09/10/2003,voice_b8c7b69fe81c5ef2.wav,HOLD-2022-418,@patriciamartinez513,voice_d842b6b25c2af1a7.wav,621453,Emma,4.72,Other,White,XXX-XX-1838,Harris,Male,Step 1: Verify the pipeline.,Rev.,7.7041,WP-AU-827978,SOAP/XML,(755) 257-1059,A formal definition of compliance.,Oliver,Lewis,Smith,896-23-6695,oliver.clark690,Richard Thompson,B,true,Dallas,photo_32fae9da.jpg,67.9,experimental,Quarterly Summary 2025,voice_4e565b5dfc62493d.wav,Martin,Widowed,Not recommended.,tenant=2024-01,75-8668137,05/24,+33,John,5715501,"$9,164,443","7770 Oak Ave, New York, GA 50566",Dr.,approved,5359,fp_da9480a7a87dd1ff,robert_clark172,photo_000cb66d.jpg,New York,2023,White,2025-03-04,"-46.416908, -9.112084",RE8012,Widowed,"3408 Cedar Ln, Austin, GA 29327",voice_5d5a821261bc7621.wav,application/json,oliver.taylor@yahoo.com,"1788 Main St, Dallas, CO 68621",2019,2412 shares @ $78.98,Divorced,Miami,07-10-1946,photo_06d077d4.jpg,sess_cwpVgpJ4MjWGb95B2tjjd4AHvX3IGttQVzsWfKLQ,Hon.,Lisinopril 10mg,photo_50654632.jpg,400-22-5168,source_col -> field_b,WP-IN-602273,Mexico,I,patricia_lewis@outlook.com,356255181,9499345,WP-AU-333424,lucas_robinson,Male
Retail,[CONFIDENTIAL] Formula #278,max=4200,@jenniferwalker568,244.26,"4159 Oak Ave, Sydney, CA 51362",600,company.com,37795.4,/var/logs/daily_941.csv,556,Midtown,sophia.davis853,"Toronto, India",138.95,curated.users -> exports,voice_e46902664a2a53db.wav,A systematic definition of data quality.,Asian,Black,Low,James,richard.miller37@acme.org,fp_907128071a51602c,2018-08-17 23:31:54,Tuberculosis,84835,Reviewed and approved.,Hon.,+1-976-940-8806,69.7,amount,Clark,"7918 Pine Rd, Atlanta, MA 59743",637,Eurostat,E42129818,photo_60f5a963.jpg,05/21/1962,Jones,Mobile,liam.king25@company.com,photo_d1a1ff00.jpg,Ethan,michael_clark@yahoo.com,United States,failed,EMP30939,fp_ed529e0ec3fe042e,fp_117efc456bb12296,359-706-8556,Dr.,50be8b04c0f9d817a585d4eb65bd2a2ea64fce73bc1460e6f184d01a75783be6,GET /api/users,+1-402-758-2975,"9112 Elm St, Tokyo, NC 85051",Figure 13: Overview,Ms.,Male,fp_d62708feb5859814,Australia,NY1176462,White,sarah_rodriguez480,01/18/1981,voice_cb2cc8a23887f1c3.wav,HOLD-2022-693,@noahclark201,voice_82b885ebeabe34a1.wav,5260434,Ethan,6.14,Hispanic,Other,859-24-6869,White,Non-binary,Step 3: Deploy the pipeline.,Prof.,7.6158,WP-IN-101265,GraphQL,705-981-7199,A formal definition of data quality.,Logan,Lee,Harris,400-54-5298,emma_harris341,Noah Smith,Y,false,New York,photo_9375c6e4.jpg,59.5,experimental,Executive Summary 2023,voice_0800125b93929c45.wav,Williams,Widowed,Excellent service.,tenant=acme,33-6437567,03/29,+33,Elizabeth,4426637,"$1,978,326","4975 Oak Ave, London, TX 46483",Dr.,inactive,531,fp_ba39665f52596f9d,linda_robinson285,photo_c3b96e44.jpg,Sydney,2004,Asian,2022-04-22,"-9.898913, -166.224081",IB446,Widowed,"1224 Elm St, Boston, PA 97758",voice_ce9d27596422babd.wav,image/png,jessica.lewis78@example.com,"6443 Pine Rd, San Francisco, NC 52043",2025,1771 shares @ $244.91,Divorced,Berlin,08-09-2003,photo_8cc11033.jpg,sess_rnNqgREuBtD7ZknkaF8BiYewWnnZSlyhoqM0aG2B,Prof.,Ibuprofen 200mg,photo_5d6a1ce6.jpg,429-45-8703,source_col -> field_b,WP-FR-338644,Singapore,E,william.davis18@gmail.com,538482552,USR-950750,WP-CA-996955,aiden_king,Non-binary
Healthcare,[CONFIDENTIAL] Formula #563,crit=6254,@masonclark537,173.98,"5438 Oak Ave, Toronto, NY 29812",561,example.com,56970.3,/var/data/batch_505.yaml,312,South Bay,lucas_davis866,"Atlanta, Japan",139.36,staging.events -> analytics,voice_6617dd9158da24dd.wav,A formal definition of compliance.,Asian,Mixed,Low,Harper,daviddavis@example.com,fp_8ff8a381e5f2db4d,2025-04-08 06:34:22,Influenza,46608,Pending verification.,Mrs.,+1-549-756-7195,16.5,email,King,"6844 Maple Dr, Houston, NC 20446",319,WHO,J40562438,photo_4e943cc1.jpg,10/27/2001,Anderson,Tablet,richard_smith@acme.org,photo_16362ea2.jpg,Jennifer,elizabethanderson@yahoo.com,India,approved,EMP34273,fp_d670b6bce003a166,fp_b5eceda17bb12d93,(590) 316-5249,Prof.,e63123f584412958e99bdfdca2d1c51589b6a3364e38c3afa19154d1bf09f1e1,GET /api/users,+1-833-480-8179,"5620 Main St, Atlanta, CA 81843",Figure 15: Timeline,Prof.,Non-binary,fp_c4557a8f69fec785,Israel,FL3766633,Hispanic,amy.young656,12-26-1988,voice_773963034c0c6c7a.wav,HOLD-2025-946,@lindagarcia899,voice_3ad09b8306295e62.wav,6572937,Linda,7.23,Asian,White,506-76-1710,Clark,Male,Step 5: Verify the service.,Mr.,2.0309,WP-MX-594989,OpenAPI 3.0,+13717556612,A operational definition of risk.,Jennifer,Williams,Moore,531-96-1291,maryclark712,Oliver Jackson,E,false,Denver,photo_cde53d0f.jpg,9.7,high-priority,Executive Report 2023,voice_d5f2a02716165ab6.wav,Garcia,Single,Not recommended.,dt=us-east,76-2949163,02/30,+61,Olivia,TXN-614664,"$4,355,124","5335 Maple Dr, Portland, WA 86390",Dr.,inactive,132,fp_13bcc86998fa53c1,ethanjackson720,photo_482d2d92.jpg,Denver,2019,Asian,2026-01-21,"-21.005911, 115.405917",IE7969,Divorced,"8511 Elm St, San Francisco, NC 18506",voice_7fa447be1c0f134c.wav,application/pdf,james_moore@gmail.com,"6897 Cedar Ln, Seattle, MA 99998",1991,3055 shares @ $256.47,Widowed,Seattle,07-04-1998,photo_c594cf95.jpg,sess_IAVQn61q392MoAWxHPJ47OYPunqgdolZp6VFgiE9,Hon.,Lisinopril 10mg,photo_87c3815b.jpg,XXX-XX-5949,source_col -> field_b,WP-GB-680487,Sweden,E,richard_williams@gmail.com,516968909,417130,WP-BR-859356,liam_miller,Non-binary
Retail,[CONFIDENTIAL] Formula #662,warn=6683,@olivialewis391,802.46,"6181 Main St, Paris, IL 43538",576,company.com,87192.2,/var/logs/batch_638.json,571,West End,robert_johnson214,"Denver, Israel",161.58,raw.events -> exports,voice_132679bed51559d1.wav,A formal definition of compliance.,Hispanic,White,Medium,Emily,emma.robinson@acme.org,fp_d8565203321ffef1,2022-04-18 07:25:53,Influenza,89650,Escalated to management.,Rev.,+1-417-772-9247,42.6,email,Anderson,"8188 Park Blvd, Houston, IL 55052",365,WHO,W31846858,photo_79f5a44d.jpg,0003-13-1960,Thomas,Smart TV,richard.robinson@gmail.com,photo_f5d5dc6f.jpg,John,lucasmoore89@acme.org,India,cancelled,EMP52088,fp_54267c329a500beb,fp_45c370aa73b43b10,+13542872497,Mrs.,c6151f8dcc9f305e66d55f9742a6d91179dbe4b4bbcdb48b41144101b58a8af5,npm install,+1-666-373-8197,"1297 Cedar Ln, Phoenix, IL 20117",Figure 8: Timeline,Hon.,Female,fp_54bdce2905b6c1e2,Norway,TX5028739,Other,robert_garcia323,10-11-1980,voice_7f5e5a509032ca7b.wav,HOLD-2026-828,@johnjackson748,voice_5368ec492ceaf420.wav,107911,Jessica,7.08,Mixed,Black,XXX-XX-7687,Martin,Female,Step 3: Deploy the system.,Mr.,3.5331,WP-US-627269,REST/JSON,660-594-5418,A formal definition of data quality.,Robert,Walker,Brown,629-35-6719,susan_lewis907,Michael Anderson,H,true,Los Angeles,photo_e5e383bc.jpg,3.1,experimental,Annual Summary 2026,voice_034127a3c3ddc701.wav,Lewis,Single,Excellent service.,tenant=acme,28-9390146,08/28,+55,Jessica,5523894,"$9,708,429","6065 Main St, Atlanta, IL 33306",Rev.,cancelled,7616,fp_87f64352973e6f6f,noahmiller485,photo_e4c07f21.jpg,Houston,2004,Other,2024-10-06,"-72.622101, 35.258816",PZ5728,Widowed,"2058 Main St, Boston, NY 63317",voice_38118eacb736fab6.wav,image/png,patricia_brown@company.com,"7647 Cedar Ln, Atlanta, OH 86526",1998,847 shares @ $456.32,Single,Seattle,0005-28-1975,photo_a3444c3c.jpg,sess_a02u8JO5cMPKSniNaWr6OF0a6UoKPO1iVkxAj7jT,Ms.,Metformin 500mg,photo_865a4583.jpg,733-18-8451,field_a -> field_b,WP-MX-302038,United States,K,michael_taylor@gmail.com,249628810,5410172,WP-CA-493338,mason_thompson,Female
Education,[CONFIDENTIAL] Formula #435,min=6009,@loganjohnson84,374.84,"3809 Pine Rd, Tokyo, CO 73961",514,yahoo.com,74091.5,/var/exports/daily_911.json,711,Downtown,mary_miller577,"Chicago, Netherlands",105.34,raw.events -> exports,voice_0ae48aad99d3ae7e.wav,A operational definition of data quality.,White,Asian,High,Susan,emily.johnson@yahoo.com,fp_f7028349a41b4063,2026-10-13 02:51:04,Tuberculosis,12927,Pending verification.,Rev.,+1-563-596-6892,68.4,amount,Williams,"4687 Park Blvd, Denver, CO 16367",382,Eurostat,P90191216,photo_c941a383.jpg,01/12/1963,Robinson,Smart TV,logan.rodriguez17@company.com,photo_1415b51a.jpg,Amy,oliverwright@gmail.com,United Kingdom,active,EMP65397,fp_c79b8b0809515e7a,fp_167b817cde865c9b,953-276-4946,Mrs.,bb3f82ac1832fe6d569e49dcd9cb363d6c2baf0d0ba4a2713d9ba1578aaeca08,docker run,+1-241-913-2248,"6926 Maple Dr, London, TX 15396",Figure 4: Comparison,Dr.,Female,fp_2db4cfb1c2d76427,Netherlands,CA1048415,White,robertrobinson931,08-08-1998,voice_4e947ccee23d6db9.wav,HOLD-2020-559,@jennifersmith245,voice_f857eb08ab4d58d1.wav,7734847,Lucas,5.92,Mixed,Asian,468-71-8969,Martin,Other,Step 1: Initialize the system.,Prof.,5.4592,WP-AU-781680,GraphQL,+15984794678,A systematic definition of risk.,Mary,Wright,Thomas,513-75-5822,david.martinez600,Richard L. Harris,P,false,Paris,photo_10b97cf7.jpg,61.8,stable,Executive Summary 2021,voice_d88ab8a69911c94d.wav,Miller,Divorced,Average experience.,tenant=2024-01,82-1725469,02/26,+55,Olivia,444900,"$7,261,285","293 Main St, New York, TX 33069",Rev.,rejected,948,fp_df8246f2e2e85a54,ethanrodriguez149,photo_3fc2270f.jpg,Portland,1996,Asian,2025-01-14,"32.469373, -27.11864",LD3882,Married,"6221 Elm St, Tokyo, IL 38299",voice_1f80b914fb2ae7ac.wav,application/pdf,liambrown@acme.org,"227 Maple Dr, Houston, TX 22285",2012,2250 shares @ $49.22,Married,New York,10/03/1957,photo_3352c06e.jpg,sess_MHwuGOr34D41ZiCsM23MmCFwa9GrIIfYtKzxNwm8,Mr.,Ibuprofen 200mg,photo_d6c8553b.jpg,XXX-XX-7700,input -> target_col,WP-IN-386265,Brazil,I,susanclark@outlook.com,366359095,8696332,WP-AU-946586,jennifer_lewis,Male
Retail,[CONFIDENTIAL] Formula #266,crit=8602,@richardmartin453,382.16,"5339 Main St, Seattle, GA 53412",790,gmail.com,89059.6,/var/uploads/batch_772.yaml,576,South Bay,robert.clark291,"Miami, Japan",54.85,curated.users -> analytics,voice_7e54181429c75c52.wav,A operational definition of risk.,Hispanic,Black,Medium,Harper,susan_robinson79@acme.org,fp_bd923f87f6fdc90f,2026-09-20T07:22:23Z,COVID-19,87573,Resolved — no further action.,Mr.,+1-480-868-6881,15.2,email,Martinez,"5283 Pine Rd, Dallas, CO 70375",787,Census Bureau,Z49117485,photo_0b8cff38.jpg,0003-06-1996,Martinez,Mobile,william_young86@example.com,photo_4d24a622.jpg,Anna,david.miller86@gmail.com,Germany,completed,EMP27091,fp_9dbe3d238b6e91f5,fp_921cf06bdb336765,658 370 4064,Prof.,337cb382ba51b8c035a72aa42600ea70e17c99834a21245a46161765e715b956,POST /api/orders,+1-314-471-7609,"7586 Oak Ave, Sydney, NY 12500",Figure 6: Comparison,Ms.,Other,fp_85bea97e2c4372a0,United States,OH6146192,Hispanic,jessicathomas914,07-03-1993,voice_fdf728e52e37a16b.wav,HOLD-2023-939,@williambrown448,voice_bf69098a9c02fcbb.wav,660211,Ethan,8.16,Mixed,Other,293-80-2978,Garcia,Non-binary,Step 5: Monitor the service.,Prof.,8.241,WP-AU-646575,REST/JSON,(319) 545-8373,A operational definition of data quality.,Mary,Jones,Walker,XXX-XX-2428,emily_white394,Emily Martin,L,true,Berlin,photo_ac23ab72.jpg,15.1,needs-review,Quarterly Summary 2025,voice_60925bcfc8c0f383.wav,Garcia,Widowed,Great product!,tenant=2024-01,33-4633670,11/30,+44,Patricia,5099835,"$8,115,268","5958 Oak Ave, Tokyo, CA 46280",Prof.,cancelled,845,fp_7108e45bbc6aa8c4,emily.wright532,photo_6b36e8bc.jpg,Paris,2021,Other,2024-05-08,"53.170413, -62.775683",HE6051,Married,"8126 Park Blvd, Austin, NY 37422",voice_a2c7290b37ebf681.wav,image/png,noah.robinson30@gmail.com,"3454 Cedar Ln, Dallas, NY 18740",1991,4333 shares @ $150.06,Widowed,London,07/23/1956,photo_2b3c43bc.jpg,sess_Ls0SSdskQ8I4IjgmcGtXTe3CI2MMKJkg51UeusaM,Hon.,Albuterol 90mcg,photo_29df1a42.jpg,633-54-5903,input -> target_col,WP-FR-476476,Brazil,M,linda_thomas@outlook.com,064810736,8236448,WP-JP-101534,mary_clark,Non-binary
Manufacturing,[CONFIDENTIAL] Formula #998,warn=3076,@annawilliams898,261.01,"3640 Main St, Atlanta, OH 42554",377,example.com,89289.4,/var/tmp/batch_143.log,555,East Side,johnmiller984,"Sydney, Israel",284.45,curated.orders -> exports,voice_251a9da23e80df33.wav,A systematic definition of data quality.,Hispanic,Hispanic,High,Susan,lindalee79@gmail.com,fp_354fa67a7e64cc11,2020-07-16T00:53:27Z,Tuberculosis,5240,Escalated to management.,Ms.,+1-902-829-9115,61.9,status,Wright,"738 Elm St, Atlanta, OH 73975",656,WHO,C71540367,photo_79f96cba.jpg,07/24/1991,Jones,Smart TV,logan_thomas51@company.com,photo_92c9bbf2.jpg,David,sophiajackson@gmail.com,Singapore,failed,EMP60621,fp_5174800caf45adfa,fp_e02e9b8f81f0a3dc,352 820 4273,Dr.,fc9158326f2a0ee2960a3ca20ede52e64993b04ef7c19c82716d9121af5667f7,kubectl apply,+1-274-308-9886,"3503 Elm St, Berlin, TX 79318",Figure 20: Overview,Ms.,Other,fp_56fce83c9ef8ed83,France,CO7833300,White,richard_martin985,09/04/1946,voice_8222733eca48f3f6.wav,HOLD-2025-412,@patriciamartin511,voice_9728be162128932a.wav,7857805,Mary,8.07,Asian,Hispanic,185-14-5877,Garcia,Female,Step 2: Initialize the service.,Ms.,1.9686,WP-IN-503895,REST/JSON,678.894.7672,A systematic definition of risk.,Ethan,Martin,Jones,XXX-XX-1764,susan.thomas26,Noah Rodriguez,I,true,Houston,photo_6c8ccea2.jpg,25.5,deprecated,Annual Report 2020,voice_229fcd647fc43c2f.wav,Harris,Married,Needs improvement.,region=2024-01,26-7874559,11/24,+86,Linda,ID-613968,"$1,108,649","1214 Park Blvd, Dallas, GA 48086",Dr.,inactive,657,fp_4654eca5821a51c2,james.brown430,photo_b4881ac4.jpg,Paris,2010,Asian,2022-01-21,"-46.634758, -16.654235",BA8984,Divorced,"3252 Pine Rd, Toronto, NY 98394",voice_0f7e42a083fa61cf.wav,text/csv,noah.king@company.com,"8468 Park Blvd, Tokyo, GA 56750",1991,2000 shares @ $231.55,Married,Boston,05-13-1976,photo_1322134d.jpg,sess_SyKF6QQJMlJi9jXjwTn0dDcRInCROsnqyIQ4ZCvU,Hon.,Lisinopril 10mg,photo_4117bed6.jpg,XXX-XX-8424,field_a -> target_col,WP-US-630779,Mexico,F,susanwilliams63@company.com,284393933,TXN-326074,WP-BR-335771,mason_johnson,Other
Retail,[CONFIDENTIAL] Formula #850,crit=5688,@harpertaylor26,995.04,"3326 Park Blvd, Houston, CA 82455",331,outlook.com,96079.8,/var/logs/daily_977.parquet,659,Downtown,sophiagarcia521,"Toronto, France",229.8,curated.events -> reports,voice_ba692726768047a0.wav,A systematic definition of compliance.,Mixed,Other,Negligible,Mason,davidjohnson@gmail.com,fp_348211f4ae6cd05b,2022-10-27T21:06:32Z,Diabetes Mellitus,32606,Reviewed and approved.,Ms.,+1-438-536-7809,7.0,name,Williams,"4646 Park Blvd, New York, FL 47041",395,CDC,N74852615,photo_1f7c1425.jpg,07-18-1984,Robinson,Mobile,oliver_white72@yahoo.com,photo_9fa15e8d.jpg,Ethan,mary.king@example.com,India,cancelled,EMP35606,fp_46588d494492eebf,fp_50fd5ffa0ef23556,833 740 4686,Ms.,f93f73dab150756655ce645e5060c358e356b725b9d74f8a2e9c386a0a5089b0,POST /api/orders,+1-235-438-4200,"5822 Elm St, Dallas, NC 12869",Figure 2: Timeline,Mrs.,Female,fp_e4d6188de6563654,Canada,MA8139232,Black,michaelrobinson363,0012-16-1964,voice_80e12bffa6b8b861.wav,HOLD-2020-912,@masonharris48,voice_93c084cff05058de.wav,537353,Emma,3.91,Mixed,Other,104-70-5416,Martin,Non-binary,Step 5: Initialize the module.,Rev.,0.4733,WP-BR-362756,gRPC/protobuf,(471) 227-6190,A operational definition of data quality.,Emily,Lewis,Garcia,150-86-9308,linda.taylor515,Sarah White,D,false,Toronto,photo_69b99564.jpg,1.2,high-priority,Annual Summary 2022,voice_87d4a119675a1c87.wav,Anderson,Divorced,Great product!,dt=us-east,88-1204196,12/27,+1,Jennifer,4095681,"$6,400,983","794 Main St, Berlin, MA 56417",Dr.,pending,6819,fp_848c756e27c7acaa,richard.martin310,photo_b40ae870.jpg,New York,2006,Hispanic,2019-07-25,"-50.126354, 1.753917",DC9247,Divorced,"1289 Main St, Miami, NC 80427",voice_3f91021173bb28e3.wav,text/csv,noah.martinez@gmail.com,"3111 Elm St, Atlanta, GA 10986",2001,4099 shares @ $166.19,Widowed,Miami,12/23/1994,photo_ff267573.jpg,sess_pNx81MZnLAdvYZlCtJDpXk40OCaZRS8WoSQjGVFN,Hon.,Albuterol 90mcg,photo_a8dbde55.jpg,XXX-XX-3806,field_a -> output,WP-US-132937,Israel,O,david_king@company.com,160429520,REC-880405,WP-FR-581175,james_johnson,Male
Education,[CONFIDENTIAL] Formula #663,min=5935,@williamjones386,929.99,"400 Elm St, Austin, CA 45600",768,example.com,82474.6,/var/data/batch_342.yaml,374,East Side,aiden.young480,"New York, Brazil",180.69,curated.orders -> analytics,voice_df8d9e3499778aed.wav,A formal definition of risk.,Hispanic,Asian,Negligible,Sarah,jessica_robinson17@outlook.com,fp_e174b358bf812f1e,2025-01-10T03:04:35Z,Influenza,48522,Automated processing complete.,Prof.,+1-893-957-6957,34.8,created_at,Jackson,"1500 Park Blvd, New York, TX 89551",601,Bloomberg,Q17077958,photo_679015dc.jpg,0003-11-2001,Thompson,Smart TV,amygarcia@acme.org,photo_f5fabfae.jpg,James,liamwalker49@gmail.com,Canada,pending,EMP83888,fp_e9c980eef817d318,fp_9a3ccee079595bea,843.948.8938,Ms.,e543ae7473497a429c70384bc798c9583821e8362edc92aa506fd900ec33c0f0,GET /api/users,+1-812-974-9803,"3495 Maple Dr, Tokyo, IL 20835",Figure 6: Overview,Mrs.,Male,fp_e207596ed1e03eb6,Singapore,MA7081517,Black,davidjones401,03-04-1997,voice_152897f48b5efcda.wav,HOLD-2022-960,@johngarcia798,voice_4b8fc0aa3a6f898b.wav,2003509,John,5.41,White,Asian,240-37-6874,Smith,Non-binary,Step 1: Monitor the module.,Mr.,6.4924,WP-IN-408387,OpenAPI 3.0,+14428189410,A formal definition of compliance.,Harper,Miller,Anderson,444-93-1343,james.thomas523,Logan Martin,V,false,Houston,photo_90c95ff3.jpg,65.0,needs-review,Annual Report 2025,voice_5a76c91b7f53eaaa.wav,Williams,Divorced,Excellent service.,region=acme,26-2946556,04/26,+91,Elizabeth,924758,"$6,002,853","3203 Oak Ave, Phoenix, FL 95770",Ms.,pending,2240,fp_3b5ae003ab48b05b,lucas.martin4,photo_5a851592.jpg,Berlin,2023,Black,2021-05-28,"-38.873987, -36.233713",PG4962,Married,"7875 Maple Dr, Chicago, PA 70644",voice_c907987156415b6d.wav,application/pdf,sarah.wright@yahoo.com,"3486 Main St, London, FL 57903",2017,3262 shares @ $327.13,Widowed,Chicago,11-12-1948,photo_446af0a4.jpg,sess_c98upPQs1JoL8bBe0HOs4rK14YnFfNlStzSKnqYu,Hon.,Lisinopril 10mg,photo_f07d8887.jpg,XXX-XX-4587,source_col -> output,WP-AU-387397,France,R,amy.clark@gmail.com,713969028,5423708,WP-BR-140838,jennifer_king,Other
Healthcare,[CONFIDENTIAL] Formula #451,min=9637,@williamclark654,169.68,"2908 Cedar Ln, Houston, MA 38786",661,example.com,69704.9,/var/uploads/daily_661.yaml,623,Downtown,davidmoore569,"Berlin, Germany",255.96,curated.events -> reports,voice_499b4413ddbca452.wav,A systematic definition of risk.,White,Other,Negligible,Anna,william.johnson@acme.org,fp_cc1f72f72e160a66,2019-09-25 00:36:51,Influenza,83954,Escalated to management.,Mr.,+1-733-357-7487,92.3,id,Martin,"1863 Oak Ave, San Francisco, CO 25885",513,Eurostat,N30691831,photo_a4e46b98.jpg,01-06-1942,Johnson,Mobile,mary_young@company.com,photo_18340286.jpg,William,patriciajohnson@gmail.com,Spain,pending,EMP16147,fp_1fb1d8755979e970,fp_844196daebd211e0,616 606 5399,Hon.,6e445fd8490892de875b4777ced8a4151706d50523440640064faf34bb7a1fe2,docker run,+1-270-723-7985,"1356 Maple Dr, Chicago, IL 52989",Figure 10: Timeline,Ms.,Male,fp_ba52dcef951a5bbc,France,NC2179988,Black,jennifer.brown889,0008-25-2008,voice_3b34ac406c061c59.wav,HOLD-2024-101,@maryking783,voice_f40387f827b8ef3e.wav,1110302,Jennifer,4.02,White,White,XXX-XX-4940,Harris,Non-binary,Step 3: Deploy the module.,Rev.,0.5037,WP-FR-821754,REST/JSON,962.873.4938,A systematic definition of data quality.,Elizabeth,White,Williams,XXX-XX-6424,jamesmartinez330,Susan D. Thompson,O,false,Portland,photo_d64ba374.jpg,78.0,approved,Executive Review 2020,voice_cfd3e8fdbcd82f80.wav,Miller,Divorced,Average experience.,tenant=acme,19-1362565,10/30,+55,Sophia,5725513,"$3,420,370","1393 Elm St, London, GA 83736",Dr.,approved,621,fp_f3dd92dd1d63e41f,emily_harris46,photo_1cdf4e2b.jpg,Austin,2011,Black,2026-02-25,"35.41285, -18.49091",VD100,Widowed,"5887 Cedar Ln, Atlanta, NC 85873",voice_973e74ea9f7dbed0.wav,application/pdf,elizabeth.walker@outlook.com,"1832 Cedar Ln, Paris, IL 24801",1991,3894 shares @ $357.89,Married,San Francisco,10-26-1985,photo_24d440c8.jpg,sess_vcUR3rUotPCgN6ombHF7JkgAYbQX46ELaRcA5KyN,Hon.,Metformin 500mg,photo_bf1752b7.jpg,253-31-8232,field_a -> output,WP-IN-262213,Mexico,H,linda_thompson@company.com,824063437,ORD-345165,WP-GB-834467,john_garcia,Male
Finance,[CONFIDENTIAL] Formula #380,warn=7258,@loganwhite775,501.2,"6801 Maple Dr, San Francisco, MA 86780",424,acme.org,14796.9,/var/data/batch_707.xml,548,East Side,lucas_martin685,"Paris, France",152.35,staging.orders -> analytics,voice_75aa473888a2c41c.wav,A formal definition of data quality.,Asian,Other,Critical,Mary,lucas.robinson@example.com,fp_011c68fc1d7f41bc,2024-01-10 21:05:41,Tuberculosis,81741,Updated per client request.,Mrs.,+1-934-777-2944,87.8,type,Jones,"8362 Maple Dr, New York, GA 82188",303,CDC,K12277412,photo_3e31cf6e.jpg,0006-15-1986,Jackson,Mobile,annamartin73@outlook.com,photo_0baa3c05.jpg,Liam,richard.thomas@gmail.com,Canada,approved,EMP25724,fp_c4c845aacb87525d,fp_11f6615e5f42e5a8,(841) 560-5846,Dr.,0130452449842d43a4c0dbded49625226a1f5eb6eb9c63909138f22f920cb12e,npm install,+1-569-774-8376,"2734 Pine Rd, Denver, CO 47594",Figure 19: Comparison,Mr.,Non-binary,fp_8c1ba32d13f17701,India,NC1116480,Black,sarah.walker556,09/02/1976,voice_069baecec1557dce.wav,HOLD-2025-632,@williamdavis472,voice_554e32a1bf968a5d.wav,5025716,John,7.2,Asian,White,334-72-2973,Davis,Other,Step 4: Configure the system.,Ms.,9.8641,WP-CA-787706,GraphQL,(581) 810-3548,A operational definition of risk.,Olivia,Clark,Johnson,XXX-XX-1990,emily.thompson707,James Lee,G,false,Atlanta,photo_cb27bf63.jpg,94.2,experimental,Annual Report 2025,voice_607d72a7799a18ac.wav,Rodriguez,Married,Excellent service.,dt=us-east,71-6314233,06/24,+86,Noah,REC-504894,"$4,549,065","7858 Park Blvd, Toronto, FL 75799",Mr.,inactive,181,fp_66f94706e1d47ce1,amyyoung696,photo_24533026.jpg,Phoenix,1999,Hispanic,2022-06-01,"72.618404, 142.180986",TE6991,Divorced,"7548 Main St, Portland, FL 13795",voice_687b00596d90f116.wav,application/pdf,maryanderson@yahoo.com,"3227 Cedar Ln, Austin, GA 33215",2012,592 shares @ $80.87,Single,New York,0005-03-1976,photo_7c647ea4.jpg,sess_DeufiK0XzotUUWWn21rbXYDLKxXBSWBBPp7kSuCu,Mrs.,Metformin 500mg,photo_f72178ea.jpg,527-19-1955,source_col -> field_b,WP-IN-583119,Italy,U,patricia.rodriguez34@gmail.com,221816165,USR-492091,WP-FR-457818,john_williams,Other
Healthcare,[CONFIDENTIAL] Formula #376,warn=3878,@sophiawhite843,74.89,"1084 Pine Rd, Denver, OH 17416",553,company.com,49064.6,/var/uploads/daily_8.log,808,East Side,david_smith774,"London, Netherlands",285.55,staging.orders -> exports,voice_5d618f9ddc7b5c14.wav,A formal definition of data quality.,Hispanic,Other,Low,John,ethanjackson@example.com,fp_35b13de3a84daa9b,2024-11-27T18:09:45Z,Diabetes Mellitus,64660,Escalated to management.,Prof.,+1-466-525-8692,64.2,status,King,"3374 Main St, Atlanta, MA 32782",607,CDC,O69593266,photo_12a86445.jpg,0008-08-1976,Smith,Desktop,jessica.anderson@company.com,photo_c9bf58ad.jpg,Jennifer,emily.anderson@example.com,Spain,approved,EMP17469,fp_b14a5cb9fd5d4304,fp_b384403322533b8e,730.805.9141,Rev.,9a8b2ca85a72e4bb3905d8206641f7b4dbba059d9d4793dfebea7b3d22da61b1,docker run,+1-299-783-3785,"2530 Cedar Ln, Denver, IL 60201",Figure 13: Overview,Mrs.,Other,fp_9691d50dc26ae933,Netherlands,NC9813609,Mixed,jennifer_walker658,06-03-2003,voice_07d6afe400816a84.wav,HOLD-2023-742,@harperthomas38,voice_34b46f3830985e10.wav,8307567,Richard,4.99,Mixed,White,880-58-7342,Miller,Female,Step 4: Deploy the system.,Hon.,2.853,WP-CA-429751,REST/JSON,(761) 738-6116,A operational definition of data quality.,Sarah,Wright,White,260-99-1162,annamiller679,Elizabeth Thompson,A,false,Toronto,photo_44752ce3.jpg,25.6,high-priority,Executive Review 2021,voice_20bbd07eaf9d84b0.wav,Wright,Divorced,Great product!,region=2024-01,58-6057496,05/30,+86,Amy,1832609,"$9,219,718","6007 Elm St, Paris, IL 65520",Hon.,approved,1229,fp_475c9e8f5ee9ad70,john_walker964,photo_7382470c.jpg,Portland,2020,Mixed,2022-11-21,"-64.845193, -158.676502",VR7011,Married,"8598 Pine Rd, San Francisco, OH 27421",voice_53326781a965d767.wav,image/png,jessicaharris@example.com,"5342 Cedar Ln, Los Angeles, OH 23392",2015,3098 shares @ $219.73,Married,London,12/24/1981,photo_9dc8e5bb.jpg,sess_XiLatrsAiJuhBMvmDDVrO5qE2ZLab8dmdIL5yaF6,Dr.,Lisinopril 10mg,photo_94558624.jpg,226-40-3859,input -> output,WP-BR-431373,Brazil,W,david.walker@company.com,561993749,REC-640224,WP-BR-544350,harper_taylor,Non-binary
Technology,[CONFIDENTIAL] Formula #920,warn=5626,@emmajones306,982.91,"6595 Main St, Portland, IL 19931",382,outlook.com,3856.5,/var/uploads/daily_366.xml,687,West End,robert_lee554,"Chicago, Canada",336.06,staging.events -> analytics,voice_be78d848a951a08e.wav,A formal definition of risk.,Hispanic,White,High,Oliver,james.king@outlook.com,fp_17f18aa555c37314,2021-08-12 13:08:32,Tuberculosis,29261,Updated per client request.,Ms.,+1-288-968-8373,11.7,created_at,Williams,"3292 Oak Ave, Dallas, CA 20593",466,CDC,U60181680,photo_7262cdc4.jpg,0010-22-1967,Miller,Smart TV,linda.brown6@example.com,photo_7cdd5c96.jpg,Richard,michael_moore@example.com,France,active,EMP12093,fp_ada2755daf968ae6,fp_aba2bd8007292a14,516.676.7094,Prof.,e62d6f8ca7ba84506781b9e66f314e4a74566cfbd2ba78631ad147ab5a89066c,POST /api/orders,+1-783-744-5050,"5352 Cedar Ln, Dallas, FL 54739",Figure 11: Comparison,Mrs.,Non-binary,fp_e0728543ecb1d4f1,Australia,MA9336991,Black,robertking557,09-11-1968,voice_6e84563bd07b0748.wav,HOLD-2025-441,@loganclark72,voice_cad20a3cc1820cc0.wav,4060273,Richard,1.27,Hispanic,Asian,XXX-XX-8457,Jackson,Non-binary,Step 1: Verify the pipeline.,Hon.,9.1077,WP-AU-515583,GraphQL,+18055611609,A formal definition of compliance.,Noah,Martinez,Clark,XXX-XX-3491,harper_miller477,Harper Williams,J,false,Seattle,photo_c1460586.jpg,81.6,approved,Quarterly Analysis 2026,voice_cb58e74896efd647.wav,Walker,Divorced,Needs improvement.,region=acme,38-2496054,03/25,+61,Olivia,4036207,"$3,753,349","9236 Pine Rd, Toronto, GA 55684",Mr.,cancelled,519,fp_7acb0bcf8d727a42,william_martin256,photo_3401dbdc.jpg,Atlanta,1994,Black,2024-06-17,"7.759159, 137.16779",WV6701,Single,"6850 Main St, Berlin, NC 68137",voice_631cd27d3c8ade11.wav,application/xml,john.garcia36@company.com,"7657 Park Blvd, Paris, GA 29077",2009,3283 shares @ $347.93,Divorced,Houston,12-18-1982,photo_de4091e8.jpg,sess_HWbshFKI5PXwlLDjhHZLtwIFCrlJpqioJtHvHN2b,Mr.,Ibuprofen 200mg,photo_f12be444.jpg,XXX-XX-6559,source_col -> output,WP-IN-628907,Australia,X,john.davis@example.com,632441512,ID-719676,WP-DE-719833,mary_brown,Non-binary
Manufacturing,[CONFIDENTIAL] Formula #436,min=371,@masonwilliams260,323.21,"332 Park Blvd, Los Angeles, PA 89304",823,gmail.com,22131.3,/var/tmp/batch_664.yaml,547,West End,elizabeth_king713,"Miami, Norway",226.34,raw.events -> exports,voice_528a1e87814c3d9b.wav,A systematic definition of compliance.,Black,Black,Critical,Jessica,sarahrodriguez@company.com,fp_f58e29aaf5d6befd,2018-01-02 21:43:35,COVID-19,41952,Flagged for review.,Rev.,+1-648-668-5946,56.3,name,Garcia,"8766 Pine Rd, Denver, MA 92055",632,WHO,L98091202,photo_5aa61f22.jpg,0010-17-2010,Thompson,Tablet,jessicalee@acme.org,photo_95dc458a.jpg,Ethan,william_davis@example.com,South Korea,cancelled,EMP13276,fp_c1e6d6d50f77e87d,fp_d04c283ccb68b8d4,318 622 9498,Prof.,d0c8e0a3f7baa09f4e3eb40e5617997b93f74889db873b2152fe33df280de816,npm install,+1-447-313-4291,"7710 Park Blvd, Paris, TX 99522",Figure 12: Distribution,Ms.,Non-binary,fp_42e770927bcbb79a,France,TX8414579,Mixed,richard_jones818,01/28/1982,voice_f3bb7f0342e26485.wav,HOLD-2020-631,@harperanderson442,voice_925aec04ba6dfe68.wav,4059445,Sarah,1.98,Asian,Black,XXX-XX-7107,Smith,Other,Step 2: Configure the service.,Dr.,9.5675,WP-AU-191208,OpenAPI 3.0,600 772 3900,A operational definition of compliance.,Jennifer,Jones,Young,XXX-XX-7493,maryanderson775,Oliver Z. Brown,H,false,Los Angeles,photo_be83256c.jpg,99.2,deprecated,Annual Analysis 2020,voice_dae4995f768239da.wav,Robinson,Single,Average experience.,dt=acme,76-9800100,02/24,+33,John,19441,"$6,373,602","6725 Elm St, Miami, GA 33496",Mrs.,inactive,5541,fp_eec17a269333cdea,patricia_moore677,photo_eb8a6989.jpg,Toronto,2023,Hispanic,2026-09-19,"-32.183336, 128.502552",LY8584,Single,"454 Cedar Ln, Chicago, NC 14970",voice_0e470b5e5ad85b1f.wav,image/png,patricia.smith1@outlook.com,"1427 Cedar Ln, Phoenix, CA 80666",2019,1252 shares @ $474.43,Widowed,Tokyo,02-03-1974,photo_effd8ea6.jpg,sess_dyBwocJw7mXbeGkAyxLPBJblq07tryPxjtfRIoTE,Mr.,Albuterol 90mcg,photo_53057d46.jpg,820-42-1454,source_col -> output,WP-AU-813348,United Kingdom,L,michael_garcia@outlook.com,604046816,6436378,WP-MX-328437,jessica_miller,Male
Retail,[CONFIDENTIAL] Formula #247,max=3135,@patriciarobinson83,929.79,"2345 Pine Rd, London, TX 80930",835,gmail.com,74900.7,/var/config/export_334.yaml,432,North Shore,richard.lee910,"Los Angeles, Germany",54.05,raw.orders -> analytics,voice_c9109057dce44cb4.wav,A operational definition of data quality.,Hispanic,White,High,Linda,liam_williams@company.com,fp_b250edb3ddc86312,2020-02-07 14:04:16,Tuberculosis,67540,Reviewed and approved.,Ms.,+1-672-438-7373,87.7,name,Williams,"3047 Elm St, London, OH 59630",316,CDC,M90900407,photo_c258a9c8.jpg,10/01/2010,King,Tablet,logan_lewis50@outlook.com,photo_8bd7b6ff.jpg,Logan,patricia.brown@example.com,Canada,failed,EMP68147,fp_477573bb98ef85b3,fp_8c04225917f36e28,284-770-2864,Rev.,384948a48838245a490744c7f9abfd3ec822e1d418663630814a03d9715e0af5,GET /api/users,+1-657-739-9214,"9611 Elm St, Los Angeles, CO 81476",Figure 8: Timeline,Mr.,Male,fp_a299680bf00b0eac,Switzerland,PA2341325,Mixed,linda.lee574,07/11/1981,voice_bb9046a205c20c95.wav,HOLD-2026-724,@jessicabrown308,voice_6dc78606471b401c.wav,6391160,Elizabeth,9.63,Mixed,Other,XXX-XX-4365,Lee,Non-binary,Step 1: Monitor the module.,Mr.,1.1731,WP-BR-710953,gRPC/protobuf,976.250.7369,A formal definition of compliance.,Olivia,Jackson,Harris,259-37-2288,michaelsmith579,Patricia V. White,X,false,New York,photo_9c2eb596.jpg,74.0,deprecated,Executive Analysis 2023,voice_805aada9a2513f1e.wav,Taylor,Widowed,Great product!,region=acme,29-2823086,12/24,+44,Susan,6162745,"$3,628,745","5483 Oak Ave, Sydney, PA 78148",Mrs.,pending,301,fp_aa9b51248e436dd0,mary_williams380,photo_bc92c830.jpg,Miami,2012,White,2022-04-02,"-78.49162, -125.68695",MP1341,Divorced,"9938 Cedar Ln, Paris, CA 61800",voice_49aa28c3cc5c04af.wav,application/pdf,lucas_thomas@company.com,"2361 Elm St, New York, NY 32218",1992,3307 shares @ $139.61,Single,Sydney,07/09/2006,photo_cbd708c5.jpg,sess_qPKUjbuQyOmQ7K9jlowtK9d2BD53UB8mwEVcVnab,Prof.,Ibuprofen 200mg,photo_35bda54d.jpg,XXX-XX-8054,input -> output,WP-AU-685913,United Kingdom,A,mary_davis25@outlook.com,045776943,2792089,WP-JP-356617,richard_miller,Male
Education,[CONFIDENTIAL] Formula #572,min=7144,@lindabrown854,850.86,"2043 Main St, Toronto, MA 35191",601,yahoo.com,99724.7,/var/config/batch_839.csv,429,North Shore,sarah.walker201,"Toronto, Mexico",196.21,staging.events -> exports,voice_81941aa915640205.wav,A operational definition of compliance.,Hispanic,Black,High,Sarah,patricia.king@company.com,fp_aca22287fdd1423b,2021-09-15 00:48:32,Tuberculosis,74968,Automated processing complete.,Hon.,+1-374-331-5405,91.7,type,Moore,"4078 Pine Rd, Denver, PA 42315",652,Eurostat,A64898479,photo_9511c5a3.jpg,03/14/1944,Robinson,Smart TV,michael.moore24@company.com,photo_76ae7682.jpg,Jennifer,olivia.miller@yahoo.com,Canada,approved,EMP64524,fp_e0325b68be599a3d,fp_91090c7b77b22e6c,(203) 225-9967,Mrs.,0fdb773e4fd39a86aeec89eaa9418194bb024d75e9f12af958ab931474576429,GET /api/users,+1-877-829-9161,"2914 Pine Rd, Los Angeles, IL 23119",Figure 10: Comparison,Mrs.,Female,fp_57783dbe8eaa7bc8,India,NY5599043,Hispanic,oliver.martin955,0002-06-2010,voice_56a841cd4d5f4526.wav,HOLD-2022-969,@noahthomas175,voice_85be1406c1df8578.wav,9350740,Liam,4.05,Black,Asian,193-76-4437,Robinson,Male,Step 5: Initialize the module.,Mr.,1.0266,WP-GB-621901,gRPC/protobuf,766-460-1116,A operational definition of compliance.,William,Thompson,Walker,628-67-1228,emma.king919,Susan Martinez,L,true,Los Angeles,photo_390945ee.jpg,4.1,approved,Annual Report 2023,voice_77def5df55aba647.wav,Smith,Single,Excellent service.,region=acme,97-7400824,11/28,+1,Patricia,REC-806123,"$8,597,200","5479 Elm St, Atlanta, CA 99387",Hon.,rejected,370,fp_56d8c866e7c28711,emily.smith961,photo_c81d7f4c.jpg,London,2020,Asian,2025-09-14,"18.084499, -134.124698",JH3576,Married,"1601 Elm St, Austin, FL 82671",voice_974ad15158e24ce2.wav,text/html,james.jones@acme.org,"1226 Pine Rd, Boston, CA 96419",2024,1763 shares @ $208.91,Widowed,Denver,10/24/1974,photo_da08c82c.jpg,sess_lkrIUSxwh08uEjEn4ar6ZqewBLzUnfsElXGUZma3,Rev.,Lisinopril 10mg,photo_63726658.jpg,XXX-XX-8034,source_col -> field_b,WP-JP-730980,Spain,I,maryjohnson1@gmail.com,909014395,5364504,WP-DE-445439,noah_jones,Female
Education,[CONFIDENTIAL] Formula #884,crit=9142,@maryanderson510,555.51,"6344 Main St, Toronto, GA 62954",508,yahoo.com,63311.1,/var/data/export_208.json,537,South Bay,elizabethmartinez863,"Denver, United States",285.09,raw.users -> analytics,voice_2e9071f38ecd13f7.wav,A operational definition of data quality.,Black,Black,Low,Patricia,ethan.smith47@outlook.com,fp_97314db741e8bae6,2025-11-26 18:41:11,Influenza,90260,Needs follow-up next quarter.,Hon.,+1-606-315-1992,33.0,type,Moore,"8339 Park Blvd, Sydney, CA 17280",388,Census Bureau,C49482242,photo_744407c5.jpg,05/28/1980,Thomas,Tablet,noahmiller@gmail.com,photo_dfdd3850.jpg,Harper,jessica_garcia@outlook.com,India,rejected,EMP68817,fp_4938561c2f2bd85d,fp_00a1971dec09e99f,964 390 2403,Rev.,0d801b66a4e3617df8e3953537cf44b950191c6305f9e808fa115848067460a8,POST /api/orders,+1-541-455-7606,"4353 Main St, London, NY 97556",Figure 14: Timeline,Dr.,Female,fp_fda65cefcfbd23bc,South Korea,CA1908483,Mixed,lucas_smith428,12/16/1961,voice_d12f6ed1f8cfadd1.wav,HOLD-2021-133,@liamtaylor658,voice_c5bc6993d6c51d24.wav,9110517,Robert,3.98,White,Other,XXX-XX-7791,Moore,Other,Step 2: Initialize the pipeline.,Mrs.,5.2779,WP-US-854097,gRPC/protobuf,972.420.6259,A operational definition of compliance.,Liam,Williams,Thompson,XXX-XX-9228,sophia.smith789,Michael Thompson,F,false,Seattle,photo_bfd606b4.jpg,36.1,experimental,Quarterly Summary 2025,voice_c51f2c80628226b8.wav,Walker,Married,Great product!,dt=2024-01,74-1857267,05/26,+91,John,9849538,"$8,662,604","9801 Elm St, Berlin, NC 55931",Mr.,pending,5128,fp_f6585aff47dfac92,mason.thompson810,photo_cedbc7ff.jpg,Dallas,2007,White,2025-04-22,"-71.988746, -102.845666",LJ382,Married,"2420 Main St, Tokyo, MA 68420",voice_cb5137f3aead9f4f.wav,application/json,jennifer_lee40@gmail.com,"352 Oak Ave, Atlanta, NY 31283",2015,1920 shares @ $53.22,Married,Seattle,02/28/1944,photo_7ab4d349.jpg,sess_EI08NeSJFg38mmARzRq0tWSdQ38VEyYhpPdgm9iP,Mr.,Albuterol 90mcg,photo_203e7a68.jpg,369-31-8320,field_a -> output,WP-GB-225441,Germany,I,aiden.wright@acme.org,354818287,776927,WP-US-471773,jennifer_lee,Female
Healthcare,[CONFIDENTIAL] Formula #284,warn=4275,@liammiller536,174.34,"3570 Cedar Ln, Chicago, CA 75449",415,company.com,10837.5,/var/uploads/export_511.json,550,South Bay,emilyrobinson795,"Los Angeles, Israel",214.78,curated.orders -> exports,voice_6d7f9c96586a2018.wav,A systematic definition of compliance.,Other,White,Negligible,Logan,mason.martin@yahoo.com,fp_454cbb25ba96254a,2018-10-15 12:25:22,Influenza,47715,Escalated to management.,Mr.,+1-650-656-6143,46.4,created_at,Lee,"6172 Pine Rd, Atlanta, GA 95615",843,CDC,T15235546,photo_5a17884a.jpg,05-27-2001,Thomas,Wearable,aidenking@company.com,photo_9d53d87f.jpg,Ethan,elizabeth.davis@yahoo.com,South Korea,cancelled,EMP90803,fp_089ee15c664e9861,fp_08c493d100a21466,673 859 5292,Ms.,4d3691a4ff8fa5fbaf68bbc69937b1036e3de55f024714872a4c90da4a8331d1,POST /api/orders,+1-430-763-4176,"5893 Main St, Dallas, CA 51315",Figure 11: Comparison,Ms.,Male,fp_023a64400d8ebeec,Switzerland,GA6335919,Other,sophia.smith736,02-03-1975,voice_547b520f5d0b82c4.wav,HOLD-2022-433,@johnharris216,voice_f0a7c0707efab365.wav,4680395,Sarah,3.01,Hispanic,White,XXX-XX-7589,Jones,Male,Step 1: Configure the service.,Prof.,3.5995,WP-CA-223305,OpenAPI 3.0,+17228615598,A formal definition of compliance.,David,Harris,Wright,XXX-XX-1699,noah_lee737,Harper Smith,F,false,Austin,photo_0ec0273c.jpg,96.3,needs-review,Quarterly Review 2026,voice_b14fbc57b0a1731e.wav,Moore,Widowed,Not recommended.,region=us-east,45-9867511,05/29,+61,William,6262296,"$5,919,355","4070 Pine Rd, Phoenix, PA 77464",Dr.,pending,4941,fp_7faca91690d73dfd,david.walker440,photo_aeb144c9.jpg,Boston,2019,Mixed,2019-10-28,"67.446165, -62.536243",KB6062,Single,"9187 Park Blvd, Austin, IL 18917",voice_dababeca901ba87e.wav,application/xml,davidclark@example.com,"883 Pine Rd, Dallas, TX 12229",2008,3916 shares @ $120.5,Widowed,Phoenix,0006-24-1997,photo_4e1cc432.jpg,sess_ghzDemnS3HdvMW57udKXtMa4bh9nqO24U1rzBViH,Mrs.,Ibuprofen 200mg,photo_771ac768.jpg,355-21-2368,source_col -> field_b,WP-FR-549775,United States,X,emily_moore@outlook.com,855961383,3883999,WP-JP-843186,mary_lewis,Other
Finance,[CONFIDENTIAL] Formula #856,crit=5322,@jameswalker428,201.29,"2774 Oak Ave, San Francisco, OH 40978",629,yahoo.com,45669.9,/var/uploads/export_62.log,490,East Side,logan.robinson645,"Phoenix, Netherlands",281.59,curated.events -> reports,voice_2187a31f67d46ff7.wav,A operational definition of risk.,Black,Mixed,Medium,Linda,ethan_lewis@outlook.com,fp_7bceca6b32499403,2024-09-17 09:21:52,COVID-19,20905,Flagged for review.,Hon.,+1-524-509-9324,61.6,type,Moore,"9872 Main St, Sydney, NC 71328",521,Eurostat,Y86414438,photo_8e3b7250.jpg,0005-15-1943,Jackson,IoT,amy_king@example.com,photo_1bc9d48e.jpg,Jennifer,susan_moore@acme.org,South Korea,cancelled,EMP37115,fp_fbb6921c29959330,fp_b41308697c297756,538.751.1264,Prof.,2ca1509fc8eb72a56cebd1254272703ddc4b869f70109c641478abcb65f0fd3f,GET /api/users,+1-385-978-6550,"3901 Cedar Ln, Paris, CO 42485",Figure 19: Distribution,Mr.,Other,fp_7229e8291215283f,Norway,MA5975602,White,james.robinson751,08-01-2005,voice_87657cd9bd16ad61.wav,HOLD-2020-575,@amywilliams121,voice_d699480941685c1f.wav,3997091,Noah,5.84,Hispanic,Other,XXX-XX-5629,Lewis,Non-binary,Step 4: Initialize the pipeline.,Hon.,9.7003,WP-FR-823043,OpenAPI 3.0,(702) 208-6187,A systematic definition of compliance.,Olivia,Lewis,Rodriguez,899-12-6925,jennifer_brown365,Susan Taylor,G,true,London,photo_aa2793d5.jpg,72.7,stable,Executive Report 2025,voice_3843dc4487a7b799.wav,Jones,Divorced,Needs improvement.,region=acme,30-9708306,03/28,+81,William,3719598,"$8,634,159","5474 Cedar Ln, Phoenix, NC 10196",Rev.,completed,2420,fp_5cdd0393e072b43a,davidthomas592,photo_f4755121.jpg,Austin,2014,White,2025-04-24,"27.3783, 81.052927",VT7004,Single,"2920 Cedar Ln, Dallas, OH 42891",voice_a18f8c5dace2337f.wav,application/json,mary.jackson26@acme.org,"6670 Elm St, Toronto, MA 40148",2006,651 shares @ $377.95,Married,Toronto,12-16-1997,photo_c907f4f1.jpg,sess_OEnKNoWnUdaDm4pXF7G3C0hIXIxDZVbYExGsxeQy,Ms.,Ibuprofen 200mg,photo_45a251bd.jpg,571-87-1666,input -> output,WP-DE-788640,Italy,C,ethan.young@outlook.com,927762595,7917131,WP-FR-142326,mary_wright,Female
Manufacturing,[CONFIDENTIAL] Formula #155,min=4206,@johnrodriguez460,913.09,"5927 Oak Ave, Boston, WA 62008",697,gmail.com,26574.1,/var/data/batch_788.json,713,West End,jamesbrown675,"Boston, Italy",59.31,raw.users -> analytics,voice_680c0cd559cf07d2.wav,A formal definition of data quality.,White,White,Medium,Olivia,anna_harris@company.com,fp_d957fb349e9602f2,2020-03-04 02:26:30,Influenza,70602,Pending verification.,Ms.,+1-890-736-1824,53.2,id,Wright,"7306 Elm St, Boston, CO 43887",346,CDC,O91894424,photo_aa2f9a1e.jpg,0010-01-1963,Lewis,Desktop,david_king29@yahoo.com,photo_b72ab643.jpg,Mary,jamesjones@acme.org,United States,active,EMP24457,fp_d5595215d34fa71a,fp_a53a868d563af5c5,870.397.4805,Dr.,e1b8904be2d48a77649dc9e2e54eedc2bbf638729e861360b5fa3045c057faf0,POST /api/orders,+1-475-637-5164,"9777 Maple Dr, Dallas, IL 21131",Figure 2: Overview,Rev.,Non-binary,fp_0a7e2dd58f1ebe7b,Brazil,IL4926631,Black,johnwhite431,04/14/1995,voice_6dc5adc430e10cef.wav,HOLD-2023-724,@ethanwalker905,voice_2b68b28d654ee5e6.wav,3751746,Mary,5.77,White,Mixed,534-49-2468,Martinez,Other,Step 1: Configure the module.,Mr.,1.4553,WP-MX-650587,REST/JSON,(539) 349-1930,A formal definition of data quality.,Lucas,Garcia,Johnson,791-24-1186,emilythompson305,Jennifer Clark,F,false,Houston,photo_d6cc529c.jpg,93.4,stable,Annual Review 2020,voice_2875969e72fe5e7d.wav,Miller,Divorced,Excellent service.,region=2024-01,32-1688571,08/24,+81,Elizabeth,ORD-766941,"$6,795,418","5794 Park Blvd, Phoenix, CO 63883",Dr.,pending,0317,fp_6912e8038ef1da53,david_lewis672,photo_9ad74c88.jpg,New York,1992,Other,2024-10-15,"62.635002, 102.552775",GH6519,Married,"6809 Cedar Ln, Seattle, OH 13245",voice_5abb3c3055ff0264.wav,application/xml,michaelgarcia@gmail.com,"2527 Pine Rd, New York, FL 55184",1997,2804 shares @ $45.43,Divorced,San Francisco,05/14/1963,photo_e27bc93d.jpg,sess_RHKj6trOde2Klfhl3nnUnM8GlcH1e58eJ1jupNEJ,Ms.,Ibuprofen 200mg,photo_49d42144.jpg,XXX-XX-2257,source_col -> output,WP-DE-804454,France,Q,david_martin58@example.com,189660645,TXN-235115,WP-DE-598885,amy_king,Male
Retail,[CONFIDENTIAL] Formula #874,warn=5388,@johnmartinez923,696.88,"5585 Maple Dr, Atlanta, NY 49859",695,company.com,22713.4,/var/logs/daily_65.yaml,518,South Bay,loganwalker333,"Austin, Germany",70.74,staging.orders -> exports,voice_2f852bcb71ff6691.wav,A operational definition of compliance.,Asian,Mixed,Medium,Jennifer,ethan.lee@yahoo.com,fp_c063fb729481a683,2025-12-01T07:22:58Z,Tuberculosis,34019,Needs follow-up next quarter.,Dr.,+1-802-780-8178,25.2,amount,Martinez,"261 Pine Rd, Miami, CO 37161",602,Bloomberg,L76407196,photo_96b895e7.jpg,0006-27-1951,Jones,IoT,emilyharris@company.com,photo_f7fba9eb.jpg,Ethan,noahbrown@gmail.com,France,pending,EMP49879,fp_c14be3195dbc5816,fp_2149e2f28ab21dc8,629.386.4444,Rev.,65d71977c5b598546b6f6376685b2e031ce6bee4b7f4d1c1d94ac6a1af495791,POST /api/orders,+1-553-297-7579,"783 Maple Dr, Phoenix, GA 35483",Figure 14: Comparison,Ms.,Non-binary,fp_1b5a9ad74cb5c2ae,Switzerland,IL8288383,White,patricia.lee167,0012-16-1948,voice_91841fc3d9848b5f.wav,HOLD-2020-501,@oliviamoore871,voice_1c0aefd35341d48f.wav,4661436,John,9.99,Other,Asian,318-80-3414,Martinez,Female,Step 4: Deploy the module.,Hon.,0.9831,WP-DE-208447,SOAP/XML,+18319888053,A formal definition of risk.,Michael,Thomas,Lee,452-92-5223,oliviadavis978,Mary Thompson,D,false,Paris,photo_5e097894.jpg,30.4,needs-review,Technical Report 2026,voice_293b44538e4ffc05.wav,Garcia,Married,Average experience.,tenant=2024-01,86-1080515,06/27,+1,Sarah,731258,"$558,168","9691 Elm St, Phoenix, MA 84164",Mrs.,failed,5577,fp_b2ad2ec0499637cc,marywright204,photo_bf0d7131.jpg,Tokyo,2000,Mixed,2020-07-01,"-82.232216, 44.22728",DK1697,Widowed,"2813 Main St, Houston, NC 84374",voice_2b205751e8e88028.wav,image/png,liam.brown@example.com,"6483 Maple Dr, Los Angeles, OH 77145",2013,2795 shares @ $424.83,Married,Paris,08/22/1942,photo_e3eac566.jpg,sess_OHWqCktKY4KN4aryIb1pgfvov8VmJc6OjTNkHDa4,Prof.,Lisinopril 10mg,photo_16d16fc3.jpg,624-92-2234,source_col -> field_b,WP-JP-271313,Japan,X,jennifer.davis64@acme.org,553514044,6217205,WP-AU-391262,patricia_garcia,Other
Technology,[CONFIDENTIAL] Formula #896,warn=5437,@jamesyoung277,107.27,"3429 Pine Rd, Austin, MA 71233",355,acme.org,57626.3,/var/data/daily_541.parquet,817,North Shore,olivia_brown615,"Chicago, Sweden",20.76,curated.users -> exports,voice_77b3ad837592eeb1.wav,A operational definition of data quality.,Black,Hispanic,Negligible,Anna,davidmoore@yahoo.com,fp_9191c15543ddf9bf,2018-05-06 05:11:18,Diabetes Mellitus,43313,Flagged for review.,Mrs.,+1-896-901-1976,58.1,id,Jones,"2321 Maple Dr, New York, MA 93047",755,Census Bureau,M62797098,photo_827ebc35.jpg,07/11/2002,Rodriguez,Tablet,lucas_jackson@acme.org,photo_52fae4e6.jpg,Oliver,sophia.jackson33@acme.org,Israel,inactive,EMP13711,fp_9eac2f74383ed72d,fp_ae144496c35b05be,(494) 873-1225,Mr.,36b4aa9d9627e7f387bb8eff7c5c1a2a623d1596e6fd2cd0231e2bc0c510dec4,npm install,+1-285-201-5875,"4445 Park Blvd, Atlanta, PA 41300",Figure 3: Comparison,Hon.,Female,fp_40689463319e79aa,Spain,CO5014384,White,james.king537,05/22/1997,voice_57643c533738c9af.wav,HOLD-2023-521,@jenniferharris31,voice_d6ba2e8d69d49dbf.wav,3001850,Mason,9.26,Other,White,702-52-5133,Miller,Non-binary,Step 1: Deploy the service.,Mr.,4.4526,WP-JP-796317,OpenAPI 3.0,+18264334805,A formal definition of risk.,Sarah,Harris,White,XXX-XX-2599,emily.robinson36,Noah Robinson,X,true,Dallas,photo_8ab5ebd2.jpg,79.7,high-priority,Quarterly Summary 2025,voice_47bd00cd7a979edb.wav,Wright,Widowed,Great product!,tenant=us-east,76-2539943,07/24,+44,Jennifer,ID-850877,"$1,630,017","2682 Oak Ave, Seattle, WA 87882",Prof.,rejected,926,fp_f9b73f4416728399,amy_davis708,photo_75c5371c.jpg,Phoenix,2023,Other,2026-11-19,"85.849871, 28.934649",PQ2828,Widowed,"2897 Cedar Ln, Houston, FL 62412",voice_2632730cacf75a53.wav,text/html,johnjackson@example.com,"8231 Elm St, Berlin, NY 79575",2009,2738 shares @ $337.85,Divorced,Phoenix,07/22/1949,photo_4adc2c4c.jpg,sess_E4ImGaJfin75fCdOsz5hGbkOjQ7Rh8xxAWoDqPpn,Hon.,Ibuprofen 200mg,photo_507ce148.jpg,XXX-XX-2008,input -> field_b,WP-GB-210448,United States,O,davidjackson@outlook.com,308488615,USR-226335,WP-DE-897378,amy_king,Male
Healthcare,[CONFIDENTIAL] Formula #187,warn=5999,@michaeltaylor697,569.84,"5517 Maple Dr, Miami, GA 15198",773,outlook.com,66521.7,/var/config/export_506.parquet,357,South Bay,noahgarcia486,"Toronto, Norway",102.03,curated.orders -> reports,voice_a99a12c4d866dd5b.wav,A operational definition of compliance.,Other,Other,Low,Elizabeth,logan.jackson@acme.org,fp_ede3724638501ade,2023-05-05 04:14:11,Diabetes Mellitus,31292,Pending verification.,Ms.,+1-692-255-7073,14.6,type,Walker,"6078 Park Blvd, Berlin, GA 75270",560,CDC,E59011509,photo_769b397d.jpg,0012-21-1943,White,Mobile,sarahking@company.com,photo_0831b222.jpg,Aiden,richard.martinez@example.com,Netherlands,completed,EMP97992,fp_b2721f76cc637be6,fp_7523e8e40aca0cc6,294-740-5891,Dr.,035795500e0ab7d4dec591709520b8a2cb3e0908c67f3a7e5c767958220c4efc,GET /api/users,+1-490-557-2737,"1162 Oak Ave, Los Angeles, OH 67011",Figure 13: Comparison,Mrs.,Male,fp_da7d2a136ff1c348,South Korea,MA5788535,White,emily_lewis983,0009-02-1976,voice_89953f58a7d1f990.wav,HOLD-2024-259,@lucasbrown110,voice_23e5b0f41a3f5aa6.wav,4240853,Olivia,2.78,Other,White,XXX-XX-3986,Thompson,Female,Step 1: Initialize the pipeline.,Mrs.,2.2257,WP-FR-261072,REST/JSON,397-704-9319,A formal definition of compliance.,Logan,Anderson,Anderson,235-17-6480,james.lewis121,John J. Thompson,A,false,Sydney,photo_ca954e90.jpg,23.5,experimental,Quarterly Summary 2021,voice_f68ebbb33fa9924f.wav,Rodriguez,Widowed,Needs improvement.,tenant=us-east,24-4961777,06/29,+91,Sarah,9705346,"$4,401,038","645 Oak Ave, Houston, FL 60276",Rev.,failed,581,fp_2d05f261f46e367f,aiden_jones563,photo_85b43764.jpg,Austin,2002,Hispanic,2022-07-22,"-78.384519, 116.002084",UE2530,Single,"3261 Main St, Houston, CA 25194",voice_cfd9180e5e4baf35.wav,application/pdf,robert.rodriguez@company.com,"248 Oak Ave, Toronto, PA 62712",2022,4678 shares @ $24.89,Single,Toronto,0002-07-1955,photo_835fb7f9.jpg,sess_aq8YV6kHx0lOqbmya8YuRdwxtNqZXGfvmqAizTtN,Prof.,Omeprazole 20mg,photo_fd68eb68.jpg,XXX-XX-5241,field_a -> field_b,WP-DE-231935,Israel,M,david_garcia@company.com,445873003,TXN-400611,WP-AU-942798,emma_williams,Female
Retail,[CONFIDENTIAL] Formula #734,min=3178,@jessicaclark582,627.45,"6684 Park Blvd, Boston, MA 77499",360,company.com,73692.1,/var/config/export_921.xml,700,Midtown,william.clark323,"Tokyo, United Kingdom",246.18,curated.orders -> reports,voice_45e0e920ad295173.wav,A operational definition of compliance.,Other,Black,Negligible,Mason,linda.garcia69@company.com,fp_02b047cab262f2ca,2024-11-09 03:57:29,Malaria,74439,Automated processing complete.,Rev.,+1-854-481-3288,85.1,id,Taylor,"816 Elm St, New York, TX 25442",810,WHO,H79955267,photo_dd995666.jpg,0001-09-1994,Smith,Desktop,richard.white@acme.org,photo_49eb25fd.jpg,Amy,oliver.anderson@acme.org,Canada,rejected,EMP67493,fp_6ccbbd0c64e97533,fp_a2b938507e27dd69,(935) 520-6414,Mrs.,c11420276cb54b76695addb57e91810d0f91db335f8f8a103485491b79e0ed64,kubectl apply,+1-950-616-5792,"307 Maple Dr, Berlin, NY 57120",Figure 3: Distribution,Prof.,Non-binary,fp_ae54aa7c4b8d4760,United States,TX5115727,Black,anna_thompson950,0006-06-1945,voice_f6dddbcd301d3b33.wav,HOLD-2024-277,@johnmiller32,voice_97875b1595ce24f5.wav,3036217,Emma,2.58,Black,White,XXX-XX-4580,King,Non-binary,Step 2: Deploy the service.,Prof.,7.238,WP-JP-853873,GraphQL,209-711-2097,A formal definition of data quality.,Jennifer,Lewis,White,293-98-8271,emilyrodriguez673,Linda Smith,N,true,Atlanta,photo_ef3f1842.jpg,88.7,needs-review,Technical Analysis 2022,voice_8c94e67ee76f7c6c.wav,Walker,Single,Not recommended.,dt=2024-01,22-1048519,12/27,+49,Mason,8672358,"$2,357,647","4534 Park Blvd, London, GA 34577",Prof.,inactive,747,fp_933d4e1c94fefbb1,olivia.rodriguez480,photo_949e1e37.jpg,Dallas,2020,Mixed,2021-02-27,"-60.978405, 89.4133",ST8700,Divorced,"4638 Maple Dr, Berlin, TX 23737",voice_3bb9f45e02160ba9.wav,text/csv,susanwright@acme.org,"3420 Main St, Paris, PA 85751",2000,3532 shares @ $221.28,Widowed,Atlanta,12-26-2003,photo_5248c39f.jpg,sess_LvqyZU6SoCXsGNwWgFkfpKzwwqQjrctfFGSpc2RT,Ms.,Lisinopril 10mg,photo_86215fad.jpg,683-95-9236,field_a -> field_b,WP-CA-432172,Japan,Y,masonmiller@outlook.com,690375711,8916276,WP-IN-736840,lucas_rodriguez,Non-binary
Energy,[CONFIDENTIAL] Formula #172,min=6635,@patriciamartin711,234.45,"5422 Main St, Tokyo, NC 25595",441,gmail.com,96660.9,/var/tmp/daily_369.log,354,East Side,davidjones985,"Tokyo, Australia",211.0,curated.orders -> analytics,voice_3dcc670a5ce3f723.wav,A systematic definition of data quality.,Asian,Other,Low,Mary,sarah.lee32@outlook.com,fp_35343f8d00787308,2022-08-24 16:41:55,COVID-19,689,Reviewed and approved.,Mr.,+1-963-755-2749,60.2,type,Martinez,"2893 Pine Rd, Boston, FL 99628",524,Census Bureau,D99410557,photo_52f814bb.jpg,0005-04-1989,Clark,Mobile,mason.wright@gmail.com,photo_44ea21a7.jpg,Jessica,robertanderson@acme.org,Netherlands,pending,EMP13608,fp_69fa5b342fc3b28e,fp_01a55c72ccda0f23,(724) 436-9824,Mr.,1a64a470e414b9cdb0819e28b80c4098bf5a437785541e91e399944ef9e59da6,POST /api/orders,+1-976-461-3779,"2535 Cedar Ln, Paris, WA 71765",Figure 11: Distribution,Ms.,Male,fp_38246c9ffdd1df37,Mexico,MA5141637,Asian,aidenharris93,0002-10-1996,voice_216d3bd6c6be1976.wav,HOLD-2025-100,@logansmith298,voice_608546da43380be7.wav,4875766,William,6.2,Mixed,Mixed,589-35-9935,Rodriguez,Male,Step 1: Initialize the pipeline.,Mrs.,8.5255,WP-IN-192093,REST/JSON,(757) 635-9000,A formal definition of compliance.,Logan,Smith,Lewis,812-79-5018,jamesking840,Amy White,C,true,Berlin,photo_366034fc.jpg,74.9,high-priority,Quarterly Summary 2020,voice_72352ead17c6808e.wav,Taylor,Widowed,Average experience.,tenant=acme,54-7178451,01/27,+44,Sophia,8320857,"$1,982,887","9034 Elm St, Miami, CO 22961",Rev.,failed,462,fp_bbcfd2e362ba31d6,mary.lewis901,photo_9c8a97ae.jpg,Chicago,2021,Other,2018-09-10,"11.799555, 16.714616",JW9063,Divorced,"8730 Main St, Miami, PA 90822",voice_4b1d76e66b33f512.wav,text/html,mary.davis@acme.org,"2306 Park Blvd, Seattle, CA 35512",2001,2744 shares @ $109.69,Divorced,San Francisco,0011-14-1970,photo_bcb3afe8.jpg,sess_1drWa9rA7vnKaZrtfTY13ZUT1xPpOZLWXcd3539j,Mr.,Lisinopril 10mg,photo_ac090d6d.jpg,XXX-XX-1048,source_col -> output,WP-US-312080,United Kingdom,I,patricia_thompson81@example.com,018229657,5067013,WP-GB-648638,ethan_martinez,Other
Energy,[CONFIDENTIAL] Formula #301,min=9324,@richardjackson575,244.07,"8434 Park Blvd, Los Angeles, NY 51498",628,gmail.com,26858.9,/var/tmp/daily_730.json,541,East Side,liam.walker783,"Portland, United Kingdom",88.48,raw.users -> exports,voice_c4de653c27394d09.wav,A operational definition of risk.,Other,Hispanic,Critical,Richard,jenniferyoung@acme.org,fp_2821ffabd9b05c29,2022-07-14T09:53:54Z,Malaria,8028,Automated processing complete.,Mrs.,+1-567-539-8714,5.0,email,Garcia,"4784 Main St, Chicago, IL 65066",838,Reuters,B83142331,photo_529ec96f.jpg,0005-28-1972,Walker,Wearable,harper_white@company.com,photo_22fb4771.jpg,Harper,lucas.white@company.com,Switzerland,rejected,EMP90507,fp_1b8eb1b9697a7062,fp_558a1f937c46b0c5,641.922.1801,Mrs.,e95667b274facb76cae9aeb4ecec14b71d18a967093ebfde640c4cbcaff67904,npm install,+1-848-888-2523,"7021 Park Blvd, Sydney, CO 65420",Figure 6: Overview,Ms.,Male,fp_b0c4f667a97e8e5d,Spain,IL1941025,Mixed,jessica_martinez516,10/22/1985,voice_1e23b4736140a841.wav,HOLD-2024-299,@lucasclark46,voice_eb109f25ee43f2ae.wav,2954951,Mary,9.88,Hispanic,Asian,324-28-6684,Garcia,Other,Step 4: Verify the system.,Rev.,6.3125,WP-BR-502702,OpenAPI 3.0,(249) 392-9576,A operational definition of risk.,James,Garcia,Lewis,371-14-2032,liam.garcia874,Linda Davis,U,true,Los Angeles,photo_8a092211.jpg,86.3,experimental,Executive Report 2025,voice_5d288dbe45f3173c.wav,Martin,Single,Great product!,dt=acme,85-3053095,11/28,+86,Noah,6744162,"$5,179,255","7508 Main St, Dallas, NY 17587",Prof.,completed,208,fp_6f077a1e25a0e7e5,anna.taylor48,photo_44b0e60b.jpg,Los Angeles,2022,Mixed,2026-10-28,"53.89109, 79.435922",KC1281,Widowed,"3909 Main St, Tokyo, TX 57706",voice_b3f14a04fb7ba6e0.wav,application/pdf,patricia.taylor@yahoo.com,"8996 Maple Dr, London, MA 42145",2005,3471 shares @ $187.21,Single,Portland,01-16-1946,photo_90bef963.jpg,sess_aXezAHUayUb8kyn5lf2faySo35bRqBMzKobgounM,Dr.,Lisinopril 10mg,photo_6dc60033.jpg,621-54-5610,input -> output,WP-BR-337932,South Korea,L,mary.davis50@yahoo.com,256946773,TXN-859961,WP-CA-423880,jennifer_moore,Female
Manufacturing,[CONFIDENTIAL] Formula #247,warn=8836,@williammiller652,991.49,"7878 Main St, Los Angeles, IL 81517",411,outlook.com,55009.9,/var/tmp/batch_961.xml,449,North Shore,amy.young80,"Houston, United Kingdom",9.91,curated.events -> analytics,voice_1da6539d68d1e4b9.wav,A systematic definition of data quality.,Mixed,Hispanic,High,Sophia,michaelbrown93@company.com,fp_a61caea17b4fabfb,2021-06-17 23:05:51,Malaria,66359,Flagged for review.,Hon.,+1-265-400-9945,29.7,status,Harris,"6686 Main St, Portland, WA 11718",785,Census Bureau,B79482850,photo_a5ed2331.jpg,0003-03-1979,Garcia,Smart TV,harpermartin@outlook.com,photo_21f798d4.jpg,Amy,johnlewis12@acme.org,Netherlands,inactive,EMP11336,fp_633b34d007a43483,fp_693bab2a67d88e40,349.554.4139,Dr.,540535ffcab45076521831d78da7deced3465feab7efb2dcbae6fbdc57bfd8e2,POST /api/orders,+1-231-317-8776,"3744 Pine Rd, Toronto, NC 56144",Figure 10: Comparison,Ms.,Non-binary,fp_fcbe98df9d5c368e,United Kingdom,WA7496214,Black,harper_martin724,0001-04-1969,voice_29c0614f26db35cb.wav,HOLD-2022-451,@richardgarcia552,voice_a0bae5018c438d7b.wav,893577,John,4.47,White,Hispanic,592-28-6563,Garcia,Other,Step 4: Monitor the service.,Dr.,7.2511,WP-FR-739038,GraphQL,894.519.6351,A systematic definition of data quality.,Linda,Taylor,Lewis,537-95-2394,david_brown804,Oliver Anderson,R,false,London,photo_dff17431.jpg,30.1,experimental,Quarterly Analysis 2023,voice_66381d27acca77ce.wav,Smith,Divorced,Average experience.,dt=us-east,88-4244874,05/25,+91,Lucas,9878009,"$1,253,472","7224 Park Blvd, Toronto, IL 53907",Prof.,rejected,9180,fp_3c364fea2ee1924e,olivia_lewis577,photo_f318c338.jpg,Portland,2016,White,2025-03-13,"74.148959, 100.402288",FS6862,Single,"8897 Main St, San Francisco, WA 15554",voice_76615ab2ec6774f3.wav,application/json,emma_thomas@yahoo.com,"8444 Pine Rd, Miami, TX 75126",1998,2942 shares @ $38.76,Widowed,London,08-05-1957,photo_60ab80fe.jpg,sess_JdMZ9e5aCqNf7VYCw2THrZb565Dj9X9yL4Sl4h3P,Hon.,Ibuprofen 200mg,photo_fd675348.jpg,XXX-XX-3370,input -> field_b,WP-JP-590508,Switzerland,D,richard_robinson@gmail.com,588253390,6633756,WP-DE-499931,susan_wright,Other
Retail,[CONFIDENTIAL] Formula #223,warn=7993,@sarahlewis491,216.41,"5226 Park Blvd, Dallas, CA 56415",444,outlook.com,83904.5,/var/uploads/daily_547.json,433,East Side,sophia_smith676,"Houston, Brazil",343.19,curated.events -> analytics,voice_e1d20c48ec19a53b.wav,A formal definition of data quality.,White,White,Medium,Linda,elizabeth.martin53@yahoo.com,fp_11f8d5ba3c0ccee2,2019-06-10 06:31:41,Malaria,94414,Reviewed and approved.,Ms.,+1-656-665-7864,30.1,amount,Martin,"3374 Cedar Ln, Austin, NY 87688",378,Reuters,B56867889,photo_cd7bed3b.jpg,0009-10-1982,Lee,IoT,loganthomas@yahoo.com,photo_1649a4aa.jpg,David,liamlewis@yahoo.com,France,inactive,EMP76957,fp_5c02e983b3a4b717,fp_2a992196ab0a66e4,530 648 6075,Mr.,8778d9ce9aecca02e7e0315a0c4a1e3b8bcf0ec21cb443e6faa859c5f0d2bd6d,POST /api/orders,+1-750-301-3573,"4574 Main St, Chicago, GA 53097",Figure 9: Distribution,Rev.,Male,fp_079fc4038b680bdf,Netherlands,PA7674824,White,emilyking369,05-02-1943,voice_422c176ae829ef21.wav,HOLD-2024-682,@jessicamartin951,voice_badb7d697bf12fea.wav,4889815,Lucas,9.79,Asian,White,545-76-7484,Rodriguez,Female,Step 2: Verify the service.,Ms.,5.0014,WP-MX-382480,gRPC/protobuf,333.508.5305,A formal definition of risk.,Emma,Robinson,Williams,569-74-3113,robert.lee43,Amy Williams,T,false,Toronto,photo_6156d9c2.jpg,37.7,stable,Executive Analysis 2025,voice_64be4c4a1eab3cdb.wav,Clark,Single,Average experience.,tenant=us-east,62-2636615,05/30,+33,Jessica,8526618,"$8,180,334","4477 Main St, Sydney, WA 20868",Ms.,active,2967,fp_df1aaeeef40c33da,robertsmith920,photo_3cd58450.jpg,Portland,2006,Asian,2025-12-09,"59.525554, -87.577329",NC2896,Married,"4105 Park Blvd, Houston, FL 29692",voice_95839df45094876c.wav,text/html,emily_jackson@gmail.com,"7368 Park Blvd, Tokyo, IL 91582",2013,2940 shares @ $146.02,Single,Seattle,05-18-1967,photo_6049e2d4.jpg,sess_2hLvhjB6L8GxFy4PvQWRF9Cpq442feVBrXBtyO74,Ms.,Metformin 500mg,photo_36ee0de8.jpg,XXX-XX-2652,input -> target_col,WP-FR-126802,Spain,G,noahyoung@yahoo.com,556909491,ORD-491964,WP-DE-311416,emily_robinson,Non-binary
Energy,[CONFIDENTIAL] Formula #425,max=6414,@aidenthompson791,396.73,"1796 Maple Dr, Miami, WA 57592",631,yahoo.com,59892.5,/var/tmp/batch_827.parquet,324,Downtown,oliviaking369,"Phoenix, Germany",34.84,curated.events -> exports,voice_13c9f4ddab249dac.wav,A formal definition of compliance.,Other,Hispanic,Medium,Olivia,amy.davis@acme.org,fp_a6d0c14d94ef194f,2026-08-03 12:58:47,Malaria,14199,Needs follow-up next quarter.,Ms.,+1-726-205-3837,65.4,id,Martinez,"9357 Cedar Ln, Toronto, IL 14170",407,Bloomberg,J22789103,photo_b823e6e6.jpg,01/23/1975,Moore,Desktop,olivia_lewis41@gmail.com,photo_520c5dee.jpg,Richard,annadavis17@example.com,Netherlands,inactive,EMP12135,fp_f7d103bd2bcebf18,fp_c82408324ae6f933,944.357.2433,Mrs.,12b86bbf9df8bc87e5134c60213565a5ce588c733e87264f01d790b33d9fdc41,POST /api/orders,+1-660-257-2650,"1775 Main St, Portland, CO 30934",Figure 6: Distribution,Prof.,Non-binary,fp_ea8227ad9ea49416,India,WA7309840,White,michael.lee141,03-04-2001,voice_6056b82d5424a726.wav,HOLD-2020-826,@davidwhite83,voice_deb48a708354e346.wav,9702882,Mason,5.04,White,Hispanic,607-56-5058,Martin,Female,Step 1: Monitor the system.,Rev.,7.6513,WP-GB-254260,REST/JSON,(487) 246-9362,A operational definition of compliance.,Mary,Clark,Martinez,673-71-5618,robert_white542,Jessica Smith,A,false,London,photo_f576b385.jpg,7.3,deprecated,Executive Review 2023,voice_648f2986e513ba9f.wav,Harris,Divorced,Excellent service.,dt=2024-01,70-2860236,08/28,+81,Susan,REC-784601,"$2,324,477","1627 Main St, Boston, NY 59298",Mrs.,inactive,8642,fp_bc07773c5ba96091,emmadavis202,photo_a5560cc5.jpg,Chicago,1998,Mixed,2018-10-05,"-73.010742, -115.456293",SO3805,Married,"3160 Oak Ave, London, NY 62188",voice_4f8934bfa8f79a34.wav,image/png,john.taylor@company.com,"2309 Maple Dr, Houston, NC 61990",2011,90 shares @ $464.09,Married,Houston,04-17-1977,photo_cf6b1122.jpg,sess_QJFgL0dBgsr9q7GdWNWUQNfgvTMxT8hJLNYsluor,Prof.,Albuterol 90mcg,photo_e473bf22.jpg,779-34-5584,field_a -> output,WP-DE-727138,South Korea,F,johnmartin@example.com,684689998,8372195,WP-GB-364535,mason_thomas,Other
Finance,[CONFIDENTIAL] Formula #428,max=3194,@susanwhite244,950.94,"2020 Oak Ave, Berlin, NY 41315",830,outlook.com,71774.3,/var/tmp/export_767.yaml,448,North Shore,john.miller907,"Phoenix, Spain",73.04,staging.events -> exports,voice_2e8b7de268de1b87.wav,A systematic definition of compliance.,Hispanic,Hispanic,Negligible,Jennifer,anna.thompson@acme.org,fp_5a4e3f4c4cf4c7ef,2025-05-11T19:31:36Z,Influenza,69280,Resolved — no further action.,Hon.,+1-645-452-2219,68.4,id,Martinez,"2324 Maple Dr, Portland, NY 74102",321,Census Bureau,P55433999,photo_ba4ddd70.jpg,0003-25-1949,Walker,Wearable,robertwilliams@example.com,photo_e40be031.jpg,Emma,maryrobinson@outlook.com,Australia,inactive,EMP55109,fp_b2ef2e76233bf479,fp_8aa629008693f268,(387) 854-2547,Mr.,a5cbc6774766b9db98d7b9ca75ab9b323ad2f377aadb5b0b57c083db687a3df9,npm install,+1-481-636-1308,"7494 Pine Rd, Denver, GA 71576",Figure 16: Distribution,Mrs.,Male,fp_a07c6a71f7edf67d,United Kingdom,PA1672346,Mixed,robertjones728,07/02/1941,voice_21b360b1ebb2f148.wav,HOLD-2023-237,@patriciagarcia158,voice_0a8ed31f9f5cbf2c.wav,1441337,Mary,8.34,Other,Other,420-23-9558,Miller,Non-binary,Step 3: Initialize the module.,Ms.,7.8183,WP-JP-420137,SOAP/XML,430.336.7149,A systematic definition of compliance.,William,Young,Miller,258-57-7837,jessica_walker296,Michael Harris,V,false,Chicago,photo_12724b32.jpg,95.1,stable,Annual Summary 2022,voice_2d9ce0baae050e61.wav,Smith,Married,Average experience.,region=us-east,17-7217165,08/25,+49,Jennifer,7340171,"$6,408,292","6655 Elm St, Toronto, CA 12903",Mr.,pending,482,fp_b9556f2f3bf89ea6,amy_davis909,photo_b0b13e75.jpg,Tokyo,2018,White,2022-08-03,"-0.961685, 30.232193",NI4893,Single,"3478 Maple Dr, Tokyo, CA 16861",voice_a10a9891961894f5.wav,application/pdf,linda_moore6@example.com,"2977 Oak Ave, Seattle, CA 54658",2024,2241 shares @ $257.6,Widowed,Boston,12/04/1994,photo_18fc8e81.jpg,sess_Klo6QafT7lSrOKXuL8mnPudsSOiHNBUBU7QU3XWY,Hon.,Omeprazole 20mg,photo_e25a775b.jpg,880-98-4884,input -> output,WP-JP-434241,Singapore,B,harper_king71@acme.org,329070641,TXN-923490,WP-CA-591972,patricia_taylor,Female
Education,[CONFIDENTIAL] Formula #879,max=5260,@harperking986,352.41,"5200 Park Blvd, Phoenix, PA 87602",571,outlook.com,40209.9,/var/data/daily_879.csv,304,East Side,lucas_moore395,"Denver, Mexico",359.14,raw.events -> analytics,voice_ca1dd1e96435b47a.wav,A formal definition of risk.,Asian,Asian,Low,Linda,williamanderson@gmail.com,fp_ca0196c4bd6534b5,2024-09-25 21:36:23,Diabetes Mellitus,33101,Reviewed and approved.,Hon.,+1-477-466-9663,9.1,name,Garcia,"9555 Main St, Tokyo, FL 56879",571,CDC,G94026364,photo_c2a9448a.jpg,01/11/1952,Martin,Mobile,emma_harris@outlook.com,photo_e83b5602.jpg,Michael,susandavis@gmail.com,Italy,inactive,EMP42625,fp_9fdf98b02421585d,fp_09ef249a10215025,638.808.1031,Prof.,3626366ea25892919eb1d18bf9e7ff244d5e1b9627c0d7c78d09da358d6ae50e,docker run,+1-576-570-8491,"9224 Main St, Paris, OH 98959",Figure 19: Overview,Hon.,Female,fp_7eccf3814418cc6e,Norway,WA1127218,Other,sophiaclark492,07/09/1990,voice_286a41281b0f4597.wav,HOLD-2023-618,@richardking880,voice_ac0a7945cc7fbbd4.wav,1887494,Patricia,1.32,White,Mixed,854-92-7322,Williams,Non-binary,Step 4: Initialize the system.,Ms.,5.5811,WP-AU-305513,SOAP/XML,266.778.7408,A formal definition of compliance.,Ethan,Wright,Taylor,XXX-XX-9581,ethan_jackson575,Olivia Anderson,L,true,Sydney,photo_92db471f.jpg,13.3,high-priority,Quarterly Review 2021,voice_ab96ea74f794a6a4.wav,Jones,Single,Great product!,tenant=us-east,16-3836273,03/25,+55,Liam,6240855,"$1,421,842","9642 Oak Ave, London, OH 81465",Dr.,failed,7369,fp_827842314b4ce8f9,david_jones809,photo_fced3569.jpg,Tokyo,1996,Asian,2026-11-01,"-3.421136, 149.102799",HJ407,Widowed,"8373 Main St, Paris, TX 56454",voice_7b7538878437f709.wav,application/xml,harperlee@outlook.com,"1642 Pine Rd, Paris, CO 57484",2020,2691 shares @ $112.25,Widowed,Seattle,0006-21-1999,photo_9abe4656.jpg,sess_F36Hhpsol8yUiw0MUcujaLqou9Aks70C8hHlp0Sx,Ms.,Omeprazole 20mg,photo_3ba82c0c.jpg,812-52-5411,field_a -> field_b,WP-BR-646169,Australia,H,amy_anderson@example.com,215554441,2766404,WP-CA-633663,ethan_miller,Female
Retail,[CONFIDENTIAL] Formula #117,min=9649,@noahmoore397,784.68,"4691 Park Blvd, London, NC 92880",759,yahoo.com,55872.7,/var/config/daily_771.csv,525,West End,robert.lewis312,"Denver, Mexico",85.64,raw.events -> reports,voice_e1edc775a3d173ca.wav,A formal definition of compliance.,Hispanic,White,Low,John,sophiaclark@acme.org,fp_48e8d93a2dc6e20a,2019-08-08T00:47:28Z,Influenza,35263,Resolved — no further action.,Mrs.,+1-465-593-7523,0.1,created_at,Davis,"7781 Cedar Ln, Paris, PA 25553",335,Eurostat,S29556015,photo_122feea0.jpg,0004-07-1943,Anderson,Desktop,lucas_jones@example.com,photo_027163d5.jpg,Aiden,sarah_brown@acme.org,United Kingdom,failed,EMP86501,fp_9e4c7b325896031f,fp_b9f794d6ca8f758f,(238) 284-1903,Hon.,4f25f3f57b6c406a694ec77ce738ad78462c17e46a5a4215a73eb74203c1f48a,npm install,+1-267-970-5207,"8425 Maple Dr, Atlanta, WA 85172",Figure 2: Overview,Prof.,Non-binary,fp_abc2240435af3cce,Italy,TX9965555,Other,elizabethwalker958,10-01-1943,voice_9915672f8cc59e6a.wav,HOLD-2025-629,@michaeltaylor240,voice_0a4b76024ec4e2d6.wav,405233,Oliver,4.54,Asian,Other,782-46-3966,Brown,Female,Step 1: Configure the service.,Mr.,3.394,WP-GB-174829,REST/JSON,603 508 9085,A operational definition of data quality.,Susan,Harris,Thompson,771-61-6029,johnthompson980,Patricia Jackson,C,false,Miami,photo_b55d7f79.jpg,85.6,stable,Technical Analysis 2023,voice_739278bf84a5e09e.wav,Johnson,Widowed,Not recommended.,tenant=us-east,88-3752799,11/28,+61,Anna,8247362,"$7,537,276","6684 Park Blvd, New York, MA 18074",Prof.,active,7385,fp_4d05d2d14324ab2e,jennifermartinez971,photo_fd7f6199.jpg,London,2002,White,2026-11-28,"5.287684, 41.996304",NY7084,Single,"5349 Main St, Phoenix, NY 43540",voice_bacf085290a77b95.wav,image/png,jennifer_walker47@example.com,"505 Park Blvd, Chicago, NC 27302",2025,1100 shares @ $63.59,Divorced,Houston,09/22/1949,photo_fb69f73d.jpg,sess_xhiN1tdcNV5epmfatJUp0wCGXPiX5qeVW3X2Nck7,Dr.,Ibuprofen 200mg,photo_154230a9.jpg,278-65-3345,input -> output,WP-JP-631741,Brazil,B,william_thompson@outlook.com,211648428,5439709,WP-MX-253376,susan_moore,Male
Retail,[CONFIDENTIAL] Formula #496,min=9208,@ethanmartin250,846.97,"7058 Pine Rd, Berlin, CO 20157",318,outlook.com,15195.8,/var/logs/daily_538.json,370,South Bay,sophiawilliams693,"Atlanta, Mexico",342.46,raw.orders -> exports,voice_0690046b6614aebc.wav,A formal definition of data quality.,Asian,Mixed,Negligible,Mason,susan.taylor@example.com,fp_b0a1858df8efc617,2026-12-12T13:45:46Z,Malaria,60136,Needs follow-up next quarter.,Mr.,+1-204-983-6586,28.3,id,Robinson,"596 Park Blvd, Chicago, PA 52338",789,Reuters,C84924561,photo_753ac67c.jpg,06-11-2004,Thomas,Wearable,emilywilliams@company.com,photo_e2422f45.jpg,Liam,linda_brown99@outlook.com,Italy,failed,EMP62274,fp_bb3408fc299cb4e6,fp_756814454a85ff54,414.979.3230,Hon.,62969d13981bdc80b0ac9649efb662bad07105f6a3c6905b6bea51435e547d16,docker run,+1-903-497-9703,"9427 Oak Ave, Berlin, GA 73000",Figure 16: Distribution,Mr.,Other,fp_58e5ec118228a353,France,FL5052674,Mixed,emily.young765,05-15-1981,voice_e31c45d8a6cf06a1.wav,HOLD-2021-447,@richardthompson127,voice_fd03ea54d1daa4d7.wav,7566329,Patricia,2.73,Hispanic,Other,805-83-1522,Clark,Male,Step 4: Configure the module.,Hon.,2.344,WP-GB-886723,OpenAPI 3.0,381 477 7150,A formal definition of data quality.,William,White,White,533-89-3685,michaelanderson857,Harper Smith,Z,false,Austin,photo_4f79e892.jpg,13.4,deprecated,Annual Analysis 2022,voice_4899c3a83313febb.wav,Young,Widowed,Great product!,dt=2024-01,46-5019353,07/25,+61,Patricia,ID-394668,"$8,574,289","1744 Oak Ave, Toronto, WA 75654",Mr.,failed,653,fp_a0b45e6befca0268,elizabethsmith271,photo_b56794a8.jpg,Houston,2000,Other,2025-06-27,"-67.9183, 28.37987",DQ6612,Divorced,"4565 Elm St, Denver, CA 77537",voice_ed585ef4ddfe85c1.wav,text/html,sarah.thomas@company.com,"6958 Main St, Miami, NC 25499",1994,3414 shares @ $344.89,Widowed,Tokyo,0002-10-1980,photo_ad494ca5.jpg,sess_nQordek5UwoIVFqUrU5GOrH8WY5Wdoiu4OJmnoso,Dr.,Ibuprofen 200mg,photo_7b50fcf2.jpg,XXX-XX-5326,source_col -> field_b,WP-JP-785065,India,Z,jennifergarcia@example.com,814142936,6215583,WP-AU-824272,liam_garcia,Other
Finance,[CONFIDENTIAL] Formula #925,warn=9130,@ethanjones371,391.33,"7908 Oak Ave, Austin, NC 73780",789,company.com,50507.9,/var/data/daily_105.yaml,805,North Shore,harper.walker590,"Houston, Singapore",329.83,curated.users -> analytics,voice_608899281daa3ac4.wav,A systematic definition of data quality.,White,White,High,Liam,richard.davis@company.com,fp_e577462cc5d9962e,2024-10-13T00:20:36Z,Influenza,42992,Updated per client request.,Rev.,+1-438-861-4876,3.9,email,Rodriguez,"2528 Maple Dr, Atlanta, PA 71364",735,Reuters,P78613395,photo_643b24c4.jpg,07-26-1943,Lewis,Wearable,lucas.smith@gmail.com,photo_704057f7.jpg,Jessica,harper.miller@example.com,Germany,completed,EMP78811,fp_2b53a903c58740fe,fp_d353796b78369ce0,445.333.5671,Mrs.,516c39e53d0d1e8e5e52d37cc7f3ae2f742dc4f996ca6a8b9ec705543256e6a9,GET /api/users,+1-852-769-4651,"4709 Park Blvd, Seattle, PA 95223",Figure 11: Timeline,Hon.,Male,fp_983e24955c6e07c2,India,OH9170710,Black,liam.taylor713,09-28-1942,voice_7b832ad60e0615c0.wav,HOLD-2022-288,@patriciamiller492,voice_8698685ee834a56c.wav,4234652,Lucas,2.2,White,Asian,539-55-4472,Robinson,Male,Step 5: Verify the system.,Mrs.,3.9635,WP-MX-214259,OpenAPI 3.0,929 336 7894,A operational definition of compliance.,Michael,Rodriguez,Anderson,719-45-8969,noah.rodriguez669,James Q. Brown,F,true,Dallas,photo_87741285.jpg,34.9,needs-review,Technical Report 2022,voice_e539a249b231912f.wav,Thomas,Married,Excellent service.,dt=acme,56-7277471,06/30,+86,Jessica,2345813,"$5,847,240","4165 Cedar Ln, San Francisco, TX 45164",Hon.,approved,2191,fp_04037290c7c02378,jennifer_davis886,photo_bec6b080.jpg,Seattle,2011,Mixed,2026-06-07,"-70.650525, -141.561932",BT8324,Divorced,"3290 Oak Ave, San Francisco, NY 39405",voice_08c71d7120874ff4.wav,application/json,patriciaclark92@gmail.com,"8819 Elm St, San Francisco, TX 90788",1998,601 shares @ $63.38,Divorced,Dallas,0005-08-1965,photo_f8896812.jpg,sess_zhwVcSqOkeiaPcL7x4YkTEMM7pLMJHLbTx4Imvn0,Ms.,Metformin 500mg,photo_c2f171fc.jpg,582-57-5868,field_a -> field_b,WP-JP-107618,Singapore,J,jennifer_thompson@outlook.com,149818530,9343471,WP-IN-156226,patricia_anderson,Male
Education,[CONFIDENTIAL] Formula #632,warn=7102,@emilylee379,361.1,"5545 Main St, Seattle, WA 62111",465,gmail.com,52202.6,/var/logs/export_773.json,310,East Side,patricia.jackson523,"Atlanta, Switzerland",348.41,staging.orders -> exports,voice_50cb30c2f5c54c34.wav,A operational definition of compliance.,Mixed,White,Medium,William,ethan_white@acme.org,fp_36686b9193019d11,2019-04-28T14:45:49Z,COVID-19,23083,Flagged for review.,Ms.,+1-372-880-2571,60.9,id,Johnson,"9407 Elm St, Phoenix, FL 83869",612,WHO,J26645746,photo_71d131c3.jpg,03/06/1940,Miller,Smart TV,jennifer_rodriguez@outlook.com,photo_6117a83b.jpg,Elizabeth,jessicataylor@example.com,India,rejected,EMP31165,fp_537cbe3db2a2f4d1,fp_2c246423bedca482,435.744.3580,Rev.,01d3e38a97054993009bcc81c693cb7e81410d111c8b6eaaba36a4047152fefa,docker run,+1-970-620-7927,"9717 Park Blvd, Los Angeles, GA 26990",Figure 2: Distribution,Prof.,Other,fp_20ce95f5e21e38cc,Japan,NC2119555,Other,jenniferwalker828,05/03/2002,voice_ae61cbe9649ba6e0.wav,HOLD-2023-159,@johnrobinson127,voice_35448dbed70ee17a.wav,3086835,Ethan,5.43,Asian,Hispanic,XXX-XX-9477,Harris,Male,Step 5: Configure the module.,Ms.,8.0237,WP-US-623201,OpenAPI 3.0,+18285175614,A formal definition of data quality.,Mary,Jones,Brown,734-40-8674,marysmith676,Logan Martinez,V,false,Los Angeles,photo_2d65fc59.jpg,79.4,deprecated,Annual Summary 2021,voice_cf0ea844fb0c2754.wav,Taylor,Single,Needs improvement.,dt=2024-01,92-3026024,09/27,+44,Robert,9725608,"$1,829,767","626 Maple Dr, Sydney, GA 19955",Ms.,inactive,6064,fp_4547e1bdb47636a6,jennifer_davis279,photo_305a5879.jpg,Paris,2018,Black,2020-06-16,"-26.646559, -58.06469",YA260,Divorced,"6307 Elm St, Berlin, PA 34537",voice_eb8ad51cdef0226f.wav,application/pdf,james_harris50@company.com,"8603 Cedar Ln, Phoenix, FL 92675",2023,2071 shares @ $497.48,Single,Dallas,05/22/1989,photo_98b9c25c.jpg,sess_gni67VmBv4vVB4PgnuCOrtBxDXlUk4EuKmShw34g,Dr.,Omeprazole 20mg,photo_c07871b8.jpg,XXX-XX-1404,source_col -> output,WP-FR-157503,Norway,Z,olivia.thomas@example.com,769632883,ORD-257236,WP-GB-420662,jennifer_white,Non-binary
Healthcare,[CONFIDENTIAL] Formula #900,max=7450,@olivermoore893,119.04,"3099 Main St, San Francisco, CO 44294",329,example.com,37201.9,/var/exports/batch_175.yaml,678,Midtown,linda.clark822,"Atlanta, India",11.05,curated.users -> reports,voice_756326497f774853.wav,A operational definition of compliance.,Mixed,Black,High,Anna,david.jones@acme.org,fp_9671703fc785bc5d,2021-06-20T02:52:41Z,Tuberculosis,69729,Updated per client request.,Dr.,+1-811-229-4172,3.3,type,Young,"3444 Oak Ave, Houston, IL 37276",436,WHO,Q30807082,photo_4ae8b432.jpg,0007-03-1980,Robinson,IoT,sarah_robinson2@acme.org,photo_44fde751.jpg,Linda,harper.harris@yahoo.com,Germany,cancelled,EMP44561,fp_8e204456dc0afd71,fp_c7b884467d1fe494,877 659 4856,Ms.,fa97602e62018e3502256db243fd619fcc41d897add684d23338b49030d49181,POST /api/orders,+1-489-876-5368,"7118 Main St, London, OH 66738",Figure 3: Timeline,Mr.,Non-binary,fp_092b941b8dcab7e5,Netherlands,IL2813005,Black,sarah_johnson365,02-23-2010,voice_2f17ec78181471d9.wav,HOLD-2020-202,@amylewis961,voice_29fd1aad844c1a8b.wav,5721572,William,2.4,White,Other,765-73-7089,White,Female,Step 1: Configure the module.,Mr.,3.0395,WP-FR-937377,REST/JSON,+15316856427,A formal definition of risk.,Logan,Davis,Anderson,XXX-XX-5773,anna_martinez881,Sophia Lee,H,false,Denver,photo_8223e6cd.jpg,70.1,high-priority,Executive Summary 2025,voice_fd4dd27d2303118a.wav,Thomas,Single,Average experience.,dt=2024-01,58-5280711,01/25,+49,Mason,652181,"$1,454,189","5466 Pine Rd, Boston, WA 83918",Hon.,pending,658,fp_7b0d30aab0c648bf,olivia_martin637,photo_863bd71f.jpg,Atlanta,1992,Mixed,2025-02-24,"53.603993, -155.850845",EM2538,Widowed,"6600 Park Blvd, Sydney, PA 62658",voice_fb08acf2533e69d1.wav,application/xml,susantaylor@example.com,"4944 Main St, New York, TX 71867",2008,2533 shares @ $306.31,Divorced,Seattle,05/01/1941,photo_b64db0a6.jpg,sess_Sf6huvejZzOgJ86oj6QycL1TCKruxeR3pp0enZ1M,Mr.,Albuterol 90mcg,photo_39dc4d4e.jpg,354-53-2740,field_a -> output,WP-DE-116566,Sweden,R,robert.lee@example.com,390066425,USR-200290,WP-AU-802893,james_brown,Other
Education,[CONFIDENTIAL] Formula #573,warn=9515,@patriciajackson591,851.44,"1419 Elm St, Houston, NY 89828",382,gmail.com,71383.5,/var/config/batch_635.yaml,746,Midtown,johnthompson785,"Paris, India",319.64,staging.events -> reports,voice_e8b2675a18b950b7.wav,A systematic definition of risk.,Other,White,Negligible,Mason,michael.walker@example.com,fp_ceef8fdc196bcc74,2026-06-22 19:38:36,COVID-19,20736,Needs follow-up next quarter.,Mr.,+1-513-611-2241,71.5,id,Jones,"2370 Oak Ave, Portland, WA 53962",731,WHO,R76225635,photo_3369a632.jpg,02/16/2008,Martin,Wearable,richardthomas@yahoo.com,photo_c8dcf03c.jpg,Robert,elizabeth.jackson2@acme.org,United Kingdom,pending,EMP82946,fp_8b9721dce5bf0bfa,fp_69a5836b8ded4554,725 843 7353,Hon.,917e2678a604b2eb59f7b34df4ab494a44858f2f0571e6e04dfc215355ee3ea1,npm install,+1-270-855-2038,"1840 Cedar Ln, Dallas, FL 23385",Figure 5: Overview,Mrs.,Female,fp_5ff5368b0e1c4411,France,MA5777696,White,sarah_brown535,01-21-1986,voice_d73a052e0911d789.wav,HOLD-2026-880,@patriciajackson726,voice_1dbf777a1d103fa6.wav,941638,Emma,7.29,Hispanic,Asian,710-45-9232,White,Other,Step 2: Initialize the service.,Mrs.,8.7213,WP-CA-625370,REST/JSON,776 751 4939,A operational definition of compliance.,Robert,Rodriguez,Garcia,539-11-9953,williamtaylor439,Liam Martinez,X,true,Dallas,photo_5372e685.jpg,1.9,deprecated,Executive Summary 2024,voice_3327f67dbca66985.wav,Taylor,Widowed,Average experience.,dt=acme,68-5742230,01/28,+81,Elizabeth,TXN-344521,"$6,764,159","671 Oak Ave, Seattle, IL 74949",Rev.,inactive,9603,fp_c5bd306da7ddc830,jessicalewis719,photo_9a26b8c0.jpg,London,2003,White,2019-01-07,"36.61543, 136.866547",GR7259,Widowed,"8964 Oak Ave, Los Angeles, NC 89349",voice_c46d5d39d1838fbe.wav,application/json,linda_wright@acme.org,"6378 Pine Rd, London, MA 22140",1996,2042 shares @ $491.44,Divorced,Tokyo,12-28-1969,photo_397c9b40.jpg,sess_oIn7PWGQT9mqA4LialDkvMUbN6S5UWUUIGrspKNA,Mr.,Albuterol 90mcg,photo_d0898094.jpg,824-55-1571,source_col -> output,WP-JP-194372,Brazil,I,maryyoung@acme.org,168619449,372083,WP-JP-586799,noah_robinson,Female
Finance,[CONFIDENTIAL] Formula #499,crit=924,@sarahgarcia31,505.05,"4846 Park Blvd, London, CA 11944",594,outlook.com,87640.3,/var/exports/daily_697.json,312,East Side,lucas.martinez549,"Chicago, Israel",141.69,staging.orders -> analytics,voice_3fab21a4358a2e1a.wav,A systematic definition of data quality.,Hispanic,White,Medium,Robert,linda.walker@example.com,fp_4f9da7d42c32570e,2024-02-24T10:06:19Z,Tuberculosis,45069,Needs follow-up next quarter.,Mr.,+1-397-642-8421,20.3,email,Davis,"6535 Oak Ave, Denver, WA 97155",547,Reuters,V64419019,photo_16b8a9c5.jpg,09-19-1941,Young,Smart TV,davidmartinez@gmail.com,photo_43b9283f.jpg,Mary,mason_taylor@yahoo.com,Netherlands,active,EMP25440,fp_80c295cdcedb6d7e,fp_2c3fd9768dc2f7c8,(448) 602-5577,Prof.,50f2820ae920274093fdf160d94fad4d3efaa1cf283cf913ea77a323ea6e45c5,kubectl apply,+1-665-299-6779,"9595 Main St, Dallas, OH 11691",Figure 10: Overview,Prof.,Female,fp_95a4848528bdbe8d,Israel,FL6543120,Other,david.martin730,0012-09-2006,voice_7b564faefc67b918.wav,HOLD-2023-473,@liammoore656,voice_e35f7b1529e245d5.wav,1928825,Olivia,7.1,Mixed,White,795-28-5058,King,Female,Step 5: Deploy the module.,Prof.,4.4612,WP-FR-119089,GraphQL,(829) 244-8250,A systematic definition of risk.,Robert,Moore,Williams,XXX-XX-8283,patriciasmith415,Emily Davis,G,false,Boston,photo_399fd655.jpg,23.0,high-priority,Executive Analysis 2023,voice_b5aacdb9f5086a35.wav,Wright,Married,Needs improvement.,dt=acme,88-1181890,01/28,+1,Robert,2495832,"$5,461,668","7608 Maple Dr, Chicago, CA 58063",Mr.,approved,386,fp_1aa37d4d9644a559,noah_brown931,photo_8f89232d.jpg,Sydney,1995,Black,2026-02-20,"-60.193485, 98.833901",BT3772,Widowed,"1826 Maple Dr, Tokyo, MA 54722",voice_bef05e7e15af80a9.wav,application/pdf,annajones@outlook.com,"8278 Maple Dr, Berlin, OH 84404",1998,2335 shares @ $342.04,Widowed,Austin,08-18-1981,photo_42a0bda8.jpg,sess_y3woR0V8W8O1QCeQTd231gRXhQP2f5TjwnZkCv5I,Rev.,Albuterol 90mcg,photo_56915ed3.jpg,220-48-1117,source_col -> field_b,WP-BR-896678,France,V,liam_wright@outlook.com,732460512,4944793,WP-AU-101563,aiden_white,Female
Manufacturing,[CONFIDENTIAL] Formula #988,min=9201,@richardsmith387,238.09,"8735 Pine Rd, Los Angeles, FL 53902",502,gmail.com,88957.0,/var/exports/batch_278.csv,386,Downtown,john.anderson415,"Denver, Sweden",94.84,staging.events -> analytics,voice_479af8348539ac27.wav,A formal definition of data quality.,Hispanic,Black,High,John,mary_martin@acme.org,fp_a4785160b91305fd,2022-08-20 13:59:11,Diabetes Mellitus,22042,Flagged for review.,Mrs.,+1-804-827-4809,54.1,id,White,"7297 Park Blvd, Boston, IL 10222",353,Census Bureau,Y81820694,photo_747466d8.jpg,08-08-1941,Martinez,Desktop,jessicasmith@yahoo.com,photo_7fd22928.jpg,Robert,sarahmoore77@yahoo.com,Singapore,completed,EMP64445,fp_131e7d7d4fe8cb71,fp_899d0ec66b14680f,602 855 4496,Dr.,882a0eb80d1b594a68fc1f0c9eac21ae3c8451cb33a51ec03bdd761451f4ace9,GET /api/users,+1-361-268-6191,"268 Maple Dr, Atlanta, MA 16419",Figure 7: Distribution,Mr.,Female,fp_5a8085357bf6b58f,South Korea,PA3073731,Asian,harper.walker812,04-19-1941,voice_b5908a8ddebb8c29.wav,HOLD-2022-695,@davidmoore55,voice_111b21bd6adedfe8.wav,7413502,Michael,0.89,Other,Mixed,889-16-6026,King,Male,Step 3: Configure the system.,Hon.,9.4438,WP-FR-882542,REST/JSON,(838) 780-5343,A operational definition of risk.,Jessica,Thompson,Davis,XXX-XX-2248,david.anderson225,Mason Anderson,P,false,London,photo_56e3a426.jpg,44.2,experimental,Annual Analysis 2026,voice_001a7edaf4185451.wav,Miller,Single,Excellent service.,region=2024-01,49-7604257,06/25,+61,Emma,8659331,"$3,306,989","7163 Main St, Austin, FL 30011",Prof.,completed,760,fp_a1ade3c8f3f00221,emmaclark101,photo_c43896a8.jpg,New York,2001,Mixed,2023-01-25,"-58.961639, 58.695686",IO6686,Divorced,"6982 Elm St, London, IL 49172",voice_a335d94c353cb527.wav,text/csv,masonjackson@company.com,"7979 Maple Dr, London, GA 43788",2020,4881 shares @ $396.39,Single,Phoenix,01-19-1961,photo_4229fbcd.jpg,sess_2A9xxGb7U0DzKtos5vcKVBqK3HiJlMSP9N2WDw6X,Mrs.,Ibuprofen 200mg,photo_6518889b.jpg,XXX-XX-5170,source_col -> output,WP-GB-316466,Germany,S,logan_young@example.com,232999948,5845208,WP-CA-621622,logan_martin,Female
Energy,[CONFIDENTIAL] Formula #772,max=352,@patriciathompson306,148.27,"1548 Main St, Boston, OH 19297",702,acme.org,94025.7,/var/uploads/batch_369.csv,361,North Shore,richard.robinson379,"Berlin, South Korea",228.23,raw.orders -> exports,voice_3dad0daa076a6751.wav,A operational definition of compliance.,Other,Black,High,Oliver,oliviadavis11@example.com,fp_f90abf95781dfbe3,2019-07-06 05:51:17,Tuberculosis,75799,Pending verification.,Rev.,+1-328-365-3340,79.2,type,Clark,"4389 Maple Dr, San Francisco, PA 50468",542,Eurostat,Y34270325,photo_4ee4946b.jpg,0001-02-1971,Taylor,Desktop,masonwilliams45@yahoo.com,photo_a76bc049.jpg,Ethan,sophiajohnson@company.com,Spain,completed,EMP67629,fp_23289aecb846bdef,fp_9f64e519795246e6,+12616447963,Mr.,b9219dc937ca748789a6555f4f23a485e32c241a8f114d5b9bfb3674c52163c6,POST /api/orders,+1-526-520-1734,"9626 Park Blvd, Sydney, MA 21631",Figure 20: Timeline,Dr.,Other,fp_1106fa6cdf0ffdb3,Norway,TX1161720,White,robertwalker412,03/20/1986,voice_6537bf610b11f6fd.wav,HOLD-2026-768,@sophiaharris304,voice_3ffed9fd0862ea90.wav,4158716,William,4.44,Hispanic,White,742-32-5814,Lee,Non-binary,Step 5: Deploy the service.,Hon.,4.1407,WP-CA-464829,OpenAPI 3.0,(456) 464-4051,A formal definition of risk.,Michael,King,Davis,XXX-XX-4485,jessicaking207,Mason Robinson,Z,true,San Francisco,photo_2593ebfe.jpg,47.2,experimental,Technical Summary 2021,voice_0267e4c6fbfcd694.wav,Jones,Divorced,Great product!,tenant=2024-01,67-5186668,02/30,+1,Oliver,5920909,"$2,296,003","6761 Elm St, New York, WA 31530",Rev.,approved,8537,fp_ef8ef40de645a1c6,lindathompson64,photo_dca6f4e2.jpg,Los Angeles,1999,Black,2019-04-17,"-50.468974, -12.684754",JH4788,Single,"2380 Cedar Ln, New York, IL 40076",voice_696170b47866d6a6.wav,image/png,aiden.garcia@outlook.com,"3416 Maple Dr, New York, IL 48086",1996,2887 shares @ $379.41,Single,Denver,04/08/1993,photo_36b4e6d9.jpg,sess_A5FPFKtbXtNmlnSpNQ1P35zLqWCnLOI5dRDVDxA5,Prof.,Lisinopril 10mg,photo_d0ff033f.jpg,338-71-8882,input -> target_col,WP-JP-363291,Singapore,K,ethan_jackson1@gmail.com,115268457,193761,WP-BR-267435,robert_johnson,Non-binary
Manufacturing,[CONFIDENTIAL] Formula #566,max=1949,@marysmith919,259.23,"2656 Pine Rd, San Francisco, IL 38145",492,gmail.com,13916.1,/var/tmp/batch_139.json,474,East Side,emmayoung217,"Seattle, Switzerland",284.93,staging.orders -> analytics,voice_2f310e3b325db7cd.wav,A operational definition of data quality.,Mixed,White,Critical,Oliver,ethanmiller76@company.com,fp_f41f5a98dfcf5217,2023-08-19 12:33:01,COVID-19,10231,Reviewed and approved.,Mr.,+1-660-525-1432,58.6,created_at,Davis,"1548 Pine Rd, Dallas, NC 46094",834,CDC,Q99489590,photo_f1699b21.jpg,04-05-1947,Brown,IoT,masonmartinez@acme.org,photo_b3f30a9b.jpg,Emily,davidjohnson@outlook.com,United States,pending,EMP27792,fp_77b4da3599f73526,fp_5ab165d8e6ada8a7,594-298-1775,Dr.,d79c8b7f72071f0e984c6999ee2729bbc95c071c21b4cb21442b0b238198d55d,npm install,+1-526-756-6712,"6326 Main St, Tokyo, WA 70916",Figure 10: Comparison,Mr.,Non-binary,fp_d5a5b2f97f1bf838,Switzerland,NC6088801,Hispanic,noahsmith426,09/11/1976,voice_7ed9dbfe6568ab26.wav,HOLD-2026-816,@jamesdavis379,voice_ba766db272632c9a.wav,3817689,Logan,9.74,Asian,Black,219-83-7472,Anderson,Female,Step 1: Configure the module.,Ms.,2.0199,WP-GB-250991,gRPC/protobuf,512 711 4099,A systematic definition of data quality.,Michael,Rodriguez,Lee,XXX-XX-8566,linda_smith829,Mason Thompson,P,false,Austin,photo_83236931.jpg,98.6,deprecated,Quarterly Report 2022,voice_104b2de1914b8c98.wav,Thomas,Married,Average experience.,region=2024-01,49-9813892,04/24,+49,Emma,6013720,"$5,786,217","8385 Main St, Chicago, PA 39598",Prof.,cancelled,3424,fp_76fed45ca8daf507,michael_williams864,photo_971fbcf7.jpg,Boston,2017,Mixed,2020-10-30,"-29.203853, -24.752412",YY2295,Widowed,"2716 Elm St, Boston, GA 51539",voice_1e5080c93b34ecb3.wav,text/csv,davidmoore@yahoo.com,"1406 Maple Dr, Phoenix, NC 70171",2026,2779 shares @ $354.74,Single,London,0006-19-2005,photo_0a1249a3.jpg,sess_G3xemuMg6fUSSkNsC5gA2odNN2sedpEE34gff8ZK,Dr.,Omeprazole 20mg,photo_eb7296f7.jpg,276-79-2137,field_a -> output,WP-FR-723891,Brazil,P,noahwalker59@yahoo.com,292299097,4092042,WP-FR-186511,mason_williams,Female
Energy,[CONFIDENTIAL] Formula #380,crit=6249,@patriciaking963,259.7,"7146 Cedar Ln, Portland, PA 77811",577,example.com,58293.6,/var/data/batch_76.yaml,649,North Shore,williammartinez742,"Berlin, United Kingdom",288.63,staging.orders -> reports,voice_35760a3981631d92.wav,A operational definition of data quality.,Hispanic,Hispanic,Critical,Jennifer,john_lewis@yahoo.com,fp_1827b3a14e0faeae,2019-08-24 18:18:28,Tuberculosis,20039,Pending verification.,Mrs.,+1-859-524-9507,51.5,status,Wright,"6542 Oak Ave, Phoenix, PA 25818",769,CDC,F78713733,photo_d6ec69da.jpg,09-12-1941,Lee,Desktop,richardlee@yahoo.com,photo_75bce18f.jpg,Michael,mason_robinson91@example.com,Singapore,completed,EMP37631,fp_507758e7115c9a3c,fp_94b37fac7bb17217,+16679122571,Mr.,e7da9d60d2161830efed8105ea4f42a023847d880ff6b463b7ea5d4b302b754e,docker run,+1-686-486-3664,"2860 Main St, San Francisco, IL 94116",Figure 1: Distribution,Prof.,Non-binary,fp_5292b94c5f5ad9c4,Germany,WA5180643,Hispanic,annaharris947,06-07-1951,voice_bec9775fbd48ce46.wav,HOLD-2023-338,@richardgarcia883,voice_3f113a28dae68b77.wav,2784920,Lucas,4.98,Asian,Black,880-15-9510,Brown,Other,Step 1: Initialize the pipeline.,Hon.,9.2255,WP-JP-964090,GraphQL,+12272729678,A formal definition of compliance.,Ethan,Williams,Martin,455-22-6178,harperwhite161,Jessica Harris,K,false,Chicago,photo_b0f57c3f.jpg,62.2,deprecated,Executive Review 2022,voice_f9bc4bd13fa1e9cb.wav,Walker,Widowed,Not recommended.,region=acme,76-6464125,08/26,+1,Liam,7356503,"$5,119,265","3670 Oak Ave, Berlin, FL 98455",Dr.,completed,8156,fp_e375bf4b7e2ebdad,lucasclark58,photo_8e8c20fb.jpg,Sydney,2012,White,2024-05-24,"-83.151483, -5.897674",KX4695,Divorced,"6926 Maple Dr, Toronto, OH 31331",voice_e4930d9dee835946.wav,text/html,susan_miller@acme.org,"2110 Pine Rd, Dallas, PA 43981",1991,3898 shares @ $354.62,Widowed,Denver,08/23/1974,photo_326e99c5.jpg,sess_bGPMa7oiqtjA4x8o2Iniux2hiyhGpgOoucCGN8T2,Mrs.,Omeprazole 20mg,photo_e7fc28f5.jpg,XXX-XX-9618,source_col -> field_b,WP-JP-493008,Australia,O,emily.rodriguez94@gmail.com,518977747,3855436,WP-BR-642492,william_garcia,Female
Healthcare,[CONFIDENTIAL] Formula #915,max=8017,@richardtaylor692,226.68,"8132 Pine Rd, Denver, TX 65454",383,outlook.com,73683.2,/var/data/export_197.parquet,825,South Bay,sarahsmith532,"Houston, Israel",104.02,raw.events -> analytics,voice_e23f1767280a7eb3.wav,A operational definition of data quality.,Hispanic,Asian,Negligible,James,richard_wright@gmail.com,fp_729dacc6e6a22329,2024-09-28T23:25:28Z,COVID-19,74910,Escalated to management.,Hon.,+1-250-534-1946,49.1,name,Clark,"5942 Pine Rd, Houston, OH 86496",613,Census Bureau,C83520354,photo_ac505bfa.jpg,0009-09-1951,Robinson,Smart TV,emmawalker95@yahoo.com,photo_9d1ea679.jpg,Noah,oliversmith@company.com,United Kingdom,pending,EMP98319,fp_426bd949cc98ece7,fp_a0aaa1f44f7575ee,445 392 3207,Hon.,b7e5800e0df20a3ad87a32975491fae4634dbebcfc9c6b3ed7dcfcaef20e6d4d,docker run,+1-632-618-1075,"2979 Park Blvd, Miami, GA 23755",Figure 1: Distribution,Ms.,Other,fp_9600ef854876d774,Spain,NC8860748,Mixed,patricia_brown714,04-26-1978,voice_a76fded09a7fb82f.wav,HOLD-2020-132,@aidenjones556,voice_13f3e5b96c2c3f3f.wav,1821888,Aiden,6.77,Other,Black,228-33-7583,Harris,Female,Step 3: Initialize the service.,Dr.,7.0153,WP-JP-826230,gRPC/protobuf,(847) 254-3836,A systematic definition of risk.,Mason,Robinson,Brown,608-76-5605,elizabeth.garcia189,Ethan M. Williams,X,false,Berlin,photo_d64b659e.jpg,42.9,stable,Executive Review 2020,voice_24b0fac399b11b43.wav,Martinez,Single,Excellent service.,region=us-east,15-2146343,10/25,+55,James,3803523,"$5,341,094","5977 Elm St, Atlanta, IL 67980",Mr.,cancelled,411,fp_b1f1008164425dd2,sarah.moore891,photo_ea26ab57.jpg,Berlin,2017,White,2024-07-18,"34.578534, 111.235336",TM6384,Single,"6878 Oak Ave, Tokyo, MA 47191",voice_d1a8074f5d0ff606.wav,text/html,lucasjones@example.com,"3044 Elm St, Phoenix, NY 22790",2015,470 shares @ $487.41,Divorced,Dallas,01-22-1981,photo_35f00576.jpg,sess_nYRqUAituisr9olh4rYobJr1FBPFRfWg3TqHQ4IJ,Ms.,Lisinopril 10mg,photo_54fb45aa.jpg,XXX-XX-2574,input -> output,WP-MX-330480,Switzerland,V,oliviamoore@acme.org,299961606,8596375,WP-IN-268768,linda_moore,Female
Retail,[CONFIDENTIAL] Formula #336,min=140,@oliviabrown453,875.83,"5448 Elm St, Seattle, MA 99526",432,gmail.com,24323.6,/var/tmp/export_796.log,789,Midtown,jessicagarcia160,"Seattle, Mexico",155.95,staging.users -> analytics,voice_b79f25010e0d2dec.wav,A systematic definition of data quality.,Other,Hispanic,Medium,Ethan,sophia_white@gmail.com,fp_f1b93671129a7e77,2026-07-13T12:36:09Z,Tuberculosis,89156,Updated per client request.,Prof.,+1-906-804-9826,22.7,amount,Johnson,"3177 Cedar Ln, Austin, NC 81565",354,WHO,E88702975,photo_ed10a438.jpg,02-18-2010,Anderson,Wearable,robertdavis@acme.org,photo_5ddb26f9.jpg,Richard,sarah_jackson@example.com,Germany,rejected,EMP12773,fp_a797252248320524,fp_0fdca30400b952e6,651.770.6998,Prof.,1d43432f6da38610fecda2d8b889a276749a8b0e18d3ad1f96f9193513a26277,kubectl apply,+1-906-447-5723,"6633 Elm St, Los Angeles, TX 94299",Figure 5: Comparison,Mr.,Male,fp_0d9f7559b4e184bd,Australia,IL3081619,Black,linda_thompson884,12/17/1948,voice_71907c8e18316dfb.wav,HOLD-2020-517,@patriciaharris382,voice_c46f75b894979651.wav,4000544,Jennifer,5.99,Other,Black,590-44-4267,King,Female,Step 4: Verify the service.,Hon.,1.6383,WP-AU-757348,GraphQL,+15296541001,A formal definition of risk.,Noah,Jones,Walker,492-97-2996,jessica_smith253,Jessica Garcia,N,false,Denver,photo_614b0b55.jpg,63.3,experimental,Quarterly Analysis 2020,voice_37549af6eead5f31.wav,Thompson,Married,Average experience.,tenant=us-east,58-4952631,08/24,+81,Jessica,7091320,"$2,227,771","8115 Elm St, Phoenix, CO 82728",Hon.,failed,6267,fp_ffe9a0dc4e13087c,john.davis305,photo_8d6ec52b.jpg,Phoenix,1998,Mixed,2020-05-19,"-16.152708, -121.476673",EF6586,Single,"5555 Park Blvd, Berlin, GA 13852",voice_92c280fc7416239e.wav,application/json,sarahlee@yahoo.com,"3024 Maple Dr, Chicago, PA 75797",2025,1664 shares @ $282.75,Single,Seattle,05-09-1949,photo_76255b30.jpg,sess_bERP7yi65A8kK4jh2zDAuBVTiPcszVdDkKZli4QS,Prof.,Metformin 500mg,photo_c9216243.jpg,XXX-XX-6700,source_col -> output,WP-MX-648641,South Korea,P,anna_moore@gmail.com,220100070,USR-966297,WP-US-298525,anna_jackson,Non-binary
Energy,[CONFIDENTIAL] Formula #330,max=1920,@lucasyoung924,523.69,"1236 Maple Dr, Toronto, GA 58314",377,example.com,29736.7,/var/logs/daily_201.xml,428,Midtown,marybrown246,"Atlanta, Spain",184.77,staging.events -> analytics,voice_cb5b1bed3c2df490.wav,A formal definition of compliance.,Black,White,High,Aiden,aidenrodriguez30@gmail.com,fp_c849d2246bb3a550,2019-03-28 22:34:22,Malaria,28592,Reviewed and approved.,Hon.,+1-352-262-7956,63.7,email,Walker,"6137 Park Blvd, Berlin, FL 76882",300,WHO,F89311234,photo_682629a7.jpg,11-26-1992,Brown,Mobile,david.walker@outlook.com,photo_57bd0d63.jpg,Jessica,jessica.anderson28@gmail.com,Australia,failed,EMP57134,fp_197535692dee8db7,fp_b73fc116eada671d,323 724 3360,Hon.,eb60db7717e1756ef0ef12a2d052d45a9ed8d36fae9ce288a0d69e78525ba99a,GET /api/users,+1-371-254-4659,"779 Main St, Berlin, GA 17121",Figure 12: Distribution,Ms.,Female,fp_74e0be156f3ec94a,France,PA7616111,Asian,michael_lewis659,0001-24-1946,voice_0357fdc5cac1dac3.wav,HOLD-2024-890,@liamjohnson608,voice_1021e2eaa739d0b2.wav,5359639,Aiden,0.41,White,Asian,882-71-4541,Jackson,Female,Step 1: Initialize the module.,Hon.,8.4086,WP-US-974328,SOAP/XML,742.840.8604,A operational definition of data quality.,Jennifer,Harris,Wright,330-61-1987,john.martin240,Patricia C. Jackson,A,false,Paris,photo_ea6624db.jpg,17.5,high-priority,Annual Summary 2021,voice_48bce686a8e4960f.wav,Jones,Married,Average experience.,dt=2024-01,69-4118056,07/30,+49,John,USR-128795,"$2,674,971","3586 Oak Ave, Houston, FL 69382",Mr.,approved,507,fp_6ad2d34b599897f8,harper.johnson925,photo_66019cd4.jpg,Berlin,2020,Other,2020-11-04,"-70.240603, 28.363973",PT9017,Divorced,"2131 Maple Dr, Dallas, FL 80848",voice_34f71f17705af6a1.wav,text/html,oliver_davis80@company.com,"5722 Oak Ave, Denver, CA 40068",2002,2851 shares @ $338.27,Divorced,Chicago,02-06-1940,photo_375fa0d5.jpg,sess_1kIa2pUUBUSGQ9AWCCYZeBkQ5NOVoWfUW5PPngW1,Ms.,Lisinopril 10mg,photo_b2aa15cd.jpg,499-52-9828,source_col -> field_b,WP-GB-956707,Italy,N,james_jones5@yahoo.com,409369653,658690,WP-GB-302161,robert_jackson,Non-binary
Retail,[CONFIDENTIAL] Formula #674,crit=4570,@emilylee491,912.06,"2624 Main St, Denver, PA 87778",654,gmail.com,27586.0,/var/tmp/export_477.csv,315,South Bay,logan_robinson537,"Phoenix, Brazil",33.74,staging.orders -> analytics,voice_b012c4aeeadc59e8.wav,A systematic definition of risk.,Mixed,White,Medium,Elizabeth,noahyoung@example.com,fp_4de9c6448752dc1a,2024-06-09 23:28:09,Tuberculosis,40097,Needs follow-up next quarter.,Prof.,+1-602-432-2302,12.1,type,Lewis,"7143 Park Blvd, New York, PA 79820",389,Census Bureau,R72470324,photo_4c17a4b0.jpg,0003-17-1999,Moore,Mobile,elizabeth_robinson@company.com,photo_8ceb8961.jpg,Sophia,johnjones@acme.org,Switzerland,failed,EMP35447,fp_de76b597c6dc8af7,fp_85ac2fe70701cced,(552) 402-1487,Prof.,9ea1ac68274ff13e614fe51d3b3aad374a018eec79a3fad2051c61e23c19b8bb,GET /api/users,+1-341-425-1539,"2719 Pine Rd, Denver, OH 15618",Figure 3: Overview,Rev.,Other,fp_8dbd2e32d9d5f514,Sweden,CO2069846,Mixed,jamesclark875,0008-16-1993,voice_41bc16ad220fc2a8.wav,HOLD-2021-753,@emmathompson216,voice_0eb68e8737c7194e.wav,4416063,Harper,7.41,Other,Mixed,139-27-6668,Robinson,Female,Step 3: Verify the system.,Mrs.,3.2081,WP-FR-372259,gRPC/protobuf,500 795 5421,A operational definition of risk.,Aiden,Johnson,Jackson,774-54-2622,anna_taylor23,Elizabeth Brown,T,true,Atlanta,photo_6c36327e.jpg,98.9,stable,Technical Summary 2023,voice_ebbb1c5cd9f75d6f.wav,Williams,Divorced,Excellent service.,region=2024-01,14-9934881,11/28,+86,Anna,502649,"$2,031,394","7472 Main St, Los Angeles, FL 81538",Hon.,rejected,961,fp_085d274dd64a2e27,jennifer.taylor194,photo_0b5d242e.jpg,San Francisco,2016,White,2021-09-30,"43.269928, 46.03037",JR475,Widowed,"473 Maple Dr, Houston, NY 74030",voice_79b9297894c7497e.wav,text/html,emmarodriguez@gmail.com,"7087 Elm St, Toronto, IL 45948",2012,4735 shares @ $58.93,Single,Atlanta,04-03-1972,photo_7adf4057.jpg,sess_UnMNsEUmV9n66fON1aGLxoLbf2HiV52zKrxqNWjn,Ms.,Lisinopril 10mg,photo_8978be9e.jpg,598-89-6164,source_col -> output,WP-GB-400476,Canada,Y,anna_garcia6@company.com,196622445,7894642,WP-IN-674407,william_smith,Female
Finance,[CONFIDENTIAL] Formula #583,warn=9372,@amyjackson675,95.28,"9687 Oak Ave, Toronto, GA 45589",647,acme.org,30486.7,/var/data/batch_925.xml,803,South Bay,robert_smith966,"Boston, Canada",300.74,curated.orders -> analytics,voice_80d445fab75ae66f.wav,A operational definition of risk.,Black,Other,Critical,Sophia,oliver.harris64@gmail.com,fp_c9c26fa32bddabfb,2026-09-18T00:55:29Z,Malaria,73147,Needs follow-up next quarter.,Hon.,+1-455-742-8279,32.6,created_at,Smith,"4070 Elm St, Tokyo, CO 26690",777,WHO,Z71354676,photo_f595ae60.jpg,0011-28-1961,Lewis,Smart TV,anna_lee@acme.org,photo_2a70882d.jpg,Elizabeth,elizabethgarcia@acme.org,Singapore,approved,EMP67422,fp_b7f29c7502ee2fa9,fp_a7cc52271687ce69,888 511 9158,Ms.,a786772bfd88e9232032232fb1ada989998726c2ad2a8cc013e46f3eb80e441e,docker run,+1-787-713-9144,"7469 Maple Dr, Portland, NC 24008",Figure 3: Distribution,Mrs.,Non-binary,fp_fbc2c92be46a5a83,Mexico,GA7300573,Other,michaeljones983,0004-18-1943,voice_425d24db4de0e29d.wav,HOLD-2024-665,@michaeljackson908,voice_1ee2959c8993a5d8.wav,9034866,Noah,7.4,Hispanic,White,294-83-8122,Jackson,Other,Step 3: Monitor the module.,Prof.,9.4507,WP-IN-824191,SOAP/XML,+19885167203,A operational definition of data quality.,Ethan,Martinez,Clark,318-62-2063,robert.walker175,Olivia Lee,G,false,Portland,photo_07fabb96.jpg,5.2,stable,Executive Report 2020,voice_2076b23e87c6b697.wav,Davis,Widowed,Average experience.,dt=2024-01,74-6753850,12/29,+81,John,6926317,"$5,958,644","9753 Elm St, Miami, NY 44041",Dr.,failed,179,fp_bc9d6bd0069c4dd1,sophiajohnson17,photo_e47c6d4b.jpg,San Francisco,1994,Hispanic,2022-03-04,"48.058447, -31.336783",HL9820,Single,"3155 Main St, New York, PA 72572",voice_f2939c5922a0c84b.wav,text/html,robertking@gmail.com,"5269 Pine Rd, San Francisco, NY 48142",2014,4785 shares @ $301.79,Single,Miami,02/09/1990,photo_bc983c54.jpg,sess_5EgGdXBlwRxp0piZth0Z7zOA3KY1K2wEEIoEDZdV,Mrs.,Ibuprofen 200mg,photo_b6a984da.jpg,101-70-4940,input -> target_col,WP-US-428287,Israel,W,james.martinez@outlook.com,258149395,6982731,WP-GB-451022,amy_lewis,Female
Retail,[CONFIDENTIAL] Formula #176,warn=8102,@liamrobinson176,255.2,"7785 Main St, Los Angeles, OH 94881",780,acme.org,37848.0,/var/exports/batch_788.log,422,East Side,johnthompson325,"Los Angeles, France",193.13,staging.users -> analytics,voice_0f6d296cf1756443.wav,A formal definition of risk.,Other,Black,High,Jessica,oliver_johnson@yahoo.com,fp_a90271f0aaa5e06b,2025-12-14T06:58:30Z,Malaria,45196,Escalated to management.,Hon.,+1-516-788-2235,1.3,email,Jackson,"5190 Elm St, Toronto, OH 88049",743,Census Bureau,Y27330419,photo_df846914.jpg,0009-14-1990,Davis,Desktop,lucas_williams@example.com,photo_92dd2f12.jpg,Anna,elizabethjohnson2@company.com,Israel,cancelled,EMP60326,fp_ff5aacb275b4fd92,fp_89ba9ddc968fe578,673-995-3045,Prof.,c34583925758f91c06b7c9ce376161948475b126a01598e4fdc3c066556f8bad,GET /api/users,+1-961-697-3812,"6598 Park Blvd, Houston, NY 60800",Figure 2: Distribution,Hon.,Male,fp_f13205ecd4150be5,Brazil,CA6306539,Other,ethanmoore729,04-03-1963,voice_46852603edc23585.wav,HOLD-2021-501,@elizabethrobinson395,voice_76c3249c4350188c.wav,5527613,Ethan,6.58,Other,Black,616-55-5196,Jones,Male,Step 5: Verify the service.,Mrs.,7.6828,WP-MX-844639,OpenAPI 3.0,562-794-5795,A operational definition of compliance.,Mason,White,Williams,XXX-XX-1590,robertwright156,Noah Harris,O,false,London,photo_fdb5978a.jpg,70.3,approved,Executive Report 2020,voice_eb182eca32998624.wav,King,Single,Great product!,tenant=2024-01,49-7352118,07/26,+61,Emma,ORD-914021,"$4,496,427","3119 Cedar Ln, Berlin, IL 11277",Mr.,active,4590,fp_ca095b817e27a2fc,james_taylor161,photo_474c6954.jpg,Paris,2022,Hispanic,2021-11-06,"55.599741, 17.229063",TX4509,Divorced,"8949 Oak Ave, Boston, NC 46445",voice_b603ea706d0e907e.wav,text/html,jessicaharris@yahoo.com,"9969 Pine Rd, Atlanta, WA 34497",1993,883 shares @ $204.83,Single,Denver,0002-24-1941,photo_0d0391f9.jpg,sess_DnruuQDO3265jbcipVepT32XagMlrLbeTKg3IlXN,Hon.,Albuterol 90mcg,photo_5fd90b18.jpg,592-64-9144,input -> field_b,WP-MX-512052,Spain,A,linda.brown@acme.org,239321373,8571428,WP-CA-418528,mary_lee,Non-binary
Finance,[CONFIDENTIAL] Formula #671,min=8761,@oliverwright852,542.12,"6006 Oak Ave, Atlanta, CO 25948",540,acme.org,77945.8,/var/config/daily_866.csv,656,West End,mason_martin63,"Boston, Japan",223.93,staging.orders -> reports,voice_2c589aaf46d40112.wav,A formal definition of data quality.,White,Black,Low,Jessica,susan_smith@company.com,fp_0f957b811760ba7e,2022-01-20T01:56:12Z,Diabetes Mellitus,20069,Escalated to management.,Ms.,+1-629-890-8416,57.1,type,Martin,"6861 Cedar Ln, Sydney, PA 38057",373,WHO,H22266726,photo_72f87ab6.jpg,01/06/1979,Taylor,Desktop,jennifer_garcia@example.com,photo_9031a47f.jpg,Anna,patriciajones@outlook.com,United Kingdom,approved,EMP54286,fp_62587e886318dacb,fp_0f941f9e2df4aa01,834.370.7986,Rev.,e2d9fcfd21fb94c22001daddbedd0817c6eff641eabd2f4641dc7b12d267ef91,GET /api/users,+1-710-377-3736,"2264 Maple Dr, Atlanta, OH 21973",Figure 9: Timeline,Mr.,Non-binary,fp_52e18ba2d1650d3a,United Kingdom,GA2148853,Asian,david.thompson422,11-18-1964,voice_375a3790e3edb317.wav,HOLD-2026-578,@marymiller175,voice_918244b934da60ab.wav,5135249,Emma,7.22,Black,Black,425-68-8950,King,Female,Step 1: Initialize the module.,Mrs.,2.783,WP-CA-309740,GraphQL,528 221 4619,A operational definition of data quality.,Olivia,Anderson,Smith,897-28-2235,harpermoore448,Linda Jones,Z,false,Houston,photo_e982bd94.jpg,92.4,deprecated,Executive Summary 2022,voice_19e6c017e8527687.wav,Johnson,Single,Needs improvement.,region=acme,21-8544588,07/27,+81,Mason,ORD-650581,"$4,101,205","2304 Pine Rd, Dallas, GA 17362",Mrs.,rejected,975,fp_980b4e0dcc8df6f4,liambrown234,photo_af8775b7.jpg,Los Angeles,2000,Hispanic,2023-10-25,"-23.147263, 58.720988",FB7827,Married,"6523 Maple Dr, Atlanta, FL 79546",voice_79bbd0927f5d991c.wav,application/json,lucaswalker16@yahoo.com,"6555 Oak Ave, Houston, FL 96388",1992,3762 shares @ $73.04,Single,New York,04-13-1984,photo_e1c6d3c9.jpg,sess_1W3RgT3BsWA6A2kHg3wF4O1AZ4UPhXVO95Zgq1fm,Prof.,Albuterol 90mcg,photo_7b7122ac.jpg,847-70-4883,input -> field_b,WP-IN-403915,India,G,patricia_martinez31@company.com,990167991,ID-533327,WP-AU-383813,jennifer_young,Female
Retail,[CONFIDENTIAL] Formula #450,max=2040,@amylewis516,393.63,"3011 Oak Ave, Toronto, MA 14567",721,outlook.com,67846.5,/var/config/daily_309.parquet,791,West End,michael.thompson460,"Boston, Mexico",84.49,curated.users -> reports,voice_02d35df9d429ef8f.wav,A formal definition of risk.,White,Other,Critical,John,richardking@outlook.com,fp_a5cdc06ffd4f68b4,2025-09-12 02:52:43,COVID-19,37680,Resolved — no further action.,Mr.,+1-381-835-8070,33.7,name,Lewis,"2925 Park Blvd, Miami, WA 58934",378,CDC,M94346470,photo_9410838f.jpg,0012-08-1950,Lee,Wearable,jamesmartinez@company.com,photo_a6b0b499.jpg,Amy,sophia_walker86@company.com,Sweden,failed,EMP74630,fp_1318aaeb6f9a2c2b,fp_e7d9e1703815db36,845-913-9566,Dr.,92df5a39b913073207aaf9960e536843c84f5b2c54d8a63724fa4e7959783385,GET /api/users,+1-695-254-9777,"4024 Elm St, Paris, IL 16584",Figure 14: Comparison,Hon.,Other,fp_ca54b2473b0246a9,India,FL1746288,Mixed,patricia.taylor95,12-10-1977,voice_e20a05a414e42024.wav,HOLD-2022-744,@sarahanderson39,voice_748637f702e10b87.wav,6273247,Emily,7.85,White,Asian,108-73-1932,Martinez,Non-binary,Step 5: Configure the pipeline.,Prof.,7.1281,WP-MX-544152,gRPC/protobuf,600-773-8129,A systematic definition of compliance.,Mason,Thompson,Brown,494-75-5146,oliviarobinson163,Olivia X. Martinez,V,false,New York,photo_01d0cab4.jpg,77.8,high-priority,Quarterly Report 2021,voice_974f8b92f0b342ff.wav,Moore,Married,Needs improvement.,region=2024-01,12-3711464,10/26,+33,Emily,2316438,"$9,869,171","5920 Oak Ave, Toronto, PA 36259",Ms.,active,827,fp_409a794b25f71d6c,olivia.anderson691,photo_21efa70c.jpg,Los Angeles,2004,Black,2022-01-18,"42.201576, 0.873368",QM4282,Single,"7750 Park Blvd, Austin, MA 52384",voice_fa57329474abc931.wav,text/html,logan.white24@company.com,"9811 Maple Dr, Dallas, NC 51192",2022,2424 shares @ $156.88,Divorced,Atlanta,0001-01-1986,photo_1a030fcb.jpg,sess_5CYPiS2Zcl5Z40Yf952inCe3HQeciqrwhFRCSzJ4,Rev.,Omeprazole 20mg,photo_271e46b8.jpg,396-35-4712,source_col -> field_b,WP-MX-862666,Switzerland,H,amy.lee@gmail.com,232158085,5674469,WP-US-135032,logan_jones,Other
Energy,[CONFIDENTIAL] Formula #866,warn=2777,@davidgarcia139,196.52,"3891 Park Blvd, Dallas, FL 63186",360,example.com,41198.4,/var/config/export_212.csv,671,North Shore,liam.taylor802,"Atlanta, United Kingdom",329.37,curated.users -> reports,voice_7737123a7b63b3a1.wav,A operational definition of risk.,Other,Asian,Medium,James,davidthomas24@yahoo.com,fp_ca8b8e85ff9e856f,2020-08-22T08:25:43Z,Influenza,40348,Updated per client request.,Prof.,+1-496-271-2326,97.7,email,Johnson,"8337 Maple Dr, Dallas, OH 84183",461,Census Bureau,E82693485,photo_861803ba.jpg,03/14/1940,Miller,IoT,sarah_wright99@example.com,photo_2cd03e84.jpg,Patricia,patricia.davis@acme.org,Norway,rejected,EMP84326,fp_081056a33120bc2a,fp_66e172812521dde2,319.608.8684,Hon.,a6251e723b23976d3c52aac12c86debe32efef346b7b98bb3daee504936a83ec,POST /api/orders,+1-920-734-1270,"175 Oak Ave, Austin, CA 49839",Figure 1: Comparison,Dr.,Female,fp_4f9bbbc31ae548cc,United States,IL4493742,White,james.garcia664,0005-23-1958,voice_7de81a2aa75700ea.wav,HOLD-2022-933,@robertlee243,voice_ffef13c6d25cc3c8.wav,3454612,Sophia,2.66,Mixed,Black,590-59-7847,Lewis,Male,Step 2: Monitor the system.,Rev.,9.8722,WP-FR-103745,gRPC/protobuf,703 692 8407,A operational definition of data quality.,Harper,Harris,Miller,305-73-7382,aiden_rodriguez105,Sarah Lee,Q,false,London,photo_604f5730.jpg,27.8,stable,Annual Summary 2024,voice_ccdf8f2610f6f1eb.wav,Moore,Divorced,Excellent service.,dt=2024-01,43-7386893,08/26,+81,Emily,ORD-453681,"$4,038,901","8684 Main St, Dallas, GA 88191",Mr.,approved,7204,fp_462b2341806fe014,ethan.anderson880,photo_ab39dfb4.jpg,San Francisco,2023,White,2022-04-27,"69.600657, 166.403715",JH8013,Single,"7112 Elm St, Austin, FL 83716",voice_829568d54e65c1a6.wav,text/csv,sophiaking@outlook.com,"924 Cedar Ln, London, IL 39427",2004,1687 shares @ $463.11,Married,Atlanta,0005-14-2005,photo_6f3a65d6.jpg,sess_P38FmuxCN0YhXEBg1Zc7YZGnYZKR64GLMNh6yArH,Mr.,Ibuprofen 200mg,photo_14e0d71e.jpg,486-39-1010,input -> target_col,WP-FR-508607,Japan,H,patricia.thomas@company.com,110761261,REC-499195,WP-FR-423884,william_wright,Non-binary
Energy,[CONFIDENTIAL] Formula #651,warn=7902,@emilywalker72,857.46,"8114 Cedar Ln, Denver, CA 90346",380,acme.org,38270.1,/var/exports/daily_646.log,345,Downtown,sophia.moore949,"Chicago, Japan",173.76,curated.events -> reports,voice_28489fd1f47b5e7d.wav,A systematic definition of risk.,Black,Hispanic,Negligible,Richard,robert.thomas@outlook.com,fp_31b9b114fc9c8457,2024-11-17T02:50:06Z,Malaria,28649,Escalated to management.,Dr.,+1-815-427-8045,40.9,id,Thomas,"5605 Cedar Ln, San Francisco, TX 82441",422,Bloomberg,U40557270,photo_aaed4065.jpg,0010-05-2002,Smith,Mobile,logan.taylor@company.com,photo_983d394f.jpg,Elizabeth,robertmartin@acme.org,Germany,cancelled,EMP11853,fp_2dff5158bdf7348a,fp_cac403761e589f43,(449) 981-4194,Dr.,904bed1509d020632bb77b0022ec2e161c5d11dbfce396c2145fae2e568a31cb,POST /api/orders,+1-200-442-9353,"1149 Maple Dr, Dallas, CO 97660",Figure 4: Distribution,Hon.,Other,fp_0cfbcd39e514b86f,Israel,IL3670881,Black,robert_brown653,0003-16-1992,voice_406d1f4c9741f8cb.wav,HOLD-2023-695,@loganjohnson473,voice_33134fcf08141287.wav,2043356,Mary,7.19,Hispanic,Other,176-72-7053,Garcia,Other,Step 4: Configure the module.,Mr.,6.2052,WP-US-777362,GraphQL,698-414-9084,A systematic definition of compliance.,Oliver,Harris,Smith,XXX-XX-7615,michael_martinez947,Emma Davis,W,false,Chicago,photo_0e9372d9.jpg,77.5,high-priority,Annual Summary 2024,voice_ed823dd02c12e388.wav,Anderson,Widowed,Not recommended.,dt=2024-01,19-5060932,06/28,+81,Harper,1038199,"$1,105,846","2458 Cedar Ln, Phoenix, WA 18695",Dr.,inactive,9252,fp_32dee6507cf7d7b7,oliver_jackson881,photo_ec54b65b.jpg,Paris,2005,Asian,2025-03-19,"-60.246024, -83.042737",KV2590,Divorced,"2541 Maple Dr, Denver, NY 72110",voice_86c018c6c3929fc0.wav,application/pdf,liamlee@example.com,"8805 Main St, Dallas, NC 28641",2019,3806 shares @ $116.5,Divorced,Los Angeles,07-04-1951,photo_1733dbe4.jpg,sess_lv5Qd9e3CYjN1Bj2oy81tYYkiiWg3kbldXsyabbL,Mr.,Lisinopril 10mg,photo_edde2826.jpg,879-19-9157,field_a -> output,WP-IN-760741,South Korea,O,lucasthomas@yahoo.com,565375902,8043080,WP-AU-223955,elizabeth_lewis,Female
Healthcare,[CONFIDENTIAL] Formula #832,max=5125,@patriciagarcia475,732.65,"325 Park Blvd, Berlin, FL 88970",502,outlook.com,28709.6,/var/data/batch_949.parquet,710,North Shore,richard.thompson825,"San Francisco, Japan",357.44,raw.events -> exports,voice_f201c112e259d7cd.wav,A systematic definition of risk.,White,Mixed,Critical,Oliver,james_rodriguez@company.com,fp_7c4539fbca5e2bc0,2022-11-25 06:39:02,Tuberculosis,42731,Updated per client request.,Dr.,+1-384-641-2547,23.3,name,Thomas,"5680 Main St, San Francisco, CA 79155",607,Reuters,G21344321,photo_dfdbbe6c.jpg,11/03/1970,Smith,Smart TV,oliver.wright@acme.org,photo_ab0ef4ff.jpg,Harper,emmaking7@outlook.com,Sweden,rejected,EMP38991,fp_30bff83ab9047bd9,fp_256ed9416e2a0b3d,(223) 462-7030,Mrs.,da8f929890c78fec32ba94b3f9e3fc6a988e5b4bc37d3eb3ab07ff4bb2efe0aa,POST /api/orders,+1-440-662-1430,"1259 Elm St, Seattle, NC 52744",Figure 15: Timeline,Mr.,Non-binary,fp_854f28905cf51cbd,Brazil,TX3969989,Black,emilymartin624,10/04/1972,voice_ff24395041b7fb13.wav,HOLD-2023-641,@jamesking357,voice_b50901765874832a.wav,9294928,Emily,8.26,Hispanic,Mixed,316-25-4340,Taylor,Non-binary,Step 1: Configure the pipeline.,Dr.,1.3188,WP-JP-199575,REST/JSON,907 492 5634,A formal definition of data quality.,James,King,Taylor,596-98-8922,masonjones744,Anna Williams,O,true,Toronto,photo_83bd39bf.jpg,95.3,deprecated,Quarterly Summary 2022,voice_6118523dc3c4f7a1.wav,Williams,Married,Excellent service.,dt=acme,97-1246068,06/26,+55,Olivia,7396235,"$890,647","8807 Park Blvd, San Francisco, PA 45206",Dr.,rejected,4942,fp_4c819e8a8ba03d9d,amy_brown337,photo_59b1e722.jpg,Los Angeles,2026,Mixed,2021-01-22,"-43.598512, 77.602948",AW9345,Single,"7454 Elm St, San Francisco, IL 72921",voice_c1dd5f9fbac06751.wav,application/xml,richard_walker@example.com,"8434 Park Blvd, New York, GA 43027",2009,1325 shares @ $314.75,Single,Atlanta,04/15/1978,photo_c6cc786c.jpg,sess_6aniTxlg8lW3V92YoiNFzXYhMmcnDFdNOatRkhJg,Mr.,Albuterol 90mcg,photo_21dea1a7.jpg,XXX-XX-6270,field_a -> output,WP-GB-378040,United States,J,williamlee34@gmail.com,194115018,USR-122340,WP-CA-847749,oliver_smith,Male
Energy,[CONFIDENTIAL] Formula #629,crit=6292,@aidenjackson5,294.1,"661 Cedar Ln, Tokyo, OH 38605",566,yahoo.com,9885.2,/var/uploads/export_219.yaml,595,East Side,sophia_young418,"Tokyo, Mexico",126.78,staging.orders -> exports,voice_3ef1f4c0aff41ed8.wav,A formal definition of data quality.,Asian,Other,Negligible,Richard,robertwilliams@example.com,fp_541633aa5403ca6b,2023-01-01 11:26:54,Malaria,84016,Pending verification.,Rev.,+1-447-272-3693,53.5,status,White,"1129 Pine Rd, London, OH 48303",651,Eurostat,H36033817,photo_84834429.jpg,12/18/1991,Wright,Mobile,liam_white61@yahoo.com,photo_87302a2e.jpg,Linda,harpergarcia@acme.org,Canada,approved,EMP14618,fp_6cdd9d3993580b13,fp_c4a5b2f0683bf648,(734) 807-3731,Rev.,2c270387a926308e0a2875b73e03be379df6b07314ba0ea0c0ebe540a8049dfb,npm install,+1-876-851-4525,"8262 Pine Rd, Dallas, TX 99680",Figure 1: Overview,Mrs.,Female,fp_3e8f62549c78f844,Netherlands,CA5689581,Asian,mary.lee439,05-15-1985,voice_984f611bb6428a45.wav,HOLD-2023-428,@noahlewis823,voice_fc39368829959d5d.wav,3053904,Michael,6.55,White,Asian,XXX-XX-5064,Miller,Other,Step 2: Verify the pipeline.,Prof.,0.3432,WP-CA-799035,OpenAPI 3.0,641 628 3929,A systematic definition of data quality.,William,Jones,Harris,XXX-XX-8400,patricia_young182,Robert Clark,F,true,Tokyo,photo_d517ed0c.jpg,31.3,needs-review,Executive Summary 2024,voice_334651ee272eff91.wav,Miller,Single,Average experience.,region=us-east,55-9792690,12/26,+86,Lucas,3259248,"$1,782,466","7302 Park Blvd, Dallas, PA 86724",Ms.,inactive,0191,fp_4ff33a7dcadba925,michael.miller283,photo_856d198a.jpg,Atlanta,2017,White,2026-08-04,"-21.059438, -29.21127",NE4802,Married,"9706 Pine Rd, Sydney, WA 11908",voice_7086befd8efca8c7.wav,application/xml,jessica.robinson98@acme.org,"1726 Park Blvd, Boston, CA 29049",2014,3805 shares @ $363.06,Married,Portland,0008-07-1962,photo_a1abfc49.jpg,sess_11kLv7WjL250ybN84rtKk4PxigpkGnfZfBirQnnZ,Dr.,Ibuprofen 200mg,photo_7194171e.jpg,XXX-XX-2544,field_a -> target_col,WP-AU-478750,Israel,I,patricia_taylor10@yahoo.com,966257312,8616053,WP-BR-352878,robert_young,Other
Manufacturing,[CONFIDENTIAL] Formula #489,min=8832,@jenniferjackson504,654.15,"9462 Main St, Phoenix, GA 21000",386,example.com,50196.5,/var/uploads/export_337.csv,575,Downtown,patriciajohnson379,"Seattle, Switzerland",185.65,raw.users -> analytics,voice_20435140e0c72a26.wav,A systematic definition of risk.,Other,White,Medium,Ethan,ethantaylor@outlook.com,fp_a5d8d8bb61fc88d8,2020-06-16T04:35:43Z,Diabetes Mellitus,13845,Pending verification.,Mr.,+1-830-845-1585,18.5,name,Jones,"9696 Cedar Ln, Austin, NY 27626",677,Reuters,A13547173,photo_deb9f8e9.jpg,0005-19-1968,Lewis,Smart TV,noah_garcia@example.com,photo_a1e9b0d0.jpg,Liam,michaelmartin@company.com,Netherlands,active,EMP89769,fp_d5845154999ce835,fp_9bb77a6891685e6a,884 660 8748,Rev.,cd404f7fe6786d324a404e8f882504f1dd5dcf676f692ecdb963a88e5cd41464,npm install,+1-654-406-2229,"4618 Cedar Ln, Boston, PA 94801",Figure 11: Distribution,Ms.,Non-binary,fp_765ebce31f3c19bd,United Kingdom,OH9539016,Other,sophia_young422,0005-08-2006,voice_dbcd5d9fa3915750.wav,HOLD-2022-866,@harperjackson293,voice_747d35b729e23278.wav,5172214,Lucas,1.81,Asian,Black,XXX-XX-1873,Lewis,Non-binary,Step 2: Deploy the pipeline.,Mrs.,6.6642,WP-BR-951572,SOAP/XML,(708) 706-2403,A systematic definition of risk.,John,Garcia,Jackson,567-19-9684,susanrodriguez442,Susan X. Rodriguez,R,false,Chicago,photo_99414726.jpg,99.5,stable,Technical Review 2023,voice_0c596274a733ccb3.wav,Walker,Single,Needs improvement.,region=2024-01,61-5559765,08/28,+55,Emily,USR-738400,"$3,312,810","3810 Elm St, Miami, NY 93772",Ms.,completed,317,fp_91811d07660b136a,amywalker17,photo_4aeff19b.jpg,New York,1992,Black,2026-04-13,"18.438095, 80.39517",FK3824,Single,"3249 Cedar Ln, New York, MA 95137",voice_2d5dcea08b21d61f.wav,image/png,james_rodriguez@acme.org,"2717 Cedar Ln, Paris, OH 93356",2009,768 shares @ $62.92,Single,San Francisco,0011-26-1948,photo_f57edc1b.jpg,sess_9RdchJGff2V2KcCsuI6J3zZsf0lcJrXZphAHP71k,Mrs.,Metformin 500mg,photo_9e6aaf6d.jpg,161-26-8464,field_a -> field_b,WP-JP-563381,Mexico,U,anna.wright@acme.org,205766744,REC-136752,WP-FR-528471,sarah_robinson,Female
Finance,[CONFIDENTIAL] Formula #524,warn=6003,@robertjackson578,157.52,"4402 Maple Dr, Atlanta, MA 56503",806,yahoo.com,56472.3,/var/data/batch_215.parquet,740,South Bay,lindalee86,"Denver, Italy",110.13,staging.orders -> exports,voice_cdaef2b1f3215f38.wav,A operational definition of risk.,Other,Mixed,High,Linda,susan.miller@acme.org,fp_69f567ad64985493,2023-10-10T12:57:02Z,Diabetes Mellitus,40078,Escalated to management.,Mr.,+1-754-615-4578,24.1,name,Wright,"9768 Elm St, Austin, IL 91289",542,Eurostat,L38350461,photo_3a46f488.jpg,08-25-1991,Wright,IoT,aidenyoung@company.com,photo_ce53fa80.jpg,David,elizabeth.jones@outlook.com,United Kingdom,active,EMP48902,fp_e8fc0b6804a3d1c3,fp_cd8b8541f07d24f5,645.805.9141,Ms.,7ed253868a6967095359adde572465817d11f728d74aa14fca430cc337577959,docker run,+1-347-342-5449,"8600 Maple Dr, Phoenix, MA 99910",Figure 8: Overview,Mr.,Female,fp_2a1a45997fa62560,India,MA3282785,Mixed,harperanderson874,09-25-1973,voice_ff820d6843a93a62.wav,HOLD-2023-251,@jameslewis118,voice_edb670d905c75ce5.wav,7169792,Noah,3.96,Other,Asian,168-95-3461,Johnson,Other,Step 4: Verify the service.,Dr.,9.6975,WP-IN-651110,gRPC/protobuf,+13966623560,A operational definition of compliance.,Jessica,Brown,Miller,XXX-XX-3151,olivia.thompson349,Aiden Harris,R,false,Dallas,photo_947805dd.jpg,80.0,experimental,Quarterly Report 2023,voice_5ceaafda424c4e59.wav,Smith,Married,Great product!,dt=us-east,96-1743234,11/26,+86,Olivia,3244389,"$2,406,600","6483 Oak Ave, Tokyo, NC 40431",Prof.,approved,7614,fp_3bffb5f2342010ce,oliver.jones460,photo_113917fc.jpg,Paris,2021,Other,2026-02-06,"36.398024, -135.699925",QY8517,Divorced,"2003 Oak Ave, Berlin, PA 68308",voice_d9a135cebdf4ce73.wav,application/json,linda.thomas32@yahoo.com,"5961 Oak Ave, Toronto, NC 52013",2021,4706 shares @ $29.05,Single,Paris,0006-02-1994,photo_d55ed601.jpg,sess_cS3UmWCToQ72aH8E2CNKHVY2TxY1wupCEpQlU7RI,Prof.,Ibuprofen 200mg,photo_58760e23.jpg,390-70-3944,source_col -> target_col,WP-FR-712270,Italy,S,oliver_moore@example.com,099895706,9040161,WP-JP-396088,david_harris,Male
Finance,[CONFIDENTIAL] Formula #729,max=5235,@sarahlewis505,598.18,"9087 Main St, Boston, NY 22586",746,company.com,41032.9,/var/exports/daily_850.json,490,Downtown,linda.harris127,"Austin, Australia",51.7,raw.orders -> reports,voice_59431a1a591a5cfe.wav,A formal definition of risk.,Asian,Other,Medium,Sarah,robert.anderson@gmail.com,fp_56e4e485187168e9,2020-05-18 12:23:30,COVID-19,27974,Automated processing complete.,Dr.,+1-555-935-3341,5.3,created_at,Davis,"3067 Park Blvd, Sydney, NY 60290",541,Reuters,G53717981,photo_44edcbee.jpg,0004-07-1975,Thompson,Tablet,ethanmartin@yahoo.com,photo_6a94722f.jpg,Robert,olivia.martinez24@outlook.com,United Kingdom,approved,EMP98758,fp_bbf5d468c4f53837,fp_1d8a8db7e5371a5d,958.335.2390,Ms.,4b564486ae450a6f7d77014e1322a0e6f89d275d97de25711fb3fba7356a3f31,GET /api/users,+1-375-548-7350,"8436 Cedar Ln, Atlanta, TX 60162",Figure 1: Timeline,Prof.,Non-binary,fp_602f21b14e353bf0,Israel,CA7578901,White,aidenwhite642,09/26/1990,voice_156f27bb7afc5534.wav,HOLD-2022-151,@olivertaylor297,voice_8a2a982f2f34fa26.wav,7282516,Linda,3.33,Asian,White,XXX-XX-4614,Harris,Female,Step 5: Deploy the pipeline.,Ms.,7.3558,WP-BR-710686,OpenAPI 3.0,669 931 3026,A systematic definition of risk.,Sophia,Anderson,Young,632-99-7468,oliver_taylor26,Anna Martin,M,true,London,photo_3ef17361.jpg,58.6,stable,Executive Summary 2026,voice_c5640ecefc33218d.wav,Harris,Single,Needs improvement.,dt=acme,35-1934862,03/30,+55,Noah,ORD-482153,"$1,265,478","4478 Main St, London, TX 10958",Hon.,active,094,fp_9b42416d188b4d15,robertlewis90,photo_1fe83407.jpg,Houston,2009,White,2019-01-26,"16.545434, 8.275657",BO2919,Widowed,"6907 Pine Rd, Toronto, NC 18831",voice_11cd7d4f7496542f.wav,text/html,noah.young@acme.org,"1321 Maple Dr, San Francisco, MA 56356",2005,4500 shares @ $237.99,Widowed,Atlanta,0010-18-1952,photo_f78334ab.jpg,sess_fv9E2pqX1XN2pf1fvbkalk5fmdWwh20ylsOKBCav,Rev.,Omeprazole 20mg,photo_dc18577c.jpg,475-25-4770,input -> target_col,WP-JP-700022,United Kingdom,E,sarahthompson@example.com,787977568,1955540,WP-AU-799790,jennifer_williams,Other
Retail,[CONFIDENTIAL] Formula #466,crit=8960,@williammartinez652,128.62,"2307 Maple Dr, Sydney, GA 69388",397,outlook.com,44769.2,/var/data/export_366.yaml,464,East Side,susantaylor696,"Berlin, Brazil",224.55,staging.orders -> exports,voice_3f7ec34059c55468.wav,A formal definition of compliance.,White,White,Critical,Sophia,logan_jackson@gmail.com,fp_c899664d54a7f5e3,2020-05-19 10:40:45,Tuberculosis,18347,Escalated to management.,Prof.,+1-499-914-3109,96.5,id,Wright,"2411 Maple Dr, Austin, MA 74986",444,Bloomberg,X61889316,photo_704e7ca4.jpg,10-27-2006,Martin,IoT,jamesjackson@acme.org,photo_ec07f609.jpg,James,ethanrodriguez@gmail.com,Japan,completed,EMP46540,fp_c414e6b13e0a64ff,fp_2beda224814bc545,+15674357277,Ms.,ce47da27ccca81d962d6f5ae85b7263b4527c95331b9a261ba4be42e74945591,kubectl apply,+1-747-323-8209,"9352 Elm St, Sydney, TX 25253",Figure 20: Timeline,Hon.,Non-binary,fp_7f6ab9386a447563,Brazil,WA8571907,Black,lucas.johnson839,01/10/1979,voice_e55f2fe3505b0ed1.wav,HOLD-2020-619,@susanmartinez100,voice_cc72a51247cc0262.wav,2421887,Sarah,0.19,White,Mixed,104-91-7947,Martin,Other,Step 3: Verify the pipeline.,Rev.,5.1463,WP-DE-468478,REST/JSON,366.234.7579,A systematic definition of data quality.,Harper,Taylor,Rodriguez,XXX-XX-5074,william.jones705,Sophia Smith,B,true,New York,photo_a11ce7ae.jpg,94.5,deprecated,Annual Summary 2023,voice_d3c947e8edbf2c9b.wav,Williams,Single,Great product!,region=us-east,62-5759437,09/28,+49,Ethan,8428485,"$4,314,788","4083 Maple Dr, Paris, TX 61332",Prof.,failed,2130,fp_b88909ac430e2ffc,johnbrown598,photo_4b59ac2b.jpg,Berlin,2018,Other,2022-10-29,"30.125543, 166.463449",IJ3611,Married,"4120 Pine Rd, Phoenix, OH 86282",voice_6cfca6d9cdc1b028.wav,image/png,harperjohnson@outlook.com,"8869 Pine Rd, Tokyo, PA 70598",2015,1598 shares @ $18.69,Single,San Francisco,10/21/1985,photo_b53184ee.jpg,sess_Zak2B4ZkwA4UFDdRjYyd7Xp6C0RFx1cIr3HGab6q,Mrs.,Lisinopril 10mg,photo_3b533ec3.jpg,XXX-XX-9946,input -> output,WP-CA-802603,United States,G,oliver_garcia@gmail.com,898874444,4761270,WP-US-332455,jessica_rodriguez,Other
Education,[CONFIDENTIAL] Formula #448,warn=6317,@jenniferking239,734.78,"4585 Park Blvd, Sydney, CA 67439",730,gmail.com,97347.7,/var/uploads/export_367.yaml,473,Midtown,emily_taylor664,"Sydney, Japan",167.76,curated.events -> analytics,voice_4aacc05828526ea8.wav,A formal definition of data quality.,Mixed,Asian,Medium,Anna,sophia_king78@outlook.com,fp_70e7b8cf18c7b8be,2025-05-07 09:06:26,Influenza,47334,Updated per client request.,Hon.,+1-952-291-7334,16.9,created_at,Martin,"5568 Cedar Ln, Phoenix, CA 58545",614,Reuters,N74463646,photo_00e3b15d.jpg,05-05-1952,Moore,IoT,linda_walker@yahoo.com,photo_8cb793a0.jpg,Robert,patriciamoore@company.com,Norway,failed,EMP82889,fp_d52634622de9adf5,fp_55feb7d2c2465d10,(763) 592-4746,Mrs.,ce45e95dd6ecc6e63b58811b9f257f2445f911af6d6d00cab9dbc95e68445ac0,npm install,+1-872-363-2236,"6572 Park Blvd, Seattle, TX 23480",Figure 20: Overview,Dr.,Male,fp_25fe4080d600f46a,Norway,CO5515862,Asian,susanjones873,03/24/1977,voice_754c0722115f0d3c.wav,HOLD-2020-309,@oliviataylor784,voice_3a11222f71384bc2.wav,4790547,John,0.41,Asian,Asian,882-70-6553,Harris,Other,Step 3: Initialize the service.,Rev.,3.122,WP-CA-574147,REST/JSON,548.214.2753,A formal definition of data quality.,John,Smith,Martin,147-50-2696,jennifermiller992,Robert White,S,true,Chicago,photo_8a2a8071.jpg,13.8,stable,Technical Review 2026,voice_4f046dfc42df831a.wav,Jones,Single,Great product!,tenant=us-east,29-4693060,06/29,+1,Robert,8307467,"$6,636,495","4455 Cedar Ln, Berlin, NY 30041",Mrs.,pending,5567,fp_cbc90f303a715557,johnclark874,photo_6066bd82.jpg,Portland,1991,Mixed,2018-08-18,"-72.384225, 88.261128",EL4117,Married,"7810 Cedar Ln, Houston, GA 34618",voice_ade2855a4cec2a14.wav,text/html,olivia.williams@outlook.com,"297 Main St, Chicago, NY 63495",1991,1102 shares @ $218.42,Married,Atlanta,04-22-1953,photo_f2e78971.jpg,sess_ugTVCv4k6rFC5NPAdhJOnwOB3ejNcDDBqYIFWRCA,Mr.,Lisinopril 10mg,photo_fa0d42e9.jpg,660-80-8060,input -> output,WP-MX-347064,Australia,P,richard.harris@gmail.com,468124966,TXN-323627,WP-GB-201191,oliver_wright,Female
Technology,[CONFIDENTIAL] Formula #923,max=8610,@masonwhite528,404.03,"766 Main St, Portland, NY 32512",627,company.com,62568.3,/var/uploads/daily_716.parquet,775,Midtown,robert_garcia898,"Atlanta, Netherlands",343.54,curated.orders -> reports,voice_fa7e00eab6e1bbf8.wav,A operational definition of data quality.,Mixed,White,High,James,amyyoung@gmail.com,fp_6fbcf5703a131fbd,2018-10-01T21:36:03Z,Influenza,47016,Escalated to management.,Hon.,+1-643-643-4155,51.3,email,Wright,"1338 Cedar Ln, Miami, CO 77582",820,CDC,U57635002,photo_3ead028d.jpg,08-04-2002,Jackson,Smart TV,sarah.white32@acme.org,photo_b5ed87b9.jpg,Robert,robertmartin@example.com,United Kingdom,failed,EMP79874,fp_bee2964c5de3f6e3,fp_c275b916866ae59c,+17096491199,Rev.,eb9a5f0df4e39c44a6e0bb077575d3c465db9f32070f0e56fdb68d43918946e3,GET /api/users,+1-924-304-3338,"4902 Elm St, Austin, CA 86630",Figure 19: Timeline,Hon.,Male,fp_d008dc003d87cf1e,Italy,NC3721499,Black,jessicathomas49,03/02/1986,voice_cbe74cdcb2f38465.wav,HOLD-2022-221,@susanwalker137,voice_52f21ecc7fe2a1a7.wav,1443596,Liam,4.69,Other,Hispanic,167-17-3316,Rodriguez,Other,Step 4: Deploy the module.,Dr.,0.165,WP-AU-736527,REST/JSON,296-651-6561,A systematic definition of compliance.,Robert,Wright,Martin,649-13-4945,ethanwalker520,Logan K. Lee,G,false,Portland,photo_4fbd48d8.jpg,40.8,approved,Annual Report 2021,voice_ad8615f3f3835a5e.wav,Jones,Widowed,Needs improvement.,dt=us-east,15-3593928,05/27,+1,William,USR-430013,"$7,985,460","1788 Oak Ave, Boston, WA 43693",Rev.,failed,6672,fp_1056f66c117e2cbc,mary.robinson362,photo_44ac31d3.jpg,Chicago,2000,White,2024-03-01,"19.050633, -80.354699",EL6504,Divorced,"999 Park Blvd, Atlanta, FL 51329",voice_5dea3f9eb01b9296.wav,application/json,susanjackson@company.com,"2967 Cedar Ln, Denver, OH 46232",2000,1973 shares @ $385.27,Married,Houston,0011-07-1996,photo_1c2d1074.jpg,sess_HMMpcYYmi7sDyspi9Ef70Zycbq6iWMaQLb1JYohM,Prof.,Ibuprofen 200mg,photo_f9634a9b.jpg,835-53-8252,field_a -> field_b,WP-FR-157348,South Korea,R,lindamartin45@yahoo.com,821974733,ORD-651302,WP-AU-399272,james_smith,Female
Healthcare,[CONFIDENTIAL] Formula #304,crit=6648,@robertrodriguez933,247.17,"4947 Elm St, Denver, PA 31200",502,example.com,17882.0,/var/uploads/export_674.json,428,North Shore,william_thomas149,"Boston, Netherlands",21.69,staging.orders -> analytics,voice_a5fbd67cfc266e9e.wav,A systematic definition of risk.,White,Mixed,Negligible,Michael,ethanbrown@outlook.com,fp_54a9e0976344c05a,2025-03-23 03:38:05,Tuberculosis,49316,Pending verification.,Mr.,+1-989-473-9378,19.8,email,Robinson,"8173 Elm St, Houston, NC 78200",376,Reuters,R88012279,photo_be16fb93.jpg,08/22/1973,Wright,Tablet,noahthompson54@yahoo.com,photo_391305b8.jpg,Jennifer,sarahking@acme.org,Italy,active,EMP86520,fp_1a808d4b137c75e9,fp_f9700814534f4021,282-864-4947,Hon.,09e09c1e4718d9475906c462523ee5af3b4e852fea84b801c5b9631afbe59079,GET /api/users,+1-531-689-2682,"8049 Park Blvd, Dallas, PA 20006",Figure 7: Overview,Dr.,Male,fp_77efe00fa51cda28,United Kingdom,CO1402824,White,michael_king628,04/24/1951,voice_e59830f974da4b2c.wav,HOLD-2021-265,@noahrobinson201,voice_5674a59197fb0c18.wav,8323924,Jessica,3.2,Other,Mixed,437-29-4302,Walker,Male,Step 1: Configure the module.,Ms.,5.8746,WP-AU-545402,SOAP/XML,(364) 972-8612,A systematic definition of compliance.,Amy,Davis,Thomas,XXX-XX-9893,jessica.johnson828,Jessica Clark,A,false,Paris,photo_1b78bff1.jpg,63.9,high-priority,Quarterly Review 2020,voice_d42dfe5eadcf27cf.wav,King,Married,Great product!,region=us-east,35-4922113,08/24,+33,Liam,1815836,"$4,107,017","8841 Elm St, Houston, CO 71731",Ms.,rejected,225,fp_7066a6e2871149f5,susan_clark657,photo_0876c433.jpg,Sydney,2013,Mixed,2018-06-25,"63.245687, -112.712896",OW3613,Widowed,"9580 Cedar Ln, Chicago, CO 46694",voice_9ecd0d95f1c8b962.wav,text/html,oliver.wright@gmail.com,"9637 Elm St, Paris, IL 74735",2006,668 shares @ $24.71,Married,New York,0012-15-1999,photo_c614d6cf.jpg,sess_aWT12RbCbkrz51PvIE3FEHrkwSPSFZN2pTJy03vx,Ms.,Albuterol 90mcg,photo_af945c2f.jpg,843-34-7908,source_col -> field_b,WP-BR-234264,Japan,L,robertwilliams@outlook.com,602354322,USR-692700,WP-DE-557414,olivia_jones,Male
Finance,[CONFIDENTIAL] Formula #118,min=5643,@patriciayoung143,513.61,"2617 Main St, New York, IL 59203",597,company.com,58919.4,/var/tmp/batch_673.csv,807,Downtown,amy.davis367,"New York, Mexico",230.4,curated.orders -> exports,voice_7c48ba2c95caf075.wav,A systematic definition of risk.,Mixed,Other,Critical,Jessica,amy.brown@example.com,fp_e05f3ed1460a3fcd,2018-12-14T07:30:10Z,Influenza,35136,Pending verification.,Mrs.,+1-414-443-2440,49.8,type,Brown,"149 Maple Dr, Atlanta, WA 40181",540,Reuters,J87137724,photo_45acc567.jpg,01/07/2005,Lee,IoT,michael_robinson@gmail.com,photo_d03e564a.jpg,Lucas,oliviadavis@yahoo.com,Germany,completed,EMP54184,fp_2f2358ec7e75d234,fp_2009831d7e4e3bc4,+12087852827,Rev.,033aaed061d60e0c1b829109533d0a73e39bdfb17e8d7ff7489806362837ef20,docker run,+1-864-766-9041,"4729 Oak Ave, San Francisco, NC 45240",Figure 8: Distribution,Mr.,Other,fp_db6597589e52353f,Canada,CO4752924,Other,emma_young708,07-05-1944,voice_591f08dfb1c7ee7b.wav,HOLD-2021-238,@sophiaanderson384,voice_f10a4d55e612cfee.wav,1726712,Michael,8.05,Other,Asian,778-99-7752,Moore,Male,Step 5: Initialize the module.,Mr.,6.6384,WP-CA-451642,SOAP/XML,388-835-9494,A systematic definition of data quality.,Oliver,Martin,Lee,XXX-XX-4336,amy_thomas689,Richard Jones,B,false,Miami,photo_0a786411.jpg,33.9,experimental,Executive Report 2023,voice_01dbe9196811cd43.wav,Garcia,Married,Excellent service.,dt=us-east,16-2549176,08/26,+86,Ethan,5269725,"$1,625,184","7888 Pine Rd, San Francisco, CO 39975",Ms.,completed,940,fp_eb48700042689a2f,mason_lewis282,photo_47a79362.jpg,Sydney,1995,Black,2023-05-18,"-78.196574, -90.808143",GQ3854,Divorced,"8376 Oak Ave, Sydney, PA 21224",voice_cf88cee1dd819aab.wav,application/pdf,jessicadavis45@gmail.com,"5864 Park Blvd, Boston, IL 11729",2012,808 shares @ $196.74,Widowed,Seattle,0008-24-1990,photo_a8d98029.jpg,sess_H9Oa8l5scxtSABVB6Fp4aLjHmoZD2dvj8gFR9UgK,Mrs.,Ibuprofen 200mg,photo_2f690d9b.jpg,236-42-8343,field_a -> field_b,WP-US-833176,Italy,S,olivia.johnson@outlook.com,318981408,ORD-888412,WP-BR-940743,jennifer_young,Male
Healthcare,[CONFIDENTIAL] Formula #281,warn=2375,@liamgarcia545,855.52,"2883 Maple Dr, Toronto, NY 45795",563,yahoo.com,69874.7,/var/uploads/daily_952.xml,666,North Shore,liam.walker197,"Tokyo, India",236.37,curated.users -> exports,voice_c5a414efe5b49745.wav,A systematic definition of data quality.,Other,Hispanic,Critical,William,mason_garcia@yahoo.com,fp_3a3867fbc6a50af1,2019-05-15 03:05:12,Influenza,65673,Automated processing complete.,Ms.,+1-207-984-6482,6.4,created_at,Lewis,"6387 Main St, Berlin, OH 33426",800,Eurostat,C94994986,photo_5b1840f9.jpg,02/16/1985,Young,Tablet,johnbrown@example.com,photo_bf36cae0.jpg,William,anna_rodriguez@acme.org,Sweden,failed,EMP84694,fp_6f68ddc5e9f16756,fp_bf0350504c4c0907,519 335 1729,Ms.,4abd77871689a278dfe8eb87b6ea96484ed03c802192471e9918c0bc34a11da0,npm install,+1-268-400-3358,"4951 Oak Ave, Berlin, FL 43204",Figure 17: Overview,Ms.,Male,fp_bf97d17821398102,Israel,CO6323399,Hispanic,amybrown77,12/04/1985,voice_92526588cf648dcc.wav,HOLD-2026-437,@emilymartinez908,voice_aabddf71480d9d4b.wav,3771601,Jennifer,3.43,Black,White,XXX-XX-6543,Walker,Other,Step 4: Monitor the service.,Mr.,5.5813,WP-CA-314375,GraphQL,+15594613565,A systematic definition of data quality.,Sophia,King,Brown,871-12-1722,susanbrown659,Sarah F. Williams,R,false,Chicago,photo_218d1a8a.jpg,84.5,experimental,Quarterly Review 2025,voice_d7460ebd7d8474a7.wav,Brown,Divorced,Needs improvement.,tenant=us-east,16-1162455,10/24,+61,Mary,3639601,"$6,315,328","6157 Oak Ave, Tokyo, CO 92911",Dr.,active,7481,fp_c4da3c12c7c6ab56,liam.rodriguez814,photo_aef7923f.jpg,Phoenix,2021,White,2020-11-11,"42.355295, 91.363523",PB8589,Divorced,"3351 Main St, Los Angeles, GA 89750",voice_0f36b7aaa0eb80e4.wav,text/csv,sophia.thomas@example.com,"392 Oak Ave, Boston, TX 85377",2002,3577 shares @ $463.15,Widowed,Phoenix,09/24/2005,photo_9ca39d5a.jpg,sess_PNWxYJzl1l6y2nOmAXiWvmaYR3mpHEevAPZHJxD5,Hon.,Albuterol 90mcg,photo_bfca592c.jpg,589-49-5694,field_a -> output,WP-IN-560578,India,N,noah.jackson@gmail.com,088757187,8818825,WP-FR-290323,elizabeth_taylor,Non-binary
Finance,[CONFIDENTIAL] Formula #453,warn=3694,@williambrown833,660.78,"3603 Maple Dr, Austin, NC 78423",311,gmail.com,96255.1,/var/exports/batch_669.log,559,East Side,emma.miller992,"Sydney, Italy",76.64,curated.events -> analytics,voice_6af4e58bf48a0b0b.wav,A formal definition of data quality.,Mixed,Mixed,High,Emma,liamrobinson@acme.org,fp_31ef4930e3ab63b4,2024-02-21T14:41:46Z,Malaria,19887,Pending verification.,Mr.,+1-547-579-5888,87.4,email,King,"4682 Cedar Ln, Seattle, GA 15917",780,CDC,L35061500,photo_f664a64c.jpg,07/16/1941,Harris,IoT,williamsmith74@outlook.com,photo_49d9a9d2.jpg,Elizabeth,johnwright@example.com,Mexico,inactive,EMP19204,fp_7c90c339e4c11b72,fp_f9bfc12feecd663b,503-208-6478,Ms.,0704efee842af0f51216f8ef2632f3a20ba744e2d385fedd5a38213df2751d78,npm install,+1-478-291-9229,"7018 Park Blvd, Dallas, FL 79214",Figure 15: Comparison,Mrs.,Non-binary,fp_b659bd0e63794fae,Sweden,NC5310341,Black,logan_taylor718,04/03/1998,voice_ec1cce7298391929.wav,HOLD-2026-975,@loganjohnson228,voice_92466befbdd0583d.wav,651288,Michael,9.9,Black,Black,380-11-7290,Taylor,Non-binary,Step 5: Deploy the system.,Hon.,5.0779,WP-GB-455440,OpenAPI 3.0,(510) 791-7648,A systematic definition of risk.,James,Thompson,Taylor,717-25-8699,oliver.brown181,Mary Davis,I,false,Austin,photo_775b2c58.jpg,92.7,stable,Quarterly Report 2022,voice_9954168c98a583dc.wav,Lewis,Divorced,Average experience.,dt=us-east,47-7887051,03/26,+1,John,2849159,"$6,572,995","2765 Main St, Los Angeles, TX 68043",Prof.,inactive,1047,fp_29efc461e20d99da,aiden.rodriguez140,photo_d7bf1747.jpg,Toronto,2023,Black,2018-04-06,"6.961794, -111.075622",OS3859,Widowed,"475 Elm St, Toronto, GA 41646",voice_63d106f4447b6535.wav,application/xml,patriciathompson@acme.org,"9884 Elm St, Phoenix, GA 60333",2022,124 shares @ $407.0,Single,Portland,0006-05-1948,photo_b774a0c0.jpg,sess_Wns0FGlJxBm4bASkaeogWVrEyKO3GmXIs3FKpbbL,Mrs.,Lisinopril 10mg,photo_0ee7fd17.jpg,346-15-8276,field_a -> target_col,WP-MX-645803,Japan,W,aiden_harris@example.com,406482921,945705,WP-CA-550713,logan_robinson,Non-binary
Manufacturing,[CONFIDENTIAL] Formula #156,warn=7731,@jamesmartinez669,554.75,"291 Main St, Sydney, OH 75244",555,company.com,96842.0,/var/tmp/batch_463.log,650,Downtown,harperwright281,"Phoenix, Switzerland",157.76,curated.orders -> exports,voice_dff31a56f673bb15.wav,A formal definition of risk.,Other,Hispanic,High,Oliver,susan.anderson@outlook.com,fp_1b5b1523aadcb632,2025-06-13 20:40:25,COVID-19,20792,Reviewed and approved.,Prof.,+1-455-265-7762,41.7,email,Jones,"6335 Elm St, Berlin, OH 78090",492,Eurostat,K54808827,photo_4e7e2f8e.jpg,03/16/1979,Williams,Desktop,logan.walker2@example.com,photo_95fc9977.jpg,David,william_clark24@acme.org,Israel,inactive,EMP64777,fp_26e918034bdc7c38,fp_a0600e35f54f7ac9,+18145316696,Mrs.,d018470d9164771bc3e842289acfba2043af05731644c9c4fafcb450cc619a92,kubectl apply,+1-637-945-9734,"3537 Maple Dr, Atlanta, NY 23981",Figure 15: Distribution,Rev.,Non-binary,fp_1e530d75b5683cb4,South Korea,CO6812428,White,susan_williams37,09/15/1983,voice_6357a096b912f035.wav,HOLD-2025-293,@emilylewis938,voice_3d5407c2b23e3451.wav,2531058,Oliver,7.87,White,Other,XXX-XX-1953,Moore,Other,Step 1: Initialize the module.,Dr.,0.2759,WP-GB-651242,SOAP/XML,(240) 579-2588,A operational definition of risk.,Sarah,Smith,Brown,XXX-XX-1364,williamtaylor47,Aiden Miller,I,false,San Francisco,photo_7aeb7d87.jpg,97.1,experimental,Technical Report 2023,voice_bdb9314fda04a87a.wav,Garcia,Widowed,Needs improvement.,region=acme,31-3623729,02/28,+61,Michael,ORD-812851,"$1,463,225","6854 Cedar Ln, Chicago, MA 32760",Mrs.,failed,1226,fp_ac88b5e70ac4862b,olivia_miller797,photo_fe1b6cac.jpg,Phoenix,2014,Asian,2019-07-14,"-69.909985, -12.601243",YQ594,Single,"6411 Cedar Ln, Phoenix, NC 33442",voice_3fb171c35e1d42da.wav,application/json,olivia.johnson@acme.org,"7425 Maple Dr, New York, IL 38554",2025,999 shares @ $306.23,Widowed,Paris,04/27/2010,photo_895befc1.jpg,sess_DzeBsI6YQcJITDfztWcOF0S6A54VjKonfkRZxjGG,Mr.,Lisinopril 10mg,photo_2d1463be.jpg,XXX-XX-9290,source_col -> field_b,WP-JP-672794,Australia,R,amygarcia@acme.org,099849560,8010230,WP-AU-527077,emma_walker,Other
Finance,[CONFIDENTIAL] Formula #350,crit=5254,@liammartinez854,657.98,"2081 Pine Rd, Berlin, NY 31984",503,company.com,52584.6,/var/exports/daily_683.yaml,507,West End,sarahwalker543,"Miami, United States",144.9,raw.events -> exports,voice_f8fe6fddc1cad080.wav,A operational definition of risk.,Other,Asian,Medium,Emma,olivialewis@acme.org,fp_e0eefb7cb06e5078,2026-06-19T15:30:04Z,Malaria,43712,Needs follow-up next quarter.,Ms.,+1-248-959-2432,27.5,amount,Thompson,"4278 Pine Rd, Boston, TX 69756",678,CDC,C71000523,photo_d4bcaf38.jpg,05-28-1949,Jones,Tablet,susanwilliams66@example.com,photo_abb14972.jpg,Mason,logan.lewis@gmail.com,Germany,pending,EMP20180,fp_259e3bf9aae28483,fp_f8d3791043d7891b,(934) 793-7470,Rev.,32c7aa0be3c501a884c4a13a9e2b3540da0aad712068aa856779b9ff3e1da802,GET /api/users,+1-705-313-1329,"4085 Maple Dr, Denver, OH 62140",Figure 7: Timeline,Hon.,Female,fp_1de5316e6eac268c,Singapore,CO5186753,Hispanic,liambrown608,01/27/1983,voice_3361f78ece3f77ff.wav,HOLD-2023-855,@oliviajohnson268,voice_1261eba779be6a93.wav,4917398,Sophia,5.36,Asian,Asian,XXX-XX-8062,Davis,Female,Step 2: Deploy the pipeline.,Prof.,1.0121,WP-US-429646,SOAP/XML,222-928-3234,A systematic definition of data quality.,Aiden,Clark,Williams,610-36-3192,noahwilliams745,Oliver S. Williams,O,true,San Francisco,photo_66a12676.jpg,73.9,stable,Executive Report 2020,voice_78c92199b0b1d390.wav,Young,Widowed,Needs improvement.,region=us-east,27-9652229,09/29,+55,Aiden,6370738,"$351,768","6649 Elm St, London, NC 93282",Mr.,rejected,505,fp_af1fdfb879f6fd28,logan_clark175,photo_543a2ca8.jpg,Los Angeles,2002,Hispanic,2024-02-25,"28.734899, -122.157574",PO2634,Single,"9734 Park Blvd, Tokyo, OH 31511",voice_ddb893a1bf664fe2.wav,application/xml,emilygarcia@company.com,"2596 Park Blvd, Phoenix, GA 90425",2006,1239 shares @ $84.22,Divorced,Boston,07/22/1969,photo_ab276d6f.jpg,sess_JaNz9HvsXpPP96zVaIeWMDmU52eFeGv1RxMfX3Fd,Dr.,Ibuprofen 200mg,photo_f60b0a77.jpg,747-49-1468,input -> target_col,WP-BR-653970,Norway,R,aiden_johnson86@yahoo.com,869436487,8276207,WP-FR-661431,susan_johnson,Female
Energy,[CONFIDENTIAL] Formula #862,min=6128,@harperjones110,639.05,"9710 Park Blvd, Los Angeles, NY 15122",576,gmail.com,38029.9,/var/config/export_470.csv,653,South Bay,emily_robinson958,"Dallas, South Korea",318.37,curated.events -> exports,voice_e6c4fa50ddcc63d1.wav,A formal definition of data quality.,Hispanic,Other,Medium,Aiden,michael_young@gmail.com,fp_654bcfbe46bb2ce6,2020-12-06T05:12:01Z,COVID-19,66194,Pending verification.,Mrs.,+1-613-471-4637,88.2,amount,Jones,"4445 Pine Rd, London, MA 96207",676,CDC,A22733377,photo_33d7b15d.jpg,12-03-1946,Jones,IoT,liam_king@acme.org,photo_e9e69b04.jpg,Mary,lindawalker@example.com,Italy,inactive,EMP68984,fp_b2c80b4c6c0caa46,fp_1ed4b24a15e09919,701 960 8364,Prof.,1a19ac1387b794c7d16e557cefd7425938bac8cd7723932401c6241807aafdad,kubectl apply,+1-587-350-2968,"6240 Park Blvd, Los Angeles, PA 48247",Figure 7: Distribution,Prof.,Non-binary,fp_0a996ae14ff74b84,Sweden,NC4786939,Black,logan_taylor566,0011-09-2010,voice_e2a1200dfdd48f28.wav,HOLD-2021-402,@maryjohnson128,voice_9bd04c101cc27dd3.wav,8194330,Mary,0.26,Hispanic,Black,298-53-4764,Williams,Female,Step 3: Configure the service.,Prof.,7.5423,WP-IN-794862,GraphQL,395 723 4765,A formal definition of compliance.,Robert,Davis,Williams,XXX-XX-1291,michaelking358,David Rodriguez,M,true,Denver,photo_d3edf8b2.jpg,10.1,approved,Quarterly Review 2022,voice_9cb09a8212aab18e.wav,Williams,Single,Great product!,dt=us-east,68-4834241,09/30,+49,Mason,6463655,"$5,321,170","6344 Pine Rd, Portland, OH 74695",Prof.,pending,388,fp_ecada43dc622442b,robertrodriguez930,photo_09e492c6.jpg,New York,1997,White,2023-08-06,"41.610235, 90.588872",YK5903,Widowed,"1782 Oak Ave, Phoenix, CA 30350",voice_6135e21975f71ceb.wav,application/json,susan_lewis@example.com,"872 Pine Rd, Berlin, CO 70799",2009,1588 shares @ $47.26,Divorced,Atlanta,0011-21-1971,photo_a81608a9.jpg,sess_n9KL1HWvq5sA0gYb4NBsiddCjucIMB96peqlIkb5,Mr.,Ibuprofen 200mg,photo_e6b4ae34.jpg,337-46-9460,field_a -> output,WP-DE-889722,Mexico,O,elizabeth.martin41@outlook.com,770584994,9252582,WP-FR-851060,mason_white,Non-binary
Manufacturing,[CONFIDENTIAL] Formula #988,warn=1768,@maryjackson540,446.65,"9419 Main St, San Francisco, CO 98421",749,acme.org,77449.8,/var/logs/daily_885.csv,737,West End,logan.lee924,"Tokyo, Italy",138.47,raw.users -> analytics,voice_3caabd5d2f7ef794.wav,A formal definition of compliance.,Black,White,Medium,Sarah,robert.thomas57@company.com,fp_9547fc21db3b5ab7,2021-05-10 07:13:28,Malaria,3487,Updated per client request.,Hon.,+1-774-274-2666,47.9,id,Johnson,"7375 Oak Ave, Atlanta, MA 39128",807,Reuters,H46729421,photo_83a43dbd.jpg,0001-05-1982,Johnson,Tablet,richard.walker@yahoo.com,photo_5ec0227a.jpg,William,patricia.thomas@company.com,Norway,completed,EMP79213,fp_cec4c595acedfb33,fp_30ae4e7dc0e0753c,364-665-1480,Mrs.,7100b1f04057e4659c5cd97deaf2efe0a0555d4792d925993fe463fc342aaf75,docker run,+1-784-926-3698,"1252 Elm St, Sydney, CO 97984",Figure 1: Overview,Dr.,Non-binary,fp_74503ae03a0afcd9,Switzerland,MA2549850,Asian,anna.lee446,06-25-1948,voice_e05ff3663d13f7c1.wav,HOLD-2022-568,@sophiarodriguez749,voice_15ca7c0e92b8c4a7.wav,4932078,Anna,1.21,Black,Black,350-98-2263,Martinez,Female,Step 4: Verify the module.,Ms.,0.9408,WP-AU-197648,gRPC/protobuf,292-341-5406,A operational definition of risk.,Amy,Taylor,Robinson,633-64-9512,oliviadavis655,Logan Williams,J,true,Paris,photo_6d201865.jpg,26.8,experimental,Executive Review 2024,voice_741217fbcf30ee40.wav,Harris,Married,Great product!,region=us-east,24-9573652,01/26,+81,James,9584660,"$8,649,406","1361 Elm St, London, IL 87943",Mrs.,cancelled,458,fp_607f1a40a7b9bead,harper.thomas711,photo_dccf7bc8.jpg,Paris,2001,Black,2026-05-03,"49.921835, -135.347918",RU1477,Divorced,"5710 Maple Dr, Austin, FL 20264",voice_4f28265491736f06.wav,text/csv,sarah_lee@acme.org,"2125 Main St, Phoenix, TX 54435",1992,3868 shares @ $290.27,Divorced,Berlin,0004-19-1995,photo_dbad2225.jpg,sess_8heMbabPxx4G88XBb060Ecj6gI2PBTdDzfYZchyK,Hon.,Lisinopril 10mg,photo_6b34f985.jpg,XXX-XX-6611,source_col -> field_b,WP-BR-493309,Israel,A,michaelthomas@yahoo.com,542766317,ORD-604014,WP-JP-711587,lucas_brown,Male
Manufacturing,[CONFIDENTIAL] Formula #750,warn=2890,@sophiajackson490,589.61,"357 Pine Rd, Atlanta, IL 86790",828,example.com,20265.1,/var/data/export_48.json,770,Downtown,harper_miller389,"Miami, Mexico",115.03,raw.users -> analytics,voice_c526c4dddda47162.wav,A operational definition of risk.,White,Mixed,Medium,Emily,emmadavis@company.com,fp_2e0f06d3722c300c,2021-09-01T12:49:10Z,Influenza,71824,Reviewed and approved.,Dr.,+1-622-409-6222,28.9,type,Smith,"9638 Oak Ave, Portland, IL 79901",512,Eurostat,B38911997,photo_335b4755.jpg,0006-04-1954,Clark,Smart TV,patriciawilliams@company.com,photo_e05049cd.jpg,Aiden,logan.jackson@acme.org,Australia,rejected,EMP83529,fp_b167f176f3b9566b,fp_c179e13243e6f2b5,(512) 462-5240,Mrs.,eb7965616ba9302fe5f458dd2221664da75c3f650e47597524b83508c74daa17,npm install,+1-229-825-8775,"6084 Pine Rd, London, MA 54553",Figure 3: Overview,Ms.,Male,fp_b2b063c66852d02c,Canada,FL3223740,Other,robertmartinez378,03-03-1963,voice_6a9430caab4067f1.wav,HOLD-2022-337,@oliverrodriguez769,voice_51be1c22f4087445.wav,5757572,Mary,5.79,White,Other,155-17-2046,Anderson,Other,Step 3: Verify the pipeline.,Mr.,5.2117,WP-DE-808674,gRPC/protobuf,389.973.1360,A systematic definition of compliance.,Linda,Jackson,Williams,XXX-XX-7462,noahwhite658,Olivia Brown,O,true,Boston,photo_f44409c5.jpg,99.7,needs-review,Quarterly Summary 2024,voice_297ca4550d3d5502.wav,Anderson,Married,Average experience.,region=2024-01,75-8135489,10/29,+1,Linda,310240,"$4,545,544","4827 Park Blvd, Portland, NC 93073",Dr.,rejected,110,fp_c132f20ea81a82f9,david_miller27,photo_53b0e5de.jpg,Atlanta,1992,Asian,2020-05-13,"-16.167596, 34.486767",MC4400,Widowed,"3105 Pine Rd, Miami, NY 38277",voice_b99fe11fde893be2.wav,application/json,patricia.anderson66@outlook.com,"2870 Main St, Berlin, CO 21134",2010,4292 shares @ $176.9,Married,Paris,09-25-1991,photo_c59287bb.jpg,sess_v0zw5AarxhdIQILIjJvlal4YO4JTMvKmeXZA6APR,Rev.,Ibuprofen 200mg,photo_4993721b.jpg,127-89-2300,field_a -> target_col,WP-JP-680983,Australia,W,aidenwright@company.com,301289918,TXN-131404,WP-JP-268999,noah_clark,Non-binary
Education,[CONFIDENTIAL] Formula #172,max=9018,@patriciamartinez201,879.13,"4143 Main St, Atlanta, IL 60306",457,yahoo.com,84639.7,/var/logs/batch_456.csv,372,East Side,lucas_taylor195,"Sydney, India",235.61,curated.users -> exports,voice_fb2a5123a3ae0069.wav,A formal definition of risk.,Hispanic,Black,High,Jennifer,liam_johnson32@example.com,fp_f91db9aeaf3a8d68,2025-11-03T00:53:18Z,Influenza,48229,Resolved — no further action.,Prof.,+1-538-393-9661,93.3,amount,Harris,"1662 Main St, Berlin, FL 81740",535,Reuters,S79956850,photo_a6ee139c.jpg,12-04-1969,Williams,Mobile,jennifer_walker@acme.org,photo_bbcf98d7.jpg,David,richard.davis79@acme.org,Germany,cancelled,EMP50934,fp_09c4b3ff64753ad5,fp_1c24653832eacc59,+16057197565,Ms.,ff4ffb9f818dcfd78e298543d44e2a47c1069295953d60beb006d27167a0ebf2,POST /api/orders,+1-968-729-9179,"7944 Pine Rd, Boston, FL 71145",Figure 4: Timeline,Hon.,Non-binary,fp_63d2e7556122ccc3,Mexico,NY3784977,Asian,emilylewis709,04/05/1980,voice_368ef4f30dc4a336.wav,HOLD-2023-541,@liammoore893,voice_2c3d492254bca912.wav,4264248,Harper,0.26,Asian,Other,XXX-XX-9090,King,Male,Step 4: Deploy the system.,Ms.,1.3419,WP-BR-287953,OpenAPI 3.0,430.564.5882,A formal definition of compliance.,Emily,Taylor,Robinson,XXX-XX-1408,david.martinez791,Robert G. Johnson,J,false,Chicago,photo_c32b7087.jpg,64.1,experimental,Executive Report 2023,voice_62979a381b42f1ed.wav,Taylor,Divorced,Excellent service.,region=us-east,11-9071271,07/29,+33,Robert,87790,"$6,379,038","8490 Main St, Houston, OH 77977",Hon.,failed,739,fp_8869bc9cb3f3aa0f,linda_williams103,photo_13578795.jpg,Sydney,1994,Black,2022-09-06,"1.583411, 87.027416",OL6674,Divorced,"3524 Oak Ave, Phoenix, PA 55281",voice_879827a87ad1247d.wav,application/xml,amy_thompson@company.com,"9730 Pine Rd, Seattle, CO 43083",2007,2438 shares @ $198.19,Married,Miami,0005-26-1943,photo_51b69f79.jpg,sess_ZMVVHSHIpCbnM8o7SiQmBbhKa3tpdecHsQsZ9lJk,Dr.,Metformin 500mg,photo_3d4d564a.jpg,XXX-XX-9895,source_col -> target_col,WP-BR-875031,Mexico,P,noah.rodriguez37@yahoo.com,687963028,TXN-244011,WP-IN-734057,james_martin,Other
Energy,[CONFIDENTIAL] Formula #746,min=504,@richardrodriguez58,56.32,"4694 Cedar Ln, New York, MA 15877",721,example.com,85287.3,/var/logs/daily_789.xml,792,West End,olivia.davis517,"London, Australia",323.36,staging.users -> exports,voice_9512736cee58bcc0.wav,A systematic definition of data quality.,Other,Other,Low,Lucas,logan_martinez87@company.com,fp_5b31ffde1eba4c0f,2019-04-19 17:18:51,Influenza,26728,Automated processing complete.,Ms.,+1-364-356-8522,29.2,email,Lewis,"1839 Cedar Ln, Phoenix, CA 18928",739,Eurostat,P54271738,photo_0625b7b2.jpg,10-17-1949,Walker,Wearable,amy_martinez73@yahoo.com,photo_b4912aef.jpg,James,patricia.rodriguez@yahoo.com,Sweden,rejected,EMP82921,fp_501122bacd93bae4,fp_aa10e52f9da9c3dd,+12667051514,Prof.,82fbdb52ed9b4aa4a2d39b067432edef0917b1bcec2d0779aa6a496020b4db03,npm install,+1-769-854-5440,"5575 Cedar Ln, London, CA 58822",Figure 3: Timeline,Mrs.,Female,fp_9ee6e0120407e7e6,Canada,NY4555898,Hispanic,liam_smith260,07/09/1941,voice_9851ed9de7b515cb.wav,HOLD-2020-884,@olivialee216,voice_6a0fc554490514fc.wav,7861558,Oliver,7.83,Mixed,Black,682-84-9795,White,Female,Step 3: Verify the module.,Dr.,0.7798,WP-GB-837738,gRPC/protobuf,626.320.2490,A systematic definition of compliance.,Liam,Thompson,Moore,348-90-1415,susan.taylor769,Richard R. Martin,W,false,Tokyo,photo_685e5d68.jpg,81.4,deprecated,Quarterly Analysis 2023,voice_c3f4ea11f578c638.wav,Moore,Married,Not recommended.,tenant=2024-01,88-1116475,11/30,+49,Aiden,4765676,"$3,135,526","1420 Elm St, Phoenix, NC 40984",Hon.,cancelled,9617,fp_6d8b79847c5dd748,emily.williams176,photo_13fa394d.jpg,Chicago,2021,Mixed,2025-06-18,"-47.489564, 163.625601",DH1204,Married,"5529 Maple Dr, Dallas, TX 58700",voice_c330d1245225ef5e.wav,text/html,oliver_walker@outlook.com,"6191 Maple Dr, Los Angeles, IL 31305",2004,4588 shares @ $404.35,Single,Sydney,0003-25-1957,photo_81dd8427.jpg,sess_4pq9VkapI3so1e3tZggw4o5IxuZgCp9pP42ZDnVi,Rev.,Lisinopril 10mg,photo_dbf6832b.jpg,XXX-XX-2034,input -> output,WP-IN-285571,Norway,G,masonanderson@yahoo.com,511003935,2800878,WP-CA-811552,elizabeth_harris,Female
Energy,[CONFIDENTIAL] Formula #282,warn=2642,@jamesrobinson927,107.22,"8013 Pine Rd, Dallas, CO 67942",750,yahoo.com,85322.4,/var/uploads/daily_691.yaml,607,West End,anna_clark967,"Phoenix, Sweden",326.0,raw.users -> reports,voice_afcffacd9b9ffb18.wav,A systematic definition of data quality.,Asian,Mixed,Critical,Emily,oliver.martinez@gmail.com,fp_a5ca65098afeecbc,2021-08-13 23:22:30,Tuberculosis,33315,Escalated to management.,Ms.,+1-896-538-1300,25.3,id,Thompson,"6995 Maple Dr, Paris, CO 47507",626,CDC,K57893110,photo_591c9604.jpg,06-05-1997,Brown,Smart TV,mason.lewis@example.com,photo_ed4b3524.jpg,Susan,harperwalker@company.com,Japan,active,EMP47872,fp_895f16e675910348,fp_612c272e21a9dbcf,268-538-9433,Mr.,21013555636708ca88d2610a5b3e1afa3e78185c287578fa5af593cb966d40bc,kubectl apply,+1-437-518-6491,"5428 Oak Ave, Chicago, WA 48014",Figure 19: Timeline,Dr.,Non-binary,fp_07be51807e38a331,Israel,NC5445092,Hispanic,jennifer.jackson754,02/06/1968,voice_e731cd5b61e2e265.wav,HOLD-2023-756,@lindajones366,voice_fcdcb1c0afd4b03c.wav,8163182,James,2.96,Hispanic,Black,XXX-XX-4036,Brown,Non-binary,Step 5: Monitor the service.,Hon.,4.3271,WP-GB-840668,SOAP/XML,337.641.9854,A formal definition of risk.,Noah,Rodriguez,White,696-31-1237,jessicayoung172,Mason Johnson,A,false,New York,photo_7bd7ac9c.jpg,3.8,approved,Annual Analysis 2024,voice_e81e2fc410d6cf7d.wav,Rodriguez,Single,Needs improvement.,tenant=us-east,13-6146038,11/30,+61,Emily,ID-625670,"$2,432,072","7772 Maple Dr, Portland, NC 99826",Hon.,failed,672,fp_09f725887c871218,noah.robinson627,photo_c02f7bc5.jpg,Atlanta,2022,Black,2022-05-16,"0.941179, -118.570032",ZM5973,Married,"6189 Elm St, Boston, CA 74248",voice_e4d7d404ec576607.wav,application/xml,susan.johnson57@company.com,"6323 Park Blvd, Houston, WA 50725",2008,4962 shares @ $317.59,Single,Chicago,03-28-2006,photo_136be992.jpg,sess_Sx1QHGxLNwheqGfH4RaGrmFZ9WcFF97VD1NI0tw8,Mr.,Albuterol 90mcg,photo_0f0dac12.jpg,741-66-2578,source_col -> output,WP-CA-669331,Italy,S,susan_robinson@acme.org,351973358,9309985,WP-DE-591641,noah_smith,Non-binary
Healthcare,[CONFIDENTIAL] Formula #582,max=2752,@olivialewis535,53.73,"7279 Main St, Denver, PA 55915",417,outlook.com,90048.1,/var/exports/daily_722.log,770,North Shore,noah.king955,"Portland, Spain",331.05,staging.events -> reports,voice_081accae0433a517.wav,A operational definition of compliance.,Hispanic,Asian,High,Michael,michael.walker@acme.org,fp_a4f2aed2344366b0,2020-10-18 13:44:27,Malaria,51703,Needs follow-up next quarter.,Prof.,+1-858-304-5486,32.1,type,Martin,"1849 Park Blvd, New York, NC 90516",471,Bloomberg,O91209883,photo_60944ffb.jpg,07-16-1986,Smith,Smart TV,olivia_williams@yahoo.com,photo_a0ee0db9.jpg,James,susan_wright37@outlook.com,Switzerland,failed,EMP15349,fp_5fa50efd4b89f799,fp_7922baf8e6e8db00,573.636.9496,Hon.,ae1915946f2850e47e56471bf1f33120c29d52a2fd4679b3c21267e05192996d,GET /api/users,+1-317-444-5015,"6918 Elm St, Sydney, GA 75289",Figure 7: Timeline,Ms.,Male,fp_df8f091bac116dec,Israel,OH9336543,Hispanic,emily_johnson754,10-13-1968,voice_ee96acfc16559dc8.wav,HOLD-2025-374,@ethanjackson28,voice_b86f022b226834ee.wav,3454383,Liam,4.79,Black,White,XXX-XX-8734,Garcia,Female,Step 4: Initialize the pipeline.,Dr.,9.4571,WP-MX-311109,gRPC/protobuf,966-690-3593,A systematic definition of data quality.,Patricia,Walker,Wright,561-10-5796,sarah_thomas559,Lucas Thompson,V,false,New York,photo_992be582.jpg,97.2,stable,Quarterly Analysis 2022,voice_17c2ef45724a9ffd.wav,King,Single,Needs improvement.,dt=us-east,80-6491525,06/26,+49,James,2795996,"$6,525,518","8441 Pine Rd, Atlanta, CA 88258",Mr.,failed,249,fp_21e628cffb245d36,amylewis900,photo_e40de6f2.jpg,Portland,2002,White,2023-11-29,"-56.181521, -172.730354",YV945,Married,"4505 Pine Rd, Boston, NY 14124",voice_62af11a59914d92f.wav,text/csv,susanyoung@company.com,"654 Cedar Ln, Chicago, FL 64730",2026,3314 shares @ $268.08,Married,Boston,03/13/1968,photo_4f335348.jpg,sess_ocOE2iYJuCPSRNrZicxAWrLgi2sEvVCc8oa5luYI,Ms.,Metformin 500mg,photo_f0a1b0f8.jpg,531-15-8948,field_a -> output,WP-GB-949589,Australia,N,jennifer_wright@gmail.com,303052127,USR-354199,WP-GB-760507,aiden_garcia,Other
Healthcare,[CONFIDENTIAL] Formula #353,max=2825,@davidharris729,836.51,"2147 Maple Dr, London, CO 20003",713,gmail.com,64128.7,/var/uploads/daily_157.json,681,Midtown,elizabeth_lewis705,"Sydney, United Kingdom",65.68,curated.users -> analytics,voice_b14a3e4d02b4590e.wav,A formal definition of risk.,Other,Hispanic,Negligible,Ethan,david.jackson@example.com,fp_b30f803c98cd3931,2018-04-24T20:00:18Z,Diabetes Mellitus,35483,Automated processing complete.,Prof.,+1-712-209-9467,60.8,amount,King,"6139 Park Blvd, Berlin, FL 47869",726,Bloomberg,Z98545436,photo_3b4cc7c5.jpg,02-06-1949,King,Mobile,harper_rodriguez@example.com,photo_7dbb3a31.jpg,Ethan,susan.davis13@acme.org,Mexico,active,EMP19101,fp_96f103965ffcde01,fp_09b5c55fe9534c35,297.542.8248,Mrs.,255ee669b85bc71c89b7ab47186068b0abf0673f0d0c592d95766221a2d7dc4c,POST /api/orders,+1-907-780-5589,"5117 Oak Ave, Los Angeles, GA 11606",Figure 4: Timeline,Prof.,Female,fp_0e62031eb42d50f3,India,TX6302901,Hispanic,jessica.anderson860,12-06-1971,voice_af4104a5d17af526.wav,HOLD-2026-509,@emilywhite119,voice_29139e5ecfc086ae.wav,6216813,William,8.17,Other,Mixed,429-83-5235,Jones,Female,Step 5: Verify the system.,Mrs.,7.0159,WP-IN-205088,OpenAPI 3.0,621.449.5413,A operational definition of data quality.,Susan,Williams,Jones,314-62-4390,michael_taylor172,Elizabeth Z. Garcia,Y,false,Paris,photo_7c050d2a.jpg,92.1,stable,Executive Analysis 2024,voice_103e7921ff85e995.wav,Miller,Married,Great product!,region=us-east,74-9123664,02/24,+33,Jessica,8362711,"$197,513","8216 Park Blvd, Sydney, MA 93768",Rev.,rejected,774,fp_da652e774a94d26a,sophia_walker12,photo_d171556e.jpg,Paris,2016,Asian,2019-11-16,"-73.369768, 23.617266",PB3847,Divorced,"5995 Park Blvd, Austin, NC 73775",voice_1f6ea6b1d1313419.wav,application/json,annamartinez@gmail.com,"9305 Park Blvd, Berlin, OH 90842",1991,4313 shares @ $74.18,Married,Toronto,12-09-1997,photo_d9295181.jpg,sess_LRIj5bWQYBFTTjhHFIcxFx0hkyV9Wx2vxgXFrEwR,Rev.,Omeprazole 20mg,photo_1aa79e82.jpg,300-16-4985,field_a -> field_b,WP-US-158280,India,D,loganwhite@gmail.com,667750731,ORD-121473,WP-MX-685037,aiden_rodriguez,Other
Education,[CONFIDENTIAL] Formula #292,min=8279,@ethansmith729,237.88,"7315 Elm St, Chicago, CA 51118",501,yahoo.com,65542.3,/var/exports/batch_727.json,538,Downtown,harperclark449,"Boston, Italy",234.91,curated.orders -> analytics,voice_aed9dd6b29916450.wav,A systematic definition of risk.,Other,Mixed,Low,Logan,william.moore@acme.org,fp_ffb267057b3c3439,2019-09-07T23:13:23Z,Malaria,84132,Resolved — no further action.,Hon.,+1-326-402-2677,67.8,type,Jackson,"2756 Main St, London, PA 81271",330,CDC,C37312195,photo_0bfaecef.jpg,12-02-1963,Jones,Tablet,jamesjones@acme.org,photo_fffed35b.jpg,Mary,anna.miller@yahoo.com,Switzerland,approved,EMP46866,fp_a9277e4917fcf5e5,fp_b6765ad7e3530132,(666) 850-6891,Ms.,41d3de9f21c0dc357ec5095ba5b4fea5073358b9efa71cf0b9d53b8b0fcd1a4a,POST /api/orders,+1-749-424-9148,"5721 Pine Rd, Dallas, TX 66539",Figure 5: Timeline,Ms.,Other,fp_8aa433b3cbdf9e51,India,TX1655864,Hispanic,jessica_anderson300,05/21/2008,voice_37cab9fd73c8be33.wav,HOLD-2023-204,@richardthomas976,voice_ebc2594f51eba8e9.wav,3054825,James,3.16,White,Asian,XXX-XX-2411,Garcia,Male,Step 1: Initialize the service.,Prof.,4.0181,WP-AU-177846,REST/JSON,+13436051152,A systematic definition of compliance.,Richard,Moore,Martinez,XXX-XX-5431,patricia.harris235,Patricia King,V,false,Houston,photo_074e8805.jpg,51.9,high-priority,Quarterly Report 2024,voice_aacbaa150a6e17e5.wav,Garcia,Widowed,Average experience.,region=2024-01,16-2579120,08/27,+91,Robert,ID-546236,"$3,653,114","3149 Pine Rd, Seattle, OH 20044",Hon.,approved,1868,fp_8270e94d5a83f39b,susan.clark683,photo_6ef89b96.jpg,Miami,2013,Mixed,2025-05-12,"-63.295877, -117.649223",XV9635,Married,"1205 Maple Dr, Tokyo, GA 78306",voice_a8e3e3262cf3c1ed.wav,text/html,patriciawilliams64@yahoo.com,"436 Elm St, Denver, CA 30098",1991,3110 shares @ $112.43,Divorced,Phoenix,0006-26-1974,photo_c02e140c.jpg,sess_YSG9Fo4e1Ow9FEm6wACYcySnfLyUz5XlSILRz07G,Hon.,Ibuprofen 200mg,photo_4f220efb.jpg,XXX-XX-7646,source_col -> target_col,WP-AU-878724,Brazil,Z,amy_thomas63@yahoo.com,046490456,TXN-361833,WP-BR-448166,anna_robinson,Male
Retail,[CONFIDENTIAL] Formula #360,max=5309,@harperclark511,893.84,"257 Pine Rd, San Francisco, WA 34573",524,example.com,71429.8,/var/logs/daily_44.xml,395,Midtown,emily.clark799,"San Francisco, South Korea",27.77,staging.events -> analytics,voice_818841c4471009d6.wav,A formal definition of data quality.,Asian,Mixed,Negligible,Ethan,jennifer_jones@example.com,fp_6e052b665dd3d480,2018-03-17 04:47:30,Tuberculosis,89066,Flagged for review.,Mrs.,+1-321-816-9341,34.4,email,King,"6990 Oak Ave, Los Angeles, NY 61296",468,Census Bureau,B97269908,photo_70565cc8.jpg,03-04-2000,Jackson,Tablet,liam_walker@outlook.com,photo_286fba60.jpg,Harper,ethan_martin@outlook.com,Netherlands,cancelled,EMP64846,fp_887be56532a237ae,fp_70b7f5bec846b95c,+19638332188,Dr.,dcbb02353805fbe3f2130e5c6a7a4d6c11247a8b946db2b3245d4bba4c43508d,docker run,+1-216-465-2008,"5039 Main St, San Francisco, FL 21879",Figure 4: Distribution,Hon.,Male,fp_8552fe44ca3a416a,Norway,MA6358396,Hispanic,emily_young579,04-05-1986,voice_d09dcaa5b9ae1410.wav,HOLD-2025-140,@annawilliams377,voice_acac01315a1b9ced.wav,4099315,Jennifer,5.04,White,Hispanic,XXX-XX-5120,Young,Female,Step 2: Deploy the system.,Ms.,1.0942,WP-GB-526851,OpenAPI 3.0,654.224.2733,A formal definition of data quality.,Sarah,Young,Miller,XXX-XX-9858,anna_williams39,Sophia Young,C,false,Sydney,photo_fe3625b0.jpg,90.3,approved,Annual Analysis 2021,voice_2c6b8a0a9d68b82a.wav,Lee,Single,Excellent service.,dt=us-east,37-6630447,01/29,+86,Jessica,ID-792279,"$6,015,868","7090 Maple Dr, Atlanta, CA 21651",Mr.,cancelled,7750,fp_1a9ea8a68378f27e,aidenwilliams977,photo_abeb256f.jpg,Portland,1999,Asian,2019-11-10,"13.975849, 57.973257",WP7752,Single,"5324 Maple Dr, Houston, MA 58654",voice_066f8352191686f8.wav,application/json,william.jones@acme.org,"6179 Maple Dr, Dallas, TX 17986",1999,742 shares @ $458.55,Widowed,Sydney,01/13/1987,photo_87ab9b71.jpg,sess_blpD5KuVqgW7wjAEuDakUEW3fGrHV296idWfm1Mw,Prof.,Ibuprofen 200mg,photo_2e2be9ed.jpg,841-82-3981,input -> field_b,WP-GB-429698,Switzerland,W,liam_jones15@yahoo.com,130447701,USR-874296,WP-MX-493250,emma_white,Female
Finance,[CONFIDENTIAL] Formula #215,max=9895,@loganmartin189,47.09,"1355 Park Blvd, Portland, CA 61728",702,gmail.com,19821.7,/var/uploads/export_828.yaml,339,South Bay,jenniferking604,"Portland, Israel",283.94,staging.orders -> reports,voice_6ea730ac3e3a61cf.wav,A systematic definition of risk.,White,Hispanic,Critical,Sophia,mary_garcia@example.com,fp_2d6765f07ad5394d,2019-12-07T09:56:46Z,COVID-19,7283,Reviewed and approved.,Mr.,+1-631-532-2380,24.4,created_at,Moore,"9527 Pine Rd, New York, WA 24420",622,Census Bureau,X35942636,photo_2dcffa8b.jpg,0003-16-1968,Robinson,IoT,noahdavis@yahoo.com,photo_8872551c.jpg,Jennifer,oliver.king62@yahoo.com,Australia,failed,EMP52289,fp_496d5034af394687,fp_eec9911f38ca1c03,(718) 575-7676,Ms.,b7a9c5ae4a560713ff5ecc16b7ebc7f07ee9502247a0d7c47989924eb22bf9c8,GET /api/users,+1-539-807-1643,"6710 Oak Ave, Paris, TX 23331",Figure 15: Distribution,Dr.,Other,fp_24c477e2034f122a,Australia,OH7712910,Mixed,sophia.walker194,0005-21-1981,voice_e96e2800e77c9c8f.wav,HOLD-2026-556,@michaelclark909,voice_c6ae3f9456de17ea.wav,6165684,Sophia,5.35,Black,Black,123-47-9610,Thompson,Male,Step 5: Configure the system.,Rev.,5.5809,WP-MX-845666,SOAP/XML,638 419 9205,A systematic definition of risk.,John,Brown,Jackson,XXX-XX-7541,jennifer.harris396,Logan King,K,true,Toronto,photo_16a0d8fa.jpg,44.1,high-priority,Technical Analysis 2023,voice_284e48b056549871.wav,Lee,Married,Average experience.,tenant=us-east,16-9852553,01/30,+91,Emily,9395444,"$509,952","2174 Oak Ave, Atlanta, TX 57823",Hon.,approved,712,fp_9f3484531e193d38,jessica_taylor111,photo_0b548c9a.jpg,Sydney,2021,Mixed,2024-05-19,"78.955381, 75.742276",HX6334,Widowed,"5427 Oak Ave, Phoenix, NY 46970",voice_496fa4e93a3e4acb.wav,application/pdf,anna_brown@example.com,"7356 Main St, Portland, PA 90628",1996,1961 shares @ $258.6,Divorced,Austin,03/07/1980,photo_dd8b4a43.jpg,sess_Qs8bXrN9xTtYWAfJeQ1PsYAtZecX5HuPR7ApWCLb,Dr.,Ibuprofen 200mg,photo_3823e278.jpg,XXX-XX-5492,field_a -> field_b,WP-FR-548083,United States,V,harpermartinez78@outlook.com,187797989,USR-405975,WP-GB-990528,noah_jackson,Non-binary
Retail,[CONFIDENTIAL] Formula #358,min=6539,@susanjohnson377,328.4,"603 Cedar Ln, Portland, PA 83040",440,company.com,7280.6,/var/tmp/daily_24.csv,778,West End,sarah.jackson638,"Miami, Switzerland",225.89,curated.events -> exports,voice_cab21f3ada56f34e.wav,A systematic definition of compliance.,Black,Black,High,David,williambrown@acme.org,fp_409bb6773dbbac44,2018-10-25T20:45:33Z,COVID-19,86375,Escalated to management.,Ms.,+1-708-683-6873,97.9,type,Thompson,"4559 Maple Dr, Toronto, IL 22990",370,WHO,F77029708,photo_7936981b.jpg,0002-05-1991,Smith,IoT,jennifer_anderson39@company.com,photo_e69e88d4.jpg,Liam,james_walker96@yahoo.com,Netherlands,pending,EMP36355,fp_51735ed99d551249,fp_77c4254e7d4e297b,769 251 5862,Ms.,2c48efbffb1368094db7a735ec343e0abd2549afb1cac7762d40bb707941cf41,docker run,+1-916-438-3155,"6551 Cedar Ln, Portland, GA 51492",Figure 11: Timeline,Prof.,Female,fp_cd768d041d0f168c,Germany,PA6820966,Asian,sarah_johnson8,12/27/1951,voice_98823aa1925573b5.wav,HOLD-2020-260,@marythomas193,voice_6c189b334341744f.wav,7341605,Oliver,7.97,Asian,White,XXX-XX-1270,Robinson,Non-binary,Step 3: Deploy the module.,Prof.,3.333,WP-GB-680307,OpenAPI 3.0,+13356748017,A operational definition of data quality.,Linda,Young,Martinez,XXX-XX-9010,loganwhite926,Jessica J. Walker,B,false,San Francisco,photo_dc952b82.jpg,29.8,needs-review,Technical Review 2026,voice_a60b7f5fb931947f.wav,Harris,Divorced,Great product!,region=us-east,26-4508177,07/25,+33,Oliver,ID-326705,"$1,491,881","6686 Pine Rd, New York, NC 73783",Ms.,pending,2386,fp_c642bcfd960867ae,noah.robinson594,photo_cf21877b.jpg,Denver,2022,Mixed,2022-12-22,"-65.117378, -24.448788",BO9486,Divorced,"7810 Maple Dr, Boston, GA 94073",voice_a618da0dba11ce3a.wav,image/png,mason.harris@outlook.com,"5597 Pine Rd, Boston, TX 21419",2017,3598 shares @ $475.35,Widowed,Phoenix,07/19/1996,photo_bfa7df9d.jpg,sess_yZ7WzHG6x03EWKNLeodXPgMYejtSei1wVzLmJtt3,Rev.,Omeprazole 20mg,photo_3093f1e8.jpg,105-97-6982,source_col -> target_col,WP-GB-590786,Italy,H,susan_anderson@gmail.com,504205768,2271459,WP-GB-181857,elizabeth_martinez,Non-binary
Energy,[CONFIDENTIAL] Formula #982,min=5467,@oliverlee149,606.06,"7505 Main St, San Francisco, OH 19493",635,example.com,92007.3,/var/exports/daily_320.json,828,North Shore,harperthompson375,"Phoenix, Norway",224.0,raw.users -> exports,voice_471e557e8458f1e0.wav,A formal definition of risk.,Mixed,Black,Negligible,Patricia,robert_garcia92@example.com,fp_b2d88b97f05a3e6d,2025-06-12T12:43:11Z,Influenza,99998,Flagged for review.,Hon.,+1-210-862-2382,82.7,type,Jackson,"6763 Cedar Ln, Berlin, NC 77160",315,Bloomberg,Z22515261,photo_0c1a2b7e.jpg,0008-15-1962,Martinez,Mobile,david.smith@acme.org,photo_2fc294ea.jpg,Sophia,lucas.garcia59@yahoo.com,United Kingdom,completed,EMP10985,fp_81663808b036635e,fp_448e4c90ab3045b2,549.502.3914,Mrs.,824ce82ec7132c7340d8981bbfa3b6538e58be457ec7cb53222bb7583321f9eb,npm install,+1-758-584-6683,"2649 Maple Dr, Phoenix, NC 10906",Figure 15: Overview,Dr.,Female,fp_186814bc689a88c3,United Kingdom,PA1825494,Asian,patricia.young650,08/13/1986,voice_60a0b4b372feec46.wav,HOLD-2024-573,@maryjohnson421,voice_8dd8657343c325e9.wav,6715146,Linda,8.41,Hispanic,Other,418-29-1021,Lee,Female,Step 5: Verify the system.,Prof.,3.3344,WP-MX-960019,gRPC/protobuf,(566) 831-4848,A operational definition of data quality.,Noah,White,Jones,308-31-8770,liam.young393,Robert Martin,L,true,Houston,photo_8867443d.jpg,97.9,deprecated,Quarterly Analysis 2020,voice_63f6cc062ce7c55e.wav,Robinson,Married,Great product!,tenant=acme,91-5056356,12/25,+55,Jennifer,1191064,"$704,391","7863 Oak Ave, Paris, PA 16684",Mrs.,pending,423,fp_04b88f635a86dbdb,emily.king61,photo_6dbc7a24.jpg,Phoenix,1991,Other,2023-07-03,"30.144579, -148.541309",ZO1660,Widowed,"6693 Park Blvd, Dallas, GA 92741",voice_c398908b107a66c6.wav,image/png,loganthompson76@outlook.com,"9955 Park Blvd, San Francisco, PA 13740",2012,3471 shares @ $378.05,Single,Tokyo,11-15-2004,photo_464b6d0a.jpg,sess_XgGpHOTjvYSkRkSXXoq5ix2IeMNTtZ0jUELoRUns,Ms.,Lisinopril 10mg,photo_0c9bfb14.jpg,191-74-5191,source_col -> output,WP-JP-620404,South Korea,P,james_miller@example.com,799868191,4034029,WP-MX-443055,lucas_lee,Other
Finance,[CONFIDENTIAL] Formula #822,warn=7812,@lucasanderson410,69.9,"7750 Maple Dr, Sydney, GA 73811",596,acme.org,92799.0,/var/data/batch_168.json,655,Downtown,richardjackson574,"Chicago, Brazil",7.66,staging.events -> analytics,voice_5ed0b201380ebe33.wav,A operational definition of compliance.,Other,Asian,High,Susan,sarah_martinez10@yahoo.com,fp_1e06b36914e5f8ee,2026-05-10T08:29:21Z,COVID-19,31345,Pending verification.,Ms.,+1-789-428-9752,59.7,id,Jackson,"9743 Cedar Ln, New York, TX 55415",620,CDC,J11115800,photo_54ed3318.jpg,01/02/2010,Harris,IoT,linda_williams@company.com,photo_2504f57b.jpg,Noah,david_jones89@yahoo.com,Germany,inactive,EMP23458,fp_6ff9871ff566cf1a,fp_700e7d39a5ea8355,+18468164413,Mrs.,99b420a56af10087182bc59a7028856df070939f3197d3cb14d73f3332cb2f01,kubectl apply,+1-505-772-5239,"1108 Maple Dr, Atlanta, FL 82834",Figure 9: Comparison,Mrs.,Non-binary,fp_0a8668e8a27f9923,Australia,FL9578627,Other,oliver.jones719,0003-14-1980,voice_7f394f01195d7ef2.wav,HOLD-2024-334,@oliverlewis81,voice_e76efb3e64f360db.wav,1317502,Michael,8.54,Mixed,Asian,514-10-5648,Johnson,Other,Step 5: Verify the pipeline.,Rev.,4.9334,WP-IN-898822,GraphQL,513.636.1532,A formal definition of risk.,John,Jones,Harris,386-94-4042,robertharris120,Jennifer Jones,Z,false,Paris,photo_8a0d738a.jpg,64.9,high-priority,Annual Review 2024,voice_304386a96a5f1499.wav,Walker,Single,Excellent service.,region=acme,33-1064892,09/27,+44,Noah,3929460,"$8,342,124","4260 Park Blvd, Berlin, OH 83471",Rev.,rejected,847,fp_907b7789cd2e689f,amy.brown708,photo_22cfb4b5.jpg,Austin,2002,Asian,2024-03-11,"-1.146702, 59.471763",JB2108,Divorced,"7061 Maple Dr, Sydney, NC 45176",voice_941b34daa0adf652.wav,text/html,sophia_young@acme.org,"8374 Oak Ave, Miami, PA 93819",2003,1381 shares @ $44.0,Divorced,Miami,05-02-1988,photo_13d9bae4.jpg,sess_yZ77GmMuLkTO3UZiJN2zFkPpiBBnH4VAgaFir04g,Rev.,Metformin 500mg,photo_cbae8b0c.jpg,716-46-2276,field_a -> field_b,WP-MX-994657,Spain,V,emma_young@gmail.com,804119589,ORD-738677,WP-MX-399311,amy_harris,Other
Finance,[CONFIDENTIAL] Formula #553,crit=9458,@williamthomas676,539.21,"8705 Pine Rd, Phoenix, IL 27693",636,example.com,82523.7,/var/config/export_628.log,468,North Shore,jessicayoung945,"London, Germany",211.05,staging.events -> analytics,voice_7578337347813cac.wav,A formal definition of compliance.,Black,Asian,High,Noah,linda.harris@outlook.com,fp_b54969e074535a47,2018-01-22T21:27:20Z,COVID-19,28518,Updated per client request.,Hon.,+1-763-730-9892,84.9,created_at,Rodriguez,"8507 Cedar Ln, Berlin, TX 74547",846,Eurostat,Q68734812,photo_df3390ae.jpg,0007-11-1964,Walker,Tablet,sophia.king@company.com,photo_bb7ed981.jpg,Linda,sophia_martinez72@acme.org,Canada,rejected,EMP37554,fp_597145d4df92fca9,fp_15461e363dfcfad3,986-747-4663,Dr.,eafc7c73bf3b2d3d613dc673f3a9882cff4564b381a6310e159fa7683387edd9,POST /api/orders,+1-909-643-1331,"431 Main St, Seattle, MA 57208",Figure 2: Timeline,Mrs.,Other,fp_162d435c8a8cd620,Italy,NC3178024,Other,richard.harris617,04/03/1964,voice_0d2120e6edf37896.wav,HOLD-2020-150,@williamtaylor232,voice_aa1438ad395efd02.wav,3001128,Patricia,3.68,Asian,Hispanic,802-11-9264,Garcia,Female,Step 1: Monitor the system.,Dr.,8.6659,WP-CA-338695,SOAP/XML,+16846208611,A formal definition of risk.,Mary,Thomas,Martin,XXX-XX-5393,aidenmiller580,John Walker,X,false,Tokyo,photo_a17cf04d.jpg,25.6,approved,Quarterly Report 2021,voice_24d4e93d4607127b.wav,Williams,Widowed,Average experience.,tenant=acme,54-6593648,08/24,+49,Jessica,260805,"$5,424,942","9210 Park Blvd, Dallas, CO 27644",Rev.,rejected,4199,fp_c9f4714b3fe7d732,liamyoung833,photo_6ff4112d.jpg,Tokyo,2019,Hispanic,2019-01-27,"-17.756479, 78.351359",VI4107,Married,"8913 Maple Dr, Phoenix, WA 34444",voice_b2d694f4a42b32fa.wav,image/png,elizabeth_jones@gmail.com,"3257 Elm St, Los Angeles, WA 81493",2018,4343 shares @ $189.1,Widowed,San Francisco,0006-24-2010,photo_fd1aa503.jpg,sess_b61raPGGvZ4Gl7SHxQ8LMEMdXYD2KjoNoHNOKK88,Mr.,Ibuprofen 200mg,photo_3a0f1d0c.jpg,231-19-8748,field_a -> target_col,WP-MX-543999,Singapore,W,lucas.martin@gmail.com,618264971,TXN-255479,WP-MX-856294,william_clark,Other
Healthcare,[CONFIDENTIAL] Formula #322,min=2934,@lucasmoore560,143.55,"8684 Park Blvd, Portland, WA 88150",750,example.com,44291.8,/var/exports/export_732.xml,593,Midtown,david_garcia705,"Chicago, Australia",175.21,staging.events -> reports,voice_94a75efbc455c75a.wav,A operational definition of risk.,Black,Asian,Medium,William,james.anderson@company.com,fp_8eca794771c8d0cb,2023-06-03 03:48:57,Influenza,48216,Pending verification.,Hon.,+1-412-808-5536,38.6,amount,Clark,"8876 Maple Dr, Miami, FL 10417",483,Bloomberg,T19376196,photo_15d8b026.jpg,0007-09-1942,Taylor,Smart TV,oliviasmith@outlook.com,photo_da5be67e.jpg,Anna,james.johnson@gmail.com,Sweden,rejected,EMP52285,fp_308bdad70fa8e5ba,fp_4f1bf78dcb8882e6,944 375 9034,Mr.,1110859fb2869a0a74fa2f8eb4606f1dbd87a53d8e6bc7b9e4eebb8c2831f761,npm install,+1-719-873-5416,"3043 Cedar Ln, Houston, NY 87448",Figure 15: Comparison,Rev.,Female,fp_d01c582ec2a8d2b4,India,OH4105129,Mixed,anna.anderson739,02-22-1947,voice_694227c82a398771.wav,HOLD-2025-846,@sophiawilliams668,voice_1bff3c438aef8c51.wav,3152420,Lucas,5.61,Other,Hispanic,361-25-2950,Williams,Male,Step 4: Verify the service.,Mrs.,2.8009,WP-JP-941569,gRPC/protobuf,994.458.7275,A formal definition of risk.,Anna,Davis,Rodriguez,511-46-2023,jessicasmith930,Patricia Taylor,U,true,New York,photo_c6478bee.jpg,57.6,needs-review,Quarterly Summary 2024,voice_2c4512202a960652.wav,White,Single,Average experience.,tenant=us-east,67-1575114,04/29,+49,Jennifer,5407147,"$9,587,995","6435 Pine Rd, Austin, MA 89271",Mrs.,inactive,117,fp_ab817714d250f030,sophiataylor997,photo_dfa08f6d.jpg,Seattle,1995,Hispanic,2022-02-03,"32.234552, 109.287506",QE4558,Married,"8809 Oak Ave, Portland, IL 82823",voice_01df8d444e541662.wav,text/csv,mason.young@yahoo.com,"2726 Elm St, San Francisco, GA 39717",2011,3946 shares @ $399.88,Single,Chicago,04-03-2001,photo_185e07b1.jpg,sess_xWTQLTNrX0aVVL5aTpTd1OvCrJnCKrYXiZi467BT,Mr.,Metformin 500mg,photo_7c7ff826.jpg,843-72-6064,source_col -> target_col,WP-BR-243908,Italy,T,sarah.clark@gmail.com,968529240,4014964,WP-AU-594669,david_clark,Female
Retail,[CONFIDENTIAL] Formula #374,crit=2936,@emilydavis715,99.86,"2491 Oak Ave, Houston, MA 50937",794,yahoo.com,69186.9,/var/exports/export_374.parquet,604,Midtown,michael_miller92,"Portland, Israel",150.61,curated.orders -> exports,voice_11b8bc88e0d0005d.wav,A formal definition of data quality.,Asian,White,High,Liam,noah.moore99@yahoo.com,fp_074109aa29e20176,2023-02-28T07:16:57Z,Malaria,39804,Escalated to management.,Mrs.,+1-710-805-9280,92.3,id,Walker,"5248 Main St, Houston, CO 44652",448,Bloomberg,F15176179,photo_752d50d8.jpg,0004-17-1977,Lewis,Wearable,anna_brown@acme.org,photo_ed4264ce.jpg,Robert,sarah_walker@company.com,Mexico,pending,EMP54991,fp_80b3b2f6bca1ae02,fp_16ae4917c1e58828,(209) 490-2683,Ms.,58d343a61cc4cca18c364bcb1c67266106ac00be4c1d95a31ad299433994ca24,POST /api/orders,+1-992-683-9880,"3605 Cedar Ln, Atlanta, OH 98984",Figure 11: Overview,Mr.,Other,fp_d24b90e83cb2364a,Canada,NY1342432,Hispanic,amy.walker499,08-26-1999,voice_fb0bf278478367dd.wav,HOLD-2026-394,@johnwilliams911,voice_63b695382fbf5ff6.wav,8945017,James,2.62,Black,Other,XXX-XX-7316,Anderson,Female,Step 2: Verify the system.,Dr.,3.572,WP-DE-302352,SOAP/XML,856-713-6824,A operational definition of data quality.,Michael,White,Davis,XXX-XX-8098,william_lewis140,James Johnson,I,true,Paris,photo_efbb5686.jpg,56.0,experimental,Quarterly Review 2020,voice_223e476bcd760fbb.wav,Williams,Married,Needs improvement.,region=us-east,35-8007264,04/28,+33,Olivia,ID-697396,"$1,843,050","6644 Elm St, Paris, CO 96113",Prof.,completed,903,fp_be6f11d3264fc5b1,olivia.jones580,photo_1b6fb20d.jpg,Chicago,2011,Other,2025-03-13,"-40.26198, 132.825697",PO8513,Divorced,"1249 Cedar Ln, Boston, PA 56341",voice_8a8674216077d595.wav,application/xml,emilywilliams@company.com,"5395 Oak Ave, Sydney, CO 71507",2011,3008 shares @ $308.72,Widowed,Boston,02-12-1945,photo_2f2e1f41.jpg,sess_hKkLx6EAhlRQOHPriSqd5ZY8jEN9BgEWx6JfbNA8,Mrs.,Ibuprofen 200mg,photo_f66f2329.jpg,773-31-8624,field_a -> field_b,WP-JP-895973,United Kingdom,M,anna.moore@gmail.com,248576773,3029531,WP-DE-503961,amy_lewis,Non-binary
Manufacturing,[CONFIDENTIAL] Formula #881,max=6148,@jennifersmith375,59.25,"6562 Pine Rd, Los Angeles, NC 56271",425,gmail.com,9131.3,/var/exports/batch_830.csv,519,North Shore,sophia.clark924,"Dallas, Singapore",256.31,curated.events -> exports,voice_79af61ae9296d111.wav,A systematic definition of compliance.,Hispanic,Mixed,Negligible,Emma,amy.white@acme.org,fp_7c5c6b5e985d0e88,2019-11-15 15:57:02,COVID-19,22703,Flagged for review.,Ms.,+1-793-575-2806,40.0,name,Martin,"9175 Maple Dr, New York, IL 63533",712,Census Bureau,N77444389,photo_d15d20e5.jpg,07-18-2006,Jackson,Desktop,emmadavis@example.com,photo_ad2f8651.jpg,James,jamesharris@yahoo.com,Japan,approved,EMP94399,fp_574fdb4a05e6ae58,fp_c352987ac418adfe,(300) 808-9767,Mr.,f467f711f89b666338c253be63bd1b8cc810105904550a03d546359955783da5,GET /api/users,+1-763-468-5276,"380 Pine Rd, London, PA 14475",Figure 19: Timeline,Rev.,Male,fp_f4d3fb33741832d4,Germany,FL9477948,Black,james.lee266,10-05-1953,voice_e4803600603582e4.wav,HOLD-2026-946,@williamwhite33,voice_8566b78566f00322.wav,2485791,Liam,9.95,Asian,Mixed,708-67-2402,Rodriguez,Male,Step 5: Deploy the system.,Dr.,2.2451,WP-US-311969,gRPC/protobuf,721 374 3134,A systematic definition of risk.,Patricia,King,Thomas,416-45-2476,noah_thompson835,Linda Young,W,false,London,photo_e9ec11c0.jpg,59.6,stable,Annual Summary 2020,voice_d7af2aaa367e0512.wav,Jones,Single,Great product!,tenant=us-east,67-3951201,01/26,+33,Anna,REC-318132,"$8,791,125","5066 Pine Rd, Denver, TX 34384",Mrs.,completed,148,fp_463829491b1c0fd3,elizabethwilliams22,photo_5846f732.jpg,Boston,1990,Black,2020-06-04,"-33.367313, 158.179398",RM9860,Married,"6522 Maple Dr, London, CO 34814",voice_37d73f291476c479.wav,application/pdf,aiden_lee69@example.com,"1929 Park Blvd, San Francisco, OH 56050",2021,3470 shares @ $492.99,Single,Paris,0001-20-1962,photo_f082feff.jpg,sess_Js3QGrOOJ5lwuTprdD5TA2T8xYXTRCCzKCnJU54a,Hon.,Omeprazole 20mg,photo_98a2cb15.jpg,730-88-4138,field_a -> field_b,WP-US-391484,South Korea,X,mary_smith@acme.org,691270054,3796309,WP-CA-441678,lucas_white,Other
Healthcare,[CONFIDENTIAL] Formula #656,min=1292,@williamwright75,890.2,"2684 Main St, Boston, WA 77440",655,acme.org,15761.3,/var/exports/batch_278.parquet,339,South Bay,sophiabrown272,"Dallas, Mexico",96.78,curated.events -> reports,voice_2c185b7cb9621249.wav,A systematic definition of risk.,Hispanic,Asian,High,Logan,richard.wright@gmail.com,fp_82bcc77ceeede9ff,2025-05-28 21:06:46,Malaria,13623,Flagged for review.,Dr.,+1-288-525-3442,32.2,name,Wright,"7273 Park Blvd, Paris, OH 72338",679,Eurostat,T37098235,photo_5d869b65.jpg,09/12/1944,Harris,IoT,elizabeth_jackson@yahoo.com,photo_23ff5577.jpg,David,sophia_young61@example.com,Sweden,active,EMP61015,fp_9d7889cb51569a09,fp_8b9cd22f1d9f2989,+19943037319,Mrs.,dc30006cdbce9031f248687b8d133795a27da66be362deb3ab6ad42ec154f6cc,npm install,+1-643-903-1669,"1068 Maple Dr, Boston, OH 60678",Figure 18: Comparison,Hon.,Female,fp_8a43794569346ea6,Sweden,OH5085104,Asian,jennifer_robinson918,05-15-2003,voice_8e5ac9a74b5b0485.wav,HOLD-2023-907,@jamestaylor292,voice_652eb303cc265831.wav,2544061,Jennifer,7.7,Hispanic,Black,567-60-5504,Martin,Other,Step 4: Configure the pipeline.,Ms.,4.508,WP-IN-549135,REST/JSON,+13088148540,A formal definition of data quality.,John,White,Martin,XXX-XX-5461,john.robinson794,Liam Rodriguez,B,false,Paris,photo_f58dbee1.jpg,12.9,deprecated,Annual Summary 2022,voice_28a519aa8a06461a.wav,Jones,Widowed,Great product!,region=acme,76-2085259,05/25,+1,Emily,USR-612802,"$5,719,505","7676 Oak Ave, Denver, CO 54233",Prof.,rejected,306,fp_b4a0ce7af7ef802f,patricia.davis144,photo_b4f34298.jpg,New York,2010,Asian,2023-07-15,"48.756386, 55.94684",OE5070,Single,"4282 Park Blvd, Dallas, NY 70636",voice_0638fed95a9caec0.wav,text/html,mary_lewis86@yahoo.com,"4156 Oak Ave, Los Angeles, NY 29920",1994,4579 shares @ $488.47,Widowed,Miami,08/06/1950,photo_29e44685.jpg,sess_BLTE3Stq86EmsTbixh9oxUQtJyCEX1aAewjZIqlD,Ms.,Albuterol 90mcg,photo_369e74f1.jpg,840-63-2892,field_a -> output,WP-GB-408379,United Kingdom,I,jessica.martin45@acme.org,403793265,REC-494320,WP-DE-318050,jennifer_harris,Female
Retail,[CONFIDENTIAL] Formula #767,crit=9479,@johnrodriguez31,539.5,"6364 Elm St, Los Angeles, TX 23778",529,outlook.com,27287.7,/var/data/batch_660.parquet,442,Midtown,robert_king663,"Dallas, Spain",55.78,raw.orders -> reports,voice_c61f4c9dd2dded36.wav,A systematic definition of risk.,White,Black,Critical,Logan,jessica.anderson24@gmail.com,fp_510b07a423432716,2021-08-08 04:49:21,Diabetes Mellitus,9834,Resolved — no further action.,Mr.,+1-632-253-6498,40.8,type,Smith,"8552 Main St, Los Angeles, TX 31224",424,WHO,U60385898,photo_b0ccf404.jpg,05/09/1957,Lee,Smart TV,lindamiller2@outlook.com,photo_993a1c37.jpg,John,amywright@gmail.com,Sweden,completed,EMP47521,fp_a32f565130da2766,fp_4f15094eb2fb97b9,538 534 8120,Rev.,77e5501981bcc9a2ad121ca62f445f3b114c6701e80458f2c3b85fb1b3ee4135,docker run,+1-445-549-9174,"7401 Elm St, Sydney, CA 33596",Figure 19: Overview,Dr.,Female,fp_ed6074d3c5c68c31,United Kingdom,CO5336498,Other,anna.harris671,0003-06-1979,voice_0d17f4a7ddb9a2d6.wav,HOLD-2023-289,@richardtaylor876,voice_dacaae12e1fe3dab.wav,945576,David,1.19,Black,White,XXX-XX-4342,Taylor,Other,Step 3: Verify the service.,Rev.,8.8065,WP-FR-237394,REST/JSON,(706) 552-2629,A formal definition of data quality.,David,Williams,King,XXX-XX-1937,emma.brown195,Jessica Smith,Z,false,Berlin,photo_d8ab9342.jpg,62.4,deprecated,Quarterly Report 2020,voice_99cc5a9001cd4d94.wav,Young,Single,Average experience.,region=us-east,97-4899390,12/30,+91,Emma,REC-207085,"$9,928,651","1639 Main St, Portland, NY 75129",Ms.,cancelled,306,fp_1b7a6d79d3fdec80,richard_jones760,photo_826dab24.jpg,Phoenix,2001,Asian,2020-07-08,"-81.695315, -90.398236",RP3094,Single,"2418 Main St, Chicago, WA 56206",voice_3de7e2a12868da64.wav,text/html,sophia_jones82@gmail.com,"5603 Pine Rd, Paris, WA 51905",2009,2064 shares @ $224.37,Married,San Francisco,0001-27-1959,photo_435c320b.jpg,sess_xytGRPS51iVAsWAq6B5zgzr5luUbkk0VGEIqkYKO,Dr.,Albuterol 90mcg,photo_3b70e2a8.jpg,777-40-2285,input -> output,WP-MX-294192,South Korea,P,anna.thompson@yahoo.com,624226290,8844134,WP-BR-308979,jennifer_walker,Non-binary
Technology,[CONFIDENTIAL] Formula #759,warn=493,@lindawilliams271,213.84,"2684 Main St, Denver, MA 45249",520,example.com,4252.6,/var/uploads/batch_600.parquet,668,East Side,robert_moore532,"Paris, Sweden",147.98,raw.events -> exports,voice_dbfd07b5dfe3190d.wav,A operational definition of risk.,Black,Black,Critical,James,patricia_martinez@example.com,fp_a69ebde44a4dde4b,2019-11-01 20:29:58,COVID-19,75718,Escalated to management.,Ms.,+1-902-671-8661,54.4,name,White,"3992 Main St, Atlanta, CA 36724",608,Eurostat,O42727123,photo_3b905796.jpg,05/01/1944,Martin,IoT,aidenyoung@yahoo.com,photo_1ce91b98.jpg,Amy,liam.martinez@outlook.com,Norway,cancelled,EMP93735,fp_64034e6e320bdf80,fp_a29bf6680acb4228,544.225.9428,Hon.,6ec9847ed598fafc0176cccc33cf4b5ff614c8a0b6128ebd4b2bdb049cf641a0,kubectl apply,+1-538-318-3115,"6712 Maple Dr, Chicago, CO 23316",Figure 10: Distribution,Ms.,Male,fp_3a083ec4ed11ad5a,Canada,PA7245826,Mixed,noah_thomas224,10-04-1978,voice_d99233e458320fbf.wav,HOLD-2020-987,@noahwhite646,voice_9ca950cbd14d0063.wav,2754356,Lucas,6.78,White,Asian,XXX-XX-4191,Young,Male,Step 4: Monitor the module.,Mr.,7.1725,WP-FR-367206,REST/JSON,+15205774991,A systematic definition of compliance.,Michael,Thomas,Garcia,124-66-9431,maryrodriguez228,Anna Brown,D,false,Tokyo,photo_2162637c.jpg,68.5,needs-review,Quarterly Summary 2023,voice_2ca60d32566046e0.wav,Taylor,Single,Average experience.,region=acme,34-6555337,05/30,+86,Anna,6048618,"$8,317,057","8067 Elm St, Austin, CO 32555",Ms.,cancelled,607,fp_fb5557de7badadf0,logan_jackson623,photo_a5606888.jpg,Seattle,2015,Black,2021-06-04,"-59.47953, 137.330044",MJ3970,Divorced,"8321 Park Blvd, Paris, MA 28144",voice_81d3609a6fd65480.wav,application/xml,amymoore@yahoo.com,"928 Park Blvd, Chicago, PA 28983",2001,3919 shares @ $127.44,Single,Chicago,06/25/1948,photo_96672365.jpg,sess_RqLQg2rzvjnx4Iq7JM0AJbZpK5X4qOsCP8MZXeuv,Mr.,Omeprazole 20mg,photo_0bc6347d.jpg,XXX-XX-7204,input -> output,WP-FR-721483,Germany,X,linda.jackson@company.com,129834081,ID-313367,WP-MX-878267,sophia_moore,Non-binary
Technology,[CONFIDENTIAL] Formula #622,min=8596,@patriciajohnson349,991.06,"3824 Cedar Ln, Denver, IL 38135",725,company.com,24168.7,/var/uploads/daily_257.csv,498,North Shore,amymoore574,"New York, Australia",185.93,curated.events -> exports,voice_daa1c29203318e41.wav,A operational definition of risk.,Other,Mixed,Critical,Emma,amy_king@company.com,fp_00e09225f65be633,2021-07-09 19:23:30,Influenza,14622,Escalated to management.,Mrs.,+1-811-672-9628,22.3,type,Young,"9481 Main St, Toronto, CO 66921",466,Census Bureau,W16888741,photo_c7c24b88.jpg,0009-28-1950,Harris,Smart TV,noahmartin@gmail.com,photo_c35a03a5.jpg,Harper,jennifer.brown27@gmail.com,Switzerland,approved,EMP21562,fp_0a3e95ca249b5144,fp_a1ea5e8cea770d11,(537) 880-8683,Ms.,e981668bc148e4686657f3111ef99373cbdd5bf8027ddf695a60d2030e34e712,docker run,+1-408-816-6084,"3943 Maple Dr, Atlanta, WA 66744",Figure 20: Comparison,Mr.,Male,fp_1362aed3aa23a88e,India,CA1279086,Mixed,sophiawalker152,12-22-1946,voice_21fe56177883f748.wav,HOLD-2026-991,@loganthomas807,voice_a3a8cad7925554a9.wav,9106325,Anna,1.93,Hispanic,Black,XXX-XX-5331,Davis,Female,Step 5: Verify the service.,Mrs.,3.9709,WP-JP-610709,GraphQL,285 660 3026,A operational definition of compliance.,Elizabeth,Miller,Thompson,118-94-2907,oliver_white659,James V. Moore,F,false,Tokyo,photo_faae3abb.jpg,14.2,stable,Annual Analysis 2023,voice_c95a0ca675b37c0b.wav,Robinson,Divorced,Great product!,tenant=us-east,13-7176588,04/30,+81,Robert,9275762,"$4,078,869","4640 Maple Dr, Tokyo, IL 39526",Hon.,failed,3541,fp_02677c08d0f907c5,mason.taylor694,photo_422bf10c.jpg,Berlin,2002,White,2018-03-17,"-81.166278, 168.365877",TB1997,Single,"8410 Park Blvd, Paris, TX 31498",voice_db1a30c71b2e698f.wav,application/pdf,patricia.lewis71@company.com,"9468 Oak Ave, Houston, OH 46073",2011,197 shares @ $276.93,Married,Tokyo,09/09/1964,photo_4614c628.jpg,sess_kQ6YLCIrRFvP72ZiJHLRc9zwCftjRZTruTrVPBf4,Dr.,Albuterol 90mcg,photo_f0374999.jpg,498-19-4026,input -> target_col,WP-GB-987829,United Kingdom,B,aidenjackson@company.com,688412960,TXN-100205,WP-JP-565490,sarah_davis,Female
Energy,[CONFIDENTIAL] Formula #330,crit=1415,@jamesthomas168,348.24,"4716 Elm St, Boston, MA 40501",581,yahoo.com,15200.6,/var/config/daily_642.parquet,844,Midtown,sarah.davis760,"Atlanta, Canada",172.46,staging.events -> exports,voice_c7832d28678d592a.wav,A formal definition of compliance.,White,White,Medium,William,lucasharris@gmail.com,fp_0f0293ee2d070699,2023-05-27 06:10:01,COVID-19,78942,Reviewed and approved.,Hon.,+1-395-843-8852,73.4,amount,Johnson,"1686 Cedar Ln, Atlanta, TX 61853",409,Reuters,X35506921,photo_d39a4665.jpg,01-15-1940,Martinez,Smart TV,sophia_johnson86@outlook.com,photo_7ca1e57b.jpg,David,ethanbrown@acme.org,India,active,EMP23049,fp_765f26ee493ebd59,fp_9d23731a155000fe,949 331 8894,Mr.,bb937f3a2f3dcac5828b8510232ed47fda50ceb352225c225dabeffac37e9d00,npm install,+1-333-849-1832,"6128 Park Blvd, Paris, PA 52956",Figure 1: Comparison,Prof.,Female,fp_62b93fe8cea51805,Mexico,TX4282906,Black,mason_lewis766,06-19-2002,voice_383408fbde1d37fd.wav,HOLD-2025-120,@sarahwright891,voice_aff91e4677a204e2.wav,9970413,Liam,1.08,Black,Asian,XXX-XX-5505,Lewis,Female,Step 4: Configure the pipeline.,Dr.,2.6189,WP-IN-636978,GraphQL,508 576 4793,A operational definition of data quality.,Anna,White,Jones,177-94-7362,johnlee351,Ethan Robinson,P,false,Portland,photo_41e3bd03.jpg,6.3,stable,Executive Review 2021,voice_1f0054d8d3156d7b.wav,Taylor,Single,Excellent service.,tenant=2024-01,24-5644889,08/28,+61,Emily,8332918,"$2,322,107","4199 Main St, Denver, WA 62724",Dr.,completed,1545,fp_014a0643056ee31e,emily_jackson583,photo_63bdf2f9.jpg,Denver,1999,Asian,2019-03-30,"6.53034, -165.286023",KF485,Divorced,"9710 Pine Rd, Houston, CA 57519",voice_fc09304e66e4d93a.wav,application/json,amy.garcia@company.com,"9912 Elm St, Berlin, CO 28757",2018,4439 shares @ $435.12,Divorced,Sydney,11-25-1990,photo_b6c282a2.jpg,sess_KRjbSY4LDGIfUTmdjHPnsrguPhRGTchGij3zO9OL,Dr.,Lisinopril 10mg,photo_b889b017.jpg,873-37-2251,source_col -> field_b,WP-AU-809968,Netherlands,O,lucasyoung@acme.org,015227155,6254769,WP-AU-835604,noah_harris,Male
Healthcare,[CONFIDENTIAL] Formula #242,max=2618,@aidenwalker588,400.78,"7802 Cedar Ln, London, NC 35822",558,acme.org,46306.3,/var/uploads/batch_113.log,784,North Shore,ethan_miller107,"San Francisco, Australia",325.39,curated.events -> exports,voice_c72c5a85b9c6a27c.wav,A operational definition of risk.,Black,Asian,Medium,Robert,lucasgarcia@outlook.com,fp_f9bc892a61adcdc6,2026-01-04 11:47:32,Influenza,50389,Pending verification.,Ms.,+1-567-635-8426,14.5,type,Thomas,"8968 Maple Dr, Miami, OH 98039",790,Reuters,W36016861,photo_b15f6d84.jpg,02-26-1970,Anderson,Tablet,emmalewis@company.com,photo_5e12f5ce.jpg,Emily,sarah_anderson@example.com,Japan,pending,EMP31385,fp_0fdc6e0db263dac3,fp_d60f4541c95f9aad,+15916023649,Dr.,f49245a711c96f0c981f704d0a3f07423aeb6288bc2bea0b0ac9ef7ba19492fc,docker run,+1-313-320-6817,"7128 Cedar Ln, Miami, TX 87084",Figure 3: Comparison,Dr.,Other,fp_0f750946b424909a,Spain,OH2370100,Other,logansmith94,04-08-1956,voice_e2f8aefe08364e76.wav,HOLD-2026-903,@michaellee39,voice_204b034abf13fb44.wav,2116315,Sarah,1.0,Asian,Mixed,895-40-8295,Robinson,Non-binary,Step 2: Deploy the service.,Rev.,6.9925,WP-DE-400132,gRPC/protobuf,+16656029929,A operational definition of compliance.,James,Harris,Jackson,XXX-XX-3260,amy.moore45,Mason Walker,R,false,Toronto,photo_4d6ef028.jpg,30.4,deprecated,Annual Analysis 2021,voice_843dda7d60be7fa3.wav,Martin,Widowed,Excellent service.,tenant=us-east,73-9266040,01/30,+44,Aiden,479714,"$5,816,036","9660 Maple Dr, Phoenix, CA 48631",Mrs.,inactive,248,fp_b41f687e3bddff4f,sophia_white201,photo_570ae8d6.jpg,San Francisco,2025,Mixed,2018-04-14,"-84.232737, 168.99394",FR7679,Widowed,"1634 Park Blvd, London, WA 54383",voice_872744267825a84f.wav,image/png,elizabeth_brown69@yahoo.com,"4354 Oak Ave, San Francisco, MA 57320",2022,3992 shares @ $252.87,Widowed,Seattle,0012-17-2007,photo_9a91a99e.jpg,sess_AnXBY4OLSy9ezZypyjZ4Z7cJCEuBIzgUGAxSFpkp,Mrs.,Metformin 500mg,photo_f05ca849.jpg,813-81-9771,input -> field_b,WP-FR-374448,Spain,Y,richard_martinez@gmail.com,312326712,391508,WP-IN-833852,jessica_clark,Non-binary
Finance,[CONFIDENTIAL] Formula #655,crit=404,@noahmoore425,276.16,"1321 Pine Rd, Houston, FL 63855",787,acme.org,16708.0,/var/data/batch_120.xml,706,South Bay,emily.clark648,"Denver, Spain",42.69,curated.orders -> exports,voice_4747b915d9defad5.wav,A systematic definition of risk.,Hispanic,Black,High,James,patriciaharris21@acme.org,fp_fb5750e02b2da311,2018-01-07 04:54:52,Influenza,34593,Flagged for review.,Rev.,+1-790-694-8482,97.9,name,Robinson,"4753 Park Blvd, Chicago, OH 94814",572,Reuters,A48524783,photo_bae6f1ce.jpg,0003-06-1975,Garcia,Desktop,mason_wright96@gmail.com,photo_1a2c0b46.jpg,Sophia,jessica_martinez25@gmail.com,Brazil,completed,EMP36027,fp_c315050c084c92ae,fp_4e1c5d0cd338d4b8,(227) 874-3150,Prof.,c676c7ad96f7f2145c19ace75ebb7531020ae70f5ed94cef0a2eac4f4928c201,npm install,+1-363-540-4841,"7571 Oak Ave, Denver, WA 23380",Figure 9: Overview,Mrs.,Non-binary,fp_788460747fda8785,Australia,OH2444296,Hispanic,linda_jones373,09-25-1947,voice_262ca402a4906137.wav,HOLD-2024-143,@emmawright166,voice_7109f3a8f358a02b.wav,8386842,John,4.85,Other,Asian,702-50-7451,Martinez,Non-binary,Step 2: Monitor the pipeline.,Dr.,5.5573,WP-IN-805655,GraphQL,+13575502372,A systematic definition of data quality.,Linda,Rodriguez,Smith,350-68-7392,logan.lewis535,Lucas Anderson,C,false,Paris,photo_54c621ad.jpg,38.7,deprecated,Technical Summary 2024,voice_b9de814eddf6e108.wav,Brown,Divorced,Great product!,region=2024-01,87-2722692,05/28,+44,Mary,6721535,"$451,158","3922 Maple Dr, London, NC 72131",Rev.,approved,5570,fp_3740a2e6a3074c3e,robertlee352,photo_c4014324.jpg,Denver,1996,Asian,2026-02-25,"10.493168, 46.226795",JW6466,Widowed,"2155 Main St, Austin, MA 29220",voice_f38713613684e45f.wav,text/csv,oliver.rodriguez@yahoo.com,"8267 Elm St, Atlanta, CA 94173",1997,4595 shares @ $146.16,Married,Portland,08-02-1957,photo_efb59630.jpg,sess_zTl3cnbJRHqHLLDn8ovamQCa9jXL8XpNcJasLiFZ,Prof.,Lisinopril 10mg,photo_5834d324.jpg,XXX-XX-1308,source_col -> target_col,WP-BR-823781,Sweden,W,noahmartinez@company.com,621018689,8232350,WP-BR-439556,aiden_clark,Non-binary
Finance,[CONFIDENTIAL] Formula #462,max=9858,@masonmartinez4,647.9,"8495 Oak Ave, Austin, PA 35679",371,company.com,95569.0,/var/tmp/export_34.csv,850,North Shore,robert.clark526,"Toronto, Brazil",83.82,curated.users -> exports,voice_c82c1b235484b332.wav,A formal definition of data quality.,White,White,Medium,James,john_harris52@gmail.com,fp_ef9a76586156cb05,2022-11-24T16:37:55Z,Influenza,60675,Pending verification.,Hon.,+1-975-374-5600,83.5,email,Robinson,"9525 Oak Ave, Austin, NC 84766",409,Bloomberg,H41105461,photo_d70c3c45.jpg,02-03-1941,Anderson,Mobile,harper_garcia89@gmail.com,photo_f9d6ec65.jpg,Sophia,elizabethjohnson@gmail.com,Sweden,pending,EMP41523,fp_29475bd2c3a85c04,fp_43feb7b76a3a8bbe,(420) 672-3840,Rev.,771d985b24675f1faaba11e96af660a747340e232fdad3773714bde72d4117f4,GET /api/users,+1-390-494-6230,"5135 Cedar Ln, Austin, GA 55410",Figure 7: Comparison,Rev.,Non-binary,fp_7d8892b4cfe00293,France,IL9023844,Asian,william.king380,09/07/1990,voice_29162c76c88ceb01.wav,HOLD-2024-558,@liamwilliams156,voice_eea7dcb14daa3eaa.wav,6084591,Amy,8.96,Mixed,Black,525-84-7077,Brown,Other,Step 2: Verify the module.,Prof.,0.582,WP-AU-572072,SOAP/XML,257-486-2426,A operational definition of risk.,Harper,Lee,Walker,403-39-5559,robertjackson276,Lucas Martin,V,false,Paris,photo_11ada9f7.jpg,51.2,deprecated,Annual Report 2022,voice_9480963a6403cee0.wav,Harris,Single,Excellent service.,dt=acme,57-9331977,03/30,+33,Sarah,TXN-401169,"$4,386,116","6755 Main St, Phoenix, IL 73088",Hon.,inactive,024,fp_7d393d2fad7f749b,jennifer_walker455,photo_d8dafb93.jpg,Berlin,2002,Hispanic,2018-10-23,"-18.735478, -43.196356",XR1715,Married,"182 Park Blvd, New York, GA 47933",voice_cced353c9bc70bcd.wav,application/pdf,michaelyoung28@acme.org,"2975 Elm St, Sydney, CO 76689",2017,1002 shares @ $14.28,Married,Seattle,03/18/1956,photo_cae5dd54.jpg,sess_cuqQOOFylXrj9Idvdem4QQNctfQMxRHeSha6ecgf,Dr.,Lisinopril 10mg,photo_1b17a5ed.jpg,XXX-XX-5061,input -> field_b,WP-DE-195274,United States,F,oliviawhite@company.com,874612420,8448652,WP-CA-221623,michael_davis,Female
Healthcare,[CONFIDENTIAL] Formula #474,max=5796,@lucasjohnson810,414.93,"3436 Pine Rd, Berlin, FL 70594",323,gmail.com,13802.4,/var/exports/batch_280.csv,583,South Bay,richard.williams215,"Denver, Sweden",309.94,staging.orders -> reports,voice_c3a641ec15e8df03.wav,A operational definition of data quality.,Mixed,Other,Negligible,Mary,jamesmartinez@example.com,fp_9813bdb189d1c2bf,2025-09-07T03:24:38Z,Malaria,90258,Flagged for review.,Hon.,+1-586-918-4619,98.1,created_at,Robinson,"6656 Maple Dr, Miami, MA 56336",796,Census Bureau,V76632088,photo_97e19437.jpg,0006-19-1943,Smith,Desktop,logan_garcia@company.com,photo_7823d46f.jpg,Liam,aidenclark@gmail.com,Switzerland,inactive,EMP56349,fp_52990a9907a4116f,fp_f7b5800c2fe6386f,461 425 5095,Hon.,0daa0c29f145ee50771ef4f4662426d4f36e48e25cad2815764871543af9b375,GET /api/users,+1-765-550-7320,"185 Pine Rd, Tokyo, CA 46071",Figure 14: Comparison,Rev.,Other,fp_d1377a0b2875689d,Norway,TX5322798,Asian,john.davis713,06/13/1993,voice_6c267281f82a9403.wav,HOLD-2025-422,@jamesjackson229,voice_4825f9a1c9d9d8d0.wav,7503174,Olivia,4.64,Hispanic,Hispanic,302-20-4421,Jones,Male,Step 5: Monitor the module.,Rev.,3.5277,WP-US-342573,gRPC/protobuf,538.699.4420,A formal definition of data quality.,Sophia,Johnson,King,820-85-1440,susan.jones434,James Thompson,T,false,Berlin,photo_0f484efe.jpg,32.7,approved,Quarterly Summary 2025,voice_242157ff24c919e8.wav,Thomas,Married,Average experience.,dt=2024-01,28-9626610,08/28,+86,John,4799581,"$4,503,469","371 Pine Rd, Phoenix, CO 38602",Ms.,active,776,fp_a2c2cbcc28ad0b30,john_harris591,photo_02c0942e.jpg,Austin,2006,Hispanic,2023-04-29,"-7.530845, 30.097629",DQ1047,Widowed,"6787 Pine Rd, Tokyo, OH 36859",voice_ceab7feff636779f.wav,application/xml,emily_harris@acme.org,"2516 Pine Rd, Tokyo, FL 27276",1998,3753 shares @ $41.59,Widowed,Phoenix,0011-08-1976,photo_dfd4506a.jpg,sess_OKxt5r0AocHfFCROJ5PjOnrjabUJaXqxglxu2gBY,Rev.,Ibuprofen 200mg,photo_f5b8f52a.jpg,632-25-5302,input -> target_col,WP-MX-527925,Spain,P,sarah_wright69@company.com,842519841,4916498,WP-BR-625753,john_miller,Male
Manufacturing,[CONFIDENTIAL] Formula #458,min=3131,@williamwright50,644.71,"6726 Oak Ave, Sydney, NY 36674",556,outlook.com,16477.1,/var/logs/batch_767.xml,612,South Bay,susan_white303,"London, Italy",35.13,raw.users -> reports,voice_5e4ad197613f1962.wav,A operational definition of compliance.,Hispanic,Mixed,Critical,Anna,liamjones@outlook.com,fp_48c171fa48c0a06b,2019-05-02 01:18:02,Influenza,85934,Reviewed and approved.,Mrs.,+1-810-552-8067,90.9,type,Wright,"3991 Cedar Ln, Portland, MA 88465",592,Census Bureau,N48708828,photo_67a1a59e.jpg,05/19/1969,White,Mobile,james_walker@example.com,photo_1e5be88a.jpg,Aiden,patricia.harris@example.com,Singapore,active,EMP81276,fp_331f5e12e8485a4e,fp_23c491da31e48834,(367) 307-1560,Ms.,d2c10d47781f794991fec92e1bca8c43981d928e5e021516f3c393f1b8542eb3,docker run,+1-611-332-7259,"4198 Cedar Ln, Tokyo, GA 56967",Figure 17: Overview,Prof.,Male,fp_40dfa1d0bb287b45,Mexico,PA2719442,Mixed,amymiller604,06-20-1979,voice_af8dbaf53fa210d4.wav,HOLD-2026-243,@richardbrown498,voice_dc51a6975e95d5f7.wav,8370519,Harper,9.81,Asian,Mixed,XXX-XX-6467,Anderson,Male,Step 2: Monitor the module.,Prof.,9.1644,WP-GB-237101,GraphQL,506 830 1190,A formal definition of data quality.,Mason,Jones,Young,433-49-1860,linda.brown337,Emily Thomas,K,false,Austin,photo_3a62ae66.jpg,19.7,deprecated,Quarterly Review 2020,voice_eb43f22089b5bcca.wav,Taylor,Widowed,Great product!,region=2024-01,72-6407566,01/27,+91,Olivia,6007371,"$425,528","410 Park Blvd, Seattle, PA 77956",Mrs.,pending,072,fp_aceff1cd97d9b01b,elizabeth.harris824,photo_3d90c152.jpg,New York,2019,Black,2018-05-19,"-82.04332, -58.591729",OR4035,Single,"3155 Pine Rd, Miami, PA 49697",voice_ea7ca55da8931a90.wav,image/png,amy.lee@outlook.com,"1398 Oak Ave, New York, CO 34886",1995,4910 shares @ $341.77,Single,Toronto,08/17/1994,photo_e849a31a.jpg,sess_CvqHzvQ8CQWImSpC6LNH3ilKHmm5Lua5EUIepD0r,Mr.,Ibuprofen 200mg,photo_fea54994.jpg,222-16-3038,field_a -> field_b,WP-CA-825117,Japan,R,sarah_white@gmail.com,892108884,3382280,WP-MX-710263,noah_miller,Other
Retail,[CONFIDENTIAL] Formula #740,max=4937,@ethanmartin676,716.93,"6284 Main St, Los Angeles, NC 29320",347,example.com,34144.3,/var/tmp/daily_48.csv,637,North Shore,amy.robinson320,"Tokyo, Switzerland",210.76,curated.users -> reports,voice_cfa3117d8329890a.wav,A formal definition of risk.,Mixed,Black,Critical,Mason,james.brown@acme.org,fp_0f458d7882fada71,2019-08-15 10:06:01,Tuberculosis,8581,Updated per client request.,Dr.,+1-752-570-6892,76.1,type,Robinson,"1312 Maple Dr, Toronto, IL 11534",331,Reuters,X57337342,photo_3e7b9b3e.jpg,04-28-1990,Rodriguez,Wearable,michael.thompson1@company.com,photo_24d896ce.jpg,Patricia,mason_robinson@yahoo.com,Switzerland,completed,EMP19516,fp_27f8499e7a909e24,fp_792677a404be2c74,782.539.2735,Rev.,5f16c933d02d21b4a2eaa9899fac0d4251446f823d89123bf3744d172223d8e4,GET /api/users,+1-581-541-4353,"5009 Elm St, Dallas, TX 43206",Figure 12: Distribution,Ms.,Female,fp_203c963f84fc3e7b,United States,NY8375171,White,logan_davis957,0008-28-1966,voice_15e21d59741564bd.wav,HOLD-2023-510,@masongarcia421,voice_bb16eb5fe8c0fd32.wav,778853,Sarah,5.99,White,Asian,666-55-2381,White,Other,Step 1: Initialize the system.,Rev.,4.5402,WP-JP-461221,SOAP/XML,+12887924643,A operational definition of data quality.,Emily,Young,Johnson,103-65-1574,mary.taylor211,Michael S. White,W,false,San Francisco,photo_0b2006fe.jpg,77.2,approved,Annual Report 2023,voice_3d22960ebcbf01d1.wav,Williams,Single,Great product!,region=acme,93-2019139,11/26,+1,Sarah,ID-322278,"$4,702,631","238 Elm St, Chicago, NC 36232",Prof.,rejected,963,fp_9feb833d50217846,harper_johnson887,photo_54137169.jpg,Miami,1995,Mixed,2026-07-26,"74.530936, -170.613811",JD5481,Married,"3186 Maple Dr, Chicago, PA 68155",voice_39c54eeca2a99ffe.wav,application/json,sarahsmith@company.com,"689 Elm St, Berlin, NC 21645",2012,3499 shares @ $457.86,Divorced,London,02/09/1982,photo_10a2d958.jpg,sess_Z5LLFxO9td3SKE5zgMuVVFR2IIaIoIdK79ltmmAQ,Mr.,Metformin 500mg,photo_806069e6.jpg,811-64-6402,input -> target_col,WP-US-511470,Israel,D,aidenking@example.com,370638319,9849723,WP-IN-878579,william_lewis,Non-binary
Retail,[CONFIDENTIAL] Formula #864,min=4882,@emmajackson261,108.5,"6600 Main St, Paris, FL 26748",722,company.com,81456.6,/var/uploads/batch_771.json,587,South Bay,loganbrown784,"Austin, Australia",227.35,staging.users -> analytics,voice_edf7513baac4b1ec.wav,A systematic definition of risk.,Other,Hispanic,High,Susan,jessica.martinez@acme.org,fp_6621dc88fb08c031,2022-03-16T22:02:26Z,COVID-19,72296,Reviewed and approved.,Dr.,+1-590-361-6955,86.9,id,Moore,"4918 Cedar Ln, New York, NY 37050",791,Eurostat,V33057195,photo_cd1eef67.jpg,0007-23-1977,Lee,IoT,oliver.lewis73@acme.org,photo_e2e47aac.jpg,Olivia,robert_lewis49@company.com,Italy,cancelled,EMP15072,fp_4925ff3dee717d82,fp_e4dbf8ab0c6ae3e1,549-624-1870,Ms.,29d158f53bf3203461d69dedc8e7a7869d1c96e19f5205f5ab8ce648857bed50,docker run,+1-323-633-6733,"1659 Elm St, New York, PA 57707",Figure 19: Distribution,Prof.,Male,fp_9b5a19a961f0895b,Australia,NY6334143,Asian,logangarcia743,07-23-1960,voice_94c5bf9cf1cf9918.wav,HOLD-2022-324,@michaelgarcia478,voice_b2dde70a6f8a3ad5.wav,3853300,Harper,7.4,Black,Asian,XXX-XX-5977,Clark,Female,Step 3: Configure the service.,Mr.,9.1726,WP-IN-918558,REST/JSON,843.621.5082,A systematic definition of compliance.,Anna,Williams,Moore,363-93-9053,jessica.white171,Olivia W. Clark,P,false,Seattle,photo_00f5191a.jpg,99.7,needs-review,Executive Analysis 2023,voice_9c2a64c62ea96599.wav,Anderson,Widowed,Needs improvement.,region=acme,68-5781572,02/28,+55,John,2474882,"$698,113","4401 Pine Rd, Berlin, GA 56777",Mr.,inactive,611,fp_21f9e9bb427ddcd1,harper.rodriguez558,photo_176e0e6c.jpg,San Francisco,2005,Hispanic,2018-04-20,"-51.524709, -43.301106",ZI1007,Widowed,"5728 Park Blvd, Denver, GA 36757",voice_44a8f76f624b71b2.wav,text/csv,sophia_jackson@outlook.com,"6602 Maple Dr, Dallas, CO 33754",2023,2840 shares @ $382.67,Single,Los Angeles,09-17-1941,photo_25e8808b.jpg,sess_Xxm59KPhW2Wya4YchOkKjMrkY7ClftVAglDJAd3B,Mr.,Omeprazole 20mg,photo_d152798d.jpg,303-51-2857,field_a -> field_b,WP-BR-442132,Brazil,S,aidenjackson@example.com,451027550,2942230,WP-MX-523752,michael_williams,Male
