iso_country_code,fact_blood_type,COUNTRY,postalCode,port_harbor_38,territory,field_exr,LONGITUDE,p_658,isoCountryCode,measlon,RETENTION_POLICY,score_index,timeZone,TIME_ZONE,d_coun,nation,customer_country,location_text_info,adr_line,p_abbr,address_line_v2,address_line,col_396,dim_130,LANDMARK_POI,continent,created_at,addressLine,RANK_RATING,geographic_coordinates,lon,location_text,disname,user_region_state_province,attr_635,geographicCoordinates,tz,margin,x_tax,rmta95,cron_schedule,col_brz,region_state_province_v2,KEYWORDS,user_airport,country_30,MAPPING_TRANSFORM,CONTINENT,country_raw,TITLE_PREFIX,user_longitude,col_293,attr_602,longitude_38,src_global_trade_item_number,continent_2,d_ssm,p_trans,tz_2,locationText,bnk_identification_number,landmark,country,license_terms_v2,ward,LOCATION_TEXT,addrline,src_distance,meta_pm,city_town_30,street,continent_3,col_cou,meta_nh,city_town_data,severity_level,dim_687,isocc,flight,val_252,col_lan,ppb,customer_district_borough,GEOGRAPHIC_COORDINATES,template_pattern,coords,x_fips,COUNTRY_2,subdomain,urlPiiContext,lhd6,airport_raw,adr_line_2,customer_time_zone,user_iata_code,threshold_limit_14,airport,age_14,longitude_v2,arw56,loctxt,country_2,iso_alpha_2,employee_rec,PORT_HARBOR,fact_landmark_poi,cityTown,field_cxs,landmark_poi_data,region_state_province,data_lineage,time_zone_30,field_dox,decimal_float_v2,latitude_info,time_zone_val,meta_601,bvbesn62,regionStateProvince,lat,CARD_EXPIRY_DATE,v_wj,customer_iso_country_code,REGION_STATE_PROVINCE,AIRPORT,dim_geographic_coordinates,iso_country_cd,CITY_TOWN,customer_default_value,qfee71,pmkng90,TENANT_IDENTIFIER,city,c_yc,district_borough_22,country_38,passport_num,createdat,port,src_continent,timeZone_2,dtype
CA,AB-,United Kingdom,BW9 6SG,Busan,NC,Big Ben,-54.566862,Hamburg,MX,-83.685846,30 days,5.27,America/New_York,UTC,Mexico,Canada,Germany,"Denver, Spain",8744 Oak Ave,GHKME,3296 Oak Ave,2131 Cedar Ln,Africa,3d6c6d5a-1657-4603-ab08-56b7ca357cf9,Eiffel Tower,Africa,2022-10-23 03:46:20,9228 Park Blvd,18,"45.395881, -40.700217",-44.894065,"London, Sweden",COVID-19,PA,Toronto,"32.370794, -30.129134",PST,Market-based,31-6107748,OH,"21 16 * * 0,6",Q3 2025,NY,"cloud, monitoring, reporting, analytics, scalability",SFO,Israel,input -> target_col,Africa,France,Mrs.,17.820389,5856 Maple Dr,NRT,-161.864294,7341552084350,Asia,BR,Bonjour,CET,"Seattle, India",601119095,Central Park,Norway,BSD-3-Clause,East Side,"Sydney, India",762 Cedar Ln,5926.0,michael.clark,Paris,1555 Main St,Africa,United States,Hamburg,San Francisco,Low,ADV-S620K3E5DC,JP,EQ5598,Rotterdam,Golden Gate Bridge,128.86,South Bay,"-13.048924, -88.881435",Dear {{customer}},"-6.815879, 129.887347",47684,Netherlands,company.net,https://example.com/users/b2ddd85d/profile,4579 Cedar Ln,LHR,7339 Pine Rd,Europe/London,VBL,min=5304,SIN,92,58.848288,Atlanta,"Seattle, France",Spain,MX,EMP-96976,Rotterdam,Big Ben,San Francisco,Central Park,Statue of Liberty,CA,staging.users -> exports,JST,2495 Oak Ave,4552.7763,-45.744739,America/New_York,LAX,EST,TX,"-66.125398, -24.352175",04/27,approved,JP,TX,ORD,"-25.918993, 75.565778",IN,Miami,'',Germany,Netherlands,tenant-014,Seattle,EWHKG4PFDCRHOMKHF2CX,South Bay,United Kingdom,B77348788,2023-06-15T16:33:32Z,Singapore,Europe,EST,delete
GB,O-,Italy,DC2 7MU,Shanghai,CA,Golden Gate Bridge,-146.650277,Busan,IN,51.51575,7 years,0.63,UTC,UTC,Netherlands,Brazil,Switzerland,"Portland, Netherlands",2373 Oak Ave,NPT,2660 Main St,9284 Maple Dr,Africa,8e860ef8-9010-4697-b9a1-e7a10093c084,Statue of Liberty,South America,2019-09-05T17:01:19Z,5581 Pine Rd,51,"77.548966, -146.487873",81.878989,"Chicago, Italy",Diabetes Mellitus,GA,Chicago,"17.753115, -82.195252",Europe/London,Value pricing,34-8264112,MA,32 17 * * 1-5,Q3 2023,IL,"security, data, reporting",JFK,Switzerland,source_col -> field_b,Africa,Australia,Rev.,116.501242,8166 Elm St,LHR,133.492138,4417711640398,Asia,AU,Bonjour,PST,"Sydney, Japan",3729040,Central Park,India,GPL-3.0,East Side,"Sydney, United Kingdom",9183 Pine Rd,6307.3,richard.anderson,San Francisco,8793 Oak Ave,Oceania,Singapore,Port of LA,Denver,Critical,ADV-1R4REZCC3V,US,DL899,Singapore,Eiffel Tower,179.35,Midtown,"-86.116567, 94.656739",Hello {{name}},"-27.610576, 138.322979",15957,Australia,acme.org,https://example.com/users/1ead44e7/profile,395 Park Blvd,SIN,6042 Elm St,Europe/London,OJQ,max=45,SFO,46,114.301857,Austin,"London, Netherlands",Sweden,FR,EMP-48896,Singapore,Statue of Liberty,Denver,Eiffel Tower,Golden Gate Bridge,CA,staging.orders -> reports,Europe/London,3777 Maple Dr,4489.5044,76.694384,EST,LAX,EST,IL,"25.792984, -127.705296",12/25,approved,AU,CA,LHR,"66.074695, -128.221832",IN,Toronto,'',Australia,South Korea,tenant-034,Seattle,42TR2OAEXJ89Q8XMAOCM,East Side,India,E46529171,2024-03-08T20:51:39Z,Port of LA,Asia,UTC,insert
BR,A-,Spain,96578,Shanghai,CA,Big Ben,17.475671,Port of LA,MX,17.87775,7 days,5.1,PST,PST,Singapore,Japan,United Kingdom,"London, Singapore",9638 Cedar Ln,AAZ,4272 Park Blvd,3740 Oak Ave,Africa,88680f03-f08f-4c7a-8408-3bc939ee3a5c,Eiffel Tower,South America,2020-09-04T02:47:16Z,9149 Cedar Ln,13,"-53.687814, -107.994734",-42.479201,"Paris, Australia",COVID-19,OH,Toronto,"-56.308224, -82.330915",PST,Market-based,60-9270683,CO,5 6 * * 1-5,Q4 2025,WA,"security, performance, compliance, data",SIN,Italy,source_col -> field_b,Africa,Italy,Rev.,107.425868,9292 Oak Ave,JFK,-146.824863,2694460526365,South America,MX,Guten Tag,America/New_York,"Paris, Canada",548529,Central Park,Singapore,CC BY 4.0,East Side,"Paris, United Kingdom",8157 Oak Ave,4228.5,james.young,Portland,30 Park Blvd,Africa,Sweden,Shanghai,Sydney,High,ADV-N4KXDZS6VB,JP,KJ5769,Port of LA,Golden Gate Bridge,870.28,South Bay,"-30.417725, -152.183817",Hello {{name}},"-84.208989, -80.39815",46548,Brazil,data.io,https://example.com/users/3464faae/profile,7850 Oak Ave,SIN,5467 Maple Dr,PST,ZIR,warn=40,LAX,115,103.596985,Boston,"New York, Switzerland",South Korea,FR,EMP-80138,Busan,Big Ben,Chicago,Central Park,Golden Gate Bridge,NC,staging.events -> analytics,Europe/London,868 Oak Ave,8016.8806,-27.65576,JST,JFK,EST,PA,"-54.097232, -106.839813",01/27,approved,US,NC,CDG,"-47.962276, -22.780611",MX,Chicago,null,United Kingdom,South Korea,tenant-030,London,BBPUAOLZUHUJWQEAXXKT,South Bay,Australia,B17509664,2019-04-13 01:54:35,Shanghai,Europe,EST,insert
JP,A-,Brazil,22601,Port of LA,PA,Central Park,-169.333569,Singapore,AU,-35.129673,1 year,0.53,America/New_York,UTC,Germany,Singapore,India,"Los Angeles, Australia",1714 Park Blvd,MLW,6975 Elm St,8964 Main St,Africa,4696c8f9-10a5-4902-bd20-c11c9d8cedf9,Golden Gate Bridge,Oceania,2024-11-01T19:31:14Z,2087 Maple Dr,7,"-4.653195, 22.092736",86.642104,"Denver, Netherlands",Diabetes Mellitus,CA,Dallas,"-40.661634, 42.516767",JST,Premium,62-3172217,MA,"16 11 * * 0,6",Q4 2022,CO,"integration, scalability, reporting, automation, data",SFO,Switzerland,input -> field_b,North America,France,Dr.,-61.453751,5564 Park Blvd,ORD,82.573485,5968891950826,South America,CA,Hola,America/New_York,"Berlin, Norway",583410,Eiffel Tower,Mexico,CC BY 4.0,Downtown,"Dallas, Norway",2180 Elm St,4141.6,mary.clark,Toronto,43 Main St,Africa,Israel,Rotterdam,Sydney,Info,ADV-2VLRT9GQ7P,JP,CW8409,Hamburg,Golden Gate Bridge,919.96,West End,"-72.133558, 1.230986",Dear {{customer}},"16.415039, 13.930311",56384,India,acme.org,https://example.com/users/6e08b6b9/profile,3922 Cedar Ln,ORD,2849 Main St,CET,IDM,max=5784,SIN,24,141.977458,Chicago,"Berlin, Spain",Norway,BR,EMP-75094,Singapore,Statue of Liberty,Houston,Golden Gate Bridge,Big Ben,CA,raw.users -> exports,EST,245 Cedar Ln,8068.0098,81.21779,JST,ORD,America/New_York,GA,"87.241268, -81.226994",02/25,active,BR,MA,NRT,"-57.00655, -0.039724",CA,Seattle,'',Sweden,Netherlands,tenant-036,Phoenix,HV0N37TFRYXWS4IRJHB2,Downtown,Brazil,G78126802,2022-09-07 04:25:32,Busan,Oceania,UTC,insert
IN,O+,India,92454,Shanghai,WA,Golden Gate Bridge,-124.139892,Rotterdam,GB,-176.16986,7 days,0.96,CET,Europe/London,France,Italy,Singapore,"Los Angeles, Switzerland",2094 Oak Ave,GBVF,9193 Main St,1228 Elm St,Europe,802cdd86-6d29-4242-93eb-c7ebd4f0ed33,Central Park,Africa,2024-09-17 23:45:10,8738 Elm St,92,"-1.17427, -49.936405",81.443042,"Portland, Sweden",Influenza,CA,Chicago,"-28.41705, 104.835613",EST,Premium,72-8571362,FL,"39 15 * * 0,6",Q4 2025,PA,"integration, performance, analytics",CDG,Italy,input -> target_col,North America,Sweden,Ms.,-43.879752,7136 Elm St,ORD,-98.48345,7096011916637,Oceania,MX,Hola,PST,"Boston, Germany",48720,Statue of Liberty,Canada,MIT,West End,"Los Angeles, South Korea",1921 Oak Ave,9019.7,amy.williams,Paris,4058 Park Blvd,Europe,Canada,Shanghai,Atlanta,Critical,ADV-GBXLIUW6O4,JP,PZ5455,Singapore,Big Ben,147.98,East Side,"38.266382, 128.89745",Hello {{name}},"-13.032864, 66.768239",22959,Spain,data.io,https://example.com/users/3a3663d5/profile,9300 Maple Dr,SFO,2685 Cedar Ln,Europe/London,JHM,crit=451,SFO,39,-1.742998,Phoenix,"London, United Kingdom",Mexico,IN,EMP-61498,Port of LA,Big Ben,Phoenix,Central Park,Eiffel Tower,NC,curated.users -> exports,Europe/London,7557 Oak Ave,5344.2922,6.354746,UTC,SIN,EST,GA,"-42.947145, -120.510057",07/30,failed,FR,PA,NRT,"-88.481356, -60.666507",CA,Chicago,0,Spain,France,tenant-020,Phoenix,AMYWPJ7QKUROHQQQDDXH,North Shore,Spain,O32640479,2020-10-03 23:28:14,Singapore,South America,CET,snapshot
DE,AB-,United States,18423,Shanghai,WA,Golden Gate Bridge,69.854378,Hamburg,CA,16.478239,7 days,8.32,PST,PST,Sweden,United States,France,"New York, Norway",2687 Maple Dr,BIVWA,6959 Maple Dr,5540 Cedar Ln,Europe,fad63071-4a8e-4e10-9aae-cc9d2be103c1,Central Park,Europe,2024-01-22 09:51:50,3432 Pine Rd,64,"70.610015, -90.315727",-101.506537,"Toronto, Singapore",Malaria,GA,Dallas,"31.587944, -137.763191",Europe/London,Value pricing,45-1270968,FL,"40 8 * * 0,6",Q3 2021,OH,"reporting, data",CDG,Singapore,field_a -> target_col,South America,United States,Hon.,-70.921779,6848 Maple Dr,JFK,-113.401091,2562845339376,Asia,FR,Hola,CET,"Phoenix, Italy",601126960,Eiffel Tower,Israel,BSD-3-Clause,Downtown,"Paris, Canada",3452 Maple Dr,4923.8,amy.young,Phoenix,4643 Maple Dr,Antarctica,Brazil,Singapore,Tokyo,Critical,ADV-XMOBU2AIPR,IN,XX5900,Shanghai,Statue of Liberty,459.32,Downtown,"20.787538, 101.925499",{{date}} - {{event}},"-37.753901, -121.235993",50341,South Korea,company.net,https://example.com/users/90a37a5e/profile,1709 Pine Rd,CDG,8679 Cedar Ln,Europe/London,SYB,min=5331,SFO,61,-2.737671,Chicago,"Atlanta, United Kingdom",France,MX,EMP-38810,Port of LA,Golden Gate Bridge,Boston,Big Ben,Golden Gate Bridge,CO,raw.users -> analytics,JST,4263 Main St,8882.0207,17.382689,CET,CDG,JST,PA,"55.602085, 150.923242",02/28,cancelled,DE,IL,SFO,"-34.277057, 150.292681",AU,Boston,0,Italy,France,tenant-021,Atlanta,0MX0NAIOOCMY9CSYB8H8,West End,Germany,Z92765419,2024-12-28T04:54:50Z,Singapore,Africa,UTC,update
FR,B-,Singapore,82586,Shanghai,TX,Golden Gate Bridge,-119.449248,Busan,BR,65.084278,7 days,3.32,America/New_York,America/New_York,India,Italy,Australia,"Sydney, France",4289 Oak Ave,JMFA,9990 Pine Rd,743 Park Blvd,North America,40831e1d-169e-4b3a-aafd-9c6ad659aab7,Statue of Liberty,Africa,2023-07-03 12:23:09,8257 Oak Ave,89,"45.848952, 78.693977",-91.204248,"Sydney, United Kingdom",Malaria,GA,Atlanta,"-20.4797, 67.223495",JST,Penetration,80-1745993,MA,27 9 * * *,Q3 2025,CA,"reporting, analytics, cloud",CDG,Netherlands,source_col -> field_b,North America,Japan,Prof.,63.802398,1331 Pine Rd,CDG,36.592987,2118029133228,Oceania,FR,Namaste,UTC,"Berlin, Norway",3702044,Statue of Liberty,Singapore,MIT,West End,"Seattle, United States",2042 Main St,5148.1,sophia.white,London,8196 Park Blvd,South America,Brazil,Rotterdam,Toronto,Medium,ADV-1CMBFSH36V,JP,ZB766,Hamburg,Central Park,511.12,West End,"-75.591537, 133.934274",Hello {{name}},"-44.134461, -145.951345",01606,United States,company.net,https://example.com/users/e7058948/profile,1240 Maple Dr,CDG,3895 Oak Ave,CET,ZYF,min=1609,NRT,28,-90.87194,Atlanta,"London, Israel",South Korea,CA,EMP-89937,Singapore,Eiffel Tower,San Francisco,Golden Gate Bridge,Central Park,IL,curated.events -> analytics,JST,9404 Pine Rd,2221.1001,59.198991,CET,CDG,America/New_York,TX,"31.698247, -174.375023",02/30,active,DE,NY,NRT,"27.024399, -48.44301",IN,New York,false,Norway,France,tenant-009,Seattle,A2FAY8HT2T3ROK76MR9C,East Side,South Korea,C77464633,2021-02-24T11:21:38Z,Shanghai,Asia,JST,delete
US,AB+,Mexico,55117,Hamburg,TX,Eiffel Tower,-109.199833,Singapore,FR,-157.92928,7 years,8.38,CET,Europe/London,Netherlands,Spain,Norway,"Phoenix, Spain",1114 Pine Rd,ZV,3496 Maple Dr,5327 Cedar Ln,North America,ff9bf5c7-f152-41dc-9bfa-742525c77bec,Golden Gate Bridge,Africa,2020-12-01 09:49:06,7992 Pine Rd,17,"-71.721398, -158.331023",122.400572,"Houston, Switzerland",Tuberculosis,GA,Denver,"47.550193, -39.821384",JST,Market-based,94-5328758,OH,46 17 * * 1-5,Q3 2021,PA,"scalability, reporting, performance",ORD,Switzerland,field_a -> output,Oceania,Australia,Rev.,5.167588,8099 Pine Rd,JFK,144.698359,1117467749963,Africa,FR,Konnichiwa,JST,"Seattle, France",501586,Big Ben,Mexico,Proprietary,Midtown,"London, Italy",9653 Oak Ave,6896.2,emily.garcia,Dallas,3836 Main St,North America,Germany,Busan,Portland,Medium,ADV-TVL9JZGQ4N,AU,NN7054,Singapore,Big Ben,865.34,Midtown,"-12.786099, 46.382349",Order #{{id}},"36.248766, 18.501151",02867,Switzerland,data.io,https://example.com/users/dd219d43/profile,9298 Cedar Ln,LHR,3064 Elm St,EST,OZE,crit=2432,SIN,40,-83.510033,Boston,"Phoenix, Brazil",United States,BR,EMP-74215,Port of LA,Big Ben,Los Angeles,Eiffel Tower,Central Park,GA,raw.events -> reports,JST,9058 Oak Ave,6874.4966,81.46436,JST,ORD,America/New_York,CA,"24.261664, 69.770116",02/29,approved,AU,WA,JFK,"-78.967327, 45.24986",FR,Los Angeles,1,Germany,Brazil,tenant-042,Berlin,Y0O4QYSW4UUYCCKN9DFT,North Shore,France,O24761220,2023-12-03 16:16:38,Busan,Asia,CET,delete
AU,B+,Netherlands,30682,Singapore,NY,Golden Gate Bridge,-157.185515,Rotterdam,CA,-135.177602,7 years,2.31,America/New_York,PST,Netherlands,Netherlands,Netherlands,"Paris, Mexico",8229 Cedar Ln,YH,9955 Elm St,4982 Park Blvd,North America,6dd6f377-0783-41e2-a836-20911f994612,Central Park,South America,2024-12-19T20:53:00Z,7168 Park Blvd,3,"11.899396, -172.475649",-46.877862,"Seattle, United States",Diabetes Mellitus,GA,Toronto,"58.030552, 1.929168",Europe/London,Value pricing,80-2395472,NY,49 3 * * 1-5,Q1 2022,IL,"compliance, automation, integration, data, scalability",SIN,India,input -> target_col,North America,Spain,Dr.,-39.04107,204 Maple Dr,JFK,-73.239409,2006852649536,Antarctica,IN,Guten Tag,JST,"Sydney, Canada",56272,Statue of Liberty,United States,BSD-3-Clause,West End,"London, Switzerland",6269 Park Blvd,3546.0,emily.thomas,Denver,5435 Main St,South America,United States,Port of LA,Chicago,Medium,ADV-RY1WGVEELD,US,PA2545,Rotterdam,Statue of Liberty,55.81,West End,"-52.452749, -48.334841",Dear {{customer}},"-13.283285, 64.568736",11901,United Kingdom,service.cloud,https://example.com/users/b431b670/profile,3226 Main St,LAX,5946 Elm St,CET,VCJ,max=719,JFK,87,19.653355,Sydney,"Portland, Brazil",India,MX,EMP-55873,Port of LA,Big Ben,Berlin,Central Park,Statue of Liberty,CO,staging.users -> analytics,Europe/London,7131 Main St,3563.1732,53.9327,EST,CDG,JST,PA,"86.495432, 62.245778",06/27,rejected,DE,CA,ORD,"31.76387, -55.249629",MX,New York,'',Japan,Brazil,tenant-028,Berlin,WGH735JNWHY8LOHAQV0Z,North Shore,Canada,V85027768,2022-03-22 20:08:33,Hamburg,South America,CET,insert
DE,AB-,France,41268,Shanghai,IL,Golden Gate Bridge,-34.137317,Busan,JP,-99.473591,7 years,0.54,CET,UTC,Canada,South Korea,France,"Paris, Germany",2708 Pine Rd,SX,1190 Maple Dr,1603 Oak Ave,Asia,f1f92a5b-797d-4d2c-a3ad-be0395cd4a49,Central Park,Europe,2024-06-11 01:27:49,531 Cedar Ln,34,"58.406208, 162.413895",121.500403,"Boston, Singapore",Malaria,WA,Chicago,"-38.167445, 104.46374",UTC,Value pricing,30-9716600,IL,57 1 * * *,Q4 2020,CA,"monitoring, automation, compliance, security, cloud",SFO,Singapore,source_col -> target_col,South America,Canada,Hon.,10.418223,3318 Park Blvd,SFO,-152.410324,5530036981477,Asia,GB,Konnichiwa,PST,"Miami, Germany",601102310,Golden Gate Bridge,Japan,MIT,Downtown,"Austin, Germany",8618 Pine Rd,346.6,lucas.miller,Chicago,5959 Main St,Antarctica,India,Hamburg,Los Angeles,Info,ADV-Q8WAHL0236,FR,DQ2432,Hamburg,Central Park,802.28,South Bay,"-41.613106, -54.940151",Hello {{name}},"-33.441984, -109.163883",01476,Italy,data.io,https://example.com/users/b46a1255/profile,8238 Elm St,LAX,16 Cedar Ln,America/New_York,CRQ,max=9434,CDG,94,-113.729788,Boston,"Miami, Germany",Germany,BR,EMP-94769,Port of LA,Eiffel Tower,Austin,Central Park,Eiffel Tower,NC,raw.orders -> analytics,JST,4598 Maple Dr,7340.185,-66.127363,UTC,NRT,JST,NC,"25.368893, 148.780988",04/29,completed,MX,PA,ORD,"-65.016852, -139.354307",CA,Seattle,false,Brazil,Germany,tenant-026,Atlanta,EBJ6VSBER6JMNIWTBI14,Midtown,Brazil,E85670153,2019-01-24 11:24:46,Port of LA,Oceania,PST,update
CA,A-,United Kingdom,VP7 6CL,Singapore,IL,Golden Gate Bridge,147.56373,Port of LA,JP,153.117341,7 days,4.25,EST,EST,Italy,United States,Switzerland,"New York, Israel",4003 Park Blvd,WBXWI,5074 Main St,1922 Main St,Europe,ec5b8ae8-bf93-4825-a831-47eee8168945,Central Park,Europe,2020-08-16 09:06:48,892 Elm St,49,"-62.252014, 13.220511",-122.959408,"Sydney, Italy",Tuberculosis,MA,Berlin,"17.957178, -69.79408",Europe/London,Premium,73-3448080,OH,53 5 * * 1-5,Q3 2023,IL,"integration, security, cloud, data, performance",JFK,Sweden,source_col -> target_col,Antarctica,Singapore,Rev.,17.726056,1051 Elm St,SIN,-117.379447,6478216842907,South America,BR,Konnichiwa,America/New_York,"Austin, Germany",43961,Golden Gate Bridge,Netherlands,Apache-2.0,North Shore,"Houston, South Korea",4800 Park Blvd,4194.8,robert.walker,Tokyo,7539 Park Blvd,Asia,Canada,Busan,Boston,High,ADV-JGUTCM8B4G,DE,WI6691,Port of LA,Statue of Liberty,125.55,North Shore,"-16.339098, -32.635319",Order #{{id}},"0.691277, -14.676967",05537,Singapore,company.net,https://example.com/users/95cc7793/profile,8638 Oak Ave,ORD,5695 Park Blvd,CET,ACW,crit=3613,SIN,45,-118.25644,Phoenix,"Berlin, Netherlands",Singapore,US,EMP-81382,Rotterdam,Statue of Liberty,Boston,Golden Gate Bridge,Big Ben,NY,raw.users -> exports,America/New_York,8240 Oak Ave,2379.6156,-69.266341,PST,JFK,JST,WA,"-63.694342, 171.203591",08/24,rejected,CA,NC,NRT,"-89.388476, 126.917097",AU,Paris,CURRENT_TIMESTAMP,Norway,Italy,tenant-037,Atlanta,USSNWQGB4GV3FWWUTUV8,West End,Canada,F93426664,2019-02-19 06:47:46,Shanghai,Europe,PST,snapshot
IN,AB-,Sweden,94285,Singapore,CA,Eiffel Tower,-24.205604,Shanghai,BR,-133.259969,7 days,0.03,CET,America/New_York,United Kingdom,Canada,Israel,"Berlin, Italy",8193 Maple Dr,VD,8751 Oak Ave,9856 Maple Dr,Africa,3355dcc2-1649-4af2-8555-19f3b6eec788,Central Park,Africa,2025-08-17 12:00:50,7618 Oak Ave,8,"40.001453, -125.958503",-154.317324,"San Francisco, United Kingdom",Influenza,GA,Chicago,"-43.771261, -100.323269",CET,Market-based,31-3188568,NC,29 10 * * *,Q1 2026,NC,"analytics, performance, integration, cloud, data",LAX,Israel,source_col -> field_b,Africa,Italy,Rev.,-91.649642,4841 Park Blvd,NRT,8.162783,6765960343930,Oceania,FR,Guten Tag,CET,"San Francisco, United Kingdom",370301,Big Ben,Germany,Apache-2.0,West End,"Phoenix, Switzerland",2573 Oak Ave,5247.4,olivia.martin,Berlin,9186 Main St,Asia,France,Busan,Seattle,Low,ADV-1ALZ70CJLK,FR,SG6779,Busan,Statue of Liberty,829.03,East Side,"-57.724313, 17.008894",Dear {{customer}},"43.837222, 130.830532",43687,Singapore,service.cloud,https://example.com/users/6b1dde48/profile,1829 Main St,SFO,8915 Elm St,Europe/London,GNM,max=1774,SIN,54,120.691949,Phoenix,"Berlin, Japan",Australia,CA,EMP-15690,Shanghai,Big Ben,Miami,Eiffel Tower,Eiffel Tower,WA,curated.events -> analytics,PST,516 Oak Ave,6533.3116,46.349278,Europe/London,JFK,EST,CO,"16.445383, 34.588024",01/29,approved,US,NC,LHR,"18.331113, 166.450295",DE,Portland,CURRENT_TIMESTAMP,Norway,Netherlands,tenant-025,Seattle,DW3JKCDHVX5FQ16R0AEW,North Shore,France,S26531330,2023-04-01T21:22:40Z,Hamburg,Oceania,America/New_York,update
US,A+,South Korea,31037,Shanghai,WA,Golden Gate Bridge,83.263257,Rotterdam,DE,57.67085,indefinite,1.22,EST,JST,Spain,Norway,Switzerland,"San Francisco, Israel",2471 Oak Ave,CDMRI,3343 Cedar Ln,1961 Cedar Ln,South America,ec53aeb5-7757-45bf-940a-ca76ac2844d6,Eiffel Tower,Asia,2021-09-24 15:30:19,4697 Pine Rd,49,"-57.799346, -171.087309",142.704786,"Chicago, Spain",Tuberculosis,FL,Berlin,"42.221588, 94.432786",UTC,Value pricing,24-9380456,CO,"4 18 * * 0,6",Q4 2024,MA,"monitoring, scalability, integration, automation, analytics",LHR,Australia,field_a -> output,Asia,Italy,Rev.,30.169384,5153 Main St,CDG,-146.289724,7272845375885,Africa,GB,Bonjour,Europe/London,"Phoenix, Israel",531791,Eiffel Tower,Sweden,MIT,East Side,"Houston, Germany",3777 Cedar Ln,7807.4,mason.thompson,New York,5549 Park Blvd,North America,Italy,Singapore,Denver,Info,ADV-MKT475L657,IN,GK4549,Rotterdam,Statue of Liberty,16.27,North Shore,"-69.932337, -87.174477",Order #{{id}},"-4.266672, 167.631437",52801,Spain,acme.org,https://example.com/users/4b897789/profile,6653 Cedar Ln,LHR,5528 Oak Ave,UTC,ZSP,min=1957,SFO,119,34.232256,Portland,"Berlin, United Kingdom",Israel,IN,EMP-11696,Shanghai,Central Park,Los Angeles,Eiffel Tower,Statue of Liberty,CA,staging.users -> exports,Europe/London,3550 Cedar Ln,4117.1401,8.426593,PST,SFO,CET,IL,"-67.668862, -97.780338",04/24,failed,CA,TX,ORD,"-62.928909, -91.372252",BR,Denver,'',Switzerland,Spain,tenant-015,Austin,0FAJYCEJ59RKYHFTDCY0,West End,Australia,F53356797,2020-10-25T11:00:02Z,Rotterdam,Africa,CET,snapshot
FR,A+,Netherlands,19293,Port of LA,CA,Eiffel Tower,-86.704014,Shanghai,AU,111.353111,1 year,9.26,CET,Europe/London,India,Mexico,Mexico,"Miami, France",2504 Park Blvd,JTMQ,2982 Maple Dr,9403 Maple Dr,North America,aa8db3bc-c7eb-48bc-98a7-56034365711d,Golden Gate Bridge,North America,2018-12-18 12:26:59,5435 Main St,78,"-2.11894, 129.55705",44.812798,"Paris, Norway",Malaria,CO,Paris,"50.69802, -167.838543",Europe/London,Value pricing,32-4161225,NY,38 2 * * 1-5,Q1 2020,FL,"reporting, integration, automation, security, data",SFO,Switzerland,source_col -> target_col,Asia,Singapore,Mrs.,-161.883202,1091 Elm St,LHR,-56.813363,7096804636800,South America,US,Hola,EST,"Paris, Japan",511816,Central Park,Israel,MIT,South Bay,"London, Mexico",3858 Elm St,9042.3,linda.lee,Phoenix,3132 Park Blvd,Europe,Mexico,Rotterdam,Austin,Info,ADV-J6WJTLHJ4F,GB,HZ7992,Port of LA,Big Ben,523.22,Midtown,"38.771265, 162.663285",Hello {{name}},"-81.096881, 68.384908",05860,United States,data.io,https://example.com/users/ff315d29/profile,8815 Cedar Ln,LAX,6891 Oak Ave,America/New_York,WKP,warn=8303,ORD,71,-94.094037,Paris,"Houston, Japan",Sweden,IN,EMP-65505,Shanghai,Central Park,Miami,Eiffel Tower,Eiffel Tower,FL,raw.events -> reports,America/New_York,94 Maple Dr,5535.1007,3.546469,EST,CDG,CET,TX,"79.893969, -49.069514",03/26,cancelled,CA,FL,ORD,"-51.14926, -102.578247",BR,San Francisco,0,Sweden,Germany,tenant-021,Portland,JX97TELEMF3Q4T4TUMXW,East Side,Israel,N42333788,2023-11-28T15:57:43Z,Port of LA,South America,Europe/London,upsert
MX,A+,Brazil,WN5 2MJ,Shanghai,CA,Golden Gate Bridge,-75.400033,Shanghai,IN,27.420801,7 years,8.62,EST,JST,Australia,Israel,United States,"Phoenix, Australia",257 Maple Dr,VPIS,3052 Park Blvd,7877 Oak Ave,North America,b2b09749-cffd-40b5-af59-8329a7085315,Eiffel Tower,South America,2025-02-16T14:44:40Z,1931 Maple Dr,73,"-65.812596, 88.291479",92.247878,"Houston, Australia",COVID-19,NC,Los Angeles,"-75.113703, -83.785052",JST,Penetration,97-7849927,WA,17 14 * * *,Q2 2025,PA,"security, reporting, data",JFK,United Kingdom,source_col -> target_col,Africa,United States,Rev.,-148.016308,8250 Park Blvd,LHR,-153.773979,7562859978559,South America,AU,Namaste,CET,"Sydney, Netherlands",45768,Eiffel Tower,Germany,GPL-3.0,West End,"Portland, United Kingdom",4839 Pine Rd,3794.7,linda.moore,Berlin,3575 Park Blvd,Europe,Singapore,Singapore,Berlin,Medium,ADV-KWDV49NECS,MX,QA9164,Singapore,Central Park,270.48,Midtown,"5.823224, 132.71159",Dear {{customer}},"-17.158446, -103.072707",39406,Italy,example.com,https://example.com/users/e1146174/profile,7886 Main St,SIN,721 Pine Rd,Europe/London,PYI,crit=5321,SIN,82,-36.695186,Seattle,"Dallas, Spain",Sweden,JP,EMP-24702,Shanghai,Statue of Liberty,Houston,Central Park,Golden Gate Bridge,WA,staging.orders -> exports,Europe/London,6886 Oak Ave,8996.5618,58.848441,UTC,ORD,Europe/London,CA,"-22.423288, -94.559304",05/28,inactive,US,MA,SIN,"-78.785895, 164.119782",BR,Atlanta,false,Mexico,Japan,tenant-004,Denver,4BTJP4Q1B39IF2PHKBIW,Midtown,Spain,F39473168,2020-12-02 23:35:32,Rotterdam,Europe,CET,upsert
BR,O-,United Kingdom,GP7 5XE,Rotterdam,TX,Central Park,-74.55429,Rotterdam,JP,-0.135989,7 years,8.21,PST,UTC,France,Mexico,Canada,"Berlin, South Korea",2379 Cedar Ln,CCI,5458 Maple Dr,3630 Cedar Ln,Antarctica,bb9b2da6-4da9-49c6-9e60-019872481317,Golden Gate Bridge,Asia,2021-04-11T04:06:33Z,466 Maple Dr,30,"-47.276879, -9.706778",75.817638,"Los Angeles, India",Tuberculosis,NC,New York,"-21.386126, -3.976679",Europe/London,Market-based,38-8224304,NY,54 23 * * *,Q3 2022,IL,"monitoring, compliance",LAX,United Kingdom,source_col -> output,Oceania,Netherlands,Mrs.,12.769983,9979 Pine Rd,LAX,-4.783902,6369731186108,Antarctica,DE,Hola,CET,"Miami, Italy",60112002,Big Ben,Italy,BSD-3-Clause,Downtown,"Chicago, United Kingdom",3443 Pine Rd,1880.2,michael.anderson,Boston,1185 Oak Ave,North America,Australia,Port of LA,Toronto,High,ADV-ZCZ5IJ37OJ,DE,PX6239,Hamburg,Golden Gate Bridge,118.3,South Bay,"-69.862867, 37.87418",Order #{{id}},"-48.113084, -4.85121",18934,Japan,data.io,https://example.com/users/cbacc946/profile,2967 Main St,ORD,2509 Main St,JST,FNO,warn=7415,NRT,99,-26.652615,Paris,"Berlin, United States",Sweden,IN,EMP-24185,Singapore,Big Ben,San Francisco,Central Park,Central Park,CA,curated.users -> reports,Europe/London,1680 Park Blvd,-840.6949,-29.361205,PST,LAX,PST,CO,"-37.864568, -12.990141",06/28,cancelled,GB,TX,LHR,"33.321415, 136.915835",IN,Tokyo,CURRENT_TIMESTAMP,United Kingdom,Brazil,tenant-029,London,NVNJXWSQA9L9KCJ6AA9F,South Bay,United Kingdom,X56557791,2020-12-01 18:07:36,Busan,Antarctica,UTC,update
IN,O+,Israel,35880,Singapore,CA,Central Park,-132.579357,Busan,IN,80.821365,indefinite,4.93,UTC,PST,Mexico,Israel,Brazil,"Chicago, United Kingdom",5774 Maple Dr,LG,4068 Cedar Ln,2981 Pine Rd,Oceania,c4413b96-38d9-47e0-bffb-4ddc280f16b8,Eiffel Tower,Antarctica,2022-04-09T09:38:36Z,3407 Cedar Ln,73,"26.943148, 75.678323",-63.780964,"Paris, Spain",Influenza,CA,Boston,"26.755329, -147.889782",UTC,Cost-plus 25%,68-9553156,IL,43 23 * * *,Q3 2022,NY,"security, reporting, cloud, integration",NRT,United States,input -> output,North America,France,Mr.,90.368397,4863 Oak Ave,SFO,-164.693456,9639657601895,North America,CA,Namaste,UTC,"Houston, Sweden",458826,Statue of Liberty,Australia,Proprietary,South Bay,"Paris, South Korea",4873 Cedar Ln,6619.9,sarah.clark,Los Angeles,5527 Main St,Oceania,Mexico,Port of LA,Seattle,Info,ADV-S4F2XJDO33,DE,WE342,Port of LA,Eiffel Tower,685.89,South Bay,"-19.7027, 36.389652",Hello {{name}},"-68.335625, 94.459501",34824,Italy,data.io,https://example.com/users/b6f567c1/profile,2308 Maple Dr,SIN,1662 Pine Rd,CET,EWU,max=7226,JFK,99,-115.662851,Los Angeles,"Phoenix, France",United Kingdom,BR,EMP-65440,Busan,Golden Gate Bridge,Seattle,Big Ben,Statue of Liberty,CO,raw.events -> exports,PST,5341 Cedar Ln,2743.071,-10.567654,UTC,ORD,JST,IL,"49.659823, 10.53036",09/29,active,BR,MA,LHR,"45.45777, -73.233364",FR,Seattle,'',Italy,Spain,tenant-027,Houston,PWUGTK4J2V2WRSDDQ3WT,West End,Italy,A95208252,2026-01-10T02:50:06Z,Busan,North America,America/New_York,upsert
MX,A-,Brazil,14736,Hamburg,WA,Eiffel Tower,110.654686,Singapore,MX,113.826524,indefinite,6.83,CET,America/New_York,United Kingdom,France,Singapore,"Denver, Mexico",9930 Oak Ave,IY,6285 Park Blvd,47 Cedar Ln,Africa,7df7181e-247d-44e0-9648-78d264e742ae,Central Park,Asia,2019-06-04 14:01:42,5816 Pine Rd,87,"-24.98454, -92.791593",90.454006,"Dallas, United Kingdom",Influenza,TX,Atlanta,"-59.733585, 121.177286",PST,Premium,86-9918247,CO,9 18 * * 1-5,Q3 2025,PA,"monitoring, analytics, security, data, integration",ORD,Japan,field_a -> target_col,South America,United States,Rev.,-170.26674,3614 Elm St,CDG,-21.285974,4869785469525,Europe,CA,Namaste,PST,"Berlin, Spain",46807,Golden Gate Bridge,Norway,MIT,Midtown,"Boston, India",2667 Pine Rd,19.2,liam.smith,Tokyo,2309 Cedar Ln,Oceania,Australia,Shanghai,Toronto,High,ADV-GIWEZX4MJ5,US,OJ6993,Singapore,Big Ben,212.62,Downtown,"-76.874029, -93.461009",Order #{{id}},"-49.625369, -48.979752",32465,Singapore,company.net,https://example.com/users/75890ce5/profile,8019 Cedar Ln,CDG,1874 Pine Rd,EST,GPY,crit=6748,SIN,118,91.220254,Los Angeles,"Miami, Sweden",Netherlands,MX,EMP-47032,Rotterdam,Golden Gate Bridge,Atlanta,Golden Gate Bridge,Eiffel Tower,TX,curated.users -> analytics,CET,2423 Oak Ave,1664.3899,-4.418549,EST,ORD,EST,GA,"-36.04026, 122.467082",01/29,approved,BR,PA,CDG,"50.618515, 55.959147",IN,Chicago,1,France,Switzerland,tenant-039,Denver,MZFCMAX36ML1SN50FZ45,North Shore,Mexico,Z74717579,2018-08-18T13:31:46Z,Busan,Africa,America/New_York,snapshot
DE,O+,Italy,CV9 1AI,Shanghai,OH,Big Ben,34.169238,Singapore,CA,-76.805931,7 days,1.28,UTC,America/New_York,South Korea,France,Sweden,"Portland, France",4405 Elm St,CM,3547 Main St,8872 Pine Rd,Africa,39c834c5-e612-4312-bda9-b632311fbcae,Central Park,Africa,2021-01-24T18:52:30Z,6443 Park Blvd,90,"11.062214, 160.059916",153.978069,"Seattle, United States",Influenza,OH,London,"66.328326, 62.605205",CET,Value pricing,36-6537903,IL,38 6 * * 1-5,Q4 2024,FL,"reporting, performance, cloud, automation",LAX,Mexico,field_a -> output,Oceania,Sweden,Prof.,-149.207785,6502 Main St,CDG,13.572192,3452644619765,North America,DE,Bonjour,EST,"Dallas, Israel",60118732,Golden Gate Bridge,United States,MIT,Downtown,"Denver, Singapore",8107 Pine Rd,3447.8,lucas.williams,Dallas,439 Cedar Ln,Africa,Norway,Busan,Seattle,Low,ADV-NVMYWSGN3N,DE,WI1529,Busan,Statue of Liberty,158.32,East Side,"-38.833094, -52.589661",Order #{{id}},"49.113691, -52.919213",18646,Norway,example.com,https://example.com/users/9dfc4c5c/profile,8407 Main St,NRT,257 Maple Dr,America/New_York,EPA,warn=7404,SIN,37,-150.201935,London,"Paris, Norway",Brazil,JP,EMP-17380,Rotterdam,Eiffel Tower,Boston,Statue of Liberty,Central Park,CO,raw.events -> exports,EST,8173 Pine Rd,8368.047,-1.395071,PST,CDG,UTC,NY,"-75.66272, 66.211603",04/24,cancelled,JP,PA,JFK,"-73.439138, 57.970497",IN,Boston,'',Norway,Germany,tenant-024,Los Angeles,XUIGBHJ0KN0YGECUDYAR,West End,Singapore,L98675696,2019-05-17T10:22:25Z,Rotterdam,Oceania,UTC,snapshot
BR,A+,France,CU1 6UI,Busan,NC,Big Ben,2.272616,Shanghai,DE,-129.977592,7 years,9.82,JST,America/New_York,United Kingdom,Italy,India,"Dallas, Spain",8832 Oak Ave,AYWRS,9265 Park Blvd,7796 Pine Rd,Africa,e0bd9b95-750c-4800-b550-b82082bba286,Eiffel Tower,Antarctica,2023-02-13 18:13:21,9973 Main St,47,"-15.267391, -80.063819",56.242231,"Portland, Germany",Diabetes Mellitus,CA,Los Angeles,"-77.489795, -100.309547",PST,Market-based,94-4400803,CA,"18 3 * * 0,6",Q4 2021,CO,"security, integration, cloud, reporting, analytics",LHR,Netherlands,field_a -> output,Oceania,Italy,Prof.,-57.291143,4534 Pine Rd,CDG,142.984196,4375385932316,Oceania,BR,Namaste,UTC,"Miami, Spain",588767,Eiffel Tower,Israel,CC BY 4.0,Midtown,"Los Angeles, Switzerland",4740 Elm St,3257.2,harper.young,San Francisco,7772 Elm St,Oceania,South Korea,Rotterdam,Sydney,Critical,ADV-FUN15E8I63,BR,PU4906,Busan,Golden Gate Bridge,394.35,Downtown,"-47.75899, -130.120564",Order #{{id}},"-78.797457, -149.212662",30398,Sweden,service.cloud,https://example.com/users/29cc56fb/profile,4505 Park Blvd,NRT,2188 Maple Dr,PST,OPK,warn=2537,LHR,41,-50.953637,Berlin,"New York, Israel",Israel,JP,EMP-84955,Port of LA,Golden Gate Bridge,Toronto,Golden Gate Bridge,Central Park,MA,staging.users -> exports,CET,1976 Pine Rd,8059.0493,89.66038,America/New_York,JFK,JST,OH,"-8.769146, 18.408253",06/25,active,DE,IL,CDG,"-61.463094, -176.844795",BR,Boston,CURRENT_TIMESTAMP,France,Brazil,tenant-035,Houston,DF27JA9U2XN9T0HEWEXX,East Side,South Korea,O60304149,2026-10-26T07:21:46Z,Shanghai,South America,UTC,delete
BR,O+,Japan,UY3 2LQ,Busan,IL,Eiffel Tower,22.756342,Singapore,AU,-138.173497,1 year,6.7,JST,EST,Israel,Japan,Brazil,"Los Angeles, Norway",2456 Cedar Ln,GTDMR,617 Maple Dr,8788 Park Blvd,South America,6bbb7dad-058e-42ab-baba-4c2f64d74c3c,Golden Gate Bridge,South America,2018-02-12T08:44:19Z,7647 Elm St,37,"-16.813986, 31.993928",-33.058526,"Tokyo, Switzerland",Tuberculosis,CO,Atlanta,"-14.83286, -170.674065",PST,Penetration,39-8013709,OH,35 5 * * 1-5,Q2 2023,MA,"analytics, scalability, automation, compliance",ORD,Germany,source_col -> target_col,Asia,Switzerland,Mrs.,-55.669223,281 Park Blvd,LHR,-103.883816,8455062258107,Oceania,MX,Konnichiwa,PST,"Seattle, Singapore",480152,Eiffel Tower,Israel,GPL-3.0,West End,"Tokyo, Mexico",4564 Elm St,4416.8,aiden.young,Chicago,3349 Park Blvd,North America,France,Busan,Denver,Info,ADV-93VM3XWBPB,FR,TR3342,Busan,Big Ben,730.17,Downtown,"70.119639, 76.501071",{{date}} - {{event}},"55.543891, -91.025094",36606,Singapore,company.net,https://example.com/users/53faaeb2/profile,5850 Main St,CDG,7606 Maple Dr,CET,VFB,min=6681,NRT,86,133.950774,Toronto,"Los Angeles, Japan",France,JP,EMP-68535,Busan,Central Park,Miami,Central Park,Big Ben,CA,curated.users -> reports,Europe/London,6515 Pine Rd,674.0663,-38.209851,Europe/London,LHR,CET,OH,"-36.338275, -128.355442",12/27,pending,JP,WA,JFK,"11.847999, 161.778202",AU,Dallas,CURRENT_TIMESTAMP,Germany,Israel,tenant-039,Austin,HB4JEFRPX8XBEW694I7W,South Bay,India,T14305656,2018-08-15 12:57:51,Rotterdam,Asia,America/New_York,snapshot
CA,A-,United States,88482,Shanghai,TX,Central Park,48.879701,Singapore,AU,179.277938,1 year,7.25,CET,PST,Switzerland,Japan,South Korea,"Miami, France",4345 Park Blvd,CX,8730 Oak Ave,5711 Cedar Ln,Europe,229143ed-af26-4e86-9844-59520e6af00a,Golden Gate Bridge,North America,2022-05-09T12:39:39Z,6022 Main St,80,"52.352689, 7.003259",65.573155,"Denver, Netherlands",Diabetes Mellitus,WA,New York,"87.905722, 0.762801",EST,Premium,37-6202913,OH,21 21 * * 1-5,Q2 2024,IL,"compliance, performance, security, integration, cloud",ORD,Italy,input -> target_col,South America,Spain,Hon.,-12.619181,5146 Pine Rd,SFO,66.96575,8829572590737,South America,JP,Hola,PST,"Phoenix, Mexico",462485,Statue of Liberty,Singapore,Proprietary,Downtown,"San Francisco, Japan",4698 Cedar Ln,1906.2,william.brown,Boston,3054 Elm St,Oceania,France,Busan,Miami,Critical,ADV-AXNPG8X80S,AU,EZ2670,Hamburg,Central Park,796.71,Downtown,"20.353707, 65.110106",Order #{{id}},"-71.942091, -24.396698",42454,Mexico,data.io,https://example.com/users/e4f2b292/profile,7543 Maple Dr,CDG,285 Cedar Ln,UTC,IYS,warn=3656,LAX,76,80.000018,Austin,"Portland, Canada",Switzerland,JP,EMP-14421,Rotterdam,Eiffel Tower,Tokyo,Central Park,Eiffel Tower,NC,raw.orders -> analytics,CET,2408 Elm St,5626.7875,-41.745652,PST,LHR,EST,GA,"16.906792, 57.688766",07/24,cancelled,US,CO,SIN,"30.326136, -130.977864",DE,Berlin,CURRENT_TIMESTAMP,India,Israel,tenant-017,Los Angeles,KZ3WL067N5966WX09830,West End,Brazil,I44475984,2021-05-02 15:08:24,Singapore,South America,PST,snapshot
DE,O+,Australia,VC1 9ZE,Singapore,WA,Central Park,-95.094354,Singapore,CA,-114.74834,indefinite,6.54,EST,PST,Norway,Sweden,Australia,"Tokyo, Israel",5759 Park Blvd,XHZJ,6579 Oak Ave,4118 Park Blvd,Europe,cd2b2074-ae2f-4ec1-a435-a21c90413b35,Central Park,Asia,2026-12-24 21:05:59,8623 Elm St,7,"84.752352, 30.688201",-39.811368,"Austin, Israel",Influenza,IL,Atlanta,"-71.389639, 1.328681",Europe/London,Penetration,18-9033590,NY,"34 0 * * 0,6",Q1 2022,TX,"cloud, automation, scalability",LHR,Canada,input -> target_col,South America,United Kingdom,Ms.,-28.501893,9751 Park Blvd,CDG,-122.070512,7653334230697,South America,GB,Namaste,EST,"Austin, United States",43849,Statue of Liberty,Israel,BSD-3-Clause,South Bay,"Boston, Norway",2679 Elm St,5775.7,sarah.garcia,Phoenix,7971 Main St,South America,South Korea,Singapore,New York,Low,ADV-Q1MFXZEMXE,JP,PI5485,Singapore,Eiffel Tower,850.34,East Side,"32.707036, 19.57988",Order #{{id}},"-67.565575, 115.481512",35372,Norway,example.com,https://example.com/users/548e9e0c/profile,66 Maple Dr,JFK,8235 Park Blvd,UTC,VJF,crit=1538,SIN,68,126.409112,Atlanta,"Berlin, Australia",Sweden,DE,EMP-25692,Rotterdam,Golden Gate Bridge,Seattle,Eiffel Tower,Big Ben,WA,curated.events -> reports,UTC,3958 Main St,4428.1717,51.014494,Europe/London,ORD,CET,WA,"-22.081221, 129.810931",06/25,pending,JP,IL,LHR,"30.986129, 171.226618",AU,Dallas,1,Brazil,Mexico,tenant-022,Houston,Z5FUQHIDIGLRFBVTI3G5,Downtown,Norway,T16481096,2023-02-08T15:52:43Z,Shanghai,North America,EST,delete
CA,O-,India,IQ1 3DR,Rotterdam,MA,Eiffel Tower,-79.777577,Port of LA,CA,40.736826,indefinite,9.96,America/New_York,America/New_York,Netherlands,United Kingdom,United States,"Seattle, Sweden",6969 Main St,TWW,7207 Pine Rd,421 Cedar Ln,Africa,c8370767-40bb-40f3-9a64-90870a3bad4f,Golden Gate Bridge,Asia,2022-02-01T17:39:30Z,2198 Park Blvd,16,"-81.722411, 149.40805",44.716003,"London, South Korea",Diabetes Mellitus,MA,New York,"26.804902, -139.287288",EST,Penetration,87-2524073,GA,6 20 * * 1-5,Q4 2024,NY,"scalability, data",JFK,Norway,field_a -> output,South America,Netherlands,Prof.,-82.474821,1304 Oak Ave,LAX,-176.529168,7664796375045,Antarctica,US,Hola,EST,"Toronto, Germany",497449,Eiffel Tower,Norway,GPL-3.0,Downtown,"Berlin, Australia",5199 Main St,7350.8,lucas.johnson,Miami,6404 Park Blvd,Oceania,Sweden,Singapore,Dallas,Info,ADV-Y1B0433XPZ,FR,PM6854,Rotterdam,Big Ben,444.49,Midtown,"79.344854, 0.558324",Dear {{customer}},"-49.145452, -57.787849",03430,Spain,data.io,https://example.com/users/56620303/profile,7382 Elm St,JFK,3150 Park Blvd,JST,WIW,max=9109,NRT,24,172.377698,Tokyo,"Houston, Switzerland",Canada,CA,EMP-10822,Hamburg,Statue of Liberty,Toronto,Golden Gate Bridge,Statue of Liberty,OH,raw.orders -> exports,PST,3673 Elm St,9942.4551,-15.22859,UTC,LAX,Europe/London,GA,"19.609002, 46.559446",11/29,failed,JP,NY,ORD,"60.615135, -80.828057",DE,Chicago,null,Spain,United Kingdom,tenant-048,Boston,GCZBZIY9RYSUUP62NPHR,West End,India,V42051097,2024-07-10 12:04:33,Port of LA,Asia,EST,update
FR,B-,Japan,ZP8 2LX,Busan,CO,Statue of Liberty,142.11373,Rotterdam,BR,-64.574824,7 years,4.48,JST,UTC,Mexico,Singapore,Germany,"Berlin, Israel",7693 Park Blvd,WIRZ,8300 Maple Dr,291 Maple Dr,Europe,da1c4f06-d9e9-4f47-82fe-41a7718d3520,Big Ben,Asia,2020-04-04T21:46:15Z,1169 Main St,12,"57.723565, -110.04294",-28.191729,"Boston, Switzerland",COVID-19,CA,Los Angeles,"5.053344, 122.810815",Europe/London,Penetration,77-2543758,GA,"57 5 * * 0,6",Q1 2025,CA,"scalability, automation",NRT,Brazil,field_a -> field_b,Europe,Spain,Ms.,107.260761,3335 Main St,SIN,32.015291,6092776646443,South America,FR,Guten Tag,CET,"Dallas, Norway",55318,Big Ben,Israel,Apache-2.0,Midtown,"Seattle, Germany",5221 Cedar Ln,5788.9,aiden.garcia,Toronto,7006 Maple Dr,Asia,India,Shanghai,Seattle,Medium,ADV-43OZL2NN3F,DE,KY7221,Shanghai,Big Ben,415.1,East Side,"72.636204, -126.226231",Order #{{id}},"87.327527, 75.186487",19678,Sweden,company.net,https://example.com/users/35b95237/profile,3801 Main St,CDG,2004 Park Blvd,PST,ZEW,crit=7926,NRT,16,112.870411,Sydney,"Sydney, Mexico",Brazil,FR,EMP-55957,Port of LA,Central Park,Sydney,Golden Gate Bridge,Central Park,CA,raw.users -> exports,PST,543 Park Blvd,9440.1392,83.532847,PST,ORD,America/New_York,GA,"-4.330952, -168.976218",02/24,completed,JP,FL,NRT,"-36.137191, -179.168796",BR,Denver,0,Singapore,Singapore,tenant-012,Dallas,F6TPHFWZ34L63O3XI3BT,East Side,India,U38409947,2021-07-10T04:25:48Z,Port of LA,Asia,America/New_York,snapshot
US,O-,France,55209,Rotterdam,WA,Eiffel Tower,59.869674,Port of LA,IN,167.653426,1 year,0.09,EST,EST,United States,United States,United States,"Boston, Canada",6206 Main St,MQK,2968 Elm St,7936 Maple Dr,North America,5312bac5-90b9-445f-8825-222232b617a9,Golden Gate Bridge,Europe,2022-05-09 22:30:47,8682 Pine Rd,93,"-2.114993, -9.448344",146.17932,"San Francisco, Switzerland",Tuberculosis,IL,Denver,"-3.555544, -58.864129",JST,Value pricing,85-4060228,PA,"24 15 * * 0,6",Q2 2025,OH,"data, monitoring, reporting, scalability, automation",ORD,Singapore,source_col -> target_col,Asia,Germany,Hon.,-50.178186,1679 Elm St,LAX,70.940062,9253858509583,Oceania,CA,Bonjour,Europe/London,"Phoenix, Italy",476363,Statue of Liberty,South Korea,GPL-3.0,East Side,"Miami, Canada",1041 Elm St,8010.5,mary.moore,Los Angeles,3205 Cedar Ln,Africa,India,Singapore,Paris,Info,ADV-WIXVPSHWVH,JP,ET7195,Port of LA,Big Ben,682.14,South Bay,"-30.435394, -88.630275",Order #{{id}},"2.537553, 107.728158",06518,France,data.io,https://example.com/users/84285cb8/profile,1670 Cedar Ln,SIN,3615 Elm St,CET,EMR,max=9185,ORD,102,-17.301605,New York,"Sydney, Sweden",South Korea,AU,EMP-69340,Singapore,Big Ben,San Francisco,Eiffel Tower,Golden Gate Bridge,WA,raw.orders -> reports,Europe/London,8551 Park Blvd,9144.4308,61.319771,Europe/London,SFO,EST,OH,"12.062109, -27.315135",09/24,pending,BR,CO,JFK,"-39.331855, 0.148785",IN,San Francisco,null,Australia,Sweden,tenant-004,Los Angeles,OI052LZCSSJ4XMBCKTYL,West End,Israel,Y76828989,2019-09-13 16:41:30,Shanghai,Africa,Europe/London,upsert
CA,B-,Sweden,JP2 1EY,Singapore,OH,Golden Gate Bridge,9.015361,Busan,FR,-30.50627,indefinite,0.27,JST,JST,Israel,South Korea,Sweden,"Denver, United States",9660 Park Blvd,GZ,9823 Maple Dr,3200 Elm St,Antarctica,16800b08-46db-4543-a921-19b951a16e73,Eiffel Tower,North America,2019-04-28 21:19:39,5777 Main St,45,"-5.817996, 36.540499",80.334537,"Dallas, Norway",Diabetes Mellitus,OH,Dallas,"12.253538, -1.521625",EST,Value pricing,40-4293459,FL,"43 16 * * 0,6",Q2 2023,NY,"security, integration",JFK,United States,input -> output,Africa,France,Rev.,-45.662556,1418 Oak Ave,NRT,-6.1744,0753038467221,Africa,GB,Namaste,America/New_York,"Boston, Israel",60118621,Eiffel Tower,Italy,MIT,South Bay,"Portland, Spain",8709 Oak Ave,5115.3,robert.johnson,Sydney,7389 Park Blvd,South America,India,Busan,Dallas,Critical,ADV-LYVMA8JNSY,BR,YL2565,Hamburg,Golden Gate Bridge,139.65,North Shore,"23.752478, 40.552445",Dear {{customer}},"-83.022495, 2.851955",52813,Spain,example.com,https://example.com/users/b7a57962/profile,3158 Cedar Ln,ORD,7208 Maple Dr,America/New_York,FIN,max=4886,SIN,32,16.713544,Sydney,"Miami, France",Switzerland,GB,EMP-33713,Singapore,Golden Gate Bridge,Dallas,Big Ben,Central Park,NY,raw.events -> reports,Europe/London,8218 Cedar Ln,9640.293,13.66633,PST,SFO,PST,CA,"-28.712723, 72.46496",02/25,pending,DE,FL,SIN,"-25.03163, -85.235165",GB,Phoenix,'',Mexico,Switzerland,tenant-043,Denver,SDK8HCJWZ7TL9A00YQUN,East Side,Switzerland,W97735700,2018-03-22T23:30:57Z,Singapore,South America,UTC,insert
CA,B-,Australia,ZP7 4ER,Singapore,IL,Central Park,-39.219672,Busan,US,122.593561,indefinite,1.09,America/New_York,JST,Japan,Singapore,Mexico,"New York, France",5081 Maple Dr,DCUI,6926 Elm St,4845 Park Blvd,Europe,86a997f7-ebaa-49ca-8e1a-899f5d186a57,Eiffel Tower,Europe,2020-05-18T02:12:58Z,7110 Oak Ave,40,"46.245695, 88.124308",-92.312572,"Boston, Israel",Influenza,IL,Toronto,"-74.315864, 89.287553",Europe/London,Cost-plus 25%,17-8569212,CA,"42 12 * * 0,6",Q2 2022,CA,"performance, analytics",ORD,Australia,field_a -> target_col,Oceania,United Kingdom,Dr.,-94.991263,1029 Main St,LAX,-51.248378,3081624069973,Antarctica,CA,Hola,CET,"Berlin, Singapore",60113209,Central Park,Germany,CC BY 4.0,East Side,"Seattle, Spain",1702 Maple Dr,452.0,logan.thompson,Austin,3189 Main St,Oceania,Norway,Singapore,Boston,Critical,ADV-TR8Z93E3KB,DE,BT2599,Singapore,Central Park,807.52,East Side,"-23.337127, 176.852935",Hello {{name}},"-11.560717, 61.626696",09158,France,acme.org,https://example.com/users/3bb8014d/profile,9800 Maple Dr,LHR,3738 Oak Ave,JST,EJK,min=7300,LHR,45,-160.757978,Chicago,"Toronto, Australia",Germany,GB,EMP-13591,Hamburg,Eiffel Tower,Los Angeles,Big Ben,Eiffel Tower,MA,curated.users -> exports,PST,9925 Main St,8147.9713,58.661171,JST,LHR,CET,NY,"-42.86932, -109.776863",08/25,inactive,BR,IL,LHR,"-39.889996, 52.644878",CA,Seattle,false,Switzerland,Mexico,tenant-046,Paris,XH72AGY30ZCD4RN182ZR,North Shore,Netherlands,Q51875881,2023-04-24T06:17:57Z,Busan,Africa,JST,upsert
CA,AB-,Israel,MI3 7DB,Shanghai,TX,Golden Gate Bridge,-151.059886,Hamburg,GB,67.990611,7 years,3.87,EST,America/New_York,United States,Spain,Norway,"Houston, Switzerland",1728 Main St,KISZ,4669 Oak Ave,5860 Pine Rd,Asia,d1da59ec-b466-4507-9a83-ce34e5b0c3ed,Central Park,Asia,2025-09-08 16:25:32,4937 Elm St,4,"15.508684, 11.94757",52.27335,"Miami, Netherlands",Tuberculosis,FL,Dallas,"65.051863, -169.040333",Europe/London,Premium,79-4266778,PA,38 19 * * *,Q3 2020,NC,"security, scalability, integration, monitoring, performance",CDG,France,input -> field_b,South America,Canada,Rev.,101.011584,373 Elm St,JFK,-26.127002,1849165831350,Antarctica,GB,Hola,PST,"Berlin, Norway",47497,Central Park,United States,GPL-3.0,West End,"Boston, Canada",9637 Main St,4575.9,logan.king,Paris,4902 Pine Rd,Europe,Canada,Singapore,Houston,Medium,ADV-TF4VNUKPIJ,DE,GR4417,Shanghai,Statue of Liberty,432.69,West End,"20.259766, 173.616171",Hello {{name}},"39.236326, -166.619513",42541,Japan,company.net,https://example.com/users/313e0858/profile,8646 Cedar Ln,SIN,6913 Maple Dr,EST,EOA,crit=1266,LHR,50,178.810546,Boston,"Austin, Mexico",Japan,BR,EMP-93102,Singapore,Big Ben,Sydney,Statue of Liberty,Central Park,MA,raw.events -> reports,JST,104 Park Blvd,224.8973,-21.592022,America/New_York,ORD,PST,NC,"-35.530151, -81.201978",03/28,failed,AU,TX,ORD,"-62.150403, -110.244923",CA,Phoenix,CURRENT_TIMESTAMP,Brazil,Netherlands,tenant-043,Portland,7XRLD8V3U9EYD2U5S2K2,South Bay,United Kingdom,J22142518,2025-05-16 18:59:26,Port of LA,South America,JST,upsert
FR,O-,Mexico,ZU2 4XX,Singapore,NC,Eiffel Tower,62.635022,Rotterdam,US,-174.242195,1 year,5.96,America/New_York,CET,Germany,India,Japan,"Portland, United Kingdom",4628 Main St,BFVXA,3217 Park Blvd,5182 Elm St,Africa,81964de0-59df-48f6-9b98-8a2daed91d48,Eiffel Tower,Africa,2018-09-18 08:49:05,892 Maple Dr,61,"13.710241, -99.157307",-159.413779,"Toronto, India",Tuberculosis,FL,Boston,"24.779652, 111.798215",CET,Market-based,54-7350051,CO,48 22 * * 1-5,Q1 2020,NY,"integration, cloud, reporting, performance",SFO,Canada,input -> field_b,Oceania,India,Dr.,1.043796,8532 Oak Ave,JFK,-32.175263,6607402539301,Antarctica,FR,Guten Tag,Europe/London,"Austin, Japan",3702339,Eiffel Tower,Australia,GPL-3.0,West End,"New York, France",388 Main St,6424.0,michael.jones,Toronto,9956 Cedar Ln,Asia,France,Singapore,Portland,Critical,ADV-13YOGX5EBS,MX,OE4968,Busan,Eiffel Tower,291.97,East Side,"-61.046597, -10.729423",{{date}} - {{event}},"-72.725345, 93.990283",31418,Singapore,service.cloud,https://example.com/users/115d8b07/profile,913 Cedar Ln,JFK,6990 Park Blvd,EST,QSS,warn=4397,NRT,60,-82.762358,Portland,"Denver, Mexico",Sweden,US,EMP-90866,Singapore,Central Park,Dallas,Statue of Liberty,Big Ben,CA,staging.orders -> analytics,JST,2443 Pine Rd,4136.4962,-52.65572,Europe/London,JFK,EST,MA,"-12.176694, 174.311305",07/27,completed,CA,WA,JFK,"-0.262805, -26.860131",DE,Dallas,1,Italy,Switzerland,tenant-045,Dallas,CSUQQRINE0KW2J4ZXICA,South Bay,Switzerland,X38157125,2022-06-23T07:26:58Z,Rotterdam,Antarctica,EST,snapshot
AU,O-,Switzerland,25661,Singapore,WA,Big Ben,-146.283099,Singapore,MX,-19.043114,7 years,8.14,Europe/London,UTC,Italy,United States,India,"Phoenix, Germany",961 Park Blvd,QSVTR,3644 Park Blvd,7818 Park Blvd,Oceania,c7f1d380-a3a0-4b87-8e19-a245913ffc08,Eiffel Tower,Africa,2021-07-23T13:36:30Z,2141 Elm St,3,"2.445285, -68.212259",-124.175935,"Portland, Sweden",Influenza,TX,Los Angeles,"41.68468, -51.869155",EST,Cost-plus 25%,97-8780145,IL,32 4 * * 1-5,Q4 2023,IL,"cloud, reporting, scalability",SFO,Germany,field_a -> target_col,Asia,United Kingdom,Mr.,-24.923842,129 Oak Ave,ORD,-60.327454,4118905606110,North America,CA,Konnichiwa,Europe/London,"Houston, Singapore",404943,Golden Gate Bridge,India,Apache-2.0,East Side,"San Francisco, Canada",5988 Maple Dr,7905.5,logan.young,Houston,2162 Park Blvd,Africa,Netherlands,Shanghai,San Francisco,Critical,ADV-36QZFLPOWZ,FR,WA4703,Rotterdam,Central Park,692.13,East Side,"19.715801, -167.980397",Hello {{name}},"89.256115, 110.84738",22024,Mexico,example.com,https://example.com/users/82c816f5/profile,7934 Park Blvd,LHR,4060 Oak Ave,JST,PUG,crit=9657,NRT,99,-92.215369,Boston,"Chicago, Switzerland",Switzerland,AU,EMP-87573,Busan,Golden Gate Bridge,London,Central Park,Golden Gate Bridge,WA,curated.events -> exports,EST,8837 Elm St,3804.5934,16.395613,UTC,ORD,America/New_York,TX,"-66.073471, -112.496648",05/29,completed,CA,TX,NRT,"69.809215, 122.568974",AU,Atlanta,'',Germany,Australia,tenant-007,Chicago,448GLTJBLA0VLGUBZW33,North Shore,Mexico,S11638031,2025-12-02 18:26:53,Shanghai,Europe,CET,upsert
JP,A-,Israel,92580,Busan,CO,Golden Gate Bridge,-84.898936,Shanghai,MX,158.618343,30 days,7.65,PST,America/New_York,Israel,Switzerland,India,"San Francisco, Japan",6398 Elm St,TAU,2899 Elm St,1285 Park Blvd,Europe,a990a197-9ac8-4717-87c4-28550566fd0a,Statue of Liberty,North America,2020-02-12 07:11:30,4936 Park Blvd,12,"-30.786018, 56.026056",-67.728912,"London, Singapore",Tuberculosis,NC,Tokyo,"18.5513, 176.483603",Europe/London,Market-based,95-8429218,IL,4 15 * * 1-5,Q4 2024,NY,"scalability, integration, performance",NRT,Sweden,field_a -> target_col,Europe,United States,Ms.,-14.040013,114 Pine Rd,LHR,-3.462658,7666026693640,Europe,IN,Konnichiwa,America/New_York,"New York, Netherlands",48427,Eiffel Tower,Switzerland,Apache-2.0,South Bay,"Sydney, Singapore",307 Maple Dr,2917.4,john.jones,Paris,5357 Cedar Ln,Asia,United Kingdom,Busan,Austin,Medium,ADV-17SF3YAIOG,DE,KM1412,Shanghai,Eiffel Tower,547.48,East Side,"16.332649, 37.956507",Dear {{customer}},"-68.06575, 73.978963",03070,Italy,company.net,https://example.com/users/73b2c392/profile,5061 Pine Rd,SFO,2850 Cedar Ln,EST,YTD,crit=2601,LHR,107,10.287181,Houston,"London, Sweden",South Korea,JP,EMP-97184,Shanghai,Big Ben,Houston,Central Park,Central Park,IL,staging.orders -> reports,UTC,3498 Park Blvd,-845.8996,79.105852,America/New_York,LAX,America/New_York,NC,"82.811486, 45.338419",04/27,pending,DE,OH,CDG,"45.050511, 93.390365",MX,Phoenix,CURRENT_TIMESTAMP,Singapore,Norway,tenant-027,Denver,O70CBSZ6O81APKLDBCJ2,North Shore,Germany,G51035621,2018-06-16 12:42:29,Hamburg,Asia,PST,update
MX,O+,Mexico,47510,Singapore,PA,Statue of Liberty,107.190923,Port of LA,AU,-38.4468,7 days,9.93,America/New_York,UTC,United Kingdom,United Kingdom,Norway,"San Francisco, United Kingdom",5283 Maple Dr,ZUI,3575 Maple Dr,1438 Main St,South America,fefb7a9c-6ed7-4a79-ab51-adf68040ba0c,Central Park,Oceania,2024-12-26 21:42:17,3745 Elm St,78,"60.723996, -7.336717",31.828614,"Tokyo, Switzerland",Tuberculosis,WA,San Francisco,"24.24219, 149.349174",UTC,Cost-plus 25%,67-6323878,MA,15 18 * * 1-5,Q4 2021,OH,"cloud, security, performance, compliance, integration",CDG,Mexico,field_a -> field_b,North America,Italy,Hon.,-79.057558,4044 Cedar Ln,LAX,99.762416,8305220728903,Europe,DE,Konnichiwa,UTC,"Houston, France",60116211,Big Ben,Australia,CC BY 4.0,Downtown,"Chicago, Brazil",5106 Elm St,4126.1,james.johnson,Chicago,286 Main St,Africa,Australia,Busan,Chicago,High,ADV-SYBG67N3ZM,DE,YZ2343,Hamburg,Big Ben,779.49,West End,"41.504053, 11.797898",Order #{{id}},"-73.162692, 62.369709",40433,Brazil,company.net,https://example.com/users/d6e8e279/profile,8826 Pine Rd,SFO,4084 Elm St,Europe/London,FSU,min=183,SIN,24,-105.056466,Los Angeles,"Atlanta, Singapore",Australia,CA,EMP-98107,Busan,Big Ben,Atlanta,Golden Gate Bridge,Big Ben,OH,curated.users -> reports,PST,4481 Oak Ave,692.8976,-22.46673,JST,SIN,JST,NC,"26.478942, -118.7561",04/24,rejected,DE,WA,JFK,"-65.116823, -125.885918",DE,Seattle,0,Mexico,Sweden,tenant-006,Boston,8R8G0AZ41OXL7LK6RCMN,North Shore,Norway,M30516538,2025-01-17T21:00:39Z,Port of LA,North America,CET,update
FR,A+,France,IA1 2GX,Shanghai,MA,Eiffel Tower,52.19274,Singapore,IN,80.945274,30 days,6.8,America/New_York,Europe/London,South Korea,Italy,Israel,"Miami, Singapore",30 Cedar Ln,QZTO,6212 Pine Rd,9394 Cedar Ln,Africa,1efb0b6c-427b-4fa2-a80f-938dc628f9fa,Eiffel Tower,Europe,2026-04-18 07:48:21,3007 Elm St,37,"17.604992, -35.698475",88.75096,"Denver, Norway",Tuberculosis,IL,Denver,"79.027324, 27.260653",JST,Value pricing,36-8368681,TX,45 0 * * 1-5,Q4 2021,NC,"security, reporting, data, compliance, cloud",JFK,Canada,field_a -> output,Asia,United States,Mrs.,-159.644951,5085 Pine Rd,CDG,60.371333,3554876447506,Africa,JP,Namaste,JST,"Toronto, United Kingdom",46973,Golden Gate Bridge,South Korea,CC BY 4.0,South Bay,"Atlanta, Australia",6940 Oak Ave,4115.1,james.jones,Toronto,548 Oak Ave,Europe,India,Shanghai,Atlanta,Critical,ADV-1ZJL3M3IHA,CA,GJ557,Busan,Big Ben,961.82,West End,"-25.167643, -68.179737",Hello {{name}},"20.247537, -3.662224",23458,Germany,example.com,https://example.com/users/f035d9e9/profile,2245 Oak Ave,NRT,9502 Oak Ave,CET,VXM,crit=9256,LHR,77,-35.49131,Toronto,"Tokyo, South Korea",Netherlands,CA,EMP-21585,Busan,Big Ben,London,Eiffel Tower,Statue of Liberty,TX,staging.users -> analytics,Europe/London,5285 Oak Ave,708.6251,-85.031637,CET,LHR,UTC,WA,"-66.767118, -117.34402",07/27,rejected,AU,PA,CDG,"-52.833031, -157.563743",DE,Portland,1,France,Israel,tenant-039,Phoenix,FXLTB5V0IPESX86111YV,South Bay,Italy,C16275551,2022-07-12 00:54:34,Busan,North America,JST,delete
JP,AB-,Israel,JV6 6ME,Port of LA,MA,Eiffel Tower,173.540123,Shanghai,AU,155.568095,7 years,2.74,America/New_York,CET,Japan,France,France,"Toronto, Sweden",9195 Cedar Ln,GWXS,9264 Pine Rd,7591 Park Blvd,North America,28a1274f-9a7a-434e-b3b4-06ad957fe8df,Central Park,Africa,2026-08-28 11:14:45,9249 Oak Ave,2,"34.7377, 123.989299",-163.954005,"Dallas, Israel",Tuberculosis,CA,Miami,"33.325713, -56.170734",CET,Penetration,73-6960767,IL,6 3 * * 1-5,Q1 2020,TX,"automation, performance, security, cloud, data",CDG,Sweden,field_a -> output,Oceania,Norway,Prof.,-172.339876,6373 Pine Rd,JFK,54.216936,8908299356296,Antarctica,IN,Guten Tag,UTC,"Berlin, Canada",372497,Central Park,India,Proprietary,East Side,"Los Angeles, South Korea",2721 Pine Rd,3557.7,patricia.martinez,Paris,8713 Oak Ave,Oceania,India,Rotterdam,Los Angeles,Info,ADV-J32G3OMNEW,GB,RK7299,Hamburg,Statue of Liberty,291.46,Downtown,"51.589286, 171.845477",Hello {{name}},"-67.53325, 109.305042",27461,Spain,data.io,https://example.com/users/7e99d3ad/profile,4908 Park Blvd,LHR,4982 Oak Ave,EST,ZHH,crit=7817,LHR,116,169.885456,Portland,"Toronto, United States",South Korea,IN,EMP-73957,Rotterdam,Eiffel Tower,San Francisco,Big Ben,Golden Gate Bridge,WA,staging.orders -> analytics,America/New_York,2889 Park Blvd,952.5129,-28.555423,EST,ORD,EST,NC,"38.337114, 28.409443",08/28,cancelled,BR,NY,CDG,"-44.606483, 102.520879",CA,Denver,0,United States,Brazil,tenant-044,Portland,IGWER6L6SQODRJ2UUFAL,North Shore,Japan,K66077298,2026-03-22T13:58:15Z,Singapore,North America,CET,delete
GB,A-,Brazil,50432,Hamburg,IL,Eiffel Tower,111.351098,Singapore,IN,118.378969,1 year,4.15,America/New_York,Europe/London,Israel,Italy,South Korea,"Dallas, Norway",5772 Maple Dr,XQ,2780 Maple Dr,6280 Park Blvd,Asia,c447a1a8-92d7-4679-8f5c-9a0be09ea849,Golden Gate Bridge,North America,2024-05-19 16:34:08,1680 Maple Dr,83,"10.987925, -179.057516",-80.386606,"Miami, Brazil",Diabetes Mellitus,NC,Toronto,"80.741166, 0.747895",UTC,Market-based,40-6424880,NC,39 23 * * *,Q3 2021,CA,"integration, compliance, security, automation",LAX,Italy,field_a -> field_b,Africa,Sweden,Mr.,-44.53355,6078 Maple Dr,SFO,54.170091,9609511870198,South America,FR,Konnichiwa,JST,"Berlin, India",3749518,Eiffel Tower,Sweden,MIT,South Bay,"Paris, South Korea",1422 Oak Ave,6624.9,oliver.taylor,Chicago,719 Pine Rd,Africa,Norway,Hamburg,Austin,Medium,ADV-I7RQIDQTPU,CA,JZ6872,Shanghai,Golden Gate Bridge,520.2,North Shore,"-63.565646, -119.340437",Order #{{id}},"7.670698, 75.840455",40068,Canada,acme.org,https://example.com/users/0971231b/profile,3140 Elm St,LAX,6505 Pine Rd,Europe/London,MON,warn=7877,LHR,4,14.894938,Austin,"San Francisco, Sweden",United States,IN,EMP-89127,Port of LA,Golden Gate Bridge,San Francisco,Central Park,Golden Gate Bridge,CO,raw.users -> reports,EST,7301 Elm St,2859.8474,-25.542469,Europe/London,SFO,UTC,PA,"-10.460236, 56.861742",03/30,completed,JP,NY,SIN,"-25.671274, 63.513696",DE,Berlin,null,France,Australia,tenant-019,Portland,YQ3LBK4UA2LDT6TGF3Z3,South Bay,Norway,O91851582,2024-03-19T18:32:55Z,Singapore,Asia,UTC,delete
FR,AB+,Canada,37792,Singapore,TX,Eiffel Tower,57.457749,Singapore,BR,51.494257,30 days,5.12,UTC,JST,Australia,Singapore,Brazil,"Sydney, India",7670 Cedar Ln,HHRKK,1862 Maple Dr,2048 Park Blvd,North America,fe8441d2-6834-44ba-93f7-8ec4130be4c3,Golden Gate Bridge,North America,2018-10-01T18:34:46Z,6249 Elm St,19,"1.097559, -149.255612",-140.102206,"Miami, Israel",Malaria,OH,New York,"-59.35683, -52.90576",JST,Market-based,26-1876250,GA,"2 7 * * 0,6",Q1 2026,GA,"cloud, scalability, monitoring",JFK,South Korea,source_col -> output,South America,Canada,Prof.,69.058618,4819 Main St,CDG,101.99261,5729475200704,Africa,FR,Hola,UTC,"Atlanta, Italy",60112367,Central Park,Australia,GPL-3.0,North Shore,"Houston, Germany",2245 Elm St,5207.7,jessica.johnson,New York,1870 Pine Rd,Asia,Singapore,Shanghai,Los Angeles,Medium,ADV-6XRALCSIM8,BR,KA4215,Busan,Central Park,33.19,Midtown,"-75.035515, -49.73809",Hello {{name}},"80.218916, 174.811652",45738,Sweden,company.net,https://example.com/users/a155a51d/profile,4402 Oak Ave,SIN,6429 Pine Rd,JST,DSL,crit=6179,LAX,67,-31.9802,Tokyo,"Seattle, France",Italy,US,EMP-46915,Hamburg,Eiffel Tower,Sydney,Eiffel Tower,Eiffel Tower,GA,raw.orders -> reports,Europe/London,9514 Pine Rd,2347.6958,-68.475248,JST,SIN,JST,MA,"88.545708, -40.714221",04/27,rejected,AU,NC,SFO,"-48.460112, -127.894983",AU,San Francisco,null,Norway,France,tenant-004,Chicago,6FH6OA8EWVM1UAUBPGUT,Downtown,Norway,T89131552,2020-05-09 03:18:52,Shanghai,Antarctica,Europe/London,upsert
GB,B+,Italy,OB1 2JE,Busan,TX,Big Ben,-102.007973,Busan,AU,13.455101,7 days,4.88,EST,Europe/London,Australia,Sweden,South Korea,"Dallas, Israel",7064 Cedar Ln,YZ,4701 Pine Rd,9598 Main St,Africa,27bab1e1-3026-497f-b01c-e7f0946ffae8,Eiffel Tower,North America,2026-08-15 05:50:17,6377 Oak Ave,84,"20.898399, 141.976457",87.539825,"Dallas, India",Malaria,MA,Berlin,"56.977609, -64.335686",UTC,Premium,92-1512411,NY,27 2 * * 1-5,Q1 2024,FL,"performance, cloud, automation",SFO,Switzerland,source_col -> target_col,South America,Japan,Mrs.,-59.2323,7205 Elm St,CDG,-71.040213,8577053036626,Europe,CA,Konnichiwa,EST,"Denver, United Kingdom",41114,Golden Gate Bridge,Brazil,Apache-2.0,South Bay,"Dallas, Australia",9875 Pine Rd,6864.9,jessica.rodriguez,Austin,4486 Oak Ave,Antarctica,Sweden,Busan,London,Info,ADV-NHPBB0XZ1U,BR,NQ3593,Shanghai,Big Ben,445.95,Downtown,"75.45394, -121.47758",Dear {{customer}},"24.598668, 136.409976",22730,Mexico,acme.org,https://example.com/users/862db8cf/profile,8861 Elm St,SFO,2627 Pine Rd,PST,WJE,crit=3717,LAX,37,110.82503,Seattle,"London, Germany",Norway,CA,EMP-35877,Port of LA,Eiffel Tower,Chicago,Central Park,Eiffel Tower,IL,curated.events -> reports,UTC,6784 Maple Dr,7848.7496,33.927114,UTC,CDG,CET,FL,"-11.094989, 128.82206",02/25,inactive,MX,MA,JFK,"24.069201, 61.609835",MX,Los Angeles,0,France,Mexico,tenant-030,Miami,E6AZSO4JTTXNB1XIYONA,East Side,Spain,H11327453,2020-01-09T23:16:53Z,Busan,South America,JST,upsert
US,AB-,Mexico,20584,Port of LA,OH,Big Ben,-110.830575,Busan,MX,-151.532213,7 days,2.51,JST,UTC,South Korea,Mexico,Mexico,"Berlin, Singapore",8315 Maple Dr,KJWP,3541 Oak Ave,4564 Pine Rd,North America,b226aa7f-4d3b-455f-ac80-6fefeca41e3a,Eiffel Tower,Europe,2024-09-13T22:24:25Z,5021 Pine Rd,33,"14.369463, -158.031061",-17.633313,"Tokyo, Switzerland",COVID-19,FL,Seattle,"17.158531, 132.565106",UTC,Cost-plus 25%,69-8628371,GA,52 11 * * 1-5,Q3 2025,OH,"reporting, monitoring, cloud",JFK,India,source_col -> field_b,Africa,Mexico,Rev.,-44.923529,7626 Oak Ave,LHR,55.475756,7620050210561,Antarctica,AU,Konnichiwa,CET,"Toronto, Mexico",492988,Big Ben,Italy,BSD-3-Clause,West End,"Los Angeles, Italy",7457 Elm St,3449.6,sarah.wright,Los Angeles,3896 Pine Rd,North America,United States,Shanghai,Miami,Low,ADV-54X1YAOCG8,US,ME5945,Singapore,Eiffel Tower,604.19,Midtown,"10.442894, -106.188854",{{date}} - {{event}},"5.653414, -13.025904",35636,Japan,example.com,https://example.com/users/0766cea7/profile,5089 Oak Ave,CDG,5514 Park Blvd,America/New_York,JBE,warn=2744,ORD,107,102.641022,Austin,"Boston, United States",Japan,BR,EMP-63943,Shanghai,Big Ben,Austin,Statue of Liberty,Eiffel Tower,MA,raw.users -> reports,PST,5785 Park Blvd,1683.6808,-86.583615,Europe/London,SFO,Europe/London,GA,"-84.505643, 30.571955",02/29,cancelled,MX,OH,SFO,"-31.241807, -132.058334",JP,San Francisco,'',Switzerland,South Korea,tenant-013,Miami,1UFKGJQM3Q6UAQ9VL7TA,Midtown,Israel,I34063702,2023-03-07 02:24:57,Hamburg,Antarctica,EST,delete
JP,B-,Sweden,FT4 6QT,Shanghai,TX,Golden Gate Bridge,77.146809,Rotterdam,IN,-46.645464,7 years,9.55,JST,JST,Canada,Switzerland,United States,"Paris, Japan",1090 Pine Rd,QB,4982 Maple Dr,5043 Maple Dr,Europe,c4e92cfb-fc0c-44d0-aa63-1da8bc664134,Golden Gate Bridge,South America,2022-02-14T03:00:35Z,6282 Elm St,56,"34.070213, -91.922244",-176.879035,"Miami, Canada",Diabetes Mellitus,NY,New York,"52.747069, -8.42736",CET,Cost-plus 25%,47-3986385,NC,"29 21 * * 0,6",Q1 2020,FL,"analytics, compliance, scalability, automation, cloud",SFO,South Korea,source_col -> field_b,North America,Mexico,Rev.,164.410253,1350 Cedar Ln,CDG,70.372944,5989525765334,Antarctica,JP,Namaste,America/New_York,"Sydney, Norway",465424,Statue of Liberty,Switzerland,GPL-3.0,South Bay,"Chicago, United States",1328 Maple Dr,2782.6,oliver.young,New York,7506 Main St,Europe,Mexico,Singapore,Denver,High,ADV-YC3ZXL5C96,US,FH1759,Singapore,Golden Gate Bridge,328.82,South Bay,"-85.543887, 5.046369",Dear {{customer}},"-16.870352, 98.289898",42524,Japan,data.io,https://example.com/users/6582cf23/profile,480 Maple Dr,SIN,6983 Park Blvd,JST,OUI,max=4542,ORD,49,-155.942378,San Francisco,"Portland, Brazil",Singapore,US,EMP-42591,Singapore,Eiffel Tower,Chicago,Central Park,Big Ben,MA,staging.users -> analytics,UTC,6348 Main St,910.5736,-14.674531,CET,ORD,UTC,IL,"-89.415969, -43.466975",10/24,completed,JP,WA,JFK,"88.998998, -156.973187",MX,Austin,CURRENT_TIMESTAMP,United Kingdom,Japan,tenant-045,Los Angeles,3ZES1Q3YOIVFS5QRKMOT,East Side,Israel,Z44317562,2020-10-28 11:51:14,Singapore,Africa,EST,delete
IN,AB-,India,33150,Shanghai,TX,Big Ben,29.270667,Rotterdam,GB,-179.312958,7 days,0.98,JST,EST,Australia,Spain,Spain,"London, Sweden",4712 Cedar Ln,SZ,3218 Park Blvd,1925 Main St,Asia,5193f8f8-f46c-4c02-90b4-747e65cdb355,Eiffel Tower,Antarctica,2022-06-08T15:26:13Z,9757 Cedar Ln,10,"-89.734613, 59.704217",-15.212251,"Denver, United Kingdom",Influenza,CA,Chicago,"35.076869, 138.591489",America/New_York,Value pricing,34-9194992,FL,54 19 * * *,Q4 2026,CA,"security, performance, compliance",SIN,Israel,source_col -> field_b,Europe,Brazil,Mr.,132.443198,3676 Main St,LHR,10.474901,6237231170541,North America,FR,Hola,Europe/London,"Miami, India",601114545,Central Park,Singapore,BSD-3-Clause,East Side,"Dallas, Australia",2884 Maple Dr,897.0,lucas.johnson,Denver,4939 Oak Ave,Oceania,Israel,Busan,Denver,Low,ADV-QSG1TZ14WL,IN,FK7641,Port of LA,Statue of Liberty,599.81,Downtown,"10.474001, 17.285645",Order #{{id}},"87.687083, 94.266473",11718,Netherlands,company.net,https://example.com/users/065079bd/profile,3600 Maple Dr,JFK,614 Main St,PST,IZA,max=4499,SIN,68,-79.20589,Miami,"Sydney, Netherlands",Brazil,IN,EMP-41610,Busan,Statue of Liberty,Toronto,Eiffel Tower,Eiffel Tower,PA,raw.users -> analytics,America/New_York,9923 Cedar Ln,3218.3178,57.915004,America/New_York,NRT,CET,NC,"13.886902, 34.292486",05/28,failed,MX,TX,SIN,"-2.079275, 117.485859",DE,San Francisco,'',Australia,France,tenant-028,San Francisco,8IU01OKYI3FA3NY88O4U,East Side,Italy,R39594304,2019-09-22T22:20:05Z,Singapore,North America,Europe/London,update
BR,B-,Canada,QI5 2GQ,Shanghai,NY,Central Park,-178.427845,Busan,JP,60.567978,7 days,0.3,JST,America/New_York,Norway,Brazil,South Korea,"Tokyo, France",1914 Park Blvd,YC,12 Cedar Ln,6010 Pine Rd,Antarctica,31619416-3255-4ad0-b08b-e0465a2cead9,Big Ben,Antarctica,2019-04-17 00:42:15,4526 Maple Dr,37,"72.885721, -138.969179",22.798278,"Paris, United States",Diabetes Mellitus,NY,Chicago,"60.367164, 157.813965",CET,Cost-plus 25%,98-5799007,MA,59 14 * * 1-5,Q3 2025,TX,"monitoring, analytics",LAX,United States,source_col -> target_col,South America,Netherlands,Ms.,-94.984727,1422 Main St,JFK,-3.584063,0807308155118,North America,MX,Namaste,JST,"Tokyo, Canada",510926,Eiffel Tower,Mexico,CC BY 4.0,East Side,"Houston, Italy",8399 Cedar Ln,513.7,mason.thompson,Boston,4813 Elm St,South America,Mexico,Busan,Houston,Critical,ADV-MRKQ2QTYNB,BR,FO314,Port of LA,Golden Gate Bridge,502.35,South Bay,"19.264583, 76.702175",Order #{{id}},"-57.908896, 28.972366",49304,Switzerland,acme.org,https://example.com/users/4dcf3ed8/profile,7160 Cedar Ln,LAX,9929 Maple Dr,PST,AOD,min=7496,JFK,84,83.4731,Paris,"Los Angeles, Spain",South Korea,BR,EMP-14066,Busan,Eiffel Tower,Boston,Big Ben,Central Park,TX,raw.users -> reports,UTC,1602 Oak Ave,2695.8239,-81.978684,PST,CDG,EST,TX,"19.423748, -32.980746",11/30,pending,AU,PA,LHR,"20.987694, 57.484265",BR,Toronto,1,Switzerland,Spain,tenant-002,Portland,UW5A1R84NMSL0J1OWVCK,Downtown,France,Y69062288,2020-01-25 19:43:31,Hamburg,Asia,UTC,update
CA,A-,Switzerland,74547,Port of LA,IL,Eiffel Tower,107.884512,Hamburg,BR,115.022566,7 days,2.23,EST,America/New_York,France,Canada,Singapore,"Berlin, Australia",2223 Elm St,MT,9158 Oak Ave,3193 Oak Ave,North America,b1cd91c3-f1d4-4ac8-86e1-054bc5547f30,Statue of Liberty,Africa,2025-11-22 10:35:10,3831 Oak Ave,22,"18.82401, 125.967973",109.953738,"Paris, Israel",Influenza,GA,Berlin,"-76.14962, -67.844555",EST,Market-based,28-5215940,NY,31 21 * * *,Q3 2021,OH,"data, analytics",SFO,Spain,input -> output,Europe,Netherlands,Hon.,-108.794429,620 Pine Rd,LHR,-49.857267,2824160989483,Europe,IN,Konnichiwa,Europe/London,"San Francisco, France",49793,Central Park,Netherlands,GPL-3.0,East Side,"Atlanta, India",1350 Cedar Ln,8208.5,jennifer.johnson,Austin,7089 Pine Rd,North America,Spain,Shanghai,New York,Low,ADV-SSW9CUPPCC,US,UI8057,Shanghai,Big Ben,752.07,West End,"66.662992, 109.784703",Order #{{id}},"84.519707, 72.548069",31704,Norway,data.io,https://example.com/users/c29fbb43/profile,970 Maple Dr,SFO,842 Oak Ave,CET,KIL,max=8477,NRT,34,36.298401,Toronto,"Seattle, Israel",South Korea,MX,EMP-52433,Shanghai,Golden Gate Bridge,Sydney,Statue of Liberty,Central Park,CA,raw.users -> exports,CET,5259 Maple Dr,5601.5292,70.475005,UTC,JFK,JST,MA,"-46.198815, 136.197315",03/30,completed,JP,MA,LHR,"77.549452, 156.558458",IN,New York,CURRENT_TIMESTAMP,South Korea,Germany,tenant-045,Austin,UPPL1943E1RMJA072VI9,West End,Brazil,U55359182,2022-06-24T17:40:52Z,Busan,North America,Europe/London,insert
MX,AB-,Norway,63327,Hamburg,FL,Central Park,-21.029166,Port of LA,CA,35.449751,30 days,7.04,EST,CET,Canada,Italy,Japan,"Chicago, United Kingdom",3884 Park Blvd,AYBF,1375 Park Blvd,370 Maple Dr,North America,3a61d481-e5a5-4685-babc-e7c593580c79,Central Park,North America,2025-12-08 21:44:21,560 Elm St,5,"14.387413, 139.675499",-8.969918,"Phoenix, Israel",COVID-19,CA,Paris,"-20.709793, 19.547604",UTC,Value pricing,46-8396237,FL,53 0 * * 1-5,Q2 2022,CA,"monitoring, compliance, data",LAX,United Kingdom,input -> output,Asia,Sweden,Prof.,-150.263058,4498 Elm St,LAX,-172.406674,1297096956105,North America,JP,Hola,PST,"Los Angeles, Brazil",3723482,Big Ben,United States,MIT,North Shore,"Boston, France",9897 Cedar Ln,4108.1,mary.anderson,New York,9295 Elm St,North America,Israel,Rotterdam,New York,Info,ADV-V10IQMOYQQ,US,BC164,Port of LA,Golden Gate Bridge,82.37,West End,"81.94884, -55.810667",Dear {{customer}},"33.129948, -80.423148",31427,Japan,service.cloud,https://example.com/users/548e06b9/profile,37 Maple Dr,LHR,2476 Pine Rd,PST,YHF,warn=7965,LAX,115,40.436301,New York,"Paris, Brazil",South Korea,CA,EMP-25110,Hamburg,Eiffel Tower,Phoenix,Central Park,Big Ben,FL,curated.users -> reports,America/New_York,3590 Elm St,4437.0088,-42.454072,UTC,JFK,PST,FL,"82.715375, -92.32427",08/24,active,DE,IL,SFO,"33.54997, 89.467726",AU,Boston,0,Norway,Italy,tenant-027,San Francisco,A7GP77X540W84S07FPYX,East Side,United Kingdom,Q13744841,2019-03-28 08:13:15,Hamburg,Asia,CET,snapshot
CA,B+,Spain,BN2 4UE,Rotterdam,TX,Statue of Liberty,65.921252,Hamburg,BR,143.65554,indefinite,0.36,PST,CET,Brazil,Spain,Australia,"Miami, Mexico",3539 Main St,CU,4662 Oak Ave,9634 Elm St,Antarctica,79f190cd-3913-499a-b799-5907bf81bf00,Central Park,Europe,2024-05-16T08:03:50Z,548 Maple Dr,39,"-50.184358, 136.205818",105.408978,"New York, Israel",Diabetes Mellitus,WA,Atlanta,"85.90565, -151.296915",Europe/London,Cost-plus 25%,38-5659400,CA,53 4 * * *,Q1 2021,OH,"automation, monitoring",ORD,Israel,input -> target_col,Oceania,France,Prof.,-75.267803,7236 Park Blvd,JFK,105.337367,7268849004877,North America,CA,Guten Tag,UTC,"Seattle, Australia",3793194,Big Ben,Switzerland,Apache-2.0,South Bay,"Paris, India",5612 Elm St,933.4,olivia.white,Miami,3252 Park Blvd,Africa,Canada,Busan,Toronto,Low,ADV-ULO9BLVK10,MX,CQ8004,Port of LA,Eiffel Tower,619.73,Midtown,"0.531824, 145.62193",Hello {{name}},"-75.46944, -134.724661",07855,Japan,acme.org,https://example.com/users/d8393e61/profile,9175 Main St,SIN,2252 Cedar Ln,PST,DXH,min=9305,SIN,5,151.375687,Atlanta,"London, United States",Italy,FR,EMP-88772,Rotterdam,Statue of Liberty,Houston,Big Ben,Golden Gate Bridge,FL,raw.users -> reports,EST,6423 Park Blvd,9307.5725,64.32973,JST,NRT,JST,CA,"-58.496278, 44.840152",11/25,pending,FR,MA,LHR,"56.042484, -130.378587",JP,Houston,CURRENT_TIMESTAMP,Sweden,Japan,tenant-015,Dallas,GWN12WDV0LGA6P9MS04W,East Side,Israel,Q23058098,2022-12-18 06:13:06,Rotterdam,South America,CET,snapshot
IN,O+,Sweden,GB1 1VM,Shanghai,CO,Central Park,137.469179,Hamburg,GB,171.196511,7 days,2.29,JST,JST,Spain,South Korea,Japan,"New York, Sweden",6565 Elm St,HQF,5797 Oak Ave,4833 Main St,Europe,9ef5511d-7ddc-488c-8ca8-e33fde940b80,Big Ben,North America,2026-07-15T18:10:49Z,3913 Pine Rd,89,"-59.432488, -87.450849",-39.353244,"Tokyo, United States",Diabetes Mellitus,NY,Denver,"-8.000872, 93.224055",JST,Premium,53-7091240,FL,6 21 * * *,Q1 2022,CA,"automation, performance, monitoring, integration, security",LHR,Japan,input -> target_col,Oceania,Canada,Rev.,-112.965727,8092 Maple Dr,LHR,-37.126004,8671611865911,Asia,MX,Konnichiwa,Europe/London,"Miami, Spain",48934,Statue of Liberty,United States,MIT,Downtown,"Miami, Canada",6987 Cedar Ln,7677.8,emma.thomas,San Francisco,425 Elm St,South America,Switzerland,Rotterdam,Toronto,Low,ADV-N8RQ5X2UFF,JP,FP2585,Busan,Central Park,905.59,North Shore,"-62.329135, -23.368755",Hello {{name}},"-70.708628, -62.198998",07798,Australia,service.cloud,https://example.com/users/f1876d79/profile,7244 Elm St,CDG,5112 Cedar Ln,Europe/London,EOU,crit=2133,SIN,34,112.229345,Dallas,"Atlanta, Australia",India,JP,EMP-40505,Singapore,Statue of Liberty,Denver,Eiffel Tower,Eiffel Tower,NC,raw.orders -> reports,EST,458 Elm St,662.806,46.822492,America/New_York,CDG,EST,TX,"-51.858639, 116.398568",02/27,active,IN,GA,LAX,"56.511233, 91.404472",AU,Miami,CURRENT_TIMESTAMP,Singapore,Australia,tenant-009,Seattle,5VNVC0ZX1DG4YNSMM35I,East Side,Norway,P70883844,2023-08-26 20:46:29,Singapore,South America,America/New_York,upsert
MX,B+,Spain,PQ1 1UA,Busan,NC,Golden Gate Bridge,-30.847114,Busan,US,66.405823,1 year,6.86,CET,UTC,Spain,South Korea,Norway,"Dallas, Brazil",5751 Pine Rd,XRO,8306 Cedar Ln,8072 Maple Dr,Europe,85bfdcd8-278f-42e7-9852-ed3625e938f1,Eiffel Tower,Oceania,2026-05-21T13:25:25Z,542 Main St,16,"48.561075, -155.337893",-30.293674,"Dallas, Spain",COVID-19,CO,Dallas,"-10.734001, -57.517253",CET,Market-based,60-1027517,TX,4 3 * * 1-5,Q1 2026,NY,"performance, analytics, integration, security, cloud",SIN,France,source_col -> output,Antarctica,United States,Mr.,133.764003,6735 Oak Ave,JFK,86.227941,1817444142472,South America,CA,Namaste,Europe/London,"Sydney, Singapore",46948,Eiffel Tower,Spain,CC BY 4.0,South Bay,"Miami, Switzerland",671 Main St,6058.7,anna.jones,Portland,170 Park Blvd,North America,Australia,Hamburg,Miami,Critical,ADV-BZ7R06ONFX,JP,TJ2614,Busan,Eiffel Tower,55.04,Downtown,"-76.585521, 68.731527",Dear {{customer}},"-73.908792, -146.767326",47002,Japan,example.com,https://example.com/users/c9970988/profile,5364 Cedar Ln,JFK,9462 Oak Ave,Europe/London,NVF,min=5061,ORD,31,-117.814122,Houston,"Toronto, Singapore",Singapore,CA,EMP-71457,Shanghai,Statue of Liberty,Denver,Central Park,Eiffel Tower,NC,raw.orders -> reports,JST,7289 Maple Dr,480.705,-86.4658,America/New_York,LAX,JST,OH,"58.004951, -69.245581",04/25,completed,GB,CA,LHR,"-60.312771, -121.639515",BR,Seattle,null,Germany,Singapore,tenant-022,Houston,UCJRFQSMXARFWQ353G6P,South Bay,Sweden,P85878404,2023-02-17 01:41:14,Busan,South America,EST,update
US,AB+,Spain,99176,Busan,MA,Statue of Liberty,-129.528014,Busan,FR,-51.415608,7 years,3.08,PST,JST,India,Spain,Singapore,"Berlin, United Kingdom",3499 Elm St,DX,6833 Oak Ave,3827 Pine Rd,Antarctica,4c4fff4a-0d58-416a-8e18-b249aa410efa,Big Ben,Africa,2022-11-27T10:31:52Z,4224 Main St,37,"-86.465443, 145.510751",-131.896732,"Houston, Germany",Malaria,PA,Austin,"-79.663835, 88.848156",JST,Cost-plus 25%,53-8209086,WA,6 17 * * *,Q3 2023,TX,"automation, data, performance, cloud",CDG,Germany,field_a -> output,Europe,Mexico,Hon.,-80.259226,764 Main St,LHR,85.825036,3537991411456,Europe,GB,Guten Tag,CET,"Los Angeles, Israel",60113986,Big Ben,Japan,GPL-3.0,Downtown,"Miami, Canada",5269 Cedar Ln,6114.8,mary.wright,Paris,6298 Pine Rd,Antarctica,Mexico,Singapore,Portland,Medium,ADV-ZAPFR8XUOL,IN,XD1972,Port of LA,Statue of Liberty,244.75,South Bay,"-71.305748, 12.818195",Order #{{id}},"-51.85629, -19.941371",55710,Italy,company.net,https://example.com/users/d4b65d01/profile,5969 Elm St,JFK,6373 Cedar Ln,EST,RDQ,warn=6467,LHR,87,113.631572,Sydney,"San Francisco, France",Japan,MX,EMP-46950,Singapore,Eiffel Tower,Portland,Eiffel Tower,Eiffel Tower,GA,raw.orders -> analytics,America/New_York,2862 Pine Rd,9879.3227,17.612914,Europe/London,ORD,UTC,NY,"1.159724, 108.2186",12/29,active,GB,FL,JFK,"15.545872, 117.190779",IN,Portland,false,France,India,tenant-004,Berlin,C2AZTW2E73SR3WW1E3XO,East Side,Spain,Z80276320,2026-07-05 18:40:17,Busan,Oceania,CET,delete
AU,B-,Brazil,92506,Singapore,FL,Eiffel Tower,178.623138,Hamburg,IN,-89.843643,1 year,4.16,PST,EST,Israel,Germany,Israel,"Atlanta, United States",2333 Oak Ave,JRCJO,3161 Cedar Ln,6858 Park Blvd,Europe,2b69c157-130e-4b08-abb3-cba1be2809a5,Central Park,South America,2026-12-14T19:50:09Z,8650 Cedar Ln,1,"23.745645, 19.604625",38.966452,"Los Angeles, Brazil",Influenza,FL,Los Angeles,"-31.651539, -85.989233",JST,Premium,80-6718903,MA,27 18 * * *,Q1 2026,NY,"reporting, performance, scalability, monitoring",CDG,India,field_a -> field_b,South America,India,Mr.,-54.163661,4715 Park Blvd,LHR,154.500325,1884381414097,Asia,MX,Hola,CET,"Berlin, Japan",55441,Eiffel Tower,Canada,GPL-3.0,East Side,"Chicago, Singapore",6104 Maple Dr,850.2,noah.moore,Austin,3048 Elm St,Africa,Switzerland,Port of LA,Houston,Medium,ADV-J0T9LS7ZSK,GB,CF6185,Hamburg,Statue of Liberty,988.73,North Shore,"-39.670374, 144.168861",Order #{{id}},"77.140175, 3.628217",47405,France,company.net,https://example.com/users/8e42bb68/profile,1105 Park Blvd,JFK,4650 Maple Dr,America/New_York,YOK,max=7348,SIN,13,120.066078,Seattle,"Tokyo, Switzerland",Brazil,DE,EMP-40026,Port of LA,Central Park,Portland,Golden Gate Bridge,Big Ben,MA,raw.events -> exports,Europe/London,4974 Park Blvd,4321.9907,65.149628,CET,CDG,UTC,WA,"26.209011, -24.371516",06/28,cancelled,BR,WA,CDG,"26.621009, -88.716849",CA,Portland,false,India,Singapore,tenant-004,Sydney,VP8I072M6AOC4NSGCJ09,Downtown,India,O59662797,2023-07-14T23:54:14Z,Hamburg,South America,America/New_York,upsert
DE,B-,Mexico,ST2 2RD,Shanghai,OH,Statue of Liberty,170.099071,Rotterdam,BR,173.479468,1 year,4.05,UTC,Europe/London,Singapore,Italy,India,"New York, Singapore",3733 Cedar Ln,DRSQ,7104 Park Blvd,4471 Elm St,Africa,174dfff5-8b80-4a76-a6d5-11f6df3cdecf,Statue of Liberty,Oceania,2019-03-10T02:38:08Z,5798 Elm St,42,"-61.483944, 88.120489",110.970051,"Phoenix, Germany",Diabetes Mellitus,MA,London,"-72.399224, -29.346717",America/New_York,Cost-plus 25%,65-1599370,PA,"29 11 * * 0,6",Q3 2022,NY,"cloud, security, performance, compliance",ORD,Spain,field_a -> output,Antarctica,Switzerland,Ms.,112.872921,6785 Oak Ave,SIN,-142.953586,9301765713680,South America,BR,Hola,PST,"San Francisco, United States",458130,Golden Gate Bridge,Israel,Apache-2.0,East Side,"Denver, Switzerland",9800 Pine Rd,6284.1,olivia.walker,Portland,3883 Cedar Ln,Antarctica,Israel,Singapore,Phoenix,High,ADV-XXSFA4897T,CA,AF9789,Busan,Golden Gate Bridge,702.95,East Side,"-13.537263, 6.278599",{{date}} - {{event}},"-42.565873, -158.672656",39728,Brazil,example.com,https://example.com/users/01585053/profile,300 Oak Ave,SFO,9843 Oak Ave,CET,HCB,crit=5936,LHR,48,-48.783636,Paris,"Austin, India",Mexico,CA,EMP-92261,Hamburg,Statue of Liberty,London,Golden Gate Bridge,Statue of Liberty,CO,staging.events -> exports,UTC,6880 Main St,612.7957,-46.59251,Europe/London,LAX,EST,FL,"-80.761125, -52.484674",05/28,cancelled,DE,NY,JFK,"27.723556, 89.000798",AU,San Francisco,CURRENT_TIMESTAMP,Brazil,Spain,tenant-027,Austin,E6MYVK68O3IYWM5LAETP,East Side,Canada,S88560020,2025-01-23T09:23:22Z,Rotterdam,Asia,EST,delete
AU,O+,Singapore,42324,Busan,NY,Golden Gate Bridge,171.550133,Busan,JP,-91.389875,7 years,8.33,EST,CET,India,United Kingdom,Switzerland,"Phoenix, Australia",2204 Park Blvd,JPOC,3080 Elm St,9811 Cedar Ln,South America,3d14378e-39f6-40f6-be33-f2e1f73dc213,Big Ben,Asia,2018-10-12 20:27:05,578 Park Blvd,66,"68.293128, -48.633405",-126.689049,"Denver, Australia",Diabetes Mellitus,IL,Paris,"-59.690796, 26.875831",CET,Cost-plus 25%,81-2920023,MA,50 17 * * *,Q2 2025,TX,"automation, analytics",LAX,France,source_col -> output,Asia,Mexico,Mrs.,32.030809,3948 Oak Ave,NRT,-135.475497,6347057075399,Africa,GB,Hola,Europe/London,"New York, South Korea",373582,Statue of Liberty,Singapore,MIT,Downtown,"Toronto, Germany",8463 Cedar Ln,3493.9,noah.jones,San Francisco,5155 Maple Dr,Oceania,Spain,Hamburg,Phoenix,Info,ADV-INFE8AK7XG,IN,UN7109,Port of LA,Big Ben,19.62,Downtown,"24.484535, -45.985369",Hello {{name}},"58.391961, -0.641854",45116,Norway,data.io,https://example.com/users/6322b7a2/profile,7342 Elm St,NRT,9038 Park Blvd,JST,RJD,warn=5215,CDG,118,9.599667,Atlanta,"Portland, Norway",Mexico,MX,EMP-96166,Rotterdam,Central Park,Chicago,Central Park,Central Park,CO,staging.events -> exports,PST,4500 Cedar Ln,6253.7705,76.090565,CET,SFO,America/New_York,IL,"32.610554, -6.542219",01/29,approved,AU,WA,ORD,"44.225177, -3.499608",AU,Boston,1,France,Australia,tenant-030,Sydney,C15H1Y58USPDIZHNGV1K,Midtown,Israel,V28680730,2018-04-19 09:11:19,Hamburg,South America,EST,delete
CA,O+,Germany,98712,Rotterdam,NC,Statue of Liberty,126.561637,Rotterdam,CA,19.068821,indefinite,0.75,JST,JST,India,Netherlands,Sweden,"Boston, Israel",5637 Pine Rd,YM,2526 Oak Ave,9978 Cedar Ln,Africa,f6011f60-236d-413d-a12f-e52467e61ba9,Big Ben,Asia,2025-08-19T08:32:13Z,6068 Park Blvd,86,"69.799974, -14.469141",-34.6199,"San Francisco, Norway",Influenza,CO,Phoenix,"-13.553603, 124.473231",UTC,Market-based,97-1413822,CO,0 8 * * *,Q1 2020,OH,"reporting, data",LAX,Italy,field_a -> output,Africa,India,Mrs.,29.728259,9073 Park Blvd,CDG,-136.29257,3737300099361,Africa,DE,Namaste,America/New_York,"San Francisco, France",60115675,Statue of Liberty,Sweden,GPL-3.0,West End,"New York, Sweden",5881 Cedar Ln,6005.4,david.harris,Portland,3258 Maple Dr,Oceania,Australia,Hamburg,Phoenix,Info,ADV-1L3D662E7R,FR,JV1084,Hamburg,Statue of Liberty,551.32,South Bay,"-71.970616, -98.360206",Hello {{name}},"-43.46948, -147.901238",45004,Israel,company.net,https://example.com/users/9b34e6d6/profile,4477 Elm St,LHR,9612 Oak Ave,EST,ZCB,min=1875,JFK,51,-134.587435,New York,"Chicago, South Korea",Israel,US,EMP-83961,Singapore,Central Park,Tokyo,Golden Gate Bridge,Eiffel Tower,MA,staging.events -> analytics,CET,6777 Oak Ave,8866.1613,-71.773703,UTC,ORD,Europe/London,OH,"-85.332772, -147.651908",04/25,inactive,AU,FL,SIN,"69.154324, -51.099804",GB,Toronto,null,Italy,Canada,tenant-043,Houston,4GQ62N74M964EV9XWTYU,North Shore,Israel,O25808349,2024-10-20 14:54:20,Singapore,Asia,UTC,update
BR,B-,India,92227,Rotterdam,MA,Central Park,-60.341769,Singapore,MX,111.018795,7 years,2.17,PST,JST,Australia,Mexico,Canada,"Boston, Mexico",9815 Maple Dr,UBUN,9933 Maple Dr,4850 Oak Ave,South America,d5b5c7f3-92a1-48d7-bafb-ed63472df244,Central Park,Antarctica,2023-12-13T01:30:34Z,837 Park Blvd,3,"42.355527, -29.408631",-106.60173,"Paris, Italy",Tuberculosis,MA,London,"9.357332, -71.04192",UTC,Premium,22-8160536,PA,5 9 * * *,Q3 2022,GA,"compliance, integration, reporting",ORD,Israel,field_a -> field_b,Europe,Brazil,Hon.,-157.120671,3892 Elm St,ORD,131.53877,2564072354563,Africa,FR,Guten Tag,CET,"Dallas, Israel",50401,Central Park,Spain,GPL-3.0,East Side,"Toronto, Italy",3723 Maple Dr,1678.8,jennifer.williams,San Francisco,5416 Cedar Ln,Antarctica,Norway,Port of LA,Berlin,Low,ADV-GLCWJYICPO,US,YA9338,Rotterdam,Golden Gate Bridge,168.25,South Bay,"65.174819, 92.952637",Hello {{name}},"65.692342, -16.019599",05608,United States,acme.org,https://example.com/users/69a3f2f4/profile,4690 Cedar Ln,SFO,107 Oak Ave,Europe/London,WGP,min=1712,LHR,112,-31.587826,Austin,"London, India",Israel,DE,EMP-44385,Singapore,Big Ben,Seattle,Big Ben,Big Ben,OH,curated.events -> reports,America/New_York,938 Pine Rd,1633.2909,18.803742,Europe/London,ORD,JST,NY,"-18.105187, 102.761668",04/27,rejected,AU,FL,ORD,"-27.439065, -31.588182",AU,Sydney,'',Spain,Norway,tenant-050,Dallas,X7V4JUJ0LH3MQMCAHMNA,Downtown,United Kingdom,K11622231,2024-12-23 09:22:49,Shanghai,Europe,America/New_York,insert
AU,A+,Israel,UN7 6XK,Singapore,IL,Central Park,36.486969,Shanghai,MX,-36.056235,7 years,1.94,America/New_York,Europe/London,Israel,Netherlands,Brazil,"Seattle, United Kingdom",5536 Oak Ave,ZTHV,2 Cedar Ln,6239 Oak Ave,North America,c87ebbc6-75e7-416b-975c-6523d7954dde,Big Ben,Asia,2026-09-03T11:12:49Z,9589 Maple Dr,46,"-68.997987, 85.327228",-16.030035,"Boston, Israel",Diabetes Mellitus,PA,Boston,"-63.361942, -140.434946",EST,Premium,30-7377681,CA,"45 15 * * 0,6",Q4 2020,NC,"reporting, security, compliance, data, automation",JFK,Mexico,field_a -> output,Europe,Spain,Prof.,123.692534,5119 Cedar Ln,CDG,-177.349749,9491224433096,Oceania,US,Namaste,UTC,"Paris, Japan",43316,Golden Gate Bridge,Sweden,Proprietary,Downtown,"Tokyo, Germany",9260 Maple Dr,9232.5,jessica.jackson,Atlanta,3422 Elm St,North America,South Korea,Port of LA,Houston,Info,ADV-RIZX558BP1,US,JO5272,Port of LA,Big Ben,698.95,Midtown,"37.746915, 104.72581",Order #{{id}},"55.109008, -31.747718",04865,Germany,data.io,https://example.com/users/31904e5c/profile,4742 Maple Dr,NRT,7267 Main St,JST,YAO,warn=7710,NRT,31,29.063793,Austin,"Boston, Brazil",United Kingdom,AU,EMP-82442,Rotterdam,Central Park,Chicago,Big Ben,Golden Gate Bridge,WA,raw.users -> reports,JST,4227 Elm St,6668.8943,27.261107,America/New_York,NRT,America/New_York,NC,"-33.055685, 11.971254",04/25,approved,GB,WA,CDG,"-10.473686, 90.894076",MX,Atlanta,1,Spain,Brazil,tenant-047,Berlin,4RWP8DYANAJF7SG79HPL,East Side,Japan,X69735315,2024-06-11T16:42:35Z,Singapore,North America,Europe/London,insert
MX,A-,France,LC1 6YI,Port of LA,FL,Golden Gate Bridge,42.740232,Hamburg,BR,74.731208,30 days,5.02,EST,PST,Singapore,United States,United States,"Atlanta, Germany",8309 Oak Ave,QLNAS,2704 Park Blvd,9061 Pine Rd,South America,adeeea3f-3363-48ac-b61d-417ce1567794,Statue of Liberty,Africa,2018-10-03 08:02:48,546 Main St,22,"2.001403, 47.947038",-15.883721,"Toronto, Germany",Malaria,CO,Atlanta,"54.129277, 3.213071",Europe/London,Premium,51-9983639,CA,"2 2 * * 0,6",Q2 2022,OH,"automation, analytics",ORD,Germany,source_col -> target_col,Europe,Singapore,Prof.,6.024788,2377 Main St,JFK,-75.463181,8230096101423,Antarctica,JP,Konnichiwa,America/New_York,"Denver, Switzerland",60110520,Golden Gate Bridge,Canada,BSD-3-Clause,West End,"Houston, Australia",9020 Elm St,9125.7,anna.miller,Miami,5173 Main St,Europe,Canada,Port of LA,Sydney,Low,ADV-D5UGD27M0G,BR,GM1388,Rotterdam,Eiffel Tower,96.73,North Shore,"-47.374043, -32.913865",Order #{{id}},"17.63046, -89.311655",39016,Mexico,company.net,https://example.com/users/606d7703/profile,9041 Cedar Ln,SFO,4618 Park Blvd,UTC,MVD,max=3819,SFO,119,-92.808962,Houston,"Chicago, India",Italy,BR,EMP-16386,Shanghai,Central Park,Houston,Central Park,Golden Gate Bridge,FL,staging.orders -> reports,Europe/London,5762 Park Blvd,34.0624,64.717587,UTC,LHR,JST,CO,"62.572988, 161.714128",07/24,cancelled,GB,PA,CDG,"48.426819, -21.163662",DE,Dallas,'',India,Spain,tenant-046,Berlin,7FG4TXAQLY5D7KFM2F0V,East Side,Spain,C98580059,2022-12-22 17:42:28,Busan,Europe,Europe/London,snapshot
GB,B+,Canada,70314,Singapore,TX,Big Ben,-68.444921,Port of LA,IN,-63.471466,30 days,4.68,JST,JST,South Korea,Brazil,Spain,"Seattle, Norway",8522 Elm St,GCCVS,5460 Pine Rd,2993 Maple Dr,Europe,56f87012-9b8d-4b31-a455-abdc8711e3f8,Eiffel Tower,Antarctica,2023-06-04T22:19:40Z,394 Maple Dr,44,"-42.077211, 164.923534",-47.936868,"Houston, Australia",COVID-19,GA,Chicago,"82.076612, 160.987989",JST,Penetration,18-3847262,PA,58 0 * * 1-5,Q1 2026,PA,"cloud, scalability, integration, compliance",LHR,Norway,input -> output,Antarctica,Brazil,Rev.,-25.389145,4361 Pine Rd,JFK,-38.059727,4831618329083,Europe,IN,Hola,PST,"Portland, Australia",47363,Eiffel Tower,Mexico,Proprietary,West End,"Boston, Sweden",3949 Cedar Ln,2056.3,liam.smith,Houston,9861 Maple Dr,Oceania,Sweden,Busan,Boston,High,ADV-NJCPUFAXQ8,IN,BR8296,Singapore,Eiffel Tower,359.99,West End,"82.130667, 168.30538",Dear {{customer}},"27.912844, -42.769564",20145,Australia,company.net,https://example.com/users/3abde318/profile,3247 Cedar Ln,SFO,6256 Cedar Ln,PST,GFS,warn=9061,JFK,52,-9.365928,Phoenix,"Boston, Canada",Netherlands,US,EMP-89536,Rotterdam,Big Ben,Houston,Eiffel Tower,Central Park,GA,staging.orders -> analytics,Europe/London,5027 Park Blvd,7054.7932,12.215161,PST,LAX,PST,GA,"-47.485549, -25.954571",08/29,pending,AU,IL,SFO,"12.64593, -134.20054",AU,Dallas,CURRENT_TIMESTAMP,Brazil,United Kingdom,tenant-031,Houston,O68OBV8FW09LQ6D9MW32,Downtown,Norway,T89736984,2026-01-14 15:26:37,Shanghai,Oceania,UTC,insert
JP,AB+,Singapore,ZY6 5VT,Busan,WA,Central Park,-98.488779,Port of LA,FR,-179.188374,indefinite,9.51,UTC,America/New_York,Australia,Australia,Brazil,"London, Netherlands",7457 Oak Ave,ATMR,3891 Main St,6946 Maple Dr,Europe,dcd88f9c-d94b-40c0-9f12-563a360b4d5e,Big Ben,South America,2026-12-21 10:34:49,1446 Oak Ave,92,"85.913379, -42.754087",-63.671381,"Berlin, Singapore",Influenza,WA,Berlin,"-79.316941, -177.620602",PST,Penetration,96-4680065,WA,37 11 * * 1-5,Q1 2025,CO,"analytics, reporting, automation, integration, cloud",SIN,Mexico,field_a -> field_b,Europe,Germany,Rev.,21.992669,1010 Park Blvd,SFO,110.941972,2210905344735,South America,CA,Bonjour,America/New_York,"Houston, France",370064,Big Ben,United Kingdom,BSD-3-Clause,Midtown,"Tokyo, Singapore",7472 Oak Ave,4476.0,michael.white,Austin,7968 Oak Ave,Europe,Mexico,Port of LA,Chicago,Medium,ADV-BDUYJ5RV9C,DE,NL7321,Hamburg,Statue of Liberty,795.55,East Side,"-24.377993, -105.696668",Hello {{name}},"-22.78623, -32.615961",42920,Germany,company.net,https://example.com/users/4ee20788/profile,196 Main St,NRT,3202 Pine Rd,JST,WZL,max=8886,JFK,73,-108.717916,Austin,"Houston, Mexico",Australia,DE,EMP-66248,Busan,Golden Gate Bridge,Miami,Eiffel Tower,Big Ben,FL,raw.orders -> analytics,EST,7593 Oak Ave,9768.4391,-77.168016,CET,LHR,Europe/London,FL,"72.731518, -143.047736",01/24,pending,DE,GA,JFK,"7.524248, 78.252699",DE,London,null,Germany,Japan,tenant-026,Seattle,RADHT0KXMEL7SSLV1JLX,North Shore,Australia,U71508136,2025-08-18 13:33:03,Port of LA,Antarctica,JST,delete
DE,AB-,Japan,57442,Busan,CO,Central Park,111.747401,Shanghai,BR,-64.558072,7 days,4.92,PST,UTC,Mexico,France,Australia,"Phoenix, Singapore",1957 Pine Rd,JPKL,1569 Pine Rd,5098 Pine Rd,South America,61794d78-6c78-4259-8a97-473b4f222b56,Central Park,Antarctica,2018-09-20 10:00:17,1631 Main St,62,"65.899532, 135.195735",31.833042,"San Francisco, Germany",Influenza,GA,Atlanta,"-7.748425, 17.954962",CET,Market-based,32-9232775,PA,32 20 * * *,Q1 2025,NY,"compliance, data, performance, integration, automation",LHR,Italy,input -> output,Africa,United Kingdom,Rev.,140.40274,6759 Maple Dr,JFK,132.73957,3337876203680,Europe,BR,Hola,UTC,"Tokyo, France",48414,Statue of Liberty,South Korea,Proprietary,East Side,"Houston, Japan",6683 Park Blvd,7084.5,john.brown,San Francisco,6925 Oak Ave,Africa,Japan,Shanghai,Los Angeles,Info,ADV-L7IOA32AOK,DE,OS1081,Shanghai,Golden Gate Bridge,557.27,Midtown,"-67.688623, 84.305207",Order #{{id}},"36.794502, -78.662558",10334,Singapore,acme.org,https://example.com/users/ba576276/profile,9452 Pine Rd,CDG,4558 Main St,UTC,TEZ,crit=3871,SFO,61,172.346875,Paris,"Sydney, India",Netherlands,BR,EMP-77521,Singapore,Golden Gate Bridge,Berlin,Golden Gate Bridge,Big Ben,IL,staging.events -> analytics,UTC,7288 Pine Rd,8180.2456,-30.403635,Europe/London,CDG,EST,NY,"-36.27801, -88.804003",10/30,failed,MX,PA,LHR,"27.656396, -147.132125",JP,New York,null,Japan,Mexico,tenant-015,Portland,3HM233SOX9PJ91M7GDJ7,North Shore,Switzerland,U26516297,2026-08-28T07:29:56Z,Busan,Antarctica,America/New_York,upsert
JP,O+,Italy,XE4 6IM,Rotterdam,PA,Eiffel Tower,-84.757009,Hamburg,MX,-136.666067,7 years,9.03,America/New_York,JST,Canada,Singapore,Italy,"San Francisco, United States",3474 Maple Dr,WB,3996 Maple Dr,1109 Main St,Oceania,8536ce08-f139-4aac-a5da-cd46827e7b6f,Statue of Liberty,Oceania,2023-05-24 04:28:27,9185 Cedar Ln,36,"25.691025, 160.281281",-150.112741,"San Francisco, Singapore",Influenza,CA,New York,"-20.512708, -63.138975",PST,Market-based,67-7288531,PA,40 8 * * 1-5,Q2 2023,FL,"reporting, analytics, scalability",CDG,South Korea,field_a -> target_col,North America,Sweden,Mrs.,87.568594,6799 Oak Ave,ORD,66.580871,8528209579162,Antarctica,JP,Konnichiwa,EST,"Denver, Japan",60112813,Big Ben,Mexico,MIT,Midtown,"Chicago, Netherlands",9548 Park Blvd,3878.8,jessica.robinson,San Francisco,7017 Cedar Ln,Africa,Japan,Shanghai,Toronto,Info,ADV-6YYQUHXYT9,DE,PS1960,Rotterdam,Statue of Liberty,926.52,South Bay,"23.153334, -50.927583",Order #{{id}},"88.554933, -84.191981",24562,Sweden,acme.org,https://example.com/users/bbb28502/profile,5413 Oak Ave,JFK,3432 Elm St,UTC,UDM,max=6945,LHR,74,27.102058,Chicago,"London, Japan",Sweden,BR,EMP-23924,Port of LA,Statue of Liberty,Tokyo,Big Ben,Big Ben,NY,staging.events -> exports,Europe/London,5646 Maple Dr,4476.3923,77.514961,PST,SIN,EST,WA,"-4.023078, 93.715289",07/26,pending,IN,CO,SIN,"18.2368, -179.706817",BR,Atlanta,null,Canada,Switzerland,tenant-009,Los Angeles,JD3C88G8JI463BX4RP40,Midtown,Japan,E61342077,2024-02-19 21:39:15,Hamburg,South America,EST,insert
IN,A+,Singapore,NC3 7IY,Port of LA,IL,Eiffel Tower,3.308653,Hamburg,AU,-136.898175,1 year,1.89,UTC,PST,Australia,India,United Kingdom,"Boston, United States",1065 Elm St,WD,7143 Elm St,1291 Elm St,Europe,05b97125-aa7a-486c-a042-af58892f6b21,Golden Gate Bridge,Europe,2022-10-07T02:23:33Z,6165 Pine Rd,81,"35.45911, -92.229244",134.79808,"Miami, Brazil",Influenza,MA,Tokyo,"-39.039158, 17.849016",Europe/London,Penetration,19-1526797,FL,"15 16 * * 0,6",Q1 2023,TX,"automation, performance",LAX,Brazil,source_col -> output,North America,Mexico,Ms.,38.529304,8518 Maple Dr,ORD,-12.799428,7110642004856,Oceania,AU,Bonjour,America/New_York,"New York, Switzerland",601146125,Big Ben,Germany,MIT,South Bay,"Sydney, Germany",9391 Oak Ave,2971.7,patricia.moore,Seattle,562 Pine Rd,Africa,Israel,Busan,Seattle,High,ADV-AJY1BVGWDG,CA,GG9495,Singapore,Central Park,97.86,East Side,"-12.69459, -140.061874",Order #{{id}},"-63.157401, 114.739777",48920,Netherlands,data.io,https://example.com/users/e350bebf/profile,3457 Cedar Ln,LHR,6957 Oak Ave,Europe/London,EAY,min=4341,NRT,43,96.7549,Phoenix,"Seattle, United Kingdom",Japan,US,EMP-39852,Port of LA,Central Park,San Francisco,Golden Gate Bridge,Eiffel Tower,NC,curated.orders -> exports,EST,6486 Pine Rd,6013.2799,28.888543,EST,SIN,PST,FL,"-43.72697, 136.784265",06/30,inactive,GB,FL,LHR,"-61.498721, -94.262969",JP,Austin,1,France,Switzerland,tenant-007,Phoenix,DPEEOV5SA8I7HUP506AT,South Bay,Germany,U53840450,2023-05-05 04:30:02,Port of LA,Oceania,JST,snapshot
GB,A+,France,BZ8 4VQ,Rotterdam,MA,Eiffel Tower,176.280456,Busan,JP,-81.908363,7 days,4.57,Europe/London,UTC,Australia,Japan,Brazil,"Miami, United States",5151 Elm St,TIT,1871 Cedar Ln,3059 Maple Dr,South America,0beab1db-9310-404e-9754-f06ee7920043,Statue of Liberty,North America,2019-11-02T08:33:45Z,159 Park Blvd,3,"58.18361, 67.374938",3.005811,"San Francisco, South Korea",Diabetes Mellitus,OH,Tokyo,"82.586697, 37.122352",UTC,Market-based,77-3312011,MA,18 17 * * 1-5,Q1 2022,FL,"data, reporting",SFO,India,field_a -> target_col,Africa,Japan,Dr.,-5.597359,7802 Elm St,LHR,-14.568801,3680483132604,Oceania,JP,Namaste,PST,"Sydney, Italy",44284,Big Ben,Germany,MIT,West End,"Miami, Mexico",9649 Cedar Ln,7454.4,susan.clark,New York,9211 Main St,Oceania,Australia,Hamburg,Tokyo,Low,ADV-X81FABDKT2,BR,XU5419,Rotterdam,Big Ben,708.98,Downtown,"-54.556339, -112.169765",Dear {{customer}},"-76.733243, -79.730258",49355,Sweden,data.io,https://example.com/users/a34d85e7/profile,3101 Pine Rd,CDG,1225 Pine Rd,PST,IZY,warn=6549,LHR,19,130.236003,Berlin,"Dallas, United Kingdom",Norway,MX,EMP-78227,Shanghai,Eiffel Tower,Paris,Central Park,Eiffel Tower,TX,staging.events -> reports,JST,2784 Park Blvd,4557.243,-16.637914,CET,LHR,EST,MA,"56.3664, -6.386738",11/24,active,MX,CA,JFK,"-33.314482, 54.477357",DE,Boston,1,Norway,Switzerland,tenant-012,Phoenix,V5T3V97CYG99LYK2F698,West End,Singapore,X27561387,2022-04-18T19:57:35Z,Hamburg,South America,Europe/London,update
MX,O-,Sweden,15776,Port of LA,IL,Statue of Liberty,171.487019,Shanghai,IN,-40.772474,30 days,3.08,EST,CET,India,Netherlands,Netherlands,"Berlin, South Korea",4215 Maple Dr,RMYUB,1533 Oak Ave,7927 Elm St,Europe,6b37f72b-9506-45a3-b826-e3bdd52d2bcc,Statue of Liberty,Europe,2024-11-22T18:13:39Z,7769 Elm St,64,"78.070648, -0.042406",7.042857,"Los Angeles, Italy",Diabetes Mellitus,TX,Dallas,"43.79039, -96.922393",UTC,Market-based,85-1331085,IL,15 7 * * *,Q2 2025,MA,"integration, security, automation, scalability",NRT,United States,field_a -> target_col,North America,Netherlands,Mrs.,-121.794769,4032 Park Blvd,NRT,-152.570795,6716292471523,North America,US,Bonjour,CET,"Toronto, Israel",421918,Golden Gate Bridge,Spain,CC BY 4.0,South Bay,"Miami, Sweden",5901 Elm St,6029.5,mason.moore,Portland,9037 Maple Dr,Europe,Singapore,Shanghai,Tokyo,High,ADV-UMAZQTGNZ3,MX,MF7946,Busan,Big Ben,997.74,North Shore,"-32.671479, -157.032179",{{date}} - {{event}},"-17.853232, 79.43568",56117,Spain,example.com,https://example.com/users/3a51807a/profile,5636 Pine Rd,LHR,9523 Cedar Ln,Europe/London,CFU,warn=4156,LAX,118,30.222116,Portland,"Portland, India",Canada,FR,EMP-68084,Hamburg,Golden Gate Bridge,San Francisco,Eiffel Tower,Golden Gate Bridge,IL,raw.events -> analytics,UTC,2531 Maple Dr,-991.5853,-40.342959,America/New_York,CDG,Europe/London,WA,"-88.122725, -59.752569",08/30,completed,AU,GA,LHR,"-49.092132, 35.657803",DE,Portland,'',Norway,India,tenant-024,Sydney,9YGIYZSODH7UICGGUWM1,West End,Canada,D40949365,2025-05-23T03:56:10Z,Singapore,South America,America/New_York,insert
JP,B+,United Kingdom,CN6 5OM,Singapore,CA,Golden Gate Bridge,123.033341,Port of LA,US,46.016659,1 year,1.49,Europe/London,UTC,Norway,Singapore,Australia,"Tokyo, United Kingdom",2401 Maple Dr,TM,7297 Main St,7144 Oak Ave,Africa,da5bd03c-0b01-4111-87e5-34beaf67e430,Golden Gate Bridge,Africa,2021-12-07 17:19:17,7036 Pine Rd,59,"56.980168, -159.509946",-61.783738,"Phoenix, Switzerland",COVID-19,FL,Dallas,"-4.883587, 147.525668",CET,Penetration,10-5907931,NC,5 20 * * 1-5,Q3 2025,FL,"compliance, data, cloud, reporting, monitoring",SIN,Brazil,source_col -> field_b,North America,France,Hon.,-108.984456,6311 Park Blvd,JFK,58.787257,7038368419453,South America,DE,Hola,EST,"Los Angeles, United States",482954,Big Ben,Sweden,BSD-3-Clause,East Side,"Dallas, Australia",6226 Park Blvd,7456.6,richard.martinez,Sydney,7611 Elm St,Asia,India,Singapore,Houston,High,ADV-SV73BSPMXA,BR,UJ6025,Shanghai,Central Park,717.35,South Bay,"-4.002297, 102.985816",Dear {{customer}},"83.762354, 135.239496",18960,France,service.cloud,https://example.com/users/c9797a24/profile,6881 Oak Ave,NRT,462 Oak Ave,PST,NPV,warn=4709,CDG,25,56.381724,New York,"Houston, Mexico",Israel,DE,EMP-60383,Hamburg,Eiffel Tower,Seattle,Statue of Liberty,Central Park,OH,staging.events -> analytics,JST,3059 Pine Rd,6208.8177,-49.75811,JST,JFK,EST,MA,"7.192255, 99.455538",09/25,rejected,DE,CO,SFO,"-58.015161, -82.46483",MX,Los Angeles,false,Switzerland,Mexico,tenant-013,Los Angeles,A8TB5G32B6BJL8NL52UK,West End,Italy,Y20977185,2021-01-21 14:13:58,Shanghai,Antarctica,UTC,update
MX,AB-,Spain,71142,Hamburg,IL,Eiffel Tower,-71.259822,Singapore,AU,160.162514,7 years,3.1,PST,PST,France,Brazil,Canada,"San Francisco, Italy",985 Pine Rd,TZLJ,9711 Park Blvd,6999 Elm St,North America,18021e90-7832-42f8-bad0-66e4afccbc23,Eiffel Tower,North America,2018-08-21 19:18:34,8663 Cedar Ln,25,"58.043203, -90.198409",146.445734,"New York, Sweden",COVID-19,WA,Houston,"-76.301027, 15.73454",PST,Cost-plus 25%,72-4615570,NC,22 22 * * *,Q1 2022,MA,"performance, scalability",CDG,Israel,input -> output,Asia,Germany,Mrs.,-131.278992,841 Park Blvd,SIN,96.854119,1833860453096,Europe,US,Guten Tag,JST,"Tokyo, Netherlands",601149631,Golden Gate Bridge,Israel,MIT,South Bay,"Boston, Singapore",2626 Maple Dr,8557.8,mason.brown,London,6722 Oak Ave,Asia,Mexico,Rotterdam,Denver,Critical,ADV-GHSAV2UZ4I,JP,QL2883,Hamburg,Golden Gate Bridge,157.38,East Side,"88.117876, -78.819994",{{date}} - {{event}},"48.45121, 68.111802",52251,Singapore,service.cloud,https://example.com/users/7983cfe4/profile,7774 Oak Ave,CDG,1564 Oak Ave,EST,XSG,crit=4024,SFO,59,122.950306,Houston,"Atlanta, Netherlands",Japan,FR,EMP-86359,Port of LA,Eiffel Tower,Sydney,Eiffel Tower,Golden Gate Bridge,GA,raw.orders -> analytics,UTC,1484 Pine Rd,5683.7197,45.387723,PST,SIN,PST,MA,"60.96652, 36.518633",12/27,completed,BR,NY,JFK,"27.900071, -42.707271",AU,San Francisco,false,Spain,Germany,tenant-025,New York,98LNLIEZRDDOUT1BMOS2,Downtown,Spain,P79897903,2020-03-03 19:30:25,Port of LA,South America,UTC,snapshot
BR,O-,Mexico,21123,Busan,WA,Big Ben,-25.365147,Shanghai,FR,98.293051,30 days,0.31,America/New_York,Europe/London,Norway,Germany,Japan,"Sydney, United States",1387 Elm St,CSCHM,4128 Elm St,4276 Cedar Ln,Europe,72573802-fa31-47fe-aaee-244886594107,Central Park,South America,2026-03-07 14:51:58,6642 Pine Rd,33,"1.887603, -28.769655",-87.377948,"Dallas, Canada",COVID-19,CA,New York,"-52.264866, 129.5427",PST,Cost-plus 25%,38-8184854,PA,35 4 * * *,Q4 2025,CA,"performance, reporting, scalability, security, automation",ORD,Spain,field_a -> target_col,Africa,Norway,Ms.,162.241221,2175 Cedar Ln,NRT,81.76901,2494473182990,Asia,BR,Hola,PST,"Dallas, Norway",601165595,Statue of Liberty,Switzerland,BSD-3-Clause,Midtown,"Boston, Canada",6660 Oak Ave,1642.1,emma.wright,Chicago,575 Cedar Ln,South America,India,Port of LA,Portland,High,ADV-EBGTEHMTDJ,FR,LG4694,Shanghai,Eiffel Tower,258.26,West End,"74.204158, 34.325322",Dear {{customer}},"19.763053, -164.275853",44887,Norway,acme.org,https://example.com/users/98e7c6d9/profile,680 Maple Dr,JFK,6056 Park Blvd,Europe/London,FTT,max=3669,ORD,9,22.355783,San Francisco,"Austin, Australia",United States,GB,EMP-71046,Shanghai,Big Ben,Paris,Big Ben,Big Ben,TX,raw.orders -> exports,JST,9109 Park Blvd,6401.5666,-7.795426,CET,ORD,UTC,CO,"-78.858199, -72.43283",12/27,rejected,IN,GA,NRT,"-52.857032, 41.270631",CA,London,CURRENT_TIMESTAMP,Israel,United Kingdom,tenant-008,Paris,X04ATNALRBQBW1WQJOMA,East Side,Singapore,A14154085,2018-05-02 12:01:42,Port of LA,Oceania,Europe/London,insert
AU,O-,South Korea,TF2 7AN,Busan,OH,Golden Gate Bridge,-100.069998,Rotterdam,GB,109.012536,30 days,1.34,America/New_York,JST,Spain,Mexico,United Kingdom,"Denver, Germany",7166 Oak Ave,GA,1373 Main St,4149 Cedar Ln,South America,2df1bfcc-6854-4da1-b3c7-3939a85ffcb9,Statue of Liberty,Antarctica,2020-05-01 00:40:00,6992 Pine Rd,76,"66.03146, -32.685505",-155.775055,"Miami, Singapore",COVID-19,GA,Atlanta,"82.136726, -85.154951",EST,Value pricing,33-8277668,TX,31 19 * * 1-5,Q4 2022,NY,"scalability, automation, security, monitoring",ORD,Singapore,input -> output,Oceania,Norway,Dr.,75.014902,8674 Cedar Ln,ORD,48.346923,4627812226557,South America,GB,Bonjour,JST,"Tokyo, Mexico",446475,Big Ben,France,CC BY 4.0,Downtown,"Toronto, Canada",6151 Oak Ave,9440.1,john.white,Sydney,8335 Park Blvd,North America,Canada,Hamburg,Portland,Low,ADV-CZ2PUH9G3W,JP,AO1038,Hamburg,Golden Gate Bridge,260.82,Downtown,"-64.989521, -33.756719",Dear {{customer}},"-24.130618, -12.41206",43140,Germany,example.com,https://example.com/users/e8b4aa44/profile,8572 Park Blvd,SIN,5448 Cedar Ln,JST,UMO,max=9589,JFK,15,111.001077,Austin,"New York, United States",Norway,BR,EMP-41847,Rotterdam,Statue of Liberty,Boston,Eiffel Tower,Central Park,IL,curated.events -> exports,PST,9574 Main St,4321.6656,39.346157,UTC,NRT,EST,IL,"-21.544681, 168.375928",06/26,cancelled,GB,NY,CDG,"-49.717116, -95.494049",CA,Sydney,false,Australia,Norway,tenant-004,Houston,CQPTUH2POAJJIIYY0C6B,South Bay,India,U28466731,2026-05-04 12:32:35,Port of LA,Oceania,JST,insert
GB,O+,India,EU5 5YK,Singapore,TX,Central Park,-38.458914,Port of LA,GB,167.213757,7 days,3.3,EST,UTC,Netherlands,Mexico,Norway,"Austin, India",6642 Maple Dr,STOOJ,6861 Maple Dr,933 Cedar Ln,Oceania,cd3c2bfe-baf8-495d-b15c-786110248622,Golden Gate Bridge,Europe,2025-08-25 19:22:51,2761 Oak Ave,15,"-82.636144, -53.932289",39.806699,"Sydney, Italy",Influenza,GA,Seattle,"67.433385, 95.784948",JST,Penetration,71-3500598,CO,"11 3 * * 0,6",Q4 2021,IL,"automation, integration, monitoring, performance",LAX,Germany,field_a -> field_b,Oceania,Japan,Ms.,-86.525679,9603 Cedar Ln,CDG,-158.660226,1184461066988,Oceania,AU,Konnichiwa,JST,"Los Angeles, United States",423736,Golden Gate Bridge,Canada,CC BY 4.0,Midtown,"Boston, France",3880 Maple Dr,6670.4,patricia.lewis,Miami,7053 Elm St,Europe,South Korea,Singapore,Seattle,Medium,ADV-R4CGNSAB5O,IN,BC8039,Busan,Big Ben,211.93,Downtown,"-74.827265, -132.278427",{{date}} - {{event}},"-46.987031, 108.90494",42001,South Korea,service.cloud,https://example.com/users/94a87411/profile,3897 Main St,SIN,5509 Oak Ave,CET,WVM,max=6007,CDG,90,177.569516,Dallas,"Chicago, Spain",Switzerland,FR,EMP-52314,Rotterdam,Statue of Liberty,Houston,Big Ben,Golden Gate Bridge,PA,staging.users -> analytics,CET,5652 Elm St,8973.7636,14.688756,PST,SIN,CET,PA,"2.751442, 134.258031",04/24,cancelled,IN,NY,SFO,"85.117647, 93.267072",AU,Portland,'',Switzerland,Australia,tenant-025,Toronto,NGBJHVCEN77VMR5YMV5Z,North Shore,South Korea,Z10688743,2023-05-20 08:05:38,Shanghai,Asia,UTC,snapshot
FR,A-,Mexico,JF7 2JI,Rotterdam,CO,Central Park,-94.275609,Singapore,CA,-134.306281,7 days,4.23,JST,UTC,Norway,Canada,Brazil,"San Francisco, Brazil",281 Maple Dr,BIRV,4985 Elm St,8282 Pine Rd,North America,1a39587c-34e2-491b-b03d-97e0b24293b7,Big Ben,Asia,2024-04-12T15:32:43Z,7038 Elm St,21,"-83.717909, -155.940451",-48.418786,"Dallas, France",Tuberculosis,OH,New York,"-49.166427, 53.22981",America/New_York,Premium,54-9030905,NC,4 20 * * 1-5,Q1 2024,CO,"data, analytics, security",SIN,Canada,input -> output,Oceania,Japan,Mrs.,-31.457787,5620 Oak Ave,NRT,-152.785091,7111947735434,Europe,AU,Guten Tag,America/New_York,"Boston, Netherlands",489724,Statue of Liberty,Switzerland,BSD-3-Clause,Downtown,"Chicago, Japan",5326 Park Blvd,2027.9,noah.martin,Houston,8816 Main St,Antarctica,Sweden,Port of LA,Toronto,Info,ADV-P4M9K5QF02,DE,YW2167,Busan,Big Ben,713.35,Downtown,"47.033088, -86.16341",Dear {{customer}},"-40.14201, 19.5536",44775,Japan,acme.org,https://example.com/users/b541d9b1/profile,6567 Maple Dr,LHR,8412 Pine Rd,America/New_York,SCW,max=4655,SIN,10,-169.719033,Seattle,"Paris, Switzerland",Japan,GB,EMP-89486,Shanghai,Central Park,San Francisco,Golden Gate Bridge,Golden Gate Bridge,PA,staging.orders -> reports,UTC,2848 Pine Rd,679.4646,71.107771,America/New_York,JFK,CET,CA,"-29.956496, -123.834421",10/26,rejected,JP,CA,LHR,"73.534967, -92.351502",AU,Denver,CURRENT_TIMESTAMP,Italy,France,tenant-027,Denver,PHI3H8Z1RHL4YXHIRJZ8,West End,Canada,F23645737,2026-07-04T12:17:23Z,Shanghai,Oceania,PST,update
CA,AB-,Brazil,AZ5 1ET,Busan,NY,Central Park,21.097032,Port of LA,DE,82.034328,indefinite,0.52,PST,Europe/London,Japan,Mexico,United States,"Dallas, Spain",6571 Main St,QRRCX,8708 Park Blvd,4187 Pine Rd,Antarctica,af650b69-00ad-4e41-8708-7a5cc79882fb,Big Ben,Asia,2022-08-07T11:46:35Z,1910 Maple Dr,75,"-80.170222, 118.670694",172.362396,"Denver, Norway",Malaria,PA,Austin,"33.010282, 69.547553",PST,Value pricing,16-4189417,MA,"48 14 * * 0,6",Q3 2023,IL,"data, compliance",SIN,India,source_col -> field_b,South America,Canada,Prof.,-73.55657,2260 Main St,NRT,81.6199,6642788321813,Asia,CA,Konnichiwa,America/New_York,"Denver, Germany",41921,Central Park,India,BSD-3-Clause,Midtown,"Austin, Australia",2168 Maple Dr,4597.5,aiden.brown,London,3972 Elm St,Europe,Israel,Hamburg,Seattle,Medium,ADV-6GX9R5ELGD,MX,GE492,Port of LA,Big Ben,117.87,South Bay,"47.092593, 116.350328",Order #{{id}},"11.18407, 68.12437",10441,Netherlands,acme.org,https://example.com/users/8f479792/profile,1087 Pine Rd,SIN,9550 Cedar Ln,JST,FWD,max=5945,JFK,91,-158.647988,Denver,"Phoenix, Norway",Brazil,CA,EMP-75263,Shanghai,Big Ben,Chicago,Central Park,Golden Gate Bridge,NY,curated.orders -> exports,CET,4504 Cedar Ln,143.0135,15.689841,CET,SIN,PST,TX,"10.425029, -129.102845",08/29,completed,CA,MA,LHR,"-36.363421, -69.899238",MX,Phoenix,CURRENT_TIMESTAMP,Israel,Norway,tenant-020,Miami,GLGQXLIN5WT3ONDLF4A9,South Bay,Italy,P77813424,2018-07-12 02:38:16,Singapore,Antarctica,EST,insert
FR,AB-,South Korea,BM2 1DR,Busan,FL,Big Ben,31.19086,Port of LA,MX,-128.414386,30 days,2.23,Europe/London,CET,United States,Singapore,Norway,"Sydney, Spain",5721 Maple Dr,OCSL,40 Pine Rd,4954 Pine Rd,Asia,30a081fe-48aa-4ac6-8c15-bf028ab4841c,Statue of Liberty,Antarctica,2024-07-09T08:23:41Z,7254 Oak Ave,42,"26.596345, -110.985554",135.270407,"Phoenix, Singapore",COVID-19,FL,Toronto,"-23.377261, -98.860847",EST,Cost-plus 25%,54-3322816,WA,"46 20 * * 0,6",Q2 2023,NC,"integration, data, reporting, automation, performance",LHR,South Korea,field_a -> target_col,Europe,Australia,Rev.,-15.625441,3720 Elm St,LHR,87.474942,4481391563691,Antarctica,CA,Bonjour,PST,"Phoenix, Mexico",373693,Statue of Liberty,Brazil,Proprietary,West End,"Paris, Norway",5102 Maple Dr,7375.9,oliver.harris,Denver,6927 Maple Dr,Europe,United Kingdom,Singapore,New York,Critical,ADV-CI74647E2P,US,FS3975,Singapore,Big Ben,131.61,West End,"-81.862726, -44.556461",Order #{{id}},"-33.255431, 3.220308",04318,Sweden,company.net,https://example.com/users/7edaaf78/profile,3775 Pine Rd,JFK,7596 Park Blvd,America/New_York,LYX,min=4725,JFK,11,107.536188,Portland,"Dallas, Germany",India,GB,EMP-20343,Rotterdam,Central Park,Denver,Central Park,Central Park,WA,curated.orders -> analytics,America/New_York,6620 Main St,6758.2445,-43.708814,UTC,LAX,JST,IL,"-68.120889, -116.030696",08/27,rejected,JP,NY,CDG,"-60.990224, -147.665676",US,Chicago,false,Brazil,Israel,tenant-032,Denver,5TQ58SP3MMH9R6BYSOJZ,Midtown,South Korea,Y75782715,2022-01-25T22:50:56Z,Singapore,North America,UTC,update
DE,B-,France,39438,Singapore,NC,Statue of Liberty,43.289303,Busan,US,-16.16186,indefinite,3.05,Europe/London,PST,Mexico,Israel,Israel,"Seattle, Australia",6241 Cedar Ln,UZL,2353 Pine Rd,5264 Cedar Ln,North America,8a6d2074-b777-45a3-b7ae-65c179f1b85a,Eiffel Tower,Africa,2018-02-26 06:14:29,2101 Park Blvd,17,"64.917156, -143.546759",173.837097,"Atlanta, Switzerland",Tuberculosis,MA,Phoenix,"-66.189106, -103.626761",PST,Premium,79-1274263,FL,20 16 * * *,Q4 2025,IL,"data, security, automation",SFO,Spain,input -> field_b,Asia,Mexico,Hon.,-127.50463,7288 Elm St,LAX,-154.380781,0626534016132,Africa,DE,Hola,JST,"Toronto, France",60115071,Golden Gate Bridge,Israel,MIT,Midtown,"London, Singapore",4149 Oak Ave,7881.7,michael.king,Chicago,8757 Maple Dr,Antarctica,Norway,Port of LA,Seattle,Critical,ADV-R987EO5RYD,AU,OT421,Busan,Big Ben,394.17,North Shore,"79.631449, -31.657949",Dear {{customer}},"-1.069724, -17.581193",11578,Sweden,acme.org,https://example.com/users/ade40b8b/profile,1683 Oak Ave,SFO,7837 Park Blvd,America/New_York,URJ,crit=3828,CDG,109,173.961799,San Francisco,"Seattle, Israel",Singapore,JP,EMP-98963,Shanghai,Central Park,Boston,Big Ben,Statue of Liberty,WA,raw.orders -> exports,JST,8891 Cedar Ln,3292.4804,-42.571613,Europe/London,LHR,UTC,FL,"-28.506559, -134.561179",04/25,active,BR,TX,SIN,"-45.372682, 89.20602",CA,Tokyo,null,Brazil,Germany,tenant-006,Houston,DDQJG297250FT2ZOL9WE,North Shore,United States,J22632700,2018-09-28 16:35:25,Port of LA,Antarctica,JST,upsert
US,AB+,United Kingdom,89000,Rotterdam,GA,Golden Gate Bridge,-112.337643,Port of LA,US,-30.662644,7 years,6.23,JST,EST,Italy,France,United States,"Tokyo, Sweden",2783 Cedar Ln,KUKF,7075 Main St,6386 Pine Rd,South America,4033db0e-8b84-4d2e-9026-1cf9251841ee,Eiffel Tower,North America,2026-05-15 10:42:14,9675 Cedar Ln,52,"36.301289, -12.703553",-74.342126,"Houston, South Korea",COVID-19,WA,Tokyo,"84.527742, 103.538656",CET,Market-based,60-7073190,CA,21 9 * * 1-5,Q3 2021,CA,"analytics, reporting, performance, automation",CDG,Japan,field_a -> field_b,Europe,Japan,Mr.,-98.618313,5703 Cedar Ln,SFO,112.648166,8049306859751,Oceania,BR,Konnichiwa,PST,"Berlin, Spain",601158443,Golden Gate Bridge,Sweden,CC BY 4.0,Midtown,"San Francisco, Brazil",7976 Maple Dr,8423.4,james.miller,Dallas,4670 Main St,Europe,South Korea,Hamburg,Boston,Critical,ADV-BP2XW8087L,CA,ZB3895,Busan,Central Park,345.94,Downtown,"69.691647, 174.050214",Order #{{id}},"-51.625737, 153.759904",18866,Netherlands,acme.org,https://example.com/users/72187dab/profile,3559 Oak Ave,ORD,8629 Pine Rd,UTC,TRY,min=853,NRT,45,52.029055,Dallas,"Austin, Japan",United States,JP,EMP-91176,Port of LA,Golden Gate Bridge,Denver,Eiffel Tower,Statue of Liberty,NY,curated.orders -> analytics,UTC,991 Oak Ave,5390.9055,-9.467178,CET,SIN,PST,FL,"0.865172, -89.933635",09/27,failed,BR,TX,JFK,"-38.76532, 174.295053",MX,San Francisco,1,United States,United States,tenant-043,Atlanta,B1D9NNGK04NU94IXNBBU,North Shore,Mexico,H41709250,2023-03-11T13:41:04Z,Singapore,Oceania,Europe/London,delete
GB,B-,Netherlands,34049,Rotterdam,CA,Central Park,-25.653085,Hamburg,FR,-130.480536,7 years,2.09,CET,EST,South Korea,Israel,Germany,"Miami, Australia",4930 Oak Ave,AHD,6786 Park Blvd,963 Main St,North America,89cd715a-4832-4508-a6bd-c481986db415,Golden Gate Bridge,Europe,2024-01-22T17:36:50Z,3702 Main St,96,"56.648051, -22.738184",-93.900707,"Paris, Canada",Influenza,PA,Austin,"-60.541412, -90.273559",JST,Penetration,19-1694499,NC,32 11 * * 1-5,Q3 2021,IL,"automation, security, analytics, scalability",NRT,United Kingdom,field_a -> target_col,Asia,Mexico,Ms.,79.584713,8013 Maple Dr,JFK,116.001287,5267179391805,North America,FR,Guten Tag,EST,"Tokyo, Netherlands",50686,Big Ben,Sweden,CC BY 4.0,South Bay,"Austin, Switzerland",9331 Maple Dr,6596.3,richard.harris,Austin,5965 Cedar Ln,South America,Germany,Busan,Austin,Low,ADV-5HPR54HLQU,GB,AB2409,Rotterdam,Central Park,212.63,West End,"-37.489208, -179.207286",Dear {{customer}},"74.186487, 178.836358",52797,Japan,service.cloud,https://example.com/users/e11db2a9/profile,161 Pine Rd,SFO,6693 Maple Dr,PST,TXZ,max=5442,SIN,40,62.676975,Dallas,"Miami, Sweden",Japan,DE,EMP-75301,Busan,Statue of Liberty,Miami,Eiffel Tower,Central Park,PA,raw.users -> analytics,UTC,4559 Main St,2963.7416,-5.21422,PST,SIN,UTC,NY,"85.698882, 43.228981",04/27,active,DE,OH,SFO,"17.935963, 158.899908",CA,Portland,null,Singapore,Brazil,tenant-033,London,0AM5Z5JUVFOG9TAFMUXY,West End,Singapore,Z11252378,2024-07-19T00:00:43Z,Singapore,Oceania,America/New_York,update
JP,B+,Norway,84083,Shanghai,CO,Big Ben,-101.857858,Port of LA,AU,104.476223,30 days,2.53,PST,Europe/London,Germany,South Korea,Sweden,"Berlin, India",7968 Main St,LL,6649 Oak Ave,3269 Oak Ave,South America,4e00e9b0-7cea-439b-bc16-2271fac34c65,Statue of Liberty,North America,2022-11-12 13:03:00,8045 Park Blvd,46,"70.122716, 92.056289",70.241398,"Paris, Norway",Tuberculosis,CO,London,"-51.644672, -155.765256",JST,Premium,72-5794034,CA,59 9 * * 1-5,Q4 2024,NC,"scalability, data, cloud, analytics, automation",NRT,Netherlands,source_col -> output,Africa,Israel,Mrs.,10.568182,2518 Maple Dr,SFO,146.141574,5265172955662,Oceania,US,Bonjour,JST,"Paris, United States",581717,Eiffel Tower,India,Apache-2.0,Midtown,"Chicago, Singapore",1276 Main St,224.9,mary.johnson,Toronto,9787 Cedar Ln,Oceania,South Korea,Shanghai,Sydney,Low,ADV-CYJLG4HUUQ,CA,YF718,Singapore,Statue of Liberty,416.6,South Bay,"-30.502052, 55.835444",{{date}} - {{event}},"70.769505, -134.326521",30007,Israel,example.com,https://example.com/users/6c2b9747/profile,6250 Maple Dr,LHR,1077 Pine Rd,JST,TGB,warn=4203,SIN,70,-85.900403,Paris,"Boston, Netherlands",United Kingdom,CA,EMP-41059,Rotterdam,Statue of Liberty,London,Eiffel Tower,Eiffel Tower,TX,curated.users -> exports,America/New_York,893 Maple Dr,6559.8286,-32.670545,UTC,CDG,EST,IL,"10.732892, 142.755898",01/25,approved,AU,PA,JFK,"30.600937, -6.774411",IN,Portland,'',Germany,Japan,tenant-025,Atlanta,B9W764RD54QJUNDZDVHC,South Bay,Netherlands,I82091265,2024-03-04 18:07:58,Busan,Antarctica,Europe/London,delete
DE,A+,Switzerland,CC7 7HM,Port of LA,OH,Central Park,59.541877,Port of LA,DE,159.358685,1 year,2.86,PST,JST,United States,United Kingdom,South Korea,"Toronto, France",4666 Elm St,TZDG,3228 Maple Dr,4965 Elm St,Europe,644896f0-e20a-443f-92d2-3567baee868e,Golden Gate Bridge,Asia,2020-10-24 06:55:11,4149 Elm St,55,"20.415537, -71.634558",133.095014,"Denver, United States",COVID-19,PA,Tokyo,"28.086892, 30.716352",Europe/London,Penetration,48-3782778,PA,52 9 * * *,Q1 2020,CO,"monitoring, analytics, security, scalability",LAX,Netherlands,field_a -> target_col,Oceania,Japan,Ms.,122.878977,489 Pine Rd,NRT,153.663274,4256332121847,Europe,IN,Guten Tag,CET,"Atlanta, Brazil",466717,Eiffel Tower,India,Apache-2.0,Downtown,"Dallas, Netherlands",7994 Pine Rd,2835.1,emma.harris,Los Angeles,8673 Maple Dr,Africa,Singapore,Busan,Portland,Medium,ADV-X94558KZVT,AU,FI5518,Singapore,Eiffel Tower,259.71,West End,"-43.572648, 61.364593",Order #{{id}},"34.538704, -148.229571",41155,France,example.com,https://example.com/users/ac8c328d/profile,7102 Main St,SFO,9617 Park Blvd,Europe/London,PPO,warn=8530,LAX,4,54.902629,San Francisco,"Seattle, Italy",Mexico,IN,EMP-56186,Singapore,Golden Gate Bridge,Seattle,Statue of Liberty,Big Ben,WA,curated.events -> exports,EST,5071 Oak Ave,7226.8656,-89.931591,JST,LAX,PST,MA,"5.081092, -104.044222",03/28,rejected,BR,IL,LAX,"-41.383387, 179.340026",IN,New York,1,Italy,Italy,tenant-001,San Francisco,3YCGFKHR8S3ZJ4V5BQUN,Downtown,Brazil,K71969381,2020-11-23 19:58:39,Rotterdam,South America,EST,delete
BR,AB-,Australia,GJ3 8KP,Hamburg,GA,Golden Gate Bridge,-19.7954,Port of LA,GB,-12.94244,7 years,7.11,Europe/London,EST,Japan,Mexico,Japan,"Houston, Switzerland",7030 Pine Rd,GJPE,9922 Pine Rd,7289 Elm St,Africa,91f2f81b-0782-4224-b45a-920f0fe36ce6,Golden Gate Bridge,South America,2025-02-16 00:41:28,3418 Oak Ave,47,"51.405545, 114.263028",59.573386,"Tokyo, Italy",Influenza,CA,Toronto,"65.664516, 132.10745",UTC,Market-based,17-9909334,NY,"57 10 * * 0,6",Q2 2026,OH,"performance, monitoring, integration, compliance, analytics",LAX,Mexico,input -> output,Oceania,Italy,Rev.,121.249001,7881 Main St,JFK,-58.460401,0935162236746,South America,BR,Hola,CET,"Denver, United Kingdom",3733023,Central Park,Switzerland,Proprietary,West End,"Dallas, Netherlands",8535 Pine Rd,9769.3,robert.young,Los Angeles,5469 Maple Dr,North America,Israel,Singapore,Berlin,Medium,ADV-66MODDRMW8,GB,JX1725,Busan,Eiffel Tower,673.49,South Bay,"-52.568524, 147.136518",{{date}} - {{event}},"-50.304116, -141.783144",51566,Norway,data.io,https://example.com/users/91a0d3dd/profile,1748 Park Blvd,SIN,6491 Main St,PST,DPK,max=7029,JFK,61,-25.874155,Phoenix,"Seattle, Singapore",Spain,GB,EMP-84262,Shanghai,Eiffel Tower,Chicago,Big Ben,Eiffel Tower,CA,curated.events -> analytics,UTC,6512 Cedar Ln,4306.1542,-36.681476,CET,SIN,UTC,FL,"4.1639, 9.398957",10/27,cancelled,US,TX,LHR,"-48.307957, -111.990288",IN,Chicago,1,United Kingdom,South Korea,tenant-029,San Francisco,MIRLUSQLGT95CWDH3U40,East Side,Italy,W57319319,2023-08-18 14:03:43,Singapore,Europe,Europe/London,insert
MX,A+,United States,23184,Rotterdam,MA,Big Ben,-58.226164,Hamburg,GB,148.967759,1 year,9.12,Europe/London,EST,Canada,Switzerland,Japan,"London, Australia",1567 Pine Rd,KTI,240 Main St,330 Pine Rd,North America,a1bdd082-d82c-4ce8-a67e-6acb2dd5d7e5,Statue of Liberty,North America,2018-09-26 20:36:11,6080 Oak Ave,84,"14.408408, -37.105796",41.193154,"Denver, United States",Influenza,GA,Miami,"21.231096, -73.97609",PST,Penetration,62-6183380,WA,44 20 * * *,Q4 2021,FL,"cloud, security, automation",SFO,Switzerland,source_col -> target_col,South America,Sweden,Mrs.,-102.266871,958 Maple Dr,NRT,140.874593,0651464328331,Europe,FR,Namaste,PST,"Seattle, Australia",49787,Golden Gate Bridge,Australia,MIT,North Shore,"Dallas, Switzerland",2797 Cedar Ln,9880.7,linda.anderson,Houston,1104 Pine Rd,Asia,Singapore,Busan,New York,High,ADV-5MWKUB6ADR,CA,RG9585,Port of LA,Big Ben,652.19,Midtown,"12.681412, 54.992591",Order #{{id}},"-77.357193, 76.673",15823,France,company.net,https://example.com/users/ed2c135f/profile,6375 Elm St,LHR,8898 Elm St,CET,RPU,warn=3065,LAX,104,-161.107913,Dallas,"Miami, Singapore",France,GB,EMP-18095,Port of LA,Central Park,Phoenix,Central Park,Eiffel Tower,NC,curated.events -> exports,UTC,6056 Elm St,7170.0201,-54.47097,America/New_York,SIN,JST,OH,"67.325623, 59.701683",01/28,cancelled,US,IL,ORD,"-87.028573, 44.72689",US,Portland,null,Canada,South Korea,tenant-048,Austin,EXL6ZP3TSK2W69UV00RF,North Shore,United States,O97053210,2023-08-13T16:38:37Z,Hamburg,North America,Europe/London,update
GB,AB-,Israel,69890,Shanghai,NY,Big Ben,-86.887113,Shanghai,CA,-163.543451,7 years,7.98,UTC,PST,Netherlands,Spain,Canada,"Dallas, Singapore",8024 Main St,GYR,5084 Park Blvd,6924 Main St,Oceania,16878e58-746b-4823-bc5f-c4652884ca02,Golden Gate Bridge,Asia,2021-09-16 17:39:57,6794 Park Blvd,16,"-57.848917, -95.542933",-17.06303,"San Francisco, Switzerland",COVID-19,MA,Austin,"78.348281, -108.757017",JST,Premium,68-7729646,WA,46 0 * * *,Q3 2026,OH,"analytics, automation, compliance, performance",CDG,Sweden,input -> target_col,Africa,Australia,Dr.,21.942184,3785 Maple Dr,ORD,55.326494,6754178570334,South America,GB,Hola,UTC,"Los Angeles, United Kingdom",509455,Big Ben,Israel,CC BY 4.0,West End,"Sydney, Brazil",371 Oak Ave,4061.5,william.young,Paris,6983 Maple Dr,South America,Australia,Hamburg,Toronto,High,ADV-YIZ3GL0T09,AU,VO3082,Hamburg,Central Park,504.14,North Shore,"74.473753, -179.100925",Dear {{customer}},"-28.065812, -157.152206",48379,Netherlands,service.cloud,https://example.com/users/be14a669/profile,3925 Main St,LAX,1361 Park Blvd,EST,JRA,min=134,SFO,35,44.879623,Miami,"Tokyo, Australia",India,AU,EMP-99911,Busan,Big Ben,London,Statue of Liberty,Statue of Liberty,GA,curated.events -> analytics,CET,6010 Pine Rd,7270.4503,9.124056,America/New_York,LHR,CET,FL,"-6.271803, -174.807673",12/29,rejected,US,IL,SFO,"5.081966, 87.955919",AU,Atlanta,CURRENT_TIMESTAMP,South Korea,Israel,tenant-047,Seattle,2739Q9HV1LLCP4QGJ9A7,West End,Norway,P59588001,2022-03-08 23:44:13,Rotterdam,South America,PST,update
MX,A-,Netherlands,63409,Shanghai,FL,Golden Gate Bridge,-116.726551,Shanghai,IN,-72.079551,7 days,8.13,UTC,EST,United States,Australia,Switzerland,"Seattle, Switzerland",6924 Cedar Ln,VA,7962 Elm St,8880 Elm St,North America,68a33d8b-8f40-4c81-9fab-c204a0afebde,Central Park,North America,2023-12-04T07:19:17Z,2097 Pine Rd,89,"-38.924451, 40.278644",93.27333,"Seattle, Singapore",Tuberculosis,CA,Paris,"79.128735, -25.128822",EST,Value pricing,32-2933653,IL,4 0 * * 1-5,Q2 2025,NC,"data, compliance, performance",LAX,Switzerland,field_a -> field_b,Asia,Germany,Hon.,61.131295,7737 Main St,LHR,-144.813914,1342887400222,Asia,GB,Namaste,JST,"Miami, United States",58057,Central Park,Mexico,BSD-3-Clause,North Shore,"Boston, Canada",6789 Cedar Ln,8709.8,sarah.taylor,Austin,8530 Main St,Asia,France,Hamburg,Portland,High,ADV-QMEA3RV0T0,JP,XK7567,Rotterdam,Eiffel Tower,117.0,East Side,"-44.455327, 47.558955",Hello {{name}},"-22.110582, 12.59073",31108,Italy,acme.org,https://example.com/users/47cd480b/profile,1462 Maple Dr,LHR,6949 Oak Ave,UTC,KHA,crit=6907,LAX,86,-22.598761,Miami,"Phoenix, Sweden",South Korea,GB,EMP-84783,Rotterdam,Statue of Liberty,Tokyo,Golden Gate Bridge,Central Park,CA,staging.orders -> reports,America/New_York,708 Park Blvd,7838.877,-20.85794,EST,NRT,EST,CO,"82.374441, -75.54407",07/25,failed,IN,IL,SIN,"88.671742, 148.673426",US,Los Angeles,CURRENT_TIMESTAMP,Singapore,Israel,tenant-003,Dallas,T8EYYK8MCU1UQU3QPY8M,Downtown,Mexico,S48701612,2021-12-02 23:47:00,Rotterdam,Oceania,PST,update
GB,A-,France,50020,Rotterdam,NC,Big Ben,113.634546,Port of LA,US,149.204083,7 years,3.59,CET,JST,Sweden,Norway,Italy,"London, Norway",6370 Elm St,NS,1517 Elm St,9195 Cedar Ln,Europe,f22766dd-7b92-4f37-9a5c-3f3c9d94abff,Golden Gate Bridge,Asia,2021-07-28T02:48:05Z,6516 Pine Rd,39,"-56.822785, 15.152992",-124.801111,"Phoenix, Japan",Influenza,IL,Houston,"-71.210342, 136.014112",UTC,Market-based,98-3620469,CA,35 17 * * 1-5,Q2 2022,NY,"monitoring, integration, reporting, security",CDG,Japan,source_col -> field_b,Africa,Germany,Dr.,122.4061,8159 Park Blvd,JFK,105.487455,5182046326779,Europe,MX,Guten Tag,PST,"Atlanta, India",375059,Golden Gate Bridge,Canada,CC BY 4.0,Midtown,"Miami, South Korea",3032 Maple Dr,7474.5,ethan.garcia,Tokyo,4181 Oak Ave,Asia,Mexico,Singapore,New York,Info,ADV-OR7J41MC13,DE,YW4984,Rotterdam,Central Park,163.42,Downtown,"60.50596, 91.922163",Hello {{name}},"-24.247384, -95.385675",24026,United Kingdom,service.cloud,https://example.com/users/fd873747/profile,3821 Oak Ave,NRT,3913 Maple Dr,CET,MRS,max=1151,NRT,53,131.870078,Austin,"Chicago, Japan",South Korea,IN,EMP-65641,Shanghai,Eiffel Tower,Dallas,Golden Gate Bridge,Eiffel Tower,NY,raw.users -> exports,EST,8519 Park Blvd,6588.5301,-62.673907,America/New_York,ORD,Europe/London,CA,"-3.897526, -11.314181",08/28,failed,GB,GA,LHR,"-55.300608, 121.832413",MX,Paris,CURRENT_TIMESTAMP,United Kingdom,Brazil,tenant-035,Boston,YK3XILOL3R8NGLZ78FA1,Downtown,Israel,U53544084,2019-05-09 09:35:08,Busan,South America,UTC,delete
MX,B-,South Korea,DO8 2IH,Port of LA,NY,Eiffel Tower,6.57277,Port of LA,MX,102.159841,indefinite,5.86,Europe/London,CET,Netherlands,United Kingdom,United States,"Houston, South Korea",5258 Maple Dr,TQ,9157 Elm St,5816 Park Blvd,Antarctica,edb29a04-a89f-4062-a88f-d73286d0fb77,Central Park,North America,2026-02-02 02:09:12,263 Maple Dr,72,"36.24283, 70.473233",-27.867702,"Tokyo, Israel",Tuberculosis,IL,Chicago,"-73.883439, 60.079583",America/New_York,Value pricing,64-5886707,FL,"32 21 * * 0,6",Q1 2022,CA,"data, compliance, monitoring, automation, performance",CDG,Sweden,field_a -> output,Asia,India,Mrs.,124.024165,1966 Elm St,CDG,-67.787904,1101643118803,Antarctica,MX,Guten Tag,EST,"Austin, Australia",60111881,Big Ben,Germany,MIT,North Shore,"Dallas, Canada",2038 Park Blvd,1318.0,david.moore,Phoenix,1873 Oak Ave,Asia,Switzerland,Rotterdam,Berlin,Info,ADV-PNDR43AX88,CA,LH4955,Busan,Golden Gate Bridge,386.51,South Bay,"-83.773019, 112.099234",Dear {{customer}},"70.646198, 0.520387",34087,Spain,company.net,https://example.com/users/1f8213f2/profile,5041 Main St,JFK,225 Cedar Ln,America/New_York,BXW,max=8436,LHR,65,85.572,Los Angeles,"London, Singapore",Israel,US,EMP-13536,Singapore,Central Park,Toronto,Central Park,Golden Gate Bridge,TX,staging.users -> exports,America/New_York,5262 Park Blvd,2279.0718,32.932095,EST,ORD,Europe/London,MA,"-77.362313, 137.877903",06/29,rejected,CA,TX,NRT,"17.766817, 110.283588",IN,Berlin,0,Netherlands,Germany,tenant-033,Seattle,KAT4A90QI9GT4MQCR5NI,West End,Norway,O77189785,2018-09-26 03:00:12,Shanghai,Oceania,America/New_York,snapshot
JP,A-,Brazil,76625,Shanghai,WA,Golden Gate Bridge,41.371163,Port of LA,AU,27.962106,7 years,3.97,America/New_York,PST,Norway,Singapore,Mexico,"Sydney, France",2285 Maple Dr,UPLIX,2055 Oak Ave,7384 Main St,South America,29dc0349-7e47-4d0a-8976-130a6fa435cb,Big Ben,Africa,2020-09-10 16:49:56,4623 Pine Rd,46,"-48.605201, 38.57305",-115.868874,"New York, Switzerland",Tuberculosis,CA,Phoenix,"75.654121, 119.539876",America/New_York,Market-based,39-3850507,TX,8 16 * * *,Q4 2024,IL,"analytics, monitoring, integration, data",ORD,Japan,field_a -> target_col,Africa,Sweden,Rev.,110.245965,6433 Elm St,CDG,63.049412,8879049245939,Oceania,JP,Konnichiwa,UTC,"Sydney, Mexico",477661,Golden Gate Bridge,United States,GPL-3.0,North Shore,"Boston, Netherlands",5557 Park Blvd,4296.9,jennifer.brown,Chicago,7378 Park Blvd,North America,Israel,Port of LA,Austin,Medium,ADV-94P5BIRTAH,IN,OA7598,Port of LA,Statue of Liberty,277.67,Downtown,"-53.297489, 95.661464",Dear {{customer}},"-49.297563, 107.949103",09004,South Korea,acme.org,https://example.com/users/e469d24e/profile,9524 Pine Rd,SIN,8957 Elm St,America/New_York,ZER,min=7533,CDG,32,173.282369,London,"San Francisco, Brazil",Germany,AU,EMP-57944,Singapore,Eiffel Tower,Seattle,Big Ben,Central Park,OH,staging.orders -> exports,America/New_York,5750 Elm St,3995.1123,67.070851,Europe/London,NRT,UTC,GA,"-48.78222, 64.332771",09/24,failed,JP,CO,LAX,"-1.178374, 61.6421",US,Los Angeles,CURRENT_TIMESTAMP,Israel,Israel,tenant-036,Phoenix,A6EKDV2LANZ3R44TD3RG,Downtown,Norway,X31431942,2020-11-07 22:56:30,Hamburg,Antarctica,PST,delete
IN,A+,United Kingdom,98580,Port of LA,OH,Big Ben,130.020382,Rotterdam,GB,-152.68405,indefinite,7.85,Europe/London,Europe/London,Canada,Australia,Australia,"Tokyo, Netherlands",6506 Oak Ave,EYTT,4905 Park Blvd,2643 Maple Dr,North America,28da6084-b9d8-497f-b07b-fc82065ff472,Golden Gate Bridge,Antarctica,2018-01-24 11:41:53,8915 Elm St,90,"-84.727247, 104.658015",127.972814,"Tokyo, Norway",COVID-19,GA,Atlanta,"-35.727438, 130.565867",EST,Premium,55-9965827,NY,54 1 * * 1-5,Q3 2024,MA,"scalability, compliance, cloud, analytics, performance",JFK,Sweden,input -> target_col,Oceania,Australia,Prof.,129.038186,5506 Park Blvd,ORD,-135.960942,9831774430942,Asia,GB,Konnichiwa,CET,"Atlanta, France",42443,Statue of Liberty,Italy,Apache-2.0,East Side,"New York, Singapore",4921 Main St,7019.8,lucas.thomas,San Francisco,7300 Cedar Ln,Africa,Sweden,Port of LA,Seattle,Medium,ADV-FCCWW9AA52,FR,XW5414,Singapore,Big Ben,88.51,North Shore,"-22.709539, -127.925937",Dear {{customer}},"64.513173, -76.075872",34554,Japan,example.com,https://example.com/users/738b65b0/profile,4820 Elm St,JFK,8435 Maple Dr,UTC,JYB,crit=6443,JFK,79,8.239315,Phoenix,"London, India",South Korea,GB,EMP-31627,Hamburg,Big Ben,Boston,Big Ben,Eiffel Tower,WA,staging.events -> exports,PST,6506 Pine Rd,1409.2748,14.531818,Europe/London,CDG,America/New_York,TX,"75.939108, -124.620647",12/25,active,CA,WA,NRT,"-15.53223, 45.394442",BR,Dallas,0,Spain,Switzerland,tenant-050,Paris,ZYQ5PRBCEWG08WLZK4QW,Downtown,South Korea,M94737371,2019-02-25 11:56:38,Port of LA,Asia,America/New_York,upsert
CA,A+,Switzerland,15988,Port of LA,MA,Golden Gate Bridge,74.978332,Shanghai,FR,67.829812,7 years,4.48,PST,CET,Germany,Sweden,Brazil,"Chicago, Sweden",1138 Cedar Ln,IDULB,7235 Main St,6314 Park Blvd,Africa,1004d232-d187-4001-8977-a2d2b4fc1f11,Statue of Liberty,Oceania,2023-02-26T21:31:35Z,5972 Maple Dr,65,"28.473168, 14.755391",-79.733753,"Atlanta, Mexico",Tuberculosis,MA,Atlanta,"24.732888, -21.00991",UTC,Market-based,87-6540181,OH,"29 14 * * 0,6",Q4 2023,CA,"analytics, security",JFK,South Korea,source_col -> field_b,Antarctica,Canada,Mr.,141.77519,7901 Cedar Ln,JFK,-12.397651,0783145557912,Oceania,JP,Hola,EST,"Toronto, Israel",601163987,Central Park,United States,BSD-3-Clause,Midtown,"Phoenix, Sweden",7466 Park Blvd,4878.6,william.robinson,Toronto,6565 Pine Rd,Antarctica,Australia,Port of LA,Dallas,Medium,ADV-E3CKKMFULU,DE,RF9505,Shanghai,Golden Gate Bridge,657.46,Downtown,"77.71756, 51.424643",{{date}} - {{event}},"42.623458, -150.813336",24630,Sweden,service.cloud,https://example.com/users/f01ea777/profile,340 Park Blvd,LHR,1408 Pine Rd,EST,ZUR,crit=4983,NRT,73,10.472508,New York,"Austin, Sweden",Japan,IN,EMP-21970,Port of LA,Central Park,Dallas,Statue of Liberty,Big Ben,OH,raw.orders -> exports,CET,1782 Pine Rd,8982.2147,88.519395,America/New_York,ORD,America/New_York,NY,"-27.117255, -107.685093",07/26,rejected,GB,TX,SFO,"-36.289752, 158.580487",CA,Los Angeles,1,Mexico,India,tenant-039,Sydney,DLBYYPXHNYJSPGP6DFST,West End,United Kingdom,P84806204,2020-11-18 23:23:31,Singapore,North America,UTC,update
MX,B-,Norway,74064,Busan,GA,Golden Gate Bridge,-104.675608,Busan,AU,-8.779168,7 days,4.55,JST,EST,India,Japan,Australia,"Chicago, Australia",1599 Pine Rd,DEBO,8183 Elm St,8262 Main St,South America,c83bbd16-614b-4aad-b87a-cf7885dedcd6,Eiffel Tower,Antarctica,2021-02-21T09:14:15Z,1090 Cedar Ln,63,"-80.163082, 85.072511",154.260908,"Los Angeles, France",Influenza,OH,Dallas,"84.383829, -116.968679",JST,Market-based,21-8701559,IL,16 16 * * 1-5,Q3 2025,PA,"performance, data, monitoring, security",CDG,Japan,source_col -> target_col,South America,Israel,Mrs.,-109.171633,5193 Cedar Ln,LHR,-36.308519,3934100232904,North America,CA,Konnichiwa,Europe/London,"Los Angeles, United States",3784180,Big Ben,South Korea,MIT,East Side,"Berlin, Brazil",8846 Oak Ave,7731.7,olivia.davis,Tokyo,7957 Elm St,Oceania,Sweden,Rotterdam,Austin,Critical,ADV-VZCN81IJNM,BR,NN1681,Hamburg,Big Ben,204.11,North Shore,"66.81581, 98.288744",{{date}} - {{event}},"-59.711758, -28.652331",09383,Switzerland,acme.org,https://example.com/users/df4991e6/profile,9733 Pine Rd,LAX,6813 Pine Rd,PST,ACV,crit=8758,ORD,40,-59.377716,Miami,"Los Angeles, United Kingdom",Canada,JP,EMP-55337,Hamburg,Eiffel Tower,Houston,Eiffel Tower,Central Park,MA,raw.events -> exports,JST,5423 Main St,8723.6968,72.635048,Europe/London,SFO,JST,MA,"-1.053942, 77.419076",02/26,pending,FR,MA,LHR,"35.637703, 76.864121",GB,Paris,'',Brazil,Mexico,tenant-025,Boston,HYWIBW5ITAD54U4WZBK1,Midtown,Spain,A69518695,2023-05-04T21:51:59Z,Shanghai,Asia,UTC,delete
JP,O+,Australia,WD3 4FG,Busan,WA,Golden Gate Bridge,-133.256336,Rotterdam,DE,176.450497,30 days,6.56,America/New_York,CET,Germany,United Kingdom,Italy,"Phoenix, Singapore",723 Oak Ave,HNZS,769 Cedar Ln,9222 Main St,Antarctica,e3194aac-7341-4aa6-b2e2-8f066e8f7a60,Golden Gate Bridge,Asia,2021-05-08T04:50:39Z,5689 Oak Ave,76,"47.697481, -112.276355",-82.42166,"Chicago, India",Tuberculosis,TX,Toronto,"-42.027769, -116.467656",JST,Penetration,88-5099504,CO,"26 8 * * 0,6",Q3 2021,CA,"automation, performance",JFK,Spain,source_col -> target_col,North America,France,Rev.,105.820611,696 Oak Ave,LHR,27.219831,2237134973616,South America,GB,Konnichiwa,CET,"Los Angeles, Canada",601112110,Statue of Liberty,Australia,CC BY 4.0,East Side,"Los Angeles, India",1334 Pine Rd,7672.5,elizabeth.taylor,San Francisco,1277 Pine Rd,Antarctica,Sweden,Port of LA,London,Low,ADV-Y4FXASHEBQ,FR,WP2415,Busan,Statue of Liberty,871.33,Downtown,"-47.661342, 61.141981",Hello {{name}},"52.50642, -131.288715",39613,Spain,company.net,https://example.com/users/cd2d7d6c/profile,478 Maple Dr,JFK,1213 Elm St,CET,WQU,min=5318,ORD,81,-123.413691,Los Angeles,"Berlin, South Korea",India,DE,EMP-12004,Hamburg,Statue of Liberty,Denver,Big Ben,Golden Gate Bridge,TX,curated.users -> analytics,UTC,6399 Pine Rd,7081.3709,26.335856,PST,NRT,CET,NC,"88.931679, 67.768857",01/26,rejected,BR,CO,CDG,"2.362334, 95.643441",BR,Berlin,false,South Korea,Sweden,tenant-002,Berlin,SKOET5ZI41HCMPA3PWFS,South Bay,Brazil,Z53837282,2019-09-10 19:42:55,Singapore,North America,EST,delete
JP,A+,Spain,YB3 7NJ,Singapore,MA,Statue of Liberty,-137.668651,Rotterdam,CA,-44.265282,indefinite,1.0,JST,Europe/London,Norway,Brazil,Spain,"Miami, Switzerland",3013 Main St,GTQ,5316 Park Blvd,3547 Oak Ave,Europe,64782a83-0b9b-43aa-82a2-a30841dcbcd4,Golden Gate Bridge,Africa,2023-10-02 17:27:14,8954 Main St,18,"-8.468694, -24.008346",-174.869646,"Paris, Japan",COVID-19,NY,Miami,"26.30309, 58.152604",JST,Premium,86-2091402,CA,39 8 * * *,Q4 2021,GA,"compliance, analytics",CDG,Brazil,source_col -> field_b,Europe,France,Dr.,-22.912773,3091 Park Blvd,SFO,37.173676,4640470169004,South America,MX,Bonjour,America/New_York,"Austin, Sweden",48315,Eiffel Tower,United States,Apache-2.0,South Bay,"Atlanta, Italy",5985 Maple Dr,2952.7,ethan.moore,London,3787 Oak Ave,Antarctica,India,Singapore,Tokyo,Medium,ADV-BC9GBZRYLQ,AU,YI1440,Port of LA,Eiffel Tower,703.77,South Bay,"-4.753497, 15.31886",Dear {{customer}},"13.039179, 38.113009",16041,Netherlands,company.net,https://example.com/users/4dad1220/profile,701 Main St,SFO,9117 Park Blvd,EST,VHF,min=8544,SIN,97,-12.937471,Denver,"Boston, Singapore",Germany,IN,EMP-75738,Rotterdam,Statue of Liberty,Atlanta,Statue of Liberty,Golden Gate Bridge,IL,curated.orders -> exports,EST,9616 Elm St,3724.7247,14.252902,UTC,CDG,EST,PA,"-89.867888, -140.556912",10/27,cancelled,US,NC,SFO,"63.610872, -63.312436",GB,Atlanta,CURRENT_TIMESTAMP,United States,Mexico,tenant-039,London,241J1SIW1BNP257D0YCX,West End,United States,B61567677,2026-10-12T09:51:57Z,Singapore,Oceania,CET,insert
US,B-,Israel,86056,Rotterdam,NY,Central Park,-4.187564,Port of LA,BR,-129.643381,1 year,7.15,PST,PST,Switzerland,Canada,Sweden,"Berlin, Italy",9529 Park Blvd,DK,5322 Elm St,258 Maple Dr,Antarctica,eb111c98-aab4-4de4-9494-1761e043c6f4,Statue of Liberty,Africa,2025-11-24T10:19:50Z,1110 Oak Ave,18,"78.255964, -5.790423",-104.859929,"Boston, Switzerland",Malaria,IL,Denver,"8.753283, -86.368838",UTC,Penetration,35-6110118,IL,59 6 * * 1-5,Q4 2022,MA,"monitoring, security, scalability",CDG,Sweden,input -> field_b,Antarctica,Switzerland,Mrs.,-16.533825,2341 Main St,SFO,-81.005559,6826485540096,Antarctica,AU,Hola,PST,"Atlanta, France",56320,Central Park,India,MIT,Downtown,"Atlanta, Canada",5278 Oak Ave,420.5,olivia.moore,Dallas,9441 Park Blvd,South America,Netherlands,Port of LA,Houston,Low,ADV-LC2NVH4IQ1,DE,ZU4796,Hamburg,Eiffel Tower,766.29,North Shore,"-80.433546, -113.407862",Order #{{id}},"62.066562, 95.108399",38796,Norway,company.net,https://example.com/users/aa9a63fe/profile,5771 Elm St,LAX,1557 Main St,EST,QVJ,min=7186,LHR,62,-26.477434,Tokyo,"Portland, Norway",Italy,FR,EMP-19892,Shanghai,Central Park,Portland,Statue of Liberty,Central Park,CA,curated.events -> analytics,EST,8084 Pine Rd,-454.7174,74.127079,PST,LHR,America/New_York,CA,"-75.869721, -141.859977",12/30,pending,IN,PA,JFK,"-13.151039, 136.443005",FR,Atlanta,'',Israel,Mexico,tenant-003,Los Angeles,EDMQCKO1KYDKIREX4LNP,Midtown,United Kingdom,W91322177,2024-11-11T13:12:37Z,Rotterdam,North America,UTC,update
CA,AB-,South Korea,78481,Shanghai,NY,Central Park,-30.949918,Shanghai,US,39.041657,1 year,4.68,PST,America/New_York,Japan,United States,Netherlands,"Chicago, India",5037 Maple Dr,ZNTNJ,9520 Pine Rd,3882 Maple Dr,North America,62e60273-e3af-415e-96b6-9343951690d2,Golden Gate Bridge,Europe,2025-12-26T16:37:56Z,1088 Cedar Ln,47,"40.871813, -49.779601",-1.557204,"Berlin, Brazil",Malaria,FL,Toronto,"-69.357147, -137.978253",PST,Market-based,39-5679459,PA,"15 19 * * 0,6",Q2 2020,NC,"reporting, data, scalability",ORD,Italy,input -> output,Antarctica,Israel,Dr.,-117.772807,2067 Oak Ave,JFK,-122.817298,3671388897816,Oceania,US,Guten Tag,CET,"Dallas, Netherlands",60119550,Statue of Liberty,Sweden,MIT,West End,"Boston, United States",6544 Pine Rd,1216.7,lucas.young,Austin,7192 Park Blvd,Antarctica,Australia,Shanghai,Dallas,Critical,ADV-D5OP2DRG6L,IN,IK9554,Shanghai,Golden Gate Bridge,989.68,Midtown,"-52.852485, -14.405351",Hello {{name}},"36.908474, 33.946964",13617,Brazil,service.cloud,https://example.com/users/dd2f63c9/profile,9794 Cedar Ln,NRT,6211 Cedar Ln,America/New_York,IGM,min=1960,JFK,113,-49.274965,Portland,"Atlanta, France",Brazil,JP,EMP-76276,Port of LA,Central Park,Los Angeles,Statue of Liberty,Statue of Liberty,WA,curated.orders -> analytics,JST,5063 Maple Dr,7532.9261,-7.871937,CET,LHR,EST,CO,"-58.142626, 106.007946",05/27,approved,FR,GA,JFK,"17.674058, -153.070265",FR,Atlanta,0,South Korea,Switzerland,tenant-020,Denver,CCRPS2KLCTQ1G3HFBRQZ,West End,France,M55290905,2018-07-22 04:53:45,Port of LA,Europe,EST,snapshot
IN,B-,Switzerland,KQ5 5AJ,Hamburg,TX,Eiffel Tower,-74.189068,Singapore,GB,-168.173013,1 year,3.32,Europe/London,JST,Sweden,Italy,Mexico,"Boston, Netherlands",3617 Main St,YWCRT,3566 Cedar Ln,1084 Pine Rd,South America,f5799cca-5373-4b8d-b466-bc2720fae47c,Eiffel Tower,Oceania,2025-04-27T01:45:17Z,3486 Park Blvd,66,"-88.892485, -24.002591",-138.481901,"Tokyo, Sweden",Influenza,IL,New York,"31.128955, -110.901816",CET,Value pricing,58-8262608,NY,36 11 * * *,Q4 2022,IL,"integration, reporting, scalability, security",JFK,Norway,source_col -> output,South America,Switzerland,Prof.,-80.298681,8863 Maple Dr,SFO,85.570538,4421909379033,North America,GB,Bonjour,PST,"Sydney, India",40710,Statue of Liberty,Brazil,GPL-3.0,North Shore,"Houston, Japan",8398 Pine Rd,8789.4,mary.thomas,Portland,6297 Maple Dr,Antarctica,Germany,Busan,New York,High,ADV-3TNIG8K8FV,MX,EA2597,Busan,Big Ben,530.96,North Shore,"6.804022, 132.254084",{{date}} - {{event}},"-23.25844, -45.293684",07448,Germany,acme.org,https://example.com/users/9e8fa503/profile,5942 Main St,CDG,9554 Pine Rd,PST,NBD,crit=4166,CDG,63,58.564846,London,"Los Angeles, Sweden",Italy,AU,EMP-23502,Shanghai,Eiffel Tower,Tokyo,Central Park,Golden Gate Bridge,NY,staging.events -> exports,JST,5072 Cedar Ln,6431.7946,63.00887,America/New_York,SFO,PST,IL,"10.179574, -147.446881",03/25,cancelled,BR,PA,JFK,"68.044095, -23.239188",FR,Chicago,CURRENT_TIMESTAMP,Sweden,Canada,tenant-023,Boston,W2ML5VDKE5NERUSO1U48,North Shore,United Kingdom,K92559474,2023-01-07 10:25:14,Rotterdam,Antarctica,America/New_York,snapshot
JP,O-,Canada,20090,Rotterdam,NY,Big Ben,-144.140845,Hamburg,GB,60.934184,7 days,4.59,America/New_York,CET,South Korea,Singapore,France,"Miami, Sweden",9899 Park Blvd,OCR,9613 Cedar Ln,2348 Main St,Oceania,93725e85-91af-4c03-bcda-117c814cdea1,Central Park,South America,2021-05-17 17:52:07,5292 Maple Dr,15,"-41.652916, 153.309731",-147.401228,"Austin, United States",COVID-19,NY,New York,"13.154382, 94.118709",PST,Cost-plus 25%,62-2594201,MA,59 20 * * *,Q4 2026,PA,"analytics, scalability",LHR,Japan,source_col -> output,Europe,United Kingdom,Mr.,125.626836,786 Main St,ORD,83.462097,5811987116469,Asia,CA,Namaste,America/New_York,"Denver, Norway",601194145,Golden Gate Bridge,United Kingdom,Apache-2.0,Downtown,"San Francisco, Brazil",7715 Cedar Ln,5236.0,david.robinson,Chicago,6360 Maple Dr,Oceania,Mexico,Busan,Atlanta,Medium,ADV-6SMHOTYA3D,FR,QC167,Rotterdam,Big Ben,126.79,South Bay,"79.953004, 126.224366",Order #{{id}},"74.420884, -25.670297",20657,Spain,example.com,https://example.com/users/218976c7/profile,8309 Elm St,JFK,6152 Maple Dr,Europe/London,EMN,max=6001,LHR,84,-81.418514,Miami,"Miami, Israel",United States,JP,EMP-92824,Hamburg,Central Park,Phoenix,Central Park,Big Ben,CO,raw.events -> exports,PST,7670 Cedar Ln,5256.858,47.452977,UTC,ORD,JST,TX,"18.407759, -17.736454",11/26,pending,GB,MA,SFO,"10.604753, 151.226329",CA,Miami,0,Sweden,France,tenant-049,New York,QJG9HXMXWQJQJOA4433F,North Shore,Japan,Y29456255,2023-07-06T17:32:30Z,Busan,Oceania,UTC,insert
DE,B+,United Kingdom,AC3 8UE,Busan,OH,Statue of Liberty,-72.646161,Singapore,FR,125.851298,indefinite,3.56,CET,PST,Japan,Norway,Norway,"London, United Kingdom",656 Elm St,RNJNA,4813 Oak Ave,7842 Elm St,Antarctica,dabe7a88-1ecd-4392-a83e-a783f8b8760d,Central Park,Antarctica,2025-08-28T02:15:05Z,1365 Park Blvd,87,"-39.237037, 116.420373",-98.753697,"Austin, Spain",Diabetes Mellitus,FL,Austin,"46.574993, 13.56277",Europe/London,Cost-plus 25%,34-2905580,TX,"3 20 * * 0,6",Q3 2026,GA,"reporting, performance, integration, analytics",SFO,United Kingdom,field_a -> target_col,Oceania,Mexico,Dr.,18.345573,56 Main St,SIN,-134.702335,7395734805861,North America,MX,Hola,UTC,"Miami, Brazil",550842,Central Park,Norway,Apache-2.0,East Side,"Austin, Japan",3942 Oak Ave,6040.6,james.wright,Miami,602 Maple Dr,Oceania,Brazil,Port of LA,Chicago,Medium,ADV-NWXG92S7HW,CA,CY5247,Hamburg,Big Ben,162.14,East Side,"-77.309185, 75.653258",Hello {{name}},"-17.470243, -143.760577",13022,Italy,data.io,https://example.com/users/0463c39e/profile,4328 Main St,SIN,8572 Elm St,UTC,NBY,warn=7334,SIN,116,86.095995,Denver,"Berlin, Norway",United States,US,EMP-71679,Singapore,Eiffel Tower,Miami,Eiffel Tower,Golden Gate Bridge,OH,curated.events -> analytics,JST,6766 Pine Rd,-661.4513,-60.801264,Europe/London,SIN,America/New_York,NY,"-6.839856, -137.573631",02/30,approved,GB,CA,LAX,"-37.963712, -58.553121",DE,Los Angeles,CURRENT_TIMESTAMP,Singapore,Canada,tenant-014,Denver,PCXTM9DKO5ZK972ITU6Y,Downtown,Singapore,F35696732,2024-06-24T16:19:46Z,Shanghai,Asia,JST,update
IN,A+,Japan,DU1 8QG,Shanghai,NY,Big Ben,163.634263,Shanghai,US,-61.252546,30 days,7.7,CET,Europe/London,France,Norway,India,"New York, Mexico",6837 Park Blvd,OVBGE,228 Cedar Ln,877 Park Blvd,Antarctica,4be98889-6fb9-44ca-a22f-9bfb48730c82,Statue of Liberty,Asia,2021-04-26 05:37:24,3611 Maple Dr,40,"24.018722, 171.84258",43.206312,"Boston, United Kingdom",Influenza,PA,Houston,"43.883571, -53.878736",America/New_York,Value pricing,97-6432023,WA,35 0 * * 1-5,Q3 2021,OH,"monitoring, cloud",NRT,Netherlands,input -> field_b,North America,Israel,Mr.,-169.522013,7338 Maple Dr,JFK,-13.800444,0634848140381,Africa,MX,Bonjour,JST,"Seattle, South Korea",58156,Big Ben,Mexico,GPL-3.0,South Bay,"Paris, United States",8168 Maple Dr,9942.0,elizabeth.robinson,Atlanta,15 Pine Rd,Antarctica,Sweden,Hamburg,Miami,Critical,ADV-S8IURJWPCJ,JP,IQ7767,Hamburg,Golden Gate Bridge,912.02,West End,"-73.207781, -84.654",{{date}} - {{event}},"35.716254, 60.137837",17069,Israel,example.com,https://example.com/users/3eaeab7b/profile,2548 Main St,SFO,8032 Elm St,Europe/London,SAI,max=9184,NRT,37,71.328834,Seattle,"Austin, Australia",France,GB,EMP-18528,Port of LA,Statue of Liberty,Paris,Eiffel Tower,Big Ben,PA,raw.events -> exports,PST,9736 Pine Rd,24.5095,-64.39457,CET,ORD,CET,GA,"88.837925, -73.737402",08/28,pending,MX,CA,SIN,"35.210229, 43.334149",US,Paris,false,Australia,Canada,tenant-006,Phoenix,EWYH0OCYFXR5DN2CJK92,South Bay,Switzerland,T56142187,2025-02-13 03:42:34,Shanghai,Asia,CET,delete
DE,AB-,Australia,54498,Singapore,NC,Golden Gate Bridge,-46.800711,Singapore,IN,36.287278,1 year,1.2,CET,America/New_York,Norway,Mexico,United Kingdom,"Los Angeles, Netherlands",5266 Elm St,POQIS,7347 Pine Rd,8718 Elm St,Asia,836371a2-3f0c-45b4-bba5-be0dd8b5a141,Big Ben,Asia,2024-01-14 21:52:58,9411 Cedar Ln,94,"10.190813, -19.56036",-88.512241,"London, United States",Tuberculosis,NC,Atlanta,"12.950697, -32.930155",JST,Penetration,28-8337156,CO,57 13 * * 1-5,Q4 2022,NC,"analytics, performance, integration, cloud, monitoring",LHR,Australia,field_a -> target_col,Antarctica,South Korea,Ms.,-64.00208,7520 Oak Ave,ORD,-151.970069,4620841561480,Asia,AU,Hola,PST,"Sydney, Norway",377708,Big Ben,United States,GPL-3.0,Midtown,"Austin, India",5443 Park Blvd,2925.3,david.miller,Miami,7605 Pine Rd,Antarctica,United States,Shanghai,Boston,Info,ADV-3FQS5YCYJT,JP,VS8437,Rotterdam,Eiffel Tower,939.0,South Bay,"-81.50658, -76.425649",{{date}} - {{event}},"-15.999238, -126.864759",18486,Spain,service.cloud,https://example.com/users/3492efb5/profile,392 Oak Ave,LHR,1520 Elm St,PST,KHT,crit=2248,CDG,104,142.930267,New York,"Phoenix, Norway",Germany,MX,EMP-39969,Busan,Eiffel Tower,Austin,Big Ben,Central Park,GA,raw.orders -> reports,PST,4995 Cedar Ln,6057.559,11.797972,JST,SFO,America/New_York,IL,"-5.167683, 58.952811",07/26,inactive,CA,IL,ORD,"-47.000755, -39.662511",BR,Paris,'',United Kingdom,Sweden,tenant-026,Paris,GQEHW4JIW76UIY7CSVJ2,South Bay,Canada,X22056016,2023-03-02T13:03:20Z,Shanghai,Antarctica,JST,delete
JP,AB+,France,29535,Rotterdam,TX,Big Ben,90.042761,Busan,BR,173.450988,1 year,9.23,Europe/London,CET,Israel,Netherlands,Norway,"Houston, Norway",9169 Main St,QLVMC,9772 Main St,7155 Pine Rd,Africa,c7dce2ab-33c9-43ca-9bae-c9b3ce651325,Big Ben,Oceania,2024-07-13 15:02:38,9372 Cedar Ln,5,"69.585125, 142.264683",-86.479781,"Berlin, Italy",COVID-19,IL,Boston,"-28.633413, -26.25224",JST,Premium,26-9973251,NC,19 7 * * 1-5,Q1 2021,GA,"security, integration, reporting",LHR,United States,source_col -> target_col,Africa,Singapore,Hon.,-146.935792,6812 Elm St,SFO,-94.882509,4183310773846,South America,MX,Konnichiwa,PST,"Seattle, Switzerland",373365,Golden Gate Bridge,Sweden,MIT,South Bay,"Houston, Germany",5567 Elm St,5942.5,william.garcia,San Francisco,447 Maple Dr,Europe,Switzerland,Port of LA,Denver,Info,ADV-AFF9WXTCOB,DE,EA1922,Shanghai,Statue of Liberty,484.55,Downtown,"-9.548592, -94.233665",Dear {{customer}},"-81.758522, 115.01748",25867,France,company.net,https://example.com/users/49bd8609/profile,5265 Cedar Ln,SIN,9319 Main St,UTC,RNS,max=1615,CDG,112,175.034038,Houston,"Atlanta, Australia",Italy,DE,EMP-99793,Port of LA,Central Park,Austin,Big Ben,Eiffel Tower,NC,staging.events -> analytics,PST,1021 Maple Dr,1883.5284,19.947089,America/New_York,NRT,CET,TX,"46.620429, 13.823454",10/26,approved,MX,CO,JFK,"-61.438591, -13.66115",MX,New York,0,France,Mexico,tenant-034,Berlin,QXPEPCA220A9QEVSEMPN,South Bay,United States,V36948805,2024-01-14T22:35:29Z,Shanghai,Asia,UTC,upsert
FR,A+,Israel,11131,Busan,WA,Golden Gate Bridge,49.149014,Busan,BR,-41.784973,7 years,8.89,EST,EST,Germany,United States,Switzerland,"Sydney, United States",9395 Elm St,RWYS,1388 Oak Ave,7969 Maple Dr,North America,5688b72d-2b4f-4524-bc67-a8ef796af0af,Big Ben,Oceania,2018-03-16 09:56:43,4458 Elm St,32,"-24.698558, -75.151997",55.118801,"Seattle, Brazil",Diabetes Mellitus,NC,Austin,"79.253764, 172.392533",UTC,Cost-plus 25%,16-7195692,MA,"51 20 * * 0,6",Q4 2023,NC,"analytics, data",SIN,South Korea,input -> target_col,Europe,India,Mr.,6.949428,4317 Maple Dr,CDG,139.536412,6332509889056,Oceania,MX,Namaste,Europe/London,"Tokyo, Japan",3794548,Eiffel Tower,Sweden,CC BY 4.0,Midtown,"Boston, Singapore",6106 Elm St,8343.5,harper.taylor,Atlanta,7766 Elm St,Antarctica,Brazil,Hamburg,London,Medium,ADV-SLLD18LZJT,FR,FU4957,Shanghai,Central Park,528.19,West End,"34.730045, 150.444607",Order #{{id}},"-21.58807, 7.127274",13865,South Korea,acme.org,https://example.com/users/c11b3ef4/profile,8567 Cedar Ln,CDG,165 Cedar Ln,EST,DYK,min=1250,SFO,83,-71.317404,Tokyo,"Denver, Mexico",South Korea,AU,EMP-30435,Busan,Eiffel Tower,Los Angeles,Golden Gate Bridge,Big Ben,PA,raw.users -> reports,America/New_York,2242 Oak Ave,459.5343,49.952088,JST,NRT,CET,TX,"73.713964, -37.709072",04/26,failed,MX,TX,SFO,"13.401071, -92.083301",MX,Portland,1,Mexico,Spain,tenant-031,Los Angeles,K45CDT1VYP80OMDTPOZJ,West End,United Kingdom,V38147273,2024-07-16 06:24:49,Busan,Antarctica,PST,upsert
MX,O+,France,49268,Shanghai,TX,Big Ben,120.480923,Singapore,JP,13.05508,30 days,3.29,UTC,JST,Switzerland,Sweden,Netherlands,"Toronto, Australia",9166 Elm St,ATAO,1600 Park Blvd,7079 Cedar Ln,Oceania,4021045e-b8b3-493f-a5a5-55def2192822,Eiffel Tower,Oceania,2020-06-16T04:02:20Z,5575 Park Blvd,69,"-84.270117, 87.574896",-169.538422,"Austin, Germany",Influenza,TX,Berlin,"73.968488, 124.366874",America/New_York,Premium,23-3468109,TX,41 1 * * 1-5,Q2 2024,GA,"cloud, data, automation, analytics, scalability",LHR,Sweden,input -> field_b,North America,South Korea,Hon.,62.559266,3900 Cedar Ln,NRT,125.630777,4048866196858,Africa,FR,Konnichiwa,America/New_York,"Denver, South Korea",60112436,Statue of Liberty,Mexico,MIT,East Side,"Sydney, United Kingdom",9575 Oak Ave,2418.0,aiden.davis,Houston,3900 Maple Dr,South America,South Korea,Shanghai,Miami,Medium,ADV-351WVRS361,MX,RM2680,Rotterdam,Central Park,582.66,Downtown,"25.334361, 34.905947",{{date}} - {{event}},"-55.79584, -28.992589",16631,Mexico,service.cloud,https://example.com/users/8364e8cf/profile,9150 Pine Rd,JFK,7924 Cedar Ln,PST,VJV,crit=2930,LHR,114,-84.223839,Miami,"Paris, United Kingdom",Israel,GB,EMP-60931,Rotterdam,Big Ben,Sydney,Eiffel Tower,Big Ben,TX,curated.events -> analytics,JST,969 Pine Rd,5568.8511,42.78462,PST,SFO,America/New_York,NY,"48.111464, 59.099637",12/28,active,US,OH,CDG,"76.563168, 109.532983",MX,Phoenix,null,France,United Kingdom,tenant-019,Austin,L15YB5FUI1LIC62LTEJR,North Shore,Italy,C14363421,2021-05-11T14:47:58Z,Port of LA,Europe,America/New_York,delete
DE,O-,Japan,AQ3 7CM,Shanghai,PA,Golden Gate Bridge,57.911088,Hamburg,AU,-26.116594,7 years,9.42,EST,UTC,Norway,Switzerland,France,"Tokyo, India",6454 Oak Ave,HAZQG,1726 Elm St,7290 Elm St,Asia,0d76645a-fb8f-4f90-9f5a-7d54afc86e6d,Big Ben,Africa,2022-08-25 11:42:47,3549 Pine Rd,40,"85.852965, 38.412806",-145.580319,"Berlin, Norway",COVID-19,NC,Houston,"-9.843799, 16.062576",Europe/London,Market-based,53-2754825,NC,"15 18 * * 0,6",Q4 2023,MA,"performance, cloud",LHR,Japan,source_col -> output,Asia,Switzerland,Mrs.,-15.705216,640 Main St,JFK,10.683169,3516467427798,Oceania,US,Konnichiwa,UTC,"Seattle, Israel",3737709,Eiffel Tower,Mexico,BSD-3-Clause,Downtown,"Boston, South Korea",6568 Maple Dr,850.5,patricia.martinez,New York,8177 Main St,North America,Mexico,Shanghai,Atlanta,High,ADV-J8RPT090KW,CA,UD7271,Rotterdam,Central Park,777.15,West End,"32.613921, -78.082982",Order #{{id}},"-70.624976, 152.2435",25576,Norway,acme.org,https://example.com/users/dbfc1921/profile,1117 Main St,SIN,7876 Oak Ave,JST,FJE,warn=731,SIN,61,125.860913,Berlin,"Seattle, South Korea",Sweden,GB,EMP-56865,Singapore,Statue of Liberty,Sydney,Central Park,Eiffel Tower,OH,raw.orders -> analytics,EST,2730 Oak Ave,-442.5376,9.171484,Europe/London,LHR,UTC,NY,"36.273069, 89.383232",12/29,inactive,AU,MA,SFO,"1.633361, 44.51673",JP,Toronto,'',Spain,India,tenant-029,Denver,V67Q4O3ZL0KJQYW7ERZ7,West End,Australia,U75532891,2023-04-18T00:02:07Z,Rotterdam,South America,PST,upsert
MX,A-,South Korea,JG8 7TY,Port of LA,OH,Eiffel Tower,-134.884739,Singapore,CA,-59.44574,30 days,3.59,Europe/London,Europe/London,United Kingdom,Italy,France,"Atlanta, Mexico",8396 Cedar Ln,HNVPR,9418 Pine Rd,6300 Maple Dr,Europe,b3697c87-b799-49a9-8a44-6d09e5d83543,Eiffel Tower,South America,2019-08-02 22:59:00,7444 Park Blvd,42,"78.802051, -177.782223",32.281144,"Miami, United Kingdom",Tuberculosis,PA,Toronto,"3.865675, -97.071737",Europe/London,Cost-plus 25%,83-4979313,MA,"58 10 * * 0,6",Q1 2020,NY,"reporting, integration",NRT,United States,input -> field_b,North America,Japan,Prof.,-24.316789,3858 Pine Rd,ORD,21.33781,7003521616917,South America,MX,Hola,Europe/London,"Toronto, United Kingdom",601174519,Central Park,France,BSD-3-Clause,South Bay,"Tokyo, Spain",6478 Cedar Ln,4882.2,linda.williams,Portland,3090 Oak Ave,Oceania,Mexico,Shanghai,Atlanta,High,ADV-9MGDJQJI1I,CA,ZV2818,Rotterdam,Golden Gate Bridge,228.7,Downtown,"45.883984, 100.877307",Hello {{name}},"41.031189, -143.942568",28364,Germany,company.net,https://example.com/users/b172005d/profile,9966 Elm St,CDG,6076 Cedar Ln,Europe/London,MSF,crit=9988,SFO,99,121.533236,San Francisco,"Phoenix, Australia",Spain,AU,EMP-96379,Rotterdam,Eiffel Tower,Los Angeles,Central Park,Statue of Liberty,NC,staging.events -> reports,CET,4952 Cedar Ln,3592.0095,47.787087,America/New_York,CDG,CET,TX,"-20.885412, -2.780374",01/27,cancelled,CA,CA,ORD,"-80.815309, 126.845786",GB,Phoenix,CURRENT_TIMESTAMP,Japan,Spain,tenant-016,Dallas,AZXATY4XOC9F5BYD0L0A,South Bay,Germany,I30101901,2019-04-21T17:54:54Z,Rotterdam,Oceania,JST,upsert
AU,A-,Singapore,78879,Singapore,OH,Eiffel Tower,80.484318,Port of LA,JP,116.89694,7 days,7.89,Europe/London,PST,Brazil,Canada,Japan,"Berlin, Spain",2221 Main St,KVFYK,4857 Elm St,9038 Main St,Africa,0c1e6f1e-092b-4478-9f26-d67be77926a7,Big Ben,Oceania,2018-03-18 01:50:03,9856 Cedar Ln,34,"-0.209335, 121.011919",-132.158442,"Dallas, Mexico",Malaria,CO,New York,"-24.628227, 24.679406",UTC,Market-based,96-4742387,NY,43 19 * * *,Q1 2023,TX,"scalability, automation, cloud",SIN,Netherlands,input -> target_col,Europe,Switzerland,Prof.,16.616464,2773 Maple Dr,SIN,138.640395,8128771654393,Africa,FR,Konnichiwa,CET,"Seattle, Germany",373761,Central Park,Switzerland,MIT,Midtown,"Boston, South Korea",1609 Maple Dr,1897.4,sophia.martin,San Francisco,5594 Maple Dr,Antarctica,United Kingdom,Busan,Phoenix,High,ADV-8Z0QWSXQ7S,AU,OQ8117,Busan,Golden Gate Bridge,294.89,Midtown,"-2.195633, 57.941908",Order #{{id}},"71.546612, -98.803334",19744,Singapore,service.cloud,https://example.com/users/424c2a19/profile,315 Oak Ave,LHR,664 Park Blvd,EST,ROW,max=3698,CDG,44,-148.541825,Toronto,"Paris, Japan",Sweden,GB,EMP-71192,Shanghai,Golden Gate Bridge,Atlanta,Golden Gate Bridge,Central Park,OH,raw.events -> analytics,PST,5924 Pine Rd,7045.8363,47.445162,JST,SIN,Europe/London,FL,"16.707572, 140.521805",10/30,rejected,JP,NY,LHR,"48.033738, 159.279522",FR,Berlin,CURRENT_TIMESTAMP,United Kingdom,Mexico,tenant-017,Toronto,MJWOE31S80ZP5P2H5L8M,West End,Israel,D42347484,2021-03-02 04:36:16,Shanghai,South America,PST,snapshot
