middleName,person_name,driver_s_license_number,currencyName,f_cvv,phLevel,MAGNETIC_STRIPE_DATA,device_type,billingAccount,dim_iso_c,x_lumin,dim_cqj,var_bxo,card_expiry_date,allergy,confidence_interval,cardVerificationValue,binary_value,x_324,CARD_VERIFICATION_VALUE,v_ozb,cryptocurrencyAddress,BILLING_ACCOUNT,distance_22,price_cost,salary_compensation,magstripe,x_price,var_83,revenueSales,investmentAccount,f_pdx,PRICE_COST,field_gd,hwjxf79,bankIdentificationNumber,partitionKey,measprice,CURRENCY_NAME,routing_number,licensePlateNumber,curname,language,creditScore,d_368,var_fra,c_486,cvv,dept,versionNumber,cryptoaddr,etlBatchId,field_ae,card_last_four,f_160,transactionAmount,bank_account_number,bonusVariablePay,paypalAccount,recordIdentifier,browser_cookie,customer_magnetic_stripe_data,cardLastFour,price,anw18,measlon,day_of_week,salaryCompensation,p_kt,src_price_cost,p_673,f_rout,bitcoin,PAYMENT_CARD_NUMBER,permission_access_control,CREDIT_SCORE,periodInterval,f_dqwc,exchange_rate,raw_comment_note,department,insid,credscore,population,raw_cryptocurrency_address,tax_identifier,vlzpt22,BANK_IDENTIFICATION_NUMBER,CARD_LAST_FOUR,credit_score,TRANSACTION_AMOUNT,rectype,uptimeAvailability,generic_identifier,meta_bot,PAYPAL_ACCOUNT,ISO_CURRENCY_CODE,billacct,timeToLive,meta_cur,col_rxuu,magnetic_stripe_data_6,ipnxwp98,nukzwf11,NULLABLE_FLAG,ROUTING_NUMBER,magnetic_stripe_data_val,createdby,market_intelligence,last4,c_899,legal_hold_document,organization_name,masked_card,magneticStripeData,STOCK_RSU_GRANT,fraudscore,price_cost_6,agol82,var_sto,bin,var_xr,issuer,dim_currency_name,BONUS_VARIABLE_PAY,DISABILITY_STATUS,nullable,time_zone_info,field_733,isocur,tenantid,MAGNETIC_STRIPE_DATA_2,routnum
Q,David Jackson,OH2931682,Swiss Franc,290,5.61,%B3001579833437661^LEE/SOPHIA^3001,IoT,BILL-274103,CAD,56581.7,5652,"$8,772,301",12/24,Peanuts,"[17.06, 94.44]",963,1,76397,202,9981.2069,0x576d4e149e15bd5c9f47fb9bcfe76d5701f15371,BILL-839303,8772.7,1774.16,"$158,679",%B0762972637383907^DAVIS/JESSICA^2902,253.14,843,"$1,703,554",INV-459871,0x05963196bba9ca026558cafcd79370105caed7a9,5708.9,2024-05-20,"[-0.0347, 0.2281, 0.6182, -0.7591, 0.0204, -0.2381, -0.0791, -0.1426]",601152213,dt=2024-01,2035.77,Swiss Franc,637079584,GZP-6589,British Pound,Spanish,344,%B4689757902322260^YOUNG/ROBERT^2407,63.0,name,094,Operations,1.5.99,0x23c640d5daae9dc866b37157abd97093c530be89,batch-20250417-13,batch-20240506-99,7022,"$23,163.92","$78,860.78",80209309,"$45,243",richard.smith@yahoo.com,ID-117973,_ga=9502227867.2538433,%B5329538121918466^LEWIS/JOHN^2602,7058,8038.75,3797-7125-2117-8473,-155.322364,Friday,"$246,695",CDG,4235.92,4447 shares @ $329.38,912239570,0x14b17c70e8439a39e814b368fdc931ca7a57f39c,XXXX-XXXX-XXXX-6003,rw,389,H2 2023,tenant-017,147.3964,Needs follow-up next quarter.,Operations,INS-523922,615,2162621,0x21a6c3b3938b21d9a5c8275bb246c0abcec7605b,87-8598648,Depression,50442,8709,790,68801.71,upsert,96.8833,1c863ba6-01a3-42ff-843a-a496843db35c,Standard,aiden.garcia@yahoo.com,CNY,BILL-587284,248 days,British Pound,liam.anderson,%B2513521830173167^YOUNG/NOAH^2506,Annual Summit 2025,UTF-8,false,764112770,%B7266710162828661^LEE/LUCAS^2411,emma.robinson,Competitor Catalyst Ventures launched AuditTrail Plus,5618,%B6656013954305565^HARRIS/LUCAS^2703,HOLD-2023-818,DataCraft Inc,4816,%B6741998028042479^ANDERSON/LOGAN^2510,1676 shares @ $133.76,98.4,8108.47,ADV-UCMYJHOR7T,4404 shares @ $82.48,601124388,2789 shares @ $55.94,54144,Swiss Franc,"$1,603",None,false,America/New_York,INV-807232,JPY,tenant-007,%B2726067882965361^WHITE/PATRICIA^2506,698790089
I,Harper Thomas,CA8719057,Swiss Franc,5227,3.71,%B7598658217037498^JACKSON/NOAH^2403,Tablet,BILL-122044,JPY,92654.4,4413,"$4,040,242",03/25,Shellfish,"[4.37, 84.91]",9886,1,WP5 4FB,3704,9644.5297,0x5d486a18bcdf334ef2b72259590b9b98983b830a,BILL-439637,8058.4,6310.96,"$66,901",%B6906789455486220^JONES/LOGAN^2812,7963.61,0031,"$5,944,951",INV-179850,0x0d3c7c0a924b9ba39c324ecef302a0e201ccbaf9,4097.73,2023-08-21,"[-0.7027, -0.3426, 0.3772, -0.5594, 0.1065, -0.3037, -0.9137, 0.1099]",597861,region=2024-01,4839.15,Swiss Franc,901477642,BHW-4429,British Pound,Hindi,552,%B5619001296635253^WILLIAMS/JOHN^2807,25.9,created_at,756,Finance,4.12.78,0x6c920ab09cd84e93d64a602d1f7e350264f36628,batch-20180120-71,batch-20240825-81,5050,15891.15,"$13,958.14",85025385,"$16,028",elizabeth.lee@gmail.com,USR-459195,_ga=2902285150.7990030,%B7725017332440856^RODRIGUEZ/AIDEN^2612,2025,8804.41,6011-3404-4170-0952,5.421577,Tuesday,"$113,565",NRT,6334.67,151 shares @ $374.06,265288100,0xb1bdf361a715cdf2bad2a5c75a7418a12d0d726a,4027-1623-3212-1342,admin,303,Q1 2024,tenant-003,61.097,Pending verification.,Support,INS-312199,480,5261995,0x6b266ffb277add8541f6d3b915f7e1e4dd3f7e8a,85-4455525,Asthma,45875,4786,663,"$34,267.85",insert,97.8686,a3bd3f62-46d5-4603-b932-85339b178785,Basic,richard.jones@yahoo.com,USD,BILL-765242,33 days,Japanese Yen,olivia.miller,%B5053730283478268^WHITE/JAMES^2912,Global Summit 2024,UTF-16,NO,293223188,%B3863477378582756^THOMAS/LUCAS^2702,logan.rodriguez,Competitor Catalyst Ventures launched DataSync 3000,7826,%B2761333739307405^JOHNSON/NOAH^2612,HOLD-2022-284,Global Solutions,8448,%B2795058737607279^MILLER/LIAM^2808,2594 shares @ $302.28,85.8,3668.04,ADV-EGOPSHJX02,2114 shares @ $441.99,41102,2307 shares @ $54.57,49775,Euro,"$18,971",Hearing,NO,CET,INV-104732,GBP,tenant-008,%B6217347290385554^DAVIS/HARPER^3012,508432630
T,Oliver T. Taylor,NC4326284,British Pound,840,11.95,%B2481183167702531^LEE/RICHARD^2608,Smart TV,BILL-174504,EUR,86657.8,6857,"$51,888",02/26,Latex,"[6.34, 93.8]",2842,1,JI5 7BK,028,6189.2584,0x231607917203fbadad40be6f1b83d9f3d6d9d4be,BILL-409514,6215.4,2688.21,"$240,833",%B8861263580203616^MARTIN/JOHN^2808,2783.62,085,"$551,356",INV-228147,0x2feceec6e1e2fbcbe31c4dea876e844f51658165,1622.8,2025-08-23,"[0.1814, -0.1287, 0.3781, 0.957, 0.2853, 0.1103, 0.6957, 0.5497]",3755016,tenant=acme,8463.46,US Dollar,296134979,ZMW-8240,Euro,Hindi,833,%B8635635635140560^MARTINEZ/AIDEN^2712,33.4,amount,6622,Legal,2.12.89,0x8f6d464b46e1caaf01130abaed5988366b8bb09e,batch-20261110-33,batch-20180511-33,0294,53647.45,52589.63,810400142973,"$39,277",aiden.taylor@gmail.com,REC-836814,_ga=0490377472.1009485,%B2302734197090716^BROWN/JENNIFER^2507,9808,7617.6,XXXX-XXXX-XXXX-9664,-170.961481,Friday,"$233,849",SIN,4698.63,2103 shares @ $223.88,195415517,0xb8b9ce9ff4fbad56a25325c63bf80448cf73929a,XXXX-XXXX-XXXX-2331,rwx,505,FY 2025,tenant-005,85.2446,Needs follow-up next quarter.,Operations,INS-809669,354,1451803,0xfbdf30db1cbf1e346fcf6e77854bb1f61445e04e,58-7507256,Hypertension,464665,4386,635,85477.96,upsert,97.1218,0ae06db0-57df-44c4-b4f0-c30553e00b54,Basic,oliver.jones@yahoo.com,BRL,BILL-667925,217 days,British Pound,mason.harris,%B8386667360601618^MOORE/WILLIAM^2405,Data Conference 2026,UTF-8,true,066665027,%B2029411240037170^MILLER/ELIZABETH^3002,harper.rodriguez,Competitor Quantum Dynamics launched SmartHub X1,1591,%B0001318948389461^ROBINSON/OLIVIA^2802,HOLD-2026-662,Alpine Systems,2948,%B3697370592790626^WALKER/AMY^3002,530 shares @ $349.62,97.9,780.9,ADV-UT60FJ4ZG3,1989 shares @ $231.48,532724,2207 shares @ $431.1,458326,Euro,"$43,435",None,YES,UTC,INV-243479,AUD,tenant-040,%B1895920096323386^JOHNSON/DAVID^2501,246042531
M,Elizabeth S. Williams,MA6407696,Euro,574,12.55,%B0345289542441575^LEE/EMMA^2811,Smart TV,BILL-310371,BRL,31000.3,1888,"$8,610,327",08/27,Shellfish,"[25.2, 76.23]",1458,0,95786,7396,9974.8261,0xacfbd1fb0a250c1cc5e975d6a26ad1b57882799e,BILL-424600,7686.5,616.19,"$247,414",%B0713414200831466^KING/MICHAEL^2511,2753.97,2735,"$4,350,213",INV-195577,0x904820baf9112b791308d0144e9b8db122380861,6297.27,2025-12-24,"[-0.4899, -0.1227, 0.3854, -0.87, 0.243, -0.3959, -0.4562, -0.592]",601137787,region=acme,1066.05,US Dollar,028026044,SOD-8162,Japanese Yen,Japanese,360,%B1682697505428366^LEWIS/SOPHIA^2611,39.7,amount,8177,Finance,4.16.33,0x6ec1e5ff5edd8b3e5635a9efab0b05438faa686d,batch-20221112-65,batch-20240806-53,8312,44167.91,9215.45,9793406134,"$24,950",emma.miller@yahoo.com,ID-704097,_ga=6070740087.4701797,%B6969407712395907^TAYLOR/AMY^2508,0119,7479.6,XXXX-XXXX-XXXX-6990,-1.972655,Thursday,"$75,517",LAX,4821.75,2682 shares @ $278.55,478362191,0x024537c10e36eaa1ae0f8db5479909c27c7227f0,5979-0001-4095-6559,rwx,771,H2 2023,tenant-041,132.0106,Reviewed and approved.,HR,INS-809390,541,2906663,0x49b05823430b753ecaa04992ee07b29ad64337b5,93-6644089,Migraine,379933,0926,302,65985.04,update,99.9773,260f5dc1-fd19-4006-bc42-937720b25bf5,Trial,richard.martinez@yahoo.com,GBP,BILL-302061,222 days,Swiss Franc,emma.miller,%B6732884743675943^HARRIS/LIAM^2904,Global Conference 2022,ISO-8859-1,true,573108344,%B0018159902288960^WRIGHT/JESSICA^2406,noah.miller,Competitor DataCraft Inc launched StreamLine ERP,0401,%B6850498954072949^MARTIN/ETHAN^2909,HOLD-2020-102,TechCo Industries,2382,%B3352318331580670^YOUNG/RICHARD^2405,2775 shares @ $53.62,17.0,4397.43,ADV-JBD55VCLIT,1983 shares @ $66.39,562099,1909 shares @ $51.57,374242,Euro,"$23,544",None,false,JST,INV-790131,CNY,tenant-046,%B1444681440910443^JACKSON/ELIZABETH^2708,657104902
U,Emily Walker,CA9771696,Swiss Franc,8874,11.21,%B1904819358601111^SMITH/SARAH^2411,Smart TV,BILL-302862,CAD,73235.6,5019,"$2,120,648",12/28,Peanuts,"[28.91, 70.51]",848,1,57519,8612,4537.4808,0x412a3a8ea2348bb9d4970d483940e8badddd1f7f,BILL-495305,8139.6,4268.81,"$119,141",%B5761141753195986^RODRIGUEZ/LUCAS^2901,7090.04,108,"$5,455,381",INV-870098,0x55b93476860012c03f7d9c342ff6765714826cea,7664.48,2022-07-19,"[-0.3357, -0.6859, 0.1894, -0.503, 0.0308, 0.815, -0.4545, 0.1753]",58120,dt=2024-01,6131.38,US Dollar,466781876,LSP-6224,Japanese Yen,French,590,%B8236783923114023^KING/JENNIFER^2411,32.5,amount,210,Sales,1.0.41,0x9da4fea42f5770ba08094df0becb2244a7b7b34c,batch-20180910-76,batch-20230719-77,4759,"$10,612.20",46832.61,73206729,"$5,111",william.taylor@gmail.com,7741879,_ga=9229899103.9702328,%B5425199508582088^ANDERSON/SUSAN^2812,6728,9282.83,6011-1303-8523-1729,-172.849785,Wednesday,"$75,853",SFO,1819.97,4250 shares @ $202.26,527599960,0x25f3ac10de18b11ef0411e6c354065ba705f2b12,4611-9495-1024-3636,rw,850,Q1 2024,tenant-013,75.8896,Flagged for review.,Sales,INS-750043,689,7605736,0x32ae437e39c1d586cb3aa6d200804983ab727eff,15-3744896,Type 2 Diabetes,445209,1823,601,"$12,828.07",insert,95.9751,af7e7afa-eb67-4473-af59-754cad098f7b,Trial,james.davis@gmail.com,AUD,BILL-698290,17 days,US Dollar,john.williams,%B0520188952409870^JOHNSON/LINDA^2807,Annual Forum 2020,UTF-8,YES,070486281,%B4240666692125739^MILLER/LOGAN^2412,susan.taylor,Competitor Quantum Dynamics launched CloudGuard,8900,%B1787177634976931^THOMPSON/ANNA^2801,HOLD-2026-813,Skyline Partners,4424,%B0954873542077319^MOORE/AMY^2509,872 shares @ $345.71,93.4,9392.1,ADV-0L8QL2CNEY,4107 shares @ $282.75,601159224,1525 shares @ $128.79,587709,US Dollar,"$8,753",Hearing,false,America/New_York,INV-169273,INR,tenant-044,%B7786774947270607^LEE/SARAH^2604,540615352
M,Aiden King,MA9572398,British Pound,9644,13.49,%B7027968997483618^JONES/MASON^2401,Smart TV,BILL-131062,CAD,94419.9,805,"$1,658,267",06/30,Shellfish,"[2.2, 74.03]",753,1,30376,6453,3509.0677,0x7331fe8498b5cde8837b6df9c1d8672c3fcf7801,BILL-511968,404.2,9175.64,"$175,200",%B8151219591402439^KING/MASON^2811,926.49,0192,"$1,934,746",INV-978605,0xac58d334a2f65b590f414a4fff46be191c3bc064,5630.7,2022-07-06,"[0.1896, 0.0128, -0.3918, 0.7597, -0.6963, -0.4459, -0.513, -0.3412]",377925,dt=acme,5189.87,Euro,452352921,MNH-4710,Japanese Yen,Japanese,764,%B8355819766443754^WHITE/NOAH^2707,9.9,type,802,Support,5.7.37,0xd6ff606e902c872eb54639faa658c5d6e34e35a4,batch-20250326-91,batch-20200405-52,7093,"$4,735.71",96962.15,88646927,"$17,266",james.rodriguez@gmail.com,TXN-735824,_ga=0345471521.2123129,%B4685423553689460^TAYLOR/OLIVER^2507,5520,4753.55,4844-3210-8370-9070,-84.195236,Saturday,"$130,104",CDG,4598.28,4944 shares @ $423.72,377562184,0x428e591168ac3fb4a1ccb70e5a19d5ac684d0dcf,6011-6818-1446-3420,admin,664,FY 2025,tenant-004,24.5705,Resolved — no further action.,Sales,INS-219152,421,2443741,0xdc18709e3eeaf42707d1850ca17dfbcdeffd1776,40-8156353,Arthritis,601140662,8190,650,"$49,568.68",upsert,95.2265,20b77fb7-9a64-4300-b36b-099280501a29,Premium,jessica.johnson@yahoo.com,CAD,BILL-588922,229 days,Swiss Franc,harper.jones,%B5256813015704818^LEWIS/SOPHIA^2604,Data Expo 2026,UTF-8,YES,734501737,%B0603328679730984^ANDERSON/NOAH^2912,linda.walker,Competitor Acme Corp launched DataSync 3000,4974,%B7170151069833837^JONES/RICHARD^2401,HOLD-2025-796,Beacon Analytics,2097,%B1297460807986902^WRIGHT/RICHARD^2901,2077 shares @ $50.32,70.7,4102.96,ADV-6MBZK0JDMQ,4455 shares @ $352.46,55010,2121 shares @ $229.1,41474,Japanese Yen,"$6,560",None,true,America/New_York,INV-380924,JPY,tenant-007,%B6625308754497543^THOMPSON/MICHAEL^2902,636051112
Q,Jennifer Lee,WA5819901,Japanese Yen,2849,0.91,%B1927131221404876^WILLIAMS/JOHN^2408,Desktop,BILL-227192,AUD,68976.4,94,"$9,444,874",10/25,Peanuts,"[22.64, 82.65]",957,1,45624,443,7185.3683,0xd71fce3d1ef8fc47781ca5d92c36e3b99d2f0b8d,BILL-280861,59.4,5845.72,"$53,483",%B6847638862618540^JONES/JOHN^2911,9627.15,2570,"$4,746,188",INV-166550,0xcf17be25e34c61267a4a48bdcb410508bfd8a215,7726.29,2020-11-05,"[-0.3623, 1.1262, 0.4036, -0.2948, -0.5683, 0.6755, 0.2381, -0.2801]",460935,dt=acme,7489.8,Swiss Franc,942706554,EFU-2756,British Pound,French,524,%B9478263852336569^SMITH/RICHARD^2803,51.9,id,2509,Sales,5.15.83,0xe097dc0f4b0f3cbd664034d3c9369d3709b4fca2,batch-20210113-35,batch-20250520-60,5137,70694.52,55793.68,245922859952,"$30,709",richard.lee@outlook.com,2324632,_ga=7373554124.7717306,%B4928910791411066^LEE/JENNIFER^2901,3913,4920.15,4757-9917-7957-2118,43.795781,Tuesday,"$191,927",SFO,7902.18,2743 shares @ $315.4,540691759,0x25edc6db217ec0958c861a87629ebb657b995125,XXXX-XXXX-XXXX-1131,rwx,475,Jan-Mar,tenant-022,10.3352,Automated processing complete.,Engineering,INS-748892,538,9886833,0x64656a15ee754daf09d41e688184625b134fab27,78-2583060,Hypertension,553746,1407,626,"$76,625.10",snapshot,95.6236,e7691177-6b5e-4fc1-b44d-0521ad4d1b78,Basic,emily.martinez@gmail.com,CNY,BILL-232014,53 days,US Dollar,emma.davis,%B6428047437224016^THOMPSON/PATRICIA^3009,Data Forum 2026,Latin-1,YES,723770628,%B5844651017459215^WILLIAMS/ROBERT^3008,linda.thompson,Competitor Vertex Technologies launched Widget Pro,8679,%B2915443442157909^THOMAS/MARY^2604,HOLD-2024-823,Beacon Analytics,9492,%B0045913822401463^MILLER/AIDEN^2803,338 shares @ $73.36,95.4,1148.56,ADV-GG70UVU7RS,4983 shares @ $450.22,414187,1808 shares @ $106.65,601130714,Japanese Yen,"$16,453",Cognitive,YES,UTC,INV-798439,EUR,tenant-040,%B3175576922279634^CLARK/ANNA^2705,501350621
Z,Emma King,CA9024237,British Pound,175,8.58,%B2071006144561513^LEWIS/OLIVER^2903,Smart TV,BILL-518536,BRL,82024.2,1386,"$5,446,617",06/27,Pollen,"[39.82, 77.32]",679,1,76472,3737,6463.2995,0xb3c4ab67526648046160a99addd04763cb81c7de,BILL-208255,6958.7,5136.45,"$187,776",%B8066614897316419^GARCIA/LINDA^2607,6507.81,3065,"$9,457,972",INV-699760,0x5369963563abbbdbbbfd5c929aa903271a17b026,7087.93,2023-10-24,"[-0.6231, -0.5859, -0.4192, 0.5885, 0.3307, 0.0796, -0.3254, 0.445]",58562,dt=acme,7735.65,US Dollar,189805663,NPK-7873,Japanese Yen,German,657,%B0573812230677846^LEWIS/ANNA^2506,39.7,created_at,3441,Legal,3.12.42,0xdf1ed21476de9d5dc78b9aab449f8a8f44d379ee,batch-20200904-42,batch-20180810-66,4006,95504.51,"$37,536.93",453318250088,"$29,113",liam.lewis@gmail.com,USR-506550,_ga=8413723886.6313397,%B7798421518430520^HARRIS/SARAH^2802,8442,3518.94,3797-0770-7074-8479,178.606195,Friday,"$146,688",SIN,6837.85,1216 shares @ $449.78,125528327,0xde73fc9f637aa8073fb098a6cbcf50e1b3d8f7c2,6011-5652-3255-8389,rwx,542,Q1 2024,tenant-037,53.799,Needs follow-up next quarter.,Operations,INS-607719,341,5459181,0x420f0e0d9ee60316bedddccb1552014d2ac009a3,76-9556382,Hypertension,3777118,7000,713,"$46,886.69",upsert,96.8896,09ada340-c423-4fc4-ae05-c9432df3b873,Basic,jennifer.lee@gmail.com,EUR,BILL-326463,180 days,US Dollar,ethan.williams,%B6670561601261570^HARRIS/ANNA^3004,Annual Forum 2023,ASCII,true,767170119,%B2073529942060239^GARCIA/DAVID^2908,susan.wright,Competitor Catalyst Ventures launched FlexPay Platform,5495,%B0397348842675628^MARTINEZ/DAVID^2902,HOLD-2021-811,Alpine Systems,7858,%B9394524092478936^MOORE/NOAH^2504,206 shares @ $355.66,67.5,8333.13,ADV-MDR6I56T8O,1475 shares @ $10.37,55139,3528 shares @ $131.93,601161361,Euro,"$41,894",Visual,YES,EST,INV-158552,CHF,tenant-003,%B5994037568770826^WILLIAMS/EMILY^2611,823392033
F,David Garcia,CA4860427,US Dollar,984,13.73,%B5481303470838530^MOORE/MASON^2808,Wearable,BILL-334353,CNY,49780.7,1191,"$5,653,595",07/24,Shellfish,"[11.08, 80.95]",2851,1,QH2 4HY,2374,-53.4989,0xdff801607fe57ea290a6ce5a5807b10af5743e22,BILL-324345,6260.9,2495.69,"$225,998",%B8365546911682187^WALKER/DAVID^2403,1439.07,125,"$9,732,067",INV-344531,0xd25748ef7864f75ed08445e1f959c5376d7aa42a,4405.41,2018-04-13,"[0.3308, -0.158, -0.6219, -0.3341, -0.7063, -0.2242, -0.2403, 0.4836]",60116163,tenant=acme,5785.85,Euro,303292157,EHP-8208,Swiss Franc,Hindi,757,%B5024401359504776^KING/MASON^3007,48.5,id,9929,HR,2.2.10,0x4934fa1f6eb74040d90f6b4de516155137aa35d9,batch-20181002-54,batch-20211214-64,8124,11845.33,61018.56,69685354,"$36,626",elizabeth.wright@yahoo.com,6484641,_ga=6496612933.7281845,%B3670767391592691^HARRIS/PATRICIA^2611,3552,2812.9,XXXX-XXXX-XXXX-1668,-174.5695,Sunday,"$111,890",JFK,2025.7,2070 shares @ $446.24,166914907,0x948183fc33b70ffa5d9b8e9420f788efa20f3568,XXXX-XXXX-XXXX-4883,r-x,424,Jan-Mar,tenant-033,129.021,Resolved — no further action.,Engineering,INS-527655,507,3009708,0x4848cd6e6c67afca7ef30c0b5eb503202fbe6c3e,65-7961762,Migraine,60119545,9925,577,51243.11,upsert,96.0051,0cd89c2a-afe3-4265-96d8-0bfff84d4e58,Trial,sophia.taylor@gmail.com,CNY,BILL-496550,332 days,British Pound,aiden.young,%B1282330604995883^THOMPSON/JENNIFER^2904,Global Forum 2020,UTF-16,NO,149494547,%B0859070000634261^WHITE/PATRICIA^2612,logan.martinez,Competitor Beacon Analytics launched CloudGuard,3333,%B3494922876054222^GARCIA/MARY^2407,HOLD-2020-896,Skyline Partners,3636,%B8204869482624607^RODRIGUEZ/SARAH^2802,3359 shares @ $390.48,50.6,3997.2,ADV-6N5R0D8TCB,2091 shares @ $74.2,489015,1037 shares @ $198.74,454960,Euro,"$47,147",None,NO,PST,INV-561879,BRL,tenant-025,%B9110759921040180^MARTINEZ/EMILY^2406,229577891
Q,Anna Rodriguez,PA7634116,British Pound,4301,0.72,%B9580489641714758^SMITH/LIAM^2412,Mobile,BILL-193576,CAD,25588.8,4266,"$9,612,324",07/29,Latex,"[28.22, 77.5]",911,0,95194,7693,6114.8003,0x90393e45cb436c29baeb034f7bb68b443aa5d6a9,BILL-142667,979.7,9280.82,"$168,791",%B6528379967169171^MARTINEZ/LOGAN^2910,8889.98,301,"$2,569,272",INV-500883,0xabcf0bf9fb561f3c64d1cbc4be77b275082a1ef3,9470.11,2026-10-26,"[0.0001, 0.0084, 0.2985, -0.2861, -0.1424, 0.1521, -0.4209, -0.5182]",57881,dt=2024-01,2922.01,Swiss Franc,877608839,JVV-2282,US Dollar,Spanish,449,%B0876158912777557^JACKSON/RICHARD^2611,15.7,amount,7648,Legal,5.5.48,0xec50f9d79de05b0423d045356c6bfa5a945a2cce,batch-20230603-75,batch-20260506-55,3710,"$67,798.78","$39,896.48",95719246,"$26,060",jessica.walker@yahoo.com,USR-428599,_ga=2700319556.4494247,%B3649447251428341^ANDERSON/LINDA^2511,2161,6243.67,XXXX-XXXX-XXXX-7846,133.446529,Friday,"$105,545",SFO,7504.75,2536 shares @ $348.06,082713294,0x93425853aa2456d91ded1cd4d8aa25681e5e7739,XXXX-XXXX-XXXX-6403,write,677,H2 2023,tenant-015,87.1128,Resolved — no further action.,Marketing,INS-488713,326,2326187,0xe2e17bf2b3802651676910d73e560658b9e90254,90-3844871,Hypertension,371325,3560,671,"$54,591.07",update,99.1387,af706437-241f-4d5f-8113-3ceaf80b2ef5,Premium,james.taylor@yahoo.com,GBP,BILL-907861,81 days,Swiss Franc,emily.young,%B0043353206907357^CLARK/OLIVIA^2511,Annual Summit 2026,ISO-8859-1,NO,010570274,%B6487273792147860^MARTIN/ROBERT^2607,susan.smith,Competitor Meridian Health launched VaultKeeper,2746,%B2336906748008590^MILLER/EMMA^2908,HOLD-2025-943,Acme Corp,8920,%B7983276798391255^THOMPSON/EMMA^2708,2836 shares @ $490.82,69.3,9662.29,ADV-44IIK97JKV,2678 shares @ $111.47,512809,4080 shares @ $214.92,3750724,Euro,"$46,440",Cognitive,false,America/New_York,INV-901195,GBP,tenant-017,%B0586074130923974^YOUNG/LOGAN^2804,623685281
B,Oliver Wright,GA7057209,British Pound,693,13.1,%B1327867434522433^THOMAS/AMY^2412,Tablet,BILL-277408,CHF,61202.7,4422,"$862,399",12/26,None,"[17.26, 93.34]",511,0,14292,748,3344.4002,0x8bad133807c9236157cc51cde1004aa83810f971,BILL-430039,5335.8,6275.32,"$118,803",%B3310688223867116^KING/ANNA^2909,7153.48,619,"$2,035,898",INV-333020,0x1ef2ad7df292cfd347585eedce633adaec8c83dc,9698.61,2019-09-16,"[-0.1259, -0.0033, 0.3401, 0.2994, 0.0161, 0.0196, 0.3321, -0.288]",590592,tenant=us-east,9640.22,British Pound,811052381,HIY-2020,Euro,French,692,%B4395354234898632^MILLER/ETHAN^2409,89.9,status,2987,Support,3.14.78,0x73977378e4746f6d112ba51ef2011eb5b5763523,batch-20200926-96,batch-20240503-97,4487,"$31,727.31",27269.12,92091128,"$29,190",liam.martin@gmail.com,7643737,_ga=9604544041.7692383,%B2483008094667603^MARTINEZ/SUSAN^2401,0049,1226.94,5167-3511-1200-1814,126.803421,Tuesday,"$32,388",SFO,1194.22,111 shares @ $69.74,122408364,0x972fddfede9d706b6224ad18f8b27c6849dc24d5,5409-0988-8043-6103,write,582,2020-2025,tenant-032,82.0002,Needs follow-up next quarter.,Engineering,INS-975901,793,1346288,0x1fd2e87db02ae1a4951a5610c90cdc288ff4040e,52-2404558,Asthma,601115284,3948,822,"$91,399.78",update,95.8339,d8cb6d10-2f4b-400d-a1f2-f76eb879bfcf,Enterprise,aiden.thomas@yahoo.com,INR,BILL-259663,145 days,US Dollar,mason.davis,%B7990810182291156^RODRIGUEZ/EMMA^2704,Data Conference 2020,ASCII,false,761800370,%B7497743791888221^JOHNSON/JENNIFER^2406,richard.davis,Competitor Pioneer Software launched AuditTrail Plus,2655,%B8821927859089146^ROBINSON/LIAM^2910,HOLD-2020-459,Pacific Research Group,2668,%B1238294464701153^MARTIN/JAMES^2507,3838 shares @ $126.4,92.8,4987.0,ADV-04VOVUI4KG,162 shares @ $302.67,478712,4356 shares @ $129.94,532927,Swiss Franc,"$21,401",None,NO,EST,INV-426832,BRL,tenant-032,%B6822657147010601^JOHNSON/EMILY^2509,793783515
D,Anna J. Johnson,FL2734687,British Pound,328,1.99,%B8512364607399544^DAVIS/SARAH^3011,Mobile,BILL-974947,EUR,27074.3,6624,"$6,921,921",09/30,Latex,"[38.55, 87.56]",1141,1,HB8 6ZL,382,7751.665,0xb766829eead1f36fd58de47629cc06aa69f62e8e,BILL-806506,6492.1,5683.51,"$85,313",%B6110154158208595^ANDERSON/MASON^2510,5346.69,305,"$1,162,342",INV-158649,0x0efe76cda341a32ef985e8db7e4b9fb28cc6dd6f,6971.11,2019-09-11,"[0.5895, 0.5886, -0.2086, 0.3529, 0.2954, -0.0018, -0.3074, 0.0058]",41148,region=2024-01,7633.55,US Dollar,047565794,ZJE-7172,British Pound,Japanese,588,%B9222959699835660^MARTIN/SUSAN^3002,85.8,type,053,Sales,1.9.8,0x1e7ce5d94111304fdd0639cfd3550d520feae3c9,batch-20180531-89,batch-20251108-39,9619,"$2,626.86",42196.32,80933787,"$48,479",emily.johnson@outlook.com,REC-506755,_ga=5228253630.5205009,%B0891355003871061^CLARK/SOPHIA^3004,6959,7293.88,XXXX-XXXX-XXXX-8242,-159.296289,Saturday,"$245,626",LHR,8215.38,3969 shares @ $402.05,940710543,0xdebc506a89349a88634b204b3435a24b88dad033,XXXX-XXXX-XXXX-1856,rw,787,Q1 2024,tenant-025,111.9573,Pending verification.,Marketing,INS-308956,623,5525590,0x4b473dd3cb105cd1cb38655963482d16ff7b21a6,58-2587225,Hypertension,601108554,9683,577,6820.18,snapshot,97.0625,97f01221-3da9-4950-ae87-5b6a0e67a865,Free,amy.king@outlook.com,JPY,BILL-505076,185 days,Japanese Yen,harper.johnson,%B0064157821822327^LEWIS/LUCAS^2602,Tech Conference 2020,Latin-1,false,218459290,%B9243021545975780^THOMAS/MASON^2910,anna.brown,Competitor Alpine Systems launched SmartHub X1,6193,%B8343310449364570^LEWIS/ANNA^2803,HOLD-2023-876,Acme Corp,3637,%B3947727811859936^DAVIS/JOHN^3001,3351 shares @ $248.58,85.5,7732.63,ADV-MN9WSQPLST,3464 shares @ $465.7,52228,3868 shares @ $93.71,375382,Swiss Franc,"$29,207",Visual,NO,PST,INV-309475,GBP,tenant-012,%B3972791267577852^WRIGHT/LOGAN^2610,309768013
F,Patricia L. King,MA8875697,British Pound,320,5.99,%B8265977514694986^WRIGHT/ROBERT^2704,Wearable,BILL-315247,AUD,8972.9,8108,"$9,518,238",11/29,Latex,"[22.71, 98.99]",2125,0,41100,2090,8733.8623,0xfcf1d5daa629d2ddd5a3c2c987cab94acc32e191,BILL-657193,377.0,3254.71,"$182,108",%B7463588114681008^WRIGHT/LIAM^2602,5702.76,124,"$5,813,593",INV-597665,0x1ce427cba4e9b1d849bd6582f8d74124f543d6b2,4659.61,2024-12-05,"[-0.2622, -0.3585, -0.412, 0.0582, -0.8531, -0.1382, -1.1531, 0.0768]",599483,tenant=us-east,1071.74,Euro,957196161,XTU-8671,Swiss Franc,French,691,%B1437503350277419^ANDERSON/PATRICIA^3009,42.5,name,685,Operations,4.11.65,0x7d68f7d9c82eed428c3550397da6d4496811dbe9,batch-20251021-77,batch-20250223-81,9147,"$91,679.50","$34,613.47",412208666828,"$22,392",patricia.moore@gmail.com,TXN-279617,_ga=2341674740.3708008,%B2443093472426819^CLARK/AIDEN^2511,8261,7398.51,4673-8460-5490-5563,-56.024648,Friday,"$45,814",NRT,3211.79,4159 shares @ $90.21,482916863,0xa9b12f1486aeccf63f2e359a8a02363c2a34c331,6011-8404-7801-6447,rwx,323,Jan-Mar,tenant-015,128.1046,Updated per client request.,Finance,INS-484073,580,4213798,0xe3d20a12c8e0fcfcc5444a7838fb50fc1b36f34d,80-6377813,Anxiety,378797,7956,778,36424.54,delete,99.0177,99a14062-2b50-4952-bcf9-51c25bc6e292,Enterprise,linda.martinez@yahoo.com,AUD,BILL-713495,266 days,Swiss Franc,john.robinson,%B2203277698070273^MARTINEZ/EMMA^2602,Annual Forum 2024,UTF-8,NO,264661894,%B4703783126184043^MOORE/LINDA^2409,sarah.moore,Competitor Acme Corp launched FlexPay Platform,0976,%B7591324684176410^TAYLOR/RICHARD^2507,HOLD-2024-264,Beacon Analytics,9984,%B6486530215769104^MARTINEZ/DAVID^2805,3736 shares @ $76.66,11.9,2854.0,ADV-5G6QS7SZJ5,3749 shares @ $214.47,42478,4546 shares @ $403.75,60119156,Japanese Yen,"$46,998",Hearing,false,Europe/London,INV-896006,GBP,tenant-030,%B4289909725718531^TAYLOR/JENNIFER^2503,363655933
G,Patricia Martin,CA6965503,Euro,470,8.68,%B2120976141767410^DAVIS/MARY^2710,Wearable,BILL-803349,BRL,4027.9,3985,"$1,597,547",08/24,Penicillin,"[0.38, 81.39]",6943,1,AL7 5GK,9776,331.8362,0x000fc86dd2a1c3a6af2d69612cbf768336b3ec4e,BILL-726220,425.6,6678.93,"$84,366",%B0719924833910548^LEE/SUSAN^2904,902.88,9044,"$1,366,494",INV-335881,0xf61febce79e9038171c939401e13c4f1a65204b3,9066.57,2023-08-26,"[-0.202, 0.6104, 0.3931, 0.5095, 0.0877, 0.6875, 0.1348, -0.0287]",581541,dt=2024-01,7848.9,US Dollar,629572709,WUN-3453,Japanese Yen,Arabic,508,%B8862801292188448^LEE/OLIVIA^2805,62.3,status,2236,HR,2.6.25,0x9ce3f7815706580f2f50b6a75193e7878dc3b266,batch-20220506-24,batch-20211027-59,3002,94612.54,58232.28,3829025578,"$31,126",patricia.martinez@gmail.com,ORD-411633,_ga=9585353032.2227787,%B3612342262527012^DAVIS/ANNA^2705,6718,1391.3,XXXX-XXXX-XXXX-5924,38.173109,Saturday,"$132,142",LHR,7883.05,3279 shares @ $462.16,985148826,0x58dfb08ca72f9d9a7192e3621627ee3424c75b4f,4164-8831-7011-6500,r-x,347,2020-2025,tenant-028,2.841,Flagged for review.,Engineering,INS-586365,751,9616781,0x7d5fa0a7711e4310b2814e5fd00955d8d37189e2,79-7511807,Anxiety,428727,7500,619,53728.70,insert,98.1679,eee87ed3-2309-4f74-a5f5-977bf6bfabc0,Trial,lucas.wright@gmail.com,CHF,BILL-921181,221 days,US Dollar,lucas.davis,%B3731751217276330^YOUNG/SUSAN^2608,Annual Expo 2020,Latin-1,false,406081102,%B8924216348820061^JACKSON/AMY^3012,mason.robinson,Competitor Skyline Partners launched VaultKeeper,2421,%B5064037339608772^SMITH/ROBERT^2809,HOLD-2022-494,Alpine Systems,7956,%B9485059623012874^WHITE/HARPER^2511,4953 shares @ $468.81,21.5,5581.38,ADV-301RVQ5FXJ,4416 shares @ $271.87,60118938,562 shares @ $272.88,43968,Swiss Franc,"$18,401",Mobility,true,Europe/London,INV-146755,JPY,tenant-019,%B4359580704078939^WILLIAMS/LIAM^2904,467240281
I,Olivia Anderson,NY1959856,British Pound,4911,0.06,%B6185975378509668^JONES/EMMA^2710,Smart TV,BILL-391333,INR,97861.5,2628,"$4,598,105",11/24,Pollen,"[7.45, 78.55]",159,0,55534,3694,3843.5239,0x2dcdd538692fa4aad6b426dda8abb24f2433e59b,BILL-315285,9871.3,852.59,"$41,636",%B5239305742093912^MILLER/SOPHIA^2409,5015.1,7137,"$4,391,265",INV-950408,0xd1a613bb88561dfff19d565ebfcc5886febabfe1,1180.21,2025-10-04,"[0.777, 0.4845, -0.5736, -0.1323, 0.4011, -0.4029, 0.5783, 0.2263]",484090,dt=acme,773.11,US Dollar,205676813,BGC-8400,Euro,Portuguese,759,%B6515533247200270^RODRIGUEZ/PATRICIA^3011,68.1,status,4933,Engineering,5.19.0,0xb3ac37faca78b16b56b4603c1cc45cc0aa3010b4,batch-20210417-59,batch-20230523-32,5107,"$25,542.58","$94,644.68",6348311560,"$35,034",linda.davis@yahoo.com,7853177,_ga=6301755064.4285982,%B4383365416042498^MOORE/JAMES^3011,8116,1325.97,3731-0970-3222-2186,16.00674,Saturday,"$79,678",LHR,4853.7,1020 shares @ $303.62,486483098,0x7eb89a1f96707271358af1444cdb8cc7d10ec062,6011-2918-8744-3811,admin,633,2020-2025,tenant-041,84.3556,Escalated to management.,Support,INS-323079,833,8028950,0x78ff357c9b01b9586cfe9bb3d298d7608a6b8d0e,74-5442581,Anxiety,50945,2887,391,65782.97,insert,96.4725,25d7f47d-c188-4411-a3d1-bc55e0f21ba8,Enterprise,linda.lee@outlook.com,AUD,BILL-386523,103 days,British Pound,susan.wright,%B0861601889085470^TAYLOR/EMILY^2405,Global Conference 2020,UTF-16,YES,245861721,%B3133502824828522^ROBINSON/JOHN^2906,john.smith,Competitor TechCo Industries launched DataSync 3000,8002,%B0808428594808489^MARTINEZ/OLIVER^2408,HOLD-2026-386,TechCo Industries,6208,%B5055666178231217^THOMPSON/SUSAN^2801,3525 shares @ $331.66,39.1,2611.89,ADV-LLVXOISW4L,4857 shares @ $269.2,480694,1983 shares @ $415.06,566887,British Pound,"$20,345",Cognitive,false,PST,INV-864170,BRL,tenant-011,%B9039144660124747^MARTIN/LOGAN^2506,664570902
D,Oliver Thompson,WA4048438,Swiss Franc,4505,11.79,%B9877066878065717^JOHNSON/OLIVER^2511,Smart TV,BILL-849214,CNY,57992.1,507,"$6,886,329",03/24,Penicillin,"[0.64, 85.15]",0520,0,UC4 1KB,6244,338.9703,0xa871cc8d3fee37c0aba2397527942b0945bbd187,BILL-147621,1575.4,9880.79,"$242,993",%B7366938938003702^WALKER/AIDEN^2710,7188.41,7981,"$6,345,153",INV-470942,0xd63d9f843c5c9a7fef9621d2054eb71384e9ec3f,5703.14,2021-01-16,"[0.44, -0.098, -0.1807, -1.4083, -0.1048, 0.2507, 0.3401, 0.0089]",554509,tenant=us-east,3816.46,Euro,033060562,OGP-2657,British Pound,Portuguese,588,%B7579247524935024^ROBINSON/PATRICIA^3005,21.9,email,561,Legal,0.12.80,0x73b36a48936b6536c9d915b67eb537bebd6eed79,batch-20260416-88,batch-20221230-65,9827,"$4,435.17","$18,553.43",434504756598,"$33,546",patricia.thomas@yahoo.com,8553116,_ga=0120071430.8088413,%B9277824134453521^WALKER/MASON^2711,3605,6669.12,XXXX-XXXX-XXXX-1219,-86.669648,Sunday,"$103,954",SIN,9337.3,4781 shares @ $440.78,640738212,0x102bad7b210588aca12086b868ed501fcef59e00,4494-1038-6713-4467,r-x,581,H2 2023,tenant-028,48.4041,Automated processing complete.,Operations,INS-294889,778,2630502,0x8ef7c0865d66999233a66dcedb4db9081caeee1a,16-8558623,Type 2 Diabetes,601165730,3221,671,"$33,914.32",insert,98.4852,847a574b-2eda-4fbd-ba7e-ad192a99544a,Standard,elizabeth.garcia@yahoo.com,GBP,BILL-647987,14 days,Euro,anna.martinez,%B0096610252824408^TAYLOR/HARPER^3004,Global Summit 2025,ASCII,false,097000715,%B0133939359258840^CLARK/MARY^3009,james.martin,Competitor Vertex Technologies launched Widget Pro,6549,%B3884798107647800^WRIGHT/AMY^2612,HOLD-2021-322,DataCraft Inc,2197,%B7929124893661286^BROWN/JESSICA^2711,983 shares @ $141.01,86.6,5273.99,ADV-MWMPR96ODF,3701 shares @ $397.92,52031,671 shares @ $428.43,58210,British Pound,"$35,219",None,YES,CET,INV-182573,EUR,tenant-045,%B6957258661318058^LEE/PATRICIA^2409,686117741
T,William Williams,GA6209842,Swiss Franc,9657,1.7,%B6765494658393075^MILLER/JOHN^2804,Mobile,BILL-474131,CNY,68998.7,376,"$6,898,814",12/26,Latex,"[25.0, 90.55]",4524,1,AD1 2GW,303,4714.319,0xd5bc3c81d06031e9b344aee2c211d084bbb4f50d,BILL-642805,7569.4,3778.42,"$56,436",%B3221012725947538^LEWIS/PATRICIA^2412,5255.07,737,"$1,156,287",INV-995082,0x1de3ca266f840b391ce0f54e3c54a0cdfa1f1a17,4478.38,2026-07-19,"[0.0688, 0.0474, 0.3054, 0.8656, -0.2351, 0.8989, -0.3676, 0.42]",60118057,dt=acme,3356.54,US Dollar,867795223,YTA-1332,Euro,Spanish,448,%B5242290747671560^LEE/NOAH^2704,31.1,created_at,4511,Sales,1.2.90,0xf005430b2310e8e80c2afb1ee4c34d99a483dfbf,batch-20201124-56,batch-20180103-84,3996,25757.16,"$74,466.48",48055677,"$15,004",james.jackson@gmail.com,ORD-991759,_ga=0872748552.7617766,%B2937280297855454^WHITE/MARY^2512,1875,6476.22,XXXX-XXXX-XXXX-3873,115.192506,Saturday,"$131,919",LHR,7262.8,4828 shares @ $263.63,674046074,0x2395cfe15e4abc42a6f062a62a9c39e2cd9afcf6,6011-9187-4676-3787,read,793,Jan-Mar,tenant-006,6.3496,Needs follow-up next quarter.,Legal,INS-368219,458,2967091,0x3d4fca3e8cafbc4cc7519fbc8f9d74ba3964349f,90-6046399,Anxiety,375922,5565,549,"$3,016.29",update,99.2951,eba0bf67-1eaf-42a0-a83e-be65870375fe,Free,michael.walker@gmail.com,INR,BILL-458628,210 days,Swiss Franc,noah.miller,%B9081484854359900^THOMPSON/LINDA^2705,Annual Forum 2022,ISO-8859-1,false,289671783,%B2000041930209725^THOMPSON/JOHN^2903,mason.garcia,Competitor TechCo Industries launched Sentinel Monitor,7246,%B7154385248136141^MILLER/OLIVER^3003,HOLD-2021-715,Vertex Technologies,9431,%B5669787994452313^TAYLOR/SOPHIA^2602,1397 shares @ $169.75,21.3,8902.07,ADV-KE1D533SUM,899 shares @ $157.29,49771,1217 shares @ $468.87,47710,Swiss Franc,"$21,441",Hearing,YES,EST,INV-948849,BRL,tenant-017,%B5363223233207145^ROBINSON/OLIVER^2606,388986205
V,Oliver Lee,CA4902900,Swiss Franc,0113,6.69,%B5315366134453907^JACKSON/DAVID^2808,Wearable,BILL-599465,BRL,89338.5,6441,"$934,612",10/25,Pollen,"[24.83, 67.72]",490,0,19768,8531,9206.3521,0x5cfbe59d8dac27f1a1bec205a20f4d584a731930,BILL-960267,1770.5,2837.54,"$177,841",%B3287155024786778^MARTINEZ/ROBERT^2404,7838.22,7986,"$174,706",INV-514809,0xf923431f00dfa941280093359c972b69c6cd2b2b,7498.09,2023-05-06,"[-1.0588, 0.5506, -0.333, 0.4951, -0.6871, -1.0946, -0.6861, 0.0601]",43048,region=us-east,2121.12,Japanese Yen,688209582,ZJD-7839,Swiss Franc,Spanish,662,%B6538886742958455^TAYLOR/SOPHIA^3008,68.2,created_at,4378,Sales,0.13.61,0x527ea5ce6e2dfbb8ad61302fc0c9e2ef75efd2e0,batch-20230507-34,batch-20250327-66,7625,46656.72,77946.15,697006400458,"$40,576",emma.moore@gmail.com,9047792,_ga=2782973109.9461856,%B9581931321706631^CLARK/EMILY^2510,6303,5273.94,6011-7422-4012-7653,12.710141,Tuesday,"$139,268",LAX,7097.28,1685 shares @ $232.8,159026027,0x3a764b87e509bccfb68174d345e2f3d65ab19b73,4769-6086-3529-6386,write,401,H2 2023,tenant-026,82.0501,Escalated to management.,Engineering,INS-320634,765,8287160,0xa14df3bf8830fe157ac5a261a8075139c3ab6ff4,29-1519512,Type 2 Diabetes,519437,5530,629,21874.36,snapshot,95.0677,9da6073e-2cb8-4341-8fce-89423c778070,Trial,david.johnson@outlook.com,CNY,BILL-101758,95 days,Euro,michael.thomas,%B1490403700647878^MARTIN/HARPER^3009,Annual Forum 2023,UTF-16,false,152654764,%B7207775016385899^THOMAS/SUSAN^2509,sophia.johnson,Competitor DataCraft Inc launched VaultKeeper,2841,%B4210793664320003^JACKSON/JENNIFER^2910,HOLD-2021-478,TechCo Industries,6279,%B1326289613228477^WALKER/ANNA^2712,4690 shares @ $239.34,47.1,1395.86,ADV-SHJXVW0IS1,3239 shares @ $444.94,42396,2507 shares @ $127.1,379435,US Dollar,"$49,988",Cognitive,false,CET,INV-863924,USD,tenant-010,%B8810080266746523^THOMPSON/EMMA^2611,147310530
P,Linda Thompson,CA4033511,Euro,120,1.76,%B9141428494081515^MARTIN/NOAH^2606,Wearable,BILL-367149,EUR,84852.4,2777,"$3,777,231",09/27,Pollen,"[7.95, 79.18]",966,0,90062,9010,729.3322,0x7e9a8692d82c27a8d096eed2987c2e6c311e100f,BILL-889246,5206.9,9772.9,"$105,893",%B2393974096411551^THOMPSON/JESSICA^2501,8301.28,500,"$5,811,559",INV-757566,0x98357f147b1dca884c0eae6df363be7bf85305d3,8594.02,2025-12-03,"[0.1337, -0.648, 0.5694, -0.2391, -0.5035, 0.2521, 0.0272, -0.1067]",56633,tenant=acme,7925.22,Euro,991895025,EEU-7850,Euro,Portuguese,648,%B8549491811016187^WHITE/OLIVIA^3009,77.0,type,7433,Sales,2.6.65,0x630e90d8652016d2153de872a65caec3307d7d0d,batch-20180531-81,batch-20210610-40,0621,15046.84,"$6,009.69",6681148923,"$44,178",anna.garcia@outlook.com,USR-549123,_ga=8676172271.6247500,%B6257218599028356^THOMAS/ANNA^2711,7710,3317.76,6011-7890-4238-6058,3.32614,Monday,"$68,880",NRT,4858.4,3234 shares @ $419.38,382804247,0x3578fad3411d76a95f00a33572b41abe28e0f73b,XXXX-XXXX-XXXX-0514,write,691,Jan-Mar,tenant-021,22.6787,Needs follow-up next quarter.,HR,INS-310998,410,4843838,0x3402ef649da3ea210c28c3fe41c34c6e36b55638,29-4068225,Migraine,50742,6613,331,"$52,263.93",upsert,98.1514,3a9aa0f9-aaae-4ef0-b9e8-d5f9fe7ffdb7,Trial,anna.white@yahoo.com,JPY,BILL-300616,334 days,Japanese Yen,lucas.williams,%B6416100070286158^BROWN/RICHARD^2604,Tech Summit 2025,ISO-8859-1,NO,918463384,%B6972303062996389^MARTIN/JAMES^2602,james.johnson,Competitor Global Solutions launched Widget Pro,3994,%B2179356663537219^THOMPSON/SOPHIA^2501,HOLD-2025-149,DataCraft Inc,8324,%B0588448907951765^MARTIN/MICHAEL^3010,1425 shares @ $266.94,86.2,4363.93,ADV-RQQBXMOO1N,1139 shares @ $311.27,525895,1648 shares @ $101.95,60115367,Euro,"$6,005",Visual,NO,JST,INV-977224,INR,tenant-005,%B4134617403008321^SMITH/RICHARD^2907,614931781
J,Robert Wright,WA7748546,British Pound,087,9.38,%B7975979647107261^JACKSON/OLIVER^3011,Mobile,BILL-422320,BRL,14724.2,4009,"$4,425,352",05/30,Shellfish,"[31.43, 90.49]",0027,0,11071,145,4869.234,0x02ccbf319526de670e2702356b1d24af48ba6aa7,BILL-795988,4046.1,827.17,"$94,423",%B6819885596245339^WILLIAMS/WILLIAM^2605,5061.15,6131,"$6,377,424",INV-311803,0xa4700b7e83322fe3650a9f9da66318f53b1ed3f1,1175.03,2019-12-29,"[0.4552, -0.7247, -0.9337, 0.3586, 0.6021, -0.2485, 0.2047, 0.412]",601154748,region=2024-01,1168.23,Japanese Yen,620769311,JQV-5548,Japanese Yen,Japanese,786,%B5118269138694167^TAYLOR/DAVID^2406,55.7,amount,392,Engineering,4.4.56,0x6d3b505072b43ebdffbf897c108c8abb8e29a5d2,batch-20230122-91,batch-20180821-07,8218,38208.49,"$86,343.43",2966872838,"$4,515",oliver.rodriguez@outlook.com,802031,_ga=4264706605.5150740,%B6548106099292696^JOHNSON/ROBERT^2410,0851,6199.26,5123-5389-5465-2893,161.538224,Sunday,"$137,681",NRT,1470.68,600 shares @ $85.56,207385589,0x80b93e1669b403f0518c0ff754d643389f26e7e6,4385-8339-1695-7441,read,822,Jan-Mar,tenant-028,32.2653,Needs follow-up next quarter.,Legal,INS-919970,479,7480746,0x715950ac17c3f3b96550232455c75e8eddf74c63,60-4156207,Migraine,60117819,6448,761,5164.83,snapshot,95.6404,9d5e6699-148b-4f09-9d2f-69edd5fdd33c,Standard,mary.martin@yahoo.com,CHF,BILL-912227,191 days,British Pound,liam.jackson,%B9701069234679432^BROWN/EMMA^2806,Data Summit 2025,UTF-8,true,818332736,%B4984454365952123^MARTINEZ/SUSAN^2406,noah.walker,Competitor Global Solutions launched SmartHub X1,4364,%B6300893232559419^ANDERSON/SOPHIA^2801,HOLD-2020-435,Pacific Research Group,9801,%B6474138324110450^SMITH/JAMES^2402,971 shares @ $326.44,52.9,3009.28,ADV-KL6EQQCL7K,2080 shares @ $125.89,542717,3296 shares @ $324.62,601125069,Swiss Franc,"$10,978",Cognitive,NO,JST,INV-540021,USD,tenant-028,%B8282862417674689^ANDERSON/DAVID^2810,156025520
L,Mary Clark,IL8662755,British Pound,459,8.92,%B8714935316343058^JOHNSON/SOPHIA^2611,IoT,BILL-912191,CNY,79986.3,6343,"$2,411,042",01/27,Shellfish,"[36.22, 67.5]",024,0,QL9 2PM,4347,8397.9412,0xb83e1945e3589ba9c683b4ce8ab78eb455e5b66c,BILL-494061,5580.3,3998.88,"$238,623",%B4325747961738497^JOHNSON/EMMA^2604,3508.74,064,"$2,169,695",INV-887926,0x263e056a2f77387ec9b41bc5edfb99f60126d871,63.48,2018-10-13,"[0.6297, -0.4087, 0.2631, 0.2219, -0.3419, 0.3261, -0.2473, -0.0276]",3753910,tenant=acme,7771.85,British Pound,710548838,LJZ-1442,Euro,Chinese,425,%B1744241899227358^DAVIS/MASON^2501,41.7,status,343,Engineering,1.9.59,0x4ecc9692f1dee01711553ffd00bd32601abd02c0,batch-20220602-43,batch-20181203-63,9807,82934.57,"$51,286.68",1299131090,"$35,917",william.williams@yahoo.com,3481025,_ga=0478067698.4439692,%B0156329649732267^KING/OLIVER^2908,2290,808.16,4785-4552-6392-3774,178.958273,Friday,"$198,339",LHR,9314.74,279 shares @ $314.83,386292870,0xfe77830f8d07b73a2da2d42811089ee750cbe34f,XXXX-XXXX-XXXX-7580,write,618,H2 2023,tenant-011,95.0586,Escalated to management.,Marketing,INS-974861,388,7786605,0x3efbfbfcbeb1a61d14217234c0c61e04aca50033,18-6555934,Arthritis,526863,7702,786,66786.20,update,98.7732,698bd577-5939-4c20-b4e8-2384625b4fd6,Enterprise,aiden.miller@gmail.com,CAD,BILL-385924,211 days,US Dollar,mary.taylor,%B8150154216713272^YOUNG/NOAH^2707,Tech Forum 2022,ISO-8859-1,YES,248516674,%B0414450575344924^THOMPSON/LINDA^2904,aiden.smith,Competitor Meridian Health launched VaultKeeper,0964,%B6434609309378757^JACKSON/OLIVER^2501,HOLD-2024-874,Pacific Research Group,4681,%B4082184486264862^WILLIAMS/JOHN^2509,1598 shares @ $489.08,80.3,6970.14,ADV-92XAQDXNR1,3159 shares @ $35.63,456883,3340 shares @ $414.54,601105833,Euro,"$3,177",Mobility,NO,EST,INV-863621,INR,tenant-004,%B6994676868734681^MARTINEZ/AMY^2408,176452710
I,Jennifer D. Martinez,MA6665919,Swiss Franc,4464,4.85,%B7779360344565590^SMITH/LINDA^2605,Smart TV,BILL-296666,BRL,67675.3,7715,"$6,984,090",03/27,None,"[18.77, 84.33]",6183,0,66965,5739,7711.1653,0xd866b18f9306181b8e5e2f202651ee872f45b07b,BILL-500804,3046.6,7413.97,"$118,259",%B7317923602098979^JACKSON/RICHARD^2608,3750.58,405,"$3,686,739",INV-629417,0xd48b226fc1268f0292ea3fa3f78ff268585c7304,6440.46,2021-10-05,"[0.9373, -0.8658, -0.2101, 0.7084, 0.2788, 0.1598, -0.1524, -0.7593]",561348,tenant=us-east,90.25,British Pound,697816399,MYS-3069,Japanese Yen,German,407,%B1499224486634478^GARCIA/NOAH^2602,4.4,status,1226,Operations,2.10.20,0x7a66ccf261cbf59f987b4c1798db1c6b09ba9e85,batch-20211230-64,batch-20240111-52,7953,"$30,026.01","$58,661.90",392653298731,"$28,188",amy.white@yahoo.com,TXN-530136,_ga=1067844829.6086855,%B5683296798831158^ROBINSON/ROBERT^2709,9948,1562.92,5089-8128-2893-2294,144.890073,Thursday,"$179,189",SIN,7076.89,4003 shares @ $396.11,866984036,0xc4ad5f22f05839e024daf9c634438bd3904d6b30,6011-2443-5628-7515,execute,612,Q1 2024,tenant-025,29.6851,Automated processing complete.,Support,INS-766502,656,5635216,0x7bcffb49b263a5853a77c9389ba4ef2d71b4e98a,32-5153165,Migraine,566087,5362,696,69795.91,insert,96.1688,58346d78-9209-4780-a310-b1f65dcf8394,Basic,david.walker@outlook.com,USD,BILL-897912,105 days,Japanese Yen,mason.jones,%B6635541800272200^WHITE/PATRICIA^2604,Global Forum 2025,ASCII,false,031451726,%B9447850711120574^THOMPSON/AIDEN^2409,emma.jackson,Competitor Acme Corp launched Sentinel Monitor,8148,%B5421857099624920^BROWN/MARY^2510,HOLD-2023-266,DataCraft Inc,2662,%B1612169748171257^SMITH/LOGAN^3012,797 shares @ $174.98,0.9,3345.06,ADV-CM0DCMG81H,416 shares @ $152.19,512197,2267 shares @ $55.1,375981,British Pound,"$14,436",Mobility,false,CET,INV-777464,CNY,tenant-036,%B5474970539280090^DAVIS/JESSICA^2805,539649857
U,Patricia Lee,NC4255001,US Dollar,626,3.26,%B1491699676241390^JONES/WILLIAM^3010,Wearable,BILL-346261,JPY,28259.0,4030,"$9,250,214",12/29,Penicillin,"[34.07, 98.77]",144,1,59867,208,3921.2479,0x67e0aeabbf5f76de8f33dabdb07a3fbb1068570c,BILL-693411,4751.6,5835.15,"$72,834",%B8875186886241444^DAVIS/LIAM^2704,7572.33,995,"$5,366,427",INV-715058,0x188ffbd832828abd990e61fe1bd2247a43fca752,1832.8,2021-09-23,"[-0.3939, -0.0621, -0.1415, -0.614, -0.6044, -0.0035, -0.3762, 0.1316]",531185,region=us-east,9578.1,Swiss Franc,737102001,HQJ-3089,Japanese Yen,French,763,%B3661659579753424^BROWN/DAVID^2805,9.0,name,278,Engineering,3.19.28,0x7ccf2a6e4ecc6128375e1ff0b780b458efa59d14,batch-20191023-87,batch-20230213-79,9706,34171.24,"$33,463.13",559385734031,"$21,112",emma.martinez@gmail.com,REC-883847,_ga=2039315026.9669386,%B4026368866432531^WALKER/SARAH^2405,6741,3151.78,4260-8114-3398-7590,164.469031,Tuesday,"$132,990",CDG,3053.49,65 shares @ $244.8,555680650,0xff9c98d27f475d6b85829e41375ffa6dd2651890,6011-9753-5712-7629,read,628,H2 2023,tenant-049,140.5177,Reviewed and approved.,Engineering,INS-735876,339,5895060,0x200c996d12751acbdc77675311d95a107ad3e08f,82-9385747,Hypertension,60111814,9858,818,"$88,003.36",insert,99.2917,5d8de3a2-c46e-4d5f-81a0-fdce3f812830,Trial,richard.rodriguez@gmail.com,GBP,BILL-136649,2 days,Swiss Franc,john.jackson,%B0717682405068818^LEWIS/NOAH^2505,Global Conference 2025,ASCII,false,111602999,%B4137405483481935^RODRIGUEZ/LUCAS^2607,john.martin,Competitor Pacific Research Group launched Widget Pro,7823,%B4884615755630141^BROWN/JENNIFER^2409,HOLD-2021-608,Acme Corp,5500,%B2900407856625970^MILLER/LOGAN^2501,3490 shares @ $59.7,48.0,4151.89,ADV-I8LIONV38R,2893 shares @ $438.71,562813,2538 shares @ $190.65,53084,Swiss Franc,"$24,549",None,YES,CET,INV-208261,CNY,tenant-012,%B0151820222281679^LEE/MASON^2802,654409203
Y,Sophia Lewis,FL7823244,US Dollar,721,12.14,%B2092567164922356^MARTINEZ/JOHN^2607,Smart TV,BILL-280837,EUR,47619.4,6262,"$7,213,211",11/26,Latex,"[29.06, 80.31]",7447,1,58232,731,2186.3518,0xcc80d9ec557939db12b99a518129863f00b78640,BILL-582144,4104.9,8849.32,"$162,742",%B7990757633930243^JACKSON/JESSICA^3011,9763.91,7074,"$9,084,324",INV-186712,0x757b7ae00b5020385b626032ab28db869aef754d,9092.68,2024-12-22,"[0.351, -0.8667, 0.9352, -0.6212, 0.3925, -0.3111, -0.0559, -0.1058]",60111448,dt=2024-01,377.7,British Pound,271642538,CIX-7475,Swiss Franc,Chinese,358,%B6016164723403995^MILLER/SUSAN^3011,30.7,status,781,Engineering,3.14.80,0x47c7f7260ca2d0f8a00078fb22e49820eb904026,batch-20200517-43,batch-20190113-03,0045,75530.42,9461.21,98704602,"$14,548",logan.lewis@gmail.com,ORD-184742,_ga=3251631398.2712389,%B7098865540196414^MILLER/EMMA^2912,7507,824.15,XXXX-XXXX-XXXX-2955,-35.843235,Saturday,"$174,602",SIN,7934.01,2735 shares @ $152.38,224558854,0x9bf32d5f9d1e0ad9708fa316c3bbd8888865e7ba,XXXX-XXXX-XXXX-3994,rw,394,2020-2025,tenant-017,84.3164,Automated processing complete.,Operations,INS-973127,684,4030230,0xa017a1542bd953ea3111d87d63effc9de111f8af,11-4856094,Migraine,601163593,2166,713,14585.95,snapshot,99.7856,942dfa1e-8873-466d-a1c6-8ab083037f4a,Premium,linda.davis@yahoo.com,EUR,BILL-155355,324 days,British Pound,james.martin,%B3389994855716787^BROWN/EMMA^2903,Data Forum 2022,UTF-8,YES,275888079,%B8413310596233601^WRIGHT/HARPER^2903,mason.moore,Competitor Vertex Technologies launched VaultKeeper,2165,%B1395197536693363^MILLER/LIAM^2503,HOLD-2025-191,Acme Corp,5263,%B9624322889050746^LEE/DAVID^2604,1128 shares @ $170.65,30.0,682.83,ADV-IKKBQVTC75,3607 shares @ $409.19,435424,4356 shares @ $132.93,377146,Swiss Franc,"$7,587",Visual,false,UTC,INV-361959,JPY,tenant-033,%B4985280493761033^WRIGHT/LINDA^2908,347217063
Y,Elizabeth Miller,IL1022413,Swiss Franc,6121,6.95,%B5123406096329503^JOHNSON/MARY^2508,Wearable,BILL-632852,INR,82773.2,157,"$995,232",09/28,Shellfish,"[6.02, 91.63]",622,1,50509,7305,639.7871,0x3e69b59404527171892d8f7fc3e76343815d9cb4,BILL-830737,6876.9,7855.24,"$184,682",%B2440863334023172^TAYLOR/SUSAN^2812,1463.38,7664,"$4,587,765",INV-317698,0x2ba7153359bc6070873200a0823b4d83f21c2279,470.55,2023-10-06,"[-0.2181, -0.6471, -0.2751, -0.5149, -0.9915, 0.5007, 0.1351, 0.6177]",601158305,region=acme,1335.55,Swiss Franc,476443947,JYX-4275,Swiss Franc,Hindi,720,%B2478842285643294^LEWIS/MASON^2808,30.6,amount,3974,Marketing,1.14.84,0x53a09a2b3f7fe1cf9246b7a9dc300376d58c6a23,batch-20250615-43,batch-20190102-63,9615,27003.27,16948.01,7822840999,"$38,488",amy.clark@gmail.com,REC-186481,_ga=8192485903.2369284,%B0631321539659365^MARTIN/MICHAEL^2705,9990,7864.14,6011-9391-6094-9296,-111.180663,Wednesday,"$149,609",LAX,5468.76,569 shares @ $121.1,376501158,0x828d624d3150c010a66bab274a1d6741530fd0a2,4509-0599-5092-9173,execute,386,FY 2025,tenant-019,120.1992,Automated processing complete.,Sales,INS-312858,796,7502826,0xb97f03c7cd336c5147768b9f3306f18e754fb1cd,25-6388690,Anxiety,500718,6865,468,"$36,609.05",upsert,95.4409,11a60208-a9b8-47be-87d2-a3968a92ef06,Standard,aiden.young@outlook.com,BRL,BILL-105453,62 days,British Pound,sarah.young,%B7848342142933644^CLARK/EMMA^2502,Global Expo 2022,ISO-8859-1,YES,869828346,%B7990106541758433^YOUNG/SOPHIA^3008,liam.young,Competitor DataCraft Inc launched Widget Pro,8304,%B3419596059753792^KING/LOGAN^2602,HOLD-2022-465,DataCraft Inc,9026,%B7828618874310970^JONES/EMMA^2812,2757 shares @ $220.6,23.7,9157.72,ADV-UX430U4QMB,1779 shares @ $405.95,601113023,1578 shares @ $427.28,601159262,US Dollar,"$46,791",Mobility,true,EST,INV-784515,BRL,tenant-035,%B2872648229227800^MARTIN/MARY^2602,812982804
F,John F. Williams,CO4681783,Japanese Yen,2957,12.57,%B6063512131026232^LEE/SOPHIA^2405,Smart TV,BILL-287993,JPY,32672.7,8453,"$5,170,593",02/27,None,"[20.14, 89.69]",730,1,92911,691,3933.2898,0x6e15268c59d52d6bff98b3e99e9bbb05b6a898e3,BILL-837651,711.4,7004.58,"$113,104",%B1799163807479585^SMITH/OLIVIA^2407,5957.07,6462,"$1,904,413",INV-538573,0xd5a3d06f97e326422da24283e7b958af3a814a5d,3602.47,2024-05-17,"[0.7933, 0.2258, 0.2168, -0.6974, -0.6115, -0.4447, -0.0002, 0.7209]",374265,dt=us-east,9008.37,Japanese Yen,818271046,YOO-5157,Swiss Franc,Japanese,531,%B3277306218805187^ANDERSON/SUSAN^2806,90.8,amount,382,Operations,2.7.18,0xa05e3dda343d73d5f01721ac133b0e861966c5e0,batch-20230614-44,batch-20200830-35,8218,33660.05,6529.09,55300069,"$22,537",james.wright@yahoo.com,7683090,_ga=8114369540.1006430,%B9262331980739452^ANDERSON/PATRICIA^3010,1831,1132.66,6011-5880-9433-8147,66.563505,Tuesday,"$129,420",ORD,5039.69,406 shares @ $450.62,804015139,0x9b3ab56a2760fc67980f5da1822a1ba24c2730b9,6011-9653-6027-0169,rw,624,2020-2025,tenant-046,53.8918,Needs follow-up next quarter.,Finance,INS-849631,544,1957273,0x78e263cda2e6c776b03acbc92516511ce7140427,67-1383092,Arthritis,601180335,1922,336,"$63,537.70",snapshot,96.8675,cd68386d-5839-44b4-886a-a3b7c117f8f8,Premium,emma.johnson@gmail.com,AUD,BILL-655209,36 days,Euro,emily.smith,%B9782086565485885^RODRIGUEZ/SOPHIA^2812,Annual Summit 2022,UTF-16,true,852734871,%B3109237564543881^ROBINSON/ANNA^2611,ethan.rodriguez,Competitor Pacific Research Group launched Widget Pro,0380,%B4548349182290217^JOHNSON/MASON^2708,HOLD-2024-718,Pacific Research Group,1912,%B9415647504536845^CLARK/JOHN^2707,4005 shares @ $401.91,85.5,4654.27,ADV-MYLE67JFD9,2214 shares @ $499.08,51429,1372 shares @ $357.26,504419,US Dollar,"$6,227",Hearing,false,PST,INV-707435,GBP,tenant-040,%B4077589397024590^JONES/ETHAN^2807,277704979
N,Jessica Moore,GA9083540,Swiss Franc,6020,13.88,%B8645981122756322^JONES/ELIZABETH^2401,Tablet,BILL-959209,JPY,86638.1,2458,"$382,872",03/25,Shellfish,"[10.43, 89.41]",0627,1,VR9 3DG,694,5675.5459,0xbc4953a29a20bb0ec43650b03e3a09ea0e00a4a3,BILL-662073,6553.8,4372.18,"$117,028",%B3298494721789817^WHITE/WILLIAM^3005,7470.21,210,"$709,673",INV-910015,0xf9fca69d79fb3715d61422542f127427fd9af2b4,7972.13,2021-12-08,"[-0.1553, -0.5691, -0.1783, -0.5835, 0.4322, -0.6781, -0.7992, 0.0534]",446651,dt=acme,6551.3,Japanese Yen,024209606,KXA-5187,British Pound,Spanish,709,%B7995367627715913^MARTIN/LOGAN^2402,27.8,email,3678,Engineering,1.15.36,0xa67d8d19b1bc0d3a9e3d55196fcdc35c810225cd,batch-20190911-53,batch-20201005-69,8296,74095.04,18176.00,424720429633,"$3,259",sophia.jones@yahoo.com,9890060,_ga=3616014190.5172027,%B5321377384412402^YOUNG/LINDA^2904,4824,3434.78,6011-6741-7381-6525,-29.584638,Wednesday,"$51,149",JFK,9588.3,1948 shares @ $469.98,039572480,0xe5d927d4118fa02b86906a4244ae8d3c1a1fcbf1,5079-0713-2660-5863,r-x,650,Jan-Mar,tenant-039,100.5954,Pending verification.,Legal,INS-964051,308,6500224,0x67276338ead98221532a77334e129f1b2e1829b1,60-6522148,Anxiety,405295,3346,721,"$20,522.79",insert,98.8306,7d61e709-d53d-4ca7-a6d4-c74770540778,Premium,emma.jackson@outlook.com,AUD,BILL-206856,46 days,Swiss Franc,ethan.clark,%B5280823722023712^HARRIS/ANNA^3008,Annual Forum 2022,ASCII,YES,944919995,%B4640273812582740^MOORE/HARPER^2406,amy.rodriguez,Competitor Vertex Technologies launched VaultKeeper,2123,%B1029749933936443^YOUNG/ANNA^2604,HOLD-2023-600,Skyline Partners,1472,%B5576552699580225^DAVIS/LUCAS^2506,1099 shares @ $114.37,81.0,4654.92,ADV-Y2W0X5AQD7,853 shares @ $168.82,428963,1277 shares @ $52.8,505524,British Pound,"$38,479",Visual,false,America/New_York,INV-922935,BRL,tenant-031,%B5205383676653684^GARCIA/OLIVER^2408,917255074
O,Oliver D. Lewis,PA4462455,Japanese Yen,664,0.41,%B3256310750298182^JOHNSON/SOPHIA^2912,IoT,BILL-426595,CNY,46028.7,7434,"$2,946,776",01/25,Shellfish,"[11.6, 77.63]",4484,1,BJ9 3RP,944,-225.1193,0x51884e01e687ce50720dc405e06740c818f22861,BILL-550161,6237.6,4761.91,"$30,299",%B6439761652714988^JONES/LOGAN^2904,8307.87,363,"$7,946,417",INV-282648,0xbb7bfba3a4854649fe3c00173b20803b861e280d,4879.4,2024-01-23,"[-0.3626, 0.1019, -0.4162, -0.1032, 0.006, -0.0632, 0.5244, 0.6304]",59810,dt=us-east,518.14,US Dollar,118788066,DMR-1747,Swiss Franc,Korean,523,%B8303078838045045^GARCIA/AMY^2909,22.4,created_at,6847,Engineering,3.9.19,0x46c578b7281414fa98623dcc57d77bc6cd79117e,batch-20181122-14,batch-20190925-79,7405,"$96,608.55",61657.75,761348648883,"$48,392",sophia.jones@gmail.com,3859449,_ga=3905585183.7948969,%B1849344673932601^THOMPSON/LINDA^3001,8530,1170.3,4610-4062-3673-6596,-37.502605,Saturday,"$164,420",NRT,7176.49,4939 shares @ $196.72,881944344,0xf1cd5d5abf473af5429f652adcd2afea604d252f,5177-2609-4959-2263,write,420,Q1 2024,tenant-010,149.0977,Reviewed and approved.,Legal,INS-214819,310,5866695,0xd15cd0ff387c7223ad456bf7ebc1f6958964dde0,94-9674569,Depression,3719347,7107,754,"$82,649.55",insert,97.6498,104c4912-5199-4352-af32-d275e7f392a9,Basic,anna.martin@yahoo.com,EUR,BILL-317999,355 days,US Dollar,harper.robinson,%B3473487676025299^GARCIA/MASON^2412,Data Forum 2020,Latin-1,true,155412547,%B4970609849328047^GARCIA/ROBERT^2907,sophia.harris,Competitor Meridian Health launched Widget Pro,4807,%B4513573697951546^MILLER/MARY^2603,HOLD-2021-440,Vertex Technologies,8155,%B9666066030000827^JONES/EMMA^3012,1321 shares @ $237.66,41.0,4776.65,ADV-W08L9RAM0C,2056 shares @ $119.9,57128,624 shares @ $250.53,60112430,Euro,"$6,929",Cognitive,false,JST,INV-610357,GBP,tenant-010,%B4890114966014612^TAYLOR/JOHN^2501,110191809
O,Logan Thomas,OH2985547,Euro,476,11.56,%B7476111437746799^TAYLOR/MICHAEL^3005,Smart TV,BILL-257468,JPY,39619.6,424,"$4,738,338",06/30,Shellfish,"[29.51, 61.68]",9096,1,BZ7 5DK,585,3508.8275,0x3bf12a26bd6180cd3075e4ff3998de7843d20a55,BILL-398676,2387.8,3278.4,"$139,248",%B1515419585156585^TAYLOR/LOGAN^2505,8855.55,374,"$6,532,469",INV-612983,0x2c84a0ed4425e411d73924183e5f6b4ce617fd85,4335.97,2021-03-16,"[0.132, -0.7666, 0.1776, -1.3804, 0.4209, 0.1651, 0.5877, -0.1403]",543626,dt=acme,6706.5,US Dollar,277608011,EKF-6901,Swiss Franc,Japanese,748,%B9339424357314326^MOORE/RICHARD^2710,22.2,email,497,Legal,4.19.51,0xb5bc9478f091187691472019d45bb40bb231604a,batch-20210806-65,batch-20180120-37,7749,"$29,426.84",2482.55,83997245,"$4,890",oliver.miller@gmail.com,USR-879182,_ga=1317165680.8298722,%B0903833991579350^WHITE/LINDA^3005,3972,2352.36,XXXX-XXXX-XXXX-3941,111.245683,Wednesday,"$74,063",ORD,6360.05,1447 shares @ $97.08,025761634,0x2276b3c034f0ab5f918719aadae71470cee87599,6011-9151-0658-4048,read,640,FY 2025,tenant-002,80.4945,Automated processing complete.,Engineering,INS-283112,794,9338609,0xaf667d7deefe07ebd26ebdeb1affd181f7f35b78,80-2020233,Arthritis,526412,6029,830,29935.23,upsert,98.7593,b4b28d15-886d-4013-8af9-aff41c050dba,Basic,oliver.harris@gmail.com,AUD,BILL-327976,104 days,Japanese Yen,mary.robinson,%B5001195526094811^DAVIS/HARPER^2607,Global Conference 2021,UTF-16,false,946860627,%B2249111435752077^HARRIS/AIDEN^3004,noah.johnson,Competitor Catalyst Ventures launched FlexPay Platform,7857,%B8817349552994512^WHITE/RICHARD^2405,HOLD-2020-269,Acme Corp,2765,%B3339578195221649^RODRIGUEZ/PATRICIA^2603,2515 shares @ $264.93,38.8,469.97,ADV-WJZ58QFLCJ,4685 shares @ $223.73,553654,4273 shares @ $125.0,3770361,Japanese Yen,"$41,501",None,NO,PST,INV-325664,CNY,tenant-020,%B4695158429800966^CLARK/AIDEN^2711,878211889
J,Amy Martin,GA5511565,Swiss Franc,896,11.41,%B2623074467663128^CLARK/MICHAEL^2810,Desktop,BILL-940139,CAD,96360.9,6655,"$9,695,718",08/28,Peanuts,"[28.75, 81.0]",832,1,45431,3206,232.9737,0x0729faacadce774b03ea425fc68af0bf3f7dfc65,BILL-888749,557.1,8756.48,"$234,701",%B5102581948372663^SMITH/SARAH^2401,5105.79,202,"$3,646,095",INV-934747,0x5f689d1387f665a232171dc3d3ca76668e33db91,209.82,2021-08-01,"[0.5982, 0.3789, -0.8349, 0.5606, -0.8656, -1.1498, -0.1422, -0.7486]",3776831,tenant=acme,8858.35,Swiss Franc,584642153,RHZ-8843,Japanese Yen,English,755,%B5488733896467899^LEE/JESSICA^3002,77.1,type,2936,Operations,3.17.40,0xdf8e4453925463262cf5a7016a3e9da64c2f4848,batch-20240520-42,batch-20211217-24,0867,58291.79,3184.49,67565068,"$39,470",olivia.davis@yahoo.com,5218102,_ga=2828857409.5721286,%B9643859890663296^THOMPSON/JAMES^2706,9029,3654.82,5102-0622-5975-5972,-34.182325,Sunday,"$174,840",JFK,3245.72,1752 shares @ $298.55,428541481,0xfc0bcceaab7cbbcdd2151029c45a6d85a18751cf,XXXX-XXXX-XXXX-4526,rwx,702,2020-2025,tenant-025,82.1683,Updated per client request.,Finance,INS-934169,301,5292767,0xe68a56fcef5ab77b7a22d80111a7c851e1e612d3,16-3583219,Arthritis,57626,3911,596,32151.75,insert,99.9686,69c11608-7a84-4edd-a250-572283cd6c55,Trial,logan.thompson@yahoo.com,INR,BILL-962696,204 days,British Pound,linda.taylor,%B7370443911058815^HARRIS/LINDA^2609,Global Forum 2024,UTF-16,true,934734916,%B2153947596819017^WILLIAMS/MARY^3004,logan.johnson,Competitor Pioneer Software launched SmartHub X1,1320,%B4069067316189278^ANDERSON/SOPHIA^2410,HOLD-2023-352,Skyline Partners,1691,%B3612445898623004^JACKSON/MICHAEL^3002,2574 shares @ $250.35,41.2,5899.62,ADV-24PI8ZNHIG,3830 shares @ $374.53,601119217,3298 shares @ $428.27,41943,US Dollar,"$48,191",Mobility,true,America/New_York,INV-239432,EUR,tenant-027,%B1719931887746822^LEE/MARY^2701,773370277
S,Amy White,CO5617712,US Dollar,6338,7.41,%B6821863701882684^JOHNSON/ETHAN^2510,Wearable,BILL-106183,GBP,70046.1,1012,"$4,611,985",07/28,None,"[11.73, 76.98]",409,0,82867,3075,7640.7375,0xc09cf114cfd65afabae3af18a5864720b87bf64e,BILL-182903,6859.9,9765.36,"$169,896",%B9448569647421094^MILLER/AMY^2808,172.76,1509,"$6,925,939",INV-169424,0xa1259af51fcfd4e753042bc838983f600f69abaf,4277.76,2026-11-21,"[-0.279, -0.5636, -0.1668, -0.5101, -0.3063, 0.0365, 0.0718, 0.0166]",51508,region=2024-01,3116.16,British Pound,548100291,OGD-9201,Japanese Yen,Portuguese,409,%B2579528720181140^BROWN/AIDEN^2512,23.5,status,622,Finance,4.16.52,0xce67e33127809f54b3f5ddb7bf318c9f0de1bb12,batch-20221211-41,batch-20191016-23,8320,"$17,533.31",3132.68,92776100,"$39,274",james.moore@gmail.com,1069850,_ga=4017090133.9085621,%B7342532339541139^GARCIA/ANNA^2805,6307,5335.41,4364-3212-0971-9347,-104.470264,Wednesday,"$248,291",CDG,83.18,411 shares @ $213.75,192196580,0x744df39f33719172662d7765cef082c3e2c6c0f0,XXXX-XXXX-XXXX-8888,admin,648,FY 2025,tenant-037,136.2313,Needs follow-up next quarter.,Legal,INS-465370,790,5719734,0xdb5c073b3247f26aa9be27d66c4466f4373957a8,88-5913601,Anxiety,379248,4995,636,"$35,395.00",delete,98.5661,043ab206-59d5-49ba-bc28-d4efe1553509,Premium,sophia.anderson@outlook.com,USD,BILL-339036,175 days,Euro,anna.lewis,%B2752753298091084^WALKER/MASON^2810,Annual Forum 2024,ISO-8859-1,YES,808794175,%B0260977650108462^ANDERSON/LOGAN^2505,sarah.thompson,Competitor DataCraft Inc launched CloudGuard,9660,%B8835708968845391^WILLIAMS/JESSICA^2508,HOLD-2023-600,Skyline Partners,6528,%B7722130233554395^SMITH/JENNIFER^2710,3872 shares @ $190.52,68.0,2257.42,ADV-0UQM24A84P,4798 shares @ $52.3,601120028,4852 shares @ $379.03,374182,Japanese Yen,"$5,509",Hearing,NO,EST,INV-160626,INR,tenant-014,%B0707851969203149^CLARK/JENNIFER^2407,394278738
I,Anna Jackson,FL9945670,Euro,262,0.96,%B9953959606796273^LEE/LIAM^2901,Tablet,BILL-835915,BRL,49346.8,6297,"$9,337,145",08/28,None,"[3.75, 70.46]",829,1,VJ4 8VT,5057,372.3797,0x457ee129d1c649b9a2f6b1aa490e35da6eb831d8,BILL-586694,599.8,5792.98,"$134,972",%B9436674999161988^HARRIS/NOAH^2703,3096.54,811,"$4,092,078",INV-117722,0x21cbadb27623cbe23c178aa0ff7274a25056bbea,7481.17,2026-08-12,"[-0.1302, -0.4102, 0.8823, 0.2663, -0.4545, -0.7641, 0.5743, -0.141]",48146,tenant=us-east,3569.98,Japanese Yen,818280027,VFL-5345,British Pound,Portuguese,413,%B7902430919906443^WRIGHT/MARY^2403,55.6,status,7766,Marketing,0.4.8,0xbe45d6baf50cd7f5ae539ae4e9e6195d1dce9910,batch-20191004-95,batch-20241223-96,8342,"$11,816.22",15515.16,19281185,"$13,420",mary.martinez@gmail.com,6619880,_ga=2848889561.9910157,%B5057002732708055^JONES/SOPHIA^2902,2430,4943.61,3785-1269-5592-1690,-45.599904,Monday,"$38,525",SIN,6062.73,133 shares @ $455.69,812743832,0xf9683b49797d436beecc27e2eef61174079eb53a,6011-8711-6162-5725,admin,522,2020-2025,tenant-022,5.6807,Needs follow-up next quarter.,Sales,INS-450461,686,6970993,0x328ad3e3257a64344c4ba933b75a7e5ecbf7617d,28-5912136,Anxiety,55303,3373,573,7875.51,delete,97.7852,b0ab177c-d11f-4c7c-b088-5effa0375a12,Standard,robert.williams@yahoo.com,USD,BILL-679991,254 days,Swiss Franc,liam.moore,%B8001585551493372^DAVIS/LINDA^2403,Tech Summit 2020,Latin-1,true,575643398,%B2890761946811802^JOHNSON/MARY^3001,olivia.johnson,Competitor Pioneer Software launched AuditTrail Plus,9983,%B7604033496806300^JOHNSON/MARY^3012,HOLD-2025-854,Alpine Systems,5632,%B1369999898477383^SMITH/JENNIFER^2505,1888 shares @ $271.77,9.5,173.11,ADV-KDQ2VQYH5A,4332 shares @ $148.92,3733499,1847 shares @ $187.33,3774084,Euro,"$30,105",Cognitive,YES,UTC,INV-246586,CNY,tenant-001,%B5209771358425968^HARRIS/JOHN^2510,596911714
M,Sophia Walker,PA5258731,British Pound,200,4.1,%B3966106467774823^MOORE/LUCAS^2605,Wearable,BILL-748514,GBP,91238.2,8153,"$736,333",03/24,Peanuts,"[11.02, 67.58]",681,1,29035,507,2028.8469,0x696d9a9fae6b677417f047cc50b6bd3901829ba5,BILL-535625,2034.7,8117.67,"$38,789",%B6991004125990851^MOORE/JOHN^2507,2122.64,785,"$8,958,773",INV-802507,0xd7d30f866c7075d3236d9109857360f0ecadfe4c,8648.94,2018-10-01,"[0.899, -0.5757, -0.5936, -0.1272, -0.0823, 0.5546, -0.2279, -0.1052]",472831,dt=acme,3150.17,Euro,910237802,DUB-1289,Euro,French,519,%B9138810070357131^WALKER/NOAH^2902,9.5,id,3466,Operations,3.19.62,0x5b16236611d2fd85ce9018b34404aea84aeb3f50,batch-20250815-78,batch-20250212-98,2396,64541.07,"$60,463.01",1996951643,"$37,221",mary.johnson@outlook.com,ORD-444820,_ga=4535191931.1923384,%B4725808439562239^THOMPSON/HARPER^2409,6421,7825.11,4416-9299-2121-9559,-88.194944,Friday,"$244,953",LAX,6127.9,3187 shares @ $259.17,136271210,0x18b94b2cf0eacc6685b76418b28190fbaa30697f,XXXX-XXXX-XXXX-4043,read,666,H2 2023,tenant-024,72.5794,Updated per client request.,Engineering,INS-941739,752,9562407,0x9dcb44f2be5d88644517bdaa3e2ad1e852ae4da3,60-2746914,Type 2 Diabetes,378127,3710,314,"$58,752.01",upsert,99.2218,1d3391d5-4d48-4ccf-8376-69fe5c532167,Standard,olivia.rodriguez@gmail.com,CNY,BILL-697974,186 days,Japanese Yen,david.rodriguez,%B3428401871568999^KING/MICHAEL^2404,Tech Forum 2022,UTF-8,true,318504084,%B7820566420568477^CLARK/MASON^2612,robert.martin,Competitor Alpine Systems launched Sentinel Monitor,3934,%B6895637685951612^THOMPSON/SARAH^2909,HOLD-2022-447,Pacific Research Group,8567,%B1904707129067422^TAYLOR/OLIVER^3006,3762 shares @ $476.8,13.1,618.75,ADV-GCBS6B40BO,4814 shares @ $438.43,601103551,4604 shares @ $357.24,601151180,Swiss Franc,"$44,008",Cognitive,false,CET,INV-874032,AUD,tenant-026,%B8115374319851763^JACKSON/NOAH^3001,453593793
H,Jessica White,CA6537032,British Pound,5090,4.48,%B2953896855914211^WILLIAMS/OLIVIA^2707,Tablet,BILL-738901,USD,89641.0,3784,"$4,715,189",02/24,Shellfish,"[19.12, 63.38]",6491,1,47213,120,6485.0831,0x43df3455f5061e4ce9826d4947e36fa7f9d6633b,BILL-678203,2064.1,999.31,"$41,015",%B3551843952369799^CLARK/AMY^2405,5992.65,0887,"$2,847,763",INV-346391,0x5c6db9933fc21fc87f9e7ed8e5d98564078b8f7a,487.82,2018-04-19,"[-0.1433, -0.4971, 0.067, 0.2059, -0.2812, 0.3831, -0.1089, 0.121]",47639,region=us-east,2453.36,Euro,300264872,SSY-4232,British Pound,Chinese,502,%B0237184569156805^MOORE/ANNA^2701,3.4,email,5304,Finance,3.6.93,0xbbc0eac02316fcaf05deb24bb82775ed54f5ebe5,batch-20210824-94,batch-20201015-46,3050,32667.74,75658.82,1741013106,"$46,005",jessica.robinson@outlook.com,2459199,_ga=4062826911.4859942,%B1341484338106460^YOUNG/HARPER^2908,0305,925.65,6011-7648-4153-9657,-121.366429,Sunday,"$191,669",SIN,144.96,4060 shares @ $29.31,357342477,0xa056f829fa9b94c4fa6236f7c2c49dac448b5018,4177-8134-3942-5627,read,566,Q1 2024,tenant-045,29.1515,Automated processing complete.,Marketing,INS-740645,413,8011651,0x8213e16a845479464bcd7b6f658317eff09f4645,22-4137335,Depression,3739396,4549,781,"$50,774.82",insert,99.2625,cdde6a26-eecf-44d6-b6ea-f091ef8a7016,Enterprise,linda.moore@gmail.com,AUD,BILL-757394,139 days,Euro,olivia.garcia,%B6700281507160198^YOUNG/ELIZABETH^3006,Data Summit 2023,UTF-8,YES,313824065,%B4553555515485661^TAYLOR/HARPER^2807,oliver.moore,Competitor Vertex Technologies launched NanoCore SDK,9235,%B3478355524689392^CLARK/ETHAN^2706,HOLD-2025-693,TechCo Industries,3526,%B3077895927091295^HARRIS/AIDEN^2701,3383 shares @ $182.0,46.9,4270.31,ADV-VSBF702454,2697 shares @ $478.6,56746,3688 shares @ $344.76,427412,British Pound,"$3,299",Hearing,true,EST,INV-443639,CNY,tenant-008,%B2189952478558220^SMITH/MASON^2903,820309355
B,William Brown,NC1005422,Euro,6201,8.35,%B8164681538966777^ANDERSON/SARAH^3011,Desktop,BILL-199915,AUD,4906.7,2543,"$9,003,027",09/30,Latex,"[36.2, 84.63]",6907,0,DV5 4LN,1794,9735.3127,0x631cd462987e3cc5903ed45f8442361e2453f602,BILL-360175,2523.4,7097.73,"$121,158",%B4142107794152327^THOMAS/MICHAEL^2611,8051.36,084,"$1,207,844",INV-773998,0x129709b683be869347b36ceb6dc012c9fc6a56d8,2903.93,2020-07-25,"[-0.2725, -0.3019, -0.6276, -0.2352, -0.298, 0.5678, 0.0549, -0.5192]",53721,dt=2024-01,3867.16,Japanese Yen,753030294,PAG-5905,US Dollar,Spanish,613,%B5203834833865447^KING/LOGAN^2412,95.7,created_at,875,Sales,5.5.54,0xdeef88a4c7e78157c81a722aad067f8e3a725a4d,batch-20261019-50,batch-20200720-78,2983,86218.98,"$48,227.72",8705436890,"$31,006",james.clark@gmail.com,4373058,_ga=9131138004.7212285,%B3710181160993247^MARTINEZ/MICHAEL^2512,5887,7921.51,6011-7768-0447-6935,125.116695,Tuesday,"$221,837",SIN,5997.8,3630 shares @ $276.1,003943381,0x36eeeee0a12777c01b450b5fb3d96bbee18873e4,3734-1469-9409-5672,read,492,H2 2023,tenant-020,136.5147,Automated processing complete.,Finance,INS-905120,783,1048910,0x15714250db115f3fd600f9c47a95a08d660c651b,78-4922508,Anxiety,42863,9516,527,"$45,953.71",insert,98.234,b60378a1-a0bc-43f9-8464-8f806f85978c,Free,noah.harris@gmail.com,GBP,BILL-295156,344 days,Euro,emily.brown,%B7629675096671192^JONES/SUSAN^2908,Annual Conference 2026,UTF-8,true,310282236,%B3004884885346935^LEE/EMILY^2904,elizabeth.king,Competitor Pioneer Software launched VaultKeeper,2916,%B0848302134968094^WRIGHT/HARPER^3006,HOLD-2024-971,DataCraft Inc,8015,%B7931477050832420^BROWN/LIAM^2405,614 shares @ $478.29,57.6,5775.81,ADV-20QKEALWD3,2676 shares @ $251.89,527522,3257 shares @ $106.82,44427,Japanese Yen,"$27,428",Hearing,NO,CET,INV-867606,CAD,tenant-009,%B0809264360273867^MARTINEZ/JOHN^2611,377807697
N,Sophia Z. Young,NY2891392,US Dollar,588,10.75,%B2548567061502956^THOMPSON/JESSICA^2911,IoT,BILL-139188,CAD,67342.2,1082,"$1,320,315",09/27,Penicillin,"[39.19, 71.93]",8519,1,66424,9827,1042.8378,0xdc9b351c56a848265472afaf3138a1fbcf5227a5,BILL-162898,2936.7,2397.81,"$148,130",%B1745545422943971^JACKSON/ANNA^2504,5142.99,364,"$4,671,419",INV-844371,0x9eb691c236c58736bd7ebe300f6923d9c3c0f081,7235.79,2024-02-16,"[0.2073, 0.5143, -0.2871, 0.4932, 0.2099, -0.0942, -0.2991, 0.403]",43369,region=acme,4470.31,Euro,930133132,YRH-1516,Euro,German,463,%B1341751712089298^BROWN/NOAH^2402,30.2,amount,0157,Finance,2.17.68,0x19fa1b85eba5e5ff9548dc30e40b1fe42b03f8f5,batch-20181004-98,batch-20240530-31,8217,83914.42,38355.72,317809848409,"$29,861",william.johnson@outlook.com,ORD-311160,_ga=9164354248.5766133,%B1638437819443697^ROBINSON/EMMA^2508,3705,621.09,XXXX-XXXX-XXXX-8103,172.70349,Tuesday,"$181,507",LHR,6501.88,4039 shares @ $433.53,722851212,0x839aa995ed03603693be2a94111d29a5b62960e8,XXXX-XXXX-XXXX-5349,read,594,2020-2025,tenant-015,118.2835,Resolved — no further action.,Operations,INS-850493,341,8424559,0xec075f472222e899bcbfc4155732c21dfa0bc3e0,30-4466558,Hypertension,601160108,4343,325,47337.63,upsert,99.0529,05dd585a-fd5b-44ca-8cb8-e2f7090de747,Basic,william.lewis@yahoo.com,USD,BILL-134331,125 days,Japanese Yen,linda.harris,%B3625361166029465^JOHNSON/RICHARD^2912,Tech Expo 2024,ISO-8859-1,true,207027571,%B7244434467474165^YOUNG/AIDEN^3004,patricia.jackson,Competitor Pacific Research Group launched AuditTrail Plus,1858,%B1371665312150327^YOUNG/MICHAEL^2502,HOLD-2020-689,Global Solutions,3522,%B5879899554643080^MARTINEZ/LIAM^2407,230 shares @ $180.2,63.9,8832.99,ADV-PZT1J6ZYOX,919 shares @ $405.59,55448,58 shares @ $231.38,49227,Swiss Franc,"$12,065",None,true,UTC,INV-594001,CNY,tenant-039,%B5539632109150627^BROWN/HARPER^2711,138799508
F,Sarah Thomas,MA8888098,Japanese Yen,150,5.71,%B1633846684657068^WRIGHT/LOGAN^2408,IoT,BILL-853835,AUD,78568.9,1791,"$7,565,687",12/30,Penicillin,"[4.82, 65.07]",2868,0,OM1 5MV,0512,-894.7759,0xb89ce0634479c5aaeacbfa94e2f2a504ef2dee1b,BILL-837434,2882.3,6871.89,"$55,973",%B0488825994693245^DAVIS/ETHAN^3004,4166.96,345,"$7,762,459",INV-810538,0x482e0b4aae568c356e77445d622ad6bbaa15d8ab,9909.63,2022-11-01,"[-0.2546, 0.3115, -0.4666, 0.4849, 0.0305, 0.2997, -0.5278, 1.1546]",56967,dt=2024-01,4877.71,Swiss Franc,199279358,YDX-3677,Swiss Franc,Portuguese,634,%B3016648603319102^HARRIS/JESSICA^2705,75.6,amount,8112,Sales,3.2.41,0x39013719f5ef4741570d7c584e5f01751f01c3e9,batch-20250330-14,batch-20240531-28,1877,"$94,834.61",37952.89,044848874740,"$43,423",william.taylor@outlook.com,3349552,_ga=3171247447.8160298,%B0369504636550942^LEWIS/OLIVIA^2810,2772,1485.27,5696-6624-0351-9091,-175.955229,Saturday,"$180,574",CDG,1223.62,4233 shares @ $405.61,204216517,0x1c16ce0b61b60cecf4d7bd7edd3d9df13a6b33f3,XXXX-XXXX-XXXX-2909,read,660,2020-2025,tenant-003,101.2688,Flagged for review.,Sales,INS-401808,611,6840008,0xf6f14bae8ab067f6210d68d44ca02b6698468868,12-4434144,Hypertension,373935,9713,771,23940.01,update,97.9177,81ba55c8-60d0-4177-8cef-58c958884855,Enterprise,james.robinson@yahoo.com,CHF,BILL-940578,336 days,Euro,susan.anderson,%B0471615650578801^JOHNSON/JENNIFER^2705,Annual Expo 2025,Latin-1,YES,581155232,%B6748747967316017^MILLER/HARPER^2906,harper.anderson,Competitor Beacon Analytics launched CloudGuard,9075,%B2146767351458423^KING/OLIVER^2509,HOLD-2021-733,Pioneer Software,6993,%B0804049009517416^MILLER/ETHAN^2401,2553 shares @ $282.38,93.2,7097.78,ADV-SKXMP4IU44,4788 shares @ $102.25,3765429,4133 shares @ $380.73,60118735,British Pound,"$49,807",Hearing,true,PST,INV-334554,EUR,tenant-010,%B2125061160151452^LEWIS/NOAH^2502,028597837
Q,David O. Garcia,FL4360287,British Pound,0151,4.63,%B3540763218733268^CLARK/DAVID^2702,Desktop,BILL-600053,EUR,59494.9,6150,"$7,641,024",06/26,Shellfish,"[37.98, 87.96]",1205,1,NZ7 9SA,0763,7853.449,0x1aab1c7887a5d66689176041ca82d9b700c877d8,BILL-407014,1106.4,1785.73,"$229,731",%B6199565892898837^JONES/OLIVER^3005,8844.5,037,"$2,177,520",INV-226218,0xfbbe8ded89667d877fcc05268e80b83e4daafb38,1418.51,2019-02-10,"[0.1977, -0.99, 0.3543, -0.5341, 0.0373, 0.5928, -1.3532, -0.233]",601177859,tenant=us-east,5283.05,British Pound,680006127,CUX-5558,Euro,Japanese,628,%B7422857832242134^KING/AIDEN^2810,34.5,amount,5918,Marketing,2.7.67,0xf0ad08bb1772135106adb82602cad650a1bc38be,batch-20230618-03,batch-20200914-42,3764,"$61,043.78","$74,881.97",94108884,"$47,348",patricia.brown@yahoo.com,ID-374152,_ga=1667375169.9824850,%B6263038723716094^SMITH/PATRICIA^2710,0681,3496.91,3793-1081-2914-4874,111.455158,Saturday,"$181,634",ORD,5509.66,358 shares @ $357.22,155048165,0x57e03178fc61beeb94f336047c0e377c2bb7ac3d,4115-3390-6175-9727,rw,403,H2 2023,tenant-016,58.72,Needs follow-up next quarter.,Operations,INS-681983,375,9947875,0x608742a34c8f488ab172e979c22e3f24dd43d338,29-6245423,Migraine,503685,6949,690,4944.83,update,96.8143,4459d29f-5846-431a-a45c-0f7d5e59e38f,Trial,ethan.walker@outlook.com,INR,BILL-376735,93 days,Swiss Franc,jessica.martin,%B2077753753037198^ANDERSON/JOHN^2405,Data Expo 2022,UTF-8,true,413821096,%B9315358794070295^DAVIS/EMMA^2701,anna.miller,Competitor Vertex Technologies launched FlexPay Platform,4756,%B8871745743652218^ANDERSON/SUSAN^2411,HOLD-2025-103,TechCo Industries,4953,%B0613325122010319^WHITE/MASON^2611,4931 shares @ $290.47,18.4,3044.67,ADV-XFF8B6ANNX,1504 shares @ $87.18,450431,4723 shares @ $41.76,60113044,Euro,"$7,516",None,false,EST,INV-339201,INR,tenant-009,%B1578177792410921^MILLER/LUCAS^2902,911527583
A,John Walker,NC8387235,Swiss Franc,6822,10.87,%B2397092984769448^JOHNSON/LOGAN^2910,Wearable,BILL-922112,CHF,26773.1,6409,"$9,645,119",01/24,Penicillin,"[14.53, 92.65]",795,1,87085,427,3833.4195,0x1ff1a9290ff5b00c0a2e9587f45275f7b4e77f2c,BILL-470961,7248.5,2804.57,"$150,198",%B6955918840352488^WHITE/OLIVER^2601,3067.72,7651,"$5,443,336",INV-786973,0xcc2b2d8a88e2e254505175fa785e311f8a68c634,3201.54,2020-11-13,"[0.3759, 0.3741, -0.2079, 0.108, -0.2281, -0.4249, -0.0506, -0.0286]",51465,dt=acme,5940.28,US Dollar,035630638,QNJ-3069,US Dollar,Korean,455,%B0405237161030944^DAVIS/JESSICA^2709,83.9,status,0895,Sales,4.0.75,0xf27ccfc604ca48880e99d1183c275d46d6f83da7,batch-20190924-51,batch-20250507-65,6468,17643.27,41762.80,8710858273,"$39,716",sophia.taylor@outlook.com,5054839,_ga=6586896660.6112099,%B2579241461385051^WALKER/JESSICA^2707,6019,6930.04,XXXX-XXXX-XXXX-6376,-29.320987,Monday,"$152,779",JFK,7038.13,3679 shares @ $333.87,971538644,0x3c4360e2823a7c4a750b2cab43e76b05b31acf5b,XXXX-XXXX-XXXX-8356,execute,509,2020-2025,tenant-030,149.6087,Escalated to management.,Finance,INS-928533,779,7660467,0x57a006922041238d2a185f3eb49214618582d39a,13-5205560,Arthritis,40047,5981,452,76035.61,insert,97.693,5f676f52-d65a-4bc7-bb85-3ab9facf970a,Standard,ethan.robinson@yahoo.com,CNY,BILL-368950,57 days,Japanese Yen,noah.martin,%B8014297936991219^GARCIA/PATRICIA^2607,Tech Summit 2025,ISO-8859-1,true,210960402,%B4214061714119362^BROWN/ANNA^2909,lucas.walker,Competitor Vertex Technologies launched StreamLine ERP,0726,%B9247193918029167^WRIGHT/SUSAN^2911,HOLD-2023-994,Catalyst Ventures,2029,%B0896904128080788^GARCIA/LIAM^2803,3180 shares @ $418.28,39.4,5350.63,ADV-NEP302X3V4,1068 shares @ $368.78,374673,1665 shares @ $101.82,60113828,US Dollar,"$14,602",Mobility,false,America/New_York,INV-613575,USD,tenant-021,%B4120601615596089^WALKER/LIAM^2906,591875592
N,David Smith,OH9890102,Japanese Yen,001,5.31,%B2919163513037865^THOMPSON/JAMES^3001,IoT,BILL-756914,CHF,94956.5,7159,"$1,753,524",02/29,Shellfish,"[35.93, 80.49]",737,0,80380,7442,2606.1866,0xd645bcaeb47c944ce3511a9c93950f6422d494f2,BILL-934621,9883.7,9251.1,"$84,880",%B0719891894733649^SMITH/JOHN^2708,455.91,009,"$659,739",INV-163473,0xccbb4499fc4d08fcc7b5105e5ae29361df639a41,8892.6,2019-06-16,"[-0.0723, 0.1366, -0.8241, -0.5577, 0.0191, 0.4079, 0.917, 0.1368]",57486,region=2024-01,7028.12,Japanese Yen,268308615,QEF-2601,Euro,Japanese,771,%B2247074363773847^JONES/ANNA^2905,10.5,created_at,4859,Support,0.15.40,0x345b8d3a54abc26b139abbb54f4e39971bf33c11,batch-20190617-95,batch-20221210-79,1197,"$97,674.66","$9,283.17",65275715,"$8,728",jennifer.clark@outlook.com,7646446,_ga=0296901546.7314539,%B9647528117417508^DAVIS/HARPER^2907,9754,3581.62,XXXX-XXXX-XXXX-0203,-161.593202,Tuesday,"$83,248",LHR,1433.61,3070 shares @ $122.26,324773245,0xb7a93c5a5c9cab4ad1059174c4cbde2626caf4d0,6011-8645-0422-6174,rw,562,2020-2025,tenant-027,123.8973,Needs follow-up next quarter.,Operations,INS-958857,635,1891216,0xe654133dacfb41e1becaa8b75981ab735ce6f929,27-5080206,Depression,375853,1290,644,53078.23,update,96.5224,89271e7b-e4a9-4c67-9ba0-daac6f17a97a,Enterprise,harper.lee@gmail.com,JPY,BILL-114263,242 days,British Pound,linda.thompson,%B0208283706175958^WILLIAMS/JOHN^2512,Global Forum 2026,Latin-1,NO,648498843,%B8358772331205936^MARTIN/SOPHIA^2707,sarah.clark,Competitor Beacon Analytics launched FlexPay Platform,1191,%B4261182490280228^SMITH/HARPER^2712,HOLD-2023-813,DataCraft Inc,8301,%B3928843106377388^ANDERSON/HARPER^3001,2361 shares @ $40.86,7.3,6361.92,ADV-P2UAEOHDFY,854 shares @ $211.33,52393,3111 shares @ $452.58,529354,Euro,"$42,327",Visual,false,PST,INV-367584,GBP,tenant-035,%B4876797263016171^SMITH/JAMES^2412,591924650
J,Aiden Clark,FL4999780,Japanese Yen,468,7.32,%B7853143801627106^WALKER/MARY^2904,Wearable,BILL-209226,CHF,12062.3,4650,"$6,205,216",10/24,Pollen,"[30.45, 79.31]",085,1,54936,188,3637.1758,0xa4bbcf1dd2d62284b16335055b18babc3559188c,BILL-142619,5711.1,6351.94,"$128,707",%B6053461300771065^MILLER/LOGAN^2503,4190.98,573,"$538,837",INV-708926,0x86187994c8d0f5d9702759853efa88dfd46cf00b,998.42,2020-08-11,"[-0.4549, -1.0773, -0.8349, 0.6176, 0.2518, 0.1172, 0.2611, -0.0519]",598820,region=us-east,2919.94,Euro,750575279,STH-9642,US Dollar,French,596,%B4700795326256977^TAYLOR/EMILY^2401,59.7,email,907,HR,3.7.84,0xddc3bc15a57a36bad61b25194e371d5e1670cff9,batch-20230524-26,batch-20200304-92,0122,18411.96,"$59,439.02",739217666075,"$49,556",jennifer.wright@gmail.com,9282312,_ga=2405124972.5845621,%B0637219454506768^THOMPSON/MICHAEL^2809,3850,9101.13,4206-7991-2955-0051,-2.620778,Tuesday,"$173,218",SFO,6125.36,1794 shares @ $410.08,122570876,0xbef04290e5543bdaeba32b4d2c4e4fbfbc0c2320,6011-4394-9712-1721,rw,308,Q1 2024,tenant-023,137.7128,Reviewed and approved.,Legal,INS-316222,844,6348970,0xdd5653d115fade299cbccfcaa433681199d139d1,41-4164233,Anxiety,377403,6536,703,"$52,203.09",snapshot,99.0603,d0721b4a-c74a-46c9-b4f4-e6b8ff2a650a,Standard,david.jones@outlook.com,BRL,BILL-846176,324 days,Euro,michael.davis,%B3208023484327532^THOMPSON/SUSAN^3005,Annual Conference 2024,Latin-1,false,532596694,%B5532968049449408^THOMPSON/JENNIFER^2810,susan.jones,Competitor Vertex Technologies launched StreamLine ERP,6155,%B0573817437706777^WILLIAMS/MICHAEL^2701,HOLD-2022-725,Beacon Analytics,0960,%B0598719469896328^YOUNG/SOPHIA^2405,399 shares @ $83.31,58.3,2249.95,ADV-1M3K58DYV3,4001 shares @ $353.86,376123,4945 shares @ $469.69,414543,US Dollar,"$7,697",Mobility,NO,CET,INV-824906,JPY,tenant-015,%B0074989118987890^THOMAS/JENNIFER^2702,112450526
F,Amy Young,FL2227572,US Dollar,260,7.82,%B0813611224115679^MARTIN/JOHN^2708,Tablet,BILL-723489,BRL,4555.2,2703,"$2,782,267",11/26,Latex,"[25.08, 65.41]",063,0,QZ7 8PE,526,1568.9975,0xe6a92dc6795bdac0ab89aac48b636769500e1e9a,BILL-683625,2755.5,4096.08,"$135,650",%B9483854357973684^ROBINSON/SARAH^2510,5259.74,9318,"$9,654,234",INV-541388,0xd819fb9e39dffd67ddb3a1626b8ef40ed62dcbd0,3143.14,2023-10-29,"[-0.9344, 0.7953, 0.7131, 1.2012, -0.3252, -0.4882, -0.0235, -0.3444]",3793537,region=acme,8237.85,Japanese Yen,552243198,NKE-3355,US Dollar,German,590,%B4599870527524928^THOMAS/JENNIFER^2406,72.0,status,1450,Marketing,1.9.66,0x729457d12b3b09d367bc79002163459aa87e9fa1,batch-20240706-19,batch-20210222-35,6211,36698.95,32658.84,6636635420,"$47,289",sophia.garcia@gmail.com,5583756,_ga=0190748962.6248499,%B2413009238598940^WHITE/AMY^2802,0271,2062.33,3739-4819-6477-8773,-48.453099,Wednesday,"$81,411",SFO,3712.83,1804 shares @ $239.69,246495041,0xcb43ce6a048d7efae8128c31b75f975e43be7a58,4833-8886-6167-0062,read,403,2020-2025,tenant-001,89.8959,Pending verification.,Finance,INS-214528,407,8897368,0x4bc8a67c8931312749da7ce0876dd05281526f01,88-9067590,Migraine,55868,9790,602,"$36,053.36",upsert,98.1824,1069ef99-3429-45e1-b821-4f40c52fff8d,Premium,ethan.miller@gmail.com,AUD,BILL-151310,323 days,British Pound,susan.thompson,%B2162256929168791^MOORE/JESSICA^3008,Global Conference 2023,ASCII,NO,180857106,%B3486543030695704^YOUNG/DAVID^2712,robert.davis,Competitor Pioneer Software launched StreamLine ERP,2949,%B1173400771874665^MOORE/ELIZABETH^2610,HOLD-2026-540,Vertex Technologies,3976,%B8673920302503087^WRIGHT/WILLIAM^2412,262 shares @ $212.49,73.5,7191.82,ADV-FBANZHXJSE,2509 shares @ $141.32,58116,3407 shares @ $134.08,46147,British Pound,"$44,485",Visual,NO,CET,INV-279760,USD,tenant-024,%B0756739812539614^BROWN/OLIVIA^2809,551312437
Z,Olivia Thompson,CO5047194,US Dollar,8556,10.2,%B4381754028110493^CLARK/NOAH^2502,IoT,BILL-457131,EUR,37593.0,8834,"$220,333",02/27,Peanuts,"[36.87, 80.76]",2511,0,JK8 3UP,124,6721.4027,0x510ae02e21a7b6c20acb884412162ea22a93f264,BILL-291086,540.1,2056.48,"$35,657",%B3174453187143548^YOUNG/LIAM^2702,7136.72,505,"$5,127,681",INV-383186,0xe807965c57a6f7c797ebc36a2827103ab5eb5536,662.13,2025-01-25,"[-0.4467, 0.2314, 0.6467, 0.2075, -0.062, -0.2771, 0.2774, 0.915]",601178369,tenant=us-east,7721.39,Euro,356906622,CCW-2613,US Dollar,French,743,%B2145032087067409^MOORE/ELIZABETH^2805,48.6,type,1043,Support,0.12.10,0xe353461a74c205e52819f2ad25fb55373b4b6990,batch-20221005-83,batch-20191103-42,4345,"$76,226.26","$65,185.52",6761919106,"$7,547",william.clark@yahoo.com,REC-529239,_ga=9959200845.1389407,%B4101267469687830^SMITH/MASON^2807,7723,3909.68,5233-4039-8966-1661,-165.017723,Wednesday,"$114,339",LAX,3119.73,258 shares @ $253.64,390040658,0xcd714e24c182d52927861829d03a9b6e96db1d88,4244-6984-9523-9522,execute,395,FY 2025,tenant-025,109.3488,Resolved — no further action.,Support,INS-847828,358,4991992,0x001421b993ee20be6b88b98f1cfb1482edc5ab32,80-7449118,Migraine,376557,8554,362,"$78,116.36",delete,98.6782,9938355d-8fd2-4b9d-a10e-2df44d78b69f,Trial,robert.wright@outlook.com,AUD,BILL-225435,350 days,British Pound,ethan.davis,%B8791609668999000^JACKSON/EMILY^2710,Global Expo 2022,ASCII,NO,743581221,%B4221859532340354^WALKER/HARPER^3012,emily.walker,Competitor DataCraft Inc launched NanoCore SDK,8522,%B8701409025241698^LEE/SOPHIA^2607,HOLD-2023-229,Catalyst Ventures,8597,%B0791008794561599^ROBINSON/AIDEN^2711,2418 shares @ $100.2,9.5,8239.83,ADV-TOQUPUF1WU,3341 shares @ $17.2,598124,1209 shares @ $127.93,55790,British Pound,"$38,495",None,YES,America/New_York,INV-903889,CAD,tenant-045,%B7584325984679877^HARRIS/PATRICIA^2404,184245356
F,Jennifer D. Garcia,MA4888797,Japanese Yen,725,13.46,%B4730844895430585^JACKSON/SOPHIA^2604,Smart TV,BILL-808689,JPY,79515.5,7337,"$69,434",05/24,Penicillin,"[11.62, 86.33]",0286,1,PW4 5WA,318,5623.6859,0xf205c64b72ac4af4a1b0b662a03b99d0854c2d00,BILL-805125,9237.9,4437.41,"$90,179",%B1245169544151827^WHITE/JENNIFER^2503,9437.44,805,"$1,598,318",INV-479236,0x177bd124883d9f69d9cc76272a8daef07c5fd64e,2070.06,2019-07-28,"[0.1339, 0.5523, 0.9202, 0.2473, 0.1059, -0.5583, -0.0623, -0.1863]",60111964,dt=acme,9391.84,US Dollar,092076582,UQI-9655,Swiss Franc,Korean,532,%B4546111567570084^WRIGHT/ETHAN^2701,38.8,type,3375,Legal,0.16.93,0x181da9bec968f0d12555a77a24ff159987e7d54f,batch-20200602-71,batch-20211221-56,6174,"$20,939.38",11040.88,9819594561,"$18,574",elizabeth.garcia@outlook.com,3333680,_ga=0408057316.2277022,%B8474029769708308^WALKER/WILLIAM^2804,8610,4210.94,4536-2646-5155-6854,147.923769,Sunday,"$249,979",LAX,6137.73,2117 shares @ $303.58,925894671,0x8de2612fd45d2700ae7082a7e0b635f01381f732,5510-8030-8189-5685,admin,439,2020-2025,tenant-027,54.2406,Automated processing complete.,Finance,INS-919511,769,575523,0xd8924c1fbe2ccd5ff1fa3fe981d44536e979e48c,42-9616465,Hypertension,60115574,0378,492,"$5,289.47",snapshot,96.6512,9b91ac4e-0956-4643-88f4-1952e86f4676,Free,michael.robinson@gmail.com,GBP,BILL-481496,317 days,US Dollar,john.anderson,%B4503689255027836^HARRIS/MASON^2706,Tech Conference 2021,ISO-8859-1,true,157669695,%B2320432846145005^THOMAS/MASON^2404,lucas.miller,Competitor Acme Corp launched SmartHub X1,3175,%B6897154144327519^HARRIS/MICHAEL^2807,HOLD-2020-308,Quantum Dynamics,8171,%B9808679860034615^YOUNG/AIDEN^2904,2465 shares @ $87.98,33.8,7663.52,ADV-GVC8UQ98P4,2549 shares @ $487.91,45665,4143 shares @ $350.83,45453,Euro,"$4,677",None,NO,UTC,INV-232052,JPY,tenant-009,%B8756011998409398^JACKSON/HARPER^2610,893752108
N,Robert Rodriguez,NY8114529,Japanese Yen,0525,5.15,%B3996972582257588^ROBINSON/WILLIAM^2609,Smart TV,BILL-533333,JPY,27590.1,7145,"$122,520",07/29,Penicillin,"[30.28, 60.89]",7042,1,LW9 1BQ,338,7454.1967,0xb285f3c2de5449407ca42888c2adcbb55485691c,BILL-119975,6237.2,153.58,"$100,862",%B7505661230114937^DAVIS/JOHN^2505,3470.67,014,"$9,949,005",INV-850286,0xfb91abea7f52204905c769167eeb795b73e2d306,9954.35,2018-12-08,"[0.4526, -0.1292, -0.0824, -0.1499, 0.0257, -0.4293, -0.8473, 0.1882]",601133543,dt=acme,7104.08,Euro,320314197,GIM-6323,Japanese Yen,German,826,%B2641795744254736^MILLER/SARAH^2906,65.8,email,697,Support,2.19.19,0xb22f0abf4f51cf9421e009a3f81f3bddb6aae282,batch-20230419-39,batch-20240910-41,0817,"$78,731.36","$76,814.68",849823082767,"$22,443",mason.harris@gmail.com,4313322,_ga=7244717647.5007120,%B0293680952877495^ROBINSON/ELIZABETH^2503,7122,5240.78,6011-6692-7889-9393,29.396285,Monday,"$240,414",ORD,3286.51,1432 shares @ $460.76,391482739,0xcadcd4285d45bfef13fa8766a2f9b065f8a5eed5,3775-7064-3336-0973,execute,662,FY 2025,tenant-015,143.279,Resolved — no further action.,Legal,INS-631293,798,344872,0x4fae19b63dbeee086c6fa9e9af3fdec09c98ee4b,56-5651278,Depression,373539,1084,607,76641.14,upsert,99.9325,d437aba2-6992-4bcd-ab56-ddd528ce30d7,Basic,jessica.young@gmail.com,CNY,BILL-874964,147 days,Swiss Franc,lucas.smith,%B8688626682118150^JACKSON/ETHAN^2611,Annual Conference 2026,UTF-16,NO,101121825,%B4586188649255598^WRIGHT/WILLIAM^2807,patricia.young,Competitor Quantum Dynamics launched Widget Pro,3965,%B9213879058564188^YOUNG/ETHAN^2606,HOLD-2022-567,Global Solutions,8562,%B3690079502977098^ROBINSON/NOAH^2810,2742 shares @ $352.02,0.0,1928.87,ADV-5OS0SJ8WUB,2723 shares @ $360.16,379075,1688 shares @ $202.67,529128,Japanese Yen,"$28,905",None,true,CET,INV-996058,BRL,tenant-022,%B0774778564171226^LEWIS/LOGAN^2404,661434523
Z,Patricia Harris,NC2132770,Swiss Franc,6433,13.47,%B6473133440826502^BROWN/AIDEN^2702,Desktop,BILL-156511,INR,43512.7,6759,"$82,208",08/29,Peanuts,"[2.81, 67.73]",3310,1,49130,3075,2646.328,0x66f211270ce5b34743db62ef0e9140c1c020f37f,BILL-917386,8651.7,6153.7,"$54,924",%B5694051651064227^WHITE/JENNIFER^2911,6163.28,5328,"$1,777,093",INV-185363,0x7b34ab8a80681464c0783eb7cb1520242cbf60f2,4511.87,2023-07-25,"[0.0205, 0.4993, 0.8198, -0.1115, -0.1832, -0.2745, 0.3495, 0.2836]",48131,tenant=2024-01,7338.61,US Dollar,408266961,COJ-6612,Euro,German,613,%B7983484604111802^MILLER/MICHAEL^2810,94.7,name,1803,Operations,3.3.18,0x2458f6f4e3863d90c2eaed50d82c0a736434bb3c,batch-20231028-54,batch-20240409-06,6439,37800.41,79396.00,722845290805,"$8,234",mason.martinez@outlook.com,ID-236392,_ga=9471017604.2143189,%B4611290751659455^ROBINSON/SARAH^2511,9389,2105.14,6011-8783-3319-1222,138.493495,Tuesday,"$206,950",LHR,2806.63,2413 shares @ $480.64,007988625,0x09b15caec8858a9b8a92aeb3e4a6acbb3fecdb1a,5929-6491-0510-2636,write,742,Q1 2024,tenant-044,131.6144,Updated per client request.,Engineering,INS-775476,584,3912734,0x7f4eb1e05775409124bacf8166b6462a22d170f7,56-7772655,Depression,539113,8237,477,"$69,003.76",upsert,96.938,23856660-d947-41e6-96bb-223bf463613f,Basic,linda.lee@yahoo.com,BRL,BILL-728462,214 days,Euro,richard.moore,%B7368282747230805^CLARK/EMILY^2412,Global Conference 2026,ASCII,NO,637838601,%B1567977509682188^THOMAS/MICHAEL^2703,olivia.rodriguez,Competitor Pioneer Software launched Sentinel Monitor,3670,%B8777673809600199^MARTIN/AMY^2503,HOLD-2021-663,Acme Corp,7547,%B5480728438732204^WILLIAMS/ELIZABETH^2701,891 shares @ $361.2,65.6,4244.77,ADV-BAOOMY3KDJ,1911 shares @ $91.16,58448,971 shares @ $458.61,401246,Swiss Franc,"$36,625",Hearing,true,Europe/London,INV-836882,CAD,tenant-011,%B6033966494245649^JONES/JENNIFER^2505,555347793
A,Susan Clark,IL3200732,Japanese Yen,738,4.82,%B2049790234055840^WALKER/LINDA^2612,IoT,BILL-240492,AUD,38683.2,6810,"$4,527,263",12/24,Shellfish,"[7.06, 64.34]",9807,1,10480,610,7034.6868,0xe96afb68d824d3df8b484aa65e2df0e5c5c30c19,BILL-253736,3599.3,1416.89,"$184,776",%B0298575006751712^JONES/DAVID^2808,6776.49,0406,"$9,563,313",INV-909256,0xcad1151b172efd1d079dcca596058e020c3cd8c5,9041.45,2024-05-07,"[-0.2616, 0.36, -0.4052, 0.4301, -1.05, 0.06, 0.2116, -0.4267]",370434,tenant=acme,4435.98,Euro,749527002,VTA-9755,Japanese Yen,English,809,%B6131399836113428^LEWIS/LIAM^2810,28.1,id,241,Marketing,1.2.26,0x6cb425647652598b48745493c3dc1d86233c6ef6,batch-20260103-24,batch-20251226-58,7021,"$74,636.94",99730.52,67273610,"$19,780",logan.harris@gmail.com,4120422,_ga=5781304950.2634723,%B4524278635029475^MILLER/MICHAEL^2910,4744,2676.48,3766-8629-5789-6489,146.519128,Thursday,"$226,236",JFK,2218.25,2411 shares @ $445.35,338620673,0x953ba2b89d8dbe54af342058898947d553da7b88,6011-6703-7343-2868,rwx,642,Jan-Mar,tenant-021,53.2118,Needs follow-up next quarter.,Engineering,INS-383760,348,363373,0xeb177d34ded444a50013533d3473cfbc37024692,37-3211678,Migraine,376026,0544,381,61256.28,update,98.5401,71ad3004-10ce-40cc-9aef-cd6b83b21860,Enterprise,anna.thompson@outlook.com,AUD,BILL-304791,66 days,Japanese Yen,oliver.lee,%B2356345836703831^CLARK/ETHAN^2912,Global Summit 2023,ISO-8859-1,false,649523398,%B9901984689166891^MILLER/NOAH^2701,robert.miller,Competitor TechCo Industries launched Sentinel Monitor,6162,%B1130978199387237^KING/JESSICA^2710,HOLD-2020-495,TechCo Industries,3863,%B7903627126906939^WRIGHT/LUCAS^2407,4817 shares @ $63.99,66.6,8897.91,ADV-P5CGM46K2K,3741 shares @ $350.43,59080,3650 shares @ $485.66,444644,US Dollar,"$30,662",Visual,false,Europe/London,INV-146749,BRL,tenant-038,%B2436337498968158^MARTINEZ/ELIZABETH^2408,287510550
C,Sarah Walker,TX9343510,Japanese Yen,0631,9.49,%B8569030257404215^BROWN/MARY^2709,Tablet,BILL-169703,CAD,97356.2,4299,"$5,401,567",08/24,Shellfish,"[22.72, 61.17]",2261,1,17101,689,5363.8944,0x2078a99697c02c20b9cb6cfc361bcb02117a787d,BILL-647585,1451.7,6057.66,"$153,283",%B7463453959316303^DAVIS/LIAM^2411,5533.41,6561,"$4,836,908",INV-777256,0xa44014e9da63ca06ce84cfcacbb0eeb715239c4f,2393.49,2021-04-29,"[-1.3193, -0.1256, -0.2633, -0.1099, 0.774, 0.3837, 0.7549, 0.5806]",53525,tenant=us-east,1679.72,US Dollar,828783130,MZW-6110,British Pound,Korean,777,%B1782642019801544^WILLIAMS/SOPHIA^2412,44.9,status,3653,Marketing,5.3.96,0x1f3f455197e6b2aca8cfc3249d666dd3fe1e92f8,batch-20180219-64,batch-20250227-12,3159,"$36,332.09",836.99,44278025,"$33,326",john.harris@yahoo.com,REC-508108,_ga=7307023514.9964660,%B4099848149276557^KING/MARY^2607,0188,3509.7,4102-5108-3003-0991,-154.819908,Friday,"$157,958",NRT,8818.39,1533 shares @ $162.41,675303052,0x2cd42f99a269f7d08dcff9e3c546d314fad46726,6011-8807-7192-3672,r-x,605,H2 2023,tenant-032,14.8995,Reviewed and approved.,HR,INS-808009,462,3036691,0x0585c99f76cacfab6c2cab653705fa23b16c8cc7,24-9161272,Migraine,54953,7909,803,63025.23,upsert,95.1291,4eb82c54-eecd-443f-83f4-bc7065943ceb,Enterprise,linda.rodriguez@gmail.com,AUD,BILL-584893,270 days,British Pound,noah.taylor,%B6637937995778070^JONES/NOAH^3011,Global Expo 2020,ASCII,false,563313532,%B4370088195466943^WALKER/OLIVIA^2504,robert.jackson,Competitor Meridian Health launched Sentinel Monitor,3332,%B5983019676931985^WRIGHT/ANNA^2801,HOLD-2020-306,DataCraft Inc,1765,%B2973041824430667^KING/HARPER^2805,4083 shares @ $24.59,15.0,7237.93,ADV-57SKJAMU1M,4161 shares @ $153.81,492892,2355 shares @ $222.87,378591,Swiss Franc,"$35,561",Cognitive,false,America/New_York,INV-609015,CHF,tenant-028,%B6832503146814638^KING/MASON^2903,330025858
H,Oliver Jones,IL3739517,Japanese Yen,215,2.54,%B0887443934629470^CLARK/ANNA^2708,Mobile,BILL-763282,JPY,37704.5,2656,"$9,491,165",12/28,Penicillin,"[33.59, 65.48]",652,0,93702,3593,6778.7284,0x742e31ce88c22dd0fa00a810be7828bb278caa80,BILL-505262,2293.4,7234.03,"$205,862",%B0740378283095536^JACKSON/SOPHIA^2604,2312.93,7901,"$3,754,985",INV-106897,0xd5323a2acc777ed8ad271d54f6c039cb33dfa37e,4385.62,2024-04-09,"[0.3134, -0.2167, 0.1014, -0.3359, -0.0061, 1.3589, 0.6835, 0.1075]",53035,dt=2024-01,4489.87,Euro,251663095,YXQ-5110,Japanese Yen,Japanese,454,%B2581846456574122^WILLIAMS/PATRICIA^2903,40.0,email,5723,Finance,3.7.51,0x1478b71397046b9056b1008769799ceefff92016,batch-20220327-75,batch-20260412-32,5787,"$52,710.64","$74,466.11",3332179112,"$37,238",william.lewis@gmail.com,ID-953922,_ga=7265267378.1160254,%B7950450329994231^ANDERSON/OLIVER^2407,5045,3180.18,5909-0914-5643-0048,-115.757592,Tuesday,"$155,448",JFK,1469.6,298 shares @ $393.66,401274501,0x819994e03e0a92b7b61ce44a0c74c3372c8498f3,4808-9404-2158-5854,rw,692,FY 2025,tenant-034,94.2906,Updated per client request.,Engineering,INS-306428,742,9373153,0x730057fd86cdb805a9753e57c8a6a7ba575e686a,56-6476487,Asthma,3750648,5862,790,"$57,741.83",insert,97.0251,57f19e5f-b52b-4f50-a3da-a1d65ac34983,Enterprise,liam.davis@yahoo.com,GBP,BILL-369895,108 days,Euro,richard.davis,%B0294706094019772^KING/EMMA^2502,Annual Conference 2023,Latin-1,NO,566826937,%B2536861159383519^RODRIGUEZ/ROBERT^2502,jennifer.lewis,Competitor Beacon Analytics launched Sentinel Monitor,0257,%B5698947134678021^GARCIA/HARPER^2903,HOLD-2021-535,Global Solutions,1748,%B5071086808070197^JONES/EMMA^3002,2452 shares @ $141.83,3.7,3081.36,ADV-OGKAB5RM6T,2936 shares @ $334.75,60117381,2083 shares @ $285.2,575823,British Pound,"$47,552",Hearing,true,JST,INV-174423,CAD,tenant-024,%B7525972876776493^JOHNSON/LUCAS^2401,337852016
R,Sarah Wright,CA9809262,Euro,813,11.05,%B1298186494070847^TAYLOR/MASON^2901,Wearable,BILL-196788,USD,60914.7,2463,"$2,952,440",10/24,Shellfish,"[38.99, 88.7]",645,1,63500,1918,1190.7589,0x292dcfabaa9840601ff56377f1381dc97b235aa3,BILL-695738,3714.9,1324.04,"$60,670",%B9820068495164152^MARTINEZ/JOHN^2811,1412.93,784,"$6,712,699",INV-415019,0xe41f819bd7fbc44650b34cfe321c309bae0d3173,1471.91,2024-12-15,"[-0.2927, -0.2842, -0.2812, -0.3282, -0.0394, -0.3435, -0.0502, 0.6726]",601174307,region=us-east,502.97,Euro,513563785,VXL-5334,Japanese Yen,French,796,%B9523055515414781^KING/ROBERT^2905,56.2,name,111,Support,3.20.47,0x4850c50995a334914aa1d3842268faac10545511,batch-20240504-42,batch-20230507-93,3864,"$62,958.94",28746.49,877187683192,"$14,099",oliver.johnson@gmail.com,8235530,_ga=5303475888.8071327,%B3703076144219577^MOORE/MASON^2907,6540,5712.35,6011-4911-7468-5400,64.198869,Friday,"$189,313",LHR,4191.83,2660 shares @ $62.85,360208987,0xa482106ebf385a5854b888fb15e0f1d96fceb804,XXXX-XXXX-XXXX-0071,admin,758,FY 2025,tenant-021,119.1543,Reviewed and approved.,HR,INS-580750,725,4048750,0xd58e02bac3557d72d565dadc974d7a6792455679,62-8806850,Depression,48263,3394,450,63712.97,update,95.2434,ceef2fbb-f283-4073-b6f2-ad838b7b877c,Premium,jennifer.martin@gmail.com,JPY,BILL-382627,43 days,Euro,jessica.moore,%B1169930022776784^WALKER/JAMES^2611,Tech Forum 2021,UTF-8,YES,830142177,%B4398265031715551^THOMPSON/ETHAN^2805,harper.taylor,Competitor Skyline Partners launched Sentinel Monitor,9330,%B6364398055559453^KING/RICHARD^2405,HOLD-2024-130,TechCo Industries,3462,%B7882235267247718^MARTINEZ/DAVID^2909,4011 shares @ $78.83,39.6,9223.79,ADV-XFA9B9MIUE,1852 shares @ $251.05,374688,1993 shares @ $121.2,44306,US Dollar,"$24,397",Hearing,true,EST,INV-528140,CHF,tenant-039,%B4989819175039217^WRIGHT/LIAM^2706,038337180
F,Emma L. Martin,MA7405399,Japanese Yen,8312,4.09,%B7860456110120778^BROWN/ETHAN^2503,Smart TV,BILL-809390,CAD,48887.4,4007,"$5,407,817",08/24,Peanuts,"[31.01, 62.11]",3710,1,JV6 9YR,276,1475.8783,0xf7ffe4d6594ab40be286579337d94fe9174d306e,BILL-507402,3377.4,9812.11,"$168,521",%B9421825262346848^WHITE/LINDA^2406,7337.36,7379,"$7,336,888",INV-416530,0xe7bc8a04fcc1ad32c10245475d2ec5da5120a4aa,2726.2,2024-06-13,"[-0.0362, 0.0035, 0.2871, -0.3079, 0.2327, -0.3863, 0.4792, 0.3508]",45569,dt=2024-01,403.96,Swiss Franc,026148313,QJK-4397,Swiss Franc,Arabic,830,%B8717870336893046^BROWN/MASON^3010,33.9,status,949,Sales,2.1.59,0x2cd320e30642ba7ee2395434221da2519f4b7090,batch-20230109-60,batch-20181002-62,4328,"$10,666.98","$28,880.19",00314862,"$40,464",emma.miller@yahoo.com,9883144,_ga=7240047471.7279711,%B9329333948627268^JONES/ETHAN^2412,8622,6611.91,XXXX-XXXX-XXXX-1294,134.29607,Saturday,"$190,180",SFO,1929.7,3697 shares @ $288.96,895721748,0xe57fdab33ebf22258af6197af0592e71211be5c5,4655-7912-6961-1765,read,519,Jan-Mar,tenant-037,76.693,Escalated to management.,Marketing,INS-247975,603,9941012,0x97f4f14c98c8ce1185dfcf766130c1f05c6c90ba,57-5307788,Type 2 Diabetes,60114703,5946,704,"$23,214.89",snapshot,95.8872,04ea95e0-1f61-433f-8139-889d071d53ba,Basic,richard.miller@yahoo.com,GBP,BILL-392110,131 days,Euro,anna.moore,%B5867725456693402^ANDERSON/DAVID^3011,Data Forum 2026,UTF-16,false,140043518,%B8453295514881793^GARCIA/AMY^2711,mason.smith,Competitor Pacific Research Group launched NanoCore SDK,6067,%B1203508821952356^YOUNG/ELIZABETH^2708,HOLD-2022-453,Pacific Research Group,4472,%B7299352174628722^KING/JENNIFER^2705,800 shares @ $405.29,85.3,4596.85,ADV-3K54MHHLJZ,2220 shares @ $45.51,410076,1514 shares @ $64.88,601184931,US Dollar,"$13,758",Visual,NO,UTC,INV-988967,USD,tenant-024,%B5256466968938674^THOMAS/EMMA^2612,349277668
F,Anna Miller,TX2360456,Euro,6951,0.88,%B5835860690777548^THOMAS/MARY^2701,Wearable,BILL-158750,AUD,70721.3,4943,"$7,462,235",07/30,None,"[7.12, 99.67]",790,0,FU8 1PH,514,7450.6928,0x0f231546998cc879a674440efc7b902d048be7cb,BILL-389077,743.9,5226.95,"$173,924",%B8834421963104522^HARRIS/SUSAN^2604,1244.16,5213,"$7,535,474",INV-371378,0xd3df051a51f981445b068b6b9c4ef8d19530cca7,3912.26,2023-10-21,"[0.7279, -0.4786, 0.2879, -0.0405, 0.317, 0.9363, -0.4051, 0.1565]",57585,tenant=us-east,7325.99,Japanese Yen,712019254,PEH-8849,Euro,Arabic,549,%B1864930898766512^HARRIS/EMMA^2904,13.5,type,6551,Support,4.17.85,0x6ac477fff033df0af77c3a93a47323f0143db901,batch-20191007-67,batch-20200624-53,7456,1274.21,76670.25,33336477,"$24,347",ethan.harris@outlook.com,USR-681964,_ga=9064969368.3305543,%B9240264173042714^MOORE/AMY^2703,4107,2669.44,XXXX-XXXX-XXXX-0511,-22.742622,Thursday,"$84,023",LAX,2398.24,4184 shares @ $229.52,721849828,0x82bb988b1495a96ebb221d40b454b9600615fd39,XXXX-XXXX-XXXX-9868,admin,759,FY 2025,tenant-020,54.3335,Flagged for review.,Support,INS-410550,499,7253913,0x685a00a5a1d0aca64d4c18db75b01f627f08ad6d,95-9763625,Migraine,582782,3571,512,42177.35,delete,97.8368,5f8ed681-c8b0-4a25-960b-6a902455e123,Standard,harper.davis@gmail.com,AUD,BILL-275348,123 days,British Pound,jessica.young,%B9951617337334689^CLARK/MICHAEL^2707,Annual Summit 2022,ASCII,true,418222511,%B1203235416336850^LEWIS/SARAH^2802,olivia.martin,Competitor Meridian Health launched CloudGuard,5690,%B9312553564119870^WHITE/HARPER^2810,HOLD-2023-531,Vertex Technologies,8339,%B2071891879527011^MOORE/OLIVIA^3011,620 shares @ $138.7,76.1,4511.31,ADV-H4S6X8OIGB,3130 shares @ $145.61,413347,2748 shares @ $338.37,3771580,US Dollar,"$4,567",Mobility,false,UTC,INV-764001,AUD,tenant-042,%B7227215900680897^ANDERSON/ROBERT^2907,388364376
Z,Richard Williams,IL1948257,British Pound,0573,7.96,%B2490776725019413^MARTINEZ/OLIVER^3003,Smart TV,BILL-159677,CAD,66613.6,614,"$162,619",07/29,Penicillin,"[10.08, 98.85]",3723,1,55188,587,8960.8188,0xf37476d534b26472caa2b4f79984fcc1f8cb9abf,BILL-270169,8139.4,9244.35,"$102,731",%B6262508024843130^RODRIGUEZ/LOGAN^2808,1981.22,6206,"$1,555,178",INV-364946,0x694db104f0cd74aacc67cf34d4358ed766227a34,2244.14,2019-06-21,"[-0.5531, -0.0667, -0.3488, 0.1236, 0.4352, -0.0782, -0.8145, 0.0636]",526282,region=us-east,4079.09,Swiss Franc,010745719,MGJ-8187,Euro,Arabic,525,%B3461023984070589^GARCIA/DAVID^2508,9.9,type,785,Finance,2.1.58,0x70684880627ced41b8da761b741390c77a6f8667,batch-20260101-16,batch-20211014-31,7428,"$82,670.81","$80,191.13",429507429459,"$32,879",emily.thomas@outlook.com,ORD-286040,_ga=8857410457.2444353,%B5618003241215876^TAYLOR/LIAM^2511,4890,6365.72,5512-3380-6403-2881,70.649262,Tuesday,"$112,026",SIN,4400.89,3248 shares @ $22.36,092715798,0xd0da80adea4c8ca18e21f1fc81bf192b7688f0cc,6011-8226-9606-7361,rw,705,Jan-Mar,tenant-045,49.0378,Automated processing complete.,HR,INS-829275,461,6170031,0x33cd9b039b9f58c2fdd0c3a9cddb14d81e989d5e,24-6523101,Asthma,464847,7710,509,"$71,169.00",insert,98.14,238c030a-44f1-4a63-b6c9-5e199d0e1d94,Premium,noah.lewis@yahoo.com,JPY,BILL-898125,145 days,British Pound,jessica.miller,%B5159414950092020^JONES/WILLIAM^2903,Global Conference 2020,ISO-8859-1,YES,504294252,%B1711159228034244^SMITH/AMY^2904,liam.clark,Competitor Vertex Technologies launched DataSync 3000,2880,%B4512828511513782^BROWN/LUCAS^2703,HOLD-2025-959,TechCo Industries,4903,%B9609857907309084^JACKSON/ROBERT^2608,3840 shares @ $155.53,86.5,1482.36,ADV-G6O9B6X2KH,1522 shares @ $409.45,601145440,819 shares @ $130.62,3722843,Swiss Franc,"$10,002",Mobility,NO,UTC,INV-559774,CNY,tenant-005,%B7230576898888381^LEE/JOHN^2703,575478670
S,Sarah Moore,FL8935251,Japanese Yen,1761,12.08,%B5477439870393279^JONES/MICHAEL^2605,Smart TV,BILL-791478,INR,56094.3,6150,"$6,601,517",10/29,Shellfish,"[39.63, 80.33]",810,1,YX5 9KJ,802,-835.6159,0x1d8f943d860e1e1d4156f380159989fb0041e4af,BILL-970355,3479.7,5851.68,"$82,442",%B8043865817544889^ROBINSON/SUSAN^2508,385.73,2647,"$1,445,284",INV-950312,0xab40adb321ebfea377b2218e1342cabc633c0915,5826.97,2021-01-23,"[0.5896, 0.7425, 0.2864, -0.2796, -0.5277, -0.042, -0.0233, -1.2948]",40967,dt=us-east,8453.27,Swiss Franc,566853934,KJW-8198,US Dollar,Hindi,398,%B5995252152957016^THOMAS/JENNIFER^3011,87.3,email,2255,Operations,2.20.82,0x0e099add16ac050806ba5e53d5761ced4f96af3c,batch-20230630-82,batch-20230728-43,0881,"$81,534.13","$50,763.28",2032472693,"$2,444",susan.davis@gmail.com,ID-630211,_ga=8723492903.1722016,%B0583472390456510^DAVIS/DAVID^3002,8294,3438.9,4686-2026-7944-0170,-125.399702,Thursday,"$211,153",SFO,719.81,2664 shares @ $76.63,762790477,0x00bdac1ef8f3bd90aa481576d24b86eb8ccf3605,5596-6262-2478-7228,rw,502,Q1 2024,tenant-048,97.2515,Flagged for review.,Marketing,INS-558643,507,1197507,0xe1cea8ba569e797a411e79077980a57097c01d82,64-6049626,Hypertension,42773,0803,633,31284.39,delete,98.3556,ff9afad1-9f24-4a14-914f-4586168c5a70,Enterprise,john.miller@yahoo.com,USD,BILL-591901,47 days,Euro,mary.thompson,%B5431478804988773^MARTIN/LIAM^2807,Global Expo 2020,Latin-1,NO,038416141,%B7014931134643202^JONES/AMY^2506,anna.thomas,Competitor Skyline Partners launched SmartHub X1,2499,%B1667853991660684^YOUNG/ETHAN^2506,HOLD-2025-297,Acme Corp,7829,%B3900698201622676^JACKSON/NOAH^2403,1869 shares @ $141.62,3.2,2696.35,ADV-9I5HG2PHSE,4706 shares @ $18.35,3757697,449 shares @ $220.63,3782373,Japanese Yen,"$38,312",Hearing,NO,Europe/London,INV-847068,CNY,tenant-043,%B3761135837937357^ROBINSON/PATRICIA^2511,612427809
X,Emily Q. Davis,NY8004509,Euro,4991,6.49,%B7580772707576355^SMITH/JOHN^2904,Desktop,BILL-978348,EUR,35772.7,3251,"$7,718,429",12/26,Shellfish,"[33.88, 79.91]",740,1,26991,6781,1085.6263,0x3a1b2349255b31277181f39ee64b2a4089352376,BILL-316433,6284.9,9285.22,"$51,257",%B6882679961645587^ANDERSON/PATRICIA^2407,187.99,818,"$5,565,857",INV-223497,0x49234dee964e80a132387388cdb18334032e8da2,2976.2,2025-07-18,"[-0.4375, -0.2424, -0.2396, -0.0646, 0.6613, 0.0218, -0.1323, -0.9197]",406697,tenant=2024-01,6664.85,Euro,947956360,RJV-9837,US Dollar,Korean,432,%B5261267219959281^TAYLOR/SARAH^2702,32.1,status,9256,Sales,5.11.53,0x980621af1da424fd8548321a3c12c5421fd61793,batch-20261206-05,batch-20220704-32,0348,"$89,982.91",16753.12,394044747111,"$32,835",john.clark@outlook.com,6808686,_ga=9888549873.5829770,%B9352323691352361^WILLIAMS/JENNIFER^2902,9044,901.54,XXXX-XXXX-XXXX-4629,-25.861329,Wednesday,"$72,940",CDG,8724.59,84 shares @ $429.59,205116872,0xe90823e416adb5d50d611ec35fe9f0153963e87d,3736-5842-2198-5772,r-x,726,2020-2025,tenant-047,32.7011,Flagged for review.,HR,INS-486186,435,8624598,0x4b214f60f4987ff779bdbe6546daf4eff6580a28,94-5274377,Arthritis,486648,2554,403,84141.46,insert,95.0356,5ef9e35d-5411-43dc-b58d-deaaf453eba0,Trial,jessica.martinez@gmail.com,CAD,BILL-816557,109 days,Euro,aiden.wright,%B3933808209708620^MARTINEZ/ETHAN^2810,Tech Conference 2021,UTF-16,false,448215144,%B8690150050011496^WRIGHT/NOAH^2909,john.clark,Competitor TechCo Industries launched StreamLine ERP,5111,%B2158648542639938^THOMPSON/MARY^2412,HOLD-2021-280,Acme Corp,8790,%B0931210592496047^GARCIA/EMMA^2505,2139 shares @ $373.18,2.2,1759.36,ADV-XVPT0WH4IN,4308 shares @ $157.66,535652,928 shares @ $216.56,3715005,Euro,"$29,382",None,true,EST,INV-134866,EUR,tenant-020,%B2217413322137442^JOHNSON/AIDEN^2902,135265866
R,Mary Jackson,MA5494441,Euro,9844,9.41,%B6437838487507156^THOMAS/JESSICA^2806,Mobile,BILL-632001,AUD,88743.9,8465,"$4,350,875",04/26,None,"[12.43, 64.16]",661,1,ZZ8 1XK,668,3863.3054,0x411aba9b41dcba14ebf036c7944912d760ce352a,BILL-226838,7076.2,8413.2,"$153,932",%B8498887671205691^TAYLOR/ETHAN^3011,73.29,2732,"$3,581,051",INV-719761,0xb9c6b5e082f507db0ba5f678f44d95a1e26ebce0,289.32,2022-08-26,"[1.2604, 0.2289, 0.3527, -0.5291, 0.1983, 0.3177, -0.2468, 0.5837]",44919,dt=2024-01,9184.81,Euro,441861266,LHO-3283,Euro,German,375,%B3671878852431235^BROWN/ELIZABETH^2401,48.1,name,460,Operations,4.20.58,0x2e226f290871220b4b5c8229f0b7e4dcb5fd0826,batch-20210729-20,batch-20190110-54,3668,"$51,216.74","$12,650.12",475423390557,"$18,008",jessica.miller@gmail.com,4606785,_ga=4510604332.3892217,%B2529326321686487^ANDERSON/ROBERT^2902,0888,1680.56,XXXX-XXXX-XXXX-3497,42.704166,Tuesday,"$187,947",LHR,7862.43,2232 shares @ $282.24,289640377,0x603faa53ef468e5b162ba07298ad951bbfd0d594,5016-2248-7261-9363,execute,766,2020-2025,tenant-028,74.5859,Pending verification.,Support,INS-575664,655,1804693,0x3933f2a84012a4f7b66767bf6aede203a7cf8620,30-2635296,Depression,44760,0568,656,56720.64,snapshot,95.5075,76e70c1f-90ca-4409-8365-de045c32efbd,Premium,olivia.miller@yahoo.com,EUR,BILL-561605,52 days,Japanese Yen,sophia.robinson,%B4493663061332520^MOORE/MARY^2404,Annual Expo 2025,UTF-16,false,752753211,%B5583242519438004^LEE/DAVID^2503,oliver.robinson,Competitor Catalyst Ventures launched AuditTrail Plus,5751,%B2610343228704183^TAYLOR/HARPER^2901,HOLD-2023-854,Beacon Analytics,6696,%B5832669057239834^JOHNSON/SARAH^2503,3721 shares @ $329.6,85.1,4877.04,ADV-B9MTTL6AZK,4860 shares @ $113.16,53689,1388 shares @ $494.36,59606,Swiss Franc,"$47,341",Hearing,true,Europe/London,INV-269233,GBP,tenant-032,%B9338497967186169^MOORE/LINDA^2605,269584996
W,Amy Anderson,NY1096106,Euro,6213,1.35,%B9690998006112456^JACKSON/LIAM^2711,Desktop,BILL-481412,JPY,38515.8,7511,"$5,856,909",04/25,Latex,"[19.47, 86.34]",0877,0,43125,863,3069.5405,0x301d098d7228fdf887dfe10ca5cdd278e2c4fce0,BILL-488903,6057.8,5459.36,"$90,696",%B0820441131043271^THOMPSON/JAMES^2605,3778.47,924,"$2,650,519",INV-317518,0xfa68fe0b2c94cfcb98d86c8e2dfc416eea706a98,4133.56,2018-07-19,"[0.3693, 0.778, -0.5184, 0.6908, 0.6425, 0.5323, -0.3623, -0.5518]",599667,region=2024-01,8784.75,Euro,108151259,DKI-7618,US Dollar,Japanese,374,%B9856987197288431^JACKSON/JOHN^2711,42.5,name,9141,Sales,1.20.84,0x10d75764d656213989ac8047caa47896a85c052c,batch-20250717-37,batch-20210815-91,7358,14370.74,17783.26,812394740733,"$20,000",ethan.anderson@gmail.com,1880048,_ga=9682666770.7092913,%B5753228642860530^WALKER/LUCAS^3006,7825,6342.73,3721-3745-3599-5066,-157.952629,Tuesday,"$216,833",CDG,2191.95,493 shares @ $238.12,538560002,0xbc56876d3bc9602a40e1589eb0826c2955c03483,5896-1463-8512-0660,execute,404,Q1 2024,tenant-025,42.0791,Flagged for review.,Finance,INS-449971,471,1465159,0x3fdbd5470bb01d26cebe1c240dfbaeb5d069d446,63-5700972,Hypertension,601169620,8977,654,42199.39,insert,97.7758,8f724d17-f1bc-4a5b-ab89-eb1998e3766f,Basic,oliver.jackson@gmail.com,GBP,BILL-780177,187 days,US Dollar,oliver.thompson,%B4595089424317506^JOHNSON/ROBERT^2409,Global Expo 2022,UTF-16,false,222583528,%B7972978127212525^MARTIN/MARY^3002,mason.anderson,Competitor Acme Corp launched FlexPay Platform,8977,%B3674888526631750^WHITE/WILLIAM^2803,HOLD-2026-226,Global Solutions,7153,%B9628260808341149^MARTINEZ/DAVID^2802,4282 shares @ $216.46,25.3,7584.35,ADV-UQDJC6S26F,2022 shares @ $432.52,456907,4650 shares @ $229.56,577928,Swiss Franc,"$39,185",Visual,false,Europe/London,INV-648479,BRL,tenant-035,%B5752930545506092^MARTINEZ/ETHAN^2912,686893600
N,Amy Jackson,OH4076085,US Dollar,904,4.87,%B1527643291127008^KING/AMY^2711,IoT,BILL-181295,BRL,22885.5,6498,"$7,427,087",09/24,Peanuts,"[4.37, 60.32]",6156,0,BZ6 1KH,248,7533.0216,0x1ebf935558d97bf4393c502eda72f3e17a3e5ca4,BILL-232949,6135.0,8044.88,"$75,077",%B0098190963807167^MARTINEZ/EMILY^2912,2218.77,1904,"$6,977,972",INV-505795,0x9ed033e41410204929efb09761d1070098914f1b,5437.09,2019-02-01,"[-0.2564, -0.0326, 0.1773, 0.3042, 0.9694, 0.3133, -0.1569, -0.3731]",3714224,region=2024-01,118.83,Swiss Franc,457781047,ITK-4188,US Dollar,English,850,%B1802095123075793^RODRIGUEZ/JESSICA^2905,20.3,email,8477,Legal,2.14.68,0xfac7e5e8c02d14d4d3a3a614b88b113c04292915,batch-20220121-02,batch-20260831-77,7624,"$41,027.13","$78,135.70",43326481,"$47,882",jennifer.brown@outlook.com,TXN-737883,_ga=2115821655.9168798,%B0100522365647600^KING/MASON^2705,1664,7522.51,5490-0771-5125-6512,37.672435,Tuesday,"$71,624",LAX,3989.1,1648 shares @ $199.05,810480194,0x8235b42f5936aaf9a59b2ff240d4b89cd569fb02,6011-9196-6930-3927,rw,670,Jan-Mar,tenant-048,127.4803,Needs follow-up next quarter.,HR,INS-134093,424,4694410,0xa813670183d4ff94d3badf974ee3cba0fe3fd009,78-7758835,Hypertension,372464,1785,612,10374.10,insert,97.6332,f4c908dc-2188-4f25-9fbc-c0aad0748cf1,Standard,liam.martinez@gmail.com,AUD,BILL-466140,251 days,US Dollar,jennifer.jones,%B6516417960101832^MARTIN/DAVID^3011,Tech Conference 2020,UTF-16,YES,235321233,%B9480527165338891^KING/PATRICIA^2911,patricia.anderson,Competitor Beacon Analytics launched FlexPay Platform,4914,%B0606450155042985^LEE/JESSICA^2405,HOLD-2021-973,Skyline Partners,0093,%B6277870622694934^WRIGHT/JESSICA^2711,1329 shares @ $112.39,28.2,6968.69,ADV-FGE36B9K6E,3195 shares @ $13.63,3748959,4604 shares @ $335.93,60115916,Japanese Yen,"$45,127",Visual,false,CET,INV-619397,CHF,tenant-022,%B7903603566826402^MILLER/LIAM^2807,596613190
K,Mason T. Jackson,NY4713195,Japanese Yen,5606,5.05,%B2640230631890546^BROWN/JENNIFER^2604,Desktop,BILL-782733,CNY,37469.0,2511,"$5,487,435",09/28,Latex,"[27.01, 88.71]",190,1,99145,2547,7028.3487,0x11e4f8256b090230e75e3ee9e0d3e25a4f514e08,BILL-979439,5550.3,9520.9,"$93,102",%B7320487364350231^HARRIS/SARAH^2810,5499.42,081,"$2,267,788",INV-241339,0x1f2bcbe04abff23a76177ca7574262c4c703d289,5012.47,2022-10-09,"[0.3947, 0.7185, -0.3324, 0.3475, -0.2414, -0.179, 0.2736, -0.6632]",601187163,tenant=acme,2729.57,Swiss Franc,631336477,HJR-5594,Swiss Franc,Japanese,755,%B2816653287063178^LEE/OLIVIA^2401,35.7,email,8988,Support,3.0.65,0x1e1950eac900e502bc8e28db6c0ec19592f5fc34,batch-20221110-53,batch-20201212-99,4993,18721.41,34823.16,73182549,"$38,477",sophia.thomas@gmail.com,2902917,_ga=6816768602.6855639,%B3211692840187971^DAVIS/MARY^3009,8346,5919.62,6011-7357-2801-2809,169.342519,Wednesday,"$38,608",CDG,6360.18,1112 shares @ $495.44,609524736,0x264406df80dbbd6b9bed93dd7ec42be1dc03bff0,5742-0113-2233-0903,write,450,FY 2025,tenant-025,79.9871,Flagged for review.,HR,INS-416748,334,6541050,0x757eede04b9cc936f7235600e9b4924fdd826087,89-5468697,Anxiety,3746527,8587,803,"$8,523.48",upsert,96.2838,d78c0e62-e76a-41a0-abbc-583e931e2c3e,Trial,emily.moore@outlook.com,CHF,BILL-858943,240 days,Euro,emma.king,%B2420602657674586^KING/JENNIFER^2501,Annual Forum 2023,ASCII,false,303155834,%B8790941950014162^YOUNG/SOPHIA^2702,amy.wright,Competitor Skyline Partners launched SmartHub X1,3453,%B2111432868595699^ROBINSON/LUCAS^2807,HOLD-2025-254,Pioneer Software,1827,%B4159327837802571^BROWN/ANNA^2503,2683 shares @ $474.44,89.2,4874.36,ADV-MTHLD62YZ2,2757 shares @ $122.49,377891,1994 shares @ $361.38,407938,British Pound,"$22,056",Hearing,NO,PST,INV-448543,EUR,tenant-033,%B7480582060176093^RODRIGUEZ/EMMA^2909,961597301
F,Richard Martinez,MA4073110,Euro,847,11.7,%B4498739559648546^JONES/RICHARD^2609,Desktop,BILL-396746,EUR,73586.3,6928,"$1,559,669",10/24,Penicillin,"[29.43, 78.1]",8181,1,YC9 9CR,1161,8141.0183,0x2618c2669ebde2bfd967be3c7af1ef4d3c964d6c,BILL-998558,5998.0,147.12,"$102,221",%B1736799400453380^MOORE/OLIVER^2512,3033.77,793,"$3,836,472",INV-734494,0x6c10386861a4c527ce0ee860795e78b7ecf9c91f,2893.77,2021-04-12,"[0.3661, -0.4267, -0.91, -0.8832, 0.4145, -0.65, 0.0563, -0.0159]",601148122,dt=2024-01,1374.33,British Pound,509567265,FHD-4521,British Pound,Arabic,789,%B6866103908558621^JACKSON/WILLIAM^3001,75.2,email,5677,Engineering,2.9.45,0xfe3ee9e3f24c66d12ae4def7e66bfa9868168e2f,batch-20200223-59,batch-20180315-56,7736,"$98,337.48",72179.92,37083121,"$23,965",emily.clark@gmail.com,USR-411532,_ga=6614407161.8081066,%B7321979108362676^WRIGHT/WILLIAM^2610,0738,8048.23,6011-5911-0840-3998,-71.129818,Wednesday,"$74,218",LAX,289.71,4533 shares @ $116.57,819657888,0x2d6092637f2535db4817e05fee39f4347856a062,6011-7689-7359-4857,read,325,H2 2023,tenant-043,63.336,Flagged for review.,Support,INS-735299,380,5230652,0x342d1502f10b6dae8f189c0ab18edc800fca13dd,44-6420317,Depression,601113691,8544,666,"$15,861.41",upsert,99.1518,cef92644-586e-41ac-8084-50a9b5ef6184,Free,patricia.johnson@gmail.com,EUR,BILL-424711,323 days,Japanese Yen,patricia.white,%B0421793102458067^ROBINSON/AIDEN^2703,Annual Conference 2020,ISO-8859-1,false,088920244,%B7076467572889536^SMITH/WILLIAM^2710,amy.lee,Competitor Alpine Systems launched AuditTrail Plus,8333,%B5346110398563599^GARCIA/ROBERT^3006,HOLD-2021-678,Quantum Dynamics,0154,%B6610228717820136^WALKER/SOPHIA^2505,1916 shares @ $224.61,79.2,4115.51,ADV-DXD21KYI38,2790 shares @ $137.98,476363,4834 shares @ $189.88,371132,Japanese Yen,"$44,013",Visual,NO,EST,INV-846209,GBP,tenant-010,%B7207678727354155^MOORE/SOPHIA^2905,000988378
H,Emily A. Johnson,CA9712720,British Pound,1212,1.94,%B0921513669138435^YOUNG/DAVID^2507,IoT,BILL-546139,GBP,99027.6,4704,"$2,735,975",12/25,Pollen,"[32.36, 95.41]",5747,0,81540,857,9643.2076,0x0a150dbd0364faa976158df1e3e0ff242c6e15c8,BILL-604813,9331.5,8296.75,"$34,461",%B4986035385383903^MOORE/RICHARD^2410,8044.84,244,"$6,391,335",INV-592720,0xa34d90071e2fd1422a8cfc7a3ba90e40f30ab448,7040.07,2018-10-15,"[-0.4879, 0.0505, 0.229, -0.4345, 0.0567, 0.4621, -0.1822, 0.117]",601146378,tenant=acme,2720.88,Japanese Yen,129145561,OYE-2512,Euro,Arabic,659,%B5933913748156319^JOHNSON/NOAH^2602,6.1,amount,8853,Finance,4.15.76,0xf6c5e0f69bb3ab85ec3e662ab447751672073134,batch-20200616-59,batch-20260524-89,8043,27647.03,"$89,207.75",9713268955,"$28,897",sarah.thompson@gmail.com,5902858,_ga=8931893266.5160231,%B4743106527785270^WILLIAMS/MARY^3011,1538,3892.33,5582-2080-2493-6214,-118.134433,Friday,"$241,458",SIN,9565.73,2112 shares @ $156.13,193092460,0x8b6f279529db9b371a182b5ed1c0945048e87d64,XXXX-XXXX-XXXX-8723,read,832,FY 2025,tenant-023,35.9154,Flagged for review.,Sales,INS-537257,701,5619184,0x1a20d6e0778c6bf5dd3efa8d8fa916fcf792c6d1,60-9755081,Arthritis,376389,1568,432,"$32,551.99",delete,99.7968,a034e558-0623-45b5-b3d6-458816080399,Enterprise,david.johnson@gmail.com,JPY,BILL-662310,118 days,Euro,james.moore,%B7445486816778176^ROBINSON/NOAH^2701,Global Expo 2024,ISO-8859-1,NO,911769416,%B0611455878693471^SMITH/LIAM^2801,harper.walker,Competitor Global Solutions launched AuditTrail Plus,0503,%B0261629832565513^JOHNSON/JOHN^2810,HOLD-2020-517,Beacon Analytics,7481,%B2149335003765298^HARRIS/PATRICIA^2406,356 shares @ $171.69,67.6,8821.42,ADV-IXAUDCQM8O,1677 shares @ $466.07,509256,4165 shares @ $457.66,50412,Euro,"$27,579",Mobility,YES,CET,INV-577127,BRL,tenant-015,%B0924656221215435^JACKSON/EMILY^2406,198952900
O,John Y. Lewis,IL1949724,Japanese Yen,7381,13.95,%B0265294568687635^MARTIN/WILLIAM^2401,IoT,BILL-890150,JPY,23022.8,1208,"$7,452,573",11/28,Shellfish,"[22.34, 99.81]",3974,0,BR3 6QE,746,5917.5284,0xa36474454ce09c4c5c3a4ea71997e5873978b99b,BILL-707096,2109.5,5187.14,"$104,078",%B8114079199820569^ROBINSON/MARY^2706,2186.61,573,"$6,972,962",INV-782055,0xc8b4972ff729ddb48be24c00b7db38ab96bfc521,5553.5,2020-06-21,"[-0.2222, 0.0696, -0.1351, 0.0005, -0.0926, 0.2268, -1.1098, 0.6837]",601146297,region=acme,4054.0,Swiss Franc,139888705,FAS-3363,US Dollar,English,534,%B0264482814695305^ANDERSON/MASON^2506,46.2,email,460,HR,2.1.65,0x983790bd2effff159813bbd2c2ef975fe35c2aef,batch-20210927-06,batch-20200404-10,0177,"$26,330.49","$87,107.07",59143058,"$18,471",jennifer.smith@yahoo.com,6234349,_ga=5715624135.7736559,%B1918859378000370^TAYLOR/LIAM^3009,2211,5422.68,5276-3896-4685-7284,66.404713,Sunday,"$39,641",NRT,3432.97,1676 shares @ $401.46,284902756,0x6e8f96e82ee50510ca5582285832e255ca8b3312,XXXX-XXXX-XXXX-1296,rw,528,2020-2025,tenant-049,84.6577,Needs follow-up next quarter.,HR,INS-673512,797,9853157,0xdc2854fcdf32179e35f28c5c49e95a5b15dac5be,23-4747504,Asthma,60110372,1399,739,87863.34,upsert,97.1561,4efde983-e99e-45d5-9957-20110d43bfd3,Basic,jennifer.davis@gmail.com,CHF,BILL-159545,145 days,Swiss Franc,jennifer.garcia,%B2793770275095023^WILLIAMS/LINDA^2803,Global Forum 2022,UTF-8,NO,545590501,%B4289819400678450^JONES/LIAM^2510,oliver.walker,Competitor Quantum Dynamics launched DataSync 3000,3284,%B4126376556876974^MARTINEZ/MASON^2408,HOLD-2026-603,Alpine Systems,5842,%B1371332709437304^MARTINEZ/HARPER^2908,4369 shares @ $120.59,61.7,1157.53,ADV-1WNI70IAN6,3725 shares @ $241.98,536971,2359 shares @ $159.76,598880,Euro,"$18,246",None,NO,JST,INV-143934,EUR,tenant-005,%B2628932146490759^LEE/SARAH^2912,391194812
M,William Davis,GA2408486,Japanese Yen,2614,9.99,%B9452361172386103^LEWIS/HARPER^2709,Smart TV,BILL-541403,BRL,29664.4,7627,"$9,322,205",02/27,Peanuts,"[13.15, 82.96]",143,1,JV1 1DB,210,3629.5183,0xe78795dcb6558b14da3cbce0b62f5e1a9a47027b,BILL-159236,450.7,377.0,"$210,006",%B8397190490627113^MOORE/SOPHIA^2404,702.59,6482,"$2,817,687",INV-678829,0x97f2b61f0bc8ec86825fd969e299c782fda258c1,4241.56,2025-04-04,"[-0.5257, -0.147, 0.078, -0.1804, 0.6957, -0.565, 0.6547, 0.3314]",593316,dt=acme,4966.12,Swiss Franc,388469033,WMA-6158,Japanese Yen,German,409,%B4857913733712569^WRIGHT/MARY^2904,84.1,id,538,Operations,0.11.97,0x775b05c37e930daaee5b8d99b855f6fda898df8a,batch-20240920-19,batch-20240611-92,2698,"$94,703.95",21643.32,68557441,"$41,544",james.taylor@gmail.com,USR-732560,_ga=8593224685.3974813,%B4125742778925177^LEE/DAVID^2901,7878,7397.76,XXXX-XXXX-XXXX-2541,43.333853,Wednesday,"$101,068",CDG,2615.78,3304 shares @ $158.62,297266668,0x18f4b2610062c6a42f0e95118ec83ee32e5c61f2,XXXX-XXXX-XXXX-1651,write,747,FY 2025,tenant-028,98.8144,Automated processing complete.,Engineering,INS-874236,443,3875200,0xb59c500e7947e5832d0754ba6d79a7f4921ea823,16-6146445,Anxiety,376900,7913,802,49811.77,delete,96.7271,e59d0bdf-0704-422c-a2cc-2756b6d48ca4,Premium,emily.rodriguez@outlook.com,JPY,BILL-770749,360 days,Swiss Franc,oliver.brown,%B2899241907808343^JONES/MICHAEL^2808,Tech Summit 2020,Latin-1,NO,781028771,%B4018106166188288^WALKER/AMY^2911,lucas.williams,Competitor Meridian Health launched NanoCore SDK,5165,%B2461619954499181^JOHNSON/NOAH^2801,HOLD-2026-367,TechCo Industries,3707,%B0097521654450137^RODRIGUEZ/LIAM^2803,3781 shares @ $74.55,65.2,9004.96,ADV-3U5SRL74H4,1763 shares @ $371.03,43851,1282 shares @ $169.64,419755,Japanese Yen,"$27,553",Hearing,true,JST,INV-923551,EUR,tenant-014,%B4074854242395367^MARTIN/SARAH^2911,391572042
R,Linda Lewis,CO3473724,Swiss Franc,039,7.23,%B0248165409810610^THOMPSON/LIAM^2401,Wearable,BILL-876195,JPY,5326.5,1350,"$1,942,938",11/25,Shellfish,"[6.75, 95.12]",7145,0,99327,321,4305.5672,0x9ce84183322e0adb4e6e29ff293c90e98d97a6af,BILL-832840,8423.2,8847.92,"$96,516",%B5485414581791152^DAVIS/AIDEN^2707,9866.56,7900,"$5,359,048",INV-591866,0xadd67f6235f280cd38740c7e1dc8b8dfbc43eba2,9293.94,2024-09-21,"[-0.1037, 0.1494, -0.2354, -0.4786, -0.0968, 0.006, -0.1956, -0.45]",370878,dt=us-east,8865.41,Swiss Franc,167904746,UFB-9925,Japanese Yen,Hindi,704,%B2295190284520125^JONES/EMILY^2905,69.3,created_at,998,Legal,0.19.93,0xfe6b6cf7ad891f9efdd47d6745cf3c0bdd2f15fb,batch-20240112-30,batch-20180810-70,0175,"$81,860.32",45035.76,345115948091,"$42,170",sarah.anderson@outlook.com,ORD-317247,_ga=9938882198.7970706,%B7272392307527867^ANDERSON/SARAH^2806,2314,6663.58,XXXX-XXXX-XXXX-2045,54.77395,Thursday,"$230,856",ORD,9365.23,3918 shares @ $234.25,681612469,0x801e2301e040f157bb03fd26cf01d09f9fb9660a,XXXX-XXXX-XXXX-6970,read,850,Q1 2024,tenant-048,4.9289,Updated per client request.,Engineering,INS-781591,321,1451399,0x99ab5b67ff28ca7bc69b951087cac3fe2352bc92,94-4673321,Type 2 Diabetes,3712800,6692,354,12657.29,update,98.8198,872aa012-8a21-413d-ada9-5ad5db49adff,Premium,michael.young@outlook.com,USD,BILL-873391,116 days,Swiss Franc,jessica.harris,%B1650502430241562^THOMPSON/JENNIFER^3003,Tech Summit 2025,UTF-16,YES,887648578,%B2091958184117320^LEWIS/SUSAN^2907,jessica.martin,Competitor Pacific Research Group launched Sentinel Monitor,4106,%B1598759858403278^CLARK/AMY^2806,HOLD-2026-987,Beacon Analytics,5381,%B0117003736253887^DAVIS/NOAH^2711,3270 shares @ $488.39,92.9,9350.71,ADV-1370LE1UMI,2047 shares @ $484.98,373518,3386 shares @ $39.42,601178446,British Pound,"$20,927",Hearing,true,CET,INV-983253,AUD,tenant-034,%B2350910708372903^LEWIS/JAMES^2606,891825362
N,Michael B. Johnson,GA1667604,British Pound,153,6.86,%B0212190001164439^YOUNG/MASON^2712,Mobile,BILL-438660,AUD,93304.3,4848,"$845,336",07/29,None,"[28.38, 74.84]",282,0,66495,235,1408.8084,0xaf882d36ce98574e5c3c43f51b8b4eddf1be9b4b,BILL-600474,3281.1,2248.71,"$53,005",%B6885090578801994^THOMAS/ELIZABETH^2507,9334.33,659,"$3,354,232",INV-145865,0xa8c5245e240445664802433167c7c67f1357d344,4421.61,2018-05-16,"[-0.1255, -0.0412, 0.5613, 0.3887, -0.3603, 0.6226, -0.0946, -0.0583]",54061,dt=us-east,577.97,Japanese Yen,140743479,EVR-6463,Swiss Franc,Arabic,484,%B8622150766113864^HARRIS/AIDEN^3006,54.6,type,0914,Marketing,4.15.36,0x1d4d58614b88ec09eef4b5ad39425d44b9b5ccb5,batch-20210204-82,batch-20180718-45,6267,3113.65,"$50,379.45",85032001,"$21,235",noah.anderson@yahoo.com,9626940,_ga=6778530221.2209553,%B5444386433695366^LEWIS/DAVID^3001,2418,8412.49,XXXX-XXXX-XXXX-4987,-153.944999,Tuesday,"$206,678",LHR,631.97,1145 shares @ $242.87,452364363,0xba7f15b0e2cf509662207e1341b734869513246a,6011-3205-4691-5928,rwx,646,Q1 2024,tenant-037,147.113,Needs follow-up next quarter.,Operations,INS-962488,510,3632213,0xc2d7708eb7aaf4266c9ecd77f336eb4839b95dbe,11-3310705,Hypertension,377130,5199,705,7845.86,insert,99.3598,e62cd5c4-bd49-4922-8d3b-c84d82e3b626,Trial,emily.taylor@gmail.com,GBP,BILL-332130,234 days,Swiss Franc,robert.williams,%B0552259361300228^MOORE/ROBERT^3001,Global Forum 2020,Latin-1,NO,153221972,%B5822026750065478^JONES/RICHARD^2411,emily.lee,Competitor Quantum Dynamics launched SmartHub X1,6462,%B8073989028873115^WALKER/JENNIFER^2910,HOLD-2023-908,DataCraft Inc,4768,%B9799911566481772^WALKER/EMMA^2709,2404 shares @ $157.12,96.5,2337.67,ADV-GGUE81U89W,2641 shares @ $441.25,53406,3075 shares @ $123.96,440325,US Dollar,"$26,095",Cognitive,NO,America/New_York,INV-194547,CAD,tenant-032,%B8716007754299009^TAYLOR/ANNA^2810,795287399
Y,Susan Anderson,NY4864310,US Dollar,5805,9.88,%B0877266348405653^GARCIA/ANNA^2703,Smart TV,BILL-423963,USD,87290.3,8526,"$2,755,843",12/29,Pollen,"[25.51, 74.05]",780,0,75817,6885,1312.5334,0x30bfddf11718ca9643c6cdcb9586ad1bb5430c1c,BILL-981650,3620.8,4795.86,"$116,158",%B4834587156941864^RODRIGUEZ/JOHN^2401,1463.6,132,"$6,589,253",INV-475649,0x8f2c09a6176a4f72af410a0e914944a797472ea4,4618.98,2022-01-07,"[0.492, -0.1139, -1.0651, -0.0481, 0.4576, -0.1592, 0.2136, 0.2067]",3714453,dt=us-east,5389.77,Euro,298408558,JHL-7715,US Dollar,French,450,%B3677424721111616^TAYLOR/EMILY^2609,25.4,created_at,4161,Sales,1.17.68,0xea593581ef440964e8bc640ce99f6861cfd651ad,batch-20200930-84,batch-20200421-38,8933,43622.90,"$29,142.45",6414859194,"$49,679",lucas.white@outlook.com,6963140,_ga=5492895953.1852672,%B5258529590836731^MOORE/JAMES^2706,3459,5465.78,3705-2407-3317-8053,14.165943,Monday,"$225,128",NRT,4335.91,1231 shares @ $10.68,279756145,0xeb57be849d33ab752f928e095fb32990c4ec937d,XXXX-XXXX-XXXX-5576,rwx,588,FY 2025,tenant-045,5.336,Escalated to management.,Finance,INS-940843,550,8733878,0xef9788a8a8f8186417aced6ab6afe060a02830b9,66-6520872,Arthritis,57379,6205,519,28326.50,insert,96.4966,13a812d3-0c9b-4710-9cec-19db1ba5c019,Enterprise,john.martinez@yahoo.com,USD,BILL-895845,194 days,Japanese Yen,jessica.jones,%B7249772954506971^YOUNG/JESSICA^2504,Data Conference 2024,ASCII,false,264222748,%B8130222694859862^THOMPSON/AIDEN^2507,mason.harris,Competitor Pacific Research Group launched Sentinel Monitor,2543,%B7015809116534909^MARTIN/AIDEN^3002,HOLD-2023-455,TechCo Industries,4014,%B4218895905331045^BROWN/EMILY^2711,2636 shares @ $78.79,13.8,5337.0,ADV-8LUGKNBZXZ,2972 shares @ $493.3,378571,2250 shares @ $495.49,3743891,British Pound,"$35,733",Hearing,false,JST,INV-744970,CAD,tenant-044,%B3193289301220490^GARCIA/JAMES^2907,868876547
G,Noah Martin,IL3795858,US Dollar,609,7.98,%B8038668826995477^THOMAS/MARY^2405,Smart TV,BILL-246321,GBP,96871.2,1170,"$9,024,664",03/24,None,"[27.95, 73.65]",503,0,NC5 2DE,418,7891.0181,0x604f383a3e22187432fc1c93fb2b7abbf90c8ef2,BILL-826617,1795.8,908.08,"$50,881",%B9005401707883725^MARTIN/SOPHIA^2506,2479.9,452,"$6,458,355",INV-234111,0x97d267c58df9247aebb1da4db53f8eb46d05d4fc,5284.63,2021-02-28,"[0.3847, 0.4063, -0.2154, -0.0658, 0.3854, -0.6334, -0.341, 0.1957]",60119552,region=acme,5720.24,Japanese Yen,038608307,FHR-4487,British Pound,Korean,808,%B9386580346205667^ROBINSON/EMMA^2905,16.0,type,6924,Operations,4.0.85,0xa749c38ada53c991dbfe5fbd3b682e9f198658ad,batch-20241222-69,batch-20220709-23,3219,"$18,346.35",20372.98,7000495492,"$43,845",sophia.anderson@gmail.com,2549716,_ga=5295398253.9911817,%B3569016952197302^WRIGHT/LUCAS^2603,6176,1529.72,XXXX-XXXX-XXXX-4784,138.482276,Saturday,"$40,193",NRT,8217.77,4481 shares @ $314.83,974639988,0xfc4afbefcfcc082d1ff90213b3a455fe78865524,6011-3596-8752-4932,r-x,309,Q1 2024,tenant-005,5.5292,Reviewed and approved.,HR,INS-851159,664,7370764,0xcc75b7ef86b5295fe55ac435a339404791101e54,11-3601883,Anxiety,3786552,1575,537,60780.56,delete,99.1977,ab85b2ad-4bf1-45d5-bf4d-e2d004bfa16e,Basic,david.walker@yahoo.com,INR,BILL-256763,138 days,Euro,anna.smith,%B2679794574209085^JOHNSON/LOGAN^2710,Annual Summit 2024,ISO-8859-1,YES,291057160,%B8310304600057120^JONES/OLIVIA^2911,liam.thomas,Competitor Acme Corp launched DataSync 3000,4465,%B7290198168650833^DAVIS/JAMES^2407,HOLD-2021-593,Pioneer Software,8546,%B5830461152635758^BROWN/JAMES^2705,2229 shares @ $275.72,83.4,2817.62,ADV-0PPDYFATGV,2603 shares @ $498.02,52465,2043 shares @ $403.74,44219,British Pound,"$45,300",Visual,YES,CET,INV-536903,JPY,tenant-042,%B3432712467165524^YOUNG/HARPER^2602,754452151
Y,David Rodriguez,FL3151009,US Dollar,521,8.83,%B8414627087092338^KING/EMILY^2710,Desktop,BILL-487633,EUR,47628.9,5203,"$2,032,808",10/25,Pollen,"[36.4, 93.17]",949,1,JG6 6TR,5364,2768.5174,0x72548c4ced710b7d833d0da9267088a5383b74f5,BILL-656389,4221.7,7068.46,"$246,920",%B2341815868457152^JONES/MARY^2403,2314.04,209,"$1,020,697",INV-638337,0xd169072f7867008d8af2ff732d7d83c612cabca9,7792.09,2021-06-11,"[0.0367, -0.6822, 0.5949, -0.1426, 0.5086, 0.1341, 0.3084, -0.0945]",3738729,tenant=acme,558.38,Japanese Yen,242102801,TDE-9189,Swiss Franc,English,781,%B4213960861465427^SMITH/LIAM^2912,77.6,id,289,Sales,3.8.4,0xcc8193f2c6707858ea8455bb7651b848d64adb0c,batch-20240303-17,batch-20220615-85,0754,"$58,045.77","$68,578.39",1708725258,"$24,158",oliver.miller@gmail.com,5172279,_ga=4843555962.7319103,%B5524091740418094^THOMAS/MASON^2905,8288,9479.17,3778-9615-1114-4646,-30.622451,Thursday,"$78,431",SIN,8717.81,325 shares @ $405.27,853832649,0x1c3ff568cd1be92186da808e45ba7fe074032d64,6011-0706-1448-5785,r-x,435,Q1 2024,tenant-043,46.8573,Needs follow-up next quarter.,Finance,INS-493021,843,2107948,0x37e1a2f866a828db7e334e08396328dceb9cf1ee,52-5562423,Asthma,3759020,4155,494,43392.17,insert,98.8929,7dfd7dd5-bcaf-4b4c-bac6-0839ed2857c3,Standard,anna.williams@outlook.com,BRL,BILL-430477,210 days,US Dollar,ethan.garcia,%B6159650379908522^JOHNSON/JOHN^2504,Data Forum 2023,Latin-1,true,697576819,%B3059881250091664^MOORE/OLIVER^2711,james.miller,Competitor TechCo Industries launched SmartHub X1,9077,%B4528477582393658^MARTINEZ/LIAM^2505,HOLD-2020-555,Meridian Health,1453,%B8411695449126078^WALKER/EMILY^3002,3121 shares @ $341.4,21.4,7479.19,ADV-GDJECI0DX8,2058 shares @ $167.96,60112745,2227 shares @ $66.74,412329,Euro,"$23,316",Cognitive,YES,JST,INV-772720,JPY,tenant-001,%B8692813919517539^MILLER/LUCAS^2412,536650062
X,James J. White,WA7802249,Swiss Franc,726,1.16,%B9669437481685023^WALKER/DAVID^2905,Smart TV,BILL-138583,CHF,29280.1,5286,"$8,320,511",09/30,Latex,"[30.15, 96.7]",618,0,WB3 6KI,7259,8113.0951,0x9eb7a28f4e2677cb65c6d8ea51e2ae1ac12bd93b,BILL-876671,1837.4,6879.31,"$235,963",%B6951538017060222^ROBINSON/ROBERT^2902,9036.05,5070,"$6,038,416",INV-208292,0x7309bb731853ca555fb2448f739acd0c1db42503,1880.46,2024-06-14,"[0.0844, -0.3875, -0.2555, 0.064, -1.1037, 0.1441, -0.7019, -0.0269]",3756268,region=2024-01,7062.44,Euro,031808585,HIB-7479,Japanese Yen,Korean,518,%B4509380311844379^LEE/SUSAN^2403,54.3,id,2391,HR,5.11.48,0xa6a884b5b7172500781fdf6ca1f16f40d5f7eef1,batch-20190104-46,batch-20220723-52,3273,32980.12,"$3,223.74",24111801,"$21,273",jessica.johnson@outlook.com,9452958,_ga=2963630150.9494489,%B4644760629082439^SMITH/HARPER^2811,0393,6640.22,XXXX-XXXX-XXXX-0612,33.35534,Sunday,"$201,769",NRT,1185.54,761 shares @ $151.49,464800573,0xac5f5e578d040b366e3b8d987d3d38291baaef02,XXXX-XXXX-XXXX-2837,rw,824,FY 2025,tenant-021,66.8782,Pending verification.,Engineering,INS-962230,441,1229477,0x96eb99cb8b668b81b1a1370d433e6a1866bdb6f7,91-1965494,Depression,42132,9860,526,"$92,204.23",update,99.7284,24d00914-bb9e-4103-b285-f4a5a7f8cef9,Free,sophia.martinez@gmail.com,EUR,BILL-748585,142 days,British Pound,emily.thomas,%B8316939015911848^CLARK/PATRICIA^3006,Annual Summit 2023,Latin-1,YES,643601813,%B6936081770808480^JONES/ROBERT^3005,linda.robinson,Competitor Acme Corp launched SmartHub X1,9877,%B3126855287106943^ANDERSON/MICHAEL^2511,HOLD-2020-987,Skyline Partners,6720,%B8699560700376496^JOHNSON/OLIVER^2403,1074 shares @ $480.29,45.5,9802.11,ADV-1ABEFL6O5Y,2814 shares @ $462.25,60112495,2026 shares @ $248.78,50566,Euro,"$17,626",Cognitive,false,Europe/London,INV-827413,USD,tenant-047,%B7737251229424529^BROWN/ETHAN^2903,855536608
A,Mary Jackson,FL7313786,British Pound,200,7.41,%B6135659740185736^MARTINEZ/SARAH^2503,Mobile,BILL-279775,JPY,39969.1,-24,"$3,702,375",04/30,Shellfish,"[4.69, 67.68]",0540,1,XI7 6NZ,368,4146.7261,0xf2fd78ce5ebe8d44a0943fda639df30313774aa3,BILL-637206,8513.5,79.54,"$67,593",%B8050244584455245^JOHNSON/LUCAS^2806,7799.02,701,"$6,617,063",INV-718297,0xfa8ad49475d8361b5bd6c83729e6a09e4314db6b,4646.63,2024-12-06,"[0.3044, 0.7542, -0.6512, 0.8012, -0.0688, 0.7739, -1.0206, -0.499]",402691,tenant=acme,7656.49,US Dollar,735562902,TQX-1875,British Pound,Spanish,511,%B3919855627116673^ANDERSON/RICHARD^3001,10.9,type,817,Finance,2.0.87,0xb9fb429fa6fd2facfc2726ef857dfd457b9d78cb,batch-20180829-04,batch-20180417-90,8685,"$79,550.66","$25,764.48",918922278209,"$18,538",anna.johnson@yahoo.com,1970149,_ga=4591930461.3875888,%B3860466233673265^MILLER/ELIZABETH^3003,6200,6593.45,3759-0085-8853-1254,35.222921,Friday,"$232,586",LAX,5894.67,3628 shares @ $401.71,483944712,0x51ee617d56453612900c9bb7ef201b8d75d802a3,XXXX-XXXX-XXXX-2122,execute,429,FY 2025,tenant-023,146.0222,Flagged for review.,Support,INS-569248,752,3033496,0x7610402f71165564729bec668acea2a8565babb7,33-7970228,Arthritis,60118501,7142,362,"$95,948.29",update,97.698,d85c7d1c-fc95-417e-80fc-1623e20fcb91,Enterprise,amy.walker@gmail.com,USD,BILL-116682,58 days,Euro,lucas.robinson,%B3611093321542811^JONES/SOPHIA^2906,Global Conference 2023,ASCII,YES,619240439,%B8173462174964957^JACKSON/JOHN^2910,linda.young,Competitor Beacon Analytics launched AuditTrail Plus,6227,%B3655256043850062^SMITH/SOPHIA^2403,HOLD-2022-856,Quantum Dynamics,2849,%B6485524915398360^WRIGHT/JENNIFER^2611,316 shares @ $427.35,26.9,2679.47,ADV-QBYC923XAB,3063 shares @ $219.02,373245,2292 shares @ $146.37,412295,Japanese Yen,"$24,864",Hearing,true,America/New_York,INV-362293,USD,tenant-040,%B3538659231436838^JACKSON/EMMA^3008,304849549
V,Anna King,CA7300448,Japanese Yen,4907,11.79,%B7221694721189087^MILLER/AMY^2609,IoT,BILL-295734,INR,24423.0,2354,"$4,629,791",02/25,Shellfish,"[9.65, 75.76]",821,1,FY8 2LR,5952,2792.3329,0x2392e0417a2bf40a3b89c9b923af56a937ba0251,BILL-802625,1144.8,9133.34,"$200,513",%B8342521779673251^JACKSON/AMY^2412,2910.62,072,"$8,973,120",INV-777493,0x25af1cf43a58484ff3b213264a587cdecf0b9cfa,4319.73,2022-01-14,"[-0.1526, 0.6479, -0.5481, -1.3108, -0.0813, -0.9606, -1.0369, 0.7786]",60114737,dt=2024-01,5699.45,Swiss Franc,424923632,CHY-1540,Swiss Franc,Hindi,600,%B7670353401539141^WALKER/LUCAS^2507,69.4,name,513,Finance,5.3.87,0x6f9faa8dfaae593cb0a2501b9f3f3ea32b7a0794,batch-20190407-41,batch-20180121-09,6955,68551.60,61877.37,34413773,"$18,029",aiden.williams@yahoo.com,3022499,_ga=0795028344.2469533,%B7597120210680588^ANDERSON/ROBERT^3011,4749,8108.04,5448-8368-9193-0824,13.319126,Tuesday,"$244,037",ORD,9927.61,366 shares @ $144.08,791457878,0xcfedde662db4489b038fbfaaa426e25f238e4da0,XXXX-XXXX-XXXX-8900,rw,758,H2 2023,tenant-044,4.2591,Flagged for review.,Finance,INS-708567,699,9397311,0xa8b19bb5aab1e1c8bbd64de13b17d6fdc271f9bd,10-6898722,Migraine,503498,4325,609,56303.80,upsert,97.5373,6f72434a-c761-4f30-9b78-bcda35f90a55,Basic,emily.brown@outlook.com,CHF,BILL-821871,363 days,Japanese Yen,david.jackson,%B6654891476952485^DAVIS/SARAH^2604,Global Conference 2021,UTF-8,false,890623507,%B6681010642688810^HARRIS/LOGAN^2408,logan.williams,Competitor Quantum Dynamics launched DataSync 3000,7329,%B4443199471045846^WALKER/MICHAEL^2710,HOLD-2023-789,DataCraft Inc,8944,%B4279923115325258^WILLIAMS/RICHARD^3002,1316 shares @ $311.95,4.7,9962.31,ADV-LD0W9L4CM4,833 shares @ $196.54,3767157,4747 shares @ $82.26,470932,Japanese Yen,"$45,452",Hearing,true,CET,INV-527331,BRL,tenant-033,%B0510726011636072^WILLIAMS/EMILY^3011,661214057
M,Richard Brown,CO4353288,British Pound,506,6.25,%B7242689607680648^JONES/JOHN^2701,Wearable,BILL-366682,BRL,9987.5,2359,"$4,296,560",12/24,Peanuts,"[11.55, 61.64]",511,0,37005,870,8240.2016,0xedcb08186a1934cb8a14284e1d2567ff203bf11c,BILL-444649,2314.3,5203.65,"$54,003",%B6009442943958936^JONES/ROBERT^2511,789.41,751,"$7,456,443",INV-787747,0x09482bc0250c51bc012cc3393934ea0a1930c13f,6544.07,2022-07-15,"[0.002, 0.2682, 0.0339, 0.3791, 1.1663, 0.6547, 0.1353, 0.3234]",46913,tenant=us-east,1661.38,Euro,797856446,PVM-6642,US Dollar,Hindi,306,%B5238248248955767^RODRIGUEZ/EMILY^2908,84.6,name,4665,Finance,1.2.45,0x1015422e12d967b156d2425546588e3eea374f80,batch-20240831-07,batch-20210820-04,1006,8234.83,43072.37,17619685,"$28,503",emma.davis@gmail.com,4899159,_ga=8218497166.2732265,%B7035237752953470^THOMAS/ROBERT^2902,2845,9534.21,XXXX-XXXX-XXXX-5111,-98.535962,Saturday,"$229,499",SFO,18.57,2869 shares @ $221.76,186093090,0x5fa20acdbf3a7fcae30a94cc99f6bff564d3ceee,4947-0346-2449-4986,admin,742,2020-2025,tenant-019,122.6966,Escalated to management.,Marketing,INS-313383,626,1380532,0x561e1d38881a7826aee6d3f1c74ef6d02332b780,39-3049485,Hypertension,44409,3847,374,64891.19,insert,98.9261,87f34bb1-a01b-45dd-83d2-4cfc42cf3d49,Trial,james.harris@outlook.com,CNY,BILL-926332,242 days,Swiss Franc,patricia.wright,%B6402608514657672^CLARK/DAVID^2911,Data Summit 2024,UTF-8,false,356855791,%B8871661245088632^WILLIAMS/JOHN^2410,sarah.walker,Competitor Meridian Health launched FlexPay Platform,3457,%B9593417600662648^YOUNG/JOHN^2606,HOLD-2022-883,Alpine Systems,0172,%B0975018498166283^ROBINSON/MICHAEL^2805,3844 shares @ $347.68,79.6,1029.7,ADV-P6WJDWXLOL,2216 shares @ $244.11,3758393,2648 shares @ $203.5,3705504,US Dollar,"$23,169",Mobility,true,UTC,INV-492671,CHF,tenant-018,%B1156654980109791^GARCIA/ETHAN^2610,185442267
U,Jennifer Young,MA2214485,British Pound,5210,12.46,%B7625324528652143^MILLER/MASON^2406,Tablet,BILL-798859,USD,17921.5,5801,"$7,538,045",01/30,None,"[25.59, 88.43]",5966,0,XO1 6FI,7613,2138.1635,0x29c936e8373f20afd1dfba1a81338fca6069493d,BILL-630971,445.8,2060.31,"$113,078",%B7173085149628589^WRIGHT/SOPHIA^2902,3295.51,715,"$644,173",INV-890217,0x2aae296db940ce97ebfd3b5f086fa0a295b80593,4037.0,2019-04-05,"[0.6732, 0.0113, 0.8814, -0.3843, 0.0623, 0.2498, 0.7629, -0.2203]",504656,tenant=2024-01,9008.77,US Dollar,750496945,GMG-9666,Japanese Yen,Japanese,403,%B8444028530478878^GARCIA/MASON^3007,68.5,email,1257,Operations,4.13.14,0xbf522a83ca16a2cb471e6cb3e99024948093e982,batch-20201003-72,batch-20240411-97,4522,68222.01,"$46,990.27",880812066910,"$46,946",james.jones@outlook.com,ID-592957,_ga=5881512579.6277278,%B4184835348273794^WILLIAMS/JENNIFER^2609,5256,506.05,6011-1616-1327-6392,-27.457489,Saturday,"$200,662",JFK,8436.89,4269 shares @ $237.63,670638465,0x766332cfc363143500caf1fb120d5e588fca8266,3749-5195-7308-9757,admin,698,Jan-Mar,tenant-042,93.4178,Updated per client request.,Engineering,INS-816280,848,3582567,0x1d00ca61bac471d5cefc3821df8a33d1821c3b69,14-3385798,Migraine,526682,7750,713,82407.52,upsert,99.8237,44f1dc30-feb7-4514-9f46-116320b3846e,Enterprise,mary.jones@yahoo.com,EUR,BILL-182849,118 days,Swiss Franc,susan.garcia,%B1414580664416847^TAYLOR/DAVID^2911,Data Forum 2025,Latin-1,false,791296402,%B8355709091375254^RODRIGUEZ/JOHN^2606,william.moore,Competitor DataCraft Inc launched FlexPay Platform,1476,%B8402188603907121^JOHNSON/LINDA^2903,HOLD-2026-757,DataCraft Inc,3766,%B9352720617640912^LEE/LINDA^2412,2789 shares @ $348.84,58.8,1162.34,ADV-J2U3DT9BUN,163 shares @ $283.41,58987,3789 shares @ $377.44,421186,Swiss Franc,"$10,742",Cognitive,true,JST,INV-688652,USD,tenant-023,%B9230019497194730^MARTIN/HARPER^2905,165208261
V,Jennifer I. Clark,WA5213229,US Dollar,536,10.94,%B1423745577645518^WHITE/LIAM^3009,Mobile,BILL-984093,CAD,54467.1,5393,"$8,862,423",03/25,Penicillin,"[29.87, 96.44]",635,0,RK1 8AT,8641,698.1185,0x5c045abc2b3862403df4c5eb6dacae0301d9a3d5,BILL-195110,2512.0,6956.78,"$232,771",%B2147963330012354^JOHNSON/ETHAN^2812,4607.22,785,"$8,746,414",INV-806017,0x57fc003f8aeb652fbdfa34285b4f28f909cd230e,9236.39,2018-12-12,"[0.62, -0.0351, -0.3978, 0.2237, -0.7814, -0.6138, 0.6889, -0.8212]",40083,region=us-east,4217.46,Swiss Franc,900511840,GGR-3800,Japanese Yen,Japanese,518,%B8386785765380236^YOUNG/AIDEN^2509,91.2,amount,940,Legal,2.10.14,0xd9b5de78c2549594f37b7ca39218bdc02197801a,batch-20221014-53,batch-20200804-79,7054,30544.02,"$96,560.83",36032865,"$48,337",mary.jackson@gmail.com,REC-851139,_ga=4707117572.4692018,%B4922399667321249^LEE/EMMA^2411,0162,3041.02,5263-0945-1774-6938,-145.077485,Thursday,"$232,534",SFO,1822.53,247 shares @ $22.56,462939877,0xf2326b8017bda44a46af91a47c0a0a65b27847d3,3721-9221-0498-3491,admin,592,H2 2023,tenant-037,12.9812,Pending verification.,HR,INS-555536,436,3543618,0x2cc4ec9fa8563eaec075be21f5b9515b5b862cac,97-3334785,Asthma,601180585,7132,544,"$41,141.15",insert,99.4492,7a9a5205-4b05-410d-af54-fe20d38f95b2,Free,linda.martin@gmail.com,GBP,BILL-785348,91 days,British Pound,michael.clark,%B4635189200643551^THOMPSON/ANNA^2407,Data Summit 2025,UTF-8,false,036866605,%B9324877820087779^KING/RICHARD^2409,patricia.martin,Competitor Skyline Partners launched SmartHub X1,0486,%B3011814624703579^LEWIS/MASON^2702,HOLD-2022-841,Meridian Health,9211,%B6668676979164945^RODRIGUEZ/SARAH^3006,4626 shares @ $455.05,36.6,5127.78,ADV-9OMWPPOBH0,4471 shares @ $28.66,564724,3759 shares @ $29.43,60112933,Japanese Yen,"$43,010",None,false,EST,INV-380884,CHF,tenant-049,%B1862482851351017^MARTIN/WILLIAM^2408,964392725
S,Sophia Anderson,FL6780291,US Dollar,6242,10.56,%B6142769813602200^THOMAS/MARY^2906,IoT,BILL-132523,CAD,76629.3,4215,"$8,172,697",02/24,Shellfish,"[21.65, 86.73]",3162,1,FL1 1RB,039,6468.6781,0xfa43fe6d3d609bc59f955e785d9b0e7f5b5a187d,BILL-509517,5352.8,6431.61,"$190,695",%B6046243317971381^KING/NOAH^2806,5773.29,5236,"$504,073",INV-435251,0x511b1fe0bb9d71bb0676ce5a0133958e977016f0,2078.76,2025-11-17,"[0.7006, 0.2952, 0.4318, 0.5372, 0.2593, -0.5686, 0.2127, -0.1114]",372789,region=acme,3797.68,Euro,294346808,MYS-1890,British Pound,English,334,%B6512574576443817^THOMPSON/JOHN^2711,92.7,created_at,7477,Support,1.15.29,0xdffe8a24b17763af6609891930ebdad37537b5c5,batch-20261018-42,batch-20241025-06,4745,87843.42,"$58,065.21",546025206881,"$33,958",jessica.jackson@gmail.com,REC-130493,_ga=9228386966.5136497,%B1710471080415126^ROBINSON/MICHAEL^2708,8445,3777.28,XXXX-XXXX-XXXX-4977,156.776244,Saturday,"$187,754",NRT,7495.49,4543 shares @ $442.91,856979257,0x02320c127ee0839b0fe48050e7739da32a615f9c,XXXX-XXXX-XXXX-2307,admin,712,Jan-Mar,tenant-001,33.8899,Flagged for review.,Operations,INS-469851,710,7524919,0x79d795d60451626090292fd0c4e9c668f5da5d57,88-2169515,Migraine,446328,4202,696,75667.93,delete,99.2327,f73428bc-7f7b-4d61-989c-2759fee627e6,Enterprise,harper.young@yahoo.com,CAD,BILL-927220,217 days,British Pound,susan.jones,%B3225960790065773^YOUNG/EMMA^2905,Global Conference 2026,ISO-8859-1,true,929326455,%B7908595595598032^MARTINEZ/LOGAN^3001,mason.thompson,Competitor Quantum Dynamics launched VaultKeeper,1964,%B6979940845035227^YOUNG/EMMA^3012,HOLD-2024-407,Global Solutions,9802,%B9556369898844467^WILLIAMS/MARY^2909,3528 shares @ $280.21,41.5,2973.02,ADV-8QYFSKOJUH,2907 shares @ $96.05,467512,2439 shares @ $133.16,43763,British Pound,"$12,527",Cognitive,true,America/New_York,INV-169710,USD,tenant-016,%B2335866474655805^WALKER/JOHN^2702,993000228
L,Jennifer Martin,NY5143438,Euro,054,12.54,%B1174914428599795^JACKSON/LUCAS^2802,Mobile,BILL-262955,CAD,94878.2,8848,"$9,007,771",04/29,Peanuts,"[14.31, 98.06]",946,0,OD1 7ON,052,1765.0968,0x9de5de8c7f10d281660d97dd9a2c14faf122c3f5,BILL-368476,7025.5,6483.79,"$173,561",%B4103287624443417^LEE/ELIZABETH^2810,3965.73,507,"$9,662,197",INV-600515,0xec1cbe6d0df476d1d13736938a5d5d4fb089e75b,2113.15,2024-10-22,"[-0.6867, -0.223, 0.2875, 0.3789, -0.5129, 0.1146, 0.1512, -0.4586]",601178302,tenant=acme,8897.99,Euro,444956638,JXQ-7956,US Dollar,English,312,%B6571724057862732^RODRIGUEZ/LUCAS^2805,18.4,amount,7095,Engineering,4.5.86,0xac528e9e76d13d842509b9f614d59e56da689909,batch-20231226-06,batch-20190819-06,8043,"$42,737.81",86241.42,316874104826,"$10,097",james.miller@yahoo.com,9648920,_ga=2615531692.2560637,%B4588538814690909^ROBINSON/SOPHIA^2610,1302,2155.09,6011-5888-9296-4938,-100.986131,Tuesday,"$30,681",NRT,7473.09,315 shares @ $275.58,485489360,0x960d88cae0f60fde803aca7988045bfff2fdc620,6011-9403-7258-7351,read,846,FY 2025,tenant-024,106.2933,Pending verification.,Sales,INS-585930,643,3580133,0xc9f5d100e347f4ea46bc4bf9be8259c902f66ad2,65-5191926,Migraine,376113,2225,521,"$28,234.75",update,97.3828,2d94e12c-387e-49ef-9488-1c3b1f0201b1,Standard,elizabeth.anderson@gmail.com,CHF,BILL-385320,145 days,Japanese Yen,jessica.anderson,%B4275372906366549^RODRIGUEZ/OLIVIA^2411,Global Expo 2025,UTF-16,YES,862629257,%B1700231542768520^THOMPSON/LUCAS^3007,richard.wright,Competitor TechCo Industries launched VaultKeeper,5016,%B6774859017525629^LEWIS/RICHARD^2902,HOLD-2021-918,Quantum Dynamics,9150,%B2388391857232059^YOUNG/LUCAS^2401,1503 shares @ $488.55,16.2,2513.86,ADV-W8VRG0RKHW,4178 shares @ $22.68,59439,2574 shares @ $316.69,48438,British Pound,"$42,248",Mobility,NO,UTC,INV-162303,CHF,tenant-011,%B9559305901162667^LEWIS/SARAH^2709,987877858
U,Noah L. Thomas,NC9387939,Swiss Franc,867,1.65,%B9158781795697633^GARCIA/NOAH^2710,Wearable,BILL-891149,CAD,13171.7,1507,"$6,235,365",06/25,None,"[9.41, 77.4]",163,1,ML8 1FX,6508,6304.3899,0x2426316cc2e93cee3a5d1630c5c9bcca79b90542,BILL-897488,6360.5,6728.21,"$54,337",%B1903282832407525^MOORE/MASON^2510,6878.5,2016,"$2,826,780",INV-416367,0x387071b9b0394c50da25a80c16d5629b99dbfa02,9457.11,2020-12-14,"[0.744, 0.5654, -1.1088, 0.1529, -0.2023, 0.1197, -0.8967, 0.2243]",570268,dt=us-east,6737.88,Swiss Franc,162964715,TEO-7748,Japanese Yen,Korean,444,%B2447001287489012^WALKER/JENNIFER^2911,10.5,amount,9538,Legal,2.19.27,0xb248d84dc5b2b8676b025235284d471ebe67be4b,batch-20260413-69,batch-20250629-61,7756,"$71,181.17",21126.95,2615864973,"$43,946",robert.williams@yahoo.com,5629705,_ga=9880562916.8512200,%B4982986303777124^SMITH/SOPHIA^2709,7245,9228.64,3766-0408-0848-8692,96.535111,Wednesday,"$103,138",SIN,8919.31,4723 shares @ $207.23,757720953,0x7bd7390d2369c1d41d297ce979b6216df3324b80,4170-2397-9136-7428,execute,490,Jan-Mar,tenant-032,11.2275,Automated processing complete.,Operations,INS-939015,339,4710060,0x06dd0dde173e1e60ecd79d58a5d27fab248f8e51,23-3357786,Arthritis,3771996,8720,326,38002.64,upsert,96.6613,8b437062-5991-495a-ab8c-1cc46c62d701,Premium,anna.harris@yahoo.com,JPY,BILL-280714,271 days,Japanese Yen,patricia.garcia,%B1765475439568426^BROWN/MARY^2712,Global Forum 2024,UTF-8,YES,235994156,%B3959527292145608^JONES/JENNIFER^2603,olivia.lee,Competitor Quantum Dynamics launched StreamLine ERP,6683,%B6481365252719824^BROWN/EMMA^2704,HOLD-2020-675,Beacon Analytics,3000,%B8785570848824963^YOUNG/ETHAN^2709,1923 shares @ $46.34,49.6,8281.53,ADV-9LTBHG0NY5,562 shares @ $42.72,60111417,4970 shares @ $265.21,3772957,Japanese Yen,"$46,826",Hearing,YES,PST,INV-388830,JPY,tenant-045,%B2449581273160276^YOUNG/ROBERT^2711,851072246
N,Oliver Martin,NY5021994,British Pound,7343,5.68,%B8270058068917611^SMITH/PATRICIA^2608,Tablet,BILL-274562,INR,42500.4,1950,"$9,322,519",11/28,Shellfish,"[11.53, 81.71]",3190,0,26667,9110,1757.4522,0x4940cc5633e9a686b991d045d389f2a4e46a225a,BILL-807103,774.9,8987.9,"$163,360",%B3428878656179442^DAVIS/PATRICIA^2908,5547.77,4152,"$4,971,822",INV-388328,0x8e250e31a481986566f362fbc9eb63dadfee55c9,5260.83,2023-10-21,"[1.5821, 0.207, -0.1288, -0.4894, 0.2439, 0.7815, 0.6407, -0.1269]",481376,dt=us-east,6764.47,Swiss Franc,463727582,WOS-5887,Japanese Yen,Korean,757,%B8478368579488072^TAYLOR/ROBERT^2808,55.8,status,4575,Engineering,3.16.2,0xe9387889f48af9e50b75dc2ead6d4097d96a54e2,batch-20211101-60,batch-20230704-39,3452,"$28,696.28",32558.75,6480973927,"$24,814",olivia.taylor@gmail.com,8878591,_ga=6351644271.4151430,%B4335219257440733^ANDERSON/SOPHIA^2707,9780,8608.43,XXXX-XXXX-XXXX-4435,90.798078,Friday,"$155,795",NRT,6948.9,3726 shares @ $451.4,470570276,0x92d68fba2342e8725dafa2edd64e47dcd073f486,6011-8182-0801-0144,r-x,301,Jan-Mar,tenant-011,102.108,Flagged for review.,Legal,INS-730064,761,7969743,0x5d0bb5cb40118e7d6c5e7e554ed5e813bb619dcf,80-2773851,Hypertension,601157632,5868,835,"$20,560.25",delete,99.3352,e3061be5-e8c2-4124-9180-4162d3ce44f0,Premium,aiden.taylor@outlook.com,CHF,BILL-781791,268 days,Euro,logan.brown,%B5398742735977159^TAYLOR/LIAM^2502,Tech Forum 2023,Latin-1,NO,337223773,%B7997369704568021^JONES/MARY^2412,richard.clark,Competitor Vertex Technologies launched DataSync 3000,8044,%B6497129016772456^YOUNG/JAMES^2408,HOLD-2024-361,Skyline Partners,1550,%B3752408377262407^ANDERSON/PATRICIA^3012,940 shares @ $167.73,39.4,2658.53,ADV-Z1Z5BSUCDZ,3829 shares @ $343.47,513920,1815 shares @ $464.93,376039,Japanese Yen,"$42,756",Cognitive,NO,CET,INV-899454,CNY,tenant-044,%B6760520383474465^GARCIA/JESSICA^2508,722195665
L,Liam Robinson,NY9920148,British Pound,272,2.88,%B8533944584099783^WRIGHT/OLIVER^2712,Smart TV,BILL-762065,CHF,38060.2,2833,"$8,889,167",05/25,Pollen,"[39.59, 98.0]",5708,0,YG6 6YU,146,6418.0998,0x65db8f866149faf102ab00c893ee00395cca7356,BILL-304252,1076.3,6794.03,"$68,051",%B9621117591801533^THOMAS/ANNA^2505,1093.43,8406,"$1,698,630",INV-426926,0x50d5d2ecd9b56867dcfc05976a2754ecbea12346,7534.35,2019-12-16,"[0.0644, 0.8424, -0.8409, -0.1657, -0.3295, 0.7721, 0.1246, -0.701]",379704,region=us-east,3624.34,British Pound,886680317,HOS-8784,Euro,Portuguese,583,%B0420438145721309^MOORE/ELIZABETH^2411,52.8,amount,8772,Engineering,5.13.65,0x1d43a8f238dc29bc04c9e06b50763a0cd6fe0e66,batch-20220513-09,batch-20190706-44,1413,"$13,289.05","$23,433.12",0454439340,"$46,976",anna.smith@yahoo.com,4831289,_ga=7191961237.3544398,%B5567984774610509^MARTINEZ/LIAM^3005,1988,6753.29,XXXX-XXXX-XXXX-0815,-104.042882,Friday,"$92,953",LHR,3992.46,424 shares @ $101.11,489657276,0x408cedce1da3308f1c543f476ebc0200b271a192,4922-0721-8548-2592,write,610,Jan-Mar,tenant-038,53.6906,Pending verification.,Operations,INS-645410,831,7525279,0x3348ca71773f763b4efaeba45f8942c90cd13f76,53-5925455,Migraine,3780160,2347,332,32152.33,delete,99.8209,cb331b33-f52b-4d0d-9824-8cd64f7108f0,Trial,oliver.moore@outlook.com,USD,BILL-294047,31 days,British Pound,sarah.wright,%B7290043003826467^JACKSON/LINDA^2903,Tech Summit 2023,UTF-16,false,666287845,%B2804269924659025^JACKSON/SARAH^2906,sophia.martinez,Competitor TechCo Industries launched DataSync 3000,6257,%B3170809092684423^TAYLOR/JESSICA^2704,HOLD-2023-749,DataCraft Inc,4393,%B7267350220705931^THOMPSON/LUCAS^2505,3211 shares @ $307.18,57.5,719.09,ADV-CD684N4EJK,1030 shares @ $78.58,489674,3863 shares @ $490.96,52465,British Pound,"$15,427",None,true,EST,INV-454628,CNY,tenant-002,%B4167531139525683^THOMPSON/JAMES^2705,929562609
C,Elizabeth Lee,MA4886221,US Dollar,587,9.2,%B6992559522984823^GARCIA/EMMA^3003,IoT,BILL-412901,EUR,61943.7,3885,"$506,388",03/28,Penicillin,"[19.91, 65.62]",723,0,12270,4156,3254.8348,0xac5aed8020264a351090155c5a0e21b18d7fe6b0,BILL-894366,4479.8,6285.08,"$85,765",%B8491936268911352^LEWIS/RICHARD^2610,847.9,033,"$427,212",INV-583716,0xe9895ec669e425958603e28ebf1c7dedf05c4501,8756.28,2025-10-14,"[-0.1359, -0.3253, 0.0519, 0.6499, 0.7992, -0.181, -0.5038, 0.379]",3708903,tenant=2024-01,3663.17,British Pound,580575239,LKW-1016,US Dollar,Japanese,763,%B0819973483447703^THOMAS/OLIVIA^2412,72.5,amount,386,Operations,0.16.76,0x85528bb62d422aab50ab5efe46d15e5481554226,batch-20250508-23,batch-20250127-23,1614,"$57,799.55","$91,442.22",32715054,"$2,317",emma.white@yahoo.com,ORD-469193,_ga=1407469705.8849869,%B1519878042589741^LEE/LIAM^3010,8394,8394.17,5583-7277-7548-7689,168.137103,Monday,"$44,537",SIN,9285.63,1482 shares @ $319.85,257368474,0xb2800bed13b281aca32bc400498fffd67adb87dd,4256-5014-6929-6151,execute,337,FY 2025,tenant-007,117.9635,Needs follow-up next quarter.,Engineering,INS-998426,482,6273319,0xda4e670e4eadb6dd4c14dccc7ab60066af2e3bc3,75-2907494,Hypertension,3733780,3904,837,68628.19,snapshot,95.9113,db695c39-fd39-4204-bf14-73976b6572b6,Trial,emma.martinez@gmail.com,CNY,BILL-270435,280 days,British Pound,logan.young,%B5380588560282940^DAVIS/SUSAN^2901,Global Forum 2020,ISO-8859-1,false,670875702,%B0764164409708715^RODRIGUEZ/EMMA^2801,aiden.brown,Competitor Catalyst Ventures launched Widget Pro,3315,%B7289618498532131^GARCIA/AIDEN^2802,HOLD-2026-277,Vertex Technologies,3917,%B9746370058482755^MILLER/AIDEN^3003,578 shares @ $193.7,47.0,2001.56,ADV-02HVBODNG2,2800 shares @ $451.23,44758,4011 shares @ $241.54,55630,Japanese Yen,"$42,293",Cognitive,false,America/New_York,INV-922461,USD,tenant-024,%B1925071768282063^KING/SUSAN^2706,625487851
V,Robert F. Lee,CO4083287,British Pound,917,4.15,%B9156953092035196^TAYLOR/PATRICIA^2701,Desktop,BILL-310673,CAD,12615.5,5495,"$2,236,109",07/28,Shellfish,"[37.42, 66.5]",0914,1,49300,656,1791.9932,0xa5ec2da6d965ed18e991e14db43d6b2269041539,BILL-242941,7961.5,611.93,"$101,198",%B8181643476658584^CLARK/EMMA^2510,9522.29,9300,"$4,742,527",INV-681548,0x660c5e0bb6f6e0d8225ccd67fa514807cacb92ac,3215.68,2022-05-23,"[0.4311, 1.0091, 0.0474, 0.3281, 0.6024, -0.5522, -0.5369, 0.8552]",542877,dt=us-east,7017.79,Japanese Yen,351758872,YYP-5963,Euro,Portuguese,695,%B6625563642374477^MARTINEZ/ETHAN^2608,34.5,name,592,Finance,2.1.87,0x33e41bc0f18e882065d063e0d3615b800a0d3333,batch-20260812-97,batch-20250809-11,6054,48405.77,"$64,728.25",76642010,"$28,193",anna.king@yahoo.com,ORD-636108,_ga=2343206584.4669808,%B1060305297086671^WHITE/PATRICIA^2406,0214,2041.33,XXXX-XXXX-XXXX-8066,42.922283,Saturday,"$80,513",NRT,2073.75,1388 shares @ $261.72,507246785,0xcbf88e435b35c1a518b73b0451ab3ab6d96e5296,XXXX-XXXX-XXXX-2109,rw,697,FY 2025,tenant-023,93.8889,Flagged for review.,Engineering,INS-790170,611,3634797,0x39aaf2b0a4c6e17ef9f498327c231b3e38d09ae9,89-1107987,Anxiety,601192015,8264,593,11492.82,update,95.7572,807f38b2-cce0-4505-9a21-ab9e495d8b7f,Free,jennifer.martinez@gmail.com,AUD,BILL-798429,89 days,US Dollar,michael.robinson,%B5910006779011348^SMITH/RICHARD^2509,Tech Conference 2024,ISO-8859-1,NO,595903053,%B5822612092856376^THOMPSON/AMY^2907,mary.lewis,Competitor DataCraft Inc launched SmartHub X1,1788,%B1744036843802475^THOMPSON/MASON^2801,HOLD-2026-625,Quantum Dynamics,6469,%B2932125862332340^MOORE/JOHN^2705,1476 shares @ $196.85,45.5,9765.54,ADV-2RNAUGXEJZ,1553 shares @ $49.56,495509,2292 shares @ $56.23,601169359,US Dollar,"$44,935",Visual,NO,Europe/London,INV-798886,BRL,tenant-014,%B4202841002282480^KING/EMILY^2804,463700923
G,Olivia Miller,NC2670164,Euro,7167,6.68,%B4191567374329924^MARTIN/AMY^2403,Mobile,BILL-150441,USD,40249.0,1514,"$9,643,988",05/30,Pollen,"[18.66, 70.82]",6967,1,VX2 4KS,375,9603.0074,0xe5ce601f55636473ed94af7b24aa5da0234b099b,BILL-432078,1500.7,461.45,"$195,030",%B7044675710612216^ANDERSON/RICHARD^2812,7811.47,5063,"$5,879,078",INV-124576,0x0507396fb34106e3090697adab9d6ef108a31b1a,7286.3,2019-07-11,"[0.6322, -0.1523, -0.5159, 0.125, 1.3072, 0.2483, 0.0347, -0.4859]",488554,region=acme,726.33,Japanese Yen,533028291,ZYW-2805,Japanese Yen,German,747,%B4023410153908239^MARTIN/LOGAN^2903,67.0,email,843,Support,2.10.38,0xdebd1ad42ecd35e8e10a79f64157d3728d3939b4,batch-20260819-02,batch-20210715-54,7098,"$91,690.66","$72,082.39",18982842,"$18,558",elizabeth.jackson@gmail.com,9238899,_ga=8755839828.1281994,%B3799870749718179^MILLER/LIAM^2406,0376,4737.98,6011-6904-5782-6177,111.083363,Wednesday,"$48,439",CDG,6196.41,1797 shares @ $392.95,172020454,0xa1129334f951be7ee3085d6d1091116701022cc8,6011-1923-0846-0770,execute,607,2020-2025,tenant-002,67.6906,Automated processing complete.,Marketing,INS-173980,387,5817063,0x036709d221f2e5cec58f784020cb786f117d9eb7,14-2112528,Type 2 Diabetes,3763019,6612,765,"$56,485.44",update,95.8517,21b28c37-f043-432e-a69a-c3e2d918c03e,Free,amy.davis@yahoo.com,INR,BILL-801446,78 days,British Pound,emma.miller,%B1450231395320104^BROWN/OLIVIA^3001,Tech Forum 2026,ASCII,true,163704856,%B8737729071294937^RODRIGUEZ/RICHARD^2908,mason.martinez,Competitor Acme Corp launched FlexPay Platform,7481,%B1405812355385702^JACKSON/JENNIFER^2909,HOLD-2026-415,Beacon Analytics,5322,%B1931340050589788^RODRIGUEZ/AIDEN^2501,1539 shares @ $108.1,88.6,300.57,ADV-I14ZH1OSGY,815 shares @ $32.15,601116928,3466 shares @ $151.32,601169691,Japanese Yen,"$40,646",Mobility,true,JST,INV-240522,GBP,tenant-027,%B6469207332992990^WRIGHT/WILLIAM^2708,159171251
V,Amy S. Anderson,MA5136064,British Pound,287,3.41,%B1659542904588605^MARTIN/RICHARD^2605,IoT,BILL-493885,CAD,38806.9,780,"$3,612,148",08/28,None,"[23.64, 85.98]",907,1,NU5 2AD,2832,-910.3006,0xc20129031f34e277e8b5cb05e657be3a8ac51989,BILL-751025,9275.5,8524.81,"$217,859",%B6435520354795772^JACKSON/PATRICIA^2606,7536.8,1118,"$4,692,351",INV-358800,0xec40499cdf31294d49de5650720ff370b03b3d47,8901.38,2022-10-30,"[0.1787, 0.2862, -0.2908, 0.0912, -0.2388, 0.8218, -0.1636, -0.3914]",56886,tenant=acme,2125.01,Japanese Yen,352069478,WWZ-2928,US Dollar,French,451,%B5373170895478732^WRIGHT/MICHAEL^3007,87.4,amount,0540,Marketing,2.8.34,0xc377613a890043e16d116761c6f8cfa9134f3e6a,batch-20190522-21,batch-20181203-73,4442,59518.33,"$75,643.81",0971392590,"$8,977",mason.harris@yahoo.com,ID-272445,_ga=3610460451.3783152,%B9985727707722829^WALKER/EMMA^2503,6813,4429.28,4654-7879-1126-1834,141.221301,Monday,"$66,262",LHR,6640.67,3674 shares @ $86.97,427074748,0x397f316179f57d377312743a1e72f8961da504cc,6011-8016-6959-7721,write,813,H2 2023,tenant-044,95.0007,Updated per client request.,Legal,INS-786716,443,5105015,0xfdccd16abc5090b39fa6efae827b4d88816693dd,78-9401100,Asthma,3725292,0935,769,"$40,934.28",upsert,98.8732,3e74bc33-5c0e-486f-b55f-b8cb8aadffde,Trial,amy.miller@yahoo.com,JPY,BILL-874928,169 days,British Pound,noah.king,%B3944788251109690^WHITE/MARY^2811,Global Conference 2026,UTF-16,NO,593315308,%B5313044799533842^YOUNG/JENNIFER^2404,jennifer.robinson,Competitor Catalyst Ventures launched CloudGuard,7306,%B3756668325014103^ANDERSON/AIDEN^2503,HOLD-2025-674,Vertex Technologies,0828,%B9844749597374952^DAVIS/OLIVIA^2503,3750 shares @ $157.87,70.9,7501.07,ADV-O3XXMMHQ2I,2454 shares @ $231.47,370763,4165 shares @ $346.66,567884,British Pound,"$11,186",Visual,true,Europe/London,INV-370417,GBP,tenant-023,%B5260178474825248^LEE/SUSAN^2901,883041519
I,Liam Martin,FL3982460,British Pound,5279,2.42,%B9810623948523682^GARCIA/SARAH^2810,IoT,BILL-732810,AUD,42007.2,5259,"$7,142,392",11/30,Penicillin,"[15.4, 88.46]",557,0,22141,3740,-561.9358,0x59bafbbcd1c2ca608a3442464a28ecefc4be22c3,BILL-285099,820.2,1354.53,"$121,078",%B3512207375564911^WALKER/LIAM^2406,3695.65,3517,"$5,364,100",INV-976358,0x7b6db338cb4709f16eaf8a1e235d265e5f01b9dd,90.31,2020-08-16,"[0.7406, -0.0406, 0.388, 0.1271, 0.2307, 0.7684, -0.6034, 0.2573]",371063,region=2024-01,9426.45,Swiss Franc,194578935,HLB-6765,Swiss Franc,Spanish,743,%B8930259571809159^MOORE/AMY^3002,50.3,id,645,Marketing,5.9.47,0x6bb8ce4821a1226191da4986d8629dbaad90adf5,batch-20181006-88,batch-20211031-44,9120,"$88,835.83","$4,198.85",72671046,"$31,823",john.lewis@gmail.com,9018517,_ga=8936091752.6311148,%B7128274912723704^YOUNG/RICHARD^2712,8364,5460.22,5038-1487-7294-5015,109.15334,Monday,"$139,524",LHR,568.12,1281 shares @ $388.96,638781195,0xd93bcea4a87f94c55e09721c97aa41406d911bb0,5803-7427-6137-1007,admin,423,Q1 2024,tenant-048,26.8751,Updated per client request.,Engineering,INS-177046,580,7450755,0xa54b672de61dc2b31121a407f412dbbbca6f631f,34-6394125,Type 2 Diabetes,457134,9460,580,"$6,204.34",insert,99.2325,520eb9a0-eeab-4a47-944d-c69d4c661431,Standard,sophia.thomas@outlook.com,BRL,BILL-847638,89 days,US Dollar,james.robinson,%B3715170725805950^LEE/LIAM^2709,Tech Conference 2022,Latin-1,NO,032057057,%B0609422754658960^MOORE/JAMES^3001,linda.miller,Competitor Alpine Systems launched Sentinel Monitor,4489,%B9380408348687870^JOHNSON/EMILY^2704,HOLD-2022-459,Global Solutions,5109,%B5796933813970003^LEWIS/SOPHIA^2706,2545 shares @ $465.26,47.2,322.14,ADV-EKM26F022U,881 shares @ $218.23,60116180,839 shares @ $311.24,55944,Swiss Franc,"$4,637",Hearing,true,Europe/London,INV-891080,EUR,tenant-031,%B1681820388003226^GARCIA/SOPHIA^2802,514327362
O,Liam Jackson,GA7830185,Euro,862,3.0,%B5558377283330742^CLARK/DAVID^2803,Desktop,BILL-938059,EUR,50937.0,6031,"$3,312,983",06/27,Peanuts,"[32.05, 90.94]",8596,0,41134,2544,823.8228,0x8e1beada22ea99b7de97c318012b3615c4d0cdcb,BILL-985202,3435.3,9963.16,"$201,513",%B9496274811374611^MILLER/DAVID^2910,6724.57,8389,"$9,246,280",INV-604780,0xc9b2ff735ccd1569341f199bc766d57d5b18ff47,3356.99,2020-12-29,"[-0.7204, 0.2968, 0.811, 0.1092, 0.4816, -0.6456, -0.3182, 0.3078]",601114896,region=acme,7978.36,British Pound,157670450,QJM-3639,Euro,Portuguese,462,%B6203678814322371^RODRIGUEZ/OLIVER^2706,36.8,amount,3957,Sales,2.0.48,0xfbf653ca459fa36dc3b92162af34d7695bb5aec4,batch-20211012-46,batch-20201014-43,4634,"$84,176.52",79445.73,19980502,"$13,982",liam.davis@outlook.com,ORD-144136,_ga=2338805105.3680949,%B2803852685969933^ROBINSON/LINDA^3010,7598,5719.25,5162-8373-0931-4059,108.097548,Wednesday,"$237,252",LAX,5732.77,514 shares @ $79.96,278452164,0x136f675108a0fe479ec1a24d2dc710b92ed78ca4,XXXX-XXXX-XXXX-7816,r-x,604,FY 2025,tenant-020,29.678,Needs follow-up next quarter.,Support,INS-488721,385,6406981,0x3ad2970ce7998d9c8c6ab0e77a31047988709d5b,69-1009021,Arthritis,46801,2749,319,"$20,317.19",delete,95.7449,50f9c683-8782-4c8c-a04d-13c5b707b31b,Premium,john.brown@outlook.com,JPY,BILL-981097,171 days,Euro,harper.thompson,%B7045998968463795^GARCIA/OLIVER^2403,Tech Conference 2022,ASCII,false,540709955,%B4818777807781148^MOORE/JAMES^2705,emma.jackson,Competitor TechCo Industries launched SmartHub X1,1298,%B4691978841201227^JACKSON/LIAM^2509,HOLD-2021-280,Global Solutions,8303,%B3085548417205136^MOORE/HARPER^2808,1732 shares @ $150.06,18.5,3082.94,ADV-4TFNK7TBOK,2743 shares @ $437.18,371641,2790 shares @ $106.61,601109205,Japanese Yen,"$35,558",Visual,NO,Europe/London,INV-531662,CAD,tenant-015,%B0887478502393160^MARTIN/LIAM^2409,395667982
E,Logan Thompson,CA3041145,US Dollar,260,11.48,%B2525309151262676^ANDERSON/LOGAN^2909,Smart TV,BILL-300340,CAD,85069.1,2536,"$7,825,415",03/24,Pollen,"[25.14, 89.45]",332,1,40747,390,2693.8011,0xb2253bd0cc05af6db995505757bd0f0e2bb706eb,BILL-841248,670.0,2596.94,"$181,093",%B3881608093342245^WRIGHT/OLIVER^2404,7035.57,1371,"$6,808,691",INV-796425,0x10f2f6a8e519f6e08f8f9d070296e55d3e1af687,8941.52,2026-02-18,"[0.2402, -0.1087, -0.3571, 0.1186, -0.8235, -1.117, -0.3365, -0.0917]",3704051,region=2024-01,7970.34,US Dollar,326839801,MYM-4077,Japanese Yen,Hindi,667,%B3950397858426338^JOHNSON/MARY^2808,46.9,type,9061,Operations,2.14.43,0x7b5ad380078d9fab8baf9935706c2865a694877c,batch-20250614-97,batch-20260214-74,5408,58008.28,"$22,432.10",2390188770,"$2,076",john.rodriguez@yahoo.com,3118477,_ga=8718272335.9647564,%B8275023456178820^SMITH/NOAH^2806,1583,426.23,5999-1772-7315-5145,68.067526,Saturday,"$64,189",LHR,5187.21,1696 shares @ $77.07,296458740,0xd7071307179d1d5deea2db5415269fdcfb6e4a06,XXXX-XXXX-XXXX-2248,admin,443,2020-2025,tenant-046,97.3254,Needs follow-up next quarter.,Marketing,INS-975125,499,5005374,0xab121053f80f4721abcbed462929bb4f33218fae,22-4097431,Anxiety,516157,7360,682,"$65,365.23",upsert,98.735,ae8ff36a-7eb8-4e49-9ffd-891444646d73,Trial,mason.jones@gmail.com,JPY,BILL-441990,318 days,British Pound,olivia.thompson,%B6813867703200690^MILLER/PATRICIA^2612,Data Summit 2020,ASCII,false,999064802,%B3106631957438218^JACKSON/SARAH^2905,emily.clark,Competitor TechCo Industries launched NanoCore SDK,2106,%B4808707925266996^JACKSON/DAVID^2707,HOLD-2025-700,Vertex Technologies,4298,%B8484031155431403^KING/LUCAS^2707,4744 shares @ $499.12,36.7,300.57,ADV-7EGDZZVE65,3425 shares @ $413.73,60113658,3895 shares @ $323.62,459722,Swiss Franc,"$14,064",Hearing,NO,EST,INV-374449,CNY,tenant-004,%B8504322112916483^WRIGHT/LUCAS^2901,791626535
Q,William Walker,NY7780296,Euro,8446,6.17,%B9895109318034665^DAVIS/EMILY^2507,IoT,BILL-453718,AUD,26869.6,8427,"$3,801,756",03/27,Peanuts,"[25.6, 79.01]",876,1,56493,234,7381.7923,0x6e237eb11ba558665475613e46bd507aeda927a1,BILL-973791,6672.3,4248.32,"$64,075",%B7816474266908055^DAVIS/MARY^2902,8908.01,6819,"$880,481",INV-599750,0xd5731a8127923fab00d03827986dd2418398dd74,1683.65,2018-07-08,"[-0.1215, -0.3574, -0.1528, -0.1235, -0.6945, -0.4834, 0.4868, -0.7882]",601177292,tenant=2024-01,4019.15,Swiss Franc,770235618,QFF-9504,US Dollar,Arabic,387,%B8872274132340834^ANDERSON/MICHAEL^2609,75.7,amount,1676,Legal,0.14.83,0xa0e8329d6432af4a87b3832fa0258b651b71372d,batch-20210523-25,batch-20190821-81,1943,22178.14,35678.54,471180416092,"$38,228",mary.young@gmail.com,1474503,_ga=4083612550.2474830,%B0622773222471164^WRIGHT/HARPER^2501,4891,2845.4,XXXX-XXXX-XXXX-7293,24.035581,Tuesday,"$196,244",SFO,2778.53,3695 shares @ $482.35,898825500,0x2f910a4619438b6c71274f872febd38fa37217ce,4905-6894-5934-9864,execute,417,Jan-Mar,tenant-039,98.9751,Flagged for review.,Sales,INS-627229,336,8401171,0xf108a69bdb597b99c72f18aeae2c1454818c844e,60-2145795,Arthritis,403209,5263,616,"$10,234.73",snapshot,97.9868,52417e7c-a924-4809-8033-3969ef0c1b39,Trial,oliver.lee@outlook.com,INR,BILL-868126,297 days,Japanese Yen,aiden.martin,%B2725942162101400^LEWIS/JESSICA^3003,Data Expo 2021,UTF-16,false,799936069,%B9503014804272278^RODRIGUEZ/MICHAEL^2809,robert.thomas,Competitor Global Solutions launched Sentinel Monitor,4115,%B1891883117041874^BROWN/SOPHIA^2611,HOLD-2023-298,Pacific Research Group,6475,%B6186405290750811^TAYLOR/ANNA^2805,3816 shares @ $322.27,59.5,8142.72,ADV-FQFMTJUWB8,3849 shares @ $170.74,372561,3372 shares @ $163.5,47235,US Dollar,"$39,991",Visual,false,EST,INV-856788,CHF,tenant-038,%B0119212794621369^MARTINEZ/LOGAN^2507,594860776
S,Liam Jones,NY5716732,Swiss Franc,727,1.51,%B0664144264489870^LEWIS/ETHAN^2508,Mobile,BILL-467417,JPY,67117.3,6176,"$7,246,662",05/27,Pollen,"[34.16, 74.98]",022,0,53496,675,931.7393,0x66a564b083446fd58d314de1fe5340e3ddedd4fa,BILL-715211,2636.1,987.7,"$57,255",%B9833916796493647^SMITH/DAVID^3011,3045.95,560,"$6,987,979",INV-900426,0xf23aaa30099c56eff796bcd58cc3467b0ef3f062,3222.32,2019-08-02,"[1.0298, -0.7589, -0.5684, 0.4153, 0.4991, -0.6161, 1.3577, 0.8926]",402306,region=us-east,6367.26,Swiss Franc,119179349,YXZ-8734,British Pound,Hindi,440,%B4741207146167598^CLARK/SARAH^2607,3.1,name,492,HR,3.15.15,0x43baa6bdbb35b7cde19a896f43e5997ee09894d2,batch-20220912-40,batch-20210607-37,8445,"$40,817.01",78942.29,156554780591,"$21,408",patricia.wright@outlook.com,USR-936766,_ga=6847705597.7869354,%B4778757119464157^JACKSON/SOPHIA^2804,7411,5837.18,6011-6600-8812-6004,-96.269076,Saturday,"$65,946",LHR,2073.61,3382 shares @ $212.1,021972064,0x5b198c134e1efdec6099e72b18f096b24304ab41,3776-8878-8816-2935,admin,549,FY 2025,tenant-024,10.9221,Reviewed and approved.,Marketing,INS-950076,667,940090,0x5fefd80f6b27bdf0d97db30fe4f6520a1d9a0e03,49-8140638,Arthritis,534558,0530,813,14085.22,update,99.9899,aaed4190-b2ae-4d4e-a6ec-ce9656f6662f,Premium,david.miller@gmail.com,GBP,BILL-106136,287 days,US Dollar,lucas.taylor,%B7674422069933729^THOMAS/LOGAN^2609,Data Expo 2024,UTF-16,false,357973322,%B0509918702462759^ROBINSON/ROBERT^2707,linda.robinson,Competitor Meridian Health launched VaultKeeper,9562,%B9126470354795394^WRIGHT/SOPHIA^2509,HOLD-2023-135,DataCraft Inc,4270,%B5245823128356084^JACKSON/ROBERT^2909,4242 shares @ $77.09,24.6,903.08,ADV-YQPGO3LZLL,858 shares @ $435.66,379928,3001 shares @ $101.86,584642,US Dollar,"$7,260",Hearing,YES,PST,INV-609358,EUR,tenant-040,%B9819971734026772^MILLER/LIAM^2412,951806097
W,Emma Young,PA5130384,Euro,335,6.18,%B1619778068620160^HARRIS/AMY^2403,Mobile,BILL-439983,JPY,89247.2,1916,"$9,301,632",12/27,Peanuts,"[18.8, 96.3]",3039,1,WT4 5OD,002,4835.9141,0x55dcf1207ce75bead917b976a0fe12e2581f587c,BILL-239342,4084.1,3235.53,"$40,008",%B1249279332636556^SMITH/LOGAN^2910,1667.16,9345,"$3,789,792",INV-995753,0x6175c720d06df6e397bea1f570115401c49c5ed1,2572.12,2020-05-12,"[-0.7189, -0.131, -0.7004, -0.4249, -0.759, -0.6815, 0.6462, 0.1755]",458331,tenant=us-east,6805.46,Euro,477090179,SVW-2731,US Dollar,English,817,%B9497339475693395^JOHNSON/OLIVER^2408,92.9,name,2862,Engineering,4.4.60,0xf737e71bba435437ed48af932306e4212d3f9047,batch-20240920-06,batch-20220701-23,5063,"$91,830.90","$84,731.68",405631504376,"$38,651",william.davis@yahoo.com,3714808,_ga=2821737766.2768165,%B0022737189927645^JOHNSON/LOGAN^2401,8879,5417.7,5722-5355-9533-6464,172.756861,Sunday,"$131,948",NRT,7133.53,1913 shares @ $113.3,495126317,0x3a9596f9688c0b7ada43581ce6f73c0eb8eef429,6011-8541-0214-8372,admin,804,H2 2023,tenant-042,28.9872,Flagged for review.,Support,INS-880601,412,6720992,0xd014c78466c41489d83200ee1f73818865937d1d,15-9178022,Type 2 Diabetes,58663,6977,515,"$91,342.60",update,97.8937,c5c09a23-cd9a-4ed3-b264-3691fe9ecb3e,Trial,michael.young@yahoo.com,GBP,BILL-274297,250 days,Swiss Franc,richard.jones,%B2476146286821177^MARTINEZ/RICHARD^2402,Annual Summit 2024,UTF-8,true,745565555,%B3929821764172180^MILLER/JESSICA^2803,robert.white,Competitor Beacon Analytics launched FlexPay Platform,9566,%B6616622229497445^BROWN/AMY^2408,HOLD-2022-443,Pioneer Software,7803,%B2761341002287469^MILLER/LINDA^2704,1439 shares @ $264.21,12.6,5916.61,ADV-E6J0FJ6X0O,1273 shares @ $212.34,54333,3275 shares @ $439.84,50885,Japanese Yen,"$21,518",None,false,Europe/London,INV-609612,BRL,tenant-014,%B9390692169661568^THOMPSON/ANNA^3007,031542442
D,Amy Davis,OH5241351,Swiss Franc,5574,5.42,%B2567704835487930^JONES/WILLIAM^3011,Mobile,BILL-725452,EUR,53414.9,5064,"$7,342,110",07/25,Penicillin,"[12.37, 68.03]",893,0,34523,102,-230.5673,0x3d93d1e6bfc20f0193f37e1a22e7ce1d04a33ac5,BILL-414980,6938.2,7881.65,"$59,936",%B9247926540867473^CLARK/WILLIAM^2804,7046.67,1052,"$4,714,276",INV-389254,0xbe5757c933e6076c7d929f8e699de3c475c4ca43,5490.83,2021-10-26,"[0.6956, 0.2663, -0.4165, -0.2668, 0.4425, -0.4582, -0.6262, 0.4893]",601158049,dt=2024-01,2903.61,Swiss Franc,469998229,RYY-2877,Euro,Chinese,361,%B6522783161533993^DAVIS/MICHAEL^2905,43.9,amount,200,Operations,3.18.41,0x46f7e6d932cd093f48a80b372ad6a183bcd13987,batch-20230323-15,batch-20230220-28,3110,"$19,117.23",15232.01,152349969129,"$5,062",ethan.martinez@outlook.com,REC-995709,_ga=4707674523.5837383,%B8868043145766366^ROBINSON/AMY^2509,1244,779.79,XXXX-XXXX-XXXX-7551,156.480137,Saturday,"$93,005",SIN,5854.71,89 shares @ $228.98,460100249,0x0dd811f90d756ff727b771d6d48f8dd81cdccd0b,6011-4466-3406-1692,read,621,FY 2025,tenant-022,143.589,Flagged for review.,Operations,INS-181284,406,6930356,0xb93d7fbaee61779beb583d72cb93168e9f0987bf,21-5230595,Migraine,601154215,5579,731,13677.99,insert,95.6793,f794d258-4e14-45a0-a196-6d407760ba71,Standard,sophia.thomas@yahoo.com,BRL,BILL-700070,172 days,Japanese Yen,olivia.lewis,%B3500723300515604^THOMPSON/JENNIFER^2405,Tech Summit 2026,UTF-8,false,186644614,%B4042574916960515^RODRIGUEZ/AMY^3003,sophia.wright,Competitor Catalyst Ventures launched DataSync 3000,8491,%B0108213365225621^MOORE/MARY^2412,HOLD-2026-869,Meridian Health,8808,%B3075567295611998^WALKER/ANNA^2607,543 shares @ $171.46,85.4,8519.98,ADV-7ZL16JN4ZQ,4440 shares @ $33.27,371854,2744 shares @ $495.81,43993,US Dollar,"$14,608",Mobility,NO,CET,INV-627643,JPY,tenant-009,%B1565970627822432^MILLER/ELIZABETH^2704,968241554
C,Mary Lewis,NC8811788,Japanese Yen,148,13.48,%B8143812692573297^BROWN/ETHAN^2610,Tablet,BILL-319164,CNY,35402.1,6160,"$9,759,458",07/28,Pollen,"[39.34, 88.97]",2730,0,OE5 7TK,5429,541.6163,0xe1558972cb2859779169374abd02b5643733a44c,BILL-426003,462.8,3915.39,"$156,196",%B7884890342640929^CLARK/PATRICIA^2908,8437.83,5623,"$1,132,840",INV-794284,0xd638e5757d9685778c8fa411456a092069c6109a,8963.03,2019-04-01,"[-0.0199, -0.1125, -0.098, 0.5892, -0.4562, -0.0386, -0.4196, -0.3739]",601119439,tenant=us-east,2797.63,British Pound,805376821,UPN-6525,Swiss Franc,Chinese,818,%B3578285993823898^THOMPSON/PATRICIA^2504,74.3,id,3079,Sales,3.19.66,0x3b3fb3882960cf0236e84599927caff91e579350,batch-20251004-27,batch-20240412-29,9889,59539.53,"$70,333.42",591078067703,"$27,531",liam.thomas@outlook.com,ORD-469185,_ga=0170654491.1586015,%B7019006795244843^SMITH/LUCAS^2402,2940,323.84,6011-1231-6341-6843,179.154832,Tuesday,"$81,966",ORD,8188.19,2223 shares @ $168.52,868478568,0x13ba7c6156c9e0fc3908eee949c1569d3e54663f,3709-2942-5875-8697,admin,566,H2 2023,tenant-032,130.8377,Escalated to management.,HR,INS-398543,303,6392390,0x015302f8ec0989713432c18676be3e86d2b0cab5,58-7075867,Anxiety,601174275,4704,777,"$74,260.69",update,99.3744,d38267f8-8f61-449a-96ff-03762d104a56,Free,aiden.lewis@gmail.com,AUD,BILL-839283,297 days,US Dollar,oliver.jackson,%B4698485072281904^HARRIS/WILLIAM^3009,Annual Expo 2023,Latin-1,true,598563100,%B3945897221586229^SMITH/LUCAS^2508,olivia.jones,Competitor Catalyst Ventures launched NanoCore SDK,3434,%B9774167333643703^MARTIN/ETHAN^2709,HOLD-2025-615,DataCraft Inc,7399,%B1564944644110119^JACKSON/DAVID^2902,1872 shares @ $359.32,52.8,5095.92,ADV-C4JNSAFEYY,2586 shares @ $40.17,601108221,4823 shares @ $457.73,373453,British Pound,"$35,611",Visual,NO,UTC,INV-589883,CAD,tenant-018,%B1061477547430216^BROWN/ETHAN^2811,426087239
N,John Harris,WA9257398,British Pound,519,7.41,%B4300955465332253^LEWIS/JAMES^3012,Smart TV,BILL-471914,EUR,43019.0,5730,"$5,559,859",10/27,Latex,"[5.18, 85.36]",244,0,85956,9894,5907.8352,0xef87ffaf611182f1a7654aa08acc8dd338f29e48,BILL-819224,3903.8,5813.05,"$67,814",%B9422639942896472^KING/EMILY^2401,6758.21,477,"$5,068,454",INV-284589,0x484ba0b59fb8344150f8b4e7f3bc42868234977c,9601.7,2022-12-31,"[-0.0734, 0.3498, 0.0334, -0.2777, -0.107, -0.0637, -0.2585, -0.3311]",44659,tenant=2024-01,1281.76,Japanese Yen,778075461,CJS-9878,Japanese Yen,Arabic,508,%B0221268052369971^THOMAS/SARAH^3012,16.1,type,7140,Engineering,4.15.5,0xad5ae3c61a7ba83efc868b00c97e34f0efd0e0f9,batch-20251208-07,batch-20260204-88,9258,"$92,920.52",46037.29,6865646714,"$11,549",william.king@gmail.com,TXN-539837,_ga=5442246589.4508939,%B9249212085892161^THOMAS/LUCAS^2810,2607,3867.44,4593-8020-6634-2486,94.80255,Monday,"$38,794",SIN,2473.72,3048 shares @ $91.41,407238146,0x17d7c2133521140be7c267269f78dd483e4b6356,XXXX-XXXX-XXXX-1701,r-x,523,Jan-Mar,tenant-001,5.7004,Escalated to management.,Operations,INS-770883,618,966143,0xe87c634025957386f176ab2fc1c928ebfd712126,54-5374640,Arthritis,59688,1839,399,3709.09,update,95.1059,9585b2dc-97ff-4c3a-acc7-0cc3d6db0053,Premium,ethan.smith@gmail.com,JPY,BILL-565738,208 days,Swiss Franc,linda.thomas,%B7296765585632727^WHITE/ETHAN^2505,Data Forum 2024,ISO-8859-1,YES,476459853,%B3189833911705484^MOORE/JOHN^2502,sophia.rodriguez,Competitor Skyline Partners launched SmartHub X1,9168,%B6065892889101858^GARCIA/JESSICA^2403,HOLD-2026-967,Pioneer Software,1324,%B9673479074744380^MARTINEZ/JAMES^3003,4048 shares @ $44.35,39.7,3937.26,ADV-MIFOV1D9X3,659 shares @ $93.95,60116568,4669 shares @ $26.42,60115704,US Dollar,"$45,642",Cognitive,true,EST,INV-267476,INR,tenant-009,%B3948205696240268^WRIGHT/SARAH^2406,384705218
L,Mary Harris,OH6526684,Japanese Yen,068,0.72,%B6798742746978394^MARTINEZ/HARPER^2705,Smart TV,BILL-494060,CNY,27716.4,2621,"$7,331,460",07/26,Shellfish,"[6.88, 87.72]",9991,0,CV4 6FT,5116,641.8004,0xbfadbbc655fa5681d4cc75c524f9b47d4c1912e1,BILL-574481,437.9,5407.04,"$67,910",%B3852072272402669^YOUNG/AIDEN^2510,9104.14,5698,"$6,046,407",INV-952849,0x2c797483c59417ff13a4ba994620066b42d3ccf6,4845.61,2020-09-18,"[-0.2534, 0.519, -0.4798, 0.4343, -0.3763, 0.1144, -0.381, -0.2364]",601170678,region=acme,8605.92,Swiss Franc,954845543,ZPJ-3636,US Dollar,Korean,333,%B4664974168932533^CLARK/OLIVIA^2904,49.7,id,487,Finance,2.13.54,0x9eba64dc47b0cd6b046b66f94afcee0315f3ff39,batch-20220111-93,batch-20241109-33,2922,67995.32,"$29,649.12",58787912,"$13,786",oliver.davis@gmail.com,REC-415314,_ga=6166187282.5975191,%B2115103019108200^WRIGHT/ROBERT^2802,4645,7181.52,4305-5709-4091-9139,68.756326,Saturday,"$151,838",LHR,9081.92,4275 shares @ $164.07,282561037,0xb8507178fa1d9536f59e1daa2c33ec274bf2cdc5,5799-3814-7122-6005,read,652,FY 2025,tenant-001,128.3407,Automated processing complete.,Operations,INS-787197,425,98865,0xd14683cfee1538494583d0dfaa911251691ab96e,31-8737705,Arthritis,469438,6976,762,18569.17,upsert,95.1847,76585c9f-0434-45d3-825c-c74ea82ac67b,Standard,jessica.moore@gmail.com,CAD,BILL-612518,156 days,Swiss Franc,amy.martin,%B0277421890469762^MARTIN/JOHN^2902,Data Summit 2021,ISO-8859-1,NO,465770658,%B6027970927222241^JACKSON/MASON^3006,patricia.brown,Competitor Pioneer Software launched StreamLine ERP,2538,%B5715685564355800^TAYLOR/LIAM^2504,HOLD-2024-276,Alpine Systems,1743,%B9666459335992356^MARTIN/SOPHIA^2710,1508 shares @ $12.94,93.5,6756.0,ADV-FGN1ZUFIHH,2951 shares @ $55.66,47258,2550 shares @ $314.32,372960,British Pound,"$23,696",None,false,Europe/London,INV-378174,GBP,tenant-013,%B0217290238425843^THOMPSON/WILLIAM^2706,744257001
H,Emma Lewis,OH1546394,US Dollar,861,3.31,%B8797379398697917^MOORE/JESSICA^2702,IoT,BILL-126993,EUR,38247.0,7688,"$7,379,013",10/26,None,"[21.47, 74.56]",4539,0,32878,069,2273.2267,0x7fe2263e90f080bdbdaf791f0152a28b70438da2,BILL-760359,8072.3,5635.41,"$93,988",%B6700401401859058^GARCIA/MASON^2501,4180.63,5470,"$3,050,438",INV-956923,0x722a626a2ea3c88abd0f82520e243b92034be7ed,3280.06,2023-03-30,"[-0.8636, -0.9398, 0.2596, 0.1353, 0.0656, -0.0474, 0.0116, 0.0291]",60116694,dt=2024-01,7062.67,British Pound,404690831,QJU-9970,Japanese Yen,French,836,%B6002464810912991^RODRIGUEZ/ROBERT^2709,93.2,created_at,2262,Engineering,5.17.68,0x31e935ef515414fbcab1add4231b7a98f4b01a61,batch-20241003-55,batch-20240926-02,0752,"$79,286.04",41732.45,692920757783,"$45,149",sophia.smith@gmail.com,3205675,_ga=6733610303.1432137,%B1334731230930619^SMITH/ANNA^2909,0974,3163.7,3743-6154-3240-5221,54.424528,Friday,"$134,112",CDG,8664.85,3994 shares @ $351.94,891765767,0xbfb0292036f3c1ea7364d55b7ed9292d67c1f7ed,6011-9257-4691-1524,read,595,2020-2025,tenant-036,9.8398,Needs follow-up next quarter.,Engineering,INS-360391,573,5463105,0xee16134609caf8447b62e2d4666fddb5cf5e8d8f,99-6870061,Type 2 Diabetes,3759084,5092,377,94924.15,update,95.4623,393e78b7-391b-4c50-a7ac-f39c4acac3ee,Standard,patricia.martin@gmail.com,CAD,BILL-128424,362 days,British Pound,oliver.harris,%B4420589072968087^BROWN/HARPER^3004,Data Expo 2021,ASCII,true,497873416,%B5876818417933423^THOMPSON/EMILY^2604,susan.rodriguez,Competitor Quantum Dynamics launched StreamLine ERP,9466,%B5573354416730413^TAYLOR/RICHARD^2508,HOLD-2025-630,Global Solutions,2598,%B2363068022381043^DAVIS/DAVID^2804,2320 shares @ $158.4,68.3,1915.02,ADV-DH8YKJ9B6V,976 shares @ $30.04,601118489,1489 shares @ $441.95,49432,Swiss Franc,"$42,563",Hearing,false,JST,INV-339412,BRL,tenant-020,%B1799972964069698^HARRIS/ELIZABETH^2602,229319048
B,Mason Martin,OH6304859,Swiss Franc,2983,4.61,%B2388454374671727^YOUNG/LUCAS^2907,Tablet,BILL-857297,USD,89873.7,183,"$7,794,694",08/24,Peanuts,"[12.62, 65.76]",035,1,51905,451,7592.2673,0x4b64aca672c3c6230131f25912816bd06ab2ad52,BILL-365256,2458.9,8998.85,"$168,833",%B4963233466465145^JONES/WILLIAM^2807,9733.74,7932,"$4,649,645",INV-568131,0xf12651fb9f27ef4956f0eeed58fa0f30c8b8ff66,6086.89,2024-05-18,"[0.4936, -0.577, -0.9188, 0.3166, 0.324, 0.4602, 0.8244, -0.0947]",596614,tenant=acme,8166.13,Euro,930842660,EGM-7803,British Pound,Spanish,717,%B9974580731974159^BROWN/LOGAN^2412,34.5,email,5589,HR,0.7.34,0x8ebd1b09883335d0bebf03bf110c54a0ecc6db30,batch-20180515-44,batch-20230808-15,6725,81825.74,36002.43,20777621,"$31,891",amy.garcia@outlook.com,780852,_ga=9368737315.7926845,%B6202242356923009^JACKSON/RICHARD^3010,9454,8101.48,3738-6451-1971-9681,-118.752618,Tuesday,"$162,574",JFK,335.87,4290 shares @ $358.15,991019484,0x19e048b72489f94253b342cae7ee594db5d0ba52,XXXX-XXXX-XXXX-6701,write,611,H2 2023,tenant-022,122.0439,Reviewed and approved.,Finance,INS-566017,332,8366954,0xc54762c345a12dad80b3eea0402c5e1bdad17fac,61-9414083,Asthma,57764,8821,654,11606.88,update,97.0751,782464f6-d46c-45a2-bafb-585a862d7755,Enterprise,elizabeth.young@yahoo.com,CHF,BILL-764844,359 days,Swiss Franc,michael.walker,%B5240387722895978^ROBINSON/ELIZABETH^2803,Annual Forum 2024,UTF-16,YES,826409773,%B2883969364448720^SMITH/MICHAEL^2705,olivia.martin,Competitor Global Solutions launched DataSync 3000,5630,%B8380665781644516^WILLIAMS/MASON^2411,HOLD-2020-167,Catalyst Ventures,7112,%B4998883013464657^THOMAS/LINDA^2602,2766 shares @ $172.8,50.1,1370.67,ADV-3AO4V230XX,2962 shares @ $157.74,44723,101 shares @ $349.21,54600,US Dollar,"$14,096",Hearing,true,Europe/London,INV-228921,GBP,tenant-019,%B9020246047724648^WILLIAMS/WILLIAM^2504,482488329
R,Harper Anderson,TX7467269,Swiss Franc,6786,6.06,%B0418063635221416^JOHNSON/EMMA^2412,Wearable,BILL-847151,AUD,5478.8,3223,"$654,319",12/27,Penicillin,"[2.53, 79.18]",5478,1,48835,735,2486.288,0xc7f6c0179c26c7d23f692e6976fc3c3d9fb676e2,BILL-417190,1873.4,4450.39,"$238,135",%B8880485405382175^YOUNG/DAVID^2907,6471.85,3917,"$4,414,408",INV-665385,0xdbd84c2480076f268e0a056159f6de2f84186862,7005.0,2026-02-04,"[-0.9294, 0.1457, -0.114, -0.3554, -0.495, 0.6201, -0.4103, -0.5204]",59199,region=acme,9073.33,Japanese Yen,180197746,VMX-1383,Japanese Yen,Chinese,473,%B5960837539939482^DAVIS/OLIVER^2909,22.0,id,661,Support,0.3.89,0x61dd6f855b09cc690bf8d1cd35c4cee2eb56d37a,batch-20210506-16,batch-20190607-56,5251,"$7,474.62",70678.29,14779152,"$18,101",aiden.walker@gmail.com,REC-160844,_ga=3356594568.2400200,%B6637771613619496^MILLER/JOHN^2705,1162,8148.0,6011-2570-9780-7098,126.152632,Tuesday,"$242,113",NRT,9765.95,2815 shares @ $135.29,520683215,0xba7f6d9107e350ca4d3518fdd50304f6444be6a5,6011-1832-5838-5414,rwx,594,2020-2025,tenant-023,44.8098,Reviewed and approved.,Legal,INS-658290,569,5962742,0x8ab00ef223cc67218a935a19621d51b8b3870a79,44-8849101,Depression,60119234,7877,487,"$82,613.91",upsert,97.4958,7b9245b2-459a-4ac7-af39-420abcdce22a,Standard,elizabeth.king@gmail.com,JPY,BILL-521035,326 days,British Pound,oliver.lee,%B8142166942041006^BROWN/JENNIFER^2905,Tech Conference 2026,ASCII,NO,829481031,%B5363829463847541^WILLIAMS/JENNIFER^2808,jennifer.williams,Competitor Beacon Analytics launched NanoCore SDK,5144,%B1212034937468705^ANDERSON/MICHAEL^2708,HOLD-2026-263,Alpine Systems,8344,%B6827551798989906^WHITE/SOPHIA^2409,703 shares @ $334.68,95.9,6229.92,ADV-17F7G1KSS8,695 shares @ $46.8,370502,363 shares @ $21.25,60114129,Swiss Franc,"$21,463",Hearing,YES,CET,INV-650668,BRL,tenant-044,%B5713649288498253^THOMPSON/ELIZABETH^2812,603414558
V,Sophia Lewis,CO2292967,US Dollar,1826,9.64,%B0748853736507886^SMITH/MASON^2606,Desktop,BILL-214014,BRL,58936.4,2523,"$3,935,487",03/26,Penicillin,"[19.31, 86.58]",478,1,CW7 4UK,9907,5916.1468,0x2a480f648aa6308e268ba801f3f3e7317e42328a,BILL-899884,7101.8,2558.66,"$211,989",%B1743846094841517^LEE/JENNIFER^2408,8504.83,833,"$3,460,156",INV-860923,0x629a71e8ea2b918924b6aa722c63e2e4b51bd706,4476.93,2019-10-23,"[-0.3505, -0.2615, 0.6456, -0.0674, 0.5631, 0.0967, 0.0695, 1.0114]",3765779,tenant=us-east,516.86,Swiss Franc,773148749,AMM-9872,Swiss Franc,Chinese,847,%B2087338208478167^TAYLOR/EMILY^2701,52.1,id,626,Sales,0.17.83,0x7695a734756e1bca5a1f43fb674152f808d05892,batch-20181001-40,batch-20180610-09,5553,"$61,940.51",70995.45,1633780591,"$22,645",jessica.smith@outlook.com,8412666,_ga=8544053616.6894211,%B3395956129229174^DAVIS/ROBERT^2608,5184,7252.02,XXXX-XXXX-XXXX-2105,16.955735,Wednesday,"$90,581",SFO,2863.92,991 shares @ $435.0,930009696,0x7ec5849aa8cb14396a85b3e0987ec1a945ef8a09,6011-4072-7857-7197,execute,348,Jan-Mar,tenant-006,58.4881,Escalated to management.,Sales,INS-917642,594,8700727,0x8c1f38ad40954bc1d4d67c2dc15374ac40047c6f,32-4420169,Type 2 Diabetes,371945,1806,433,75168.55,delete,96.0003,466b60af-3b2d-4458-bed4-9a02758e53ea,Free,jessica.rodriguez@yahoo.com,CNY,BILL-152307,339 days,US Dollar,aiden.garcia,%B8209151384723288^JOHNSON/NOAH^2403,Annual Forum 2020,Latin-1,NO,765799847,%B6456460761343119^TAYLOR/WILLIAM^2503,oliver.lewis,Competitor TechCo Industries launched NanoCore SDK,4665,%B9589323470711707^ROBINSON/RICHARD^2911,HOLD-2024-298,Meridian Health,4020,%B3168599346266065^JACKSON/JAMES^2612,1827 shares @ $20.23,87.0,1860.26,ADV-BX0PU2WKWZ,4274 shares @ $99.5,437561,2958 shares @ $190.2,546177,Japanese Yen,"$5,902",Cognitive,true,Europe/London,INV-114274,USD,tenant-005,%B0470618662916185^WILLIAMS/LIAM^3003,792855143
T,Ethan Walker,NC6701196,US Dollar,010,9.18,%B8575889982590102^HARRIS/ETHAN^2908,Tablet,BILL-777840,EUR,64815.7,6437,"$6,906,928",04/26,Latex,"[34.18, 99.0]",5805,1,31902,1532,6580.8447,0x35b275c2e63a178db544de44e175ae821fdbe1f4,BILL-998500,3626.8,7292.55,"$166,470",%B1553662081971574^WALKER/NOAH^3002,9947.47,397,"$4,137,637",INV-744481,0x75eec35d7e8afefe3fec8c12e8fffa96b6925554,1231.16,2023-06-19,"[-0.0913, 0.214, 0.5212, 0.6186, 0.3121, 0.1745, 0.8162, -0.0581]",554360,dt=us-east,3165.74,Japanese Yen,268947405,ILX-1512,Japanese Yen,Arabic,721,%B9962776869219166^MILLER/AMY^2808,24.7,status,9165,Finance,4.4.93,0xf2b2ca941fcc0639f9afa2227098a80307288137,batch-20190418-07,batch-20261126-60,2940,"$43,147.80",71638.76,7828131176,"$15,927",mary.williams@gmail.com,REC-507347,_ga=6492045959.4262314,%B0122795002261097^MILLER/HARPER^2406,1826,2830.49,5124-2734-6775-1967,-2.607224,Sunday,"$91,441",CDG,7467.42,2096 shares @ $269.43,314574626,0xeb134acb41bdfdebb9667fd256c317a81e2e1826,5026-1241-3842-0364,write,485,2020-2025,tenant-004,51.4351,Needs follow-up next quarter.,Sales,INS-426883,463,8613596,0xd65dff6df54e6a53b168e58707244514ac20ea8b,31-7116985,Migraine,601142445,9255,624,"$50,526.49",update,96.13,f1f63058-9386-4b56-9ec9-c2e4c97eb583,Trial,patricia.robinson@outlook.com,BRL,BILL-509234,178 days,Swiss Franc,william.king,%B5645716798635809^ROBINSON/MARY^2406,Data Expo 2023,ASCII,true,010525588,%B5096106132406014^HARRIS/DAVID^2605,ethan.davis,Competitor TechCo Industries launched CloudGuard,7245,%B2711351583202210^MARTIN/DAVID^2808,HOLD-2023-913,Acme Corp,3065,%B8988981136882772^JOHNSON/SOPHIA^2904,488 shares @ $371.62,29.5,5683.5,ADV-JOX85E07MV,3100 shares @ $243.18,537013,3467 shares @ $185.02,57410,US Dollar,"$35,744",Visual,false,PST,INV-942988,CNY,tenant-026,%B4768696923747517^CLARK/AIDEN^3004,492810911
D,Mason N. Thomas,OH5934306,US Dollar,6466,2.35,%B9403301545050495^DAVIS/LIAM^2405,Tablet,BILL-333357,GBP,82161.6,5846,"$6,290,622",02/30,Penicillin,"[11.04, 67.53]",610,0,AB4 6ZL,064,8215.2165,0x60057cc63dba86a664d1c9809ebb1a9f03fcf0ec,BILL-343515,7329.5,5554.44,"$93,307",%B4691043108474778^MILLER/ROBERT^2905,6274.48,614,"$8,524,309",INV-661895,0x7664a68ddd9abce8e6cb4cbcee5dd7432cfff9e7,6611.47,2025-09-23,"[0.3958, 0.3638, 0.7978, -0.1557, 0.1509, -0.3553, 1.0394, -0.1046]",571525,dt=2024-01,6957.28,Swiss Franc,823774818,IAC-9304,Japanese Yen,French,777,%B0539305314704766^THOMAS/SARAH^2708,82.6,amount,3068,Support,1.9.81,0x3f8113885016cb761b16d4b818300f684a359cae,batch-20190725-31,batch-20250909-63,9871,"$24,419.73","$22,795.34",260031829762,"$29,907",michael.johnson@gmail.com,REC-103857,_ga=1767458437.6137802,%B7080254922555504^JACKSON/DAVID^2712,7967,6068.42,6011-1873-2367-6136,113.05555,Wednesday,"$245,067",CDG,6103.28,1996 shares @ $399.72,627015780,0x40c892d71492caf979cf35a6b2790e34f5807254,4019-3305-5399-8900,rw,601,Q1 2024,tenant-005,131.3871,Automated processing complete.,Operations,INS-482106,632,3795635,0x7a212c4cc2c63ef0ca9c813bc9ce6536d9443bf2,52-2951977,Migraine,45839,4300,571,64417.65,delete,96.9333,7376679c-5d37-4871-8aba-b205a4db52cd,Trial,jessica.lewis@gmail.com,USD,BILL-973195,236 days,US Dollar,logan.robinson,%B0145173041098893^JOHNSON/ANNA^3009,Tech Conference 2020,Latin-1,true,597124542,%B8994678947713058^BROWN/DAVID^2508,harper.davis,Competitor Skyline Partners launched FlexPay Platform,5906,%B4303337171236140^WALKER/ETHAN^2603,HOLD-2020-801,Meridian Health,9086,%B0552731002272706^THOMPSON/ETHAN^2808,392 shares @ $74.28,3.5,2325.67,ADV-I3ZUMX98WS,431 shares @ $183.09,60115254,354 shares @ $72.05,55734,Swiss Franc,"$40,827",Visual,NO,JST,INV-976631,BRL,tenant-048,%B4647121225931715^WRIGHT/LUCAS^2908,850605216
Y,Olivia Davis,CA6020256,British Pound,7226,11.55,%B7509757991012767^THOMPSON/EMILY^2610,Tablet,BILL-128023,EUR,92188.8,7793,"$7,970,372",11/30,Shellfish,"[17.14, 74.7]",7358,0,88421,726,533.98,0x948db101eba67ff2f07606fc727ed1eb3ceb4ef0,BILL-521788,8487.8,1858.61,"$172,561",%B5987411082784596^ANDERSON/RICHARD^2609,8665.81,339,"$7,588,540",INV-167897,0x9e499ba1d6e50cfd6bade521bac57f06bdff87de,6514.99,2018-07-19,"[0.29, 0.4677, -0.9322, 0.0126, 0.7671, 0.5438, 0.53, -1.1223]",452896,tenant=2024-01,6001.34,US Dollar,657651863,MAL-7483,Japanese Yen,Chinese,677,%B4844227721602128^LEE/LUCAS^2809,58.8,type,4963,Marketing,5.0.64,0x972fdd728ee572fb13c2c52b79db6b39f57a0e3a,batch-20181020-78,batch-20250814-98,9781,72986.72,"$89,454.18",71627457,"$5,410",susan.williams@gmail.com,4460712,_ga=2833058023.4145683,%B7741424555840993^ROBINSON/OLIVIA^2804,5267,6886.12,3736-7996-3042-4127,137.603207,Thursday,"$150,735",JFK,3129.56,2850 shares @ $424.39,689911745,0xec26b273d555e007faa7974e760fd8fd57f8db21,5591-3045-6250-7919,r-x,623,2020-2025,tenant-046,100.3107,Flagged for review.,HR,INS-843158,336,3312252,0xba0e9bea07ec51809fc68d64e304b26a1ea9bf28,99-9162369,Arthritis,60113269,1132,443,69776.71,upsert,97.0735,35eb3069-068a-4874-b088-7bc2dae5c1ac,Standard,james.lewis@yahoo.com,JPY,BILL-790623,207 days,Swiss Franc,david.brown,%B3847308235257841^THOMPSON/LUCAS^2909,Global Forum 2021,ISO-8859-1,true,470918729,%B8733989473508599^GARCIA/MICHAEL^2812,susan.thompson,Competitor Pacific Research Group launched Sentinel Monitor,8814,%B8571981388268218^WHITE/JAMES^2503,HOLD-2024-593,Pioneer Software,4116,%B5784114670953397^LEE/ANNA^2508,3954 shares @ $443.33,83.8,6893.57,ADV-BWPY3OOK7M,4187 shares @ $206.69,3718601,3057 shares @ $79.34,52594,Swiss Franc,"$33,197",None,YES,Europe/London,INV-238226,EUR,tenant-024,%B7756682690417505^DAVIS/ETHAN^2404,890081535
