user_weight_mass,c_828,moviename,bonus_variable_pay_field,chassis_number,contrval,weight_mass_78,measdist,platform_os,iata,blood_type_38,customer_time_to_live,user_vehicle_identification_number,d_160,raw_citation,filename,customer_distance,weight_mass_field,user_iata_code,iata_cd,distance_78,phone_format_pattern,usldbl24,vehicle_identification_number_field,iata_code_v2,weight_mass,col_com,iata_code,elevation_altitude,weightMass,iataCode,f_140,comment_note_22,vehicle_identification_number,fraudScore,col_700,avw4,distance,raw_fingerprint,distance_2,DISTANCE,tvzxkd58,customer_review_text,gnqjf72,vital,WEIGHT_MASS,c_confi,vehicleIdentificationNumber,attr_pthj,d_381,x_fga,f_zr,query_search_text_22,timestamp,regexp,iata_2,erj73,allergy_val,v_xb,c_805,lbs,iata_3,dim_iata_code,meta_ao,dim_lab,user_weight_mass_2,exchange_rate,p_wei,d_dista,f_rj,distance_86,trade_secret_data,pressure_14,weight_mass_data,val_cpi,chassis_number_2,d_dist,c_educ,iata_cd_2,distance_3,meta_zc,signature_val,attr_24,distance_4,rectype,iata_code_2,field_257,iataCode_2,dim_exch,employee_record,IATA_CODE,v_628,conversion,DISTANCE_2,iata_4,paymentCardNumber,WEIGHT_MASS_2,var_wa
265.41,LDS,Inception,"$12,294",X0TMYJ9YTQ798EHS5,"$7,008,433",981.31,8432.9,Chrome OS,IYZ,B+,57 days,E3CJXI1OG1DLL655C,2497.5,Moore et al. (2010),/var/logs/daily_648.log,6731.5,780.64,WRB,MKH,6270.7,+1-XXX-XXX-XXXX,P6ZL9AZCNH17UTIFZ,DD2P1OUT048S9ESGL,OHZ,629.96,POST /api/orders,FDT,164,520.13,HYJ,8020.8,Pending verification.,FPKY3TX7C4OYZ0YW2,44.4,Richard L. Walker,550,3273.5,fp_3c79d9bb090c52d5,4073.6,9648.5,1528.2,Great product!,08/24,BP 144/99 HR 80,75.72,batch_size=698,R8KUV2AQZR92J5MMK,PFB,"Sydney, Netherlands",GPL-3.0,2557.7,SELECT * FROM products WHERE status = 'pending',2022-07-05 19:43:08,[a-zA-Z0-9._%+-]+@[a-zA-Z0-9.-]+,ATI,364.56,None,Latin-1,42-100,585.63,RYZ,UOY,1FVTTN9V7XJ0APYI9,needs-review,866.48,23.7868,779.72,945.2,LAWANQEENZLU8RFKL,9484.8,[CONFIDENTIAL] Formula #817,1965.5,355.55,218.76,UBFX8FWK5J0MHYO97,8587.2,Associate's,DXV,350.7,Gray,sig_25da1708afc875ca,AKB,5886.1,snapshot,YBG,625.43,TTA,97.2673,EMP-10790,LFS,MHJ-2005,source_col -> output,8325.2,ABH,4869-4150-9212-0811,959.02,°C
718.67,JCV,Blade Runner,"$47,738",5AKUFYGH44V7LA4MS,"$9,284,356",11.67,7701.4,iOS,JPC,AB-,220 days,FKUD1P54FH17H082I,7688.7,Thomas et al. (2003),/var/logs/daily_923.log,2668.3,233.66,XFI,OAT,7405.1,+81-XX-XXXX-XXXX,8WQGRYG3Y1ZSP56HH,BPMU5L8FLY4CUI8BN,XYJ,892.34,docker run,HOA,8314,7.0,BJY,261.6,Automated processing complete.,26TMZ72PRWSZ7IP16,28.7,Sophia Q. Smith,471,422.5,fp_6d65b7c4b6fa550a,1247.1,6984.5,2627.6,Needs improvement.,09/27,BP 105/100 HR 108,86.45,batch_size=295,MGYHXPA44RKFHOTAZ,MVL,"Dallas, South Korea",GPL-3.0,8419.0,SELECT * FROM orders WHERE id = '1',2020-04-21 21:35:32,^\d{3}-\d{2}-\d{4}$,YXO,345.97,Latex,UTF-8,13-89,265.16,UYB,WNI,LUN7CTMWWIP06KWLN,stable,534.4,55.2399,633.87,38.7,GPTEUL6BV91BOXG70,4232.1,[CONFIDENTIAL] Formula #197,104.9,537.24,269.4,5ADL88P9YFS9IROMF,6351.5,Associate's,WDM,3095.5,Yellow,sig_fbd2d4f012fdec41,XVU,5407.5,upsert,JRA,726.38,GKC,57.0684,EMP-37481,VRK,UUG-4417,input -> target_col,4129.7,IEM,3726-5551-7184-5051,189.25,L
900.78,SBX,Blade Runner,"$43,591",ZWSAHUIXPEH39SMMB,"$9,763,121",653.85,5331.9,Android,QWI,B-,226 days,1ZY6HONXTQWWP7FFQ,2166.6,Miller et al. (2010),/var/logs/daily_698.xml,8632.9,386.21,LME,FNT,4359.6,+44-XXXX-XXXXXX,JGAZ2GOUE17OQ27IM,OWTUBMNGRSPD8EETC,IEK,38.36,kubectl apply,LXA,3326,183.21,UYD,2650.6,Needs follow-up next quarter.,WV6GUDJH77J9G250I,20.3,Olivia C. Lewis,535,5725.6,fp_afcec2283a1244f4,4609.1,1675.6,7496.4,Not recommended.,02/28,BP 180/66 HR 84,778.95,batch_size=948,8T1I727YR9SXM4TXO,DVS,"Denver, Canada",CC BY 4.0,6073.6,SELECT * FROM orders WHERE type = 'active',2020-12-11T07:52:08Z,[a-zA-Z0-9._%+-]+@[a-zA-Z0-9.-]+,GHN,408.87,Latex,ISO-8859-1,15-82,239.79,DWS,FDG,DQGMV464OYAPM2R1M,high-priority,422.98,94.3469,122.28,7789.7,U7FUJHPM8ZQ3H4UQ3,4186.6,[CONFIDENTIAL] Formula #479,719.2,334.58,141.02,JCX5B22GN4JF3Y1II,5824.8,Associate's,XKE,7623.4,Orange,sig_10855a27f59a3a2a,VIQ,5257.7,insert,ZJC,63.42,REF,91.5453,EMP-34197,GBL,YDI-4740,field_a -> field_b,7321.4,OHB,XXXX-XXXX-XXXX-6859,320.91,gal
680.78,TYX,The Matrix,"$30,256",8TB7B1K6Z05F9MN84,"$8,317,847",665.98,1697.5,Windows,HCM,A-,69 days,8PHU8P1K4FFNUIGRC,1558.6,Harris et al. (2018),/var/config/batch_410.xml,4211.6,339.01,JAN,LQO,547.3,+44-XXXX-XXXXXX,3SV28KM01V589UNT1,JILJ7ITTLRYWF6MAW,QEB,489.92,kubectl apply,MGC,2154,18.85,MBF,2712.0,Flagged for review.,QE55MZHJL54VZES69,46.0,Robert Robinson,992,5913.3,fp_f59e57e787a26305,9342.8,4722.5,4557.6,Average experience.,02/29,BP 147/102 HR 99,40.35,pool_size=73,0E85T59969ZASN5WL,RDT,"Portland, Israel",Proprietary,8183.6,SELECT * FROM orders WHERE id = '1',2021-12-15T20:05:46Z,"\b\d{1,3}\.\d{1,3}\.\d{1,3}\.\d{1,3}\b",OTR,569.15,Latex,UTF-8,20-99,263.01,WCM,VUT,63UJSMFV4N6CTA7KM,needs-review,822.28,33.6685,50.65,6822.3,6KI9HM2KBZ6JUWJUD,675.2,[CONFIDENTIAL] Formula #619,1941.7,313.83,694.31,D55CHTIGPOJ34ATHO,7720.7,High School,UHP,4020.8,Purple,sig_06877a9d55a32a14,GVT,5853.3,delete,DIS,484.27,AVA,74.7083,EMP-43249,LEE,VCB-6438,field_a -> target_col,114.5,ATJ,XXXX-XXXX-XXXX-6438,545.72,ft
896.37,ZWS,Inception,"$23,927",2N3QXIXAAN3QMML88,"$3,985,752",250.87,3217.2,Windows,DDE,B-,41 days,EHM7PTUGN8AZIULK5,1455.4,King et al. (2007),/var/logs/export_821.parquet,6638.4,95.69,IDT,TUW,6388.9,+44-XXXX-XXXXXX,0F2EBGQ45K909YYPA,1F1N2LYHCXC4C826E,VZP,308.68,GET /api/users,CTB,1981,435.23,BHW,8149.5,Needs follow-up next quarter.,3V99EBBPF7LD80VPE,78.0,Aiden K. Wright,507,9727.4,fp_d3921f27e8268068,6603.6,8019.1,955.0,Great product!,05/24,BP 140/101 HR 107,127.48,batch_size=268,45NSD2GTMZGEPL305,ICI,"Dallas, Switzerland",Apache-2.0,9429.2,SELECT * FROM users WHERE type = '1',2018-01-21T14:19:12Z,^[A-Z]{2}\d{6}$,IQD,45.49,Penicillin,UTF-16,8-99,870.42,QPD,PAL,GIFQVOL3QYHC9ZMXQ,needs-review,726.77,11.479,188.92,3396.2,DJCZMW2KLY5YDWS50,2262.5,[CONFIDENTIAL] Formula #359,1448.9,381.41,581.15,N4H3VG40PNKR6HVMM,5484.0,Master's,DOQ,6253.5,Orange,sig_9b0065de3f68c3fc,VHM,4081.1,update,BCV,143.47,IFC,52.2492,EMP-83902,PRW,RMT-1138,source_col -> field_b,3515.9,AQJ,XXXX-XXXX-XXXX-4679,686.75,kg
56.6,NTF,Interstellar,"$34,809",VFMX25F2UZQBE28MV,"$1,599,368",511.87,698.4,iOS,QRE,AB-,129 days,NAY0A9UOEV9527LDG,9914.1,Moore et al. (2026),/var/tmp/batch_190.parquet,9674.0,302.86,MAI,WCU,5351.7,+81-XX-XXXX-XXXX,OYGW7BN5BJH2PB6F6,8G1R7GNNLE2OMVRLZ,KFD,724.06,GET /api/users,NDE,2856,78.76,WPL,6717.3,Updated per client request.,CK752D69JV3FCYZ43,30.6,Ethan Garcia,789,6937.4,fp_85ec6f4e5b548018,7558.4,6450.2,5297.5,Average experience.,11/27,BP 179/70 HR 67,329.63,timeout_ms=103,A59BFJZNYA7WHT7LZ,YEM,"Houston, Canada",Apache-2.0,1984.9,SELECT * FROM users WHERE status = 'pending',2019-12-12 14:05:11,^[A-Z]{2}\d{6}$,PPG,48.64,Pollen,UTF-16,46-82,959.93,GPG,UHX,ZDLF7VTVH5XNDK2P2,needs-review,552.15,122.3293,527.14,437.3,PN7SZVY8CRKRQZHRN,4599.6,[CONFIDENTIAL] Formula #937,1066.8,849.17,256.19,KLZ39A7BNPH5JOSCX,2917.8,PhD,BZH,7659.2,Black,sig_8c0435babf260338,HZF,7458.2,snapshot,BUG,457.22,XDC,9.5422,EMP-20191,AMF,KEO-5971,source_col -> output,5668.2,EZD,XXXX-XXXX-XXXX-2613,507.6,kg
181.84,SGJ,Blade Runner,"$8,588",H3LT9W29IIYF48VYB,"$8,798,816",663.25,4913.0,iOS,YTS,A-,359 days,56RVUS5JJF4314MXM,7439.2,Wright et al. (2024),/var/tmp/daily_211.yaml,7992.1,987.06,ATA,JZE,7365.6,+1-XXX-XXX-XXXX,OCI0KZJ6ZT1GFFPF3,M8JQJMKX3GI1VDM2H,PUY,848.23,docker run,UIU,696,775.41,LGF,8186.3,Updated per client request.,H1YTALSXQD6BQWN7J,95.3,Robert L. Brown,740,6675.5,fp_1686ed46c6f19ac8,7859.6,7129.8,1611.5,Not recommended.,02/30,BP 177/101 HR 74,281.06,timeout_ms=145,2701NWEPG4TOL6KT0,DWL,"Paris, Germany",Apache-2.0,9371.3,SELECT * FROM orders WHERE type = 'active',2021-01-11 07:43:59,[a-zA-Z0-9._%+-]+@[a-zA-Z0-9.-]+,UMQ,612.71,Latex,Latin-1,43-61,892.78,SNT,RTK,33E9SRR90CRNVDF0K,deprecated,141.3,40.0335,562.95,8900.6,ETCY0P6POL8CXYMS3,2235.5,[CONFIDENTIAL] Formula #637,1453.0,758.15,445.81,SEKS83YBDYY6WBQU1,9048.8,Bachelor's,HPB,4959.4,Yellow,sig_4c0212763d9e089e,AOZ,9927.5,snapshot,OEJ,781.03,GLU,103.513,EMP-56560,GCA,VRC-4209,field_a -> target_col,2516.8,HJC,5720-5944-4715-4286,333.5,ft
47.9,XRL,Interstellar,"$26,197",PPYPPNSRMNUWO3Q95,"$8,502,167",548.55,3943.0,iOS,XBI,O+,196 days,RBAVJ3DRMSATRM8DH,1495.3,Clark et al. (2026),/var/uploads/export_847.json,6206.1,334.35,CBF,ICW,6086.9,+81-XX-XXXX-XXXX,X798O77LJQ7VY1TYT,ENFDOIK951A0D1O1C,TRK,165.36,npm install,EOP,3752,463.26,LPT,2262.4,Flagged for review.,IOGV3J7IC2WTOFWDC,22.4,Logan Walker,917,2072.3,fp_0c9139e725e3e839,5641.7,8549.9,2486.2,Not recommended.,08/28,BP 142/79 HR 64,155.55,batch_size=70,US1YZ8X4BVZQOV61T,IKE,"Chicago, Singapore",MIT,1113.3,SELECT * FROM products WHERE id = 'active',2024-09-02T15:06:29Z,^\d{3}-\d{2}-\d{4}$,QTN,567.01,Peanuts,UTF-8,40-59,845.99,ZRK,SAW,BG1ICWKRMM7H7T0XE,high-priority,189.99,137.8576,656.04,502.3,78UNYT0KEW0258NHZ,5937.9,[CONFIDENTIAL] Formula #528,1951.1,498.39,873.41,CKWFXKX3XIZ1WV2K8,9281.2,Associate's,XHX,1046.5,Blue,sig_66ca80dd533cb62d,MYS,6311.6,upsert,XWA,768.66,CPT,131.393,EMP-18489,EUM,FRY-1870,source_col -> target_col,6527.4,TWS,5486-5880-0875-0360,555.09,m
7.56,AEV,Inception,"$21,046",I7O35537GM45PV9QR,"$285,124",770.65,8574.6,macOS,KAZ,AB+,352 days,XISYN9GFU783DVM8O,8985.5,King et al. (2018),/var/data/batch_714.csv,7371.3,470.76,NTD,GDG,5066.4,+1-XXX-XXX-XXXX,ATZVAIW63U04OECUC,DCZQ6B1G0H7ZDDNFM,MSU,116.83,POST /api/orders,OKW,1956,437.46,ELU,9402.5,Updated per client request.,D07NZSD77O5RQPAX3,13.2,John Clark,100,280.5,fp_760eb89878406845,1307.9,3053.1,4104.2,Great product!,07/26,BP 136/78 HR 90,821.88,pool_size=206,EVT2X67E24MWFXSFF,UKE,"Los Angeles, Brazil",GPL-3.0,4771.7,SELECT * FROM orders WHERE type = 'active',2022-06-19 11:05:40,"\b\d{1,3}\.\d{1,3}\.\d{1,3}\.\d{1,3}\b",GOI,596.15,Latex,ASCII,42-84,159.43,MTV,FQC,D6BLR6BLEVK4MFKQY,experimental,575.92,143.0469,29.52,1585.0,O45FKGFL2W0QKYGKP,3231.5,[CONFIDENTIAL] Formula #926,1466.9,432.15,855.62,AHRQRJ0Z4E4I3E6NB,7447.6,High School,QRI,3098.3,Green,sig_a11d8a498e80726d,SRG,3110.2,snapshot,WIO,176.16,AZR,88.1527,EMP-34180,FOV,CYD-4952,field_a -> field_b,1015.6,VDA,5717-8094-5939-9312,622.43,lb
212.89,HOX,The Matrix,"$8,509",OE9K0OZVM3DPW4LCH,"$7,575,618",692.66,6530.8,Windows,IRZ,A+,202 days,JHA0TZBBJXCY1CMTU,7072.7,Young et al. (2002),/var/tmp/daily_57.csv,7628.3,832.64,ANG,NEW,8170.7,+1-XXX-XXX-XXXX,R93BWY0BMWCPMHRFA,UV3QLBS3XY34TI0RE,CRV,658.78,docker run,REL,1234,952.7,NKF,4749.6,Escalated to management.,NMSXU0D4JKQ2DXXG5,98.5,Oliver Garcia,184,9770.4,fp_b6ec4c1b42f9f450,838.7,6729.1,4002.7,Needs improvement.,04/29,BP 100/84 HR 86,437.62,max_retries=413,BT3713KZEOEW01BHE,OCK,"Los Angeles, South Korea",MIT,2229.6,SELECT * FROM products WHERE status = 'active',2026-11-02 13:33:03,[a-zA-Z0-9._%+-]+@[a-zA-Z0-9.-]+,TGX,41.31,Penicillin,UTF-16,13-95,476.05,ITH,MDT,Q0RJKEOXESVEHOTW4,approved,602.84,146.4755,824.89,4931.4,VGIC4IGWX84O5ANYE,6313.7,[CONFIDENTIAL] Formula #200,1189.7,591.25,309.83,SQY0BZ415205USI27,2506.2,High School,EZY,8993.8,Brown,sig_ce9ae4c49ce34859,CDP,7211.7,upsert,MVZ,902.47,LVB,137.0814,EMP-63611,HJO,RJH-7998,input -> field_b,376.4,QNR,XXXX-XXXX-XXXX-5317,303.32,ft
555.12,CPR,The Godfather,"$19,122",5MWBEOBIBGN1MLHKL,"$1,020,039",499.84,3784.5,Chrome OS,UAL,AB+,299 days,PURA3TTOWHA79QOX5,4612.8,Lewis et al. (2014),/var/tmp/export_137.csv,1874.6,195.74,SBD,RYL,9749.1,+1-XXX-XXX-XXXX,NT75AMHG6AYHZMMT9,7JAELS333O0AR4NT2,JQH,256.88,docker run,LRS,7259,921.26,MYB,9033.6,Automated processing complete.,7LERWDXNFYXRWQELA,13.2,John Young,182,4216.8,fp_19c245bfa8e162b4,402.8,4316.8,3414.9,Not recommended.,12/28,BP 122/77 HR 108,468.91,batch_size=97,LKEXJPVWR8NRUMELX,ZRC,"Miami, South Korea",Apache-2.0,18.0,SELECT * FROM users WHERE id = 'pending',2026-10-08T20:53:28Z,^[A-Z]{2}\d{6}$,AAT,59.95,Penicillin,ASCII,24-60,270.25,ZPU,UDY,V3FXYW565QTA9Y5CR,experimental,208.56,91.2152,104.72,6644.0,E1R1YZGICTS1EUP16,8786.5,[CONFIDENTIAL] Formula #949,824.6,61.82,265.85,AR2ETJQ22RJ1O7OJM,2264.1,Master's,VDB,5510.6,Yellow,sig_b7993501ef583a81,IIX,9327.5,update,XRQ,785.8,TLG,27.639,EMP-30463,NTF,DHA-4226,input -> output,2778.1,ZRK,3760-8052-9996-3176,518.94,°F
446.14,BZN,Interstellar,"$30,492",WD62XBTSY3IOH1JBN,"$4,916,356",457.14,6105.9,Windows,DYL,B-,177 days,PE2VOPB6G4ID4HYHA,1218.9,Smith et al. (2011),/var/exports/batch_429.csv,3918.2,357.55,RNV,CNS,7455.9,+44-XXXX-XXXXXX,L3W6Y048K00QTGZG0,LMD50D3KZ7T5TDT9R,IBO,500.09,npm install,WDL,2188,565.9,NHE,8586.4,Updated per client request.,0EW9FIHOJIIEMZLIT,91.0,Jessica Davis,330,7203.7,fp_410c3c7e2a920c3a,2467.7,2436.1,6024.7,Not recommended.,04/30,BP 156/103 HR 117,768.3,pool_size=917,8FTJQC8L9EF1FLG0G,WVY,"Seattle, Japan",BSD-3-Clause,9902.6,SELECT * FROM users WHERE status = 'active',2024-09-28T20:50:58Z,[a-zA-Z0-9._%+-]+@[a-zA-Z0-9.-]+,VUU,19.48,Latex,ASCII,48-55,91.73,DEE,TTC,D3GLR3YXRZPOTENPH,needs-review,174.77,96.8486,801.47,5315.6,JHY134XN1PNA2NQR2,6446.2,[CONFIDENTIAL] Formula #868,475.3,985.81,406.29,ASEG40YBMHYOUA1NA,9472.9,PhD,SYT,1515.9,Yellow,sig_f4b20b063906facb,XOR,4896.3,update,VHX,874.29,ZSN,113.4486,EMP-78330,ZRP,TQS-5443,source_col -> output,6752.5,NOU,5976-7694-9078-4346,851.42,lb
348.39,NWH,Inception,"$14,117",9WJKOGHNWQI5FB6U4,"$7,994,100",773.8,8531.4,Windows,ZDN,A-,104 days,RDVNMYN76RDO7N7G1,1074.4,Thomas et al. (2021),/var/tmp/batch_464.xml,2048.6,419.66,YSH,HRF,8173.0,+81-XX-XXXX-XXXX,KO26ZH3X39VO871WB,J7LSDBOXYS1JGSN8Y,MMU,372.23,kubectl apply,IVA,720,904.6,PTM,9812.2,Flagged for review.,2BDVG65IVSXFGCJ50,64.2,Emily N. Walker,676,8234.5,fp_4957ca36b43866d9,1165.3,5312.4,8521.8,Great product!,05/24,BP 133/103 HR 72,118.94,max_retries=536,QRD3DL1DOBHK40L7S,TLH,"Tokyo, South Korea",MIT,7954.2,SELECT * FROM orders WHERE type = 'active',2023-12-27 03:57:03,"\b\d{1,3}\.\d{1,3}\.\d{1,3}\.\d{1,3}\b",NOR,308.52,None,ISO-8859-1,47-55,248.2,LRG,FYA,OR46R39R0PJ3RRZUO,stable,863.21,27.7779,495.4,4850.8,PKFO5GT9970SLSYDS,4779.8,[CONFIDENTIAL] Formula #129,1228.2,883.24,442.35,8L8JCY19911KH5JX7,7609.4,High School,SOQ,997.8,Brown,sig_600dfa769783fab8,RYF,9862.5,upsert,NVH,711.73,YSJ,63.279,EMP-69787,WID,BRC-6238,field_a -> target_col,6378.7,ZLJ,4030-5825-4896-4242,660.15,lb
46.29,ZUI,The Matrix,"$9,660",BBKBFMNVP31G7SR5K,"$2,848,585",740.2,7130.5,iOS,TBQ,AB-,251 days,PAAICK0OJJZB036K9,8977.5,Thomas et al. (2000),/var/data/batch_658.log,69.2,288.28,HNN,RWX,5995.7,+44-XXXX-XXXXXX,GLM8C96TICK3XTET7,FAKG9B69RJFBY6T7O,TXU,116.21,kubectl apply,OUP,117,987.62,GQP,4661.0,Needs follow-up next quarter.,KSZDB3YTURFEA0L3Q,5.2,John Miller,721,4987.9,fp_1cc68f96d9693418,1422.2,114.7,5205.3,Excellent service.,09/29,BP 98/73 HR 59,4.63,batch_size=764,7F4D24YD2TZEC74WW,NNU,"Denver, Japan",MIT,7042.2,SELECT * FROM products WHERE status = '1',2018-03-13T05:29:49Z,[a-zA-Z0-9._%+-]+@[a-zA-Z0-9.-]+,MYV,840.61,Latex,UTF-8,40-61,38.94,HTR,XCG,4A3TWE61GU3F98QPN,experimental,277.62,36.8178,189.03,2915.2,MH0O9BRHDL0UVYEQA,4027.7,[CONFIDENTIAL] Formula #994,888.1,33.67,517.97,ATJK1GCGN48SP4KVN,7658.6,Associate's,NPH,9399.0,Black,sig_474b28fe12c0c64a,BXG,9316.6,upsert,LAN,979.0,AVO,122.4136,EMP-59379,CEC,ETF-4032,field_a -> field_b,8448.2,XZG,XXXX-XXXX-XXXX-7713,410.87,gal
44.13,FHM,Inception,"$14,281",4RBIVT2ZYW6J4JGAI,"$4,252,840",29.25,9069.4,Windows,VQT,AB+,96 days,EBI9TXLQSGJ6RSE66,8031.3,Moore et al. (2021),/var/logs/batch_774.parquet,4493.2,893.52,IKC,IOX,5076.4,+44-XXXX-XXXXXX,0GDBCUCMTAQKGQ67R,XZF324ER28OC8UNJ1,SFZ,752.25,GET /api/users,GSM,3618,931.57,OEI,7262.2,Escalated to management.,F91JS0Y2D9JCMXLXE,13.2,Robert Lee,158,8231.0,fp_9bf3a69bd76d0a27,940.2,3807.3,8913.4,Average experience.,10/27,BP 127/110 HR 119,335.01,pool_size=246,Z6YBIFTFBGDZJJ7MM,LUA,"Houston, Mexico",Apache-2.0,772.8,SELECT * FROM users WHERE status = '1',2026-06-06 04:14:07,^\d{3}-\d{2}-\d{4}$,LBF,17.9,None,Latin-1,7-73,947.0,TLO,EQU,7VOEQITNRMV57HKCO,approved,94.11,104.623,259.83,2890.8,905VE70YZB157JEV4,4733.4,[CONFIDENTIAL] Formula #260,1272.2,673.54,82.93,U5N8HCZCBU19BW194,9517.4,PhD,ZKR,9311.8,Green,sig_ad1d189ea8ab2ade,ARV,2569.1,upsert,UZB,891.02,VVE,102.2742,EMP-53579,DVM,ONJ-6567,source_col -> field_b,7667.9,OWE,XXXX-XXXX-XXXX-5774,286.82,m
503.68,CXJ,Interstellar,"$24,675",L2JBBQKZIV6H6VLNP,"$8,293,858",310.37,5929.6,Chrome OS,RMC,O-,122 days,8PYZ209BA61KLMEIT,5661.7,Anderson et al. (2008),/var/uploads/daily_125.csv,1497.3,97.5,GYF,YYZ,4400.5,+1-XXX-XXX-XXXX,WIHZJSLZ2Z0M0EMBP,IVKFQMW5TK66CE2E8,JDA,955.46,GET /api/users,JYA,6715,119.51,ZWK,6506.7,Pending verification.,OCRKL0LVWVZ52CET9,28.2,Patricia Young,299,5025.3,fp_4b8ab1143f586369,7727.1,1610.0,5652.6,Great product!,03/24,BP 128/74 HR 59,878.18,pool_size=241,GSABJ912ZID13OWRS,NNN,"New York, Norway",CC BY 4.0,2243.5,SELECT * FROM products WHERE type = '1',2026-11-24 05:16:11,^[A-Z]{2}\d{6}$,QTN,298.74,Peanuts,UTF-8,18-96,200.6,MVL,RKD,YJO6VGZ29FPM5HV9Y,stable,626.79,138.8387,792.23,6755.6,9PVL5XDU51L9KI3J1,6243.6,[CONFIDENTIAL] Formula #264,1539.9,398.73,64.29,X7VJFWWLHIC0UB0YT,8143.5,Associate's,KHO,2834.9,Gray,sig_3ec68aade9cc58cc,NPE,5461.4,delete,MMR,316.25,YLO,19.2,EMP-25686,RVD,JXP-4174,source_col -> target_col,6926.2,PSG,3757-4787-2364-4811,545.84,m
745.26,IBL,Inception,"$25,724",339BIA0NW34XWJTVK,"$3,066,208",367.72,4559.5,Chrome OS,HLL,B-,136 days,80LW3IV2FBGVDEUFH,8361.0,White et al. (2010),/var/tmp/batch_551.yaml,784.6,489.86,IKY,RHI,1652.0,+44-XXXX-XXXXXX,5ZXKEDRZ5GL5RMQ9S,TY7TBMOJUPSSR5YIM,KDA,815.94,npm install,HIS,6398,190.03,ZDQ,6611.9,Pending verification.,21YNX4DSP1U4GGM94,37.6,Ethan M. Young,207,4938.6,fp_eb2fac2ce87de1a1,7795.9,567.2,9974.6,Average experience.,02/27,BP 127/65 HR 68,811.45,timeout_ms=730,SNA80QKAOMBGEUMBS,JIX,"Phoenix, South Korea",Apache-2.0,6426.7,SELECT * FROM orders WHERE status = 'pending',2022-02-03 09:06:51,[a-zA-Z0-9._%+-]+@[a-zA-Z0-9.-]+,XTY,63.06,Pollen,ASCII,45-69,276.4,CTU,OCN,NX0CIOPUTKJF3NNIO,experimental,559.67,22.5233,451.92,7587.4,ZZDSAPF9OFYREN63T,9311.6,[CONFIDENTIAL] Formula #513,1915.1,140.85,138.16,CMBX2Q33SULNFYGQE,2788.8,Associate's,CAF,1996.7,Brown,sig_4b631266b5c51041,ARO,3654.6,update,JYM,867.8,GIX,118.8972,EMP-99539,TEL,UEY-4969,field_a -> output,5334.2,ZZN,4728-9014-0818-6664,155.43,gal
188.45,UKP,Blade Runner,"$44,673",LLSPNJ9S8LCSOKCJ5,"$8,551,790",233.15,9726.1,iOS,SBI,O-,302 days,MXV8OAJ5QYP3J8D0Q,3155.3,White et al. (2006),/var/data/batch_649.log,8760.7,658.14,SAH,ZFK,8861.9,+81-XX-XXXX-XXXX,8CIKJDN1MGMCZYIY0,MWFMGSNHZ32V4OIJ1,NTA,588.44,POST /api/orders,FTS,3875,82.65,YWL,1513.5,Resolved — no further action.,7NJ7ONDPNYV7J8BV9,97.1,Robert Walker,77,8057.8,fp_146f5de5f2ec5715,9510.9,6711.5,8146.4,Needs improvement.,08/25,BP 156/68 HR 68,610.97,max_retries=969,5RH128CDCHQX1NEQU,RWQ,"Berlin, United Kingdom",BSD-3-Clause,5794.8,SELECT * FROM products WHERE id = 'pending',2026-01-12T08:24:22Z,^[A-Z]{2}\d{6}$,AVY,813.8,Shellfish,ASCII,42-51,269.08,AHM,ATE,7OGV83XBO1NCPY7GA,stable,575.29,76.713,188.35,925.4,IX0GV2N19X9SMXMR2,6291.4,[CONFIDENTIAL] Formula #663,1232.4,486.32,951.22,991PGIAHQ1ME80Y55,5545.6,Master's,YHF,1818.9,Green,sig_09c5fba31fa4a307,BOS,6377.1,insert,OTM,656.53,TXQ,114.7748,EMP-80865,CAB,SVQ-5045,input -> field_b,9002.4,GBR,5304-4932-0146-4809,684.79,°F
669.01,FDJ,Inception,"$40,922",2IJLC5B0G4VCSK8IX,"$1,847,970",345.57,8838.2,Android,HPN,A+,56 days,UT7PZMNWCZNR9QLRU,514.8,White et al. (2024),/var/tmp/batch_511.csv,8839.7,683.55,FNR,WAP,9061.4,+44-XXXX-XXXXXX,ISCMC7RUOGDJXCIB5,IHUZ1MK7Q6X5H8IKM,WSE,839.22,npm install,JVS,3385,398.67,HXW,4519.0,Reviewed and approved.,HGACCTHRVX6X4SQD3,47.3,Michael K. Brown,717,4064.0,fp_75c251b62b54db35,3595.7,3772.9,19.8,Average experience.,01/30,BP 93/62 HR 97,428.05,pool_size=718,TDXWDJ4SR6DTU1REO,CVC,"Sydney, Canada",Apache-2.0,5404.2,SELECT * FROM orders WHERE type = '1',2023-05-26 00:55:41,^\d{3}-\d{2}-\d{4}$,IRP,337.91,Pollen,ISO-8859-1,20-99,202.6,RPX,IRT,E1MKQPEV15UG7FKCQ,deprecated,660.6,50.7302,780.74,2285.7,9346MW36J36FLVMC0,1106.6,[CONFIDENTIAL] Formula #528,318.7,169.79,856.97,CA9H8MZIP27HP5UFF,3555.3,Master's,UIB,910.8,Yellow,sig_97441f9acc19d8b9,KIS,4885.1,update,PEM,620.12,KVP,6.5506,EMP-50899,HTS,UOV-3425,source_col -> field_b,8248.4,RNE,XXXX-XXXX-XXXX-5442,460.04,lb
843.9,FQK,Blade Runner,"$5,887",9VWMSKOP7N20PYI0F,"$5,643,066",121.89,9184.5,Linux,ONQ,O+,117 days,AUGU7VNAEUAX3YKHL,991.5,Thomas et al. (2009),/var/uploads/export_806.yaml,4939.0,682.85,OSE,TMR,1444.2,+44-XXXX-XXXXXX,MGWP63NWMXBBXA1D5,AM5R1504Y6OR5RDYE,JPM,475.69,POST /api/orders,TKR,5108,613.3,XCB,4250.5,Automated processing complete.,N5SP15E1GPPXH8KRG,79.1,Anna Lewis,233,1831.6,fp_a118e15c190e677e,4778.2,4964.8,2527.4,Average experience.,11/26,BP 140/106 HR 112,756.08,pool_size=812,JOKGP2ADICY68YXWI,IPU,"Austin, Netherlands",GPL-3.0,947.0,SELECT * FROM products WHERE id = 'pending',2026-02-04T11:59:21Z,[a-zA-Z0-9._%+-]+@[a-zA-Z0-9.-]+,GNC,213.1,Penicillin,ASCII,25-90,77.36,QQH,GLQ,YV7I5H8J8YFQN6M68,approved,713.66,33.1518,834.99,65.8,67WG1XA4NTIFF3RPQ,351.4,[CONFIDENTIAL] Formula #262,838.8,585.23,440.66,EMQB99RSAZM5RK6OT,3556.6,Master's,SXX,6796.6,Brown,sig_041e8d04b228888c,WTE,4754.8,upsert,BPI,681.53,LVV,115.1957,EMP-40713,FHG,ZHA-6238,field_a -> output,3249.7,UBF,XXXX-XXXX-XXXX-4736,845.11,L
814.37,QVJ,Interstellar,"$40,015",WECPB54TL2VLA11RQ,"$3,414,397",824.11,6811.0,Windows,NXF,A+,343 days,BM0K8M2L5VG04XRAH,9407.9,King et al. (2022),/var/data/export_915.yaml,6281.8,347.67,GOT,JZS,5297.0,+81-XX-XXXX-XXXX,GJ4Q56YNNDREBML94,WG8SPBWEI2IYA3YAF,LHX,743.27,GET /api/users,VCG,1399,448.24,MEY,1195.5,Needs follow-up next quarter.,9H9AJGQXJI0GC56TZ,32.2,Emily Wright,677,9328.4,fp_d964aa94701714e1,2010.8,5561.1,8391.6,Great product!,04/27,BP 101/91 HR 68,69.29,batch_size=157,BV4RQB62UY1PQTVAD,YRM,"Toronto, India",Proprietary,3748.0,SELECT * FROM products WHERE id = 'pending',2023-05-21 23:27:51,[a-zA-Z0-9._%+-]+@[a-zA-Z0-9.-]+,SMR,898.8,Latex,UTF-16,24-52,815.08,GQM,IRG,0QLMVCNIBBR4A7YC2,needs-review,133.85,37.4444,189.58,6282.8,1WDC38XJCKXS7PHQA,9765.7,[CONFIDENTIAL] Formula #329,67.8,482.98,717.9,LDOVVMELD4GGOIOBF,430.5,PhD,SCM,7144.4,Gray,sig_50646dc6d45aa70b,CBB,5827.4,delete,NES,705.24,IJT,146.6058,EMP-29904,COC,AOF-6334,source_col -> target_col,3599.9,PAS,3719-0606-9749-5099,283.33,°F
292.76,GMT,The Godfather,"$42,722",QVXY68ZNH7GGHB3A1,"$1,568,240",475.5,8328.0,iOS,JSH,A+,3 days,ZINCBTJ11XG2ZZKLT,6106.2,Johnson et al. (2012),/var/exports/export_304.log,1519.1,360.9,AXC,DHO,2275.5,+44-XXXX-XXXXXX,2ZQPLDCP4A88II5QL,LM6YDH0CMKNKM7DIX,RDJ,890.95,POST /api/orders,ZCU,5520,599.0,OXU,112.6,Updated per client request.,4HFICYY0RP7TVL2M2,36.1,Emily Lee,747,2938.5,fp_3c48f583bbaef263,622.6,9419.2,562.8,Average experience.,11/26,BP 134/101 HR 109,119.31,timeout_ms=499,QGOI4PCW25I7SAV8M,YTA,"Berlin, Sweden",Proprietary,4533.7,SELECT * FROM products WHERE status = '1',2026-07-26 12:02:21,^[A-Z]{2}\d{6}$,GRI,375.29,Pollen,ISO-8859-1,12-58,521.32,ZCT,RNP,0V1PEIFT2RC17RCQT,high-priority,444.87,137.9147,119.6,4080.3,PQYB61Q32SNWCBKAM,3838.2,[CONFIDENTIAL] Formula #373,429.6,804.22,978.91,1QK0ZMF07O06BCTYX,4465.6,Associate's,PZB,2270.5,Black,sig_8fe0d155b37c1947,FOO,6398.6,update,NQH,987.07,QQO,56.0905,EMP-94977,NAX,CBH-4115,source_col -> field_b,9587.3,XWX,5362-2106-0342-0496,924.36,kg
17.3,VRH,Inception,"$10,219",SABV5477ZVLQGQAIW,"$8,376,161",751.07,8258.9,macOS,WFG,A-,302 days,72BTILX259UK5BL8B,9923.2,Jones et al. (2006),/var/tmp/daily_354.csv,403.9,987.98,PWF,FPD,3900.3,+81-XX-XXXX-XXXX,7YRXPRHFD26S4A87L,LJSTEYAA6DYWL6VD9,KMI,664.61,kubectl apply,GUN,3584,580.34,GEI,1483.0,Resolved — no further action.,PYAEZYDNROA49MXXA,40.6,Susan Robinson,283,7380.8,fp_0e5fba86eaaa0c1d,6695.6,222.3,7426.1,Great product!,04/28,BP 169/89 HR 87,69.29,max_retries=667,OBGR8ARSID0SDCJGM,JRZ,"Denver, Switzerland",MIT,4355.6,SELECT * FROM orders WHERE id = 'active',2025-10-12T10:34:29Z,^[A-Z]{2}\d{6}$,IGH,666.19,Shellfish,ASCII,6-98,678.88,GSJ,GXU,IYWUBZQU1MNDXS598,needs-review,256.91,41.3607,199.32,4143.3,4ES6ERWGMYY2HNXEH,362.1,[CONFIDENTIAL] Formula #589,494.0,45.78,633.27,9FT5QJ8RDEZ15CLRV,920.1,PhD,LOT,2511.8,Gray,sig_1b20c6f6fb875877,BAJ,7863.6,delete,QJM,330.86,DBA,73.8498,EMP-59902,HDK,XYR-9642,source_col -> target_col,2460.3,OTX,4134-4939-3046-8991,883.81,gal
804.57,HRI,Interstellar,"$9,749",4GGKN0W7UR859X4CJ,"$6,043,875",475.22,3614.1,iOS,CZN,AB-,309 days,E1XZFTV64RDLNWMS4,7289.6,Lewis et al. (2026),/var/data/batch_7.log,5772.4,991.47,TLQ,QYC,3544.0,+81-XX-XXXX-XXXX,48065CJYESJPDPWY6,EFKOC98SR7DT2186R,IVB,696.47,GET /api/users,LGG,4966,547.56,VVQ,4004.4,Pending verification.,12VQW5T4R3E8EDPE3,29.1,James Jackson,827,7170.8,fp_9d57230e62e9e8a3,4810.7,8708.2,5143.7,Excellent service.,08/25,BP 162/60 HR 114,554.0,batch_size=557,QZNS4MHFHB1A941D5,WWL,"Los Angeles, Switzerland",GPL-3.0,2754.1,SELECT * FROM orders WHERE id = 'active',2022-09-12 12:52:03,[a-zA-Z0-9._%+-]+@[a-zA-Z0-9.-]+,RMX,17.82,Pollen,ISO-8859-1,42-78,933.12,KKA,ZSH,LUDGNGUPDZSBTC3VJ,deprecated,412.55,60.1408,105.55,2594.7,H9D8CTIM2YKB8JCNQ,382.2,[CONFIDENTIAL] Formula #728,1452.7,838.55,511.89,45YKPYQ2FTSMS03WS,8312.3,Master's,WBV,7098.1,Red,sig_0b356776ac384ca7,XGH,602.1,upsert,TRM,0.66,QHS,147.9531,EMP-89815,EIA,LES-1879,source_col -> field_b,5624.9,RAA,6011-3475-3981-0714,195.31,°F
48.95,UEL,The Godfather,"$30,359",50XFG9Q6C9JCN06D7,"$5,982,353",77.73,7274.3,Linux,UHB,AB+,357 days,NTKWRHQ50KGUTMC2V,835.0,Thompson et al. (2024),/var/config/batch_735.yaml,4080.0,967.98,NPD,MXF,6996.1,+1-XXX-XXX-XXXX,9HMX3PE2WWD6OCWCT,0Y908Y1BSRMB5A6VS,LFV,178.43,docker run,DRL,5074,740.9,FPD,1588.7,Updated per client request.,OVSD4NU5VUWYRSIZ5,50.1,James Lee,528,2914.3,fp_7a4cff0de041a1ea,8339.7,6776.6,4708.0,Great product!,03/27,BP 144/65 HR 64,591.17,max_retries=624,4UTF7DHGSVCHLCG36,GPY,"Denver, Singapore",Apache-2.0,7084.8,SELECT * FROM users WHERE id = 'active',2026-02-15T22:34:47Z,^[A-Z]{2}\d{6}$,DKO,248.49,Shellfish,UTF-16,29-82,824.63,YAB,CXW,GQSA5G86HQIKB0T1I,approved,906.88,11.3087,158.28,5192.4,ZYYPRUN4ZZPEG3LYA,6146.5,[CONFIDENTIAL] Formula #980,1060.2,440.56,467.94,PAMTPHPQAXBLUG0TM,1554.3,High School,NNJ,3174.0,Gray,sig_4e8a95226e610148,JTO,7463.1,insert,SXR,580.77,JYC,12.8235,EMP-40394,NEB,NOD-2846,source_col -> target_col,9369.9,BOG,5041-6441-3006-5376,255.71,L
762.76,NYJ,The Matrix,"$22,492",O8MEG8WWKU2SZAP0Z,"$1,083,313",209.33,1095.3,iOS,YAA,AB-,240 days,UKSPYZW3PADJ09WZ5,3186.8,Martinez et al. (2026),/var/tmp/daily_122.parquet,3456.3,800.41,HLY,XIM,2923.1,+81-XX-XXXX-XXXX,WCAIOZOJU49BN3BG1,J3DYPT191FVGLJSIZ,FUA,835.14,kubectl apply,DMW,3061,331.52,RLZ,1517.2,Automated processing complete.,F0AD5WYMG07M3K8YM,27.8,Ethan Johnson,519,392.0,fp_2f0b70b652654e96,3745.6,3462.8,2353.1,Great product!,04/28,BP 98/99 HR 85,866.24,max_retries=598,S9VCFORF6LDM6XM2W,JNT,"Chicago, Italy",GPL-3.0,5613.1,SELECT * FROM products WHERE status = '1',2020-12-21T03:46:31Z,^\d{3}-\d{2}-\d{4}$,DYK,748.4,Shellfish,UTF-8,45-94,531.05,ZRS,FIV,C7XIVD8MA5TGNPT18,needs-review,772.03,88.0856,353.65,7588.0,9S1ZSNEV7WCNRLRH9,8435.3,[CONFIDENTIAL] Formula #792,597.6,788.3,367.1,A2EEGGGGM9DUWA0GR,6373.4,PhD,BAD,1345.2,Gray,sig_0c72373db393792e,ZNT,8806.6,delete,GWZ,456.49,WDX,123.1583,EMP-39194,SLR,KPO-6851,field_a -> output,9356.4,END,3768-4491-1249-4780,395.59,m
488.37,MBE,Blade Runner,"$34,882",D1BPN1SC5P6TGT1FN,"$9,512,437",504.11,5570.7,Chrome OS,CKX,O+,261 days,H170IO7L41TH3OEUV,3296.1,Brown et al. (2022),/var/exports/export_308.json,3549.2,754.53,COM,LHO,2772.4,+44-XXXX-XXXXXX,CRVYKYAQQPZBEKEWY,ZZ5E22KGNOD6C460Z,OJR,626.04,docker run,LJV,8560,997.07,NSI,8797.3,Reviewed and approved.,TDX194KHH7D937RYA,47.7,Michael E. Lee,395,3482.9,fp_c7a21c4e229684dd,7949.0,3373.5,8888.5,Excellent service.,01/27,BP 97/96 HR 91,863.84,timeout_ms=743,DKTM71MBGCYEJL76E,UBF,"Boston, Brazil",CC BY 4.0,7545.8,SELECT * FROM orders WHERE status = 'pending',2020-11-25T01:16:36Z,^[A-Z]{2}\d{6}$,GWV,262.86,Latex,UTF-16,42-67,490.49,QRX,KDD,AAAP6CDTPIO2C9LCF,deprecated,35.59,140.2756,378.57,9437.6,7WK42NRPYXUXRSUDW,9497.0,[CONFIDENTIAL] Formula #656,1355.9,747.99,741.94,YKYTX7ZGJD50XJ81L,3191.9,Master's,EKK,8849.7,Yellow,sig_cf96e11bc375668a,YSA,8797.9,insert,IOX,965.7,KYQ,7.4817,EMP-40722,USR,WDV-8954,source_col -> output,8891.3,FVL,6011-2635-7397-2908,606.19,kg
843.65,KOB,Interstellar,"$45,900",1CPYB43QM5FK0QZPC,"$2,138,470",631.12,9722.0,macOS,YPU,B-,363 days,0QGQBHUWNT1N5RT2J,1738.3,Thompson et al. (2016),/var/exports/export_566.json,3894.5,734.85,SDF,YUG,1119.2,+1-XXX-XXX-XXXX,JHY6OY0KRTS5B86DZ,IEW36ZJOALBEUS8QZ,CIY,943.67,POST /api/orders,ULL,6707,143.89,LAQ,9300.8,Escalated to management.,CEMFEB2U8PNESYF5D,60.3,Patricia Young,978,6224.6,fp_5173f001d66c322e,9770.2,606.3,9508.8,Needs improvement.,09/28,BP 150/108 HR 58,641.79,batch_size=345,PTKCPQQNT9ECD5FO6,CWG,"San Francisco, Canada",Apache-2.0,7093.1,SELECT * FROM users WHERE id = '1',2023-10-12 03:55:08,^[A-Z]{2}\d{6}$,USQ,311.63,Penicillin,UTF-8,21-75,750.24,RNV,GKQ,Y8OQKTTSJOX0JR0A0,experimental,459.78,72.2557,241.45,4923.4,DSTGJ0NU4UEYDD3TJ,9261.1,[CONFIDENTIAL] Formula #763,1889.7,742.94,474.72,JNRM9VY6NJ651HR1V,924.7,Associate's,SXO,2104.5,Blue,sig_1fe6c46637e0b953,BZV,5478.8,update,HVR,77.37,RML,96.7143,EMP-57642,NEZ,KCY-7283,input -> field_b,6179.8,FRP,6011-0305-4699-3061,557.41,°F
389.35,WHL,Blade Runner,"$29,081",YXY333VBONXGERGL2,"$6,984,460",698.04,1725.8,Linux,KXN,O+,342 days,JMI8BW47XGF6T09KI,5653.2,Miller et al. (2006),/var/uploads/batch_449.json,3163.0,97.62,RQP,JYD,903.0,+81-XX-XXXX-XXXX,J140NGK3UUV0NOACL,QSGBT4HXGCVCLTEC5,JES,926.31,GET /api/users,XNK,5735,149.74,IKA,656.8,Updated per client request.,C3MJC6V2ZSX1XQM35,18.8,William Thomas,666,571.3,fp_9b0abeb8c10118e4,7562.7,417.2,5200.5,Needs improvement.,09/26,BP 100/106 HR 66,796.02,timeout_ms=56,B55HK3FBEBCWZDMYN,WJT,"Seattle, Norway",MIT,6744.7,SELECT * FROM users WHERE type = 'pending',2025-10-03T18:03:42Z,^\d{3}-\d{2}-\d{4}$,XMX,341.43,None,ASCII,22-64,408.71,MLV,JFG,BIPI5M28PRNBSBNRR,deprecated,761.86,101.4032,718.1,1464.5,GSY1M61J83RRMUW07,5551.5,[CONFIDENTIAL] Formula #728,998.1,892.88,29.29,VFDS22C2KTSAFPW47,6595.8,High School,UNU,646.8,Blue,sig_1fe8520608209f29,MNH,1595.7,snapshot,MWW,147.09,RDU,89.3294,EMP-14242,EDC,AWV-1167,source_col -> output,2673.5,SZW,4882-3558-3634-9818,925.15,gal
647.79,ISA,Inception,"$33,668",303NURXQ88EHV1B2X,"$7,545,920",96.01,3776.5,Android,DWP,AB+,64 days,SEF9T7NHMJNI7SK4B,7632.7,Garcia et al. (2007),/var/logs/daily_214.json,8154.9,508.64,FXQ,GQY,4657.7,+81-XX-XXXX-XXXX,ITIRJT4H4M3YDSSPL,IW6YK743XVO2465UC,HXF,395.65,npm install,GSF,94,459.86,SAF,9528.4,Needs follow-up next quarter.,X0HQWUC54FWQIU8BU,16.0,Mason Davis,615,4825.8,fp_a300a596668d87de,7990.8,6215.5,333.8,Needs improvement.,12/27,BP 101/76 HR 69,242.93,timeout_ms=665,30BNGLQZYT6PIS9V5,UFM,"Seattle, Norway",BSD-3-Clause,4122.3,SELECT * FROM orders WHERE id = 'active',2024-01-07T00:48:29Z,[a-zA-Z0-9._%+-]+@[a-zA-Z0-9.-]+,AYZ,459.11,Latex,UTF-16,43-71,486.48,RXF,QYE,5O8AHPPXBYZOTLVXI,needs-review,730.65,80.7807,573.66,5041.6,G9YMR4N4UV6JEBA2L,4840.3,[CONFIDENTIAL] Formula #721,1740.9,189.26,981.85,AY07CCQKMGST2HE54,9998.4,Associate's,QRK,6319.9,Yellow,sig_f1832a04f4b966ea,XQR,4688.1,upsert,EGT,331.44,ZDG,124.6878,EMP-82005,KWL,JUR-4397,source_col -> field_b,6677.1,KIT,6011-6326-6154-1737,12.03,gal
144.4,NJY,Blade Runner,"$6,349",0IDUF4YWMCLQDVYRV,"$3,419,001",323.53,4799.6,Android,ALE,AB-,78 days,Q0FWYHZP0LNCQY3K6,2001.4,Lewis et al. (2002),/var/config/daily_373.yaml,4648.2,139.35,SQP,DGN,8708.7,+81-XX-XXXX-XXXX,B8REPSLVZUJYD49W8,3CS8W48CEOAHHG4HW,UAW,740.68,kubectl apply,XIL,8073,669.8,QUS,4648.9,Pending verification.,WOUYYKEA1TX62XP6G,40.5,David Jackson,953,7986.0,fp_06baa47ac1b23dea,3953.3,4372.4,5949.0,Excellent service.,02/25,BP 109/78 HR 89,798.73,pool_size=698,8PJ4E98IWQAZHOBZS,DFP,"Chicago, Netherlands",MIT,5365.5,SELECT * FROM products WHERE type = '1',2018-01-10T14:06:34Z,"\b\d{1,3}\.\d{1,3}\.\d{1,3}\.\d{1,3}\b",SRM,720.02,Shellfish,Latin-1,45-68,672.55,REQ,XXD,FRD23X6SH99VV60WV,high-priority,976.25,29.3054,672.38,8380.6,KDF7V71NFPNPPXEMY,7093.7,[CONFIDENTIAL] Formula #291,1801.4,479.9,658.13,NPMM9XOCBZQCT0DQZ,2207.3,Bachelor's,MJB,873.8,Blue,sig_cb62dd0aadea93fe,ILR,7492.4,snapshot,RVW,326.93,CTA,135.787,EMP-60070,GYI,ZDR-9659,field_a -> field_b,1860.0,MLU,XXXX-XXXX-XXXX-6834,131.48,m
976.79,COO,The Godfather,"$3,104",NZ2ZBXQMZHVV5MRV2,"$5,340,652",975.34,3553.6,macOS,HLK,A-,365 days,UB361KC0JOCH64JGQ,4896.4,White et al. (2010),/var/logs/batch_623.parquet,1956.4,120.95,DMA,VAG,8938.6,+44-XXXX-XXXXXX,A9JR4OCS7CL4PTV0W,LTUPZP6V7TIAKN3PA,BIQ,782.37,GET /api/users,YWC,5518,501.72,HSJ,5676.1,Updated per client request.,H1KISTXWAAXGVFL9Z,4.4,Jennifer Young,620,9421.7,fp_3f25857804b0485d,3938.9,1908.2,7049.1,Average experience.,07/27,BP 123/61 HR 85,23.63,batch_size=394,3FKU7F5VRAX20HTL9,GGH,"Toronto, South Korea",BSD-3-Clause,5865.3,SELECT * FROM orders WHERE id = 'pending',2022-03-22T07:44:22Z,^[A-Z]{2}\d{6}$,RMW,106.89,Pollen,Latin-1,8-97,453.65,PAO,NFB,FZZ7LD6VC9SOGXFIN,high-priority,400.42,16.4069,418.5,9047.2,H85657FMU407M8TRC,5224.6,[CONFIDENTIAL] Formula #426,239.1,251.15,567.82,549T5FS4ZGXPGQJ0L,8078.3,Associate's,VBV,6183.8,Gray,sig_cbff9e0b242b0d57,EQF,3245.4,update,YVZ,100.09,GAG,60.7735,EMP-15943,WOF,JBS-4315,input -> output,186.5,JXA,XXXX-XXXX-XXXX-5850,205.24,°C
162.86,CBI,The Godfather,"$13,237",KU489M6RAKGM6OBVQ,"$1,709,364",615.84,193.1,Windows,UDF,O-,314 days,NF4SC8WVORKLVZ3D2,5125.7,Smith et al. (2002),/var/data/export_58.xml,1103.0,573.92,OUB,QBH,1918.2,+1-XXX-XXX-XXXX,GP665A2UZG4MD3DM7,48E6YL0UJOZ4DWC6G,FEC,806.65,kubectl apply,BXN,1883,604.91,AHK,5324.1,Flagged for review.,NETYRRX19B1JJG6P0,14.3,Jessica Rodriguez,708,8554.0,fp_fc53656a42af311e,2697.2,3711.4,318.9,Average experience.,08/25,BP 163/81 HR 106,100.98,pool_size=372,BVFOQA21ALZCU0VL6,JED,"Seattle, Australia",BSD-3-Clause,5391.0,SELECT * FROM products WHERE id = 'pending',2026-12-07T19:06:37Z,[a-zA-Z0-9._%+-]+@[a-zA-Z0-9.-]+,XFC,941.84,Pollen,ASCII,10-70,353.91,NPA,WRE,7F0CMGR5MHX4H8WXD,high-priority,97.16,95.1071,435.34,3648.8,6G5WS7QEV5A5GIDJO,3504.1,[CONFIDENTIAL] Formula #341,1999.7,304.16,996.72,G35CA0Q7AJDUECKK5,4468.9,High School,YWJ,6970.2,Purple,sig_2d57f732a7c120ee,YUG,8313.4,update,RYB,799.85,TNY,19.1978,EMP-20874,ATT,QRQ-8188,input -> target_col,5226.6,AUB,3788-4642-0172-3225,701.64,m
864.18,FSC,The Matrix,"$9,910",AKFN3CU0VFOKQ88ZQ,"$1,204,953",928.14,5942.6,iOS,HGA,O+,34 days,U66ESMNA7FPO7NKFA,942.7,Davis et al. (2014),/var/data/daily_934.log,1295.4,840.48,GOR,REO,2111.2,+1-XXX-XXX-XXXX,QP0CV91RNLNBETJKO,3RC1CTNOZ0KPB67J9,UUK,931.2,POST /api/orders,BJH,8373,432.08,IKV,8193.5,Needs follow-up next quarter.,TM5TPL9XVBANJFY4T,80.3,Jennifer Brown,721,5205.9,fp_ecf9d74a21b7bc7f,176.9,482.7,6415.8,Great product!,10/29,BP 122/72 HR 95,288.44,batch_size=709,L363CZJ889PKVXMKU,FGU,"Dallas, Mexico",Proprietary,717.6,SELECT * FROM orders WHERE type = 'active',2022-11-16T13:22:22Z,^\d{3}-\d{2}-\d{4}$,MJN,880.47,Pollen,UTF-8,32-74,318.01,PNF,GPP,JRJ5UFYT8W0JLMEPX,stable,462.16,2.2074,297.77,9092.0,SAH0DG7VZM29W60QZ,8972.0,[CONFIDENTIAL] Formula #961,268.9,619.8,142.58,6Y7V8Q2MECAODJE56,1482.2,Associate's,XWI,9864.3,Blue,sig_f6042952244fa328,YEQ,7637.4,delete,XLN,919.45,RFO,133.9492,EMP-35658,ZAD,WOQ-5075,source_col -> output,6637.1,LNN,4890-3919-3515-9326,577.3,kg
896.64,ZVW,Blade Runner,"$30,945",15VFUS4T3H4JNRD8Y,"$1,558,586",72.03,8982.9,iOS,GZU,B+,320 days,FU3LOQTKUB2SSYV7K,7577.0,Lee et al. (2008),/var/logs/daily_1.csv,390.2,234.89,PTW,AMI,285.3,+1-XXX-XXX-XXXX,ZMCD6ORPSFQX3YJL7,YYFIPNIAWCY354N38,ZCS,213.44,GET /api/users,PIP,1227,778.62,UIQ,5326.8,Needs follow-up next quarter.,OURMNGLRN9SZQPTMA,99.1,Logan Moore,614,5562.4,fp_66f7ef3af6fd74e1,3916.9,6497.5,4199.1,Excellent service.,04/28,BP 113/84 HR 110,104.38,pool_size=1000,D1IQLY9J05WLDD2TQ,ILQ,"Denver, Brazil",CC BY 4.0,5213.4,SELECT * FROM products WHERE type = 'active',2023-06-13T04:58:16Z,^\d{3}-\d{2}-\d{4}$,QRT,567.28,Penicillin,ASCII,9-99,503.51,SXR,BZR,ECCBIVF30PW2TMZW1,experimental,484.74,147.4874,144.63,725.3,PVT1P0A90FB12WT5C,2905.6,[CONFIDENTIAL] Formula #848,1555.8,601.02,314.29,OHO3WNO112OT1EX6W,8430.6,Bachelor's,XSE,5363.4,Red,sig_fc1fc7255d8e3317,UUC,8514.4,upsert,IEU,579.09,GNH,8.9475,EMP-45044,OEW,POP-7430,source_col -> field_b,5517.2,NPX,3707-2302-5147-4227,661.73,°C
810.74,AVG,Interstellar,"$23,820",KEYKUKXODFA52T3OG,"$3,701,059",70.33,4132.8,Windows,OYV,AB+,34 days,O3KE75F9G5CW3H3AY,2338.2,Jackson et al. (2021),/var/config/batch_247.json,642.3,874.84,HYB,KGY,6333.0,+1-XXX-XXX-XXXX,TP1O4K9M5B2LZRX24,68XZ8ER1MVB81TMCY,TZX,384.41,kubectl apply,TSC,3432,639.85,CXM,4100.8,Automated processing complete.,45OT0LBVD97Z7G0H0,12.0,David Moore,14,520.5,fp_bb6800858609f797,3410.7,75.7,169.1,Great product!,06/30,BP 124/72 HR 56,770.96,max_retries=75,KBEUMKJH59213NTDH,HBS,"Dallas, United Kingdom",Apache-2.0,9293.4,SELECT * FROM products WHERE status = 'active',2024-02-06T03:39:19Z,"\b\d{1,3}\.\d{1,3}\.\d{1,3}\.\d{1,3}\b",OIO,27.11,Penicillin,UTF-8,49-97,606.97,MQS,URU,L6R8ZRE6BJESHLNBE,needs-review,946.52,102.5777,860.69,574.4,UOXAY0680PYNKELEA,5091.7,[CONFIDENTIAL] Formula #784,66.0,339.27,393.26,4E0Q06EOSCC3MGBHR,3322.3,Bachelor's,FXF,4250.0,Gray,sig_a6574592d64ca103,CYC,8651.3,update,GST,401.88,YOH,35.0299,EMP-15228,TIL,IBX-2596,input -> target_col,1209.9,FFI,5687-1572-4216-5612,133.6,ft
824.39,TNF,The Matrix,"$29,292",3RLFXVK1Z23K1EWF4,"$304,804",550.72,9388.0,Chrome OS,TUG,O-,363 days,09OS4X7Y2D170P149,3121.7,Garcia et al. (2025),/var/data/export_693.log,2503.8,24.31,MHT,RKC,9770.2,+44-XXXX-XXXXXX,0KZ1SLAMXT58GSB76,RM0R28M1AFB2GU8LK,FQS,556.19,npm install,RXL,2559,112.41,ZTQ,9464.8,Resolved — no further action.,5YYUBDX8KTBSJR2OJ,67.6,Mason E. Harris,908,7092.6,fp_62678f111c5f137a,5141.6,9107.1,7496.7,Average experience.,09/24,BP 179/76 HR 85,698.16,timeout_ms=480,EEW8QFNXTNGG9CY7U,TVS,"Dallas, United States",CC BY 4.0,722.0,SELECT * FROM products WHERE status = 'active',2024-06-15T20:08:51Z,^[A-Z]{2}\d{6}$,XRK,744.46,Latex,Latin-1,3-97,580.21,UQT,ECT,9YJ4OLCLNVHKFE2UI,approved,693.99,145.0579,740.63,8578.5,VBC1PVSKRNN7S1PM5,2021.6,[CONFIDENTIAL] Formula #365,1011.5,280.81,659.15,AY9EUR2ZTAP3XQDBN,9066.1,Associate's,DFO,5290.5,Orange,sig_a1d1780718c08547,YSD,1260.4,delete,QNN,256.51,WSL,25.6482,EMP-95159,XYC,AYH-8542,field_a -> target_col,9693.3,NDU,XXXX-XXXX-XXXX-4758,9.45,°C
420.65,HMD,Interstellar,"$49,426",BYOC31SOS1NUPKP0M,"$3,048,928",184.54,414.6,iOS,LUH,A+,193 days,QAQJZWNSV6M7M48RB,4845.1,Jones et al. (2017),/var/logs/daily_391.log,107.1,416.06,QET,SHJ,4649.0,+1-XXX-XXX-XXXX,D9BISQPB03GO2NYYH,3UDVPOD7J83L35DUV,BKB,894.33,POST /api/orders,HCF,7537,809.54,ASQ,4527.6,Reviewed and approved.,8Q4QZV916L7YK7W9E,73.6,Richard Q. King,759,7980.2,fp_fde6bbda73187978,1446.7,1609.1,7704.6,Excellent service.,11/25,BP 104/62 HR 96,648.12,max_retries=249,X0GMN2TBYV0NPD7F2,ZXG,"Sydney, Switzerland",CC BY 4.0,5963.9,SELECT * FROM orders WHERE type = 'pending',2024-05-08T16:12:27Z,[a-zA-Z0-9._%+-]+@[a-zA-Z0-9.-]+,FTZ,977.25,Peanuts,UTF-16,5-85,385.15,PJE,TDB,6GG1NULSY2EFJYWV2,deprecated,699.35,76.7207,306.38,3460.4,FYPZIHHHT4U8O5EUE,7300.9,[CONFIDENTIAL] Formula #596,1473.9,20.66,665.34,XLC66FWTNR3QX95PI,4576.7,Bachelor's,QMT,294.3,Red,sig_3b5404e031a520c6,QUI,1479.4,update,DPS,704.23,WOR,124.9106,EMP-19351,PBF,ZCZ-3226,source_col -> target_col,1964.9,PIM,3783-1478-5112-2251,348.87,L
73.74,SFS,The Matrix,"$19,464",H9OE21MKVMND1PQ3Z,"$1,026,538",244.49,7534.5,macOS,AMM,AB-,274 days,BLQVRUL1VQNNZWZTK,4746.5,Wright et al. (2008),/var/config/daily_691.xml,1249.0,734.19,DJD,FZZ,9256.3,+81-XX-XXXX-XXXX,6U2J3FM5G3H38M0VJ,LETMEIL2I9D8X22DE,UZE,30.04,POST /api/orders,XRW,594,568.2,LJD,5084.1,Resolved — no further action.,FWIFPCHLAWBNLUP0X,94.2,Harper N. Martin,673,102.8,fp_bc3bfa748b00d659,9673.4,9713.1,2234.9,Average experience.,12/24,BP 179/92 HR 74,765.83,timeout_ms=843,2QVY7ZLA3SRL8LOKF,VQA,"Denver, Japan",CC BY 4.0,4561.3,SELECT * FROM users WHERE id = 'pending',2025-09-16 00:18:10,^\d{3}-\d{2}-\d{4}$,IOW,792.6,Shellfish,ASCII,27-73,248.05,IFX,GSI,3BQ7KKEQYY4NEE29B,deprecated,782.85,56.8868,996.44,3322.2,A448SF04QRJUGNR13,9946.7,[CONFIDENTIAL] Formula #246,253.5,799.09,848.32,2I2KDQ1EVY8ZJLEUL,2555.0,High School,QQR,5884.5,Purple,sig_27991ffe961a41fe,BES,1318.5,update,KJU,52.49,UCR,81.4961,EMP-51403,TVS,ZGG-3210,field_a -> field_b,2254.8,VRJ,XXXX-XXXX-XXXX-3402,916.02,°F
628.59,UCX,Blade Runner,"$23,418",OYLCA4XND7X6VRCYX,"$2,709,887",447.37,5527.2,Windows,RCV,O+,356 days,CHYQ7RMP6MV3VGWDN,4677.7,Walker et al. (2013),/var/exports/batch_940.json,4400.0,489.95,OTG,TPH,7522.3,+1-XXX-XXX-XXXX,RHTCECTW6IE6JP12B,BJRP3DYEFIBD1LCPQ,PYL,334.52,kubectl apply,QEE,4100,779.17,TCZ,3514.7,Needs follow-up next quarter.,RV5QR96HLZFXQYT6R,27.6,Jennifer Young,108,39.9,fp_c2d5b69c6d7bf1d9,2582.5,2345.9,2409.0,Needs improvement.,08/26,BP 140/65 HR 84,66.93,batch_size=484,PCJFPZQ1QCUU7OM5O,UIZ,"Miami, Spain",MIT,6214.3,SELECT * FROM users WHERE type = 'active',2021-06-17T08:02:51Z,^[A-Z]{2}\d{6}$,GNN,404.98,Latex,UTF-8,5-98,358.49,LOA,DVX,AFF79641GRCJHAAYB,needs-review,979.72,147.2801,134.02,5571.8,74H7S0ZFMD3IXVUQW,7975.6,[CONFIDENTIAL] Formula #284,197.4,963.09,635.22,NSXIST6ZKHX7SNO4Q,2866.7,Bachelor's,ABX,3548.2,White,sig_72c6cc5000fd49da,RYO,8596.1,update,KQO,495.01,KGY,133.5447,EMP-82931,SWR,CIZ-4006,source_col -> field_b,6778.6,ZWB,XXXX-XXXX-XXXX-0182,14.23,gal
17.91,ASR,Inception,"$45,825",LAZHJWSW0BE5QTAKR,"$5,410,594",124.11,9880.9,Windows,EOQ,B-,174 days,SMNS56JUCPUWYA5SW,5404.3,Lee et al. (2000),/var/tmp/batch_260.yaml,4315.3,561.53,RSC,HFW,6668.1,+81-XX-XXXX-XXXX,KB8WW6CX54LI7HG36,UFD6NYI3MTGA9ZZYW,LQF,784.14,docker run,LGQ,232,310.81,JKV,3699.7,Escalated to management.,DGP6MEQYJYYAQEJE3,12.3,Noah Davis,917,5894.0,fp_b18466b01051aaed,207.7,4367.3,2478.9,Great product!,04/26,BP 147/82 HR 92,592.66,batch_size=442,KL3KL2AAQJ7LM596Y,AAB,"New York, Brazil",GPL-3.0,7254.8,SELECT * FROM products WHERE id = 'active',2021-02-20 00:13:17,"\b\d{1,3}\.\d{1,3}\.\d{1,3}\.\d{1,3}\b",PUJ,883.33,Shellfish,UTF-16,40-99,87.67,BLH,MDU,YTRTK11JEVR9EG2Q8,high-priority,764.19,134.7175,613.28,4889.5,RMI8OWUUWD3C2BISJ,8872.4,[CONFIDENTIAL] Formula #463,1209.0,380.41,931.29,3516HYJUJVT5Q491N,9440.6,PhD,QMD,3357.5,Green,sig_3d1608d59c29c342,BWH,7004.5,insert,CDG,464.17,VQI,143.1405,EMP-59015,TUX,FCV-4397,field_a -> target_col,6941.0,XKO,XXXX-XXXX-XXXX-5591,255.25,m
660.01,BNP,Inception,"$11,991",DEQMTGANG1OP5ZM4L,"$3,887,973",499.27,3742.8,Android,JRM,AB+,328 days,9Z4I1KWWC4JJ1QRZL,8449.8,Lewis et al. (2013),/var/data/export_10.parquet,9647.8,161.92,LNJ,BTQ,4778.3,+44-XXXX-XXXXXX,G8GDDAOX0SH1LF167,21LJWZ91RY4WOWVEX,NLH,889.89,POST /api/orders,YNF,6976,563.32,SZA,9966.0,Flagged for review.,L8C5UUEMO1IHC9L4G,7.5,Amy Harris,66,2647.9,fp_17306594bb484638,948.6,2931.9,390.8,Excellent service.,05/26,BP 94/91 HR 99,573.19,batch_size=939,0JKC9PEVR7ZT5Y4AZ,MMG,"New York, Mexico",MIT,4644.4,SELECT * FROM users WHERE id = '1',2023-09-05T03:00:30Z,[a-zA-Z0-9._%+-]+@[a-zA-Z0-9.-]+,SJJ,524.4,Latex,ISO-8859-1,38-80,302.94,ROO,HBE,2VA6CZ52X3ZX8E2NH,needs-review,379.3,104.1581,651.42,8734.5,F8C16EF3CTFVSJW1K,3178.5,[CONFIDENTIAL] Formula #799,1726.2,234.98,452.57,YWMX4G0QGHBF3DLY5,6119.2,Bachelor's,KVT,2859.2,Purple,sig_b0147ae83fa9702c,GWK,8908.4,upsert,EHL,562.41,JSA,80.1006,EMP-44406,GYD,QUF-1984,field_a -> target_col,8281.5,VEY,XXXX-XXXX-XXXX-1478,157.66,gal
991.67,VJS,Blade Runner,"$47,407",K3X65TQZGRADIC65Y,"$2,233,570",157.41,4263.2,iOS,JLX,B+,321 days,3DYYCAAXAAFG2HNI1,3129.5,Martin et al. (2017),/var/config/daily_574.json,9901.9,129.37,TMM,MWK,5356.6,+1-XXX-XXX-XXXX,3H0DS9Z2TSBXYU9GP,BBZSD2C4WF0BB9YAY,ZAE,333.91,npm install,ZQO,8647,125.29,LFB,5436.6,Flagged for review.,A3E9NXSZEAW1KCZ4M,16.8,Jessica Lewis,695,2064.4,fp_1bae7929d69210cd,6298.3,6134.6,5865.1,Not recommended.,04/28,BP 145/106 HR 103,967.6,batch_size=678,2QLG67E8ZBBGGXRBN,DTZ,"Houston, Norway",GPL-3.0,1890.4,SELECT * FROM orders WHERE type = 'pending',2018-10-15T08:00:01Z,^[A-Z]{2}\d{6}$,KDB,385.05,Penicillin,UTF-8,4-55,461.29,YPN,QQM,OQ8X752SM6KWKJ10X,deprecated,332.11,67.2398,53.34,5376.9,QOYBO55RVZDD0ORDZ,7188.8,[CONFIDENTIAL] Formula #737,193.8,619.23,306.68,3FTPSBUD0EHPHQJTJ,2944.9,High School,BKM,1951.6,Brown,sig_223753e0cd7865b7,ZHI,7940.0,delete,FKL,696.11,YEJ,92.1128,EMP-96042,PNN,MMA-2076,input -> field_b,1014.2,FAW,3753-7068-0822-5979,656.19,L
923.24,SDD,Inception,"$37,781",SFSUH9JH6U7LJY80W,"$6,099,732",365.9,5556.2,Linux,GEE,A+,300 days,OLREX3HP6NU3E9J57,7533.3,Martinez et al. (2004),/var/uploads/batch_806.xml,6981.3,274.47,XPC,VKK,1106.0,+81-XX-XXXX-XXXX,IGFUUYROYODO5VHPW,MFNOTUN6O3MOL01VJ,ZVP,342.3,docker run,WLR,512,378.34,LSF,5125.9,Resolved — no further action.,3693L87Y2ZHO7W2HI,33.5,Mary Martinez,171,7863.1,fp_490840840a39f530,1875.3,6528.5,8048.0,Not recommended.,09/28,BP 121/67 HR 74,31.36,batch_size=974,TTFH9JZI5POD5T29V,BVN,"Paris, Mexico",GPL-3.0,336.3,SELECT * FROM orders WHERE status = '1',2025-05-04 16:38:47,^[A-Z]{2}\d{6}$,WWD,892.5,Pollen,ASCII,17-94,652.51,GPK,YGV,8CKU3BCNELTKLE2VD,deprecated,832.04,38.4813,940.79,4725.0,LUK6FIKBUVPR27D46,1328.3,[CONFIDENTIAL] Formula #504,675.3,225.47,532.48,KP66GDV236OK0L5Q1,130.1,PhD,VSN,2127.9,Blue,sig_47c3628ff7f4e73f,XJU,980.5,update,TRM,229.86,COB,65.9544,EMP-36685,IZX,JFS-9388,source_col -> target_col,3783.1,NNQ,5481-3687-9264-0928,282.4,m
855.81,CQE,Inception,"$41,733",MAGKPZ7A55Y30QOUI,"$272,990",905.06,7880.3,Android,TQF,A-,211 days,P9LUKICJZCXED571N,662.3,Lee et al. (2003),/var/config/export_896.log,1726.6,212.8,VNG,FDU,4287.8,+44-XXXX-XXXXXX,OTIQ28KALOONXLA9O,6N6I8JPX9LCSRDYVM,ZEG,477.76,npm install,LDN,396,848.17,CUR,6620.9,Reviewed and approved.,WOYA417V3VDN1CZ7S,98.9,Patricia Walker,665,9374.2,fp_236fd9b7723de4d2,1484.2,7559.4,6319.0,Needs improvement.,05/27,BP 141/78 HR 105,87.79,max_retries=634,O1YODQTSR0R1Z8FYG,TME,"Atlanta, Spain",Proprietary,4824.2,SELECT * FROM products WHERE id = 'active',2021-07-23 23:09:11,"\b\d{1,3}\.\d{1,3}\.\d{1,3}\.\d{1,3}\b",QEO,355.65,Pollen,UTF-8,3-57,7.29,EJV,RUB,S7GUCQ677FNBHWDON,high-priority,7.9,136.1629,705.13,1364.6,W7AHFQ2YEONERI036,5965.3,[CONFIDENTIAL] Formula #516,1240.3,843.46,84.94,M49X0Q4JUA45OHQOW,5735.0,Bachelor's,QIX,3672.0,Orange,sig_2600333ab81e2390,VDN,4409.3,insert,TIO,199.52,IZD,57.6095,EMP-10138,XIB,ELP-2534,input -> field_b,3465.8,CUE,5136-8124-4000-4878,468.96,ft
913.79,QJT,The Godfather,"$33,819",X5ABLOJLFHGM3J2KC,"$1,366,009",183.79,4063.5,Android,DZY,O+,41 days,8RN54OZGZU2YUQ0HJ,6493.7,Johnson et al. (2020),/var/data/export_338.json,5897.7,433.36,YET,YXM,9863.2,+81-XX-XXXX-XXXX,N6X0GM0DO0TDYORN7,U0YKABLTAHONA1Y0E,LNV,221.19,docker run,FYV,4521,84.37,HEW,1415.4,Updated per client request.,DD3GB904LF2HJ69LV,74.4,Elizabeth V. Miller,116,3988.8,fp_1229b6386411572e,3146.8,6032.0,4951.3,Needs improvement.,10/30,BP 170/96 HR 71,207.63,batch_size=327,E0RH2Q8CV3WJUOOPM,LQB,"Toronto, Canada",Apache-2.0,1361.2,SELECT * FROM products WHERE id = '1',2026-01-15 00:46:16,^\d{3}-\d{2}-\d{4}$,YKT,279.51,Peanuts,Latin-1,34-55,177.62,PXQ,KZJ,QDEWAYGF9R7GYWJZC,deprecated,653.16,68.6719,349.67,8028.7,9AO58ZPO7IZIA3SPS,5187.5,[CONFIDENTIAL] Formula #874,259.4,488.77,804.77,ICCLKIPXRG1HVP5XR,3207.3,Associate's,LAH,7448.1,Brown,sig_dc67925e2cdc7b60,PIX,2392.6,update,CHW,647.45,OTM,100.9086,EMP-53867,CIC,ZLG-5393,source_col -> target_col,1556.5,KJN,6011-4311-6250-0134,818.95,L
448.92,WKW,The Godfather,"$27,296",6BFXZ59XULYI5IR8D,"$7,773,318",304.69,5790.8,Android,BKB,AB+,32 days,RH2Z8DKICWIDVO46G,4680.3,Johnson et al. (2008),/var/uploads/batch_284.yaml,1012.1,158.64,WEG,YNZ,3600.4,+1-XXX-XXX-XXXX,3HBOF9V3JU6YVI6AZ,IOPX3JLA6IDMSL4FN,YSK,214.44,docker run,VHP,2816,394.4,CHJ,7451.9,Escalated to management.,TYAQCSEQ0OV0SGKMT,65.3,Aiden Young,285,9352.1,fp_027652eb30d4d4a9,7889.8,8138.4,3617.2,Not recommended.,10/30,BP 151/97 HR 92,443.77,batch_size=243,RPESQ9XIHVTZBGIK8,NTQ,"Houston, Australia",CC BY 4.0,2525.4,SELECT * FROM products WHERE type = '1',2019-03-10T20:13:37Z,^[A-Z]{2}\d{6}$,IHP,622.33,None,UTF-16,0-71,687.27,TQO,TMH,J39IDY0ZLBI8R1RJX,stable,457.01,78.8153,312.99,9143.0,S4QJQEZPLC4PHNDHS,6523.6,[CONFIDENTIAL] Formula #927,1866.6,290.7,852.21,VBOHEFWXDD1OP94BK,4342.2,PhD,YWZ,7381.8,Gray,sig_77c6d458d7bcf022,DNH,1930.2,delete,XYF,248.38,RAA,87.8946,EMP-28486,ZIE,OHC-7448,source_col -> output,5220.4,GPM,6011-4773-3975-5088,893.42,L
673.28,UUR,Interstellar,"$18,524",0D5LVKY0QBAL2EE83,"$525,717",698.54,460.9,Windows,OKW,B+,12 days,ESUYJGT4PZLKIJ2NO,9842.2,Jones et al. (2011),/var/logs/batch_685.log,9759.8,484.4,FNC,DZP,3996.5,+44-XXXX-XXXXXX,L6KBQ766BSZ30ML64,CEMCLMR994Z3YF74S,UZB,889.95,docker run,YDF,4840,959.71,BPA,9564.1,Pending verification.,6KKE6PKGYVPMBA5GL,46.1,Jennifer Harris,79,3057.6,fp_af2a7e99bfdb80f0,6110.5,1852.1,2199.2,Not recommended.,11/27,BP 127/65 HR 96,545.73,max_retries=698,WQCSG49RS4W6Q82D6,JOV,"Atlanta, Netherlands",BSD-3-Clause,7627.6,SELECT * FROM products WHERE status = 'active',2026-08-16 12:13:17,^\d{3}-\d{2}-\d{4}$,TGR,877.78,Penicillin,ISO-8859-1,48-100,935.66,XJR,OBN,YJP3GF6TNFRZI2NGS,deprecated,195.87,86.4817,917.33,9454.4,BMHED06UFKD8DY3ZR,153.8,[CONFIDENTIAL] Formula #581,125.2,28.83,597.71,1N68S3VE2O07SJSNI,557.4,Bachelor's,WKS,5387.9,Yellow,sig_d74255837d72d086,WHK,6962.5,insert,ZZM,630.29,ZDZ,21.113,EMP-68286,BMK,TJM-2521,input -> field_b,3623.4,IYK,6011-7476-0365-5847,211.37,gal
164.26,RQH,Inception,"$3,961",NJO3IZ2EK3D7WORMK,"$5,285,795",229.5,5209.7,iOS,WLJ,A+,60 days,5B2J2SNB18XW1Q8VP,8539.8,Wright et al. (2021),/var/uploads/batch_42.csv,3390.2,417.02,AIE,FBD,6392.7,+44-XXXX-XXXXXX,G3WN835JXC7T5BOC9,AXF1PGDMSGOZ26MQQ,RHH,641.09,docker run,JNP,7118,793.76,FWH,4197.1,Pending verification.,C6UOE3B7NEI4MZD8F,40.0,Noah Y. Rodriguez,616,4536.9,fp_00420f8097daf2dc,2866.1,8791.0,2323.0,Great product!,01/24,BP 140/66 HR 61,337.5,timeout_ms=764,E8IZ5PQ9REP4EVWN0,JES,"Seattle, Australia",Proprietary,3077.0,SELECT * FROM products WHERE id = 'pending',2025-12-12T20:29:33Z,^[A-Z]{2}\d{6}$,TDO,649.75,Shellfish,Latin-1,33-60,722.59,YYD,GVZ,HIO0VZVRJJI0VCN6Q,deprecated,847.91,141.4566,281.85,2365.6,GJ03NVR4CVUBX826D,1172.8,[CONFIDENTIAL] Formula #836,53.9,166.32,449.02,SM217N9TS3TOSY8IJ,8961.8,Associate's,TLA,5794.7,Brown,sig_6cc44c90cbec499d,BKO,224.1,upsert,WSL,354.24,RRT,51.4473,EMP-85133,NOO,WIJ-9814,input -> output,8031.5,UBF,5645-8668-7426-6486,953.22,lb
812.74,EGY,Inception,"$40,612",V9RKV3ZKX3K7TAKNP,"$5,604,951",232.07,1542.4,Windows,NRB,B+,300 days,2BII6TLILZCM3ASNP,7582.6,Garcia et al. (2006),/var/uploads/batch_225.xml,2574.7,160.53,HLL,VSK,4615.8,+81-XX-XXXX-XXXX,MMD59E0XVGSWTDNT0,R9PTA8BDSDPL5ZNHV,WWM,844.6,GET /api/users,ELO,8726,287.43,SDK,2470.6,Resolved — no further action.,Q87WFHP3LZ8RCPUYP,43.2,Lucas S. Young,297,7024.5,fp_b3df6535fa813e0b,9385.4,1674.2,8265.5,Needs improvement.,12/28,BP 91/99 HR 68,249.3,pool_size=4,Y9Z6GSULW7I3QSS84,SFU,"Toronto, South Korea",Proprietary,8690.8,SELECT * FROM orders WHERE type = '1',2019-01-15 22:31:37,^\d{3}-\d{2}-\d{4}$,AZT,413.51,Penicillin,UTF-16,40-84,237.72,TXC,GIW,1L13RH0FNOHUW2UNQ,needs-review,393.38,13.9522,300.2,213.0,M4K8DUFC45ENIUHRH,2339.5,[CONFIDENTIAL] Formula #470,255.5,646.33,27.78,BU5P9LUZSW4NTIKEK,6385.7,PhD,KLQ,8405.5,Purple,sig_af9b32c8911f6449,FMB,8180.3,upsert,PCI,266.44,WYU,114.7632,EMP-29057,SSR,XON-3663,input -> field_b,800.3,CIB,3732-1330-5613-4184,655.11,°F
43.54,PLW,The Matrix,"$2,599",00UD0XP5G721NQ9JI,"$2,829,033",616.58,6195.0,Android,LSR,A+,24 days,1HXENJ0Z5T5TXLZA8,9851.4,Young et al. (2008),/var/tmp/batch_150.yaml,6245.3,493.42,JCJ,QBK,9003.1,+44-XXXX-XXXXXX,T6KVRE96YDCXSHTV9,UJBRDQCA8CITQQTZU,HHB,410.01,GET /api/users,ZZW,363,442.65,XVC,1295.7,Reviewed and approved.,HT7OOVUHFQ1WD45EQ,10.9,Mary Jones,652,8662.5,fp_e0042614b0977ddc,5242.9,8010.9,113.0,Excellent service.,04/29,BP 120/105 HR 68,548.03,pool_size=89,9KZ8ONVIB3PPNEAFD,TMA,"New York, Germany",Apache-2.0,7649.8,SELECT * FROM products WHERE id = 'pending',2021-11-06T01:16:55Z,^[A-Z]{2}\d{6}$,OEN,385.03,Penicillin,UTF-16,30-61,64.25,WJC,WIM,DMADBH3EUZWG1H4XC,stable,505.64,26.2213,608.89,4517.4,T2URVJIG4FFIDEYFJ,3354.0,[CONFIDENTIAL] Formula #481,753.8,619.39,54.79,5ZYM6DD3IDJFQ1YKF,1858.5,High School,IIX,4752.2,Orange,sig_d616830b5f4bf766,MIP,874.5,upsert,YCN,709.94,OWB,60.0122,EMP-56616,PLJ,OWO-5844,field_a -> output,8571.0,SRI,4762-1165-7335-8761,917.81,lb
495.9,WNT,The Godfather,"$16,502",B9G1WSWMOEL6L5FOH,"$8,761,089",224.51,9385.2,Chrome OS,RWN,B-,1 days,5H1G1KZ7XG0PG9IYN,9615.7,King et al. (2021),/var/logs/daily_269.json,5212.5,515.69,ZNV,JGY,731.0,+81-XX-XXXX-XXXX,SAMBM72LEMUG1424Y,O1UYK0PDQBYRFAKVK,OKT,298.03,POST /api/orders,QSC,6981,628.54,DVZ,988.9,Resolved — no further action.,14F0S716N2R30KD1I,47.8,Ethan Lee,926,476.3,fp_c9aaa28e75a85590,5880.8,192.8,8139.5,Great product!,07/25,BP 132/63 HR 112,213.27,max_retries=885,G9SDHXRRUGP5GP54F,XYW,"New York, South Korea",MIT,6371.9,SELECT * FROM orders WHERE id = 'active',2022-06-20 13:01:08,[a-zA-Z0-9._%+-]+@[a-zA-Z0-9.-]+,WYA,142.02,Penicillin,UTF-8,24-88,528.11,SYJ,UPA,TFQ32O8MVMP80GI5D,deprecated,873.53,76.3896,804.8,1362.3,AJ63OL47W1YRTKABC,426.7,[CONFIDENTIAL] Formula #153,115.6,763.73,803.77,QB3OSDOFV0UVYYUVK,9169.0,Associate's,DJY,3866.4,Orange,sig_2c37077d6db28f21,LOX,91.1,snapshot,DUN,106.5,ESC,94.3317,EMP-68736,GDH,FXS-4894,source_col -> target_col,3834.3,EXW,XXXX-XXXX-XXXX-1329,626.86,°C
278.67,AWX,The Matrix,"$31,761",XNBJPMEH0WGI3C7TF,"$3,442,469",829.57,7729.2,iOS,GAP,A+,29 days,GLMCHJCGAEA4UCTVR,7842.9,Brown et al. (2012),/var/tmp/batch_416.log,3373.4,5.87,MPA,WAX,257.3,+81-XX-XXXX-XXXX,CECSBFVPDZ5OOOKSE,6YNCRG0K94K5DKXDE,FGM,822.37,POST /api/orders,PUC,5300,21.36,YNM,5577.6,Escalated to management.,1SGK14MNN6ALKC14F,61.6,Patricia Williams,830,7705.8,fp_55905c6b2b1ad55f,2116.5,1305.5,2540.8,Average experience.,02/30,BP 170/62 HR 79,732.62,timeout_ms=854,LII1ZUZ5MOYIGXZH0,LDS,"Atlanta, United Kingdom",BSD-3-Clause,2094.2,SELECT * FROM orders WHERE type = 'pending',2020-01-26 16:17:00,^[A-Z]{2}\d{6}$,TNI,842.1,None,ASCII,28-61,462.58,GMY,RMB,2ESYQXW4MO4TQ2720,high-priority,709.08,55.0954,398.67,735.7,UXINMWYJI8NATI6TG,6204.7,[CONFIDENTIAL] Formula #173,1637.8,789.03,798.95,82DJCOXQMJ4JJCNEK,6075.5,Master's,CZT,2093.3,Purple,sig_ab37189e74aadfb8,NGD,9465.8,upsert,TPI,937.07,TCN,140.0073,EMP-52542,NYL,QVU-9826,source_col -> output,630.3,XYV,6011-8431-9598-0886,279.15,°C
814.71,KKS,The Godfather,"$11,778",E2F7JIVYB7XM5ELWZ,"$4,326,942",343.23,2734.7,iOS,KRY,O-,214 days,6HQ0QY5ZBMTW2IM6D,8515.2,Davis et al. (2018),/var/uploads/daily_79.parquet,4410.1,933.59,KDS,BSR,9808.4,+81-XX-XXXX-XXXX,NJ91J2Z2ESFG6CVZQ,UHWBLOB6YRO4ALFP7,MXG,963.13,kubectl apply,BMV,6521,67.4,LCF,7349.6,Flagged for review.,WI0YN0C6DTRFYG85Z,11.1,Liam King,538,4959.9,fp_744b2a0febef6487,299.1,6295.4,4575.7,Average experience.,02/26,BP 101/99 HR 93,853.75,timeout_ms=895,4UPWP96JOJV1HNHPH,PBC,"Tokyo, Israel",BSD-3-Clause,2446.8,SELECT * FROM users WHERE type = 'active',2018-12-03 00:35:58,[a-zA-Z0-9._%+-]+@[a-zA-Z0-9.-]+,UAW,927.9,Penicillin,UTF-16,19-92,565.01,MGC,IWP,12OPT8F73P4JQ2AXW,deprecated,148.31,136.146,761.33,4125.8,YCBFQ9S0O23LZ7PB7,3396.8,[CONFIDENTIAL] Formula #467,387.8,380.24,624.3,1FJ1LXBEOOW4YN848,4387.3,Bachelor's,YQH,6368.7,White,sig_5e01d496f28443db,GLG,1766.5,upsert,OBB,873.71,KSP,12.8959,EMP-76609,HZE,TRX-8103,source_col -> field_b,4039.9,HYM,XXXX-XXXX-XXXX-6412,786.47,°F
708.78,JSI,The Matrix,"$30,795",0I317Y21PJRMIZTFA,"$4,436,000",221.38,5891.0,Android,ZMN,O-,175 days,81DWYQRJ8YDGDW6XB,4907.9,Brown et al. (2005),/var/tmp/batch_164.log,846.2,762.1,INX,EYT,2275.5,+44-XXXX-XXXXXX,WN2O35EX0JNK8UWNW,9DS34SSVZ2IN1UQ83,YUU,773.61,docker run,SUU,477,560.55,QYA,1853.6,Pending verification.,8CU15M6WTP1E7YNZF,87.3,Michael Martin,940,4731.3,fp_d36d5d7300a21f53,7470.8,8922.3,5384.0,Not recommended.,03/27,BP 103/79 HR 61,45.55,batch_size=541,EU2RCUQTN7PUFS2A9,NMC,"Sydney, Japan",BSD-3-Clause,6628.9,SELECT * FROM users WHERE status = 'active',2021-07-04 15:21:14,"\b\d{1,3}\.\d{1,3}\.\d{1,3}\.\d{1,3}\b",XLD,363.88,Peanuts,Latin-1,12-81,316.57,VVX,FQV,BCOSZHFULD1VQHQNX,needs-review,730.75,81.9601,520.04,40.7,VTRENVHIWE18MAMMR,3104.6,[CONFIDENTIAL] Formula #414,90.1,46.73,480.53,QTRHB4K7WXFLBEHAU,8635.8,PhD,YVU,877.0,Black,sig_aee264c94591d475,KGK,346.6,update,RDU,947.92,VFV,10.0666,EMP-21414,QFN,HCH-9201,source_col -> field_b,7867.5,FHA,6011-5184-5348-9836,479.51,m
942.83,XWC,Interstellar,"$33,185",29X6QYDA8BGR4JR5F,"$6,794,150",323.05,5179.9,Chrome OS,ATG,O+,329 days,CSY6EE5SS9K30DVVH,7351.7,Martin et al. (2013),/var/config/export_138.parquet,7.6,369.45,GPQ,AQE,1775.5,+81-XX-XXXX-XXXX,96PG5UPA47R4T94AV,1ENX5WXCT6W4EBWCB,BTN,998.89,npm install,ZHI,1261,5.36,NGF,9541.2,Needs follow-up next quarter.,CXJT82SZACYHCT8VF,90.4,Amy Wright,849,236.0,fp_d8ae5652e064d2b9,9004.3,516.1,5468.9,Not recommended.,09/26,BP 129/69 HR 115,5.36,batch_size=374,SMMAHJSY8SACORE5A,AJC,"Chicago, South Korea",CC BY 4.0,5355.6,SELECT * FROM orders WHERE type = 'active',2026-08-03 10:19:00,"\b\d{1,3}\.\d{1,3}\.\d{1,3}\.\d{1,3}\b",EPC,503.01,Pollen,ASCII,46-73,698.72,RNY,URD,B9KEL9O7RBSMRD3GC,experimental,387.73,144.6704,659.31,3160.6,MKNQII9BFWE8AR5QU,7745.5,[CONFIDENTIAL] Formula #653,1252.0,890.22,450.49,9OJLI4K8XHVDNHT2C,2975.4,Master's,SZU,7593.5,Orange,sig_79d38cf8a552a586,DMC,4907.5,update,AWL,219.57,VLC,96.9227,EMP-95979,DVN,HGN-2515,field_a -> target_col,2033.8,ZJY,XXXX-XXXX-XXXX-1042,217.56,lb
219.57,SKH,Interstellar,"$41,131",LQRHJ1K816D2CK1LP,"$7,292,391",568.08,6529.4,iOS,QTK,O-,274 days,TNZG5SSB1VMYMUBEV,3037.6,Lewis et al. (2008),/var/data/export_813.parquet,5848.6,63.27,WUY,HQI,2997.2,+81-XX-XXXX-XXXX,SI4BE0B9HLKU3WQSW,4ZGIRV82XNR7FK8SC,GQX,826.71,GET /api/users,EVZ,4530,786.56,VRZ,832.6,Automated processing complete.,CLZR4KIA2ZC8G1U0E,91.5,David Clark,351,7080.8,fp_1a87b4bf1c67057e,2576.8,1523.5,9515.9,Excellent service.,06/28,BP 93/85 HR 115,297.7,timeout_ms=281,HVV0JOHJUROFV5FWW,YJY,"Dallas, Netherlands",GPL-3.0,3567.7,SELECT * FROM products WHERE type = 'active',2025-07-28T06:22:13Z,^[A-Z]{2}\d{6}$,PIO,45.92,None,UTF-8,28-87,73.73,FZS,FXX,J8ZEIS7LQ484OO6CH,stable,339.58,39.0009,92.67,7602.3,KTVT0RMXH881S2I3K,4435.5,[CONFIDENTIAL] Formula #149,773.4,399.75,266.22,ZAHVUU0QNYWE5FQBI,4246.0,Associate's,WRQ,7372.8,Gray,sig_41f74735e0e1bdcc,UTH,9166.1,insert,MPM,238.85,APO,145.6667,EMP-87467,IXM,DYO-8199,input -> output,7368.0,ABJ,5946-4891-4258-7802,297.6,lb
439.99,ZOW,The Godfather,"$49,619",O7V7OQ7IN0FIQJFAC,"$1,698,811",568.81,2960.0,Windows,MFV,B+,186 days,5R2SSSLMBVE3WOCXE,491.4,Moore et al. (2007),/var/config/export_625.xml,7543.4,531.73,YPG,NBG,4735.5,+1-XXX-XXX-XXXX,EB0JMYDRD826JZGRM,CYW97ZAF5KGM6E5SH,WQV,344.55,kubectl apply,GIJ,1010,610.67,JRS,984.3,Reviewed and approved.,OK1RK3Z3909B8PQLQ,30.0,Mason Taylor,729,2210.0,fp_d9e56386ac53e9da,6114.7,1306.8,1667.7,Average experience.,07/26,BP 132/72 HR 102,249.83,max_retries=139,62MWAMQ6QYAL6RHX1,OPR,"Houston, France",BSD-3-Clause,879.9,SELECT * FROM orders WHERE id = 'active',2024-08-13T04:10:46Z,[a-zA-Z0-9._%+-]+@[a-zA-Z0-9.-]+,NVK,16.38,Peanuts,Latin-1,21-52,203.76,HQE,BGD,RZ1JHSW5H5NLBHAXZ,deprecated,59.86,142.9852,813.08,3818.8,8FL6PTA56N4RJ8US8,5678.4,[CONFIDENTIAL] Formula #444,980.8,246.41,765.53,N5NL47E244EXDEXZS,7680.6,High School,IZJ,5247.8,Brown,sig_10d28768a23990b8,OPH,5946.2,insert,HWX,825.85,FMX,112.4302,EMP-43667,OHD,WKE-1181,field_a -> target_col,8419.9,DDJ,XXXX-XXXX-XXXX-0554,732.45,°C
653.1,NEK,The Godfather,"$16,434",R0DOEY1KBN7ZWR2WE,"$3,902,515",500.54,6200.4,Chrome OS,NSE,AB+,209 days,PDWGL8Y5UY7L4VMNQ,7239.7,Jones et al. (2009),/var/uploads/batch_694.xml,7465.5,434.12,DQO,RUF,4836.4,+1-XXX-XXX-XXXX,3P01OCL4QOJ314IB6,J01FPJRI0KG64K8FR,WSK,886.88,kubectl apply,SHB,4282,615.43,HFV,2413.7,Pending verification.,IF152FFTBZT07DB0P,28.4,Richard Anderson,158,408.1,fp_8b5d72e74884f982,4255.6,5652.7,2932.4,Not recommended.,01/29,BP 149/66 HR 112,832.63,max_retries=838,XSP3CJCZS60AKE4M4,UFS,"Paris, United Kingdom",BSD-3-Clause,5187.6,SELECT * FROM users WHERE id = 'pending',2020-08-18T05:35:59Z,^\d{3}-\d{2}-\d{4}$,TBR,725.81,Pollen,UTF-16,6-86,635.13,CLX,YBA,UL5SYNHKL45481IOY,high-priority,927.63,107.4324,112.67,495.2,HRH133XAMOV6JC66T,5648.6,[CONFIDENTIAL] Formula #313,773.2,147.26,92.92,N6D0IEWISQ86J1E5D,6935.9,Associate's,KVW,5358.2,Yellow,sig_9c47324e216d2034,UXG,9238.8,update,VWR,141.72,OQS,72.5109,EMP-25211,LYN,FIV-9363,input -> target_col,1076.2,HKI,XXXX-XXXX-XXXX-0379,543.66,ft
434.94,KLJ,The Godfather,"$26,209",3KMS2PDJCH6EF5PPW,"$4,694,576",811.84,5267.1,iOS,KYC,A-,142 days,E1AJTKZXZD0MOZTB4,1702.7,Thomas et al. (2015),/var/tmp/batch_797.log,9168.5,406.36,INV,IUE,7385.5,+1-XXX-XXX-XXXX,L9AGC2OK9NID5DTWJ,N6OC7X1C2S0IAWK54,AHT,852.18,GET /api/users,LQN,8581,41.6,XQY,8275.4,Resolved — no further action.,VEBFFB9V3A7YHSEBJ,25.9,Mary Thomas,36,3516.1,fp_4e007f54fe5febde,4548.0,9676.6,3073.3,Average experience.,01/30,BP 144/92 HR 57,83.09,batch_size=20,9PRPBHLND77E1TWRF,EQQ,"Miami, United States",BSD-3-Clause,9752.4,SELECT * FROM orders WHERE type = '1',2025-11-28 08:47:25,"\b\d{1,3}\.\d{1,3}\.\d{1,3}\.\d{1,3}\b",MCN,459.13,Latex,Latin-1,5-51,788.9,UFB,DGC,9VVWUNW9HE3D7L8ZF,deprecated,544.31,136.3015,487.71,4368.7,KF5LBNXPL1KL91YC9,228.6,[CONFIDENTIAL] Formula #346,434.4,263.92,702.65,7U6Q04A2NQFIWIOXV,2073.7,Bachelor's,LZF,4812.0,Green,sig_00b11951d195bad2,IFT,739.9,delete,HWO,733.61,XOM,48.0715,EMP-17102,JGL,UHL-2080,input -> target_col,654.2,QVJ,5859-9067-2901-7448,489.13,°F
868.21,SMD,Inception,"$26,072",Z6XFVMOY2QDPC2ZN6,"$820,190",118.32,9013.9,Linux,ACC,B+,296 days,2PKAIPUJGQ8PMD6WB,6710.0,Smith et al. (2017),/var/uploads/batch_189.csv,9351.8,819.23,NVR,ILC,4037.6,+1-XXX-XXX-XXXX,HQF1R0HC6EM74VRWN,687B8BW1K67XFUEV3,VFX,597.37,npm install,DUF,1280,599.0,SYH,9357.6,Needs follow-up next quarter.,F5J6VXFA6JR94I7RJ,24.4,Aiden Thompson,123,7769.0,fp_39c9cfd1aa0bc7ae,1942.5,2554.6,10.1,Needs improvement.,02/30,BP 140/101 HR 100,252.81,pool_size=264,FF26Z5MJ2E6H542IA,HRL,"Seattle, Japan",Apache-2.0,1124.5,SELECT * FROM orders WHERE id = 'active',2026-10-25 13:15:56,^[A-Z]{2}\d{6}$,WBB,229.02,Shellfish,Latin-1,8-70,767.58,TOV,YDI,TPSFVXZ5BPASFL780,approved,994.52,53.2904,995.02,5499.0,QSIPBYS4VO02WFZ75,5980.4,[CONFIDENTIAL] Formula #669,399.0,58.94,6.23,PRRTWBKNNE0EZDSEZ,538.2,Bachelor's,ARF,3823.4,Red,sig_75784ef7a2526ae3,UTT,2501.8,upsert,BPA,381.58,ISD,82.1966,EMP-95956,ZJY,RTB-4123,input -> field_b,9752.0,PIL,4199-4273-8049-1605,403.47,kg
232.24,UAS,Blade Runner,"$22,674",DWFEDU8OB6ND48Q68,"$3,802,924",480.68,1665.4,iOS,FNC,A-,3 days,TVMJK4LUEFASI9HCV,579.7,Anderson et al. (2006),/var/data/batch_456.parquet,5548.1,972.71,HAF,CLD,3079.2,+44-XXXX-XXXXXX,BEXKUL35VRRA7KMEX,4R9TL1XMPEYCJ6LH9,LOQ,377.99,POST /api/orders,MSN,7242,111.05,KJX,4267.4,Pending verification.,4V7KYPH4K4JM1MESL,51.1,Aiden Moore,185,21.7,fp_bbb520627ef5aadf,5437.5,9490.5,6516.9,Great product!,01/30,BP 95/69 HR 88,839.99,pool_size=971,NRTJQFHQHIU2ANX7P,TLC,"Phoenix, France",BSD-3-Clause,8762.8,SELECT * FROM products WHERE status = 'active',2025-11-12T16:34:09Z,[a-zA-Z0-9._%+-]+@[a-zA-Z0-9.-]+,LHI,296.12,Shellfish,ASCII,4-56,618.6,KRC,XIZ,KZK5E26762K5W0BX0,high-priority,432.26,22.0578,206.59,995.1,Y8YEAOV93KM1QP6XM,5753.0,[CONFIDENTIAL] Formula #750,1270.3,525.15,657.79,CTRBY702AIEIQ5FRS,142.8,High School,DXA,6114.2,Brown,sig_75cceefcd4218172,QBZ,8203.0,snapshot,PPZ,403.4,JIL,77.15,EMP-62355,NOE,HNS-9297,input -> field_b,384.3,SID,3743-1853-2376-8873,904.65,ft
141.2,UMY,The Godfather,"$6,312",SVUCK0PEOBRWED6NH,"$6,040,592",990.04,7504.0,Android,HGM,O+,313 days,TBE6GH5QE6T602BMU,8875.3,Martin et al. (2008),/var/config/batch_75.csv,9466.6,926.98,MKT,IUX,8209.4,+1-XXX-XXX-XXXX,14L4NEV33NP38GTE3,B1GRIDHLJ9AUQ59YA,YHW,955.66,POST /api/orders,ZZC,2566,562.64,KVZ,1054.3,Pending verification.,WK0Q9LCSOGQMAV1ZN,83.2,John Smith,730,4129.2,fp_95752f2d5f687f00,1496.1,225.7,7021.1,Average experience.,09/30,BP 158/69 HR 90,878.63,pool_size=65,YHKASNO37A79SKKL6,HMY,"Dallas, Spain",CC BY 4.0,3397.0,SELECT * FROM products WHERE type = '1',2018-05-22T15:26:18Z,"\b\d{1,3}\.\d{1,3}\.\d{1,3}\.\d{1,3}\b",QYH,623.73,Penicillin,UTF-8,48-99,520.02,GCZ,VZI,BAYQQ820K4126IVTU,high-priority,717.09,68.8855,38.38,85.4,I6BGNDKV96E53CHHI,109.3,[CONFIDENTIAL] Formula #112,1195.0,534.0,276.95,KWWN4OT0UC9V7WT3V,544.3,Associate's,XHL,4980.6,Gray,sig_b74076b2b95ffd25,YIE,3438.6,upsert,CJZ,735.31,TVZ,64.1624,EMP-36824,EHT,TIR-6285,field_a -> target_col,1713.1,ZJL,5112-3288-9827-0888,386.55,gal
688.95,STH,Blade Runner,"$27,271",MXOZTDKTEEJURV5M7,"$6,779,134",169.41,82.5,macOS,EKZ,AB-,24 days,K5PWFFO7SGXZBWCZR,3730.3,Lee et al. (2012),/var/logs/export_333.csv,8115.7,215.12,TIP,GQN,1402.0,+44-XXXX-XXXXXX,9TQO6AT3Z2LOSUC21,QLERAD8P82SKWZIJ4,YAI,146.29,GET /api/users,XZZ,1801,765.2,DYK,4302.6,Updated per client request.,53E4940QOK8T1CPCX,72.9,Lucas B. Johnson,701,6553.1,fp_b288f5ac1f9afce7,1889.3,800.2,7114.1,Needs improvement.,03/28,BP 126/92 HR 99,786.37,batch_size=760,SCCYY4XT0IP165L7U,CSY,"Chicago, United States",GPL-3.0,4605.8,SELECT * FROM orders WHERE id = 'pending',2020-06-04T17:34:04Z,^\d{3}-\d{2}-\d{4}$,LMN,902.72,Pollen,Latin-1,34-98,483.63,OFO,GBD,IIMVSZRGJLAAMA508,deprecated,595.96,30.7528,442.65,7979.5,9TAV37ZXIOQCOIXE2,3525.1,[CONFIDENTIAL] Formula #125,1987.3,193.42,127.88,E80KENLND6QY4MV46,9113.6,Associate's,MQC,4356.1,Gray,sig_bc067af08e6c7ffb,HVF,3229.5,insert,GZA,690.61,AXC,128.839,EMP-47832,PMV,VCQ-5246,input -> field_b,9519.3,DGW,4867-2677-9262-2860,579.91,lb
425.43,NZP,Inception,"$1,897",V8IKBDF2NYSZGW7VI,"$2,519,234",909.14,7246.8,Android,SES,AB+,33 days,OJ4MS62OCAOB02Z1T,4870.2,Moore et al. (2013),/var/tmp/export_98.log,1043.8,616.04,QVU,FWP,8321.5,+1-XXX-XXX-XXXX,AMEY7P3MDM2LA9Y5X,9B3P9JXJRYHM9WMJT,TEC,87.52,POST /api/orders,RGI,8293,829.71,SRX,5985.4,Pending verification.,VZ4ZQ7N9OZJQ7EMVD,56.5,Emily Johnson,971,2111.8,fp_02dd0e3503f7ae4d,7284.3,6821.0,3810.8,Excellent service.,08/26,BP 147/64 HR 65,525.65,batch_size=312,3USQXMSRV2ERHDBTA,ECR,"Dallas, Switzerland",CC BY 4.0,6005.6,SELECT * FROM products WHERE status = '1',2019-11-20T14:31:05Z,^[A-Z]{2}\d{6}$,ACV,818.69,Pollen,ASCII,45-80,829.31,XSB,LKV,OX6UGOK5K4RFMC8A7,high-priority,132.21,14.0886,256.62,217.7,FQ3LR2NXR4NRSROSL,3167.3,[CONFIDENTIAL] Formula #608,558.3,819.31,142.26,SJ7149GO55S30KMS3,7946.6,Associate's,RKL,251.4,Orange,sig_7b450aef571c2295,ZDX,493.6,upsert,CRA,319.97,NXZ,85.6274,EMP-12616,TGZ,CAW-2933,input -> field_b,3067.2,UXC,XXXX-XXXX-XXXX-2049,544.31,ft
290.33,QSE,Interstellar,"$6,899",7JOJMC9KNDT6K4EFB,"$1,662,472",820.02,628.5,macOS,HHR,AB+,189 days,K21KLF6U5YAAY17EA,5682.8,White et al. (2023),/var/logs/daily_839.yaml,3258.4,556.71,KQO,XGF,6508.6,+81-XX-XXXX-XXXX,Z9LIQIPT94VX63Z8R,WVYZWFHSYGM7S3Z0D,IWP,90.68,docker run,LRE,3754,853.98,HMJ,9187.8,Pending verification.,97DNA5RLO3RZAFKGO,85.5,Jennifer Jackson,830,3386.6,fp_55f7e12a45ed0892,1643.5,9479.2,6202.7,Average experience.,02/28,BP 144/80 HR 109,641.54,max_retries=153,NFALOL18GEMWADQ5Y,HVQ,"Toronto, Brazil",CC BY 4.0,1418.7,SELECT * FROM orders WHERE status = '1',2024-04-05 17:23:44,^[A-Z]{2}\d{6}$,TOT,480.8,Shellfish,Latin-1,3-72,373.6,OCE,LOJ,9C60Z19JPG78S8WUQ,stable,239.19,78.0758,207.78,3246.2,VXVGMKNKHMP4Y2IA1,7603.3,[CONFIDENTIAL] Formula #763,716.9,772.02,314.48,FPPJL3DFQ6KIMVVJS,4391.8,PhD,OWA,6693.6,White,sig_c6791ebafb031154,ZYA,1816.0,snapshot,TGT,492.17,TDR,139.8452,EMP-76527,DSR,GWN-3139,field_a -> field_b,3893.5,VTJ,3727-3766-5047-8916,768.0,m
830.17,GGF,The Godfather,"$25,637",8UQZ16DPVD3WO03NA,"$6,854,650",130.91,9542.3,Linux,KDN,A-,218 days,KTOV4ILBIUSV58LK1,8814.1,Walker et al. (2026),/var/logs/batch_865.yaml,8289.6,813.67,BQL,WIQ,4769.2,+1-XXX-XXX-XXXX,1KRL1EDES1RZJWNPY,8GP5XGKLNUSFUTZPR,HUB,62.97,GET /api/users,PRG,3096,265.63,EKF,8087.9,Needs follow-up next quarter.,752LAR1YQ5JL7KSKS,11.7,Ethan Lewis,945,8691.0,fp_3b310465bd7b5790,4104.4,8973.4,4893.8,Excellent service.,04/26,BP 164/96 HR 105,172.75,pool_size=679,AWKEUDR6YHATFTP3E,LYX,"Sydney, Germany",CC BY 4.0,9046.9,SELECT * FROM users WHERE type = 'active',2019-06-23T20:52:13Z,[a-zA-Z0-9._%+-]+@[a-zA-Z0-9.-]+,FGQ,597.39,Pollen,UTF-16,14-81,668.92,PIS,OHO,XS2K6AC1JAXWFMTMK,stable,240.1,147.0509,752.18,8335.6,ZT39A3MV1XT4ZJO7S,8179.0,[CONFIDENTIAL] Formula #735,1357.7,967.06,133.14,BVTGZIEBCAKLBOXXC,6386.8,Bachelor's,KFX,8616.4,White,sig_3f597d83c76040ca,YGB,9420.4,delete,MIK,452.38,QPJ,129.5001,EMP-48121,MOO,DCZ-9633,source_col -> target_col,4223.1,DDL,XXXX-XXXX-XXXX-0621,775.45,°C
89.72,KFP,Interstellar,"$18,917",X6JPPVBEWAG6S2XFZ,"$1,633,924",389.9,8561.6,Android,IQW,AB+,230 days,OE9NY0CUAFKC6VBVT,8056.5,Martinez et al. (2006),/var/logs/daily_496.csv,2321.4,382.93,GJU,KHN,5240.5,+1-XXX-XXX-XXXX,8QIN6ZBHPGX2OX7CT,WQZXRD0A5KFWETO4Q,MXX,422.27,GET /api/users,OKV,233,366.72,CZD,2902.8,Resolved — no further action.,C0M7MY2B26XIN6CBD,6.9,Harper Clark,488,9716.2,fp_5433fb34ded2b7c3,2896.9,381.8,4059.9,Average experience.,07/27,BP 144/90 HR 71,29.31,timeout_ms=896,BJQYSFXN9KIIACBEA,WCH,"New York, Germany",Apache-2.0,6281.7,SELECT * FROM products WHERE type = '1',2024-12-06 22:59:49,[a-zA-Z0-9._%+-]+@[a-zA-Z0-9.-]+,WYX,411.57,Peanuts,ASCII,11-79,417.2,TIF,LCE,MWZ6PAG4ZQ7T5L067,deprecated,902.69,135.5246,423.66,803.0,B2ZOLWCNEEI7XFY0Z,6164.7,[CONFIDENTIAL] Formula #246,1051.1,303.36,597.27,1LMT2QNNOF1AFQQF0,5811.8,High School,CNY,5233.7,Brown,sig_6b2b5c2209113575,GDY,1901.9,update,RAP,12.76,ZTU,48.0183,EMP-33085,QYV,HWS-9601,input -> target_col,1013.8,MTT,XXXX-XXXX-XXXX-4565,292.05,°C
440.82,IZR,The Matrix,"$45,185",6FYO48M3TXFZEGEN2,"$7,961,577",828.27,3972.6,macOS,JCL,AB-,336 days,XMTIWS2F91LONJMBS,9727.5,Jackson et al. (2013),/var/data/daily_212.log,4875.9,431.83,ZFL,IZV,4703.3,+1-XXX-XXX-XXXX,TEW7YCCQT35JCRA0B,FNVZH758AA9S5G6CC,YAC,793.32,npm install,MYQ,2463,541.47,BZD,3013.7,Reviewed and approved.,74VEU8I6DM8FMOVTT,44.2,John J. Wright,614,2906.3,fp_f5992000eb90d328,7168.2,1058.3,8584.7,Excellent service.,07/26,BP 168/77 HR 116,536.15,batch_size=575,AUUNJK5O7DXM9IWLL,IZT,"London, Germany",GPL-3.0,6130.5,SELECT * FROM products WHERE type = 'active',2021-03-24T01:52:47Z,[a-zA-Z0-9._%+-]+@[a-zA-Z0-9.-]+,LDJ,193.26,Latex,UTF-8,6-90,550.27,HYY,JBU,167G1YCFWABGWVAX5,high-priority,199.31,78.592,217.0,1788.3,FQ16DEDTXPXS7XAU9,9051.6,[CONFIDENTIAL] Formula #886,1267.5,111.6,256.8,3YPATKFBHUHJLK1ML,8052.8,Master's,RID,7234.2,Green,sig_8b4ed573ed732cea,IGI,2877.9,update,ESL,568.98,ZBF,88.6928,EMP-84964,UDY,HWC-2953,source_col -> target_col,5367.8,WYP,XXXX-XXXX-XXXX-5630,545.94,°C
878.69,HAY,Blade Runner,"$41,888",1R3SC9I5O9485WFSZ,"$4,444,870",144.93,9024.9,Android,YVG,O+,150 days,WJHCTE0ODVVN8AE74,3057.4,Young et al. (2016),/var/uploads/daily_878.csv,5843.3,244.68,FNM,TOO,1128.2,+44-XXXX-XXXXXX,KJ8I1EWZOH0PHDXJT,II8ZIFH59HR8639CL,EPG,75.71,kubectl apply,CQS,7020,861.71,EXV,6742.4,Escalated to management.,FAKH57GVSO5MVDF0T,97.5,Aiden Johnson,436,1320.7,fp_fe22952c533617cd,2648.5,9271.8,6329.3,Needs improvement.,06/29,BP 90/74 HR 109,246.54,batch_size=586,7CY89GCWBURH0RHAU,HOC,"New York, Switzerland",MIT,9396.0,SELECT * FROM users WHERE type = 'pending',2025-12-19T03:38:58Z,^[A-Z]{2}\d{6}$,QKU,647.25,Penicillin,UTF-8,23-84,375.46,FOO,UMA,N7Q3J8EDOJ0H8I2F2,stable,298.47,143.8187,606.94,3621.4,3S1D7X9YD3LVOKKYS,7631.4,[CONFIDENTIAL] Formula #664,1840.9,940.78,5.73,Y6HOE1YO3ALP4MJNG,5594.5,High School,XVH,9438.2,Green,sig_356d5a66e95cc48c,ILP,2346.4,snapshot,FXU,880.97,YOZ,102.7131,EMP-30037,OEG,OXG-7188,input -> target_col,8053.2,HYZ,XXXX-XXXX-XXXX-3093,929.02,gal
628.13,UZT,Interstellar,"$43,237",8QEFATPQMW7HXEP2O,"$9,926,407",167.98,72.6,Linux,CFP,B+,218 days,PJEZUJMA46E1FPYHH,3946.6,Thompson et al. (2012),/var/tmp/daily_667.json,7251.5,856.62,BWU,ROZ,1530.7,+81-XX-XXXX-XXXX,C9I4Z5D6DF9B8O8AA,9RHSL8G14NESLZ6RX,MRW,760.31,GET /api/users,LNI,6659,293.61,BHD,8627.2,Automated processing complete.,B5SK1LCT0LK2SG1AD,91.4,Noah Lee,883,7277.9,fp_b997308b73d59c48,5462.4,7094.3,4199.1,Needs improvement.,02/27,BP 91/66 HR 72,498.42,max_retries=174,E0P1ISQAD10DBIJ04,ZKH,"Chicago, Brazil",MIT,166.8,SELECT * FROM users WHERE id = 'active',2026-10-25T19:29:59Z,^\d{3}-\d{2}-\d{4}$,UXO,320.19,Penicillin,UTF-8,47-79,544.59,JZW,NUV,MSGMJPWRCPEB7NVZF,needs-review,927.83,95.3232,796.37,8697.7,FCK1TJR49DKK0RXZF,3379.7,[CONFIDENTIAL] Formula #342,402.2,354.45,869.16,CASKT5B9I7E52WD20,3568.4,Associate's,VFQ,2825.4,Black,sig_d37da5fc9ba902d9,RPU,21.1,snapshot,WOR,16.67,BLY,16.7791,EMP-45518,IDH,VYL-8073,field_a -> output,706.6,EJG,5610-1585-2279-7619,511.47,gal
885.15,WTW,The Godfather,"$19,008",M55PF8BW9EA6QRMQB,"$6,925,597",905.78,6703.1,Chrome OS,LNW,AB+,164 days,B4684DCZO5VI8T4GT,5606.7,Garcia et al. (2018),/var/tmp/export_761.log,324.2,20.8,ZDX,ZTM,2617.6,+44-XXXX-XXXXXX,Y1MG0AHVDAXVJ858Q,5K88QD4N1IAAQJHHB,ENJ,260.76,GET /api/users,ISX,1493,141.41,MDZ,1276.8,Resolved — no further action.,WN4RLQNKUTQ9X99FE,83.3,Robert Z. Martin,150,1813.4,fp_cd8540d91b87d55d,5346.8,215.9,4499.0,Not recommended.,08/26,BP 147/97 HR 113,480.09,batch_size=473,05VERZX9GBZOS0CNJ,KTG,"Toronto, France",GPL-3.0,6880.6,SELECT * FROM orders WHERE id = 'active',2020-02-13 11:18:50,[a-zA-Z0-9._%+-]+@[a-zA-Z0-9.-]+,BSE,141.67,Penicillin,UTF-16,10-75,646.18,BUG,WLB,EN1HCGXMA2NHZ67QD,experimental,999.9,114.2952,355.54,4162.6,FXMWV2FGTLFR09FEP,1139.5,[CONFIDENTIAL] Formula #166,1383.9,29.55,321.15,KCQVTL1RX5QPOE38Y,6313.1,PhD,ZHE,5780.3,Green,sig_cfbe46606af38233,SMP,1573.1,insert,RFT,844.24,TFE,43.9099,EMP-19348,XXP,BXO-8730,input -> target_col,5735.6,GNN,XXXX-XXXX-XXXX-1654,640.79,°C
555.91,BKC,Interstellar,"$7,589",CPG6O9UJF24SLYLDL,"$6,039,122",166.26,9392.5,Windows,RTI,AB-,163 days,3YLUO1NQCMAS4TL08,1463.7,Lee et al. (2000),/var/config/batch_714.json,6499.8,977.91,JEV,CHA,4589.4,+81-XX-XXXX-XXXX,8OJJ5AKFWM8MS7W56,2EX1Y9AKHA5750GPQ,EOL,88.02,kubectl apply,GCS,6309,79.18,KQG,8854.8,Escalated to management.,9HHOT2QJVE72WLQNG,54.7,Jennifer Taylor,429,2790.4,fp_491b470c06d72209,6968.7,2484.0,4155.8,Great product!,02/28,BP 166/81 HR 84,867.65,batch_size=703,4IFOPQ6RMYSHLU5XP,IEB,"Denver, Mexico",GPL-3.0,7433.6,SELECT * FROM users WHERE type = '1',2020-01-11T06:33:26Z,^[A-Z]{2}\d{6}$,UGU,270.6,Penicillin,ASCII,14-73,476.39,OGV,ALK,FBIHI5E87JIN4IDAS,experimental,86.77,20.787,796.68,2258.0,L7P80XTPYA0MJ7XX9,698.4,[CONFIDENTIAL] Formula #828,1683.9,971.45,800.67,977NUP1MNX9JFJ3VG,1395.6,PhD,UAG,7607.2,Orange,sig_82cc738268144143,LAC,2976.9,delete,PKF,904.3,QVB,16.3605,EMP-99929,JIX,DWB-9244,field_a -> output,3262.2,JDJ,XXXX-XXXX-XXXX-2962,81.95,ft
146.69,KEM,Inception,"$19,203",J0I9FQZO3HG13NI8X,"$9,817,334",894.61,8289.9,Chrome OS,NPW,A-,87 days,C8ZMSOCV7LTE3IBKD,3006.8,Martinez et al. (2015),/var/tmp/batch_465.yaml,2987.5,592.14,TEB,IWX,6043.2,+81-XX-XXXX-XXXX,NK0OHZ6O1U77B3P09,5OXXU6YBY2N6842KG,ULN,378.84,kubectl apply,WUG,4425,533.91,UDQ,6609.8,Reviewed and approved.,4CEDTJGM9JY8ZFRY3,58.5,Elizabeth Martin,581,2179.5,fp_1c8597374df120eb,9594.4,7976.5,681.5,Excellent service.,04/28,BP 95/70 HR 90,613.31,timeout_ms=927,4MJDQKQS7ZKYZFUW2,QPH,"Berlin, South Korea",BSD-3-Clause,9216.7,SELECT * FROM users WHERE type = 'active',2022-06-12 05:14:07,^[A-Z]{2}\d{6}$,FHU,517.84,None,UTF-16,30-76,263.0,IAM,VXK,9JAHEALE5JXDUQ7RO,high-priority,284.44,29.8439,138.92,455.9,NHPJ63NS6PHG13ST8,5238.5,[CONFIDENTIAL] Formula #813,1457.9,929.42,80.08,ZN43HB5GEB6RY52RS,7221.6,Master's,QXZ,53.8,Orange,sig_f3816ec6124e6704,DVG,3232.2,delete,NCG,702.04,AOW,51.4534,EMP-16606,MPC,QOM-2715,source_col -> output,4861.4,HPJ,XXXX-XXXX-XXXX-4969,356.18,gal
526.75,KUI,The Godfather,"$44,004",OCEYACCCCOA88EI78,"$4,602,337",701.87,3071.5,macOS,KNP,B+,310 days,LXZDELR6G8CD4GZRP,5004.3,Miller et al. (2005),/var/config/daily_564.json,4480.6,865.89,TII,BOE,3918.0,+81-XX-XXXX-XXXX,7RNTAOOMV8T20G3C4,8IGDV5I3BEFUDLTC9,WKN,876.8,kubectl apply,JMV,6915,904.61,JNC,4683.9,Updated per client request.,I6R6YPWFV4WRF9AUJ,36.8,Patricia Thompson,315,5557.0,fp_8e37e984f387f1a1,2434.6,5655.8,1885.0,Great product!,09/27,BP 175/94 HR 75,396.48,pool_size=400,99UVQMZ7VN8IMM1Y8,EQV,"San Francisco, Japan",CC BY 4.0,6887.6,SELECT * FROM orders WHERE status = 'active',2021-04-24T09:05:37Z,[a-zA-Z0-9._%+-]+@[a-zA-Z0-9.-]+,UHA,738.21,Penicillin,ASCII,37-76,979.12,WUH,REL,G22RLUCXWYDP42RAM,needs-review,145.51,32.2448,280.05,593.5,QFFWEEWXHGGIGNXX2,5244.4,[CONFIDENTIAL] Formula #292,1710.9,697.78,775.44,7EZJ1JMIB0FC63KHB,1166.0,PhD,EKJ,6481.5,Black,sig_bc0d5ebb74415d52,EGF,8367.4,update,XEP,880.61,PCO,50.3575,EMP-54947,RCX,AXU-6912,source_col -> output,8308.9,SNC,5169-4693-4026-1816,986.01,lb
835.04,YNV,Interstellar,"$31,457",TJ7W9MRQVT6GWJKQV,"$200,450",891.49,7864.4,Linux,QCN,B-,256 days,QPBSCDSF9ZFUKD4SS,3370.5,Davis et al. (2012),/var/data/daily_263.json,2238.2,648.67,CHJ,UGB,4149.7,+44-XXXX-XXXXXX,O268G6U5XUXTPKQF0,Y6BCEZZH5414D53VN,BFK,797.8,npm install,BMK,4780,979.55,ZOF,729.4,Reviewed and approved.,MCFKA5QD4R5GCP2TL,8.3,Sarah C. Thomas,485,4285.7,fp_c61fc07609f8e35a,4338.9,7345.4,5684.4,Not recommended.,11/25,BP 139/64 HR 92,89.51,batch_size=5,3TUIIF5TGVZYKHIVD,CPZ,"Portland, Mexico",GPL-3.0,5769.7,SELECT * FROM orders WHERE id = '1',2020-07-04 06:18:43,^\d{3}-\d{2}-\d{4}$,FAG,926.72,Pollen,Latin-1,17-56,663.26,KEZ,YRR,FI5IK254KFE1M868W,stable,401.17,130.547,785.62,5066.7,MVL9XS9N73H13OSPB,2467.8,[CONFIDENTIAL] Formula #127,1046.1,17.84,415.83,IF4QOIQ815XIMSV2C,6220.7,Bachelor's,FMS,9969.7,Green,sig_72e5e3efcf8d37c0,GRN,3628.5,update,NNG,465.32,IOZ,84.9676,EMP-24485,BND,FHR-6293,input -> output,8018.9,LUA,4224-5955-6896-0025,85.26,°C
807.42,URP,Interstellar,"$17,877",5GFSPQZKU6ISGVX06,"$133,593",945.19,2262.2,Chrome OS,IWG,A-,224 days,74MW3EVJ0KNO8KUNI,6827.2,Davis et al. (2018),/var/tmp/batch_753.log,6520.2,842.85,OND,BDO,8944.0,+81-XX-XXXX-XXXX,DJ3RBLF73PO35WB5M,DROQONHYDJL2Y3KDC,ISA,46.96,POST /api/orders,MSW,5209,34.06,VIG,6754.6,Updated per client request.,IYH9CTJPB8GKKEUQU,3.6,Liam U. Thompson,93,3711.4,fp_2fe7742140def442,8509.5,3797.6,2331.0,Not recommended.,08/25,BP 130/107 HR 69,838.63,pool_size=658,O6N9U9ELLDU8C8AWG,FXZ,"Denver, France",BSD-3-Clause,8144.8,SELECT * FROM users WHERE id = '1',2025-09-24 23:15:51,"\b\d{1,3}\.\d{1,3}\.\d{1,3}\.\d{1,3}\b",ODT,334.89,Peanuts,Latin-1,12-62,789.9,IYU,EKJ,P7LBPSTAEVLQFKR1Q,stable,228.68,20.2447,537.53,4004.7,88FYDWOU9FUQP9ARX,3283.0,[CONFIDENTIAL] Formula #249,1722.9,630.39,762.85,WA4XC8K8V16MKUXCA,5153.9,Associate's,CVA,1922.4,Blue,sig_76747a67c243ab18,DXW,3510.5,upsert,ZAF,268.11,QYU,60.0367,EMP-96699,SRC,HTP-2319,source_col -> target_col,4782.4,XGV,5718-2006-7960-9698,262.12,lb
561.81,IGY,The Matrix,"$40,710",RBOGZN5M160OMQ5UT,"$3,523,972",259.22,3175.1,macOS,FHY,AB-,179 days,5E8JQV1KEBG2WUT72,965.4,Garcia et al. (2024),/var/logs/daily_195.json,6369.2,370.69,AXE,WHP,21.7,+1-XXX-XXX-XXXX,3MYVY9N55U7993RF8,JDCMTZUTR56VYDQR1,ONA,125.84,kubectl apply,TEY,864,321.24,CDK,206.2,Pending verification.,QQGUXL46ITRX26Z5R,61.6,Elizabeth T. Williams,639,7112.9,fp_c69d615bd504f687,9735.2,1795.8,1254.3,Not recommended.,06/27,BP 112/96 HR 59,531.57,pool_size=679,9YZ1SQ7XH11W1V16K,QLA,"Denver, Germany",GPL-3.0,2679.7,SELECT * FROM orders WHERE status = 'pending',2026-12-24T20:23:33Z,[a-zA-Z0-9._%+-]+@[a-zA-Z0-9.-]+,UGV,687.14,Peanuts,UTF-8,1-95,502.75,EPV,YNW,QCW45ZXRP4HVAYHJ9,stable,746.3,140.8167,282.48,4500.6,G0860KK18JAA5JHTE,9462.0,[CONFIDENTIAL] Formula #326,1469.3,182.56,394.44,UROT7QO1Z13J8Z4CG,3850.6,High School,XQR,5541.5,Brown,sig_6e3ad67e12032419,SOX,3148.5,upsert,CXZ,642.95,QET,135.6151,EMP-63598,SRY,CGG-3415,source_col -> target_col,7033.1,QPT,5495-0883-9542-6098,353.87,gal
63.02,VSJ,The Godfather,"$19,918",9C26T1YVOCOQDMUQQ,"$8,714,644",227.29,5573.8,Windows,LVR,AB-,341 days,ATC99C7VORNJYH67S,9190.6,Young et al. (2011),/var/data/batch_785.xml,6928.9,41.94,AIW,PDB,903.3,+81-XX-XXXX-XXXX,W4F1Z0KPBQKWVBITQ,LZ1MWPGOZGFPF60HU,BSS,373.91,docker run,QEG,8745,591.19,GUT,1168.1,Flagged for review.,VWO9QY29789AK9G5J,33.4,Sophia Walker,455,9862.9,fp_02dda219ad8a0405,8852.5,3761.6,9782.8,Great product!,07/27,BP 113/68 HR 69,947.61,timeout_ms=576,BZI2ZGIP9L7VQ5E14,JSB,"Los Angeles, Sweden",CC BY 4.0,2955.2,SELECT * FROM orders WHERE status = 'active',2025-12-14 23:26:51,^\d{3}-\d{2}-\d{4}$,GSH,793.22,None,ASCII,44-74,114.5,HJL,EGV,ZH0EWPQRW4382H3XC,needs-review,357.85,85.7659,46.13,1121.4,JEI3UEVP03V85YVZ5,7809.5,[CONFIDENTIAL] Formula #139,1909.0,224.66,287.0,IAEAR9H27Y1INODVW,5524.6,PhD,WSM,3465.7,Purple,sig_38cf1c000fb9f528,FSL,8333.2,upsert,QPJ,990.9,NBE,117.2143,EMP-22758,UOU,JUT-1193,field_a -> target_col,7860.2,PCT,3785-6808-6237-1434,34.76,lb
813.72,CNU,The Matrix,"$9,481",BAJKHAN3GEH7SH591,"$2,070,602",391.38,656.9,Chrome OS,QDS,AB+,16 days,EP8L2R9LT7QRWJPJC,7115.9,Johnson et al. (2018),/var/logs/daily_741.parquet,9241.9,561.79,JPQ,DZL,8706.3,+44-XXXX-XXXXXX,6N5DZYR4FAEHXV15X,N5GBJCVS58LLBKVTH,XPE,487.28,kubectl apply,DYO,2971,207.84,DAQ,6402.6,Updated per client request.,LW9O0P8SBIRPROZU3,92.6,William Smith,843,5994.4,fp_aabb41a2a87a3b45,6511.3,6822.7,5467.3,Not recommended.,09/28,BP 135/86 HR 57,637.96,pool_size=782,S6APO28Y9SZ5RJF5G,OJW,"Seattle, Japan",Proprietary,9676.2,SELECT * FROM orders WHERE type = 'pending',2020-05-21 18:05:23,[a-zA-Z0-9._%+-]+@[a-zA-Z0-9.-]+,SKJ,510.88,Latex,ASCII,28-55,489.04,PSO,JSP,26MU3406D6B2FKZI0,stable,608.45,41.4909,356.39,2838.3,T1QEUEPJUZIJ0UKM3,2456.6,[CONFIDENTIAL] Formula #496,218.8,130.07,703.98,UBC0XIS240F145N02,2919.2,High School,TGQ,4257.6,Brown,sig_b463dee28dfaca8c,CUC,9713.1,insert,AIR,732.79,DXA,23.9696,EMP-64841,XQG,YRZ-5567,input -> target_col,1754.6,JSE,XXXX-XXXX-XXXX-2467,901.24,°F
423.31,GWD,The Matrix,"$18,233",TWOQ1TU5AICKEZSV2,"$4,744,541",715.45,9435.5,Linux,YPU,AB-,188 days,3QWANCVPJHTCT75RW,9498.2,Johnson et al. (2015),/var/data/daily_709.json,7106.1,428.23,LMO,RLG,4412.5,+44-XXXX-XXXXXX,RXEJCVK4FVXKXGRNO,Y3SZRZXG1Q25EUHA2,QPP,535.5,kubectl apply,QZN,1182,898.42,ILG,5355.5,Flagged for review.,MLWC12P373O3RNK7O,71.1,Liam Clark,850,6488.4,fp_d05cdb4db56241b0,132.7,5424.6,1060.3,Not recommended.,06/24,BP 175/103 HR 99,599.85,timeout_ms=371,CGI5AJ38LPBMO34SU,EHB,"Boston, Singapore",BSD-3-Clause,8110.4,SELECT * FROM users WHERE type = 'pending',2026-06-21T11:23:51Z,^\d{3}-\d{2}-\d{4}$,XAM,695.98,Peanuts,UTF-16,6-62,476.88,WSV,DED,89SOLZQ8Z1IEE81X2,high-priority,736.04,134.4066,579.17,7332.8,B7U155JNYINOKVWPT,7798.0,[CONFIDENTIAL] Formula #199,1938.8,674.32,992.95,5EZYLZUY5X7ZSBOAP,5225.5,Bachelor's,BZG,530.7,Blue,sig_72f54735aea22c5b,UAA,4981.7,delete,KPO,692.13,ZFC,52.6699,EMP-81397,UTA,KRW-1949,input -> output,186.7,YNM,4406-7460-9472-1749,51.15,gal
196.71,BHT,Blade Runner,"$21,612",TPGOGC5MLY5S48I1D,"$1,956,646",591.95,7093.7,macOS,FYM,B-,166 days,5H3VIAFMN77GZT2OC,8621.1,Thomas et al. (2016),/var/data/export_75.yaml,6072.8,600.15,KNN,DLK,7733.9,+44-XXXX-XXXXXX,9JUNJZOWMM02Y6S92,AWJ0VPZO129CV7GOF,PBY,557.36,npm install,QCD,6175,971.82,WYG,7798.1,Reviewed and approved.,2G2AETM3YP1SYKJXA,96.1,Aiden Lewis,886,7779.3,fp_8b982aaa2c693c2b,9795.3,8575.9,1692.9,Great product!,03/24,BP 167/67 HR 65,182.05,max_retries=668,31CCEWKWX2UXBXDBD,PLD,"Berlin, Sweden",MIT,5500.7,SELECT * FROM orders WHERE id = 'pending',2023-04-28T02:46:48Z,^[A-Z]{2}\d{6}$,HHZ,616.95,Shellfish,UTF-16,39-69,24.09,SCU,QVM,V63VQSUPC6713JEF9,approved,68.38,28.8811,623.44,3053.7,4079RIZ4M8YMIWNBU,96.4,[CONFIDENTIAL] Formula #876,1140.1,774.8,4.45,WUXOZUH3STIKWLP3S,5156.8,PhD,NTS,2348.1,Purple,sig_7f09b97dc0d5911e,UGU,1935.9,update,CHW,143.9,UNL,32.0113,EMP-91602,RJK,FTQ-2640,input -> output,6406.9,KMP,XXXX-XXXX-XXXX-8899,15.06,lb
249.06,QDV,The Matrix,"$20,941",NLOTO2QZ1V6GB56SE,"$7,886,655",797.07,9971.1,Linux,OYA,A+,3 days,GRJVSENBNX8EE8XLU,5591.0,Rodriguez et al. (2012),/var/tmp/export_11.log,9227.5,508.51,OKR,XKY,3903.7,+1-XXX-XXX-XXXX,O2BNS0P5LIE3H6XO9,6YCNMH0OKVP9GIQZF,RXE,390.5,docker run,DTB,5383,27.97,NBF,9794.6,Pending verification.,XQBMC12ONJS310ZRK,49.0,Richard F. Smith,42,45.9,fp_73654317f630191d,7444.0,5115.1,6978.9,Average experience.,06/24,BP 154/84 HR 58,54.62,pool_size=119,FI98CB1NQE0KC1VFZ,AZQ,"Paris, France",Proprietary,576.6,SELECT * FROM users WHERE type = 'pending',2023-03-10T18:50:52Z,"\b\d{1,3}\.\d{1,3}\.\d{1,3}\.\d{1,3}\b",GSH,509.31,Penicillin,ASCII,8-72,694.53,ZKL,BEI,SURR0YZBU838O00HZ,experimental,103.29,143.0349,76.31,1751.4,E1O7SQ5M9JBM9XI0C,4051.5,[CONFIDENTIAL] Formula #804,451.1,321.54,353.97,P520J60H2V9I16RTC,7949.6,Bachelor's,KPK,9525.9,Purple,sig_2f3e2e8ff9da092c,RIK,7044.4,delete,JLA,627.12,WQY,145.4741,EMP-45429,VYK,QIP-7116,input -> target_col,9306.7,BIA,5771-8433-1479-7091,868.53,°C
925.23,NAZ,Inception,"$13,049",UN5K3NV722TKRKVZ6,"$6,347,638",669.19,8768.4,Linux,OKT,B+,34 days,K5PDSXD4P81FYDSWA,5874.1,Robinson et al. (2000),/var/uploads/export_281.xml,1044.2,181.46,VXM,XRK,2691.5,+44-XXXX-XXXXXX,J6B5KDRUY2WZQ5DMQ,FK5PN6FRT9NUSEMIV,BYC,407.57,kubectl apply,PTG,5016,824.67,HOH,2296.2,Flagged for review.,D7BHPOAN4FFBIAF5O,96.4,Amy Harris,539,8139.5,fp_6536fe92fe7fe45d,1109.5,15.8,9239.8,Great product!,07/28,BP 138/74 HR 92,227.52,timeout_ms=746,Y4UGCGF98N3C9QT0V,YEK,"Paris, Brazil",Proprietary,4278.8,SELECT * FROM orders WHERE status = 'pending',2024-10-06T22:34:48Z,[a-zA-Z0-9._%+-]+@[a-zA-Z0-9.-]+,OYA,34.05,Shellfish,UTF-8,44-54,754.26,HLF,AJP,XIFAWUNBINKJ0RDHX,deprecated,342.53,112.6061,816.48,9195.0,5VICFZWEC8C9B7XUO,9848.5,[CONFIDENTIAL] Formula #530,1450.1,258.94,270.77,52FUJ1SLJH3ZU5PGN,9733.5,Master's,NGV,6815.4,Gray,sig_bfc2e3ddc3156a88,WTP,4195.5,delete,QCG,828.74,NOT,112.7343,EMP-98075,VUU,SLI-2704,field_a -> field_b,125.8,WGK,5567-3271-0921-6623,986.09,m
132.91,RGG,Blade Runner,"$24,962",Z7V39ZKY6N7UPR42D,"$331,406",748.79,1221.2,iOS,HXM,A-,47 days,2FVK5ZTIY6LYBNVHR,5241.3,Brown et al. (2012),/var/logs/export_559.csv,7766.3,732.82,TJQ,BFA,4133.2,+81-XX-XXXX-XXXX,OL3W7O5I22C62NBDS,7OQY0XRONIB4M3VM6,WVV,327.91,POST /api/orders,QZA,4074,713.11,AER,4479.3,Pending verification.,E8XVZ44Y3CW37MNDO,95.3,Richard White,891,3277.9,fp_62fea02531625855,7523.7,548.1,3532.5,Not recommended.,04/28,BP 159/98 HR 91,760.52,timeout_ms=348,MH4Y9OB9CGD99K6ZW,HCF,"Sydney, Italy",MIT,5785.6,SELECT * FROM orders WHERE type = '1',2022-05-12T17:56:43Z,^[A-Z]{2}\d{6}$,UVY,921.78,Latex,ASCII,41-84,661.84,NLE,OUX,2ZIHK6XALOVH94UZZ,experimental,423.36,72.7663,207.64,3715.7,VGCE5FJU5CKZACA4P,8405.7,[CONFIDENTIAL] Formula #379,182.4,405.0,977.6,QJEP9LH3VSZOX959C,7731.7,PhD,CJY,7741.2,Orange,sig_6ad8fbed5f6442b5,ACP,214.7,delete,YKE,870.68,HQQ,24.1646,EMP-73597,RGQ,LLA-9653,input -> output,1289.2,FOG,4047-8334-3878-8845,143.36,m
825.96,FJR,The Matrix,"$44,662",F17RPQAAW34HWMBWP,"$1,945,613",544.76,5275.7,macOS,MTS,O-,222 days,YAHAAFUSY0BIQSUPU,3323.2,Brown et al. (2017),/var/tmp/export_993.log,7890.9,17.75,BUE,SXC,8864.9,+81-XX-XXXX-XXXX,2OHDO5UESBRJDYR64,F9NLD45OO1KVDY98U,VSE,634.33,GET /api/users,RLN,983,861.37,AVG,1238.8,Resolved — no further action.,8YCC732QMH5ZY3SJ1,39.1,Emily Moore,652,7063.6,fp_7b3af61f2b894eaa,2794.0,5960.3,379.5,Needs improvement.,08/27,BP 115/72 HR 70,293.34,timeout_ms=746,UOWAFQ5KH8K5PPN70,BWU,"San Francisco, Italy",Apache-2.0,1391.9,SELECT * FROM orders WHERE id = 'pending',2019-03-02 22:01:30,[a-zA-Z0-9._%+-]+@[a-zA-Z0-9.-]+,FNC,194.98,Latex,UTF-8,6-54,420.2,HBZ,XKQ,7VJEUXACG9Z06QNCK,experimental,901.14,125.8184,591.11,564.2,XPZ4CJUKJ6BPBUEEH,1160.6,[CONFIDENTIAL] Formula #621,315.8,655.54,626.32,EMUKSI56WDK0AQHC1,3251.5,High School,TKH,1879.0,Red,sig_e4aa6c7f542a1750,DJE,2186.6,delete,HTA,139.88,RPD,45.797,EMP-42262,RRT,UOD-9005,source_col -> output,5735.7,AID,XXXX-XXXX-XXXX-0336,412.67,°F
293.18,ZRQ,Blade Runner,"$41,756",U8GEF7L8YP85ZYCYV,"$4,074,535",882.9,7523.1,Linux,JMO,AB+,318 days,UUCQQLHO37XZO48J8,9363.3,Lee et al. (2017),/var/config/export_516.json,6431.4,720.18,ADV,MQQ,8152.0,+1-XXX-XXX-XXXX,USB7ZSZP1E0GLZFXC,90NZQGJEVE2OVEGKP,FTN,81.59,docker run,XKQ,7127,797.7,PZA,6734.3,Updated per client request.,KSIHN480RF2WZT2Z4,22.0,Sarah White,33,771.8,fp_98d1524df93c714f,6135.4,503.6,8550.1,Excellent service.,06/28,BP 120/105 HR 70,112.0,pool_size=992,FEG34GVKSQOB6S11Q,XHG,"Berlin, Germany",CC BY 4.0,6838.5,SELECT * FROM products WHERE status = '1',2019-03-06T09:11:18Z,^[A-Z]{2}\d{6}$,NDC,527.28,Pollen,ASCII,36-86,301.5,WAZ,LVU,O6YWX24NTEZ7RY55I,high-priority,726.6,140.2975,693.55,8401.7,O2BC46VHE7MIUFN8Q,8389.6,[CONFIDENTIAL] Formula #682,978.7,610.27,363.08,0E26WLDYII3XSB9C7,8341.5,Master's,WWK,0.8,Black,sig_29ba5c3706bc0ccb,OWJ,34.0,upsert,JLE,42.87,QXZ,80.5519,EMP-77792,LMK,MXE-3990,source_col -> field_b,8148.1,WKH,3712-7033-2232-0722,829.39,kg
707.7,XAL,Blade Runner,"$47,955",EQSQOCSR8NIC3NPVH,"$8,156,388",426.17,7504.9,macOS,SLD,AB+,83 days,V1E8C4ZR3XAP019QC,8243.5,Taylor et al. (2008),/var/tmp/daily_563.csv,7072.2,807.9,FQM,LPZ,8327.5,+1-XXX-XXX-XXXX,LSSGOZ1I97VTYMUF3,RZMXB8YNVNESDXWK3,KGZ,476.33,POST /api/orders,RGW,253,445.28,IHR,5054.1,Resolved — no further action.,7HSIJ1A9JAUKAJV4B,67.7,John Smith,284,4213.5,fp_23d5e6cdeef4ff63,818.9,1609.8,7700.8,Not recommended.,07/26,BP 145/87 HR 117,421.04,pool_size=842,OM5UX2EUNM6NIIDOF,BST,"Los Angeles, Italy",Proprietary,6935.5,SELECT * FROM orders WHERE type = 'active',2019-03-23T08:35:28Z,^[A-Z]{2}\d{6}$,RRF,481.71,None,UTF-16,11-58,124.5,AEA,OPK,INGQY2CZLQJ7ZPFFU,needs-review,451.26,146.2601,544.01,2997.7,CT0Y8WSSWHC3DW30R,9774.3,[CONFIDENTIAL] Formula #202,247.9,316.78,864.22,0EQ2LFOU54F62T8HL,8958.0,Bachelor's,QUP,1682.3,Orange,sig_7e87d200de14fca6,ELU,3690.6,snapshot,QOA,293.09,WXQ,2.4114,EMP-45978,WAE,DGX-2763,field_a -> output,9574.1,SSS,3745-3607-2541-2060,995.78,gal
197.81,VCU,Interstellar,"$7,719",A7VQLUAZ83L2B81YF,"$7,539,736",130.27,1592.1,Windows,CXT,A-,343 days,OLX0YH7O1WIHD08UW,9354.2,Johnson et al. (2006),/var/uploads/batch_290.parquet,7736.4,7.34,RPB,DKS,2995.7,+1-XXX-XXX-XXXX,SZLYOFCJ8D949807F,TP6GVQHQJQO9PV8VO,UGA,610.73,npm install,JXE,4013,568.44,EAP,9347.5,Updated per client request.,OK0KZ3ZDYRZQODX5V,47.9,Noah Johnson,841,1019.4,fp_b7f27c314af3c52f,948.1,5094.7,9791.3,Average experience.,09/28,BP 101/60 HR 101,103.58,batch_size=471,KFPHVSSDRXD8DR7X8,GFT,"London, France",Apache-2.0,3120.2,SELECT * FROM products WHERE status = 'active',2018-02-19T07:58:42Z,^[A-Z]{2}\d{6}$,GVT,443.93,Pollen,ASCII,43-79,920.83,RQH,DXI,YISMF4P432YQS4QN1,approved,128.36,94.7829,888.18,2754.6,PFSVWOH696CH2I62I,9423.6,[CONFIDENTIAL] Formula #500,63.4,827.67,861.6,DXQ4RJ7A32GV1MVQ3,5613.8,High School,VLW,3472.1,Orange,sig_95e5af1f37b32d8b,HEX,9207.0,update,EMD,531.12,AMY,56.4156,EMP-98084,CCC,SOH-4658,source_col -> field_b,1906.7,KKZ,5744-3717-4914-4342,187.05,kg
980.86,BQT,Blade Runner,"$32,927",Z6R0ULB4KG3E1K3RH,"$7,896,215",553.02,7632.3,iOS,XCV,AB-,331 days,CU4J0EJMK4Z94MD7L,5653.1,Lewis et al. (2008),/var/config/daily_41.yaml,9865.9,715.0,MMO,WWM,2118.2,+81-XX-XXXX-XXXX,GVHH8HG890NJLLQ74,GZHJCA5M81F10WXDX,DYB,887.01,GET /api/users,OHY,6561,990.19,SBU,6224.9,Flagged for review.,6JSJNOX5KI7NQZ23D,52.8,Liam Young,71,9549.9,fp_0414ada4ce121b6c,1389.7,5042.7,8954.0,Average experience.,02/28,BP 142/93 HR 90,751.47,timeout_ms=8,FZX3VAZR5NJIHWWQF,PWJ,"Atlanta, Spain",CC BY 4.0,8852.0,SELECT * FROM orders WHERE status = '1',2022-07-05 11:09:47,^[A-Z]{2}\d{6}$,HII,371.43,Latex,UTF-8,27-93,955.25,TKV,PYK,7M6RPMY01NJF07WQO,approved,151.82,18.6853,342.0,2371.4,ABNMHKFQLXFFC2VB4,574.2,[CONFIDENTIAL] Formula #543,1928.5,414.16,415.4,TF2QLTXS95PB074BL,9881.4,Bachelor's,NMQ,6689.0,Orange,sig_a8230be9f533ce47,AAI,8184.7,insert,ARL,704.64,RWZ,53.6884,EMP-97970,KIJ,WEI-3212,field_a -> field_b,1562.4,DQL,6011-5332-6194-3127,623.88,gal
494.17,SRJ,Blade Runner,"$47,912",ZKYLE1QKSIDD56IGW,"$2,840,068",951.6,3418.5,iOS,LZZ,A+,117 days,X77NMTJW5X306YT8N,1052.9,Brown et al. (2021),/var/uploads/daily_836.xml,7444.9,641.78,FRV,DPN,7559.4,+44-XXXX-XXXXXX,DLN04TTUDHK1MNBWR,TYYRZTEJZWQ9AJ1RV,SPY,896.65,GET /api/users,XPO,6962,58.16,EVW,5840.3,Escalated to management.,UJTMKL44CWNIY1RMT,64.6,Jessica Anderson,529,2492.6,fp_b3f13751409e2da2,3076.1,2572.9,3253.3,Average experience.,08/27,BP 92/72 HR 117,704.31,batch_size=827,YIA7BKWB9XSWCNE8T,VQD,"London, Singapore",CC BY 4.0,2175.4,SELECT * FROM products WHERE id = '1',2021-07-04 13:30:45,"\b\d{1,3}\.\d{1,3}\.\d{1,3}\.\d{1,3}\b",HQL,632.9,Shellfish,ISO-8859-1,0-64,688.71,MJA,WTU,LGKRQOOKWRF0ILIFX,deprecated,428.09,62.9201,965.23,198.4,KQ7VCZ7S2KQTESTXJ,8058.2,[CONFIDENTIAL] Formula #452,636.6,366.29,863.31,IYT2U55L493SS8XDO,5948.6,Bachelor's,OBI,2933.4,Brown,sig_00763409ce88a8dc,QHN,7646.7,delete,CCO,571.95,XZW,84.9501,EMP-69601,ROQ,BVQ-5365,source_col -> target_col,3359.1,BGZ,3741-8475-4735-8591,541.19,ft
791.6,CXP,The Matrix,"$15,019",AZOCP2XGU5H9S9S5D,"$1,077,073",780.96,827.6,Windows,CKG,AB-,353 days,78SRVF998ZGPHPDOV,2788.4,Moore et al. (2022),/var/data/batch_692.json,6285.4,686.13,BCZ,HOB,5361.6,+44-XXXX-XXXXXX,CWQNOXVU3OM7AM178,WTZFG481CRR4UH71A,VEK,75.18,npm install,RQH,5744,465.81,SQJ,9510.1,Automated processing complete.,9DQ9ONLAGOSFCV27G,15.1,Logan L. Garcia,983,1298.9,fp_0d37a780ee8ee8e6,6703.0,8022.1,3192.9,Not recommended.,12/29,BP 141/73 HR 82,147.23,pool_size=287,1RHW2C86X7NC7TIDW,YLT,"Portland, United Kingdom",Proprietary,3973.6,SELECT * FROM users WHERE type = 'active',2026-12-12T01:52:57Z,^[A-Z]{2}\d{6}$,MZD,508.07,Shellfish,ASCII,1-60,302.62,LVK,ZYP,PH4VXKUS3UNBLM7C7,high-priority,590.06,15.3325,916.79,5830.1,8GKVT8YN26B1BC55X,3965.3,[CONFIDENTIAL] Formula #189,1431.7,728.58,980.33,E72L9TZJDD5B10QET,2185.4,Bachelor's,IFG,7177.8,Blue,sig_983fdd3e6ca5395e,UZO,5636.2,snapshot,JMG,273.87,KHH,114.8071,EMP-45579,TIB,PBD-5838,field_a -> field_b,3990.3,SXI,4647-6896-3792-3943,170.74,°C
105.72,GEP,Blade Runner,"$32,186",QR1E3SZ3C97QV7SHY,"$3,489,830",46.81,4182.1,macOS,GBK,O+,137 days,L8WRIRN9CR5B8SM7L,3840.4,Johnson et al. (2009),/var/exports/batch_530.parquet,9244.3,603.86,WLO,VOH,3450.2,+81-XX-XXXX-XXXX,9OJDP6UZD6OG0OONE,A8RBT68VZZKKG6U52,XTY,900.21,POST /api/orders,KNR,6279,559.62,XYU,6292.4,Escalated to management.,MNJ8WKPN27KY8R1K8,97.2,Amy Clark,832,3637.5,fp_a5bf33a8f52b1865,872.1,5309.1,7869.6,Excellent service.,05/27,BP 170/93 HR 116,197.55,max_retries=726,XHCJ5IIF6B5C98RAU,ROE,"Sydney, Switzerland",CC BY 4.0,342.8,SELECT * FROM products WHERE status = 'active',2019-09-08T01:49:12Z,[a-zA-Z0-9._%+-]+@[a-zA-Z0-9.-]+,IOG,711.69,Peanuts,Latin-1,24-73,79.26,AJN,BVN,KSOQ8NT54MUQU6QZT,needs-review,279.51,4.067,94.87,1574.7,KEUXZQTDXRDX3NH73,4104.2,[CONFIDENTIAL] Formula #562,1067.5,829.6,11.69,A049NN78LW33V2V1A,7736.8,Master's,KIS,8222.5,Brown,sig_1bd0835d1409cc8e,WNT,8010.0,delete,NTD,588.86,YOS,44.7963,EMP-61995,LQK,ZXP-3265,source_col -> output,6493.1,IZF,3763-6084-7034-8886,235.77,°C
568.82,FKN,Inception,"$10,751",ZWUXU9IW8VLSTUYTL,"$2,906,573",188.17,7590.4,iOS,MCE,AB-,64 days,786LJM1ER4L7QXVV7,8119.1,Jackson et al. (2002),/var/exports/daily_979.log,4619.2,397.5,EDL,QOW,1448.3,+81-XX-XXXX-XXXX,HSBGQCQSRPGAGHULE,A031VA8PB6IHC2BH7,XUS,311.02,kubectl apply,TQZ,4957,662.87,HDT,1630.4,Updated per client request.,CIH60YRRZEQBYNKXN,33.3,Oliver J. Robinson,678,9845.2,fp_3720a89d1d7ce6de,1553.1,5361.9,181.4,Needs improvement.,11/26,BP 129/66 HR 113,592.62,pool_size=592,2PNOLRDGIX311LTFV,TKT,"Chicago, Sweden",MIT,1581.6,SELECT * FROM orders WHERE type = 'active',2022-12-10T13:56:09Z,^[A-Z]{2}\d{6}$,QEK,667.12,Latex,Latin-1,47-92,431.45,JLN,UAV,ZW4NHX12U7NRTCT0T,approved,261.4,134.5822,183.69,7003.9,46X3I03M7HBFM4SNK,7748.7,[CONFIDENTIAL] Formula #263,304.4,389.83,430.35,22KBKJBEJW00L9E7H,6351.3,Associate's,ROG,1354.4,Blue,sig_198456b556b4f611,QXD,2436.9,delete,PTS,564.9,BEU,112.3104,EMP-98082,IPI,QMS-5333,source_col -> field_b,282.3,JFO,XXXX-XXXX-XXXX-3662,318.85,m
235.61,PMK,The Matrix,"$9,608",X7XJMGLB9X69PX7C0,"$9,495,685",183.47,7616.5,iOS,KTC,O-,47 days,AVDUHFRIDQMKK32H0,5770.9,Martin et al. (2000),/var/exports/batch_636.parquet,455.9,431.63,UVF,GYL,2776.2,+81-XX-XXXX-XXXX,IGGZ0EOA5GCVSIFRQ,9OF4EE5GFEO2K4MPR,XYK,623.32,kubectl apply,MMK,1673,464.71,DIL,4354.8,Updated per client request.,TP0D884KA7U07ZK5W,72.8,David Robinson,415,2439.7,fp_b2ffc17b1b7962b7,9865.5,2063.1,7891.8,Needs improvement.,04/24,BP 155/105 HR 78,771.19,batch_size=456,2K5SY9OT2WO88WCJM,EYH,"Portland, Norway",BSD-3-Clause,3385.7,SELECT * FROM products WHERE status = 'pending',2018-12-21T02:10:07Z,"\b\d{1,3}\.\d{1,3}\.\d{1,3}\.\d{1,3}\b",GLM,782.05,Penicillin,ISO-8859-1,24-100,366.66,YPG,ATH,XZ3XTF4QNIX3TWSP5,approved,751.76,102.5573,106.21,9085.4,5EAG6SCXKJEKZLNXK,5493.9,[CONFIDENTIAL] Formula #115,1143.9,888.16,862.78,W23AEOR1SNJ68CCP8,5197.4,Associate's,COU,1205.8,Green,sig_363bab9674ef7590,YMB,4763.1,snapshot,DND,700.1,DVP,20.6605,EMP-71681,TCF,GNP-8773,source_col -> target_col,1010.5,CWC,4034-6604-1517-6096,685.67,kg
494.42,BDL,The Godfather,"$16,271",YA3S3VSS0B6RKV4O3,"$7,671,789",510.96,6260.1,Android,VFF,B-,276 days,M5W6I9YPR5I22VQYD,4961.2,Jackson et al. (2010),/var/config/batch_56.log,6652.7,45.37,XGV,DEW,5337.0,+1-XXX-XXX-XXXX,FD550BVMFZ1RFMYT2,DVM9CPV8UU1ZTWNL5,PVH,285.43,npm install,QXE,5427,204.64,PVV,4150.8,Needs follow-up next quarter.,73RMTC4UP41P6MOK6,4.8,Susan B. Davis,146,3464.0,fp_3912b124452eed0a,7768.3,8429.5,1094.3,Needs improvement.,10/29,BP 103/104 HR 107,149.45,pool_size=268,0YDBY930W7DT2A135,KBN,"Tokyo, United States",GPL-3.0,4837.5,SELECT * FROM orders WHERE status = 'pending',2021-09-23 21:45:05,"\b\d{1,3}\.\d{1,3}\.\d{1,3}\.\d{1,3}\b",PAC,439.77,Latex,UTF-16,9-88,895.61,UQU,IAZ,62ZRXYY6SKC6QEA24,approved,725.95,108.8245,527.07,8564.9,S93YDASX2R9UZOTFE,7841.9,[CONFIDENTIAL] Formula #900,837.0,549.27,443.96,XM035AZDIW328QBI0,4044.9,High School,QCC,7378.7,Gray,sig_ffaf1fd54d3de77a,CHN,3306.0,upsert,DVS,963.77,INO,66.2799,EMP-43211,MCF,SUE-1030,source_col -> target_col,877.8,BHP,4256-4491-1178-5744,502.93,lb
103.75,FYO,The Godfather,"$21,399",TZJVKIV9RNYK44243,"$1,445,479",749.02,3470.0,macOS,ISA,O+,297 days,6MB4OVTNKI9Y8M6K8,3105.8,Martin et al. (2015),/var/config/batch_611.yaml,6304.4,444.82,VJL,ZBC,2233.4,+44-XXXX-XXXXXX,ZPDQ4Y9MJBZO4F0OP,C2M7XY4DH23TRPDSZ,CCM,531.94,docker run,WUL,6499,730.44,IXT,562.5,Flagged for review.,5CTQEX4M9JSRHO2BJ,60.3,Richard Garcia,917,8013.7,fp_3b1177dd6c71f532,5060.8,3531.8,9561.9,Needs improvement.,04/25,BP 132/87 HR 62,192.85,timeout_ms=640,J1R2ZLZDGIECIM4K0,HIL,"Berlin, Norway",Apache-2.0,3049.7,SELECT * FROM products WHERE id = 'pending',2019-12-14T20:07:03Z,^\d{3}-\d{2}-\d{4}$,WAK,107.59,Latex,UTF-16,13-79,656.6,QJZ,IZO,N2UMLDLOR1ZCVX782,deprecated,202.52,60.3044,712.67,9197.5,HZHMMVBRRLWZ9ZX53,2216.7,[CONFIDENTIAL] Formula #726,1110.7,962.4,957.27,AQ9PTRA8JTJEP3SYF,6379.1,High School,ELZ,8455.8,Orange,sig_952d9fb070047599,NUN,7706.5,insert,DAN,885.67,VLC,59.2978,EMP-99590,XRA,VRL-2664,input -> field_b,1580.4,MOE,4500-3301-6894-6969,926.78,m
98.66,UWZ,Interstellar,"$36,244",30ZAZNUZFNQ9N2RQY,"$7,600,632",949.74,3720.7,Android,HNU,B+,114 days,JQMTABHOXSD8ZNSMY,6132.9,Lee et al. (2013),/var/tmp/daily_588.csv,20.8,4.02,SJU,LQI,3368.4,+1-XXX-XXX-XXXX,TR7WN5JPCAWA98JZ3,Q8HE2ESKO5PITLK1O,RQD,720.11,POST /api/orders,AHQ,3515,678.87,DGY,5975.0,Automated processing complete.,4SSK42JTEW1MPC77F,20.2,Amy Moore,600,9031.5,fp_1eb963399c877429,5108.6,3963.1,706.0,Not recommended.,01/27,BP 107/100 HR 97,54.36,max_retries=569,P6SW3D2R1UZXC8IWK,FNM,"Portland, France",GPL-3.0,6230.7,SELECT * FROM products WHERE id = 'pending',2019-11-22 04:15:07,[a-zA-Z0-9._%+-]+@[a-zA-Z0-9.-]+,QMP,193.12,None,ASCII,20-80,173.64,WBU,YXC,LVI5EIAXHX8EK1BT8,stable,412.4,5.7322,980.9,196.8,OML2N6FBZ29E5P942,1327.1,[CONFIDENTIAL] Formula #368,1490.9,940.26,443.21,V85W91DXLPMLRCRVI,6178.9,Associate's,YCT,9315.1,Black,sig_3869dd507c7fe5af,VVL,2357.6,insert,ZGZ,22.73,OFT,123.9747,EMP-83340,NWA,KUY-9590,source_col -> target_col,3407.8,YGI,6011-8107-2641-3428,574.02,°C
869.45,UNL,Blade Runner,"$41,370",EAWV3E2IYGCQ0IC0R,"$9,330,776",787.74,8555.6,iOS,DSG,O-,3 days,2R95I65RBYAYI25J1,4224.5,Johnson et al. (2005),/var/data/batch_670.json,9263.6,577.1,MRR,TWP,7259.5,+81-XX-XXXX-XXXX,W8M25WR0QBR5MLCL3,7DGT99O5L863QS8Y7,RXM,935.66,kubectl apply,STC,8839,31.52,HJF,3773.1,Updated per client request.,ZSVGX9UC9S3ZD4MT1,74.1,Sophia White,355,7344.3,fp_6f221774abc99832,5787.0,7749.7,7779.9,Not recommended.,09/27,BP 111/66 HR 94,851.33,batch_size=377,1RT7W9S0DX76KW2BH,VXP,"Miami, Australia",GPL-3.0,18.4,SELECT * FROM users WHERE id = '1',2022-12-19T12:34:49Z,[a-zA-Z0-9._%+-]+@[a-zA-Z0-9.-]+,SZO,921.18,Penicillin,ISO-8859-1,28-97,562.47,ZJE,PJC,A8O1XSCUUH075GNTV,high-priority,589.05,95.1078,958.49,8194.6,BWMMC7X1OQ8J1Q74V,2999.9,[CONFIDENTIAL] Formula #866,1710.1,448.8,216.24,8RZ5D9RKDCUD1FO5M,4932.5,Associate's,MCX,1576.4,Black,sig_e22f8a3b98335e3c,EZX,6851.3,insert,LXX,824.67,XKQ,51.2455,EMP-85813,YFA,MBO-5782,field_a -> field_b,1942.9,GDL,4826-0828-4561-8025,538.42,kg
180.47,PKX,The Godfather,"$8,974",WJFA2UC9IY7584LZ1,"$3,121,757",451.69,4342.5,Windows,YWO,AB-,104 days,3P8VEFZ851Z2ZZLUG,4340.8,King et al. (2013),/var/exports/daily_297.csv,98.8,408.94,MTV,RBL,4784.8,+81-XX-XXXX-XXXX,1TVQ1K3DQ6RLVG8FP,H0UE8ZISAL7K7PHFZ,ETJ,44.76,kubectl apply,FMO,4530,746.81,YVB,1442.5,Escalated to management.,4WFN2NHNBEEL0Z8YU,47.4,Harper T. Johnson,471,756.4,fp_dee66e2225ae6b33,2926.1,5552.4,5974.1,Average experience.,09/28,BP 131/98 HR 69,304.82,max_retries=905,L78ZRS02SCDLGUXKE,HWL,"Chicago, Italy",MIT,9683.7,SELECT * FROM orders WHERE status = '1',2018-04-17T22:01:24Z,[a-zA-Z0-9._%+-]+@[a-zA-Z0-9.-]+,CWD,697.73,Penicillin,Latin-1,40-79,965.1,BPO,FLA,4RX1ET9PIXQH54SWY,high-priority,856.88,99.4312,141.88,161.8,CCQ535OBDM3F9GDHV,7320.6,[CONFIDENTIAL] Formula #430,1532.7,970.82,66.6,IRAL4567NYGRPPND2,5205.4,Bachelor's,PPX,1453.9,Gray,sig_5219298883258f9b,SGJ,7651.9,update,REF,933.17,IJN,29.9067,EMP-77818,JJC,PPE-7044,input -> field_b,5746.6,OPD,3787-6294-0705-7268,32.33,°F
