v_428,p_306,val_268,years_old,caption_38,user_longitude,TIME_ZONE,default,customer_default_value,trend_growth_rate_30,RULE_CONSTRAINT,p_id,financial_forecast_field,expiry,source_system_val,sla,TIMESTAMP,x_hqd,globalTradeItemNumber,field_tem,load_tstamp,power_val,audit_finding_14,x_at,rule,val_xow,attribute,policy,api_specification,v_ver,POLICY_DEFINITION,retention_policy_14,status_code,rowcnt,uptime_guarantee,c_formu,tstamp,measrev,d_creat,attr_853,c_url,modified_by_data,src_rule_constraint,user_percentile,weightMass,market_intelligence,checksum_hash,appmb23,songname,version_nbr,billingAccount,isoCurrencyCode,audit_finding_val,dim_781,cookie,schema_definition_14,performance_review_38,retention_policy_info,confidential_formula,voice,createdAt,caption_raw,retention_policy,how_to,src_data_lineage,filter_predicate,src_legal_hold_document,dim_as,mapping,fact_trade_secret,trade_secret_22,glob,encoding,LAB_RESULT,score_index,cron_specification_14,cron_specification_info,uptime_availability,dept,tombstone,quarter,ENCODING,brmsr3,formulaExpression,mask,middle_name_info,col_870,apiSpecification,cron_schedule_38,marketIntelligence,modifiedBy,data_type_22,d_868,stratplan,val_check,nullableFlag,meta_fwb,source_system,MODIFIED_BY,user_data_format,modifiedby,vnx86,c_defa,fmtspec,customer_browser_cookie,validationRule,MARKET_INTELLIGENCE,src_keywords,flight_number,raw_column_field_name,bnk_account_number,RECORD_TYPE_DISCRIMINATOR,CHECKSUM_HASH,pricing_strategy,licenseTerms,customer_mime_type
Outstanding,HOLD-2021-269,Competitor Beacon Analytics launched NanoCore SDK,57,Figure 20: Overview,-142.419751,America/New_York,'',false,-48.74%,"status IN ('active','pending')",Chrome OS,Q2 2027: $42M projected,263 days,Salesforce,99.952% uptime,2024-09-07 00:24:35,michael.moore,5635893038632,8.6,2022-12-01 17:28:50,20951.0,Major finding: data retention,3.0.50,"status IN ('active','pending')",2488.9,id,amount <= 10000,GraphQL,5.0.45,MFA required for admin,7 years,inactive,75694,99.112% uptime,BMI = kg/m²,2025-06-28T13:20:42Z,"$5,490,113",2024-03-08T03:29:47Z,update,https://example.com/users/983ef0bc/profile,aiden.anderson,NOT NULL,1.85,8.6,Competitor Alpine Systems launched SmartHub X1,c1308641e76db9aeef4c2ce976c0a28cc6a52f1354d17b1d17b7d0e0aa4e5662,+15145551907,Stairway to Heaven,3.19.62,BILL-368691,INR,Non-conformance: access control,Mixed,_ga=5293328200.2043281,CREATE TABLE t (id INT PRIMARY KEY),Needs improvement,indefinite,[CONFIDENTIAL] Formula #689,voice_f41462eab7207cbc.wav,2026-07-10T06:19:04Z,Figure 20: Overview,indefinite,Step 1: Initialize the module.,staging.orders -> exports,type != '2024',HOLD-2023-229,raw.users -> analytics,source_col -> output,[CONFIDENTIAL] Formula #618,[CONFIDENTIAL] Formula #729,"\b\d{1,3}\.\d{1,3}\.\d{1,3}\.\d{1,3}\b",UTF-8,Hemoglobin: 228.8 K/uL,2.24,"24 16 * * 0,6",27 8 * * 1-5,95.727,Support,false,Q4 2026,ISO-8859-1,Data Expo 2020,A = πr²,{{date}} - {{event}},R,jessica.johnson,OpenAPI 3.0,32 0 * * *,Competitor Pioneer Software launched FlexPay Platform,mason.anderson,BOOLEAN,{{date}} - {{event}},Acquire competitor,5bb02088f2f05d9425dcb1fdffb30506dc6f257d1df1b01c4150309914d76625,YES,2022-12-27 19:16:06,Workday,amy.garcia,CSV,michael.miller,YES,null,W3C Date,_ga=8171097849.8279679,NOT NULL,Competitor TechCo Industries launched DataSync 3000,"scalability, cloud, data, reporting",JM150,email,46520191,snapshot,12f9da4fb1868876d227a6a6c52c3ed69b917efe0a3079001353335377605959,Market-based,BSD-3-Clause,text/html
Meets expectations,HOLD-2023-301,Competitor Vertex Technologies launched CloudGuard,12,Figure 8: Overview,96.164311,Europe/London,CURRENT_TIMESTAMP,CURRENT_TIMESTAMP,15.39%,age >= 18,iOS,Q3 2027: $13M projected,134 days,Kafka,99.759% uptime,2024-05-06T10:30:22Z,amy.taylor,3057857155089,44.0,2020-02-22 10:20:43,32891.7,Major finding: data retention,5.11.33,"status IN ('active','pending')",3837.1,created_at,age >= 18,REST/JSON,4.6.67,Data retained for 7 years,30 days,completed,85771,99.39% uptime,A = πr²,2025-04-18T13:07:45Z,"$9,366,578",2020-11-25T16:55:16Z,insert,https://example.com/users/a4f7e804/profile,ethan.davis,age >= 18,86.54,607.84,Competitor Catalyst Ventures launched Sentinel Monitor,f894db4dbda19d4f4419ba4a9ba42fc5023451d2d82e186e7886666f1cd2806e,568 541 4029,Yesterday,0.3.49,BILL-749190,BRL,Major finding: data retention,Mixed,_ga=6030351743.7485355,CREATE TABLE t (id INT PRIMARY KEY),Exceeds expectations,30 days,[CONFIDENTIAL] Formula #876,voice_fe2046f88e906624.wav,2019-04-15 04:00:27,Figure 7: Overview,7 years,Step 4: Configure the module.,raw.events -> reports,type < 'prod',HOLD-2022-615,staging.events -> exports,input -> target_col,[CONFIDENTIAL] Formula #506,[CONFIDENTIAL] Formula #909,^\d{3}-\d{2}-\d{4}$,ISO-8859-1,Cholesterol: 138.8 mg/dL,7.53,40 21 * * *,49 2 * * 1-5,95.2655,HR,true,Q1 2022,UTF-8,Global Conference 2021,E = mc²,{{date}} - {{event}},E,sophia.lee,GraphQL,30 2 * * *,Competitor Acme Corp launched SmartHub X1,james.smith,INTEGER,Hello {{name}},Expand APAC market,a0e1fda20324872a00f934e9c3b4229e1495d92fbcd13a4f4d429b54c49c12db,NO,2018-07-16T13:00:10Z,SAP,liam.jones,CSV,anna.anderson,NO,CURRENT_TIMESTAMP,RFC 3339,_ga=9164081698.1503284,BETWEEN 1 AND 100,Competitor Acme Corp launched NanoCore SDK,"integration, compliance, analytics, scalability, monitoring",CZ2055,amount,3085567030,delete,8492fd1413b0645c9070aa7664779ba1b55c05351cf0c08b563c474e560fa1cf,Cost-plus 25%,MIT,application/json
Exceeds expectations,HOLD-2020-117,Competitor Quantum Dynamics launched Sentinel Monitor,50,Figure 13: Distribution,-86.07666,EST,null,CURRENT_TIMESTAMP,-31.37%,"status IN ('active','pending')",Android,Q3 2027: $23M projected,42 days,Salesforce,99.726% uptime,2023-10-19 12:54:53,oliver.miller,1465622101632,-31.9,2024-10-16T14:09:51Z,46605.5,Major finding: data retention,4.3.61,NOT NULL,6476.0,type,age >= 18,GraphQL,2.6.69,PII encrypted at rest,1 year,cancelled,59020,99.399% uptime,F = ma,2022-11-21 23:55:13,"$6,145,259",2023-07-24 18:02:33,delete,https://example.com/users/7f20cfc8/profile,amy.walker,age >= 18,63.28,873.02,Competitor Pioneer Software launched FlexPay Platform,d834e2651e5fca21c177e26c0f3440885018bb7a3852b0c97e170df4c44b3214,+16169567355,Hotel California,2.10.56,BILL-308718,CHF,Observation: backup schedule,Mixed,_ga=8510307512.1757044,message Msg { string id = 1; },Meets expectations,30 days,[CONFIDENTIAL] Formula #660,voice_10cb44dd5e0888ca.wav,2022-03-09T23:47:47Z,Figure 13: Overview,1 year,Step 1: Monitor the system.,raw.users -> reports,status > 'prod',HOLD-2022-246,curated.users -> analytics,source_col -> field_b,[CONFIDENTIAL] Formula #310,[CONFIDENTIAL] Formula #107,[a-zA-Z0-9._%+-]+@[a-zA-Z0-9.-]+,UTF-16,WBC: 61.2 mg/dL,7.95,"14 13 * * 0,6","3 10 * * 0,6",95.6394,Marketing,false,Q2 2026,ASCII,Global Expo 2021,BMI = kg/m²,{{date}} - {{event}},E,sarah.white,gRPC/protobuf,"55 12 * * 0,6",Competitor Catalyst Ventures launched Widget Pro,lucas.smith,INTEGER,Dear {{customer}},Launch SaaS tier,a1fd1cb40e30078dad50f5c7463f3fb96ff331f67ebb078460ad35c559b81d0d,false,2021-03-10T16:57:17Z,Snowflake,oliver.walker,Parquet,william.robinson,NO,null,ISO 8601,_ga=5432533624.7723311,CHECK (val > 0),Competitor Beacon Analytics launched VaultKeeper,"automation, reporting, analytics",UC686,email,63530472,insert,cacf7eb94cca7a5c906dc5cf33a81039be6c0fa32b7a944010c4c5de151d7861,Penetration,CC BY 4.0,application/xml
Outstanding,HOLD-2023-843,Competitor Meridian Health launched NanoCore SDK,2,Figure 11: Overview,-7.738247,EST,false,false,1.66%,"status IN ('active','pending')",Windows,Q1 2024: $78M projected,246 days,Kafka,99.304% uptime,2026-03-04 13:53:10,emma.rodriguez,7105249505358,-27.1,2026-01-08T06:10:15Z,33560.1,Observation: backup schedule,2.17.11,"status IN ('active','pending')",9330.6,email,amount <= 10000,SOAP/XML,4.16.25,Data retained for 7 years,7 years,active,29245,99.431% uptime,PV = nRT,2019-08-08T21:50:01Z,"$105,734",2019-04-01 02:39:56,delete,https://example.com/users/a790875a/profile,noah.miller,NOT NULL,49.62,621.79,Competitor Global Solutions launched StreamLine ERP,2bdcea2f76a77fb423ad33aa6d60417b008825a06afef144e79a91bc263477bd,+18528522532,Hotel California,3.13.57,BILL-906011,GBP,Observation: backup schedule,Negative,_ga=2334636312.8269436,"{""type"": ""object"", ""properties"": {}}",Needs improvement,7 years,[CONFIDENTIAL] Formula #600,voice_8b18e4b2bd8d0531.wav,2022-08-02 13:44:53,Figure 15: Overview,7 days,Step 2: Verify the pipeline.,curated.users -> reports,type > '2024',HOLD-2020-867,staging.events -> analytics,input -> output,[CONFIDENTIAL] Formula #853,[CONFIDENTIAL] Formula #695,^[A-Z]{2}\d{6}$,ISO-8859-1,Glucose: 202.3 K/uL,3.46,7 20 * * *,"50 14 * * 0,6",97.0417,Marketing,false,Q4 2022,UTF-16,Tech Conference 2024,BMI = kg/m²,Order #{{id}},A,logan.king,GraphQL,"49 17 * * 0,6",Competitor Pacific Research Group launched CloudGuard,david.jackson,TEXT,Dear {{customer}},IPO readiness,3d93b7d0f504956039460cec1afe790c0f1e38cf0a1558965daeeb78f65a68e4,YES,2025-02-09T15:07:55Z,Snowflake,ethan.thomas,JSON,sophia.anderson,true,false,IEEE 754,_ga=5135474068.3413047,BETWEEN 1 AND 100,Competitor Beacon Analytics launched SmartHub X1,"security, monitoring, analytics, integration, scalability",VL5668,id,20591210,delete,d919b9147c285b8621d7dea6cabb0d9b00d62117ee2c967d539849f55f9aba97,Cost-plus 25%,CC BY 4.0,text/csv
Needs improvement,HOLD-2025-599,Competitor Meridian Health launched VaultKeeper,112,Figure 20: Comparison,88.633912,EST,0,0,-5.38%,"status IN ('active','pending')",Linux,Q2 2026: $37M projected,122 days,Workday,99.308% uptime,2022-02-08T10:08:56Z,james.jones,5417107177745,-3.1,2024-11-01 02:21:08,7401.3,Major finding: data retention,4.20.6,NOT NULL,8789.1,status,age >= 18,REST/JSON,2.14.56,PII encrypted at rest,7 days,active,18467,99.163% uptime,BMI = kg/m²,2018-03-08 02:33:57,"$6,943,367",2020-02-09 14:16:14,upsert,https://example.com/users/27401c19/profile,michael.taylor,NOT NULL,82.63,98.0,Competitor Skyline Partners launched VaultKeeper,5d8b0a926122a66779e2260e6e7aabfbe10e4e4ea9e340e79742c870e9f8fce2,(763) 295-2872,Bohemian Rhapsody,1.12.45,BILL-698972,JPY,Observation: backup schedule,Neutral,_ga=5584784838.8906511,message Msg { string id = 1; },Outstanding,1 year,[CONFIDENTIAL] Formula #603,voice_3964f9800029b249.wav,2020-04-02T14:05:06Z,Figure 18: Timeline,30 days,Step 4: Monitor the pipeline.,staging.orders -> analytics,status < '2024',HOLD-2024-262,staging.events -> reports,input -> target_col,[CONFIDENTIAL] Formula #368,[CONFIDENTIAL] Formula #667,"\b\d{1,3}\.\d{1,3}\.\d{1,3}\.\d{1,3}\b",Latin-1,Cholesterol: 268.5 K/uL,5.05,38 19 * * 1-5,3 9 * * 1-5,99.0616,Marketing,false,Q2 2022,UTF-16,Tech Forum 2023,F = ma,{{date}} - {{event}},B,linda.white,gRPC/protobuf,"28 11 * * 0,6",Competitor TechCo Industries launched NanoCore SDK,olivia.rodriguez,TIMESTAMP,Hello {{name}},Expand APAC market,b4ef732cf725036e53f28fa133f6280de188c29e097575f622511c2672464289,false,2025-12-27T18:17:49Z,Workday,amy.lewis,Parquet,noah.jackson,true,'',POSIX,_ga=0983733955.4155340,CHECK (val > 0),Competitor Global Solutions launched Sentinel Monitor,"data, performance",JM6388,type,362772107800,upsert,66a935f05da3bbce16cfb3e4c3c3c4d569afed7e9059bf74204e3ddc4f3356b6,Market-based,GPL-3.0,image/png
Outstanding,HOLD-2025-305,Competitor Meridian Health launched VaultKeeper,64,Figure 19: Overview,-32.835094,JST,1,'',44.05%,age >= 18,Android,Q1 2026: $50M projected,265 days,Snowflake,99.987% uptime,2020-09-11 06:46:06,noah.white,0324525647784,46.4,2022-12-01T01:07:19Z,8921.1,Major finding: data retention,2.19.87,"status IN ('active','pending')",1822.8,status,age >= 18,REST/JSON,1.9.15,MFA required for admin,1 year,rejected,15728,99.703% uptime,PV = nRT,2020-04-24T16:44:54Z,"$4,552,974",2024-02-22T15:31:33Z,delete,https://example.com/users/7fe82f89/profile,noah.harris,amount <= 10000,94.73,704.24,Competitor Alpine Systems launched FlexPay Platform,1bcdde2b47d35f816acbdfcf32e389dd6b7df8fdfc2c0180e3363067dcd49e3f,+18173456766,Imagine,5.17.21,BILL-495143,USD,Non-conformance: access control,Negative,_ga=3497928331.2768322,CREATE TABLE t (id INT PRIMARY KEY),Exceeds expectations,indefinite,[CONFIDENTIAL] Formula #895,voice_a198440509807b6e.wav,2018-05-08 11:16:10,Figure 4: Overview,indefinite,Step 1: Configure the module.,curated.users -> analytics,status < '2024',HOLD-2022-967,raw.events -> reports,input -> output,[CONFIDENTIAL] Formula #472,[CONFIDENTIAL] Formula #386,[a-zA-Z0-9._%+-]+@[a-zA-Z0-9.-]+,ISO-8859-1,Glucose: 121.6 g/dL,8.31,1 19 * * 1-5,"47 17 * * 0,6",98.8912,Support,false,Q1 2021,UTF-8,Annual Conference 2025,BMI = kg/m²,{{date}} - {{event}},A,ethan.moore,OpenAPI 3.0,"41 17 * * 0,6",Competitor Quantum Dynamics launched Sentinel Monitor,susan.walker,JSON,Dear {{customer}},Acquire competitor,bcdf789dfdc283a28dc2f0dbb84c87ab96d02b45609f2dc218479e93d0d5b756,true,2024-04-06 15:20:58,SAP,patricia.white,Parquet,susan.smith,false,'',POSIX,_ga=0039150738.9050155,UNIQUE,Competitor DataCraft Inc launched AuditTrail Plus,"analytics, security, reporting, compliance",UG5603,status,33375505,insert,5520599fbd8628ef4a43de4a77c64c8dfdd6cde8108d1992d0dd095bacb47cf9,Market-based,Proprietary,text/csv
Needs improvement,HOLD-2020-957,Competitor Acme Corp launched Widget Pro,104,Figure 8: Overview,-169.026571,America/New_York,'',null,-43.71%,amount <= 10000,Windows,Q1 2026: $72M projected,143 days,Snowflake,99.32% uptime,2023-06-23 06:06:12,patricia.jones,8140279486089,45.7,2025-10-04 13:20:45,46610.7,Observation: backup schedule,0.14.74,amount <= 10000,8510.8,email,amount <= 10000,gRPC/protobuf,4.18.41,Data retained for 7 years,7 years,active,96982,99.118% uptime,PV = nRT,2020-07-05 16:31:29,"$6,316,712",2025-07-17T08:24:23Z,insert,https://example.com/users/d75f24f5/profile,anna.white,NOT NULL,10.55,946.31,Competitor Vertex Technologies launched Sentinel Monitor,82399bd10b1b6066a4bf8007f01634c51ab7f18b970a68018166cc405254714c,930.370.7621,Yesterday,1.0.12,BILL-327665,GBP,Observation: backup schedule,Positive,_ga=1373697351.2312077,"{""type"": ""object"", ""properties"": {}}",Meets expectations,1 year,[CONFIDENTIAL] Formula #744,voice_13c62d1c500c8e04.wav,2026-02-13 07:36:22,Figure 10: Comparison,7 years,Step 4: Deploy the pipeline.,curated.users -> reports,status IN 'active',HOLD-2026-194,raw.users -> reports,field_a -> field_b,[CONFIDENTIAL] Formula #501,[CONFIDENTIAL] Formula #574,^\d{3}-\d{2}-\d{4}$,ASCII,Glucose: 252.6 mg/dL,9.73,51 4 * * *,37 8 * * *,98.5721,Operations,false,Q1 2022,ASCII,Global Expo 2026,F = ma,Hello {{name}},E,elizabeth.walker,gRPC/protobuf,42 13 * * 1-5,Competitor Vertex Technologies launched CloudGuard,robert.smith,FLOAT,Dear {{customer}},Acquire competitor,b7e3f72eaa1f3b609afceeb4ef938f96e2c200af39c21eedf441de0928b419bf,NO,2025-06-10T12:05:25Z,Kafka,mary.young,YAML,richard.rodriguez,false,CURRENT_TIMESTAMP,POSIX,_ga=9738379738.3934965,BETWEEN 1 AND 100,Competitor Alpine Systems launched Sentinel Monitor,"cloud, analytics, integration, automation",TQ7962,created_at,34388971,delete,450d62859655ea994e98f98244cb632324c78657d8126c15943228702d7d3521,Penetration,MIT,application/json
Needs improvement,HOLD-2022-473,Competitor Vertex Technologies launched DataSync 3000,44,Figure 5: Overview,-38.858728,UTC,0,CURRENT_TIMESTAMP,43.11%,NOT NULL,iOS,Q4 2025: $3M projected,30 days,Kafka,99.217% uptime,2018-11-23T18:39:41Z,robert.davis,8827690291158,14.5,2019-04-20T02:13:32Z,45085.0,Observation: backup schedule,2.5.12,age >= 18,4433.7,type,"status IN ('active','pending')",GraphQL,4.9.78,Data retained for 7 years,indefinite,approved,1134,99.489% uptime,A = πr²,2025-02-12T05:04:20Z,"$1,415,955",2021-09-02 08:44:03,update,https://example.com/users/29d40304/profile,jennifer.smith,amount <= 10000,59.91,114.93,Competitor Meridian Health launched NanoCore SDK,746c3a0e61f8673574e59660c6d345a8da691f833bb37b00ad3e52c47676a65a,354-660-6337,Hotel California,5.19.14,BILL-321856,USD,Major finding: data retention,Positive,_ga=5072262913.5134276,message Msg { string id = 1; },Meets expectations,1 year,[CONFIDENTIAL] Formula #742,voice_dfbe7ec48a309803.wav,2026-08-11T13:28:56Z,Figure 7: Timeline,indefinite,Step 2: Monitor the service.,curated.events -> analytics,type IN 'prod',HOLD-2021-666,staging.events -> reports,source_col -> target_col,[CONFIDENTIAL] Formula #526,[CONFIDENTIAL] Formula #557,^[A-Z]{2}\d{6}$,UTF-8,Cholesterol: 53.5 g/dL,8.37,37 8 * * *,47 20 * * 1-5,98.3711,Operations,true,Q2 2026,ASCII,Global Summit 2020,PV = nRT,{{date}} - {{event}},N,john.rodriguez,gRPC/protobuf,30 4 * * 1-5,Competitor Beacon Analytics launched SmartHub X1,david.rodriguez,FLOAT,{{date}} - {{event}},Acquire competitor,c9e2e1a6926adcad5004416d6ff652c0e9e6decad9bc9cc18fed922e6ed9060e,NO,2026-10-28T10:27:16Z,Kafka,anna.garcia,JSON,ethan.lee,NO,0,POSIX,_ga=9488829151.3961982,MATCHES '^[A-Z]+',Competitor DataCraft Inc launched AuditTrail Plus,"analytics, security, compliance, data, cloud",SB8567,email,95489330,upsert,1feb15cf6a45266d130f0dea6dd76009699755a87715f3c54f36ab9e6336e977,Premium,BSD-3-Clause,text/html
Outstanding,HOLD-2020-598,Competitor Beacon Analytics launched SmartHub X1,28,Figure 13: Timeline,152.330249,EST,0,false,28.3%,amount <= 10000,iOS,Q1 2025: $95M projected,257 days,Kafka,99.567% uptime,2026-01-05T17:12:17Z,richard.young,9247477199815,-5.0,2026-07-04T19:58:52Z,17136.1,Major finding: data retention,1.13.94,NOT NULL,9939.3,email,"status IN ('active','pending')",GraphQL,0.10.7,PII encrypted at rest,7 days,cancelled,94165,99.038% uptime,PV = nRT,2026-11-05 10:13:35,"$2,379,597",2021-11-18 15:13:38,snapshot,https://example.com/users/7ca724f8/profile,jennifer.white,NOT NULL,45.24,852.59,Competitor Meridian Health launched CloudGuard,d1cf4725e9f9be01986d24f7783db2a8e2bbdf7c553017b7bced2fdf8849440a,+13227703769,Yesterday,4.15.81,BILL-406157,AUD,Major finding: data retention,Mixed,_ga=2470530542.7373372,message Msg { string id = 1; },Needs improvement,7 years,[CONFIDENTIAL] Formula #166,voice_cab855b05c2d602a.wav,2020-04-10 06:51:23,Figure 12: Distribution,7 years,Step 3: Deploy the module.,curated.orders -> reports,status < 'prod',HOLD-2026-701,curated.users -> analytics,input -> field_b,[CONFIDENTIAL] Formula #845,[CONFIDENTIAL] Formula #721,[a-zA-Z0-9._%+-]+@[a-zA-Z0-9.-]+,Latin-1,Glucose: 266.8 g/dL,1.31,"1 14 * * 0,6","41 15 * * 0,6",98.9936,Operations,false,Q1 2021,Latin-1,Annual Expo 2020,BMI = kg/m²,Hello {{name}},E,sophia.walker,REST/JSON,31 5 * * *,Competitor Pioneer Software launched Widget Pro,linda.clark,VARCHAR,{{date}} - {{event}},IPO readiness,65cdd9f913f44f7bc285436d796e28a6b7821a63f7da456097ab953caf4b38b1,NO,2020-09-21 00:41:22,Kafka,liam.wright,YAML,anna.williams,true,0,RFC 3339,_ga=9517537917.5495730,BETWEEN 1 AND 100,Competitor Pioneer Software launched FlexPay Platform,"cloud, monitoring, analytics, reporting, data",RV6353,status,509931579781,snapshot,b6650a07096969ed858c0007ea91dbb6cf22d08a34605f93c07338f461bf4814,Cost-plus 25%,Apache-2.0,text/csv
Needs improvement,HOLD-2022-440,Competitor Pioneer Software launched NanoCore SDK,44,Figure 14: Comparison,-119.870469,PST,'',CURRENT_TIMESTAMP,12.0%,"status IN ('active','pending')",Chrome OS,Q2 2026: $8M projected,340 days,PostgreSQL,99.119% uptime,2021-04-26T00:43:18Z,elizabeth.rodriguez,2261852765201,29.8,2025-03-27T13:16:17Z,44119.2,Observation: backup schedule,2.7.16,age >= 18,7641.1,email,NOT NULL,GraphQL,3.3.85,Data retained for 7 years,indefinite,approved,81251,99.707% uptime,E = mc²,2020-07-15 06:24:07,"$2,714,548",2025-03-06 11:48:00,insert,https://example.com/users/ebcabffa/profile,logan.johnson,NOT NULL,78.53,385.62,Competitor TechCo Industries launched Sentinel Monitor,f0f83b31954c39167a331b105f91325999e7cb12d4e035e9ff37bc6033c021d1,502.329.1135,Stairway to Heaven,3.13.89,BILL-819402,GBP,Non-conformance: access control,Neutral,_ga=5313629166.6885267,"{""type"": ""object"", ""properties"": {}}",Meets expectations,1 year,[CONFIDENTIAL] Formula #618,voice_c9f5274273463892.wav,2025-07-05 17:22:01,Figure 10: Timeline,7 years,Step 4: Verify the module.,curated.events -> analytics,type = 'active',HOLD-2026-142,raw.orders -> exports,input -> target_col,[CONFIDENTIAL] Formula #749,[CONFIDENTIAL] Formula #972,[a-zA-Z0-9._%+-]+@[a-zA-Z0-9.-]+,UTF-16,Glucose: 171.4 mg/dL,4.68,"43 14 * * 0,6",19 2 * * 1-5,98.4823,Support,true,Q1 2020,ISO-8859-1,Tech Conference 2025,BMI = kg/m²,Order #{{id}},R,mary.miller,SOAP/XML,44 10 * * 1-5,Competitor Global Solutions launched SmartHub X1,richard.jones,JSON,Hello {{name}},Acquire competitor,d7d81b69dab51522337683bec288f972c43defc561f5e68d90b90d3087ca647f,true,2023-02-21 00:54:40,Kafka,jessica.martinez,YAML,liam.jackson,false,0,IEEE 754,_ga=3926814158.3858356,CHECK (val > 0),Competitor Quantum Dynamics launched FlexPay Platform,"analytics, integration, monitoring",HM5817,name,1263959906,delete,99a7a005e64d8c87b8eef78f98e572dd605a5fabbc32a27829cbc2bfb998f62f,Premium,Apache-2.0,application/json
Meets expectations,HOLD-2020-956,Competitor Meridian Health launched NanoCore SDK,46,Figure 11: Overview,-50.35992,Europe/London,null,CURRENT_TIMESTAMP,-29.86%,age >= 18,macOS,Q2 2024: $100M projected,19 days,Kafka,99.176% uptime,2019-07-03 02:07:16,noah.jackson,1097751485048,15.4,2020-02-08 06:43:16,7436.0,Major finding: data retention,0.9.10,NOT NULL,8357.7,id,"status IN ('active','pending')",REST/JSON,4.7.97,Data retained for 7 years,30 days,pending,51377,99.582% uptime,BMI = kg/m²,2019-11-05 19:21:59,"$2,883,582",2020-06-20 23:34:08,snapshot,https://example.com/users/f65bd833/profile,john.wright,NOT NULL,86.86,902.27,Competitor TechCo Industries launched NanoCore SDK,b37b029c3370f7353dcfe2f06b0adb4c7bd1c941297c773f9d4d8b1a32f70de4,787.984.5596,Hotel California,0.9.86,BILL-387258,INR,Major finding: data retention,Neutral,_ga=3988902216.6069580,CREATE TABLE t (id INT PRIMARY KEY),Needs improvement,indefinite,[CONFIDENTIAL] Formula #484,voice_2fc1f1bbec42a092.wav,2023-11-10T02:00:14Z,Figure 19: Overview,7 years,Step 3: Configure the module.,raw.users -> exports,date < 'active',HOLD-2023-685,raw.users -> analytics,field_a -> field_b,[CONFIDENTIAL] Formula #478,[CONFIDENTIAL] Formula #509,"\b\d{1,3}\.\d{1,3}\.\d{1,3}\.\d{1,3}\b",UTF-8,Glucose: 235.2 K/uL,2.79,"1 19 * * 0,6","56 14 * * 0,6",95.9109,Finance,false,Q4 2021,UTF-8,Global Conference 2026,PV = nRT,Hello {{name}},Z,michael.jones,REST/JSON,41 15 * * *,Competitor TechCo Industries launched NanoCore SDK,robert.brown,JSON,Hello {{name}},Launch SaaS tier,60d01aa42614b0bc7f3e365d88bd8762c0370ca190661f64dfff33fac31e633c,NO,2019-05-05T01:51:04Z,PostgreSQL,linda.martin,XML,linda.rodriguez,NO,1,W3C Date,_ga=8076692725.7495747,NOT NULL,Competitor Global Solutions launched VaultKeeper,"data, analytics, security",OX3422,status,770384740075,update,2f1b56a606397dad7d4b81a514347351d4f2b9a862f1dbaf03105c175adfc4ac,Cost-plus 25%,MIT,text/html
Meets expectations,HOLD-2020-119,Competitor DataCraft Inc launched NanoCore SDK,48,Figure 14: Comparison,10.407298,CET,null,CURRENT_TIMESTAMP,45.33%,"status IN ('active','pending')",Android,Q3 2026: $23M projected,119 days,Kafka,99.174% uptime,2023-08-11T12:16:29Z,mary.davis,1120988534193,37.9,2021-04-26 06:52:36,6490.5,Major finding: data retention,1.18.22,"status IN ('active','pending')",4510.4,name,"status IN ('active','pending')",REST/JSON,5.16.62,PII encrypted at rest,1 year,pending,82214,99.296% uptime,BMI = kg/m²,2019-12-01 08:47:54,"$3,677,125",2021-08-22T02:48:23Z,upsert,https://example.com/users/3e18aa07/profile,noah.wright,age >= 18,98.82,918.61,Competitor Alpine Systems launched AuditTrail Plus,8d88f5f8772714b905055c9ba20fee81aa130baeebb0dd221b1c5bc860c5e44e,545-253-2788,Hotel California,5.16.75,BILL-453797,JPY,Major finding: data retention,Positive,_ga=8902058214.9962913,CREATE TABLE t (id INT PRIMARY KEY),Exceeds expectations,7 years,[CONFIDENTIAL] Formula #511,voice_5394f2a2aff16b8b.wav,2022-03-06 10:00:44,Figure 11: Overview,7 days,Step 1: Deploy the module.,staging.orders -> analytics,date IN '2024',HOLD-2023-905,raw.events -> exports,input -> field_b,[CONFIDENTIAL] Formula #926,[CONFIDENTIAL] Formula #837,^\d{3}-\d{2}-\d{4}$,ISO-8859-1,Glucose: 297.7 mg/dL,6.6,39 7 * * *,7 4 * * *,98.0858,Sales,false,Q2 2022,Latin-1,Data Summit 2023,A = πr²,Hello {{name}},F,harper.smith,SOAP/XML,58 2 * * *,Competitor Skyline Partners launched CloudGuard,susan.taylor,BOOLEAN,{{date}} - {{event}},Expand APAC market,24acd48e64240b09c9e304de88a861e42b039e787c60ee97efc49c46f1d4c4cd,NO,2022-09-15 15:21:48,Workday,richard.garcia,CSV,amy.martin,false,false,RFC 3339,_ga=1220758571.3755990,NOT NULL,Competitor Meridian Health launched Sentinel Monitor,"automation, security",SG9481,status,63156080,update,5fc2e3610a97b3911f2a49f6d827b109c9d10fd47efc444f162669cb2e4f7d2d,Market-based,BSD-3-Clause,application/pdf
Exceeds expectations,HOLD-2024-999,Competitor TechCo Industries launched VaultKeeper,41,Figure 3: Distribution,77.798801,JST,null,'',-49.74%,"status IN ('active','pending')",Linux,Q4 2025: $48M projected,112 days,Snowflake,99.708% uptime,2025-03-11T11:34:20Z,jessica.wright,9304592590139,-8.5,2021-06-07 23:34:26,34420.2,Observation: backup schedule,1.16.48,NOT NULL,5499.9,type,"status IN ('active','pending')",SOAP/XML,0.19.98,PII encrypted at rest,indefinite,inactive,12018,99.345% uptime,BMI = kg/m²,2020-08-17T10:04:31Z,"$1,901,950",2025-11-07 14:01:59,upsert,https://example.com/users/e51166ac/profile,mary.anderson,"status IN ('active','pending')",36.91,192.58,Competitor Acme Corp launched Sentinel Monitor,608eff5e92f847bfb61bc7a543b4260237fadf48413e14beaba686f286f41132,+15496549727,Yesterday,3.15.30,BILL-583548,CNY,Observation: backup schedule,Neutral,_ga=0716962395.2380336,message Msg { string id = 1; },Meets expectations,7 days,[CONFIDENTIAL] Formula #948,voice_053a9b06d409c347.wav,2018-01-04 05:06:53,Figure 6: Overview,7 days,Step 3: Verify the system.,curated.orders -> reports,status IN 'prod',HOLD-2020-125,staging.orders -> exports,field_a -> target_col,[CONFIDENTIAL] Formula #283,[CONFIDENTIAL] Formula #261,^\d{3}-\d{2}-\d{4}$,ISO-8859-1,Cholesterol: 257.3 mg/dL,3.78,39 8 * * 1-5,"31 9 * * 0,6",95.2699,Marketing,false,Q2 2023,ISO-8859-1,Annual Expo 2021,A = πr²,Dear {{customer}},T,jessica.lee,REST/JSON,"4 20 * * 0,6",Competitor Quantum Dynamics launched SmartHub X1,elizabeth.wright,TEXT,Dear {{customer}},Launch SaaS tier,77a31df6f95c821d88ec1ad31d5f80fa6422e4bfc141f5e333be71e1e74ff926,YES,2019-05-14T16:47:00Z,Workday,robert.miller,XML,michael.harris,true,0,RFC 3339,_ga=2014857982.8815128,CHECK (val > 0),Competitor Catalyst Ventures launched Sentinel Monitor,"monitoring, integration, reporting, performance, cloud",YL6807,status,737391190964,snapshot,759d668222d0fb8940e92a488c308d8f4a73bdd14708abc2aa0d6489f764cc22,Penetration,Apache-2.0,text/html
Exceeds expectations,HOLD-2022-861,Competitor Acme Corp launched FlexPay Platform,23,Figure 1: Distribution,-50.976884,UTC,false,1,-31.88%,amount <= 10000,Windows,Q1 2025: $11M projected,226 days,PostgreSQL,99.205% uptime,2021-02-22T01:19:16Z,emma.johnson,5098615750701,25.1,2026-03-01 09:13:10,48370.7,Major finding: data retention,4.16.20,"status IN ('active','pending')",8253.6,name,age >= 18,GraphQL,5.18.19,PII encrypted at rest,30 days,pending,39898,99.831% uptime,F = ma,2024-06-23T18:40:03Z,"$9,627,744",2022-11-09T19:11:09Z,insert,https://example.com/users/ac64a6e2/profile,emma.jackson,amount <= 10000,74.51,946.23,Competitor Meridian Health launched SmartHub X1,5b276fea6e4c4f6feb5485877020da0055e8f2a3ed8337b76a3107ac4f2db426,959 651 6873,Bohemian Rhapsody,0.8.10,BILL-628842,CNY,Major finding: data retention,Negative,_ga=4400713425.4588297,message Msg { string id = 1; },Needs improvement,7 years,[CONFIDENTIAL] Formula #989,voice_f1771960df4ef3ce.wav,2026-08-24 16:34:16,Figure 6: Timeline,1 year,Step 4: Verify the service.,curated.users -> analytics,date > '2024',HOLD-2023-736,curated.events -> exports,input -> output,[CONFIDENTIAL] Formula #245,[CONFIDENTIAL] Formula #966,^[A-Z]{2}\d{6}$,ASCII,Hemoglobin: 130.5 mg/dL,6.62,"9 21 * * 0,6",41 6 * * *,95.0757,HR,true,Q3 2020,ASCII,Tech Summit 2022,E = mc²,Dear {{customer}},Q,mason.miller,OpenAPI 3.0,58 11 * * 1-5,Competitor Alpine Systems launched Sentinel Monitor,lucas.robinson,JSON,Order #{{id}},Expand APAC market,eb7f4d79c0da2f274e122df85d7ca4e6e323ff39a5e05f2826fca1f63d925370,NO,2024-01-21 02:06:13,Snowflake,elizabeth.taylor,CSV,ethan.brown,YES,'',IEEE 754,_ga=8108595603.4642439,CHECK (val > 0),Competitor Pacific Research Group launched SmartHub X1,"scalability, security",JT7572,name,708335901624,delete,cc19b76590a386a5a6e30e990c260c2260930262245c338a5edccf4375942a88,Premium,Proprietary,application/json
Meets expectations,HOLD-2024-649,Competitor Acme Corp launched DataSync 3000,92,Figure 4: Timeline,-37.75121,UTC,'',1,-14.33%,age >= 18,Linux,Q2 2027: $76M projected,57 days,Kafka,99.483% uptime,2024-01-16 08:42:24,jessica.wright,5097124997568,5.9,2018-02-06 06:11:25,22542.9,Non-conformance: access control,0.2.40,"status IN ('active','pending')",3766.2,email,amount <= 10000,REST/JSON,3.14.64,PII encrypted at rest,7 years,inactive,41070,99.52% uptime,A = πr²,2020-03-24 11:36:30,"$4,235,450",2025-09-11T05:40:32Z,insert,https://example.com/users/1e2104b4/profile,linda.rodriguez,"status IN ('active','pending')",63.17,740.64,Competitor DataCraft Inc launched NanoCore SDK,877797d9990f826226818b8db4e52cb1c9117845c1fcdb66fa8b72ea130c1de1,(507) 233-6574,Stairway to Heaven,4.7.66,BILL-803865,JPY,Observation: backup schedule,Negative,_ga=4454983900.1739374,"{""type"": ""object"", ""properties"": {}}",Exceeds expectations,30 days,[CONFIDENTIAL] Formula #594,voice_059398cb9c25c23d.wav,2022-01-16 10:19:21,Figure 3: Overview,indefinite,Step 1: Initialize the module.,curated.users -> exports,status = 'prod',HOLD-2024-639,raw.users -> exports,field_a -> field_b,[CONFIDENTIAL] Formula #754,[CONFIDENTIAL] Formula #478,"\b\d{1,3}\.\d{1,3}\.\d{1,3}\.\d{1,3}\b",UTF-16,Hemoglobin: 185.6 K/uL,6.44,"4 10 * * 0,6",14 22 * * *,99.4594,Finance,false,Q3 2020,ISO-8859-1,Annual Summit 2023,E = mc²,Hello {{name}},Z,sophia.brown,REST/JSON,52 4 * * 1-5,Competitor Acme Corp launched Sentinel Monitor,noah.young,INTEGER,{{date}} - {{event}},Launch SaaS tier,4df8dca98f93090d5a36a197866e6e0a586994669dee183db5340ca973690897,YES,2024-01-22 15:56:33,Snowflake,michael.robinson,XML,jessica.smith,YES,'',ISO 8601,_ga=2658929962.3009164,NOT NULL,Competitor Quantum Dynamics launched StreamLine ERP,"reporting, performance, data, compliance",IB4708,name,8520301271,snapshot,1b00394b9ae7c33fc81d8e62c7b49b0b28c9febfdba744909cd56f28a524044b,Penetration,BSD-3-Clause,application/pdf
Exceeds expectations,HOLD-2022-796,Competitor Skyline Partners launched SmartHub X1,49,Figure 7: Timeline,147.172832,EST,1,1,48.17%,age >= 18,Linux,Q2 2024: $96M projected,36 days,Snowflake,99.895% uptime,2018-12-03 05:19:56,richard.thompson,6672438099577,11.5,2026-02-18 08:31:07,41278.1,Non-conformance: access control,2.20.43,NOT NULL,633.3,status,NOT NULL,gRPC/protobuf,3.2.81,MFA required for admin,1 year,completed,60270,99.504% uptime,BMI = kg/m²,2019-08-04 20:17:04,"$825,409",2020-11-23T12:48:53Z,snapshot,https://example.com/users/6b83d292/profile,amy.jones,"status IN ('active','pending')",73.94,552.8,Competitor Meridian Health launched SmartHub X1,30c602f9aeafd3cde41f43f698ffea0d8a1b06fa0c39e3a5654a4b840f2e07ae,(334) 633-1457,Stairway to Heaven,2.11.91,BILL-929265,AUD,Non-conformance: access control,Negative,_ga=3917904579.1878537,CREATE TABLE t (id INT PRIMARY KEY),Exceeds expectations,7 years,[CONFIDENTIAL] Formula #422,voice_4bc90d68e11f7ed0.wav,2020-04-04 15:27:37,Figure 3: Timeline,indefinite,Step 5: Configure the pipeline.,curated.orders -> analytics,status IN '2024',HOLD-2021-296,staging.events -> analytics,source_col -> output,[CONFIDENTIAL] Formula #376,[CONFIDENTIAL] Formula #971,"\b\d{1,3}\.\d{1,3}\.\d{1,3}\.\d{1,3}\b",Latin-1,Cholesterol: 145.7 g/dL,7.43,0 17 * * 1-5,24 22 * * 1-5,99.4886,Finance,false,Q1 2020,Latin-1,Data Conference 2022,PV = nRT,Dear {{customer}},K,amy.martin,GraphQL,34 1 * * 1-5,Competitor Meridian Health launched AuditTrail Plus,liam.jones,JSON,{{date}} - {{event}},Launch SaaS tier,70df288e52e255b72e1714d7f92effcfded354986c4fd7221a1996a7132914f4,true,2024-09-26 14:38:23,Kafka,aiden.lewis,Parquet,sophia.king,NO,CURRENT_TIMESTAMP,IEEE 754,_ga=7266325939.5030223,MATCHES '^[A-Z]+',Competitor Alpine Systems launched StreamLine ERP,"performance, cloud, automation, data, security",SC6401,id,07943846,delete,0c3f2341d6889b3fb9d64e677939e9b5bd4e61ae1eaf7937d66ecfa4fecff4b9,Cost-plus 25%,GPL-3.0,application/pdf
Exceeds expectations,HOLD-2024-851,Competitor Skyline Partners launched Sentinel Monitor,120,Figure 16: Distribution,-58.127055,Europe/London,null,'',16.75%,NOT NULL,Windows,Q2 2024: $66M projected,46 days,SAP,99.307% uptime,2019-05-12T20:17:43Z,richard.garcia,3206685949853,7.0,2019-02-06T18:01:03Z,17282.6,Non-conformance: access control,0.0.21,NOT NULL,8271.6,type,age >= 18,SOAP/XML,4.6.82,MFA required for admin,indefinite,inactive,34306,99.792% uptime,E = mc²,2018-02-17T13:32:55Z,"$7,134,051",2022-08-20 14:57:21,insert,https://example.com/users/c1104419/profile,amy.robinson,age >= 18,94.15,542.23,Competitor Alpine Systems launched Widget Pro,7847efc1f6c54b5d6d5c9188b4c2ac6b882ae29a56aed28ced9bab9e76582466,(233) 957-6249,Yesterday,2.18.44,BILL-829880,GBP,Major finding: data retention,Negative,_ga=8826675143.3217872,message Msg { string id = 1; },Outstanding,1 year,[CONFIDENTIAL] Formula #605,voice_43a36612c2006e06.wav,2023-04-14 17:08:04,Figure 17: Overview,7 years,Step 4: Configure the pipeline.,raw.users -> analytics,type = 'active',HOLD-2021-218,curated.events -> reports,input -> target_col,[CONFIDENTIAL] Formula #470,[CONFIDENTIAL] Formula #664,"\b\d{1,3}\.\d{1,3}\.\d{1,3}\.\d{1,3}\b",UTF-8,WBC: 237.1 mg/dL,2.35,"57 2 * * 0,6","26 21 * * 0,6",99.4035,HR,false,Q1 2020,Latin-1,Global Forum 2025,PV = nRT,Order #{{id}},L,harper.martin,GraphQL,33 8 * * *,Competitor Alpine Systems launched Sentinel Monitor,david.jackson,INTEGER,Dear {{customer}},Launch SaaS tier,957a437637e4586584c876114fa5920e85c61bee6922d2e32061ad037190d76c,false,2019-12-21T05:04:47Z,PostgreSQL,david.johnson,XML,william.walker,NO,'',W3C Date,_ga=7413143932.1730811,NOT NULL,Competitor TechCo Industries launched Sentinel Monitor,"analytics, integration, reporting, data, security",ZT6728,created_at,4099826534,upsert,5d2f134ba88a78b50b1d04f3a5eb8c5ad6a915ce4545fc783d63c926e2b62fc6,Market-based,BSD-3-Clause,image/png
Exceeds expectations,HOLD-2021-193,Competitor Beacon Analytics launched StreamLine ERP,110,Figure 8: Timeline,102.190419,EST,'',null,-0.21%,NOT NULL,iOS,Q2 2027: $80M projected,81 days,SAP,99.844% uptime,2021-08-20T09:29:00Z,michael.thompson,3368160505544,-12.8,2020-12-15 02:51:14,14431.0,Major finding: data retention,1.18.83,"status IN ('active','pending')",6992.6,email,amount <= 10000,REST/JSON,3.6.1,Data retained for 7 years,indefinite,approved,17593,99.176% uptime,PV = nRT,2025-11-26 22:15:26,"$7,305,706",2019-06-05T03:22:16Z,snapshot,https://example.com/users/4ea160af/profile,david.martin,"status IN ('active','pending')",88.72,830.5,Competitor Acme Corp launched CloudGuard,15adc1f778f90bdff90ba1797072fcdfadadfbc77973455f1cf378394b1dd833,+17206121829,Imagine,3.1.58,BILL-664325,GBP,Major finding: data retention,Neutral,_ga=0806441420.9405913,"{""type"": ""object"", ""properties"": {}}",Exceeds expectations,7 days,[CONFIDENTIAL] Formula #588,voice_e01d1e9a1fe70f3a.wav,2021-09-09 20:56:47,Figure 11: Overview,7 days,Step 1: Initialize the pipeline.,raw.events -> reports,type IN 'active',HOLD-2021-359,curated.events -> reports,source_col -> target_col,[CONFIDENTIAL] Formula #214,[CONFIDENTIAL] Formula #917,^\d{3}-\d{2}-\d{4}$,UTF-16,WBC: 180.6 K/uL,2.14,14 13 * * *,11 7 * * 1-5,97.5205,Support,true,Q2 2020,ASCII,Global Expo 2020,A = πr²,Order #{{id}},N,robert.jones,REST/JSON,"13 15 * * 0,6",Competitor Pacific Research Group launched AuditTrail Plus,harper.walker,TIMESTAMP,Order #{{id}},Launch SaaS tier,1f60174f01620b677f1e9307debcd4141ea6248484583f74ead61b176a9d2af3,true,2024-09-19 00:11:02,PostgreSQL,michael.king,JSON,william.young,false,'',W3C Date,_ga=6881413060.1189448,CHECK (val > 0),Competitor Pioneer Software launched AuditTrail Plus,"security, automation",ID2296,id,85954834,insert,ed8bab61c5be2748312bd918b64a95e58b5162aca71c3f714b3506c44ed0e039,Cost-plus 25%,GPL-3.0,image/png
Meets expectations,HOLD-2022-775,Competitor TechCo Industries launched StreamLine ERP,117,Figure 11: Overview,-153.723999,JST,0,null,-28.16%,amount <= 10000,Chrome OS,Q3 2025: $6M projected,190 days,PostgreSQL,99.728% uptime,2019-08-18 05:26:32,linda.king,2482432075108,-28.2,2022-06-09T07:45:24Z,12037.8,Observation: backup schedule,1.8.6,amount <= 10000,2091.3,email,amount <= 10000,REST/JSON,2.4.32,PII encrypted at rest,30 days,rejected,6001,99.548% uptime,A = πr²,2024-12-17T23:37:59Z,"$3,568,470",2023-12-23 21:45:41,upsert,https://example.com/users/5d00f786/profile,james.white,NOT NULL,87.52,671.71,Competitor Acme Corp launched CloudGuard,55debcb4e2bc6f2e1f728d524c8d3a0e0adc9758d98cf92b1417d01ac8cffdc1,925-276-2031,Stairway to Heaven,2.3.27,BILL-238068,JPY,Observation: backup schedule,Neutral,_ga=6535657164.3964210,"{""type"": ""object"", ""properties"": {}}",Needs improvement,1 year,[CONFIDENTIAL] Formula #316,voice_a385f34df0cb125f.wav,2021-01-22 16:26:39,Figure 4: Comparison,7 days,Step 5: Monitor the module.,raw.orders -> reports,date > '2024',HOLD-2025-759,raw.events -> analytics,input -> field_b,[CONFIDENTIAL] Formula #789,[CONFIDENTIAL] Formula #800,"\b\d{1,3}\.\d{1,3}\.\d{1,3}\.\d{1,3}\b",ASCII,WBC: 184.4 g/dL,4.95,25 8 * * 1-5,40 6 * * 1-5,97.1041,Finance,false,Q3 2025,ISO-8859-1,Tech Conference 2026,F = ma,{{date}} - {{event}},B,emily.rodriguez,GraphQL,30 11 * * *,Competitor DataCraft Inc launched StreamLine ERP,emma.johnson,TIMESTAMP,{{date}} - {{event}},Expand APAC market,6278baf71f70968ec60862ec10b48982ad59854dfe620c7e6329f66c3b169324,false,2025-03-04T17:00:08Z,Kafka,sarah.harris,JSON,jennifer.lee,YES,CURRENT_TIMESTAMP,IEEE 754,_ga=9574621020.7287129,BETWEEN 1 AND 100,Competitor Meridian Health launched AuditTrail Plus,"integration, reporting",BW9160,type,8322611259,delete,112336145b5ab163eb082fbd85ab585578cda8cfce359eb8350c388ba2751688,Cost-plus 25%,Apache-2.0,text/html
Outstanding,HOLD-2025-798,Competitor Catalyst Ventures launched CloudGuard,53,Figure 18: Comparison,-102.960482,JST,1,false,-24.82%,NOT NULL,Chrome OS,Q3 2025: $83M projected,156 days,Kafka,99.855% uptime,2025-02-19T02:09:57Z,william.garcia,5149252261505,2.3,2019-04-16 00:05:48,41748.8,Major finding: data retention,2.17.20,NOT NULL,7478.4,amount,amount <= 10000,GraphQL,1.10.19,PII encrypted at rest,30 days,approved,87192,99.309% uptime,E = mc²,2022-02-14T19:36:34Z,"$8,958,660",2018-11-24 17:23:06,update,https://example.com/users/192fb603/profile,michael.thomas,"status IN ('active','pending')",68.21,475.44,Competitor Alpine Systems launched DataSync 3000,72d6602f50dc8292cd79f397cce68cee8c347681c3f66ba5d922ab3913c1191a,(428) 270-4677,Stairway to Heaven,4.3.24,BILL-175814,USD,Major finding: data retention,Mixed,_ga=3291899422.7564826,message Msg { string id = 1; },Needs improvement,30 days,[CONFIDENTIAL] Formula #949,voice_229dddc996fe9be6.wav,2024-01-13T02:39:02Z,Figure 6: Distribution,7 days,Step 1: Verify the pipeline.,curated.users -> reports,date IN 'active',HOLD-2024-746,curated.orders -> analytics,source_col -> target_col,[CONFIDENTIAL] Formula #859,[CONFIDENTIAL] Formula #241,^\d{3}-\d{2}-\d{4}$,Latin-1,Cholesterol: 71.5 K/uL,8.78,12 23 * * 1-5,"50 16 * * 0,6",98.2582,HR,false,Q2 2022,UTF-16,Tech Forum 2026,E = mc²,Hello {{name}},L,aiden.johnson,REST/JSON,36 8 * * 1-5,Competitor Quantum Dynamics launched SmartHub X1,mary.harris,TIMESTAMP,{{date}} - {{event}},Launch SaaS tier,af2145c78389e8ad1427c03c6b1efc5f6711b6a94d72c834c014cfeae1566998,true,2019-02-02 13:00:46,Snowflake,olivia.brown,JSON,robert.williams,YES,false,RFC 3339,_ga=4159288366.3243268,CHECK (val > 0),Competitor Global Solutions launched Widget Pro,"data, integration",ZX7397,created_at,2460811322,upsert,822ce00de135d7f20fe729c06fb266ac764360cd2f3bdb79af737035d82ab276,Cost-plus 25%,GPL-3.0,text/csv
Exceeds expectations,HOLD-2026-285,Competitor DataCraft Inc launched AuditTrail Plus,55,Figure 18: Comparison,96.1046,CET,CURRENT_TIMESTAMP,'',-31.36%,amount <= 10000,Linux,Q2 2027: $41M projected,177 days,PostgreSQL,99.709% uptime,2019-02-14 12:18:03,emma.martin,5126895169507,47.3,2022-02-27 22:31:04,12395.3,Major finding: data retention,0.9.90,age >= 18,1011.1,status,amount <= 10000,GraphQL,0.16.22,MFA required for admin,7 years,cancelled,69789,99.343% uptime,BMI = kg/m²,2024-02-03T22:10:29Z,"$3,568,279",2019-07-27 16:54:18,snapshot,https://example.com/users/1d179345/profile,michael.young,"status IN ('active','pending')",92.88,262.0,Competitor DataCraft Inc launched Widget Pro,3f1519fbfda485531f252ff79ac9395b81b15cd46990dd5efcbeb3d4051e3c97,(206) 353-4256,Yesterday,1.20.31,BILL-149807,CNY,Major finding: data retention,Mixed,_ga=7047360758.4334717,"{""type"": ""object"", ""properties"": {}}",Outstanding,1 year,[CONFIDENTIAL] Formula #850,voice_b2cf4a31633b4f27.wav,2020-09-23 20:19:02,Figure 18: Distribution,7 years,Step 2: Verify the service.,raw.users -> analytics,date IN '2024',HOLD-2026-422,staging.users -> reports,field_a -> target_col,[CONFIDENTIAL] Formula #713,[CONFIDENTIAL] Formula #356,^\d{3}-\d{2}-\d{4}$,ISO-8859-1,WBC: 259.5 g/dL,8.06,41 12 * * *,"31 22 * * 0,6",99.8345,Sales,true,Q3 2024,Latin-1,Global Conference 2026,E = mc²,Hello {{name}},J,richard.lewis,gRPC/protobuf,"42 19 * * 0,6",Competitor Meridian Health launched Widget Pro,elizabeth.robinson,VARCHAR,Dear {{customer}},Expand APAC market,e55c83f9669fffc580fe7fbe11aa69f6becaa17b8dc7ab20ad291bc1a4e6fec1,false,2025-10-24T16:02:58Z,Workday,patricia.robinson,CSV,patricia.moore,true,1,ISO 8601,_ga=1188961992.9133763,MATCHES '^[A-Z]+',Competitor Acme Corp launched AuditTrail Plus,"data, monitoring",VZ8634,id,12359953,insert,7baf5701a120bfa74d92920b7d1e0c0b37a641626795c82aa085b578125cbe3b,Cost-plus 25%,CC BY 4.0,text/csv
Outstanding,HOLD-2022-118,Competitor Catalyst Ventures launched FlexPay Platform,28,Figure 15: Distribution,66.089673,CET,null,CURRENT_TIMESTAMP,-31.19%,NOT NULL,iOS,Q2 2025: $92M projected,206 days,PostgreSQL,99.327% uptime,2019-02-17 03:55:45,emily.walker,5827763694142,23.4,2026-11-16T02:23:38Z,41723.2,Non-conformance: access control,2.14.92,NOT NULL,9306.7,type,"status IN ('active','pending')",SOAP/XML,4.11.79,PII encrypted at rest,1 year,approved,77504,99.058% uptime,A = πr²,2025-11-10T22:23:48Z,"$8,329,204",2021-10-02T14:27:35Z,upsert,https://example.com/users/680e4d13/profile,elizabeth.wright,NOT NULL,15.32,84.25,Competitor DataCraft Inc launched DataSync 3000,aa0ad0aad20a23085af2a948d5bb13dbb6d5197d84e8698a6f1780352929f7c8,+15666321458,Imagine,2.4.84,BILL-532650,AUD,Observation: backup schedule,Mixed,_ga=8613503121.5753240,CREATE TABLE t (id INT PRIMARY KEY),Meets expectations,7 days,[CONFIDENTIAL] Formula #574,voice_5f188e58adbb84b8.wav,2025-07-15 02:03:26,Figure 5: Distribution,7 days,Step 4: Initialize the service.,staging.events -> reports,type > '2024',HOLD-2025-123,raw.users -> exports,source_col -> target_col,[CONFIDENTIAL] Formula #196,[CONFIDENTIAL] Formula #152,^[A-Z]{2}\d{6}$,UTF-8,Cholesterol: 169.1 K/uL,9.03,"49 21 * * 0,6",17 18 * * 1-5,95.9283,Legal,false,Q1 2024,ISO-8859-1,Annual Expo 2023,A = πr²,{{date}} - {{event}},S,oliver.thompson,GraphQL,14 7 * * *,Competitor Beacon Analytics launched Sentinel Monitor,emma.lee,BOOLEAN,{{date}} - {{event}},IPO readiness,437cd7634dbc3eaa9de0ea028a7e208f7c885417ab97cf05e2320508062a68a4,YES,2024-05-26T23:16:54Z,PostgreSQL,david.clark,XML,linda.rodriguez,NO,1,RFC 3339,_ga=3179746267.5866930,BETWEEN 1 AND 100,Competitor Quantum Dynamics launched StreamLine ERP,"security, reporting, automation, cloud, performance",KR1850,amount,26634759,insert,195f47a95eaac77dad2888d9f93fe90e4a31549f9d8c3c241e7938d5c20b6b81,Premium,Proprietary,text/html
Outstanding,HOLD-2024-536,Competitor Global Solutions launched DataSync 3000,99,Figure 11: Overview,58.089682,CET,null,null,-36.27%,amount <= 10000,iOS,Q3 2024: $80M projected,209 days,Snowflake,99.496% uptime,2024-03-03T22:44:57Z,aiden.garcia,9743069226265,-31.9,2022-01-10 11:40:10,16717.9,Non-conformance: access control,3.7.94,NOT NULL,7654.8,amount,NOT NULL,GraphQL,0.4.26,Data retained for 7 years,indefinite,rejected,19357,99.579% uptime,BMI = kg/m²,2024-10-28T17:30:50Z,"$1,011,852",2022-07-18T15:43:22Z,snapshot,https://example.com/users/035560e8/profile,logan.garcia,amount <= 10000,48.57,597.94,Competitor Global Solutions launched VaultKeeper,da9c41a7f3987dd08cca14994d1897bbbc5ad27c20779258f9f3247fd8ed2214,(493) 809-6950,Hotel California,5.0.28,BILL-646662,GBP,Major finding: data retention,Mixed,_ga=8794818172.2694466,CREATE TABLE t (id INT PRIMARY KEY),Exceeds expectations,1 year,[CONFIDENTIAL] Formula #254,voice_9b5563bdfac803a3.wav,2023-03-02T19:49:33Z,Figure 6: Distribution,1 year,Step 5: Initialize the system.,staging.users -> analytics,type IN 'active',HOLD-2020-159,staging.orders -> reports,input -> target_col,[CONFIDENTIAL] Formula #671,[CONFIDENTIAL] Formula #195,^\d{3}-\d{2}-\d{4}$,UTF-16,Glucose: 88.7 K/uL,4.86,53 21 * * *,4 6 * * 1-5,98.5154,Support,false,Q4 2022,ISO-8859-1,Tech Conference 2022,BMI = kg/m²,Order #{{id}},N,susan.anderson,gRPC/protobuf,"15 22 * * 0,6",Competitor Quantum Dynamics launched FlexPay Platform,aiden.lee,INTEGER,Hello {{name}},Acquire competitor,fa8d569f8d6ab867fa2340f8051d4456dedd1dcb82593f954b0fdd48d3c2f553,true,2025-03-22 22:02:41,SAP,jennifer.jones,CSV,david.johnson,false,false,POSIX,_ga=3203804047.1720028,NOT NULL,Competitor Meridian Health launched CloudGuard,"scalability, reporting, compliance, integration, analytics",XN5667,created_at,99471723,snapshot,b9d8ac7954e0924bc3fe6ca5ef921ab863fc60aa1c7df554b1574df4a897f418,Premium,GPL-3.0,text/html
Needs improvement,HOLD-2024-261,Competitor Alpine Systems launched Widget Pro,76,Figure 7: Overview,32.31905,JST,0,0,10.84%,NOT NULL,Windows,Q1 2026: $82M projected,211 days,Kafka,99.025% uptime,2023-11-13T02:11:25Z,aiden.thompson,6567941573130,40.3,2019-09-26T06:28:30Z,28186.3,Observation: backup schedule,1.2.85,age >= 18,1162.6,email,"status IN ('active','pending')",GraphQL,3.15.35,PII encrypted at rest,7 years,approved,85945,99.571% uptime,E = mc²,2018-09-09T19:16:57Z,"$3,651,401",2022-09-27T15:41:43Z,insert,https://example.com/users/9bbf039f/profile,linda.anderson,NOT NULL,52.83,696.79,Competitor Pioneer Software launched StreamLine ERP,578afd18c32648672cfb7d7403916c4796e926efb0b53691dbf2b209932a36ae,(752) 959-5532,Imagine,2.9.40,BILL-648297,INR,Non-conformance: access control,Negative,_ga=2271544789.1329023,message Msg { string id = 1; },Needs improvement,1 year,[CONFIDENTIAL] Formula #401,voice_0ab10b23ec023bcc.wav,2019-01-22T11:02:23Z,Figure 14: Overview,30 days,Step 5: Configure the module.,raw.orders -> exports,status IN '2024',HOLD-2024-656,curated.orders -> exports,input -> field_b,[CONFIDENTIAL] Formula #980,[CONFIDENTIAL] Formula #439,^\d{3}-\d{2}-\d{4}$,UTF-16,WBC: 237.8 g/dL,2.1,"49 20 * * 0,6","52 6 * * 0,6",95.9513,Sales,true,Q3 2023,UTF-8,Annual Summit 2020,A = πr²,Order #{{id}},M,mary.johnson,GraphQL,16 23 * * 1-5,Competitor Quantum Dynamics launched DataSync 3000,amy.jackson,TIMESTAMP,Order #{{id}},IPO readiness,6ef2bd375a73b7796b361af7d71a09b75c7f36cf31670bcbc55d9abb8cf4f358,YES,2023-12-14 02:32:13,Salesforce,mason.jackson,YAML,susan.martinez,YES,1,RFC 3339,_ga=3597748488.4469870,UNIQUE,Competitor Acme Corp launched StreamLine ERP,"scalability, cloud, integration, monitoring",OB3568,status,8887703996,snapshot,140e942fb1ad217f6e74eba534caf0368d493be7a79ce49c920c44a412e8eded,Penetration,GPL-3.0,application/pdf
Meets expectations,HOLD-2026-492,Competitor Quantum Dynamics launched Widget Pro,67,Figure 9: Distribution,160.327191,America/New_York,null,0,-2.63%,"status IN ('active','pending')",Linux,Q1 2025: $72M projected,200 days,Snowflake,99.468% uptime,2018-04-06 20:09:48,logan.brown,3729213085707,-20.4,2021-09-06 06:47:49,25461.6,Major finding: data retention,5.15.47,amount <= 10000,4261.6,id,NOT NULL,GraphQL,2.5.48,Data retained for 7 years,indefinite,active,40305,99.326% uptime,E = mc²,2019-02-13T17:06:42Z,"$8,408,033",2024-10-14T09:12:29Z,upsert,https://example.com/users/ac1da4a6/profile,noah.robinson,age >= 18,8.95,454.85,Competitor TechCo Industries launched Sentinel Monitor,7ae0f9ea651354e14cc4cb89f34c8b9d31808433230910e9d04763fe790cbb69,+14219422445,Yesterday,4.16.48,BILL-404723,JPY,Observation: backup schedule,Positive,_ga=2790267852.8700046,"{""type"": ""object"", ""properties"": {}}",Exceeds expectations,7 years,[CONFIDENTIAL] Formula #663,voice_cc887ce8a0fe11be.wav,2022-01-18T13:01:13Z,Figure 15: Overview,7 days,Step 4: Deploy the system.,staging.orders -> reports,status = '2024',HOLD-2023-315,staging.orders -> exports,input -> target_col,[CONFIDENTIAL] Formula #653,[CONFIDENTIAL] Formula #412,^\d{3}-\d{2}-\d{4}$,ASCII,WBC: 267.4 g/dL,2.31,"12 7 * * 0,6",28 5 * * *,98.0063,Sales,false,Q4 2023,UTF-8,Annual Forum 2024,A = πr²,Order #{{id}},O,sarah.smith,REST/JSON,35 10 * * 1-5,Competitor Vertex Technologies launched StreamLine ERP,james.thomas,JSON,Order #{{id}},IPO readiness,53d8ef6c3610c497b1dfd105cb3265c11f2e92115e2dcdac5e05ac9941ba6246,NO,2023-11-09T11:57:05Z,Kafka,emily.white,Avro,jennifer.king,false,false,RFC 3339,_ga=8901292169.1256967,NOT NULL,Competitor Alpine Systems launched SmartHub X1,"cloud, compliance, monitoring, analytics",BT5023,amount,61126363,snapshot,478fddb01adc0c59630e58b00e6494b218ca85018e85abe18e11a002b36228b7,Cost-plus 25%,GPL-3.0,text/csv
Needs improvement,HOLD-2023-243,Competitor Catalyst Ventures launched SmartHub X1,40,Figure 15: Overview,-93.707244,JST,'',1,43.51%,"status IN ('active','pending')",macOS,Q4 2027: $57M projected,191 days,Workday,99.177% uptime,2025-09-10 13:28:05,ethan.martinez,5343957597253,40.2,2022-02-27 13:54:49,38809.5,Non-conformance: access control,0.20.34,"status IN ('active','pending')",7172.7,id,NOT NULL,GraphQL,5.19.41,PII encrypted at rest,1 year,inactive,80988,99.993% uptime,PV = nRT,2022-06-03T01:37:23Z,"$328,096",2020-01-18 12:57:36,update,https://example.com/users/447ff791/profile,william.clark,NOT NULL,5.6,418.47,Competitor Acme Corp launched Widget Pro,69ac32161f695ebc3666e4edea7d1d87bd5190ac192169da0d242390c5942df3,+16807242411,Bohemian Rhapsody,0.18.12,BILL-429549,JPY,Observation: backup schedule,Positive,_ga=1443649253.7115315,message Msg { string id = 1; },Needs improvement,indefinite,[CONFIDENTIAL] Formula #227,voice_453e76a528c12ff0.wav,2019-06-09T01:10:59Z,Figure 6: Distribution,indefinite,Step 4: Monitor the module.,raw.events -> reports,date IN '2024',HOLD-2023-335,curated.orders -> analytics,input -> output,[CONFIDENTIAL] Formula #232,[CONFIDENTIAL] Formula #488,[a-zA-Z0-9._%+-]+@[a-zA-Z0-9.-]+,Latin-1,Glucose: 248.8 K/uL,1.19,18 11 * * *,8 1 * * 1-5,96.2698,Sales,false,Q4 2022,UTF-8,Annual Expo 2024,F = ma,Dear {{customer}},L,harper.robinson,REST/JSON,"21 5 * * 0,6",Competitor Beacon Analytics launched FlexPay Platform,susan.king,TIMESTAMP,Order #{{id}},IPO readiness,9647c68ede11af038043be6e5e4e7240a35d8a2fbd23e12541e599b9fdd7da31,NO,2023-07-12T08:50:10Z,SAP,sophia.clark,Parquet,sophia.smith,false,null,RFC 3339,_ga=0807905581.6979068,MATCHES '^[A-Z]+',Competitor Pacific Research Group launched FlexPay Platform,"data, compliance, analytics, performance, security",TH2937,name,598221066646,upsert,c1d94f98d8cbb692bf03f6be7fc4984f6b5b20e9ab2c11973c86c63cbb85162b,Penetration,GPL-3.0,image/png
Outstanding,HOLD-2026-585,Competitor Alpine Systems launched NanoCore SDK,56,Figure 7: Distribution,-11.793405,Europe/London,null,0,-36.34%,age >= 18,Windows,Q3 2024: $45M projected,156 days,Salesforce,99.229% uptime,2026-03-26T13:00:18Z,robert.garcia,4902486815186,8.0,2018-09-01T01:57:30Z,25563.7,Non-conformance: access control,0.20.73,amount <= 10000,2175.7,status,amount <= 10000,OpenAPI 3.0,0.14.74,Data retained for 7 years,indefinite,rejected,94700,99.398% uptime,BMI = kg/m²,2018-08-23T03:32:44Z,"$5,914,587",2021-06-09 18:36:09,delete,https://example.com/users/3c2947c2/profile,amy.davis,age >= 18,70.25,632.23,Competitor Vertex Technologies launched FlexPay Platform,43ee07a0687bde3e84dee33bcc4dcfd6fd500e92df9a4b4d3295e72f9043fbde,(947) 483-1283,Bohemian Rhapsody,5.6.37,BILL-983415,BRL,Observation: backup schedule,Positive,_ga=1971105371.1384429,"{""type"": ""object"", ""properties"": {}}",Needs improvement,1 year,[CONFIDENTIAL] Formula #580,voice_7e6f379fa5dc66e3.wav,2024-01-02T18:12:32Z,Figure 6: Distribution,indefinite,Step 2: Monitor the system.,staging.events -> exports,status != 'active',HOLD-2022-547,curated.events -> analytics,field_a -> target_col,[CONFIDENTIAL] Formula #189,[CONFIDENTIAL] Formula #690,[a-zA-Z0-9._%+-]+@[a-zA-Z0-9.-]+,UTF-8,Hemoglobin: 124.7 K/uL,4.13,56 17 * * 1-5,41 9 * * *,97.5773,Marketing,false,Q3 2020,ASCII,Annual Summit 2024,PV = nRT,Dear {{customer}},O,linda.martinez,gRPC/protobuf,"30 9 * * 0,6",Competitor Quantum Dynamics launched AuditTrail Plus,oliver.davis,JSON,Order #{{id}},Launch SaaS tier,b6da9f27a8038c0de68ad80eb9b3c330549cac2038a619a33e5517251e837b03,YES,2024-02-10 00:44:22,Snowflake,harper.wright,JSON,emma.walker,NO,null,RFC 3339,_ga=7497016049.2878731,MATCHES '^[A-Z]+',Competitor Catalyst Ventures launched DataSync 3000,"automation, compliance",MK9172,id,256885167460,upsert,031e68bcbf59f8a52d922c685df1672c5d6509d3d43534964be87503de232cb0,Penetration,Apache-2.0,application/pdf
Meets expectations,HOLD-2026-687,Competitor Alpine Systems launched NanoCore SDK,20,Figure 10: Comparison,148.46982,America/New_York,null,1,-44.05%,age >= 18,Linux,Q3 2026: $30M projected,83 days,Snowflake,99.776% uptime,2020-02-14 18:10:24,william.williams,9278748985157,19.9,2023-10-05 07:59:18,29931.2,Non-conformance: access control,1.12.7,age >= 18,3407.5,email,age >= 18,GraphQL,5.3.12,PII encrypted at rest,7 years,approved,2233,99.555% uptime,F = ma,2024-11-07 08:10:06,"$9,966,007",2021-03-15 01:36:23,update,https://example.com/users/162f089e/profile,william.anderson,NOT NULL,60.7,78.19,Competitor Meridian Health launched Sentinel Monitor,c963843a3cc8d70e30adfac277f49dbe925e5c356554550057073fe51f3cd809,503-958-6786,Hotel California,5.6.59,BILL-829059,JPY,Non-conformance: access control,Negative,_ga=0229376057.3621339,message Msg { string id = 1; },Outstanding,indefinite,[CONFIDENTIAL] Formula #201,voice_4230fe070617ffd8.wav,2025-06-16 17:15:00,Figure 9: Distribution,indefinite,Step 5: Initialize the service.,raw.orders -> analytics,date = 'active',HOLD-2023-881,curated.orders -> analytics,input -> field_b,[CONFIDENTIAL] Formula #505,[CONFIDENTIAL] Formula #337,^[A-Z]{2}\d{6}$,Latin-1,Hemoglobin: 102.1 K/uL,6.82,49 22 * * 1-5,37 2 * * *,98.4762,Engineering,false,Q2 2026,ASCII,Data Conference 2026,PV = nRT,Order #{{id}},O,richard.white,SOAP/XML,2 3 * * 1-5,Competitor Global Solutions launched DataSync 3000,emma.robinson,TIMESTAMP,{{date}} - {{event}},Expand APAC market,ab2977a9b239764edea4149e06c315355c5f7ce97369deaa5c337b445b169668,YES,2024-08-18T02:16:11Z,Salesforce,emma.jackson,CSV,david.white,YES,false,POSIX,_ga=6271725277.8975883,NOT NULL,Competitor Global Solutions launched Widget Pro,"automation, integration, monitoring, analytics, security",LH412,amount,018556283542,insert,747601379951af957f466e562bc00db5c19e5e95ffdb5f48be7bdbfc298d8eed,Value pricing,CC BY 4.0,application/pdf
Needs improvement,HOLD-2021-984,Competitor Pacific Research Group launched Widget Pro,69,Figure 6: Timeline,-161.552588,EST,0,CURRENT_TIMESTAMP,-45.57%,age >= 18,iOS,Q3 2024: $20M projected,239 days,SAP,99.516% uptime,2025-04-20T08:05:12Z,aiden.harris,7071267124797,-25.3,2018-06-03T18:48:50Z,3099.7,Non-conformance: access control,3.10.10,NOT NULL,3830.5,status,NOT NULL,REST/JSON,1.11.2,Data retained for 7 years,1 year,pending,71807,99.243% uptime,F = ma,2024-04-04 04:46:54,"$8,815,752",2024-03-04 11:38:07,snapshot,https://example.com/users/c3a0ad36/profile,sarah.lee,NOT NULL,74.86,340.45,Competitor Alpine Systems launched DataSync 3000,8afb68ae4f97a448ef505db2dd02f4be5ca847317e741646b184dc48c2d2e010,953 370 7084,Imagine,4.0.93,BILL-441576,USD,Observation: backup schedule,Positive,_ga=5372690031.8354539,"{""type"": ""object"", ""properties"": {}}",Meets expectations,1 year,[CONFIDENTIAL] Formula #580,voice_c34b081d17675e38.wav,2018-05-10 08:17:45,Figure 6: Distribution,7 days,Step 4: Monitor the module.,raw.events -> analytics,date > 'prod',HOLD-2026-875,raw.users -> reports,field_a -> target_col,[CONFIDENTIAL] Formula #854,[CONFIDENTIAL] Formula #998,^[A-Z]{2}\d{6}$,UTF-8,WBC: 168.5 K/uL,6.78,29 19 * * *,"53 15 * * 0,6",95.127,Legal,true,Q1 2020,ISO-8859-1,Data Expo 2023,E = mc²,Hello {{name}},Z,james.robinson,GraphQL,"50 19 * * 0,6",Competitor Meridian Health launched VaultKeeper,noah.young,JSON,{{date}} - {{event}},Expand APAC market,53761d5e5f655a63537186ee359afa3f9b976107981d514c112439a29f8993d2,false,2026-03-27 20:17:13,Kafka,harper.lee,XML,john.white,true,false,ISO 8601,_ga=4478991073.7766612,UNIQUE,Competitor TechCo Industries launched SmartHub X1,"security, cloud",BD1323,email,4619971127,delete,b57e9ff84d5fbd4ffc36d883afa31ce15374e3b0d66485c92ba8c0c6bc323d4c,Penetration,Proprietary,text/csv
Meets expectations,HOLD-2026-501,Competitor Pacific Research Group launched AuditTrail Plus,56,Figure 14: Overview,162.628948,CET,false,false,46.74%,NOT NULL,Linux,Q3 2025: $76M projected,12 days,PostgreSQL,99.397% uptime,2023-07-24 15:43:10,robert.harris,7455945856169,44.6,2024-04-25T09:55:51Z,9994.3,Observation: backup schedule,2.6.98,NOT NULL,3632.3,id,age >= 18,OpenAPI 3.0,5.2.15,Data retained for 7 years,7 years,inactive,29377,99.113% uptime,A = πr²,2022-05-19T10:06:10Z,"$3,027,109",2021-01-28 10:24:21,upsert,https://example.com/users/bb6f295a/profile,david.davis,age >= 18,94.09,369.75,Competitor Vertex Technologies launched Sentinel Monitor,a29aa18224d27346364cc51407909f98de6dca8b1b4659f87ff76cdda980ca6e,+12726292207,Hotel California,0.10.95,BILL-924295,EUR,Major finding: data retention,Negative,_ga=3122651492.8746741,"{""type"": ""object"", ""properties"": {}}",Needs improvement,7 days,[CONFIDENTIAL] Formula #982,voice_2425c7192a91addc.wav,2018-09-08 01:25:48,Figure 2: Overview,7 years,Step 3: Monitor the pipeline.,raw.users -> exports,date != 'prod',HOLD-2024-279,raw.events -> reports,input -> field_b,[CONFIDENTIAL] Formula #981,[CONFIDENTIAL] Formula #458,"\b\d{1,3}\.\d{1,3}\.\d{1,3}\.\d{1,3}\b",Latin-1,Hemoglobin: 228.2 mg/dL,4.19,24 3 * * *,"34 6 * * 0,6",95.0887,Sales,false,Q3 2020,ASCII,Tech Forum 2020,F = ma,Dear {{customer}},L,mason.walker,SOAP/XML,6 16 * * *,Competitor Pioneer Software launched Sentinel Monitor,noah.moore,BOOLEAN,Order #{{id}},Expand APAC market,14ecbe22d27c0050c274e88fe330ae9112717462eb84792393b45b6c5eaa3e4a,true,2023-01-23T07:35:06Z,Salesforce,lucas.davis,XML,mason.martinez,true,0,ISO 8601,_ga=0850090149.8702648,UNIQUE,Competitor Pioneer Software launched CloudGuard,"automation, security, cloud, performance",SZ847,email,656938363209,delete,8347f14bfc8073a38375c9b3c855a55a96917b1a04c1ebb1fae5d22187578c1e,Premium,CC BY 4.0,image/png
Meets expectations,HOLD-2025-410,Competitor Acme Corp launched Widget Pro,7,Figure 15: Overview,-45.949661,UTC,'',CURRENT_TIMESTAMP,38.28%,NOT NULL,Windows,Q1 2027: $19M projected,260 days,Snowflake,99.111% uptime,2026-04-22T04:28:40Z,sarah.wright,7593470622386,44.4,2024-09-06 03:42:22,33237.9,Observation: backup schedule,1.7.64,"status IN ('active','pending')",6184.4,email,amount <= 10000,OpenAPI 3.0,0.17.86,PII encrypted at rest,30 days,rejected,94111,99.524% uptime,F = ma,2024-07-08T10:48:21Z,"$2,578,310",2026-08-28T09:04:42Z,delete,https://example.com/users/2c367b27/profile,jessica.taylor,NOT NULL,61.48,995.56,Competitor TechCo Industries launched Widget Pro,243fb0661b4ecc069430e4521c327a187726639a13deddd6f67e064bb82852f4,(585) 516-9205,Yesterday,5.11.97,BILL-363079,CNY,Observation: backup schedule,Positive,_ga=5442487833.4063099,message Msg { string id = 1; },Exceeds expectations,7 days,[CONFIDENTIAL] Formula #609,voice_e2722b50246a7184.wav,2022-12-01T16:24:47Z,Figure 17: Comparison,1 year,Step 2: Initialize the service.,curated.orders -> analytics,date = 'prod',HOLD-2024-284,curated.orders -> reports,input -> output,[CONFIDENTIAL] Formula #999,[CONFIDENTIAL] Formula #114,^\d{3}-\d{2}-\d{4}$,Latin-1,Hemoglobin: 76.5 g/dL,9.08,"11 0 * * 0,6",26 17 * * 1-5,98.8303,HR,false,Q3 2026,ISO-8859-1,Data Expo 2023,PV = nRT,Dear {{customer}},V,emily.taylor,gRPC/protobuf,"59 0 * * 0,6",Competitor Catalyst Ventures launched StreamLine ERP,richard.white,JSON,{{date}} - {{event}},IPO readiness,87fdc9b12b33451d833045d46a42bb4c66968cadfe0193147d7d9c5b1af84136,NO,2024-11-08T15:54:21Z,Snowflake,noah.king,Avro,logan.wright,false,CURRENT_TIMESTAMP,RFC 3339,_ga=0393345738.8265149,BETWEEN 1 AND 100,Competitor DataCraft Inc launched StreamLine ERP,"analytics, scalability",TP334,name,285253133850,upsert,cfbbb0882b85bd05074d1c51b0fe1f88d7890ee2aa826a54baecb3298e31d103,Premium,BSD-3-Clause,application/json
Needs improvement,HOLD-2023-426,Competitor Global Solutions launched Sentinel Monitor,40,Figure 13: Timeline,-120.65552,America/New_York,1,CURRENT_TIMESTAMP,42.45%,"status IN ('active','pending')",Windows,Q3 2026: $6M projected,135 days,Kafka,99.899% uptime,2020-10-10T18:27:53Z,linda.young,8507912338355,-20.7,2023-03-23 02:19:29,27434.8,Observation: backup schedule,2.7.71,amount <= 10000,3196.9,type,amount <= 10000,SOAP/XML,2.10.33,MFA required for admin,indefinite,cancelled,7997,99.522% uptime,BMI = kg/m²,2023-07-21T07:53:51Z,"$2,338,744",2023-05-07T22:22:49Z,update,https://example.com/users/f00f8922/profile,amy.thomas,amount <= 10000,0.94,231.2,Competitor DataCraft Inc launched AuditTrail Plus,4797636afd6d526cc84f393c56cf5551a0b6cd2fdd6f22ffc7ac0a37fd0e9fc3,259-228-9786,Yesterday,1.3.26,BILL-391410,INR,Major finding: data retention,Negative,_ga=7675763620.6647874,message Msg { string id = 1; },Meets expectations,7 years,[CONFIDENTIAL] Formula #979,voice_32dd848215e579a7.wav,2026-05-01 21:11:16,Figure 16: Overview,7 years,Step 2: Initialize the service.,staging.events -> analytics,date < 'active',HOLD-2024-497,staging.events -> reports,field_a -> target_col,[CONFIDENTIAL] Formula #162,[CONFIDENTIAL] Formula #693,^[A-Z]{2}\d{6}$,ISO-8859-1,Glucose: 50.5 g/dL,3.61,"7 9 * * 0,6",38 19 * * *,95.6079,Engineering,true,Q1 2025,UTF-8,Annual Forum 2025,E = mc²,{{date}} - {{event}},T,sophia.jackson,GraphQL,49 13 * * 1-5,Competitor Catalyst Ventures launched StreamLine ERP,susan.robinson,INTEGER,{{date}} - {{event}},Acquire competitor,c95dabd7ffc226777cf3ff03c895a4852b8baeac75f00a9f68207cd80dbe6fd7,true,2021-08-15T03:34:08Z,PostgreSQL,james.smith,Parquet,mason.thomas,true,1,ISO 8601,_ga=9948765058.5820403,BETWEEN 1 AND 100,Competitor Beacon Analytics launched AuditTrail Plus,"monitoring, compliance, security",IY6096,type,82857304,insert,40478a4f17e163df421a5a9bb39ca874cfaccf3f2514c857300bad7683e91eaa,Premium,GPL-3.0,text/csv
Outstanding,HOLD-2021-961,Competitor DataCraft Inc launched FlexPay Platform,41,Figure 4: Comparison,-69.008621,America/New_York,false,CURRENT_TIMESTAMP,49.64%,amount <= 10000,Windows,Q1 2024: $82M projected,99 days,Workday,99.878% uptime,2026-03-03T03:20:00Z,michael.davis,3892450217334,10.7,2026-02-14 06:36:50,3635.0,Major finding: data retention,0.13.18,amount <= 10000,6190.9,amount,"status IN ('active','pending')",SOAP/XML,1.19.24,Data retained for 7 years,30 days,pending,39705,99.999% uptime,PV = nRT,2022-12-06T17:53:37Z,"$384,229",2020-06-27T05:07:42Z,insert,https://example.com/users/1ae79d7f/profile,john.wright,amount <= 10000,9.92,237.18,Competitor Alpine Systems launched Sentinel Monitor,5232335d9e68ba3b860357d99a336a423f36bc2f9191ecbef6bb23de86d0bb67,(963) 313-2973,Imagine,0.0.13,BILL-724283,AUD,Non-conformance: access control,Negative,_ga=8629862973.4984224,"{""type"": ""object"", ""properties"": {}}",Needs improvement,indefinite,[CONFIDENTIAL] Formula #858,voice_7d5665380699e0dc.wav,2018-04-14T09:48:58Z,Figure 3: Distribution,7 years,Step 2: Verify the service.,curated.events -> exports,type < 'active',HOLD-2022-922,staging.events -> reports,source_col -> target_col,[CONFIDENTIAL] Formula #790,[CONFIDENTIAL] Formula #530,^[A-Z]{2}\d{6}$,Latin-1,WBC: 265.1 g/dL,3.31,37 6 * * *,26 23 * * 1-5,95.421,Sales,true,Q3 2025,UTF-16,Data Summit 2024,E = mc²,Dear {{customer}},U,richard.walker,GraphQL,12 21 * * 1-5,Competitor Skyline Partners launched Widget Pro,anna.jackson,BOOLEAN,Hello {{name}},Acquire competitor,ae1de5bb6bc15683a3ad3b37d35df74ac1f1bfcee98b54df40b0e8142c443883,true,2023-12-22T05:28:59Z,SAP,james.clark,YAML,elizabeth.harris,true,CURRENT_TIMESTAMP,POSIX,_ga=6553249442.5454702,UNIQUE,Competitor Catalyst Ventures launched Widget Pro,"scalability, analytics, security",FM7346,amount,39684689,insert,432ac88faeb922f727d109fcd714cf3e8817b07b467737313bb9a9ddcecac78f,Market-based,Apache-2.0,application/json
Outstanding,HOLD-2023-682,Competitor DataCraft Inc launched AuditTrail Plus,118,Figure 5: Overview,94.417283,UTC,false,'',44.63%,NOT NULL,Chrome OS,Q1 2026: $60M projected,81 days,Snowflake,99.506% uptime,2021-09-20 08:04:38,anna.white,2187898201259,0.6,2024-12-12 10:19:21,26620.5,Observation: backup schedule,1.1.28,age >= 18,1722.9,name,age >= 18,OpenAPI 3.0,1.17.96,Data retained for 7 years,1 year,inactive,84292,99.18% uptime,A = πr²,2024-04-14T13:36:53Z,"$5,486,074",2026-02-10T16:20:17Z,insert,https://example.com/users/42aed5f0/profile,logan.davis,NOT NULL,12.8,997.85,Competitor Acme Corp launched Sentinel Monitor,bd97398b322915f7b81bc71f00fd259373553a674f96b02fa97c7c30bf34d3b0,(870) 269-9232,Stairway to Heaven,1.1.46,BILL-425233,EUR,Observation: backup schedule,Negative,_ga=0955497059.1544161,CREATE TABLE t (id INT PRIMARY KEY),Exceeds expectations,7 days,[CONFIDENTIAL] Formula #496,voice_c58c5a7f680781d7.wav,2021-10-01 20:07:54,Figure 6: Distribution,1 year,Step 3: Initialize the system.,staging.users -> reports,date = '2024',HOLD-2026-545,curated.users -> exports,field_a -> target_col,[CONFIDENTIAL] Formula #866,[CONFIDENTIAL] Formula #487,^\d{3}-\d{2}-\d{4}$,Latin-1,WBC: 251.2 g/dL,3.99,51 21 * * 1-5,2 20 * * 1-5,99.408,Support,false,Q2 2025,ISO-8859-1,Tech Expo 2025,BMI = kg/m²,Dear {{customer}},R,john.martinez,gRPC/protobuf,"43 18 * * 0,6",Competitor Quantum Dynamics launched Widget Pro,harper.thomas,VARCHAR,Dear {{customer}},Launch SaaS tier,3547f11b222ea698a2a8f613bd52dea7cb1c7026c26e9a8d6f5ef54178ae653d,YES,2019-03-03T00:03:43Z,PostgreSQL,richard.jones,CSV,anna.miller,true,0,W3C Date,_ga=1899525979.2405916,NOT NULL,Competitor Beacon Analytics launched AuditTrail Plus,"analytics, integration",BE1321,email,960021073711,upsert,7940ff3ff0f13a1b6666f22595f667e65105d2a8c4670134d42d8d0f10f27378,Market-based,MIT,text/html
Needs improvement,HOLD-2022-609,Competitor Acme Corp launched FlexPay Platform,89,Figure 20: Overview,61.284159,Europe/London,null,1,44.39%,amount <= 10000,Android,Q4 2026: $80M projected,361 days,Kafka,99.371% uptime,2022-12-04 02:13:29,william.martinez,5620889850585,1.8,2019-02-20T06:52:34Z,49161.4,Non-conformance: access control,0.5.47,amount <= 10000,145.5,email,"status IN ('active','pending')",REST/JSON,1.6.47,Data retained for 7 years,30 days,active,12171,99.698% uptime,BMI = kg/m²,2025-06-27 12:51:37,"$2,945,285",2019-05-28T13:16:01Z,update,https://example.com/users/8f33bf32/profile,susan.brown,age >= 18,19.5,829.67,Competitor Alpine Systems launched StreamLine ERP,55aeb3e758921b787a3362b1ae952a227cb17760d94e3cbe75752a4bed724712,390.445.3334,Stairway to Heaven,0.4.62,BILL-627463,EUR,Observation: backup schedule,Negative,_ga=3535506428.5736194,message Msg { string id = 1; },Meets expectations,indefinite,[CONFIDENTIAL] Formula #260,voice_686bb7ad18b40d2c.wav,2024-11-10T17:18:51Z,Figure 7: Comparison,7 days,Step 4: Configure the pipeline.,curated.users -> exports,date != 'prod',HOLD-2025-188,staging.events -> analytics,field_a -> target_col,[CONFIDENTIAL] Formula #953,[CONFIDENTIAL] Formula #587,"\b\d{1,3}\.\d{1,3}\.\d{1,3}\.\d{1,3}\b",ISO-8859-1,WBC: 180.1 K/uL,9.78,10 5 * * *,11 0 * * 1-5,95.8582,Engineering,false,Q2 2022,ASCII,Annual Summit 2024,BMI = kg/m²,{{date}} - {{event}},Q,mary.king,OpenAPI 3.0,29 17 * * *,Competitor Quantum Dynamics launched Widget Pro,aiden.martinez,FLOAT,Dear {{customer}},Launch SaaS tier,d412732e8a4af71e7670cea55115d19d69268a0e7d98d8c2a4ac61101fb0e8a9,true,2018-03-18 15:45:41,PostgreSQL,mason.brown,XML,mary.thompson,true,0,IEEE 754,_ga=5900526616.9458027,UNIQUE,Competitor Acme Corp launched Widget Pro,"automation, monitoring",UD8008,amount,131890228466,update,685923c55b259751218b95acd002eb1091c736410c462f4f0fa1df485aead336,Cost-plus 25%,Apache-2.0,application/pdf
Needs improvement,HOLD-2021-497,Competitor Skyline Partners launched CloudGuard,45,Figure 1: Distribution,128.480689,CET,false,0,8.19%,NOT NULL,macOS,Q1 2024: $59M projected,24 days,Snowflake,99.031% uptime,2020-12-06 05:10:54,anna.robinson,3187309352402,-27.8,2021-08-18T09:25:38Z,27214.1,Observation: backup schedule,5.14.95,age >= 18,8457.9,status,NOT NULL,REST/JSON,5.3.30,MFA required for admin,1 year,rejected,70488,99.863% uptime,BMI = kg/m²,2020-08-23 18:21:56,"$9,052,777",2022-06-04 02:46:41,update,https://example.com/users/d66a959c/profile,olivia.lewis,"status IN ('active','pending')",83.28,715.56,Competitor Pioneer Software launched Widget Pro,efa2e7097b1379646480cfcd1003e382b34bc4b524eac5c18535d38ce4e645e0,+17232411742,Stairway to Heaven,2.12.56,BILL-633760,CNY,Major finding: data retention,Neutral,_ga=7494422685.8109651,message Msg { string id = 1; },Meets expectations,7 days,[CONFIDENTIAL] Formula #824,voice_baf3ac4d6f3de445.wav,2025-09-27T20:51:41Z,Figure 1: Timeline,30 days,Step 4: Initialize the service.,staging.events -> reports,status != 'prod',HOLD-2026-182,staging.events -> analytics,source_col -> target_col,[CONFIDENTIAL] Formula #668,[CONFIDENTIAL] Formula #568,^\d{3}-\d{2}-\d{4}$,ASCII,Hemoglobin: 292.1 g/dL,7.0,"0 22 * * 0,6",45 20 * * *,96.2629,Sales,true,Q1 2026,UTF-16,Tech Conference 2020,PV = nRT,Order #{{id}},V,james.brown,SOAP/XML,7 9 * * *,Competitor Meridian Health launched DataSync 3000,mary.jackson,TIMESTAMP,{{date}} - {{event}},IPO readiness,7763dc0382f766934f30b1b69c4eb6d06708a93d906ad209f7c56780e138713d,YES,2025-06-16 12:46:25,Kafka,jennifer.smith,JSON,john.wright,false,1,POSIX,_ga=8979064957.7358754,BETWEEN 1 AND 100,Competitor Catalyst Ventures launched FlexPay Platform,"cloud, security, performance, scalability, data",PD5018,name,2992449449,insert,b349d0f8b7ee46e06c5c8904760c4c2a6a9fd389525bf03698feca688702835b,Market-based,Proprietary,application/xml
Needs improvement,HOLD-2026-396,Competitor Beacon Analytics launched VaultKeeper,119,Figure 16: Comparison,-107.95786,CET,CURRENT_TIMESTAMP,0,9.12%,age >= 18,Windows,Q4 2026: $54M projected,112 days,Workday,99.855% uptime,2020-04-12 06:16:14,david.williams,3680176062039,33.9,2022-06-27 16:40:23,15215.4,Observation: backup schedule,3.4.46,NOT NULL,1700.5,created_at,age >= 18,SOAP/XML,1.7.48,MFA required for admin,7 years,failed,82251,99.45% uptime,E = mc²,2021-06-04 20:34:01,"$4,503,976",2020-10-05T20:59:09Z,insert,https://example.com/users/e3523698/profile,logan.harris,amount <= 10000,93.75,152.36,Competitor Vertex Technologies launched Widget Pro,6d3eb1e4f4aca7e8b98a799ad53059951f7e86e613a0c844bff1072ffe9e179c,(396) 656-8939,Yesterday,3.6.80,BILL-804478,GBP,Non-conformance: access control,Neutral,_ga=7567379393.4407947,"{""type"": ""object"", ""properties"": {}}",Outstanding,1 year,[CONFIDENTIAL] Formula #340,voice_55f1a1509433551d.wav,2025-04-14 15:39:07,Figure 17: Overview,7 days,Step 3: Configure the pipeline.,staging.users -> reports,status != 'prod',HOLD-2025-975,curated.users -> reports,source_col -> output,[CONFIDENTIAL] Formula #343,[CONFIDENTIAL] Formula #148,^[A-Z]{2}\d{6}$,UTF-8,WBC: 269.1 mg/dL,1.74,36 9 * * 1-5,59 6 * * 1-5,99.2627,Engineering,false,Q2 2021,ISO-8859-1,Tech Summit 2023,BMI = kg/m²,{{date}} - {{event}},T,emily.martin,REST/JSON,"56 13 * * 0,6",Competitor Skyline Partners launched FlexPay Platform,elizabeth.harris,JSON,Hello {{name}},Launch SaaS tier,1f0ebe23c3af434041332d2fae0862843570940e0d972aa7d962d66d6ce3754c,false,2022-10-04 12:15:53,Workday,amy.miller,Avro,david.jackson,NO,'',POSIX,_ga=6149368464.1435191,MATCHES '^[A-Z]+',Competitor Pioneer Software launched CloudGuard,"monitoring, integration, data, scalability",FZ1970,name,73942420,insert,f7823d6583adfefb8f923825ead9f56d14050cd8ad0c2b6853bea5f5569dae43,Value pricing,Proprietary,text/csv
Meets expectations,HOLD-2024-516,Competitor Vertex Technologies launched StreamLine ERP,10,Figure 12: Comparison,72.194673,JST,CURRENT_TIMESTAMP,1,-36.56%,"status IN ('active','pending')",iOS,Q2 2025: $59M projected,269 days,Kafka,99.347% uptime,2024-02-03 10:05:19,amy.brown,0207699104845,25.8,2021-11-28 07:18:03,16314.9,Non-conformance: access control,0.15.96,amount <= 10000,7970.0,type,amount <= 10000,GraphQL,3.8.67,Data retained for 7 years,7 years,failed,65625,99.133% uptime,PV = nRT,2019-06-07T18:24:17Z,"$6,585,687",2018-12-19 02:19:37,insert,https://example.com/users/3c357581/profile,jessica.johnson,age >= 18,1.86,903.44,Competitor Quantum Dynamics launched NanoCore SDK,9e599f833369d02aed3b59a92fdd36adf5c496524abcb373c391ce03a82a7579,895.902.5826,Imagine,0.20.97,BILL-540388,EUR,Non-conformance: access control,Mixed,_ga=2502248979.5144947,"{""type"": ""object"", ""properties"": {}}",Meets expectations,7 days,[CONFIDENTIAL] Formula #450,voice_f21806670166e3a3.wav,2020-05-24T21:06:46Z,Figure 8: Distribution,30 days,Step 5: Configure the module.,curated.users -> reports,type < 'prod',HOLD-2022-484,raw.users -> reports,source_col -> target_col,[CONFIDENTIAL] Formula #227,[CONFIDENTIAL] Formula #951,"\b\d{1,3}\.\d{1,3}\.\d{1,3}\.\d{1,3}\b",ASCII,Cholesterol: 235.2 g/dL,4.37,"35 9 * * 0,6","17 0 * * 0,6",97.0389,Finance,false,Q3 2020,Latin-1,Annual Expo 2023,F = ma,Hello {{name}},I,emily.wright,SOAP/XML,12 11 * * *,Competitor DataCraft Inc launched VaultKeeper,amy.rodriguez,VARCHAR,Order #{{id}},Launch SaaS tier,7f97ca1ef593e09acac0a366c5bc29fce35a2482f3c609d1348d06219361f222,NO,2021-04-25T07:15:45Z,Snowflake,liam.harris,CSV,robert.martin,YES,false,ISO 8601,_ga=9224120807.5159467,MATCHES '^[A-Z]+',Competitor Catalyst Ventures launched CloudGuard,"cloud, security, scalability, automation",PQ9177,status,739074328390,insert,763eb068cfa631c5faa9ef19361caaf5113d2a3305076c76e56ec0317bb7924c,Penetration,CC BY 4.0,text/csv
Needs improvement,HOLD-2021-570,Competitor Pioneer Software launched Widget Pro,32,Figure 2: Timeline,-17.433311,CET,0,'',-47.24%,NOT NULL,Linux,Q3 2025: $46M projected,218 days,Salesforce,99.12% uptime,2023-05-22T00:45:11Z,lucas.jackson,3914976318568,-12.8,2022-10-22 04:20:31,31069.7,Non-conformance: access control,0.7.85,NOT NULL,490.6,status,amount <= 10000,SOAP/XML,5.6.70,PII encrypted at rest,1 year,approved,55882,99.376% uptime,F = ma,2023-03-01 12:49:26,"$242,210",2023-02-10 05:03:54,delete,https://example.com/users/b5b417e8/profile,jessica.thomas,amount <= 10000,50.52,899.2,Competitor DataCraft Inc launched NanoCore SDK,6d838db2b8f9e19b2d705caa4511988d0958438ca4715f82deb16fd178c3d5e2,467 492 5850,Stairway to Heaven,2.13.46,BILL-125611,GBP,Major finding: data retention,Positive,_ga=6236994609.9639124,"{""type"": ""object"", ""properties"": {}}",Outstanding,30 days,[CONFIDENTIAL] Formula #111,voice_5a78d3ab93112453.wav,2021-12-10 15:27:57,Figure 18: Distribution,30 days,Step 3: Initialize the pipeline.,staging.events -> analytics,status > 'active',HOLD-2024-501,staging.events -> reports,source_col -> field_b,[CONFIDENTIAL] Formula #572,[CONFIDENTIAL] Formula #519,[a-zA-Z0-9._%+-]+@[a-zA-Z0-9.-]+,UTF-16,Cholesterol: 277.4 K/uL,8.25,"11 4 * * 0,6",28 19 * * *,99.3776,Operations,false,Q3 2024,UTF-16,Annual Forum 2025,PV = nRT,{{date}} - {{event}},X,oliver.king,SOAP/XML,55 17 * * 1-5,Competitor Meridian Health launched CloudGuard,john.martinez,TIMESTAMP,{{date}} - {{event}},IPO readiness,252082dce8c2cc48aa3522691023825f304307bee37586a6fe95d6c66630dd06,NO,2021-08-11T18:36:20Z,Workday,sarah.wright,JSON,oliver.king,YES,CURRENT_TIMESTAMP,IEEE 754,_ga=3403249012.4967128,NOT NULL,Competitor Beacon Analytics launched FlexPay Platform,"performance, analytics, scalability, data",OB4012,status,6182434731,snapshot,886f2b7b5a48129370e402697d37df5ec8ec817258e9a0d1a3ceb1297f05be1d,Penetration,MIT,image/png
Needs improvement,HOLD-2026-690,Competitor Catalyst Ventures launched AuditTrail Plus,30,Figure 13: Comparison,60.263815,JST,'',null,33.98%,age >= 18,Chrome OS,Q2 2025: $99M projected,17 days,Snowflake,99.491% uptime,2025-06-07T18:21:58Z,emma.williams,1370452729026,-22.9,2022-05-28T10:40:37Z,877.1,Observation: backup schedule,5.12.1,NOT NULL,2244.2,amount,NOT NULL,GraphQL,2.18.40,PII encrypted at rest,indefinite,failed,93645,99.421% uptime,F = ma,2025-01-12 06:00:16,"$2,271,353",2019-09-28T12:54:09Z,update,https://example.com/users/ec8a1868/profile,logan.martinez,age >= 18,50.74,808.27,Competitor Skyline Partners launched Widget Pro,a0d523535efe34ac60ae908f7ce82ec61440de1931cb18a6e92b9a64128a6bef,+19848895941,Yesterday,5.8.34,BILL-540183,CHF,Non-conformance: access control,Neutral,_ga=5226513569.8403417,CREATE TABLE t (id INT PRIMARY KEY),Outstanding,1 year,[CONFIDENTIAL] Formula #557,voice_76c33653b9735de6.wav,2025-03-22 21:40:16,Figure 14: Distribution,30 days,Step 2: Verify the module.,staging.users -> exports,date < 'active',HOLD-2020-650,raw.events -> reports,field_a -> field_b,[CONFIDENTIAL] Formula #793,[CONFIDENTIAL] Formula #959,"\b\d{1,3}\.\d{1,3}\.\d{1,3}\.\d{1,3}\b",ASCII,Glucose: 261.0 K/uL,3.23,"6 15 * * 0,6",9 11 * * *,99.892,Operations,false,Q4 2021,UTF-16,Annual Conference 2025,F = ma,{{date}} - {{event}},C,sarah.walker,OpenAPI 3.0,0 7 * * *,Competitor Acme Corp launched StreamLine ERP,harper.moore,INTEGER,Dear {{customer}},Expand APAC market,c0b974387b21ecd467ddef181d0ce79b613b61f1c009f986cccb620abf52efa4,NO,2025-03-06T04:50:24Z,Workday,richard.jackson,JSON,logan.walker,false,false,W3C Date,_ga=1200929991.3544050,UNIQUE,Competitor Skyline Partners launched AuditTrail Plus,"analytics, performance, automation, integration, data",UH1879,type,439879896259,snapshot,5a4c2efeeb9613c716594a8ad93d482e2c3e487edb9fa0acfa66d02f9a079610,Value pricing,GPL-3.0,image/png
Outstanding,HOLD-2024-695,Competitor Beacon Analytics launched Sentinel Monitor,97,Figure 8: Overview,16.982413,Europe/London,0,0,-15.06%,age >= 18,Chrome OS,Q3 2024: $96M projected,307 days,Salesforce,99.347% uptime,2021-09-21 02:53:46,mary.anderson,4753905942703,5.0,2023-06-05 16:34:19,10306.4,Non-conformance: access control,4.10.13,amount <= 10000,9033.5,amount,NOT NULL,gRPC/protobuf,5.14.62,PII encrypted at rest,7 days,rejected,77865,99.849% uptime,F = ma,2018-08-15T12:32:27Z,"$1,732,631",2018-05-20 06:39:48,upsert,https://example.com/users/6da409ea/profile,ethan.miller,NOT NULL,2.66,701.09,Competitor Skyline Partners launched StreamLine ERP,b99e7d8bdf1ce600a5ac277e5e0fee907a9250347fefe5c550a8a59ff59c15a1,(875) 208-7064,Hotel California,1.6.70,BILL-147519,USD,Major finding: data retention,Neutral,_ga=7534578054.6659838,message Msg { string id = 1; },Meets expectations,1 year,[CONFIDENTIAL] Formula #705,voice_c20cfef524aa18ad.wav,2026-09-26 13:42:01,Figure 10: Overview,30 days,Step 2: Initialize the pipeline.,curated.events -> analytics,date > 'prod',HOLD-2022-558,raw.events -> reports,input -> target_col,[CONFIDENTIAL] Formula #567,[CONFIDENTIAL] Formula #932,^[A-Z]{2}\d{6}$,ASCII,WBC: 291.2 K/uL,2.54,50 13 * * 1-5,32 9 * * 1-5,95.0856,Support,false,Q3 2025,Latin-1,Global Forum 2026,E = mc²,{{date}} - {{event}},D,aiden.thompson,SOAP/XML,27 7 * * *,Competitor Acme Corp launched DataSync 3000,liam.garcia,TIMESTAMP,Order #{{id}},IPO readiness,dd5fa072122e184139b6f22cd74e2e1285d0e4383e914f5c1cdf74144b5aade8,false,2024-06-05 06:53:07,Kafka,oliver.moore,Parquet,sarah.robinson,NO,'',ISO 8601,_ga=3787001261.7116575,CHECK (val > 0),Competitor Pioneer Software launched AuditTrail Plus,"reporting, security",QM2622,type,43655424,update,2a530aff6a6dbd0523b9b3cbe8d47ffc30d8100bcb9c4832974b0a1018ae3376,Cost-plus 25%,Apache-2.0,application/pdf
Needs improvement,HOLD-2022-420,Competitor Acme Corp launched Sentinel Monitor,41,Figure 18: Comparison,51.295217,America/New_York,'','',-28.0%,age >= 18,macOS,Q3 2027: $22M projected,46 days,SAP,99.844% uptime,2022-02-22T10:22:27Z,susan.taylor,0964939582477,21.7,2021-07-11T11:57:14Z,7166.0,Non-conformance: access control,2.18.92,"status IN ('active','pending')",2874.8,type,amount <= 10000,gRPC/protobuf,1.18.68,PII encrypted at rest,indefinite,completed,90260,99.384% uptime,F = ma,2019-01-09 17:40:40,"$5,823,036",2018-10-05 08:06:29,upsert,https://example.com/users/17283b16/profile,olivia.martinez,NOT NULL,28.71,232.73,Competitor Skyline Partners launched AuditTrail Plus,add878a5b9a20991cac63ad8ae5f4b0cb60b9813c43d84841675ba1679a337f6,987.933.4271,Hotel California,2.18.0,BILL-220760,CNY,Non-conformance: access control,Mixed,_ga=9539726816.8078699,CREATE TABLE t (id INT PRIMARY KEY),Meets expectations,indefinite,[CONFIDENTIAL] Formula #847,voice_eaa0968a131295ce.wav,2023-02-10 22:07:39,Figure 7: Comparison,indefinite,Step 4: Initialize the module.,raw.events -> exports,type != '2024',HOLD-2020-492,staging.users -> exports,input -> target_col,[CONFIDENTIAL] Formula #854,[CONFIDENTIAL] Formula #449,^[A-Z]{2}\d{6}$,ISO-8859-1,Cholesterol: 67.6 g/dL,7.95,53 22 * * *,48 20 * * 1-5,99.1186,HR,false,Q1 2022,ISO-8859-1,Tech Forum 2023,PV = nRT,Order #{{id}},U,linda.robinson,SOAP/XML,32 17 * * *,Competitor Meridian Health launched Sentinel Monitor,oliver.taylor,TEXT,{{date}} - {{event}},Launch SaaS tier,76dbdd3851af5b43a896c8e147fed0ead901bab559789e3426361bf1ac73f52d,YES,2025-08-28 10:46:36,PostgreSQL,robert.thompson,Parquet,david.davis,false,'',ISO 8601,_ga=6165914897.7397733,UNIQUE,Competitor Catalyst Ventures launched NanoCore SDK,"cloud, monitoring, reporting, automation",SS8608,name,12844353,delete,05ddb7e7d80a8048b24d9e806a63cd290ff0d24d821dff5ede66f6b18f106682,Penetration,CC BY 4.0,text/csv
Exceeds expectations,HOLD-2024-922,Competitor Quantum Dynamics launched CloudGuard,70,Figure 10: Distribution,69.157801,UTC,'',false,-16.27%,age >= 18,Windows,Q2 2024: $29M projected,95 days,Kafka,99.16% uptime,2020-11-15 02:32:15,anna.harris,3125923324160,-14.0,2021-12-01T14:18:07Z,31800.6,Non-conformance: access control,3.17.29,"status IN ('active','pending')",107.6,status,NOT NULL,OpenAPI 3.0,4.13.12,MFA required for admin,indefinite,active,8038,99.569% uptime,BMI = kg/m²,2026-11-03 00:56:29,"$5,797,835",2025-03-09 20:42:52,upsert,https://example.com/users/1ca00df4/profile,james.martinez,NOT NULL,3.06,551.43,Competitor DataCraft Inc launched FlexPay Platform,787c7638837f2a472fa60ef2f4a1bd78c4ff4a4378b2659392169b165a858f93,650 257 9870,Hotel California,3.1.10,BILL-426299,INR,Observation: backup schedule,Negative,_ga=5467781137.2867460,CREATE TABLE t (id INT PRIMARY KEY),Meets expectations,indefinite,[CONFIDENTIAL] Formula #308,voice_dbd97ed4f2072ab9.wav,2018-02-27T01:46:20Z,Figure 7: Timeline,30 days,Step 1: Monitor the system.,curated.users -> analytics,status = '2024',HOLD-2022-964,staging.events -> analytics,source_col -> target_col,[CONFIDENTIAL] Formula #372,[CONFIDENTIAL] Formula #991,"\b\d{1,3}\.\d{1,3}\.\d{1,3}\.\d{1,3}\b",ISO-8859-1,Cholesterol: 246.5 g/dL,8.78,58 12 * * *,4 8 * * *,98.3899,Legal,false,Q3 2022,ASCII,Annual Summit 2021,A = πr²,Order #{{id}},U,aiden.clark,GraphQL,41 6 * * *,Competitor Meridian Health launched CloudGuard,oliver.rodriguez,TEXT,Dear {{customer}},IPO readiness,cd4756c97f15ed642a074d745c6a6139295634ab5edf62230fc3c2bb4e6a39ba,false,2023-10-04 06:13:49,PostgreSQL,linda.clark,CSV,jennifer.garcia,YES,null,POSIX,_ga=2615223199.7987531,UNIQUE,Competitor Skyline Partners launched DataSync 3000,"reporting, data, compliance",VN2157,email,818256711731,snapshot,f94ae3560688bb9ad5f2b23f4c0f11ff56fdaf24ccafa00b80ef02736e620d08,Market-based,Proprietary,application/xml
Outstanding,HOLD-2025-644,Competitor Pacific Research Group launched AuditTrail Plus,76,Figure 9: Timeline,132.69617,UTC,null,null,-28.57%,"status IN ('active','pending')",Windows,Q2 2025: $55M projected,255 days,Salesforce,99.766% uptime,2018-02-26T06:57:11Z,lucas.thomas,1241363738020,27.2,2018-01-26 03:57:29,13187.5,Non-conformance: access control,3.9.37,amount <= 10000,8584.9,email,"status IN ('active','pending')",GraphQL,0.5.87,Data retained for 7 years,7 days,failed,97772,99.425% uptime,F = ma,2025-05-15T00:25:55Z,"$8,172,121",2021-01-05T18:18:31Z,update,https://example.com/users/5aff226f/profile,oliver.miller,"status IN ('active','pending')",56.12,159.3,Competitor Alpine Systems launched NanoCore SDK,424cfd8b29b39df5f8769180f93e84028da4e88e6966ba7b8ead89be38d4ed2b,(552) 301-5214,Yesterday,4.3.14,BILL-226641,AUD,Non-conformance: access control,Mixed,_ga=4858911217.7094233,CREATE TABLE t (id INT PRIMARY KEY),Meets expectations,7 years,[CONFIDENTIAL] Formula #234,voice_cc5e1c517b6e6144.wav,2022-04-08T01:41:59Z,Figure 13: Overview,indefinite,Step 1: Initialize the service.,raw.orders -> exports,date < 'active',HOLD-2022-189,staging.events -> analytics,source_col -> target_col,[CONFIDENTIAL] Formula #894,[CONFIDENTIAL] Formula #711,"\b\d{1,3}\.\d{1,3}\.\d{1,3}\.\d{1,3}\b",UTF-8,Hemoglobin: 61.0 mg/dL,6.61,55 16 * * *,21 11 * * 1-5,98.3557,Operations,false,Q3 2026,UTF-16,Annual Forum 2020,A = πr²,Hello {{name}},Y,lucas.rodriguez,SOAP/XML,24 18 * * 1-5,Competitor Meridian Health launched DataSync 3000,patricia.martinez,JSON,{{date}} - {{event}},Expand APAC market,ac502099721c33905b8b2e2049887de3078cde0c6cd452be0f032b0cf7ad6f09,YES,2018-05-18T04:17:44Z,Salesforce,william.davis,XML,elizabeth.robinson,false,1,POSIX,_ga=5766455541.1197004,UNIQUE,Competitor Skyline Partners launched Widget Pro,"reporting, analytics",TD1591,email,662611783099,snapshot,07cd0b0ea978a1144a5ae0242a3c058343b46ab302501d3c87a60fbbae0cef99,Value pricing,Proprietary,application/xml
Meets expectations,HOLD-2022-370,Competitor Vertex Technologies launched AuditTrail Plus,16,Figure 15: Overview,-119.391179,PST,0,1,-28.82%,amount <= 10000,Linux,Q1 2024: $41M projected,333 days,Kafka,99.935% uptime,2025-02-23 13:48:58,patricia.brown,9980513940590,-3.2,2021-08-06 10:06:41,18022.8,Major finding: data retention,0.17.19,age >= 18,922.4,email,age >= 18,REST/JSON,3.0.76,Data retained for 7 years,7 days,completed,14584,99.229% uptime,E = mc²,2021-09-10T06:11:30Z,"$1,721,736",2026-07-13 09:53:00,snapshot,https://example.com/users/9979b4b0/profile,amy.thomas,NOT NULL,69.12,647.15,Competitor DataCraft Inc launched VaultKeeper,5fd3b2524eddd69ce222e796aea7b1d31debda9351bd5dba29ca711459a6aea4,+12309661002,Stairway to Heaven,3.17.16,BILL-959449,INR,Observation: backup schedule,Negative,_ga=6494825512.7490529,CREATE TABLE t (id INT PRIMARY KEY),Exceeds expectations,7 days,[CONFIDENTIAL] Formula #948,voice_c8f1b1a7b62bdd2d.wav,2019-07-17 12:29:34,Figure 12: Timeline,7 years,Step 4: Verify the module.,curated.orders -> exports,status < '2024',HOLD-2024-812,curated.users -> reports,input -> output,[CONFIDENTIAL] Formula #639,[CONFIDENTIAL] Formula #904,"\b\d{1,3}\.\d{1,3}\.\d{1,3}\.\d{1,3}\b",ISO-8859-1,WBC: 135.7 K/uL,4.28,"1 17 * * 0,6","39 11 * * 0,6",96.5893,Support,true,Q3 2022,ASCII,Data Summit 2023,F = ma,{{date}} - {{event}},T,lucas.anderson,gRPC/protobuf,"58 3 * * 0,6",Competitor DataCraft Inc launched Widget Pro,logan.clark,BOOLEAN,Hello {{name}},IPO readiness,ec741d11007f1144d15a64ead6068d135526a0cce4a63e634daa6d0a07e12ceb,YES,2018-05-20T04:19:46Z,SAP,robert.williams,YAML,mary.anderson,YES,null,IEEE 754,_ga=1580320700.6096171,CHECK (val > 0),Competitor Acme Corp launched Sentinel Monitor,"security, analytics, cloud, performance, compliance",EA2026,status,248444913961,upsert,3a1849dc7fbab6ee84a0ddc1c446b0f17ab7c88a2b4d171818b9eb9cc5050195,Value pricing,BSD-3-Clause,application/xml
Exceeds expectations,HOLD-2020-780,Competitor Quantum Dynamics launched NanoCore SDK,23,Figure 15: Comparison,-124.41112,EST,'','',-6.0%,"status IN ('active','pending')",Android,Q4 2025: $39M projected,198 days,Snowflake,99.762% uptime,2025-07-05T13:10:39Z,aiden.smith,5971285411833,32.0,2018-02-09T02:10:38Z,15417.8,Non-conformance: access control,1.4.52,"status IN ('active','pending')",8325.5,amount,"status IN ('active','pending')",gRPC/protobuf,1.15.19,Data retained for 7 years,indefinite,cancelled,79143,99.905% uptime,BMI = kg/m²,2026-08-12 10:23:58,"$559,342",2022-09-20T04:59:51Z,snapshot,https://example.com/users/4a4fdbca/profile,michael.thompson,NOT NULL,73.0,155.25,Competitor Skyline Partners launched AuditTrail Plus,d4bdf12e98fb5693f1034cc70eb0efac8fae7b1cbf99210355425400e516f59c,+14938372082,Yesterday,2.19.94,BILL-999601,EUR,Non-conformance: access control,Mixed,_ga=2532529594.5154655,CREATE TABLE t (id INT PRIMARY KEY),Meets expectations,7 years,[CONFIDENTIAL] Formula #755,voice_fbffefae2d0e1f1f.wav,2021-06-19T22:36:55Z,Figure 15: Overview,7 days,Step 5: Deploy the system.,curated.orders -> reports,type < '2024',HOLD-2022-488,staging.orders -> exports,field_a -> target_col,[CONFIDENTIAL] Formula #614,[CONFIDENTIAL] Formula #600,^\d{3}-\d{2}-\d{4}$,Latin-1,WBC: 181.2 K/uL,6.74,57 9 * * *,33 0 * * 1-5,96.8176,HR,false,Q4 2025,Latin-1,Annual Expo 2024,BMI = kg/m²,Hello {{name}},Z,linda.anderson,SOAP/XML,39 22 * * 1-5,Competitor Skyline Partners launched VaultKeeper,james.clark,TIMESTAMP,{{date}} - {{event}},Acquire competitor,8070786fec294254a33e63259530db0407ea907e14bd1aa1734ff7b092291068,NO,2021-05-07 23:38:01,PostgreSQL,lucas.moore,YAML,michael.lee,false,1,ISO 8601,_ga=5833134174.5239184,MATCHES '^[A-Z]+',Competitor DataCraft Inc launched CloudGuard,"reporting, compliance, integration",NZ7578,name,059105940295,insert,115b6a37db03c023b01242e72bef1cc55393c5accf44467564b20220ac672921,Value pricing,Proprietary,image/png
Meets expectations,HOLD-2026-836,Competitor TechCo Industries launched DataSync 3000,12,Figure 18: Timeline,79.543529,CET,null,null,23.43%,amount <= 10000,Chrome OS,Q3 2027: $71M projected,192 days,Salesforce,99.995% uptime,2024-02-10T03:17:44Z,jennifer.thomas,9177041684497,28.4,2019-07-25T01:19:04Z,20541.0,Observation: backup schedule,4.10.51,age >= 18,1210.9,email,age >= 18,REST/JSON,3.7.29,PII encrypted at rest,1 year,cancelled,43678,99.462% uptime,E = mc²,2025-04-15T10:37:18Z,"$5,116,609",2024-07-03 01:42:17,upsert,https://example.com/users/0273f57f/profile,oliver.anderson,amount <= 10000,98.11,193.0,Competitor DataCraft Inc launched VaultKeeper,4a2c3b25d5abce81cc39e9b6ce4f4530e4180ba79366fec12aaa15fc6b2276c9,529-551-7313,Imagine,0.2.44,BILL-849891,USD,Observation: backup schedule,Mixed,_ga=6285824372.8391930,message Msg { string id = 1; },Exceeds expectations,7 years,[CONFIDENTIAL] Formula #215,voice_7831c50d4c155515.wav,2019-06-26 01:31:51,Figure 17: Comparison,30 days,Step 3: Configure the system.,curated.orders -> reports,type > 'prod',HOLD-2020-635,raw.orders -> exports,field_a -> output,[CONFIDENTIAL] Formula #436,[CONFIDENTIAL] Formula #226,^[A-Z]{2}\d{6}$,UTF-8,Cholesterol: 240.5 mg/dL,0.93,"30 22 * * 0,6",16 3 * * *,96.4429,Marketing,true,Q2 2023,UTF-8,Tech Summit 2026,BMI = kg/m²,Hello {{name}},P,logan.rodriguez,REST/JSON,54 16 * * *,Competitor Vertex Technologies launched DataSync 3000,susan.smith,FLOAT,{{date}} - {{event}},Launch SaaS tier,37175034b719d474f04ae5b252dac09d854dff14cbb131d65688273938638caf,false,2022-12-11T11:20:50Z,Salesforce,linda.wright,Parquet,richard.robinson,YES,CURRENT_TIMESTAMP,POSIX,_ga=9250019468.5927085,NOT NULL,Competitor Catalyst Ventures launched FlexPay Platform,"reporting, analytics",OY7030,status,42657260,insert,84cf80e4e9d7b02561d0bc4d48420c8cba835579b0af314535d412ab91af310b,Cost-plus 25%,GPL-3.0,application/pdf
Meets expectations,HOLD-2022-253,Competitor DataCraft Inc launched Sentinel Monitor,68,Figure 16: Timeline,-96.647096,JST,CURRENT_TIMESTAMP,0,14.9%,age >= 18,Linux,Q3 2025: $70M projected,129 days,Salesforce,99.007% uptime,2025-07-20 17:11:05,richard.anderson,2750380021339,-19.5,2021-10-16 00:58:19,43373.2,Observation: backup schedule,0.17.97,age >= 18,9295.4,type,age >= 18,SOAP/XML,1.16.50,MFA required for admin,1 year,cancelled,79773,99.021% uptime,PV = nRT,2020-11-20T21:53:53Z,"$2,316,469",2025-01-02T20:26:03Z,upsert,https://example.com/users/97c5c35c/profile,linda.lee,age >= 18,45.57,641.84,Competitor Catalyst Ventures launched Widget Pro,dfadc2da043be7768c8ec177f3f80bc00d4556a860bcd82ca67d7d180e75c07b,265 428 1114,Bohemian Rhapsody,0.7.91,BILL-156540,JPY,Major finding: data retention,Mixed,_ga=9908579569.9035587,"{""type"": ""object"", ""properties"": {}}",Needs improvement,30 days,[CONFIDENTIAL] Formula #558,voice_ab96269bff1d7a62.wav,2021-08-12T21:36:13Z,Figure 8: Overview,1 year,Step 1: Deploy the service.,curated.users -> reports,status = 'prod',HOLD-2025-694,raw.orders -> reports,source_col -> field_b,[CONFIDENTIAL] Formula #720,[CONFIDENTIAL] Formula #693,"\b\d{1,3}\.\d{1,3}\.\d{1,3}\.\d{1,3}\b",Latin-1,Hemoglobin: 160.4 K/uL,5.25,51 12 * * 1-5,45 14 * * 1-5,99.1993,Engineering,true,Q1 2021,ASCII,Annual Summit 2021,E = mc²,Hello {{name}},P,olivia.taylor,gRPC/protobuf,56 19 * * *,Competitor Vertex Technologies launched Widget Pro,anna.anderson,TEXT,Dear {{customer}},Expand APAC market,d08763812722ae04a28505a126bb3b64aaf602689c6c467b1c1ef34063843872,true,2025-12-12T05:26:39Z,Workday,james.smith,XML,harper.white,false,'',W3C Date,_ga=6134257574.1926223,MATCHES '^[A-Z]+',Competitor DataCraft Inc launched StreamLine ERP,"analytics, data, performance, cloud",RI5232,name,9593293244,upsert,6cba3804f5dbcf86b2014f3d9062ccb491ce79e8533620329bebf73a2d5c097d,Cost-plus 25%,MIT,application/json
Outstanding,HOLD-2023-925,Competitor Acme Corp launched StreamLine ERP,6,Figure 15: Comparison,-45.363593,EST,0,0,-27.75%,"status IN ('active','pending')",Linux,Q4 2027: $9M projected,317 days,Kafka,99.408% uptime,2026-01-14T22:34:06Z,patricia.anderson,4531371500530,21.9,2025-05-22T14:00:00Z,20034.9,Major finding: data retention,0.5.29,age >= 18,6835.1,amount,"status IN ('active','pending')",gRPC/protobuf,3.2.48,PII encrypted at rest,7 years,approved,20299,99.813% uptime,BMI = kg/m²,2020-06-27 11:04:48,"$5,688,338",2023-09-20 12:50:37,delete,https://example.com/users/07129e91/profile,logan.moore,age >= 18,30.77,993.52,Competitor Skyline Partners launched StreamLine ERP,0ef1cca5fa3a91883d7f44a30dc9022b63b1b1a933d8d262e430dfaee8eb9800,338-838-4651,Hotel California,2.12.22,BILL-415580,AUD,Non-conformance: access control,Mixed,_ga=6019718478.9359926,message Msg { string id = 1; },Needs improvement,30 days,[CONFIDENTIAL] Formula #375,voice_15cb8f074d7096da.wav,2024-02-28T20:06:09Z,Figure 10: Overview,30 days,Step 1: Deploy the module.,raw.events -> analytics,status IN 'prod',HOLD-2025-760,curated.events -> analytics,source_col -> target_col,[CONFIDENTIAL] Formula #399,[CONFIDENTIAL] Formula #631,^[A-Z]{2}\d{6}$,UTF-8,WBC: 256.6 g/dL,4.55,9 0 * * 1-5,19 12 * * *,98.4265,Support,false,Q2 2023,ASCII,Global Conference 2022,A = πr²,Dear {{customer}},U,logan.taylor,SOAP/XML,"28 15 * * 0,6",Competitor Quantum Dynamics launched Widget Pro,linda.lee,INTEGER,{{date}} - {{event}},Expand APAC market,75d92ff03ba3d35f33d9fbb6fe2e20b3d6ba1d1bc1917e5e3d9a8f64037d873a,false,2021-09-07T08:47:44Z,Workday,noah.jones,JSON,jennifer.moore,false,0,POSIX,_ga=0841863858.3838784,BETWEEN 1 AND 100,Competitor Catalyst Ventures launched Widget Pro,"integration, monitoring",BP4748,email,41492708,snapshot,e14151a18b34be1ad199b2b9e2648999f37cedad07e19b81e311d9c663042e1e,Market-based,CC BY 4.0,application/json
Exceeds expectations,HOLD-2022-900,Competitor Quantum Dynamics launched FlexPay Platform,107,Figure 18: Comparison,99.341491,Europe/London,'',0,-38.83%,age >= 18,macOS,Q3 2025: $73M projected,23 days,PostgreSQL,99.69% uptime,2023-11-26T10:15:07Z,sarah.martinez,8888339523805,-0.7,2024-11-22T17:57:19Z,39216.1,Non-conformance: access control,3.16.78,"status IN ('active','pending')",1266.9,type,"status IN ('active','pending')",OpenAPI 3.0,4.4.71,PII encrypted at rest,indefinite,cancelled,34385,99.227% uptime,F = ma,2025-04-16 07:00:58,"$2,589,100",2023-11-23 20:46:21,insert,https://example.com/users/93f7e5d6/profile,linda.king,age >= 18,93.81,98.7,Competitor DataCraft Inc launched NanoCore SDK,e9a2df55af46d008f2d91ff9c8dbab256342c810189dccdb3c0017fb4c8c5f14,+16323069730,Bohemian Rhapsody,3.4.9,BILL-504766,USD,Non-conformance: access control,Mixed,_ga=9703047700.7319469,CREATE TABLE t (id INT PRIMARY KEY),Exceeds expectations,indefinite,[CONFIDENTIAL] Formula #847,voice_27def60025612574.wav,2020-03-23 21:02:26,Figure 15: Comparison,7 days,Step 5: Configure the service.,raw.events -> analytics,date IN '2024',HOLD-2026-679,curated.users -> reports,source_col -> target_col,[CONFIDENTIAL] Formula #557,[CONFIDENTIAL] Formula #608,[a-zA-Z0-9._%+-]+@[a-zA-Z0-9.-]+,UTF-8,Hemoglobin: 225.1 mg/dL,7.29,"21 6 * * 0,6","11 14 * * 0,6",98.9336,Marketing,false,Q2 2023,UTF-8,Global Conference 2025,E = mc²,Hello {{name}},V,david.smith,OpenAPI 3.0,32 15 * * 1-5,Competitor TechCo Industries launched VaultKeeper,linda.king,VARCHAR,Hello {{name}},IPO readiness,c98c4e7d601cf7c4a572ee8fc595083542c28d0394ce6b2788317aaed4a0ab24,NO,2026-10-07 22:40:29,Workday,lucas.jones,Parquet,lucas.rodriguez,NO,0,IEEE 754,_ga=5996815790.5790052,UNIQUE,Competitor Catalyst Ventures launched AuditTrail Plus,"analytics, compliance, cloud, data",UB2053,name,258321400509,upsert,6a9eb295231785f79322c985cdfc4e20426036ca000d7a11d92c92989447149f,Premium,Proprietary,text/csv
Exceeds expectations,HOLD-2026-762,Competitor Alpine Systems launched SmartHub X1,23,Figure 17: Distribution,-161.008287,PST,CURRENT_TIMESTAMP,0,11.84%,amount <= 10000,Android,Q2 2024: $72M projected,91 days,Snowflake,99.391% uptime,2020-08-15 15:15:26,logan.anderson,7720501931848,34.9,2021-02-22 15:02:55,37780.0,Observation: backup schedule,1.5.30,"status IN ('active','pending')",5181.4,created_at,NOT NULL,GraphQL,3.6.50,Data retained for 7 years,indefinite,failed,52665,99.278% uptime,F = ma,2018-12-02 14:56:10,"$8,645,739",2022-10-13T09:03:33Z,delete,https://example.com/users/2043e956/profile,olivia.harris,NOT NULL,65.12,696.95,Competitor Skyline Partners launched SmartHub X1,dbe83b2db87d7e9ecdfdf2e8343511b3f40c24f789790e617eabfda88ca79e43,304.652.7076,Stairway to Heaven,2.16.81,BILL-880364,CAD,Major finding: data retention,Mixed,_ga=6596244935.4931203,message Msg { string id = 1; },Meets expectations,indefinite,[CONFIDENTIAL] Formula #695,voice_997fc85c602a773a.wav,2020-09-06 08:06:39,Figure 1: Distribution,30 days,Step 2: Initialize the system.,staging.users -> reports,status = 'prod',HOLD-2020-863,curated.orders -> analytics,field_a -> target_col,[CONFIDENTIAL] Formula #460,[CONFIDENTIAL] Formula #100,^[A-Z]{2}\d{6}$,ASCII,Cholesterol: 195.7 K/uL,0.26,19 11 * * *,"23 20 * * 0,6",98.3094,Engineering,false,Q3 2021,UTF-8,Tech Conference 2025,PV = nRT,{{date}} - {{event}},P,logan.clark,gRPC/protobuf,7 5 * * 1-5,Competitor Vertex Technologies launched StreamLine ERP,david.martinez,TEXT,{{date}} - {{event}},Expand APAC market,9669c26007c49defbe7d01aeb5931acef76c55e82701ef3760a795f9532d55b7,YES,2019-01-12T06:06:10Z,Salesforce,lucas.smith,CSV,john.taylor,YES,'',ISO 8601,_ga=0907484105.4751329,NOT NULL,Competitor Alpine Systems launched SmartHub X1,"data, cloud, compliance, monitoring, performance",TY8342,id,4983041963,update,86f96b7bd478d67fa6cf6111c270fc479bc1bd58d14a22818a51c26a8e3d4f9f,Market-based,Apache-2.0,image/png
Needs improvement,HOLD-2025-427,Competitor Vertex Technologies launched StreamLine ERP,100,Figure 11: Comparison,-82.216609,JST,CURRENT_TIMESTAMP,null,-24.11%,age >= 18,Linux,Q4 2025: $93M projected,111 days,Workday,99.548% uptime,2019-04-17 19:50:17,patricia.rodriguez,2327710189045,-6.8,2022-01-02 19:08:41,47867.8,Observation: backup schedule,1.14.8,NOT NULL,9791.1,name,amount <= 10000,OpenAPI 3.0,0.6.44,Data retained for 7 years,7 days,completed,40251,99.708% uptime,PV = nRT,2019-09-17 23:45:05,"$2,505,197",2026-09-04 11:11:44,upsert,https://example.com/users/0e9bee7d/profile,susan.king,amount <= 10000,60.3,179.31,Competitor Vertex Technologies launched FlexPay Platform,9ae7486074eeff5ec1aab4714f3f4a992bdf1e6f0806e1788ea123c85cd7dcd7,928.362.7590,Stairway to Heaven,3.14.52,BILL-301596,CNY,Observation: backup schedule,Negative,_ga=8966325354.3708716,message Msg { string id = 1; },Meets expectations,30 days,[CONFIDENTIAL] Formula #112,voice_6095dba35735d049.wav,2021-09-16T22:28:42Z,Figure 15: Overview,indefinite,Step 4: Verify the system.,raw.events -> exports,type = 'prod',HOLD-2023-160,raw.users -> exports,field_a -> output,[CONFIDENTIAL] Formula #829,[CONFIDENTIAL] Formula #533,^\d{3}-\d{2}-\d{4}$,UTF-16,Hemoglobin: 196.5 g/dL,1.49,57 12 * * *,26 10 * * *,99.8619,Support,true,Q1 2022,UTF-16,Tech Summit 2022,A = πr²,{{date}} - {{event}},O,harper.moore,OpenAPI 3.0,59 6 * * 1-5,Competitor Pacific Research Group launched DataSync 3000,noah.king,VARCHAR,Hello {{name}},Launch SaaS tier,16ce0e1d7ff1d75b17ab86996527dd0fda0855c66dd99748915b10518b423d1a,NO,2020-12-13T11:34:38Z,SAP,liam.king,JSON,patricia.miller,YES,'',POSIX,_ga=4829913657.9138782,NOT NULL,Competitor DataCraft Inc launched StreamLine ERP,"reporting, security, analytics, monitoring",KJ9608,amount,0117275362,upsert,09f3d3590300733b5cac8108e58d385cce8c27026c7ab46bf9bfb5b6a492f26f,Penetration,BSD-3-Clause,image/png
Outstanding,HOLD-2023-311,Competitor Beacon Analytics launched FlexPay Platform,78,Figure 9: Comparison,0.345685,CET,'',0,-26.59%,age >= 18,Chrome OS,Q1 2025: $98M projected,272 days,Workday,99.708% uptime,2021-11-16 09:34:51,aiden.lee,8675532264563,-36.7,2024-07-05 23:48:58,32763.7,Non-conformance: access control,1.4.82,NOT NULL,5738.6,email,amount <= 10000,OpenAPI 3.0,3.8.95,MFA required for admin,indefinite,inactive,30528,99.844% uptime,PV = nRT,2024-02-28 09:39:38,"$3,100,737",2019-11-25T06:03:45Z,delete,https://example.com/users/07f61e6a/profile,olivia.young,amount <= 10000,82.38,46.46,Competitor Skyline Partners launched CloudGuard,7025d7283d4aae24dd2e047bfcf4cf873d84339994726dc16459404367c7537b,877.868.7846,Yesterday,3.19.11,BILL-132949,EUR,Observation: backup schedule,Negative,_ga=4796234067.2158095,"{""type"": ""object"", ""properties"": {}}",Needs improvement,7 years,[CONFIDENTIAL] Formula #965,voice_ea17c887155fafd4.wav,2018-07-21T13:49:48Z,Figure 13: Timeline,30 days,Step 3: Verify the pipeline.,curated.events -> reports,date IN 'active',HOLD-2020-302,raw.events -> exports,source_col -> field_b,[CONFIDENTIAL] Formula #828,[CONFIDENTIAL] Formula #389,^\d{3}-\d{2}-\d{4}$,Latin-1,Glucose: 136.7 mg/dL,5.46,11 23 * * *,17 11 * * *,95.2129,Support,false,Q1 2024,ASCII,Annual Forum 2025,BMI = kg/m²,{{date}} - {{event}},G,emily.rodriguez,SOAP/XML,12 14 * * 1-5,Competitor Global Solutions launched NanoCore SDK,anna.taylor,TIMESTAMP,{{date}} - {{event}},IPO readiness,61b69bdf8bdcd22bbfa3822ab2ca310b15c91eef4411081a78ded0d032f100d1,true,2018-01-08T23:47:57Z,Snowflake,james.moore,YAML,olivia.martinez,YES,CURRENT_TIMESTAMP,W3C Date,_ga=7252349732.9731064,CHECK (val > 0),Competitor Vertex Technologies launched Sentinel Monitor,"scalability, reporting, compliance, monitoring, analytics",LD8634,status,484680325819,update,6ef12313d47d854ee6bcd419ccfb1d103962b0758fefd55586e2118248d91360,Cost-plus 25%,CC BY 4.0,application/json
Needs improvement,HOLD-2022-523,Competitor Pioneer Software launched SmartHub X1,86,Figure 8: Timeline,13.839127,Europe/London,CURRENT_TIMESTAMP,null,-42.61%,amount <= 10000,Linux,Q4 2025: $11M projected,137 days,Workday,99.543% uptime,2019-04-03 14:49:35,oliver.jackson,1097620165628,46.1,2026-12-21T16:06:36Z,48614.1,Observation: backup schedule,4.17.17,NOT NULL,8707.6,id,"status IN ('active','pending')",GraphQL,0.0.58,Data retained for 7 years,30 days,active,36725,99.508% uptime,A = πr²,2024-07-03 14:10:10,"$2,719,060",2022-09-17T06:14:52Z,update,https://example.com/users/5e3ce99a/profile,james.anderson,amount <= 10000,35.27,614.57,Competitor Catalyst Ventures launched CloudGuard,01464e7ebcdcd775ea1d3550bc2b40690016245467b85dc5366596870330e910,(446) 600-8477,Yesterday,2.0.52,BILL-170434,INR,Observation: backup schedule,Mixed,_ga=3958896239.3917034,message Msg { string id = 1; },Exceeds expectations,1 year,[CONFIDENTIAL] Formula #259,voice_39fe5d58e9922e8b.wav,2020-03-06 06:38:02,Figure 5: Timeline,30 days,Step 1: Monitor the pipeline.,curated.orders -> reports,status < 'active',HOLD-2020-890,curated.users -> analytics,source_col -> field_b,[CONFIDENTIAL] Formula #991,[CONFIDENTIAL] Formula #492,"\b\d{1,3}\.\d{1,3}\.\d{1,3}\.\d{1,3}\b",Latin-1,Hemoglobin: 297.6 mg/dL,9.47,50 12 * * 1-5,10 3 * * 1-5,98.9408,Sales,false,Q1 2022,Latin-1,Global Forum 2021,A = πr²,Order #{{id}},I,william.young,OpenAPI 3.0,"44 0 * * 0,6",Competitor Vertex Technologies launched DataSync 3000,james.rodriguez,BOOLEAN,Hello {{name}},Launch SaaS tier,f54b012af81f54808937467cacb9aafdef45290d22502ab4faaffe36fd9cd0b6,NO,2018-10-17T02:13:09Z,Workday,richard.rodriguez,JSON,lucas.martin,NO,0,RFC 3339,_ga=7370048725.2861700,BETWEEN 1 AND 100,Competitor Global Solutions launched SmartHub X1,"monitoring, performance, integration, automation",EI112,amount,492939199238,insert,6de63869ad9790f36328de466d1619fcc77f18fa2801e0c173ebc5d15c24d7ff,Value pricing,Apache-2.0,application/pdf
Exceeds expectations,HOLD-2025-223,Competitor Pacific Research Group launched Widget Pro,15,Figure 6: Comparison,-43.928358,PST,0,CURRENT_TIMESTAMP,-9.04%,NOT NULL,iOS,Q4 2024: $5M projected,19 days,Salesforce,99.063% uptime,2021-08-17T17:50:27Z,aiden.miller,7057393468416,-2.7,2026-10-05 21:27:26,37242.8,Non-conformance: access control,5.5.78,amount <= 10000,9123.7,name,NOT NULL,OpenAPI 3.0,5.13.71,Data retained for 7 years,30 days,active,52048,99.388% uptime,BMI = kg/m²,2024-06-21 14:43:45,"$7,006,687",2018-01-24T19:46:47Z,delete,https://example.com/users/f153ba71/profile,sophia.young,NOT NULL,27.34,683.71,Competitor Alpine Systems launched AuditTrail Plus,4b21bab72faffc709336e1b2b34b7c85b331812113c95a641dbc910b9ef796b0,584-422-1626,Hotel California,2.19.35,BILL-881534,CNY,Major finding: data retention,Negative,_ga=1175665106.1728734,"{""type"": ""object"", ""properties"": {}}",Meets expectations,7 years,[CONFIDENTIAL] Formula #728,voice_756eedda44477619.wav,2026-06-10 20:41:05,Figure 8: Comparison,30 days,Step 4: Verify the pipeline.,raw.events -> reports,date < '2024',HOLD-2023-580,staging.users -> exports,field_a -> target_col,[CONFIDENTIAL] Formula #370,[CONFIDENTIAL] Formula #498,[a-zA-Z0-9._%+-]+@[a-zA-Z0-9.-]+,ISO-8859-1,Glucose: 287.1 K/uL,7.47,40 9 * * *,56 15 * * *,96.2794,Finance,true,Q1 2021,ISO-8859-1,Tech Conference 2021,PV = nRT,{{date}} - {{event}},J,david.wright,gRPC/protobuf,55 2 * * 1-5,Competitor Pacific Research Group launched SmartHub X1,oliver.miller,INTEGER,Dear {{customer}},IPO readiness,cf973283523e6d19f3ab813ce4717438cff5fee1a6af396be43e87d73106450f,NO,2018-05-09T19:13:49Z,Snowflake,robert.harris,XML,olivia.lee,YES,1,RFC 3339,_ga=3182565806.3789318,MATCHES '^[A-Z]+',Competitor Quantum Dynamics launched StreamLine ERP,"scalability, integration",OC9409,email,1068857158,snapshot,ee48baa81b3e1afbc4f4b2a3f71a479928bffaedbb5a9bdd40b407a44606cf14,Cost-plus 25%,GPL-3.0,application/pdf
Outstanding,HOLD-2026-819,Competitor Global Solutions launched NanoCore SDK,76,Figure 9: Overview,-62.275464,UTC,0,false,29.72%,"status IN ('active','pending')",iOS,Q1 2026: $71M projected,17 days,Salesforce,99.845% uptime,2024-09-26T06:33:18Z,liam.martin,2221695671498,40.3,2019-04-13T23:01:39Z,20071.2,Observation: backup schedule,5.1.78,"status IN ('active','pending')",6449.8,email,NOT NULL,SOAP/XML,5.2.89,PII encrypted at rest,indefinite,failed,57478,99.097% uptime,A = πr²,2021-10-25T15:16:11Z,"$148,712",2023-08-01 05:16:22,insert,https://example.com/users/59b9d958/profile,patricia.anderson,age >= 18,48.19,449.93,Competitor Pioneer Software launched SmartHub X1,e7b2e408b63ff001a22f54d6137f699f9360b8c073bc26a2da0f47145331b980,799 547 5756,Bohemian Rhapsody,3.8.33,BILL-594810,USD,Non-conformance: access control,Negative,_ga=3735708350.2547028,CREATE TABLE t (id INT PRIMARY KEY),Meets expectations,30 days,[CONFIDENTIAL] Formula #557,voice_801af0e6508c5014.wav,2025-08-28T01:04:06Z,Figure 10: Timeline,1 year,Step 3: Deploy the pipeline.,curated.users -> analytics,date > '2024',HOLD-2025-701,curated.events -> exports,source_col -> field_b,[CONFIDENTIAL] Formula #248,[CONFIDENTIAL] Formula #995,^\d{3}-\d{2}-\d{4}$,UTF-16,WBC: 263.4 g/dL,9.18,52 9 * * 1-5,9 21 * * 1-5,96.7235,Support,true,Q1 2020,UTF-8,Annual Expo 2026,F = ma,{{date}} - {{event}},E,jessica.walker,OpenAPI 3.0,59 14 * * 1-5,Competitor Pioneer Software launched VaultKeeper,liam.wright,FLOAT,Order #{{id}},Acquire competitor,2b9563337e73e20ed8748aeaa8247eb0433008573270b869d765bd95f0b9e463,NO,2023-04-12 02:48:43,Workday,emily.martin,Parquet,sarah.young,YES,false,RFC 3339,_ga=2148021683.8648806,BETWEEN 1 AND 100,Competitor Vertex Technologies launched CloudGuard,"cloud, reporting, security, analytics, data",OC7400,name,33928622,update,be4b83b9fc83a6012d3208203fe2bcc41134349b9f812c69ae05a7e008eda529,Value pricing,Apache-2.0,application/json
Exceeds expectations,HOLD-2024-540,Competitor Global Solutions launched Sentinel Monitor,63,Figure 15: Distribution,36.917044,UTC,1,false,40.01%,amount <= 10000,Windows,Q1 2026: $41M projected,199 days,Snowflake,99.531% uptime,2018-08-19 13:11:37,sophia.martin,3544534177887,25.6,2024-01-04 14:33:47,42010.6,Major finding: data retention,5.2.82,amount <= 10000,2137.3,status,amount <= 10000,SOAP/XML,4.11.46,MFA required for admin,1 year,failed,29234,99.514% uptime,A = πr²,2023-04-27 08:17:16,"$1,669,602",2025-08-12 08:25:39,upsert,https://example.com/users/e6a5c581/profile,jennifer.wright,"status IN ('active','pending')",16.79,498.58,Competitor Global Solutions launched Sentinel Monitor,2c2807e3a5a7f50da13c2d0116e010e45e882c043bbfa550edd55f26d1217f58,688 232 5742,Yesterday,4.2.97,BILL-889542,INR,Observation: backup schedule,Neutral,_ga=3927499763.6855193,"{""type"": ""object"", ""properties"": {}}",Exceeds expectations,30 days,[CONFIDENTIAL] Formula #281,voice_8a518768a289382a.wav,2026-02-05 03:55:22,Figure 12: Overview,7 days,Step 5: Monitor the service.,curated.orders -> exports,date < 'prod',HOLD-2022-940,curated.users -> analytics,field_a -> output,[CONFIDENTIAL] Formula #533,[CONFIDENTIAL] Formula #661,"\b\d{1,3}\.\d{1,3}\.\d{1,3}\.\d{1,3}\b",Latin-1,Cholesterol: 78.9 g/dL,9.63,"47 17 * * 0,6",28 2 * * *,96.3945,Operations,false,Q2 2021,UTF-8,Data Conference 2022,PV = nRT,Order #{{id}},O,aiden.brown,SOAP/XML,13 22 * * 1-5,Competitor Alpine Systems launched NanoCore SDK,william.lee,VARCHAR,Hello {{name}},Acquire competitor,91b87bbfeeeae8cbc297fae8da29a794c095b683b568b554f155a81302f4af5a,false,2019-07-10T05:45:08Z,Workday,logan.martinez,CSV,richard.harris,NO,1,IEEE 754,_ga=5525616425.6494766,NOT NULL,Competitor TechCo Industries launched AuditTrail Plus,"analytics, reporting, monitoring, cloud",KS8995,status,3072047328,snapshot,4669ae7e21b1ceca20feb63c373345051c8674ad86d78a5b7c9750eb6fa10322,Value pricing,Proprietary,application/json
Exceeds expectations,HOLD-2026-550,Competitor Global Solutions launched Sentinel Monitor,87,Figure 9: Overview,-122.165404,CET,false,CURRENT_TIMESTAMP,4.37%,"status IN ('active','pending')",Linux,Q2 2026: $93M projected,199 days,PostgreSQL,99.78% uptime,2020-01-16T22:59:44Z,olivia.garcia,7179413545938,-26.5,2026-11-14 15:20:22,27134.4,Non-conformance: access control,1.14.60,age >= 18,7007.3,created_at,age >= 18,gRPC/protobuf,3.6.11,Data retained for 7 years,30 days,cancelled,98619,99.818% uptime,F = ma,2026-06-16T14:08:28Z,"$8,387,403",2019-12-24 00:54:15,upsert,https://example.com/users/ef16a3a3/profile,david.garcia,"status IN ('active','pending')",26.17,298.67,Competitor Skyline Partners launched DataSync 3000,2c652564e75933b12a6f5c921172751600d03341d05e0b11cbb2bc9ebc2fdccf,579-241-5632,Yesterday,1.18.61,BILL-874905,CNY,Non-conformance: access control,Positive,_ga=8001967267.8730855,CREATE TABLE t (id INT PRIMARY KEY),Outstanding,indefinite,[CONFIDENTIAL] Formula #726,voice_39a08795c9182515.wav,2024-06-20 15:12:48,Figure 13: Comparison,indefinite,Step 5: Verify the system.,staging.users -> exports,status != '2024',HOLD-2025-738,curated.users -> reports,field_a -> output,[CONFIDENTIAL] Formula #236,[CONFIDENTIAL] Formula #168,^[A-Z]{2}\d{6}$,UTF-8,WBC: 206.9 K/uL,1.8,"59 2 * * 0,6",58 17 * * *,98.6377,Legal,false,Q2 2022,UTF-8,Data Forum 2020,BMI = kg/m²,{{date}} - {{event}},Q,aiden.williams,GraphQL,18 4 * * *,Competitor Pioneer Software launched FlexPay Platform,emily.martin,VARCHAR,Dear {{customer}},IPO readiness,03bd64c6f0ac93b80f0070b6f63b5fb20222ba201cb0eeff094e86cc6f118e03,false,2022-02-05T16:49:35Z,Snowflake,mary.robinson,CSV,jennifer.jones,YES,0,POSIX,_ga=6683405526.6012511,BETWEEN 1 AND 100,Competitor Beacon Analytics launched Widget Pro,"integration, automation, monitoring",UE1509,created_at,1827965879,delete,53e5f7dc26f61fec06deaaf7863f2e205ef973ea02d7d1a0e5411c99358b4766,Value pricing,MIT,image/png
Needs improvement,HOLD-2021-816,Competitor Meridian Health launched FlexPay Platform,76,Figure 1: Timeline,-76.893232,JST,0,'',-22.46%,amount <= 10000,Windows,Q1 2027: $52M projected,213 days,Kafka,99.717% uptime,2025-03-07 03:39:37,james.clark,8263940993003,40.0,2021-12-06 03:35:25,19859.0,Observation: backup schedule,4.13.16,"status IN ('active','pending')",2684.6,name,NOT NULL,REST/JSON,3.20.70,MFA required for admin,7 years,completed,2413,99.529% uptime,E = mc²,2026-01-10T03:38:10Z,"$8,600,518",2021-06-09T19:44:28Z,snapshot,https://example.com/users/a9c00bde/profile,linda.taylor,amount <= 10000,6.32,426.49,Competitor Alpine Systems launched FlexPay Platform,b949dbe95199786f2827bce2bb8d98026a56927b9b458ce8c6fb386a03625a06,(574) 560-7593,Imagine,4.1.81,BILL-494837,CNY,Major finding: data retention,Positive,_ga=0228741964.4880499,"{""type"": ""object"", ""properties"": {}}",Meets expectations,7 years,[CONFIDENTIAL] Formula #582,voice_9255d5531e38ff69.wav,2024-03-14T03:14:18Z,Figure 6: Timeline,30 days,Step 5: Verify the module.,staging.users -> exports,status = '2024',HOLD-2022-215,staging.users -> exports,field_a -> output,[CONFIDENTIAL] Formula #642,[CONFIDENTIAL] Formula #671,[a-zA-Z0-9._%+-]+@[a-zA-Z0-9.-]+,UTF-16,Cholesterol: 173.7 K/uL,1.51,17 12 * * 1-5,"10 3 * * 0,6",97.1282,Marketing,true,Q2 2020,ISO-8859-1,Tech Conference 2025,A = πr²,Dear {{customer}},D,linda.jones,REST/JSON,5 21 * * 1-5,Competitor Global Solutions launched VaultKeeper,richard.rodriguez,JSON,Dear {{customer}},IPO readiness,ddcbbbe2dd756198adaf3cdad2df4ceeba74b94ec2f87f1a2d878f29899cd0f9,NO,2022-12-25T14:30:11Z,Workday,sophia.lewis,Parquet,mason.wright,NO,CURRENT_TIMESTAMP,POSIX,_ga=0523620501.3670206,UNIQUE,Competitor Quantum Dynamics launched NanoCore SDK,"scalability, automation, reporting",ZG2585,type,76497409,snapshot,281564974cb2fa18b06693051e55b09f0b97ff8a2f4290ed2bb0256847690096,Market-based,MIT,text/html
Meets expectations,HOLD-2020-546,Competitor Alpine Systems launched SmartHub X1,87,Figure 8: Timeline,-177.18078,Europe/London,null,'',-25.79%,NOT NULL,iOS,Q2 2024: $28M projected,95 days,Kafka,99.932% uptime,2025-05-10T00:03:06Z,emma.walker,3713804211163,15.1,2022-01-12T21:19:13Z,43674.9,Non-conformance: access control,0.5.83,NOT NULL,7046.5,email,NOT NULL,gRPC/protobuf,4.11.80,PII encrypted at rest,1 year,cancelled,91141,99.425% uptime,E = mc²,2020-02-24 18:17:02,"$2,655,429",2025-05-20 06:23:28,delete,https://example.com/users/a17f8f3b/profile,ethan.king,"status IN ('active','pending')",8.04,766.22,Competitor Pacific Research Group launched NanoCore SDK,4daf418fef8c7474c7853167152c99587111c458dfefeaf7d133147ea4ff6141,623.469.6731,Hotel California,0.20.12,BILL-685679,EUR,Major finding: data retention,Mixed,_ga=3488793931.9747052,"{""type"": ""object"", ""properties"": {}}",Exceeds expectations,indefinite,[CONFIDENTIAL] Formula #927,voice_ef62756311f92401.wav,2026-03-28 16:55:26,Figure 5: Timeline,7 years,Step 4: Deploy the pipeline.,curated.events -> reports,status != '2024',HOLD-2020-697,curated.events -> analytics,field_a -> target_col,[CONFIDENTIAL] Formula #138,[CONFIDENTIAL] Formula #218,"\b\d{1,3}\.\d{1,3}\.\d{1,3}\.\d{1,3}\b",UTF-16,Hemoglobin: 290.6 g/dL,9.12,53 16 * * 1-5,38 22 * * *,95.0644,Sales,false,Q4 2022,ISO-8859-1,Global Conference 2022,E = mc²,Order #{{id}},W,amy.walker,gRPC/protobuf,25 2 * * 1-5,Competitor Global Solutions launched VaultKeeper,amy.martin,JSON,Dear {{customer}},Acquire competitor,62ddeb65ae9d87d40746f0d3bdc08794885f4449c28017b628f12d0c7a0be386,YES,2024-09-27T07:31:03Z,SAP,logan.clark,YAML,sarah.smith,false,'',RFC 3339,_ga=2147625754.6540423,NOT NULL,Competitor Beacon Analytics launched AuditTrail Plus,"analytics, security, compliance, reporting",YD638,created_at,68283797,update,b4b965a051b3d558d0bc6dcea2999c527148e25944c8b3d63071a405a13a6a28,Penetration,Apache-2.0,text/csv
Exceeds expectations,HOLD-2021-902,Competitor Alpine Systems launched StreamLine ERP,95,Figure 8: Distribution,48.502791,Europe/London,1,1,13.43%,"status IN ('active','pending')",macOS,Q4 2027: $61M projected,111 days,SAP,99.87% uptime,2022-06-18T04:30:08Z,harper.martin,3823912634221,-18.5,2019-10-04 09:14:19,48300.1,Observation: backup schedule,4.4.12,amount <= 10000,4514.6,status,amount <= 10000,OpenAPI 3.0,4.15.55,Data retained for 7 years,7 days,cancelled,55524,99.301% uptime,BMI = kg/m²,2022-05-25 11:57:09,"$1,126,140",2018-03-12 01:42:34,upsert,https://example.com/users/a4f026d8/profile,amy.white,amount <= 10000,24.81,774.35,Competitor Quantum Dynamics launched StreamLine ERP,297a1bce4f1955f8324e07addbb5fb9d7bb5d9129180498eb44468e95b4d8141,825 604 4214,Stairway to Heaven,3.16.80,BILL-984520,CHF,Observation: backup schedule,Negative,_ga=8135226044.2161159,CREATE TABLE t (id INT PRIMARY KEY),Meets expectations,30 days,[CONFIDENTIAL] Formula #480,voice_1cdc5b53dd1466bd.wav,2018-12-06T11:15:28Z,Figure 16: Timeline,7 years,Step 4: Deploy the module.,raw.users -> exports,type = 'active',HOLD-2025-403,curated.events -> exports,source_col -> output,[CONFIDENTIAL] Formula #815,[CONFIDENTIAL] Formula #751,"\b\d{1,3}\.\d{1,3}\.\d{1,3}\.\d{1,3}\b",ASCII,Cholesterol: 113.9 K/uL,6.78,59 8 * * 1-5,14 9 * * *,99.2659,Marketing,false,Q4 2020,UTF-8,Annual Expo 2021,PV = nRT,{{date}} - {{event}},V,olivia.lee,REST/JSON,22 5 * * 1-5,Competitor Skyline Partners launched AuditTrail Plus,michael.lee,JSON,Hello {{name}},Launch SaaS tier,4b202d876dd80fc9ac258fc69b17dfe64a23d94a36247c0786a5d88937324b86,false,2019-10-08T16:16:42Z,Salesforce,jennifer.rodriguez,XML,ethan.jones,false,0,W3C Date,_ga=2944288500.8032083,CHECK (val > 0),Competitor Global Solutions launched DataSync 3000,"data, cloud, reporting, scalability",VS2890,name,11273867,update,619c4dfffa406e7cc42abdc9d7def10e3d15329cf51bf6bfe755a08a625319b3,Market-based,BSD-3-Clause,application/pdf
Outstanding,HOLD-2022-485,Competitor Vertex Technologies launched DataSync 3000,22,Figure 17: Comparison,68.490819,America/New_York,0,null,23.97%,NOT NULL,macOS,Q4 2026: $77M projected,109 days,PostgreSQL,99.493% uptime,2020-06-22 15:09:14,robert.smith,9989283647224,26.3,2026-02-05T07:45:25Z,30845.5,Non-conformance: access control,2.18.58,"status IN ('active','pending')",1835.1,created_at,NOT NULL,gRPC/protobuf,5.3.56,PII encrypted at rest,30 days,rejected,40889,99.374% uptime,F = ma,2019-05-08 19:04:06,"$2,482,867",2020-06-02 08:18:31,delete,https://example.com/users/b67d8e5b/profile,michael.johnson,amount <= 10000,99.2,516.09,Competitor TechCo Industries launched DataSync 3000,8e9d5123419b91b3955cb3a75f2503fcf426003901d3cdf17fc01fab0492c5cd,(312) 897-9709,Stairway to Heaven,4.2.84,BILL-806060,BRL,Major finding: data retention,Neutral,_ga=5912942339.3693712,CREATE TABLE t (id INT PRIMARY KEY),Needs improvement,7 years,[CONFIDENTIAL] Formula #602,voice_f97fe91499abc49b.wav,2020-07-17T15:36:27Z,Figure 8: Timeline,30 days,Step 4: Verify the service.,raw.orders -> reports,type IN 'prod',HOLD-2024-553,raw.orders -> reports,source_col -> field_b,[CONFIDENTIAL] Formula #361,[CONFIDENTIAL] Formula #743,^\d{3}-\d{2}-\d{4}$,ISO-8859-1,Glucose: 120.2 K/uL,8.74,11 10 * * 1-5,"6 16 * * 0,6",96.7569,HR,false,Q1 2022,UTF-8,Tech Expo 2020,BMI = kg/m²,Order #{{id}},L,oliver.lewis,REST/JSON,50 15 * * 1-5,Competitor Alpine Systems launched StreamLine ERP,david.martinez,INTEGER,Order #{{id}},Expand APAC market,4882871b447b0c940473bdc36cfab1309bd23549467d2b4976f3de2e6d1f13d7,false,2022-06-10 02:20:26,Kafka,harper.garcia,JSON,mason.robinson,YES,'',W3C Date,_ga=3487865579.7152933,CHECK (val > 0),Competitor Catalyst Ventures launched FlexPay Platform,"security, performance",SX6109,name,968672118250,upsert,8dbf038c23d044c869fce54839c150d06298f673c312cb429c1fb5a77a9d5815,Cost-plus 25%,Proprietary,image/png
Exceeds expectations,HOLD-2023-298,Competitor DataCraft Inc launched AuditTrail Plus,107,Figure 1: Overview,32.597573,Europe/London,CURRENT_TIMESTAMP,'',10.59%,amount <= 10000,Android,Q3 2027: $47M projected,280 days,Kafka,99.154% uptime,2018-02-25 05:32:17,emma.anderson,5758709687400,-27.7,2018-07-04 04:01:18,36367.6,Major finding: data retention,3.16.99,"status IN ('active','pending')",3057.2,email,NOT NULL,SOAP/XML,3.16.8,PII encrypted at rest,indefinite,cancelled,79325,99.367% uptime,F = ma,2025-12-12T03:04:32Z,"$5,159,125",2026-12-07 03:00:51,update,https://example.com/users/da573356/profile,david.thomas,amount <= 10000,37.57,827.26,Competitor DataCraft Inc launched SmartHub X1,2984c46d11707fcb51e6b905a808da326b76012226d8744cfa316f8b09e1bda2,719-447-9572,Bohemian Rhapsody,1.19.4,BILL-457275,CNY,Major finding: data retention,Negative,_ga=1319347930.2029295,"{""type"": ""object"", ""properties"": {}}",Outstanding,indefinite,[CONFIDENTIAL] Formula #598,voice_74f12886bc7a6777.wav,2023-06-13T07:33:26Z,Figure 8: Comparison,7 days,Step 3: Initialize the service.,curated.events -> exports,type < 'active',HOLD-2021-968,staging.orders -> exports,input -> target_col,[CONFIDENTIAL] Formula #783,[CONFIDENTIAL] Formula #176,[a-zA-Z0-9._%+-]+@[a-zA-Z0-9.-]+,Latin-1,Cholesterol: 211.1 K/uL,9.93,32 16 * * *,"52 10 * * 0,6",99.7593,Operations,true,Q1 2025,ISO-8859-1,Annual Conference 2026,F = ma,Order #{{id}},H,amy.garcia,OpenAPI 3.0,"15 15 * * 0,6",Competitor Global Solutions launched Sentinel Monitor,lucas.walker,TIMESTAMP,Dear {{customer}},Launch SaaS tier,2ece5d2699cc9e079af8c140dce9c274e6d9dbcd38b397ff26e5a90176321443,YES,2020-08-20T16:22:58Z,Snowflake,jessica.jackson,Avro,michael.jones,NO,null,ISO 8601,_ga=1057321452.4710864,MATCHES '^[A-Z]+',Competitor Alpine Systems launched NanoCore SDK,"automation, analytics, data, performance",ZU2780,type,01587138,insert,6009b94e7914edae106bbe8f1225a9e9becb993f7c72e626a190d3e69129f837,Penetration,GPL-3.0,application/pdf
Exceeds expectations,HOLD-2025-237,Competitor Alpine Systems launched NanoCore SDK,67,Figure 1: Comparison,-93.554151,America/New_York,1,CURRENT_TIMESTAMP,-10.23%,NOT NULL,macOS,Q1 2024: $85M projected,107 days,SAP,99.64% uptime,2023-06-02T11:32:20Z,amy.young,5309217444292,21.5,2019-12-11 06:55:30,44047.2,Non-conformance: access control,5.3.46,age >= 18,9706.3,status,NOT NULL,GraphQL,2.3.43,PII encrypted at rest,30 days,cancelled,97393,99.842% uptime,PV = nRT,2020-08-03T17:57:23Z,"$9,306,708",2018-01-14T10:15:47Z,snapshot,https://example.com/users/8ffa9433/profile,michael.lee,"status IN ('active','pending')",22.98,395.98,Competitor DataCraft Inc launched VaultKeeper,462b743299b436d3c1458c7fe869d45c6d323136735a5503539d94baec75b85c,819.882.9476,Imagine,0.15.72,BILL-667100,CAD,Non-conformance: access control,Neutral,_ga=3358598306.5695688,message Msg { string id = 1; },Outstanding,30 days,[CONFIDENTIAL] Formula #697,voice_ddf15638a7b433ac.wav,2025-11-02T15:51:44Z,Figure 2: Timeline,30 days,Step 5: Deploy the pipeline.,staging.events -> analytics,date IN '2024',HOLD-2023-561,staging.events -> exports,source_col -> field_b,[CONFIDENTIAL] Formula #148,[CONFIDENTIAL] Formula #506,[a-zA-Z0-9._%+-]+@[a-zA-Z0-9.-]+,UTF-8,Cholesterol: 214.1 g/dL,9.47,36 22 * * 1-5,29 15 * * 1-5,95.4745,HR,false,Q4 2023,ASCII,Tech Conference 2021,PV = nRT,Dear {{customer}},F,liam.brown,gRPC/protobuf,33 15 * * 1-5,Competitor Beacon Analytics launched FlexPay Platform,harper.robinson,TIMESTAMP,Order #{{id}},Acquire competitor,296b941376c9fec04ba2ff72955acfc7fab6eeec572e4ef053691698eb0c0696,YES,2026-09-16T09:10:19Z,Snowflake,logan.thomas,XML,richard.white,YES,0,RFC 3339,_ga=2275468920.5592133,UNIQUE,Competitor Acme Corp launched Sentinel Monitor,"integration, compliance, cloud, performance",UV6339,created_at,775057019218,update,4af69ede56182b69667790e01ff3b5f1859eda94fd78a5d978bdd91646fc5d23,Market-based,MIT,image/png
Needs improvement,HOLD-2026-587,Competitor TechCo Industries launched NanoCore SDK,1,Figure 5: Distribution,-155.206538,CET,false,null,-7.18%,NOT NULL,iOS,Q1 2024: $38M projected,134 days,PostgreSQL,99.287% uptime,2019-07-09T03:00:10Z,william.miller,3860229350046,-14.5,2019-04-14 15:12:07,35804.2,Non-conformance: access control,0.2.20,amount <= 10000,6284.5,name,NOT NULL,OpenAPI 3.0,0.8.28,Data retained for 7 years,1 year,completed,93598,99.27% uptime,E = mc²,2023-01-03 14:22:33,"$1,362,240",2024-04-20T04:59:36Z,delete,https://example.com/users/dbb0da50/profile,susan.lewis,age >= 18,17.65,425.23,Competitor Pacific Research Group launched Widget Pro,84063e4152f843bb402b56312fcc42fb281d32fa69ab6df5967507ccb656d4b0,359 940 5588,Hotel California,1.12.78,BILL-242750,CNY,Non-conformance: access control,Positive,_ga=3600952573.3870966,message Msg { string id = 1; },Exceeds expectations,7 years,[CONFIDENTIAL] Formula #392,voice_eb7f0ca68b64bc13.wav,2018-11-17 13:05:09,Figure 11: Timeline,1 year,Step 4: Monitor the pipeline.,staging.orders -> analytics,date < 'prod',HOLD-2026-107,raw.users -> reports,source_col -> field_b,[CONFIDENTIAL] Formula #286,[CONFIDENTIAL] Formula #161,"\b\d{1,3}\.\d{1,3}\.\d{1,3}\.\d{1,3}\b",ASCII,Cholesterol: 180.8 g/dL,8.18,"27 1 * * 0,6",18 10 * * 1-5,95.5857,Sales,false,Q2 2021,ASCII,Global Conference 2020,BMI = kg/m²,Dear {{customer}},W,john.smith,GraphQL,"30 5 * * 0,6",Competitor Pacific Research Group launched VaultKeeper,linda.clark,JSON,Order #{{id}},Expand APAC market,29eda9ad977bf1cdbc5f5d5a25f7595e99c4895410a9b46814b4d7b6c287e926,NO,2025-08-27T01:06:32Z,Workday,lucas.martinez,YAML,william.young,NO,0,ISO 8601,_ga=8102031079.2537471,CHECK (val > 0),Competitor Global Solutions launched StreamLine ERP,"data, integration",ZP5920,id,5658688719,delete,4665b2514da5a671c845d6dc65a59158edef9509012ba597bd9d1d3e0ba4c490,Cost-plus 25%,MIT,application/pdf
Meets expectations,HOLD-2020-499,Competitor TechCo Industries launched StreamLine ERP,116,Figure 18: Overview,-102.736356,JST,false,'',-34.69%,amount <= 10000,Chrome OS,Q4 2026: $39M projected,348 days,Workday,99.617% uptime,2018-03-14T01:46:47Z,james.lewis,0730491211277,-6.7,2020-02-01T07:57:45Z,1507.9,Observation: backup schedule,0.0.76,"status IN ('active','pending')",8668.7,email,age >= 18,OpenAPI 3.0,5.11.4,PII encrypted at rest,indefinite,rejected,50248,99.156% uptime,E = mc²,2025-12-20T01:45:50Z,"$7,721,146",2022-01-03T04:50:08Z,insert,https://example.com/users/292c4a1a/profile,robert.garcia,amount <= 10000,37.4,569.72,Competitor Quantum Dynamics launched VaultKeeper,e20d891c6d17cf11548768ec58d41d397b090b8cb37f73f9218fc785b557585a,+18187477543,Stairway to Heaven,1.1.2,BILL-886010,INR,Major finding: data retention,Mixed,_ga=4474321476.5325000,message Msg { string id = 1; },Exceeds expectations,indefinite,[CONFIDENTIAL] Formula #122,voice_5fbdccc1e5e8fe6f.wav,2019-12-16T08:07:57Z,Figure 18: Overview,30 days,Step 1: Verify the system.,curated.users -> analytics,date IN 'prod',HOLD-2024-974,curated.orders -> reports,source_col -> target_col,[CONFIDENTIAL] Formula #764,[CONFIDENTIAL] Formula #439,[a-zA-Z0-9._%+-]+@[a-zA-Z0-9.-]+,UTF-8,Cholesterol: 212.7 mg/dL,6.5,59 10 * * *,20 5 * * 1-5,98.9159,Finance,false,Q1 2021,ASCII,Data Forum 2020,A = πr²,{{date}} - {{event}},V,elizabeth.jones,REST/JSON,36 23 * * *,Competitor Beacon Analytics launched SmartHub X1,emily.martinez,TEXT,{{date}} - {{event}},IPO readiness,5ed0da92a2bbc509c7df1eb8cf5ffd0aae7dd763293487dba44f6daa8ee8e585,NO,2025-07-25T11:09:40Z,PostgreSQL,emily.garcia,JSON,ethan.moore,false,0,RFC 3339,_ga=7998152402.4869243,MATCHES '^[A-Z]+',Competitor Acme Corp launched SmartHub X1,"security, data, analytics",VN802,email,3687417364,insert,a26e6451b0ab24cac34b1227018474c6feff7eae1a59d75ae80aacafe27d63f1,Cost-plus 25%,MIT,text/csv
Needs improvement,HOLD-2020-986,Competitor Beacon Analytics launched AuditTrail Plus,61,Figure 13: Comparison,-168.854628,PST,null,'',-11.11%,amount <= 10000,Chrome OS,Q1 2026: $9M projected,206 days,Kafka,99.875% uptime,2021-11-17T23:00:06Z,noah.walker,2189796481258,-0.4,2018-11-06T00:50:26Z,48889.6,Major finding: data retention,3.10.52,"status IN ('active','pending')",6162.5,amount,"status IN ('active','pending')",OpenAPI 3.0,1.19.26,Data retained for 7 years,7 years,pending,2305,99.992% uptime,E = mc²,2022-09-10 10:40:10,"$3,314,226",2023-07-16T04:26:41Z,insert,https://example.com/users/24e711bb/profile,sarah.rodriguez,NOT NULL,21.35,4.91,Competitor Vertex Technologies launched FlexPay Platform,1a2ed84c6cc5f3a5821e2c93f8636fa14c98de4f5004c54811f29b1ee412cda9,(885) 207-4418,Hotel California,0.9.58,BILL-364332,CAD,Observation: backup schedule,Positive,_ga=6745455460.4444246,message Msg { string id = 1; },Outstanding,indefinite,[CONFIDENTIAL] Formula #852,voice_cfb5be4065c152cc.wav,2022-05-07T07:52:03Z,Figure 2: Comparison,1 year,Step 4: Verify the system.,raw.users -> exports,type != 'active',HOLD-2022-600,curated.events -> reports,input -> target_col,[CONFIDENTIAL] Formula #944,[CONFIDENTIAL] Formula #651,^\d{3}-\d{2}-\d{4}$,ISO-8859-1,Hemoglobin: 99.3 K/uL,9.36,"21 4 * * 0,6",52 2 * * *,97.4868,Operations,false,Q1 2021,Latin-1,Global Summit 2023,F = ma,Dear {{customer}},B,robert.robinson,gRPC/protobuf,25 9 * * 1-5,Competitor Pioneer Software launched FlexPay Platform,robert.williams,BOOLEAN,Hello {{name}},Acquire competitor,b5f8aa93c7b59dcb6f7ecdda756475ca985a06198b4ce5732c316f1fa059d97f,YES,2024-06-07T07:56:04Z,PostgreSQL,olivia.lewis,YAML,olivia.taylor,NO,null,ISO 8601,_ga=4886352825.1244683,MATCHES '^[A-Z]+',Competitor Skyline Partners launched DataSync 3000,"integration, reporting",US5087,type,478005808973,delete,1fe0e815b0489294ec3e9fef717cad7906e838ab7ef80b50ebbaa244be892048,Penetration,MIT,text/csv
Outstanding,HOLD-2023-227,Competitor Vertex Technologies launched StreamLine ERP,72,Figure 11: Timeline,-144.985972,PST,'',false,-11.9%,amount <= 10000,Linux,Q1 2026: $17M projected,287 days,Salesforce,99.236% uptime,2024-10-08 04:37:31,oliver.smith,7590737317330,-31.4,2022-12-08 08:20:32,16598.0,Non-conformance: access control,4.12.40,NOT NULL,889.2,id,amount <= 10000,OpenAPI 3.0,5.2.74,Data retained for 7 years,30 days,completed,60102,99.798% uptime,A = πr²,2022-10-28 09:24:30,"$2,119,329",2022-04-01 07:26:19,upsert,https://example.com/users/032dbbb4/profile,linda.lee,amount <= 10000,11.59,881.5,Competitor Catalyst Ventures launched StreamLine ERP,c39fe009a14e6195e9c90483299154f0d1cd1c072610d65085575794f083fb28,227-219-7822,Hotel California,5.16.10,BILL-737073,BRL,Non-conformance: access control,Neutral,_ga=5554900816.6252181,"{""type"": ""object"", ""properties"": {}}",Outstanding,7 years,[CONFIDENTIAL] Formula #833,voice_87d05b3907a7cd0f.wav,2026-04-16 20:12:30,Figure 16: Comparison,1 year,Step 2: Deploy the system.,staging.users -> exports,status > 'active',HOLD-2020-548,raw.orders -> reports,field_a -> field_b,[CONFIDENTIAL] Formula #573,[CONFIDENTIAL] Formula #714,^[A-Z]{2}\d{6}$,ASCII,Glucose: 284.6 mg/dL,3.71,"0 10 * * 0,6","34 1 * * 0,6",97.448,Engineering,false,Q1 2024,UTF-8,Annual Forum 2021,E = mc²,Order #{{id}},S,james.williams,OpenAPI 3.0,"34 20 * * 0,6",Competitor Alpine Systems launched Widget Pro,emma.jones,FLOAT,Order #{{id}},Launch SaaS tier,2aaa5183b1d243384123bcb9d61d8ecfc3bc569f8d2492a3a13403d625afa87f,false,2024-06-22 11:53:26,Kafka,susan.king,Parquet,lucas.williams,NO,0,RFC 3339,_ga=9743225552.5029443,NOT NULL,Competitor Catalyst Ventures launched AuditTrail Plus,"security, cloud, monitoring, automation, integration",XY1142,status,59553227,snapshot,67bfeb8ae42aa4e985488fc9f4c0ea913019343d12c4df39eae663dde3a121a6,Value pricing,GPL-3.0,application/json
Needs improvement,HOLD-2026-684,Competitor Skyline Partners launched NanoCore SDK,62,Figure 12: Distribution,102.267053,Europe/London,1,CURRENT_TIMESTAMP,49.85%,amount <= 10000,Chrome OS,Q4 2024: $87M projected,357 days,PostgreSQL,99.621% uptime,2023-01-23 00:24:39,jennifer.robinson,8836025242966,-10.9,2019-06-14T11:15:01Z,5550.4,Observation: backup schedule,0.8.89,NOT NULL,2215.5,email,amount <= 10000,gRPC/protobuf,5.5.94,MFA required for admin,7 years,approved,91798,99.57% uptime,A = πr²,2026-09-28T02:53:52Z,"$3,441,213",2023-05-24T10:45:43Z,insert,https://example.com/users/83241919/profile,liam.smith,NOT NULL,41.9,360.91,Competitor Catalyst Ventures launched AuditTrail Plus,1f4d81930ce3a0248b65d713965d07ad5159a9fc23a6811a9373b004cfcb4b6b,(890) 524-4046,Stairway to Heaven,0.4.29,BILL-842387,AUD,Non-conformance: access control,Neutral,_ga=1613600723.6882685,CREATE TABLE t (id INT PRIMARY KEY),Meets expectations,30 days,[CONFIDENTIAL] Formula #893,voice_cea795bfab23c40c.wav,2026-10-17 00:55:54,Figure 6: Distribution,30 days,Step 5: Deploy the pipeline.,staging.users -> analytics,date > 'active',HOLD-2024-277,curated.users -> exports,source_col -> field_b,[CONFIDENTIAL] Formula #591,[CONFIDENTIAL] Formula #941,^\d{3}-\d{2}-\d{4}$,Latin-1,WBC: 158.5 g/dL,5.96,51 3 * * 1-5,49 12 * * *,96.96,HR,false,Q3 2026,UTF-16,Tech Conference 2024,BMI = kg/m²,{{date}} - {{event}},I,harper.jackson,gRPC/protobuf,"0 8 * * 0,6",Competitor Alpine Systems launched AuditTrail Plus,anna.taylor,TEXT,Dear {{customer}},Launch SaaS tier,732fc20a4ebc13bd642458bcce4eebe789a3e3a69b70f7a53ea94323b9f245a1,NO,2021-06-15T15:06:19Z,SAP,patricia.lewis,CSV,lucas.king,false,false,IEEE 754,_ga=7570170633.6761084,UNIQUE,Competitor TechCo Industries launched VaultKeeper,"data, performance, integration, analytics, reporting",JG6555,name,80466073,delete,1b224d279e7fb7b5bad331a5ebdc23e30203e7cc88cc2497958fe7b04c348599,Penetration,Apache-2.0,application/xml
Meets expectations,HOLD-2025-505,Competitor Alpine Systems launched StreamLine ERP,115,Figure 1: Timeline,14.089828,UTC,CURRENT_TIMESTAMP,0,20.45%,"status IN ('active','pending')",Android,Q2 2025: $16M projected,86 days,Workday,99.01% uptime,2021-03-27 21:23:03,mason.moore,6561262914418,-3.7,2020-10-07 21:03:03,36044.7,Non-conformance: access control,3.19.88,NOT NULL,8180.9,created_at,age >= 18,gRPC/protobuf,1.6.29,MFA required for admin,7 years,rejected,75053,99.776% uptime,A = πr²,2026-05-23T20:32:21Z,"$9,774,015",2020-12-27 13:14:42,insert,https://example.com/users/17f56ae0/profile,emily.walker,NOT NULL,57.32,561.68,Competitor Alpine Systems launched CloudGuard,8a409e2552e0bc5e0d1f5ba193db3ca3f726f34dec8d04df68207d976b7d52b2,378 296 1153,Stairway to Heaven,1.19.74,BILL-800215,GBP,Observation: backup schedule,Negative,_ga=9682414303.9696077,CREATE TABLE t (id INT PRIMARY KEY),Meets expectations,indefinite,[CONFIDENTIAL] Formula #763,voice_4d6715041874121d.wav,2026-07-23T12:27:08Z,Figure 17: Overview,7 days,Step 2: Deploy the pipeline.,raw.users -> reports,date < 'prod',HOLD-2025-217,staging.events -> exports,input -> target_col,[CONFIDENTIAL] Formula #996,[CONFIDENTIAL] Formula #923,^\d{3}-\d{2}-\d{4}$,ISO-8859-1,Cholesterol: 109.6 K/uL,6.93,33 5 * * *,9 11 * * *,99.5793,HR,false,Q2 2026,ASCII,Global Forum 2021,PV = nRT,{{date}} - {{event}},F,michael.martinez,gRPC/protobuf,"23 18 * * 0,6",Competitor Vertex Technologies launched SmartHub X1,robert.walker,FLOAT,Dear {{customer}},Launch SaaS tier,972bff57220d9544fe4f6cd489d70cda0cc884836305011061c844247de1336a,NO,2020-06-26 06:37:48,PostgreSQL,linda.thompson,YAML,logan.jackson,NO,null,W3C Date,_ga=9260687025.4848701,CHECK (val > 0),Competitor Pacific Research Group launched SmartHub X1,"scalability, automation",HC2346,created_at,643010938030,upsert,16bef899ca9c9aeffb369e2619a2b0b4c59dc163dc7f6b438c7cd63aa5b088cd,Market-based,BSD-3-Clause,application/pdf
Outstanding,HOLD-2025-932,Competitor Acme Corp launched Widget Pro,11,Figure 20: Overview,-86.602253,UTC,null,false,0.25%,age >= 18,Chrome OS,Q1 2025: $7M projected,297 days,Salesforce,99.754% uptime,2025-06-13T13:28:36Z,sarah.lewis,9739573066943,17.5,2022-11-23T05:50:09Z,39284.1,Observation: backup schedule,5.4.13,"status IN ('active','pending')",9229.8,name,"status IN ('active','pending')",REST/JSON,2.0.99,MFA required for admin,indefinite,inactive,59793,99.918% uptime,PV = nRT,2025-09-23 13:07:10,"$9,880,304",2022-11-14T23:21:06Z,snapshot,https://example.com/users/94f6f719/profile,aiden.rodriguez,age >= 18,82.21,608.0,Competitor Global Solutions launched CloudGuard,f46c48599b6171997e01770d49ccd5f8994351210bde3d1101ebcec7d3bfeec5,514-929-1651,Bohemian Rhapsody,1.6.18,BILL-773263,AUD,Observation: backup schedule,Negative,_ga=6563824086.6896836,CREATE TABLE t (id INT PRIMARY KEY),Needs improvement,1 year,[CONFIDENTIAL] Formula #940,voice_7d5ab5afc162797d.wav,2019-07-24T10:06:48Z,Figure 20: Comparison,1 year,Step 3: Monitor the service.,raw.users -> reports,date = '2024',HOLD-2022-759,staging.users -> exports,input -> field_b,[CONFIDENTIAL] Formula #323,[CONFIDENTIAL] Formula #837,^[A-Z]{2}\d{6}$,UTF-8,Cholesterol: 297.1 g/dL,4.12,16 12 * * 1-5,34 7 * * 1-5,99.4553,Engineering,true,Q2 2023,UTF-16,Global Expo 2020,F = ma,Order #{{id}},B,oliver.lewis,OpenAPI 3.0,43 14 * * 1-5,Competitor Meridian Health launched NanoCore SDK,amy.jones,VARCHAR,Dear {{customer}},IPO readiness,fab244f45ae520d0f26c6f3060d47ac012ed6864e1538e4b4c27ab21aaea3335,true,2022-10-18 07:58:09,SAP,anna.walker,Parquet,emma.robinson,YES,0,RFC 3339,_ga=6853286663.9662377,NOT NULL,Competitor Vertex Technologies launched SmartHub X1,"monitoring, compliance, scalability",SC2929,amount,401875140202,insert,ae593e3c03d365e68eb2fd0488a3732418cf8c5f232d6c76fc2cad31aaaf9b4b,Cost-plus 25%,MIT,application/json
Needs improvement,HOLD-2025-880,Competitor Pacific Research Group launched Sentinel Monitor,52,Figure 18: Comparison,154.489558,EST,false,null,-28.44%,amount <= 10000,macOS,Q3 2025: $42M projected,180 days,Workday,99.476% uptime,2020-10-26 17:23:02,ethan.thompson,1842691104920,-34.5,2020-11-21T15:02:57Z,26139.4,Non-conformance: access control,3.19.39,amount <= 10000,4629.8,type,age >= 18,REST/JSON,0.13.51,PII encrypted at rest,7 days,cancelled,49053,99.115% uptime,BMI = kg/m²,2024-12-28T17:05:52Z,"$3,192,926",2020-01-22T02:09:35Z,delete,https://example.com/users/238ee79b/profile,emily.king,amount <= 10000,26.37,464.77,Competitor Skyline Partners launched VaultKeeper,c2ef25d5ba223c17ad876e6022c788434594e79f2b4af704d77b0500c5d95ec6,608.294.7652,Imagine,3.18.69,BILL-495828,CNY,Non-conformance: access control,Mixed,_ga=1196687191.4162709,"{""type"": ""object"", ""properties"": {}}",Meets expectations,30 days,[CONFIDENTIAL] Formula #877,voice_3b1630a6a2aa740e.wav,2020-05-05 22:12:37,Figure 5: Distribution,indefinite,Step 2: Deploy the module.,curated.events -> reports,status != '2024',HOLD-2023-929,staging.events -> exports,input -> target_col,[CONFIDENTIAL] Formula #919,[CONFIDENTIAL] Formula #505,^\d{3}-\d{2}-\d{4}$,UTF-16,Cholesterol: 138.9 mg/dL,1.08,18 14 * * *,"22 9 * * 0,6",95.6185,HR,false,Q3 2021,ASCII,Tech Conference 2020,E = mc²,Hello {{name}},N,mary.jackson,OpenAPI 3.0,"33 15 * * 0,6",Competitor Pacific Research Group launched Sentinel Monitor,jennifer.anderson,TIMESTAMP,Hello {{name}},IPO readiness,2ec4b9f75e2818d398dc3f65edfb60527c66673079b7e718751992853c87b0e4,YES,2026-08-20 05:50:35,Snowflake,james.martinez,YAML,jessica.harris,false,false,RFC 3339,_ga=6819707977.8001552,MATCHES '^[A-Z]+',Competitor Meridian Health launched VaultKeeper,"scalability, cloud",BT4999,created_at,05823008,snapshot,ec9f1a4dbc32b09a42c52b1b9977238148e65ab2d1f06cc4f5709df58e6a6ad7,Premium,GPL-3.0,text/csv
Meets expectations,HOLD-2022-689,Competitor Alpine Systems launched CloudGuard,4,Figure 11: Timeline,-110.157022,EST,'',null,-6.16%,amount <= 10000,Android,Q1 2026: $72M projected,61 days,Workday,99.569% uptime,2025-07-25T21:25:46Z,ethan.walker,4665368353332,47.9,2024-02-19 15:59:27,26989.8,Observation: backup schedule,5.9.25,NOT NULL,715.1,name,NOT NULL,SOAP/XML,3.1.70,MFA required for admin,7 days,active,18211,99.807% uptime,PV = nRT,2024-12-13 10:06:39,"$7,631,664",2018-11-06T04:02:25Z,upsert,https://example.com/users/e5982b7b/profile,william.smith,"status IN ('active','pending')",93.78,213.9,Competitor Skyline Partners launched Widget Pro,ca296f1d4b3305ce86bd51cbd70c9bbf8306d4deda20a7eef582d43abe85ca5f,(793) 406-1313,Imagine,4.2.51,BILL-357191,USD,Major finding: data retention,Mixed,_ga=9222766242.6640089,message Msg { string id = 1; },Outstanding,1 year,[CONFIDENTIAL] Formula #458,voice_1c92e0f72c3e8c98.wav,2019-08-23T13:35:47Z,Figure 2: Timeline,30 days,Step 3: Initialize the service.,raw.events -> exports,type = 'prod',HOLD-2025-502,curated.events -> analytics,field_a -> field_b,[CONFIDENTIAL] Formula #583,[CONFIDENTIAL] Formula #724,"\b\d{1,3}\.\d{1,3}\.\d{1,3}\.\d{1,3}\b",Latin-1,WBC: 227.3 K/uL,5.36,14 12 * * 1-5,2 7 * * *,96.8438,HR,false,Q4 2026,UTF-8,Annual Forum 2024,E = mc²,Dear {{customer}},L,sarah.rodriguez,REST/JSON,11 1 * * 1-5,Competitor Alpine Systems launched Widget Pro,john.martin,BOOLEAN,Dear {{customer}},Expand APAC market,276073cc62680b1120de1311204f17f97a8f4adcf51cff8b3539b468f6ffab12,false,2026-07-27 05:25:53,SAP,mary.smith,CSV,aiden.lee,true,CURRENT_TIMESTAMP,W3C Date,_ga=1795502687.4032465,CHECK (val > 0),Competitor Skyline Partners launched AuditTrail Plus,"analytics, reporting, cloud",EP9338,created_at,596559427870,update,912d030a4e38847caeea94792a0af3e4f1bc2407a92ea4792d7a09f9a4b065ef,Value pricing,MIT,application/xml
Meets expectations,HOLD-2022-713,Competitor Pioneer Software launched DataSync 3000,24,Figure 8: Comparison,-50.029685,UTC,CURRENT_TIMESTAMP,1,17.98%,"status IN ('active','pending')",Android,Q4 2025: $96M projected,41 days,Salesforce,99.984% uptime,2026-03-28T18:59:11Z,patricia.taylor,3653808622138,39.2,2021-08-09 08:07:38,21934.1,Major finding: data retention,4.7.48,NOT NULL,2596.6,id,age >= 18,REST/JSON,2.6.19,MFA required for admin,30 days,cancelled,94564,99.77% uptime,PV = nRT,2024-05-11 10:31:44,"$3,688,391",2025-06-02 01:24:33,delete,https://example.com/users/dbce592a/profile,emily.rodriguez,NOT NULL,14.36,81.06,Competitor Meridian Health launched AuditTrail Plus,f4d10fe825675ecfd0bf79c960775f1b49185922c3ad3b0b726a9a86099e7d9b,825-410-8038,Imagine,5.20.62,BILL-684903,USD,Non-conformance: access control,Positive,_ga=5821206970.1369334,"{""type"": ""object"", ""properties"": {}}",Outstanding,indefinite,[CONFIDENTIAL] Formula #710,voice_9b2d8b6af8b1a805.wav,2026-05-07 08:38:37,Figure 6: Timeline,7 years,Step 2: Initialize the pipeline.,staging.users -> reports,date != 'active',HOLD-2026-175,curated.users -> reports,source_col -> output,[CONFIDENTIAL] Formula #995,[CONFIDENTIAL] Formula #705,^[A-Z]{2}\d{6}$,Latin-1,Glucose: 134.5 mg/dL,3.63,56 17 * * 1-5,"7 20 * * 0,6",97.9285,Sales,false,Q4 2020,Latin-1,Tech Expo 2022,PV = nRT,{{date}} - {{event}},K,david.young,REST/JSON,3 1 * * 1-5,Competitor Alpine Systems launched DataSync 3000,jennifer.thompson,INTEGER,Hello {{name}},IPO readiness,e077aa67d1e7206238937c2a266ab178d188282f4ab527430a285a36639478a5,YES,2026-01-12 08:29:30,Snowflake,sophia.davis,Parquet,lucas.thompson,true,'',W3C Date,_ga=9695743763.5727593,CHECK (val > 0),Competitor Pioneer Software launched SmartHub X1,"compliance, integration, analytics, performance, automation",OO3501,status,656839170364,delete,8ab243a51df1ac8f2c970cd1c234a5ef7c170c00509385a9ffbe13f06f8f2cb4,Market-based,Apache-2.0,application/json
Exceeds expectations,HOLD-2023-537,Competitor Acme Corp launched Sentinel Monitor,120,Figure 20: Comparison,97.261907,UTC,null,1,-21.18%,NOT NULL,iOS,Q4 2025: $64M projected,123 days,Salesforce,99.266% uptime,2024-11-09 08:33:55,lucas.williams,9176155068586,6.9,2018-12-03 22:12:47,32525.0,Major finding: data retention,1.3.17,age >= 18,5244.0,created_at,"status IN ('active','pending')",SOAP/XML,5.7.64,PII encrypted at rest,7 days,active,79545,99.807% uptime,E = mc²,2019-01-15T21:35:54Z,"$7,441,942",2024-12-03 13:34:59,insert,https://example.com/users/33002cc6/profile,william.anderson,NOT NULL,50.87,598.16,Competitor TechCo Industries launched FlexPay Platform,94fd943ea6fa486f175b698c5de3e34c3bbee358530b6ecaaa43d4309968daa3,792.261.2710,Bohemian Rhapsody,3.0.89,BILL-955793,EUR,Observation: backup schedule,Mixed,_ga=3945838223.1465306,message Msg { string id = 1; },Outstanding,indefinite,[CONFIDENTIAL] Formula #594,voice_859faa2d9ba1b53c.wav,2025-08-05T01:21:21Z,Figure 12: Distribution,7 years,Step 1: Verify the service.,curated.orders -> analytics,type IN '2024',HOLD-2022-486,raw.users -> exports,field_a -> target_col,[CONFIDENTIAL] Formula #314,[CONFIDENTIAL] Formula #185,^\d{3}-\d{2}-\d{4}$,UTF-8,Cholesterol: 63.9 K/uL,8.83,0 17 * * 1-5,"51 4 * * 0,6",95.3912,Marketing,false,Q3 2022,Latin-1,Data Expo 2023,BMI = kg/m²,{{date}} - {{event}},F,richard.davis,REST/JSON,"19 10 * * 0,6",Competitor Catalyst Ventures launched StreamLine ERP,lucas.robinson,TIMESTAMP,Dear {{customer}},Acquire competitor,76c6d87730bbde3cf6b915668d8fb57a89cf3d6fcb420ab3cac8ec1e46e1feb8,NO,2022-04-13 06:55:55,Snowflake,emily.king,JSON,harper.davis,YES,0,POSIX,_ga=7510614923.3807946,MATCHES '^[A-Z]+',Competitor Global Solutions launched NanoCore SDK,"scalability, security, compliance, performance",UI7367,email,4408577120,update,e375b30d6d07d1a422661c59c6c530cddb5b6b41a9e35beb93f870754cb55581,Cost-plus 25%,CC BY 4.0,application/json
Needs improvement,HOLD-2021-467,Competitor Pioneer Software launched Widget Pro,34,Figure 1: Overview,63.805669,CET,'',null,31.04%,age >= 18,iOS,Q3 2025: $30M projected,307 days,Workday,99.64% uptime,2022-04-26T19:36:31Z,james.davis,7265403183856,31.3,2019-01-16 23:00:29,48087.6,Observation: backup schedule,4.10.81,NOT NULL,8433.0,created_at,age >= 18,OpenAPI 3.0,1.8.17,Data retained for 7 years,1 year,approved,53248,99.718% uptime,F = ma,2020-01-23T03:26:49Z,"$3,584,889",2021-03-11 07:31:49,delete,https://example.com/users/53cc83bb/profile,liam.king,amount <= 10000,69.17,415.63,Competitor DataCraft Inc launched VaultKeeper,ad14704f40e63a1ba144091ae082fe2973a595a87a761a21f6e5a67f68f52553,+15724824633,Imagine,2.18.78,BILL-318455,GBP,Observation: backup schedule,Mixed,_ga=5464763228.5504036,"{""type"": ""object"", ""properties"": {}}",Meets expectations,1 year,[CONFIDENTIAL] Formula #515,voice_6c5e47822fa25ceb.wav,2023-02-04 01:41:48,Figure 17: Comparison,7 years,Step 1: Deploy the pipeline.,raw.users -> reports,status IN 'active',HOLD-2024-580,staging.orders -> reports,field_a -> output,[CONFIDENTIAL] Formula #907,[CONFIDENTIAL] Formula #302,[a-zA-Z0-9._%+-]+@[a-zA-Z0-9.-]+,UTF-8,Hemoglobin: 83.3 g/dL,3.51,15 17 * * *,17 9 * * 1-5,98.5615,HR,false,Q1 2025,UTF-16,Annual Conference 2023,F = ma,{{date}} - {{event}},G,emma.lewis,OpenAPI 3.0,"26 6 * * 0,6",Competitor Quantum Dynamics launched Sentinel Monitor,jennifer.thomas,TIMESTAMP,Hello {{name}},Acquire competitor,74d44153f277597f9edc62fa4602dd33701b5ecf37382354e58a53603b46a174,YES,2026-02-03 19:55:37,Workday,william.jones,XML,william.taylor,NO,1,ISO 8601,_ga=0473101868.7433596,CHECK (val > 0),Competitor Vertex Technologies launched FlexPay Platform,"scalability, integration, performance",EB9075,status,33702040,snapshot,4b65f3cdf951a4a19d9c02f4a7c707ab6633c9116bba4c8b4a0f25f1f9048a7c,Penetration,MIT,image/png
Needs improvement,HOLD-2022-382,Competitor Pioneer Software launched CloudGuard,34,Figure 6: Comparison,58.36118,CET,CURRENT_TIMESTAMP,1,13.75%,"status IN ('active','pending')",Windows,Q3 2024: $68M projected,177 days,Kafka,99.637% uptime,2022-08-08 21:08:57,michael.williams,7153294257896,-14.6,2024-12-24T10:07:31Z,40732.1,Major finding: data retention,4.15.5,NOT NULL,9772.8,status,age >= 18,REST/JSON,4.0.98,Data retained for 7 years,30 days,approved,1562,99.215% uptime,BMI = kg/m²,2025-10-10 17:25:16,"$3,027,125",2019-07-13T22:19:37Z,upsert,https://example.com/users/0795f124/profile,logan.taylor,NOT NULL,93.28,79.45,Competitor Meridian Health launched NanoCore SDK,d8ac4e6349311efbb955aae79cb23375d8cda59531f5f940fc9c7f90ceb9d66e,611-576-8632,Yesterday,4.3.0,BILL-732789,CHF,Major finding: data retention,Neutral,_ga=4761357993.5625488,message Msg { string id = 1; },Needs improvement,7 years,[CONFIDENTIAL] Formula #693,voice_a9a2de25279704d7.wav,2024-03-17T02:51:47Z,Figure 16: Comparison,indefinite,Step 5: Deploy the system.,raw.orders -> reports,date != '2024',HOLD-2026-745,staging.events -> exports,source_col -> field_b,[CONFIDENTIAL] Formula #628,[CONFIDENTIAL] Formula #430,^[A-Z]{2}\d{6}$,Latin-1,Cholesterol: 230.2 g/dL,5.03,28 22 * * 1-5,"31 9 * * 0,6",95.7952,Finance,false,Q1 2020,UTF-8,Data Conference 2023,BMI = kg/m²,Dear {{customer}},P,jennifer.thompson,OpenAPI 3.0,"56 17 * * 0,6",Competitor Meridian Health launched DataSync 3000,elizabeth.taylor,TEXT,{{date}} - {{event}},Launch SaaS tier,35c73e273a68fc40ffdf49d6302482d3cf1c820e28844c114dc68f93e8f9921f,false,2019-11-11 08:09:48,Kafka,oliver.johnson,CSV,liam.anderson,true,CURRENT_TIMESTAMP,ISO 8601,_ga=7766293999.9689616,BETWEEN 1 AND 100,Competitor Catalyst Ventures launched FlexPay Platform,"security, data",II657,status,9851661788,insert,60c8974c78231d35aa439f431379e4fd9374446ce85b9da91541bd30c170b295,Penetration,Apache-2.0,image/png
Meets expectations,HOLD-2024-915,Competitor Catalyst Ventures launched DataSync 3000,34,Figure 16: Distribution,68.932082,UTC,null,false,10.79%,"status IN ('active','pending')",Linux,Q1 2024: $51M projected,70 days,Snowflake,99.421% uptime,2023-07-27T16:12:53Z,oliver.thompson,3751327404298,16.5,2020-02-07T09:03:30Z,46160.9,Non-conformance: access control,2.4.92,NOT NULL,648.0,name,"status IN ('active','pending')",OpenAPI 3.0,5.8.53,MFA required for admin,1 year,pending,96449,99.713% uptime,PV = nRT,2018-01-15 16:16:32,"$8,163,179",2024-11-23T00:58:11Z,delete,https://example.com/users/ce49af4c/profile,elizabeth.young,NOT NULL,10.35,558.34,Competitor Catalyst Ventures launched CloudGuard,cc0f0f90160ca0ac0828aaee23336f3a3c250666246be43f5d6ecdc9700ea356,+19294829862,Stairway to Heaven,1.9.88,BILL-861455,EUR,Observation: backup schedule,Negative,_ga=6817364888.7293747,message Msg { string id = 1; },Outstanding,30 days,[CONFIDENTIAL] Formula #486,voice_97482ee7208b9ed3.wav,2024-07-20T23:10:31Z,Figure 3: Distribution,1 year,Step 4: Configure the system.,curated.orders -> analytics,type = '2024',HOLD-2024-973,staging.events -> exports,input -> target_col,[CONFIDENTIAL] Formula #943,[CONFIDENTIAL] Formula #248,[a-zA-Z0-9._%+-]+@[a-zA-Z0-9.-]+,UTF-8,Cholesterol: 177.8 mg/dL,3.66,"43 8 * * 0,6","48 19 * * 0,6",97.2492,Operations,true,Q3 2023,ASCII,Tech Expo 2026,PV = nRT,Order #{{id}},F,amy.jackson,gRPC/protobuf,14 17 * * *,Competitor Meridian Health launched Sentinel Monitor,anna.robinson,JSON,Hello {{name}},IPO readiness,d47dcd808ffcfbfcef7fe046b081994b1439ffe9a16f014b9a0150d3ca93f4b8,NO,2025-01-17 15:04:48,Salesforce,michael.smith,Parquet,aiden.moore,true,1,RFC 3339,_ga=8557603817.4359301,UNIQUE,Competitor TechCo Industries launched CloudGuard,"analytics, performance",JL911,created_at,222960497047,upsert,5dba006d8fef8a7d93ad5bf3a957a2b6bff794a07504e54e9546fcd792ccc658,Premium,GPL-3.0,application/xml
Exceeds expectations,HOLD-2022-188,Competitor Global Solutions launched FlexPay Platform,96,Figure 15: Overview,-44.227093,EST,'',null,-38.11%,NOT NULL,Android,Q3 2027: $33M projected,344 days,SAP,99.63% uptime,2022-11-10T20:57:23Z,david.johnson,5237081060003,39.7,2022-03-18 01:45:23,35683.5,Non-conformance: access control,0.15.88,NOT NULL,7940.1,status,age >= 18,GraphQL,3.8.91,PII encrypted at rest,7 days,pending,29985,99.136% uptime,F = ma,2023-08-26T06:49:21Z,"$1,196,031",2024-09-04T06:23:49Z,delete,https://example.com/users/404db52f/profile,emma.thompson,amount <= 10000,97.64,475.23,Competitor Global Solutions launched Widget Pro,d4a136bfc82f7bcf2737b6b2a24538d486a8eb57063c81603575d619bdf1a491,960.290.4594,Stairway to Heaven,1.4.93,BILL-264279,EUR,Major finding: data retention,Positive,_ga=5116442168.1509177,CREATE TABLE t (id INT PRIMARY KEY),Outstanding,1 year,[CONFIDENTIAL] Formula #466,voice_41c85eebc01b6021.wav,2020-03-04T04:15:52Z,Figure 4: Distribution,30 days,Step 4: Initialize the service.,curated.events -> reports,type < 'prod',HOLD-2023-418,curated.orders -> analytics,field_a -> output,[CONFIDENTIAL] Formula #141,[CONFIDENTIAL] Formula #441,[a-zA-Z0-9._%+-]+@[a-zA-Z0-9.-]+,UTF-16,Glucose: 227.6 mg/dL,1.71,0 11 * * *,32 4 * * *,96.1515,Support,false,Q2 2021,ISO-8859-1,Tech Conference 2022,PV = nRT,Dear {{customer}},B,jennifer.martin,OpenAPI 3.0,"54 23 * * 0,6",Competitor Quantum Dynamics launched FlexPay Platform,james.wright,JSON,Hello {{name}},IPO readiness,7b65e6e86acc2f11a0b123333548fe5293de8e30814492610b69bdcc6548cba9,YES,2021-10-05 19:50:13,SAP,emma.clark,Avro,amy.taylor,true,0,IEEE 754,_ga=0260441025.8430452,MATCHES '^[A-Z]+',Competitor Pioneer Software launched NanoCore SDK,"scalability, automation",RS5176,type,566706335680,upsert,75c18eddbe420052cc6b6bc705b011dd50215830a0a2a5f4eb2f48bfaa429872,Cost-plus 25%,Apache-2.0,application/json
Meets expectations,HOLD-2022-134,Competitor Beacon Analytics launched DataSync 3000,74,Figure 4: Timeline,55.507912,Europe/London,CURRENT_TIMESTAMP,null,23.13%,age >= 18,Windows,Q4 2026: $96M projected,170 days,Snowflake,99.517% uptime,2019-02-01T11:18:10Z,richard.thomas,3376276316207,-34.8,2024-01-03 23:48:21,38699.6,Major finding: data retention,5.4.50,age >= 18,1803.6,email,NOT NULL,SOAP/XML,4.17.10,MFA required for admin,7 years,cancelled,72604,99.013% uptime,BMI = kg/m²,2025-04-13T14:24:31Z,"$5,410,670",2022-03-23T20:15:48Z,snapshot,https://example.com/users/1f293510/profile,michael.davis,age >= 18,86.45,525.6,Competitor Pacific Research Group launched AuditTrail Plus,179dd1e15659a84c8c3916b01925a92202ba71c280b526716c35278efd71fd53,383.316.2230,Stairway to Heaven,4.5.74,BILL-489674,BRL,Non-conformance: access control,Mixed,_ga=3459108200.9888380,"{""type"": ""object"", ""properties"": {}}",Meets expectations,30 days,[CONFIDENTIAL] Formula #807,voice_6b36b331d1b252d3.wav,2021-05-08T23:49:02Z,Figure 4: Comparison,indefinite,Step 2: Monitor the system.,curated.events -> analytics,status > '2024',HOLD-2025-589,curated.users -> exports,source_col -> output,[CONFIDENTIAL] Formula #715,[CONFIDENTIAL] Formula #771,^\d{3}-\d{2}-\d{4}$,ISO-8859-1,Hemoglobin: 239.3 mg/dL,9.81,8 6 * * *,56 21 * * 1-5,96.5162,Support,false,Q4 2021,UTF-8,Tech Forum 2025,A = πr²,Dear {{customer}},A,william.smith,GraphQL,"4 8 * * 0,6",Competitor Beacon Analytics launched Sentinel Monitor,emily.garcia,JSON,Order #{{id}},Launch SaaS tier,ad045d0a6bbcb3a2ce39edd5847ad44f45309c2387dce8c7a70ac85713907012,false,2018-05-06T18:40:44Z,Kafka,amy.moore,Parquet,susan.taylor,NO,false,IEEE 754,_ga=7163113684.7149759,BETWEEN 1 AND 100,Competitor DataCraft Inc launched DataSync 3000,"compliance, analytics, data, integration, monitoring",WS9374,amount,696530043632,update,ff8ac512f5016514565e8eb524bb56a13738ee795149516cc56252d038c38566,Penetration,Proprietary,application/xml
Outstanding,HOLD-2023-128,Competitor Acme Corp launched SmartHub X1,5,Figure 7: Timeline,168.218825,JST,false,0,8.02%,amount <= 10000,macOS,Q4 2026: $76M projected,363 days,SAP,99.47% uptime,2018-08-25T18:01:45Z,william.rodriguez,0229731715077,22.1,2021-01-18T07:58:15Z,21607.2,Non-conformance: access control,3.5.54,NOT NULL,8681.1,status,"status IN ('active','pending')",SOAP/XML,0.6.95,MFA required for admin,indefinite,approved,42150,99.035% uptime,F = ma,2023-04-22 08:15:08,"$2,229,884",2022-08-26 18:17:13,delete,https://example.com/users/9c678fa2/profile,amy.thompson,NOT NULL,19.82,326.73,Competitor Skyline Partners launched StreamLine ERP,b3d0c1e5b6ef6c9f2476d5703bc3cb13511d0ad2b144619ea24cbf929aaf4162,+17547668535,Imagine,2.2.1,BILL-705453,AUD,Non-conformance: access control,Positive,_ga=6000307313.6296668,message Msg { string id = 1; },Needs improvement,indefinite,[CONFIDENTIAL] Formula #670,voice_73db01405a5c65d6.wav,2024-12-09 19:28:27,Figure 7: Overview,1 year,Step 4: Initialize the module.,raw.events -> reports,status != '2024',HOLD-2024-249,raw.events -> exports,input -> target_col,[CONFIDENTIAL] Formula #429,[CONFIDENTIAL] Formula #824,"\b\d{1,3}\.\d{1,3}\.\d{1,3}\.\d{1,3}\b",ASCII,WBC: 262.9 mg/dL,5.86,"8 2 * * 0,6",26 6 * * 1-5,97.0448,Marketing,true,Q3 2020,UTF-16,Data Expo 2021,PV = nRT,Order #{{id}},C,anna.martin,OpenAPI 3.0,33 21 * * 1-5,Competitor Vertex Technologies launched NanoCore SDK,sarah.king,BOOLEAN,Order #{{id}},Acquire competitor,d6f2043f607e06bce09ea37cb8b65975770f07480aff010dda3bccd00f220038,YES,2021-06-25 06:59:07,Salesforce,lucas.white,Avro,aiden.martinez,false,0,RFC 3339,_ga=7746933528.3061290,UNIQUE,Competitor Pacific Research Group launched NanoCore SDK,"performance, scalability, data, monitoring, integration",QQ5577,created_at,646397824307,snapshot,48e8363981e237aca046b0719dde446d9393ea4d8d1a7337451362e140cbfd6b,Penetration,GPL-3.0,image/png
Outstanding,HOLD-2020-594,Competitor Vertex Technologies launched DataSync 3000,82,Figure 1: Distribution,119.018717,JST,0,1,13.83%,amount <= 10000,iOS,Q2 2027: $89M projected,267 days,Kafka,99.149% uptime,2022-04-11 04:28:04,harper.johnson,5121169542441,25.4,2023-07-24 20:51:13,44216.6,Non-conformance: access control,4.9.21,"status IN ('active','pending')",5649.5,id,amount <= 10000,OpenAPI 3.0,0.2.55,PII encrypted at rest,30 days,inactive,24197,99.518% uptime,E = mc²,2025-05-13 13:07:29,"$6,316,392",2023-06-14 05:19:51,insert,https://example.com/users/9da908e2/profile,james.taylor,age >= 18,88.45,458.99,Competitor TechCo Industries launched Sentinel Monitor,bae6c93c8c99083393bf9ad57f5e97a5eecd615e3a0d5ccfed326bdd021f8d6a,(368) 257-8953,Imagine,3.8.0,BILL-884737,EUR,Non-conformance: access control,Positive,_ga=0198900438.2591481,CREATE TABLE t (id INT PRIMARY KEY),Exceeds expectations,7 days,[CONFIDENTIAL] Formula #422,voice_cabb0b3b11c770e7.wav,2024-03-25 00:30:43,Figure 15: Overview,30 days,Step 1: Configure the service.,raw.users -> reports,type = 'prod',HOLD-2022-696,curated.users -> reports,input -> output,[CONFIDENTIAL] Formula #949,[CONFIDENTIAL] Formula #159,^\d{3}-\d{2}-\d{4}$,ISO-8859-1,WBC: 76.9 mg/dL,9.42,49 0 * * *,"6 13 * * 0,6",99.2111,Operations,false,Q3 2025,ASCII,Global Forum 2024,PV = nRT,Order #{{id}},P,susan.smith,OpenAPI 3.0,"3 12 * * 0,6",Competitor Global Solutions launched DataSync 3000,william.walker,FLOAT,{{date}} - {{event}},Launch SaaS tier,f46b2b20c3e8fa42cf21aa5ba522c4651735742d822c1be271abfbe7d8d57113,false,2022-02-13 19:25:10,PostgreSQL,james.martin,Parquet,emma.garcia,YES,false,RFC 3339,_ga=4006171550.6216809,NOT NULL,Competitor TechCo Industries launched StreamLine ERP,"automation, analytics, performance, cloud",RD3021,name,926514685588,delete,a8d41ae7ac623ed9219970b870d4bf7894f2c2fd825c1255991c1bc5f8550c42,Value pricing,Apache-2.0,application/xml
Needs improvement,HOLD-2021-518,Competitor Catalyst Ventures launched CloudGuard,102,Figure 1: Comparison,-111.169106,EST,null,0,9.51%,age >= 18,Android,Q3 2027: $15M projected,95 days,Salesforce,99.293% uptime,2018-04-08T02:32:18Z,richard.jones,6150201217531,9.0,2021-09-08 20:25:03,29926.0,Observation: backup schedule,5.19.56,amount <= 10000,1649.2,created_at,NOT NULL,OpenAPI 3.0,5.7.54,Data retained for 7 years,7 days,pending,52261,99.43% uptime,A = πr²,2026-08-14 23:39:42,"$4,339,703",2020-05-13T06:18:35Z,upsert,https://example.com/users/d02abb98/profile,logan.martin,NOT NULL,89.67,35.7,Competitor Meridian Health launched VaultKeeper,f811e23de6bb066e274ec5cd8b636c75e83a096e612aaa1f61d956016c443b9e,(991) 784-1079,Bohemian Rhapsody,3.4.60,BILL-712924,EUR,Observation: backup schedule,Neutral,_ga=5319824237.2908591,message Msg { string id = 1; },Needs improvement,7 years,[CONFIDENTIAL] Formula #245,voice_3bff14ed97c78eaa.wav,2025-04-01 06:05:30,Figure 20: Distribution,indefinite,Step 3: Deploy the module.,raw.events -> analytics,date IN '2024',HOLD-2026-831,curated.orders -> reports,input -> field_b,[CONFIDENTIAL] Formula #794,[CONFIDENTIAL] Formula #767,[a-zA-Z0-9._%+-]+@[a-zA-Z0-9.-]+,ISO-8859-1,WBC: 205.0 g/dL,3.39,58 15 * * *,52 7 * * *,96.7772,HR,true,Q3 2025,UTF-16,Data Forum 2021,PV = nRT,Order #{{id}},E,richard.davis,GraphQL,33 17 * * 1-5,Competitor Skyline Partners launched NanoCore SDK,emma.garcia,JSON,Hello {{name}},Acquire competitor,34df97d70dfd12673f0648e419f6d17afb61ab9d1e91a4ae62a117d300d9c219,false,2021-08-23 07:10:00,Kafka,linda.williams,Parquet,mason.wright,NO,CURRENT_TIMESTAMP,RFC 3339,_ga=1096878408.5583069,MATCHES '^[A-Z]+',Competitor Acme Corp launched NanoCore SDK,"automation, analytics, compliance",JO1625,status,893009157135,insert,187a67f6eb89e493b0d714f301f800e24d96094d94e5c0f64a36985810b66fe2,Cost-plus 25%,GPL-3.0,text/html
Exceeds expectations,HOLD-2025-920,Competitor DataCraft Inc launched SmartHub X1,1,Figure 7: Timeline,-148.953778,UTC,'',0,14.47%,amount <= 10000,Windows,Q1 2025: $5M projected,18 days,SAP,99.934% uptime,2019-11-27 03:44:07,susan.garcia,5519311559808,9.0,2020-09-17 10:51:26,41040.0,Major finding: data retention,0.18.63,NOT NULL,2237.5,created_at,amount <= 10000,GraphQL,5.17.62,MFA required for admin,indefinite,failed,6635,99.116% uptime,F = ma,2018-10-27 12:11:05,"$4,361,176",2026-07-09 16:16:59,insert,https://example.com/users/c4167502/profile,harper.young,amount <= 10000,54.39,847.7,Competitor Catalyst Ventures launched DataSync 3000,919a77a581bc3e2e64d5fe68dcf3ae073b132c2eb12836eaced09eef62280b02,361-647-6696,Bohemian Rhapsody,1.2.57,BILL-425393,CHF,Observation: backup schedule,Positive,_ga=5365646058.2014420,CREATE TABLE t (id INT PRIMARY KEY),Exceeds expectations,30 days,[CONFIDENTIAL] Formula #557,voice_856504f0a37932e8.wav,2024-10-21T23:27:11Z,Figure 15: Distribution,indefinite,Step 1: Monitor the module.,curated.events -> analytics,date = 'active',HOLD-2026-118,curated.users -> exports,source_col -> field_b,[CONFIDENTIAL] Formula #494,[CONFIDENTIAL] Formula #534,[a-zA-Z0-9._%+-]+@[a-zA-Z0-9.-]+,UTF-16,WBC: 274.0 g/dL,4.12,49 1 * * *,"42 10 * * 0,6",98.334,Legal,false,Q4 2022,Latin-1,Tech Expo 2024,A = πr²,Order #{{id}},P,oliver.miller,REST/JSON,3 4 * * *,Competitor Alpine Systems launched VaultKeeper,patricia.lee,TEXT,Dear {{customer}},Acquire competitor,3c55a91e760ea13413fb40b9a4f64ed8ecf06e6fbf9704e5e9f79106460ae7c3,false,2023-11-16T00:36:20Z,Snowflake,oliver.williams,YAML,harper.williams,YES,CURRENT_TIMESTAMP,IEEE 754,_ga=5991104301.3476515,CHECK (val > 0),Competitor Vertex Technologies launched Sentinel Monitor,"data, integration, monitoring",YQ2018,email,076184980400,insert,4538be4721e1a14ba6bea41c6c400f79f8e3fc20d75b97eef8ff2beed0bb7a58,Cost-plus 25%,Proprietary,image/png
Outstanding,HOLD-2025-315,Competitor TechCo Industries launched NanoCore SDK,74,Figure 18: Distribution,101.779475,UTC,'',null,44.88%,"status IN ('active','pending')",Windows,Q2 2025: $5M projected,13 days,Salesforce,99.607% uptime,2024-06-06T23:42:13Z,mary.smith,1766450509571,35.4,2018-05-06 12:52:43,9826.6,Observation: backup schedule,0.19.74,age >= 18,5663.5,name,"status IN ('active','pending')",SOAP/XML,3.15.66,PII encrypted at rest,indefinite,rejected,60646,99.939% uptime,BMI = kg/m²,2023-09-04T04:56:42Z,"$3,355,619",2026-12-22T19:08:33Z,update,https://example.com/users/33fd3e7e/profile,ethan.williams,NOT NULL,39.53,243.08,Competitor Beacon Analytics launched VaultKeeper,f259e832340a6091c4ba9f7df3efd7cf9724dfea58a4faebf877c649a6e175c9,847 620 5887,Yesterday,3.2.45,BILL-853943,CHF,Non-conformance: access control,Positive,_ga=5576230853.5166670,"{""type"": ""object"", ""properties"": {}}",Needs improvement,indefinite,[CONFIDENTIAL] Formula #835,voice_986aea5be21b1615.wav,2021-11-11T21:20:16Z,Figure 11: Timeline,7 days,Step 1: Configure the system.,staging.events -> exports,status < 'prod',HOLD-2024-776,staging.events -> exports,source_col -> target_col,[CONFIDENTIAL] Formula #163,[CONFIDENTIAL] Formula #814,^[A-Z]{2}\d{6}$,Latin-1,Hemoglobin: 299.6 mg/dL,0.47,43 19 * * *,51 13 * * 1-5,95.7065,Engineering,false,Q1 2022,ISO-8859-1,Tech Forum 2021,E = mc²,Hello {{name}},I,jennifer.martin,SOAP/XML,14 11 * * *,Competitor Pacific Research Group launched FlexPay Platform,logan.lee,BOOLEAN,{{date}} - {{event}},Launch SaaS tier,915a868c63983cf2faaf8de2ca62585565457cfc4704155002a92e183efb1916,false,2024-09-06 21:17:36,PostgreSQL,elizabeth.thompson,JSON,lucas.harris,YES,1,ISO 8601,_ga=6971679647.4163668,NOT NULL,Competitor Skyline Partners launched Sentinel Monitor,"monitoring, compliance",JY2238,status,36969544,delete,7da0fa50ad5c9c9f54973a90dc8d7cc6913f60c81d5e2cbe2fe0fc4aba50a193,Penetration,BSD-3-Clause,application/xml
Meets expectations,HOLD-2022-595,Competitor TechCo Industries launched FlexPay Platform,113,Figure 7: Distribution,-49.381117,Europe/London,0,1,49.02%,age >= 18,Linux,Q1 2027: $82M projected,276 days,SAP,99.832% uptime,2024-01-27T10:50:50Z,david.taylor,2654533459577,-0.6,2022-10-08 06:37:47,25755.0,Major finding: data retention,3.15.16,amount <= 10000,1645.3,name,NOT NULL,REST/JSON,5.16.89,PII encrypted at rest,7 years,approved,85000,99.901% uptime,E = mc²,2024-06-08 23:58:19,"$6,938,449",2018-09-14T13:36:43Z,update,https://example.com/users/1c1702c0/profile,harper.robinson,amount <= 10000,15.84,900.88,Competitor Global Solutions launched VaultKeeper,a68f1a998b96fa74e9daef31f106d0dcf7c576d36019dc47cbd94f22d94af094,717.608.3404,Yesterday,0.19.59,BILL-503637,USD,Observation: backup schedule,Neutral,_ga=5964624156.7160621,CREATE TABLE t (id INT PRIMARY KEY),Meets expectations,30 days,[CONFIDENTIAL] Formula #487,voice_7f64cae0dd6184a9.wav,2024-07-27T09:48:55Z,Figure 12: Overview,7 days,Step 2: Deploy the module.,staging.events -> analytics,date != '2024',HOLD-2020-847,curated.events -> analytics,source_col -> output,[CONFIDENTIAL] Formula #219,[CONFIDENTIAL] Formula #877,"\b\d{1,3}\.\d{1,3}\.\d{1,3}\.\d{1,3}\b",ISO-8859-1,WBC: 106.9 g/dL,3.65,4 1 * * 1-5,59 10 * * *,95.8214,HR,true,Q2 2020,ISO-8859-1,Annual Summit 2023,BMI = kg/m²,Hello {{name}},Z,noah.miller,GraphQL,35 19 * * *,Competitor TechCo Industries launched VaultKeeper,sarah.jackson,JSON,Hello {{name}},Launch SaaS tier,c7d50703ec97df62a2eef95b1effc026f6228eb242a3aacc3dc453956c107aad,YES,2023-08-17T11:04:33Z,Salesforce,aiden.king,CSV,james.brown,true,CURRENT_TIMESTAMP,POSIX,_ga=7475157618.1166537,UNIQUE,Competitor Global Solutions launched FlexPay Platform,"performance, analytics, data",EC1444,email,8619600047,snapshot,6d67a8f92fa418f96362ee4b7e66435253dcbec98da421b2ee9cd2d54eb4d678,Premium,CC BY 4.0,text/csv
Outstanding,HOLD-2022-234,Competitor DataCraft Inc launched FlexPay Platform,44,Figure 9: Comparison,108.443414,America/New_York,CURRENT_TIMESTAMP,CURRENT_TIMESTAMP,22.82%,age >= 18,Windows,Q2 2024: $95M projected,227 days,Salesforce,99.09% uptime,2022-09-18T10:28:36Z,william.white,2764565781031,5.4,2024-08-05T18:26:40Z,44609.3,Observation: backup schedule,4.15.14,age >= 18,2679.7,status,age >= 18,SOAP/XML,5.15.56,MFA required for admin,7 days,approved,36731,99.723% uptime,E = mc²,2026-03-17 11:10:10,"$966,154",2024-05-11 19:00:52,snapshot,https://example.com/users/ed8770cf/profile,anna.jackson,amount <= 10000,68.29,180.07,Competitor TechCo Industries launched NanoCore SDK,3ca9fab04f64192735d21cd5cbf09dbf147843c83bcfbcc822b2ef05bf3af47b,240.914.7227,Hotel California,0.12.43,BILL-471512,CAD,Non-conformance: access control,Neutral,_ga=1645461511.7105124,"{""type"": ""object"", ""properties"": {}}",Exceeds expectations,30 days,[CONFIDENTIAL] Formula #780,voice_c9d2e631c25d135c.wav,2019-09-20 08:43:30,Figure 20: Timeline,7 years,Step 1: Initialize the system.,curated.events -> analytics,type > 'prod',HOLD-2023-294,curated.orders -> analytics,input -> target_col,[CONFIDENTIAL] Formula #600,[CONFIDENTIAL] Formula #404,^\d{3}-\d{2}-\d{4}$,Latin-1,WBC: 76.0 g/dL,8.39,"47 7 * * 0,6",6 19 * * 1-5,99.7317,HR,false,Q2 2022,ISO-8859-1,Tech Forum 2026,E = mc²,Order #{{id}},M,james.moore,OpenAPI 3.0,9 6 * * 1-5,Competitor Skyline Partners launched SmartHub X1,emily.rodriguez,JSON,Order #{{id}},IPO readiness,f7cb0a191803bc14db0305ac4ba32a8b98af9dbae6f07ab3119d8ee85a07c3c1,true,2021-02-06 19:50:56,Snowflake,elizabeth.miller,Parquet,jessica.davis,false,'',W3C Date,_ga=6388424137.7244943,CHECK (val > 0),Competitor Pioneer Software launched SmartHub X1,"scalability, data, compliance",GU2487,id,71851954,snapshot,1a0c592b8b5f4e47b04ba1b545df7150448437bd150897bbb69eb30704f4626c,Cost-plus 25%,MIT,application/xml
Meets expectations,HOLD-2024-536,Competitor Pacific Research Group launched FlexPay Platform,81,Figure 16: Distribution,-151.957479,Europe/London,CURRENT_TIMESTAMP,1,-4.85%,"status IN ('active','pending')",Android,Q1 2024: $30M projected,1 days,Snowflake,99.666% uptime,2025-10-22 06:12:29,patricia.davis,7515937516687,49.5,2026-10-24T19:57:26Z,42801.8,Major finding: data retention,0.2.35,NOT NULL,6613.9,id,age >= 18,OpenAPI 3.0,5.6.20,MFA required for admin,7 days,pending,91378,99.178% uptime,BMI = kg/m²,2018-12-06 14:22:52,"$599,723",2021-06-26 09:32:47,snapshot,https://example.com/users/870ebd3d/profile,ethan.moore,NOT NULL,1.4,225.11,Competitor Pacific Research Group launched Widget Pro,62fd790f58032f05cc6147c698a0ce4843b8be2d418a78ca6897b863ab64002b,(242) 531-6674,Yesterday,1.4.52,BILL-689359,CNY,Observation: backup schedule,Positive,_ga=4871359471.9687999,"{""type"": ""object"", ""properties"": {}}",Exceeds expectations,1 year,[CONFIDENTIAL] Formula #658,voice_adbd38f3d2b64a32.wav,2024-10-25 08:15:35,Figure 12: Distribution,indefinite,Step 5: Configure the module.,staging.events -> exports,date IN 'prod',HOLD-2021-129,curated.events -> reports,source_col -> field_b,[CONFIDENTIAL] Formula #832,[CONFIDENTIAL] Formula #387,^\d{3}-\d{2}-\d{4}$,UTF-16,Cholesterol: 87.8 mg/dL,4.41,51 18 * * 1-5,2 12 * * 1-5,97.9157,HR,false,Q1 2021,ISO-8859-1,Tech Expo 2023,A = πr²,Order #{{id}},Z,lucas.martinez,OpenAPI 3.0,19 1 * * *,Competitor Pacific Research Group launched SmartHub X1,aiden.lewis,BOOLEAN,Order #{{id}},IPO readiness,37181c378ba4dbc995f2f3b4d54498e3875cf57b97d08226d328950b383df59d,false,2022-06-18T11:35:32Z,SAP,richard.king,CSV,john.wright,NO,0,RFC 3339,_ga=6651540453.5447941,NOT NULL,Competitor Beacon Analytics launched SmartHub X1,"data, performance, scalability",EE9544,amount,8495143977,delete,4a4253a4113b018f6d9c53b0bdb873f45473d0468b1db2e7eaad3faa12d8322c,Market-based,CC BY 4.0,application/json
Needs improvement,HOLD-2022-891,Competitor TechCo Industries launched AuditTrail Plus,57,Figure 11: Timeline,-105.592896,America/New_York,1,0,36.77%,"status IN ('active','pending')",Linux,Q1 2025: $16M projected,44 days,Salesforce,99.219% uptime,2022-08-04 05:07:15,richard.jackson,9220182818740,29.7,2020-02-16T22:02:13Z,44479.6,Non-conformance: access control,2.20.73,"status IN ('active','pending')",6671.4,created_at,amount <= 10000,gRPC/protobuf,3.0.32,MFA required for admin,1 year,rejected,33758,99.476% uptime,F = ma,2025-12-27 02:48:11,"$8,312,734",2025-09-14T09:27:31Z,upsert,https://example.com/users/72269bf4/profile,mary.johnson,"status IN ('active','pending')",82.62,534.15,Competitor Beacon Analytics launched Widget Pro,19944c8e2b203b0c0547400c199c46a9ac725cad4dd5e71d88982a8322452661,984.581.4156,Hotel California,5.6.48,BILL-964091,EUR,Non-conformance: access control,Neutral,_ga=4865012167.6312913,message Msg { string id = 1; },Needs improvement,1 year,[CONFIDENTIAL] Formula #270,voice_42ada3c19497c96a.wav,2022-11-13 09:47:55,Figure 1: Distribution,1 year,Step 3: Verify the module.,staging.events -> reports,type != '2024',HOLD-2026-242,staging.users -> reports,source_col -> output,[CONFIDENTIAL] Formula #563,[CONFIDENTIAL] Formula #277,^\d{3}-\d{2}-\d{4}$,UTF-16,WBC: 201.9 K/uL,2.47,43 3 * * *,"0 3 * * 0,6",99.989,HR,false,Q4 2023,ASCII,Tech Expo 2022,PV = nRT,Hello {{name}},Z,susan.king,REST/JSON,24 12 * * 1-5,Competitor DataCraft Inc launched Widget Pro,lucas.lewis,JSON,Hello {{name}},IPO readiness,b262d7ff81a6c35c8b57549b9105933da346cf149417d267e36d05eb40bb150c,NO,2018-09-25T09:45:44Z,Snowflake,liam.jackson,JSON,patricia.harris,NO,null,ISO 8601,_ga=4277545789.5634000,CHECK (val > 0),Competitor DataCraft Inc launched NanoCore SDK,"reporting, data",QY1144,name,6102326299,insert,7ff7e728f49730eeb626fbda035f9dadcc0d53373d2bce1aed266276291bf752,Cost-plus 25%,Proprietary,text/html
Needs improvement,HOLD-2022-724,Competitor TechCo Industries launched AuditTrail Plus,25,Figure 7: Distribution,139.210817,America/New_York,CURRENT_TIMESTAMP,CURRENT_TIMESTAMP,-33.99%,NOT NULL,Android,Q4 2024: $2M projected,160 days,Kafka,99.881% uptime,2022-11-24T07:34:26Z,elizabeth.harris,9497762141142,9.2,2025-11-11 03:10:43,9666.2,Major finding: data retention,0.2.20,"status IN ('active','pending')",1916.9,amount,NOT NULL,gRPC/protobuf,0.16.38,Data retained for 7 years,1 year,failed,23133,99.939% uptime,BMI = kg/m²,2021-12-05T19:42:29Z,"$4,448,463",2026-03-04T23:44:16Z,insert,https://example.com/users/d4cd6287/profile,richard.white,NOT NULL,16.25,17.43,Competitor Vertex Technologies launched DataSync 3000,2355cf0c09309fae90c9d496b0ce6c27b834b5aca1273e84f79bb6881fbcbc3a,+14704009060,Stairway to Heaven,2.18.1,BILL-333281,CAD,Major finding: data retention,Neutral,_ga=8314812417.7894919,CREATE TABLE t (id INT PRIMARY KEY),Meets expectations,indefinite,[CONFIDENTIAL] Formula #318,voice_b0b49e9bf13531a5.wav,2021-10-04T00:26:00Z,Figure 9: Comparison,7 days,Step 1: Deploy the service.,curated.users -> analytics,status < '2024',HOLD-2023-198,curated.events -> exports,source_col -> field_b,[CONFIDENTIAL] Formula #707,[CONFIDENTIAL] Formula #891,^\d{3}-\d{2}-\d{4}$,UTF-8,WBC: 148.5 K/uL,1.01,"47 19 * * 0,6",16 4 * * 1-5,97.2177,Finance,false,Q1 2026,ISO-8859-1,Tech Forum 2022,F = ma,Order #{{id}},K,john.garcia,OpenAPI 3.0,4 11 * * 1-5,Competitor DataCraft Inc launched DataSync 3000,anna.jackson,TIMESTAMP,Dear {{customer}},Expand APAC market,3bfeb8c9a1ddc91e0a214bbf2ccaedc24568dbdd22d652f590601d564ef280dd,true,2024-04-13 06:57:34,PostgreSQL,mason.thompson,Avro,sarah.garcia,true,0,RFC 3339,_ga=8840364659.5349797,NOT NULL,Competitor Quantum Dynamics launched StreamLine ERP,"compliance, scalability, automation, data",BS6263,name,66686274,delete,97bdf9120fe3aece22ff6b1924191cc0a6c0eaeb8a254cb80b8ff59bd93de6e5,Value pricing,Apache-2.0,image/png
Outstanding,HOLD-2020-805,Competitor Alpine Systems launched AuditTrail Plus,25,Figure 11: Distribution,155.311924,PST,'',0,22.53%,NOT NULL,iOS,Q4 2025: $30M projected,267 days,Salesforce,99.712% uptime,2021-04-17T18:40:57Z,aiden.robinson,9816449400708,19.3,2020-12-14 14:27:59,29570.6,Observation: backup schedule,1.5.90,NOT NULL,3948.3,amount,amount <= 10000,gRPC/protobuf,0.0.73,MFA required for admin,7 years,failed,96618,99.879% uptime,A = πr²,2026-08-10T03:14:37Z,"$3,014,917",2018-02-28 21:59:50,update,https://example.com/users/78eb4bd4/profile,michael.young,age >= 18,24.11,855.65,Competitor Catalyst Ventures launched Sentinel Monitor,573a4072e6d5c7a8d12a50466dca1c8b6e1d2ba795e25b722d2590071497dde4,560 562 1415,Imagine,4.19.76,BILL-747983,AUD,Non-conformance: access control,Neutral,_ga=7909684012.5178988,"{""type"": ""object"", ""properties"": {}}",Outstanding,1 year,[CONFIDENTIAL] Formula #883,voice_02f6046ebc4223d9.wav,2024-07-06T19:34:42Z,Figure 13: Overview,7 days,Step 1: Configure the pipeline.,raw.users -> exports,status > '2024',HOLD-2024-459,raw.events -> analytics,input -> field_b,[CONFIDENTIAL] Formula #401,[CONFIDENTIAL] Formula #398,[a-zA-Z0-9._%+-]+@[a-zA-Z0-9.-]+,UTF-8,Glucose: 273.8 g/dL,4.92,"40 13 * * 0,6","38 14 * * 0,6",95.5243,Finance,false,Q4 2024,UTF-16,Tech Forum 2025,A = πr²,Hello {{name}},U,emma.martin,REST/JSON,23 22 * * 1-5,Competitor Pioneer Software launched VaultKeeper,olivia.young,INTEGER,Order #{{id}},Launch SaaS tier,cfaaa5df6840c9237ab8e86d4b7e6643dcff629aff033edbde37458722c1930f,true,2026-04-24T05:13:20Z,Snowflake,richard.white,YAML,linda.jones,false,'',ISO 8601,_ga=8290661610.6415260,CHECK (val > 0),Competitor Beacon Analytics launched StreamLine ERP,"compliance, data, automation, scalability",KU7303,type,8439548617,delete,5ff081c27438f6ce82d165aaeb636fef0b6de3f6976160139f5d7912c52a7e08,Penetration,GPL-3.0,application/pdf
Needs improvement,HOLD-2023-821,Competitor Alpine Systems launched StreamLine ERP,115,Figure 19: Overview,2.636644,CET,'','',-25.74%,age >= 18,Windows,Q4 2026: $95M projected,189 days,Workday,99.331% uptime,2023-04-21 21:03:31,emily.davis,9785296641076,-4.1,2024-11-02 03:25:34,8954.4,Non-conformance: access control,5.2.85,NOT NULL,2516.0,status,age >= 18,OpenAPI 3.0,0.19.22,PII encrypted at rest,7 days,completed,24523,99.466% uptime,F = ma,2024-07-08T12:33:00Z,"$3,963,606",2022-03-11 05:15:56,snapshot,https://example.com/users/c760eb91/profile,lucas.moore,NOT NULL,62.21,283.64,Competitor Pacific Research Group launched StreamLine ERP,ce4d6ee92306b98093d6a70b2f8d895b5cd5ebdcca6990e4db7c1aa7cd450e99,208-849-4865,Imagine,4.9.6,BILL-245900,INR,Observation: backup schedule,Neutral,_ga=3391280051.6347613,message Msg { string id = 1; },Exceeds expectations,indefinite,[CONFIDENTIAL] Formula #456,voice_1b5da9e47b643b77.wav,2024-05-07T01:47:23Z,Figure 10: Comparison,7 years,Step 5: Monitor the module.,curated.events -> analytics,type > 'active',HOLD-2020-516,staging.events -> exports,field_a -> target_col,[CONFIDENTIAL] Formula #655,[CONFIDENTIAL] Formula #607,^\d{3}-\d{2}-\d{4}$,ASCII,WBC: 256.2 mg/dL,0.45,31 20 * * 1-5,6 6 * * 1-5,96.2468,Sales,false,Q1 2021,Latin-1,Tech Expo 2026,E = mc²,Dear {{customer}},Q,patricia.davis,OpenAPI 3.0,44 1 * * *,Competitor Vertex Technologies launched StreamLine ERP,ethan.robinson,TEXT,Hello {{name}},Acquire competitor,17686bd27600673b85f8ec03dfe955f459a33d6c8a668b311277197bdec4e2db,YES,2026-11-08 06:23:36,Salesforce,liam.martin,Avro,sophia.thomas,NO,1,ISO 8601,_ga=7602208674.4500771,MATCHES '^[A-Z]+',Competitor Beacon Analytics launched DataSync 3000,"compliance, integration, reporting, automation, performance",ON8857,type,9032689747,insert,3237f810440118baf247df6fe516822133f4ef9d24d6c0e9c77ce64a60bf6e19,Cost-plus 25%,Apache-2.0,application/pdf
Meets expectations,HOLD-2020-369,Competitor Quantum Dynamics launched Widget Pro,119,Figure 20: Timeline,-18.929864,EST,1,1,38.02%,NOT NULL,Chrome OS,Q4 2027: $72M projected,344 days,Salesforce,99.611% uptime,2019-03-17 22:05:29,patricia.jones,7371638482735,-3.0,2021-10-24 11:23:11,33447.6,Non-conformance: access control,4.20.0,"status IN ('active','pending')",5752.3,created_at,"status IN ('active','pending')",REST/JSON,0.0.83,MFA required for admin,7 years,completed,11479,99.744% uptime,A = πr²,2026-01-13 04:32:14,"$8,946,965",2025-12-17 23:39:38,insert,https://example.com/users/0c1512a2/profile,sarah.martinez,"status IN ('active','pending')",71.34,202.12,Competitor Quantum Dynamics launched Widget Pro,a812cfb6d2e50b450d350306dff3c5aa6c46d53a629da2d01acc1d5fb87759f5,797 373 8347,Hotel California,5.6.41,BILL-162860,GBP,Non-conformance: access control,Negative,_ga=6691356123.1566060,CREATE TABLE t (id INT PRIMARY KEY),Meets expectations,indefinite,[CONFIDENTIAL] Formula #214,voice_2a1ca0f9c99aca25.wav,2023-06-18 00:00:25,Figure 20: Overview,30 days,Step 1: Initialize the system.,raw.orders -> exports,date IN 'active',HOLD-2021-192,raw.users -> reports,field_a -> field_b,[CONFIDENTIAL] Formula #738,[CONFIDENTIAL] Formula #964,"\b\d{1,3}\.\d{1,3}\.\d{1,3}\.\d{1,3}\b",UTF-16,WBC: 218.2 g/dL,8.39,9 5 * * *,"24 4 * * 0,6",96.0646,HR,false,Q4 2023,ISO-8859-1,Annual Forum 2024,A = πr²,Hello {{name}},R,jennifer.harris,gRPC/protobuf,12 8 * * *,Competitor Quantum Dynamics launched NanoCore SDK,logan.thompson,TEXT,Order #{{id}},Acquire competitor,6bdbd2ddbc3b03b8839c7f4439fc874807f37c362325fc0a7bec679ec34b33b8,true,2026-01-07T05:23:46Z,Workday,anna.anderson,CSV,mason.miller,YES,1,ISO 8601,_ga=0548540968.9024219,BETWEEN 1 AND 100,Competitor Quantum Dynamics launched VaultKeeper,"analytics, reporting, integration, cloud",FE6314,name,56812334,snapshot,b6094c8fc314970bf19ffbe839d1a9a85286661078966258146ede702caeae04,Premium,BSD-3-Clause,image/png
Meets expectations,HOLD-2022-289,Competitor Pioneer Software launched VaultKeeper,115,Figure 11: Distribution,80.077819,UTC,CURRENT_TIMESTAMP,null,-28.86%,age >= 18,Android,Q4 2026: $61M projected,105 days,Workday,99.212% uptime,2022-08-06 05:35:36,emma.anderson,0541032580319,-11.3,2020-01-09T07:28:13Z,34500.0,Major finding: data retention,1.11.53,age >= 18,6230.4,type,age >= 18,gRPC/protobuf,3.0.94,MFA required for admin,7 days,approved,57838,99.294% uptime,E = mc²,2020-02-19 10:51:17,"$7,508,842",2021-10-14T22:42:29Z,update,https://example.com/users/6c0c2874/profile,jessica.harris,NOT NULL,17.98,0.73,Competitor Pioneer Software launched VaultKeeper,f232010b1c079e687dd49fbd12a9af42858f8f69c8c96c0c4dd58d26e7e3cfd8,238 319 2148,Stairway to Heaven,0.17.80,BILL-724441,BRL,Major finding: data retention,Neutral,_ga=6824047510.5651268,CREATE TABLE t (id INT PRIMARY KEY),Outstanding,7 years,[CONFIDENTIAL] Formula #636,voice_f9e0dfe70ec466b4.wav,2026-10-26 22:30:29,Figure 12: Overview,7 years,Step 5: Initialize the system.,curated.users -> reports,date IN 'prod',HOLD-2021-350,raw.users -> reports,input -> output,[CONFIDENTIAL] Formula #109,[CONFIDENTIAL] Formula #744,"\b\d{1,3}\.\d{1,3}\.\d{1,3}\.\d{1,3}\b",UTF-8,WBC: 228.6 g/dL,6.22,"34 2 * * 0,6",26 10 * * *,95.7042,Operations,false,Q3 2026,ISO-8859-1,Annual Expo 2026,F = ma,{{date}} - {{event}},A,linda.young,gRPC/protobuf,50 18 * * 1-5,Competitor TechCo Industries launched FlexPay Platform,oliver.wright,INTEGER,{{date}} - {{event}},Launch SaaS tier,f75428f25aae55b547eea1f5428d18e51fa2bd3b34f3abf5269d3db67750d54f,false,2021-05-07 11:01:59,PostgreSQL,david.young,CSV,elizabeth.jackson,true,false,RFC 3339,_ga=4718364607.8888828,BETWEEN 1 AND 100,Competitor DataCraft Inc launched SmartHub X1,"security, analytics, performance",ZH3470,name,7612284564,update,3c7139675a0fd96a70b8e2e4bf49acc9907c0fe6aafb809baafef0255e6b6c3a,Premium,MIT,image/png
Outstanding,HOLD-2021-422,Competitor Pacific Research Group launched SmartHub X1,80,Figure 11: Overview,-153.155432,PST,false,CURRENT_TIMESTAMP,37.03%,amount <= 10000,Android,Q2 2027: $4M projected,90 days,Kafka,99.455% uptime,2019-01-03 06:03:45,jennifer.thomas,9426060989326,34.9,2023-08-06T10:35:02Z,32139.7,Observation: backup schedule,4.16.48,amount <= 10000,728.2,created_at,NOT NULL,gRPC/protobuf,0.13.98,MFA required for admin,7 years,cancelled,85627,99.766% uptime,BMI = kg/m²,2021-08-01 12:34:41,"$6,633,346",2021-09-12 13:21:20,insert,https://example.com/users/294cb30e/profile,john.white,age >= 18,80.64,702.25,Competitor Beacon Analytics launched Widget Pro,52585df4c4fbc225f47785c4e8454a096988ad63883648be2283bbcf538d86f0,729 297 4944,Imagine,2.16.72,BILL-377682,JPY,Observation: backup schedule,Positive,_ga=2137838794.8591474,CREATE TABLE t (id INT PRIMARY KEY),Exceeds expectations,7 years,[CONFIDENTIAL] Formula #463,voice_bbf22cc59df63797.wav,2019-10-18 22:31:19,Figure 18: Comparison,7 years,Step 2: Monitor the service.,curated.users -> reports,type IN 'active',HOLD-2022-145,curated.events -> analytics,input -> target_col,[CONFIDENTIAL] Formula #962,[CONFIDENTIAL] Formula #724,^[A-Z]{2}\d{6}$,ISO-8859-1,Glucose: 151.8 g/dL,2.02,19 20 * * 1-5,19 11 * * *,98.2408,Finance,true,Q1 2025,UTF-16,Global Forum 2022,PV = nRT,{{date}} - {{event}},D,sophia.williams,gRPC/protobuf,36 17 * * *,Competitor Meridian Health launched Sentinel Monitor,lucas.johnson,FLOAT,Dear {{customer}},Acquire competitor,d6af36ed8f3f4061d15f501c9dd7cdbd37706269af82873b18f04d807d3857aa,NO,2026-06-09 14:28:20,Salesforce,susan.moore,YAML,ethan.miller,true,null,IEEE 754,_ga=7245198100.6862775,CHECK (val > 0),Competitor Acme Corp launched AuditTrail Plus,"monitoring, security, automation, scalability",BM9585,created_at,89910718,update,66bfb5ba6742b54e1658f55c57a9018574abd1830bb5c0bb39577fd1c041de04,Cost-plus 25%,BSD-3-Clause,application/json
Outstanding,HOLD-2026-797,Competitor Beacon Analytics launched FlexPay Platform,4,Figure 6: Timeline,-108.656801,CET,0,0,18.23%,age >= 18,Linux,Q2 2026: $26M projected,256 days,Workday,99.716% uptime,2023-09-21T10:24:12Z,patricia.miller,7256680017970,11.8,2024-05-11T05:53:50Z,7792.2,Major finding: data retention,4.19.80,NOT NULL,3087.9,status,age >= 18,OpenAPI 3.0,1.12.84,PII encrypted at rest,7 years,rejected,49814,99.957% uptime,PV = nRT,2023-06-21T21:19:20Z,"$408,538",2026-10-15T15:55:52Z,snapshot,https://example.com/users/5ae0e0d9/profile,michael.smith,"status IN ('active','pending')",18.43,45.44,Competitor Alpine Systems launched NanoCore SDK,f9334797173300c0b58629d566c96a11977d767cac4ee1c58b969cd3ebd686b7,(531) 480-9891,Yesterday,4.3.52,BILL-156013,BRL,Major finding: data retention,Positive,_ga=6109212333.5596277,CREATE TABLE t (id INT PRIMARY KEY),Outstanding,1 year,[CONFIDENTIAL] Formula #872,voice_50c2a1c0a65975f1.wav,2021-02-12T21:45:04Z,Figure 17: Timeline,30 days,Step 2: Deploy the pipeline.,staging.events -> reports,date = '2024',HOLD-2024-384,staging.users -> analytics,input -> target_col,[CONFIDENTIAL] Formula #285,[CONFIDENTIAL] Formula #546,[a-zA-Z0-9._%+-]+@[a-zA-Z0-9.-]+,ISO-8859-1,WBC: 217.3 K/uL,1.12,52 4 * * 1-5,58 15 * * 1-5,96.2041,Operations,false,Q1 2023,ASCII,Data Expo 2021,F = ma,Dear {{customer}},G,amy.jones,OpenAPI 3.0,4 10 * * *,Competitor Pioneer Software launched SmartHub X1,robert.davis,INTEGER,Hello {{name}},Launch SaaS tier,d7146fb0f7951edea8a987d87852d285e9723f48ae77a66f282e93ff7a6c0a1b,YES,2021-09-03 18:27:55,Workday,sarah.walker,CSV,emily.smith,true,1,W3C Date,_ga=8819950029.5801537,CHECK (val > 0),Competitor Catalyst Ventures launched NanoCore SDK,"scalability, integration, compliance, performance",BM8847,name,638387910288,insert,e75c4fca768bff3a30528833fbc45a11497efdb10f13c8c711854609007bc6de,Cost-plus 25%,GPL-3.0,application/xml
Exceeds expectations,HOLD-2023-161,Competitor Beacon Analytics launched Sentinel Monitor,50,Figure 13: Timeline,-163.672384,Europe/London,'',false,19.03%,"status IN ('active','pending')",Windows,Q4 2027: $88M projected,111 days,Workday,99.052% uptime,2025-06-27T13:29:39Z,logan.miller,3971487823381,-18.1,2023-08-24 04:57:53,40747.0,Major finding: data retention,1.17.8,amount <= 10000,4429.0,created_at,amount <= 10000,REST/JSON,2.0.22,Data retained for 7 years,7 days,pending,16775,99.259% uptime,A = πr²,2020-09-22 03:28:25,"$9,002,086",2023-12-01T15:22:34Z,upsert,https://example.com/users/07167681/profile,lucas.moore,NOT NULL,90.46,419.37,Competitor Acme Corp launched DataSync 3000,6ac36720565bad7c34327f50b7cf53f9a13b537297101b7080166eb947782cc4,+19209657120,Yesterday,4.3.72,BILL-503479,INR,Major finding: data retention,Positive,_ga=2233869690.1639403,CREATE TABLE t (id INT PRIMARY KEY),Needs improvement,7 years,[CONFIDENTIAL] Formula #368,voice_95e373c871367682.wav,2023-05-06T16:43:58Z,Figure 16: Comparison,7 days,Step 2: Monitor the service.,raw.orders -> exports,status != 'prod',HOLD-2023-695,staging.users -> analytics,input -> target_col,[CONFIDENTIAL] Formula #523,[CONFIDENTIAL] Formula #362,^\d{3}-\d{2}-\d{4}$,UTF-16,Glucose: 225.0 g/dL,2.23,6 15 * * 1-5,32 10 * * 1-5,99.321,Legal,false,Q4 2024,ASCII,Global Conference 2022,A = πr²,{{date}} - {{event}},O,noah.smith,gRPC/protobuf,34 5 * * 1-5,Competitor Alpine Systems launched DataSync 3000,noah.moore,TIMESTAMP,Hello {{name}},Expand APAC market,5d55ecfb53ad146cbb62857289368154825b8e68652ee77726e64b868ca51b49,true,2024-10-25 14:29:50,SAP,noah.johnson,Avro,amy.miller,false,null,POSIX,_ga=2588337049.4825509,CHECK (val > 0),Competitor DataCraft Inc launched SmartHub X1,"performance, automation, scalability",TH6881,type,9831253578,upsert,626299b2cfdc9173a68315ee6fc1cc9bfa651df5083d8eaf16cc2636f9d52fdf,Premium,Apache-2.0,text/csv
Meets expectations,HOLD-2026-456,Competitor Pioneer Software launched SmartHub X1,90,Figure 1: Overview,35.383333,CET,null,false,-41.43%,age >= 18,Chrome OS,Q4 2026: $72M projected,242 days,Salesforce,99.441% uptime,2023-04-22 10:28:18,aiden.brown,8937359221367,15.5,2018-04-25 06:15:08,3787.4,Major finding: data retention,5.3.67,NOT NULL,8059.4,email,"status IN ('active','pending')",gRPC/protobuf,0.6.82,Data retained for 7 years,7 years,inactive,92684,99.237% uptime,E = mc²,2024-08-15T01:14:53Z,"$9,518,290",2021-03-19 23:27:29,update,https://example.com/users/b9d5562a/profile,noah.lee,NOT NULL,79.84,845.75,Competitor Beacon Analytics launched AuditTrail Plus,692a877a8397aceb33e5fb827a0306a8fa41dd1e9b87227ea9ef64e54ba72133,836-586-8826,Stairway to Heaven,2.4.91,BILL-174230,CHF,Observation: backup schedule,Negative,_ga=2532937372.3627656,"{""type"": ""object"", ""properties"": {}}",Needs improvement,indefinite,[CONFIDENTIAL] Formula #976,voice_773b09c960d201e1.wav,2026-07-16 13:23:56,Figure 4: Timeline,7 years,Step 4: Monitor the pipeline.,raw.events -> exports,type IN 'prod',HOLD-2026-302,raw.orders -> exports,input -> target_col,[CONFIDENTIAL] Formula #837,[CONFIDENTIAL] Formula #795,^[A-Z]{2}\d{6}$,ISO-8859-1,Hemoglobin: 54.6 mg/dL,4.26,"57 7 * * 0,6",4 13 * * *,96.493,Marketing,false,Q1 2024,ASCII,Data Forum 2025,A = πr²,{{date}} - {{event}},P,james.martinez,GraphQL,12 15 * * *,Competitor Beacon Analytics launched CloudGuard,susan.lee,BOOLEAN,Hello {{name}},Acquire competitor,94fa28151511db4e816ad9618f8b43eda9119e167cc3851d45483b34297d64f5,true,2026-06-24T02:51:12Z,Workday,robert.lee,CSV,mary.wright,false,null,RFC 3339,_ga=3439056888.3897250,UNIQUE,Competitor Catalyst Ventures launched SmartHub X1,"reporting, performance, analytics",RU4315,amount,620897711800,update,ed929b9e3dfc53e0064af926686897a5c6ad509d79620c0edfa3e8e953f95720,Value pricing,MIT,image/png
Outstanding,HOLD-2020-369,Competitor Pacific Research Group launched CloudGuard,113,Figure 9: Overview,-33.698782,Europe/London,'',false,26.45%,"status IN ('active','pending')",Linux,Q1 2027: $28M projected,199 days,Kafka,99.476% uptime,2026-10-22T08:48:03Z,mary.robinson,0123698949633,-7.9,2018-06-11 05:51:39,6294.8,Observation: backup schedule,0.5.13,NOT NULL,8240.2,id,amount <= 10000,REST/JSON,2.19.71,MFA required for admin,30 days,inactive,27172,99.197% uptime,BMI = kg/m²,2025-07-21T18:48:13Z,"$9,074,431",2024-08-13T12:02:32Z,delete,https://example.com/users/f014660e/profile,mary.rodriguez,NOT NULL,37.93,406.5,Competitor Pacific Research Group launched NanoCore SDK,ca2870ca58ee9f96177ab45c7fd35f2cef1bbbd0177a381367a08e98e8b0e518,(505) 855-1717,Imagine,4.5.51,BILL-901835,CHF,Major finding: data retention,Positive,_ga=5720922226.2472135,"{""type"": ""object"", ""properties"": {}}",Exceeds expectations,1 year,[CONFIDENTIAL] Formula #859,voice_a4cf55c1a733affa.wav,2018-05-07T14:28:54Z,Figure 13: Distribution,30 days,Step 5: Initialize the pipeline.,staging.orders -> analytics,date != 'active',HOLD-2026-891,staging.events -> reports,field_a -> target_col,[CONFIDENTIAL] Formula #199,[CONFIDENTIAL] Formula #442,"\b\d{1,3}\.\d{1,3}\.\d{1,3}\.\d{1,3}\b",UTF-8,Cholesterol: 202.1 g/dL,4.31,35 1 * * *,22 6 * * 1-5,98.955,Operations,false,Q3 2023,UTF-16,Tech Summit 2020,A = πr²,{{date}} - {{event}},L,james.clark,OpenAPI 3.0,4 13 * * *,Competitor Meridian Health launched CloudGuard,patricia.martin,JSON,Dear {{customer}},Launch SaaS tier,12d30d2824e9c541621d97a7e482176d117e410755ed840cfa458c13a4200b2e,true,2024-03-20 11:03:35,Kafka,amy.jackson,CSV,ethan.king,YES,'',ISO 8601,_ga=4304660015.9781567,CHECK (val > 0),Competitor Acme Corp launched NanoCore SDK,"security, monitoring, scalability, reporting, performance",TI2712,created_at,010513627367,delete,8fab3f999ba3640f1348045b6546ae309a477419b2e60a3888fbb4f69920fc1b,Premium,Apache-2.0,text/html
Outstanding,HOLD-2022-811,Competitor Global Solutions launched CloudGuard,14,Figure 8: Comparison,138.765319,JST,false,CURRENT_TIMESTAMP,-1.46%,age >= 18,Chrome OS,Q2 2025: $65M projected,95 days,Kafka,99.984% uptime,2025-05-19T11:00:23Z,patricia.smith,4274957191924,-0.1,2025-02-10 09:13:02,16385.6,Major finding: data retention,2.0.63,amount <= 10000,4051.8,amount,age >= 18,gRPC/protobuf,0.2.84,Data retained for 7 years,7 years,active,89329,99.152% uptime,F = ma,2023-09-26T02:00:03Z,"$1,035,357",2024-03-23T11:46:37Z,insert,https://example.com/users/0d78b315/profile,logan.rodriguez,amount <= 10000,48.14,382.87,Competitor Pioneer Software launched FlexPay Platform,e23da911f889e1c0e50083920f26f1f512af9dabbe0b976c2c545e24911443b3,490-349-8180,Bohemian Rhapsody,3.18.47,BILL-973808,JPY,Non-conformance: access control,Mixed,_ga=0141927377.1248699,message Msg { string id = 1; },Meets expectations,7 days,[CONFIDENTIAL] Formula #829,voice_bc891fbff568e00d.wav,2025-10-10T23:09:52Z,Figure 3: Timeline,7 days,Step 1: Deploy the service.,raw.users -> reports,type = 'prod',HOLD-2023-343,staging.users -> reports,input -> output,[CONFIDENTIAL] Formula #145,[CONFIDENTIAL] Formula #870,"\b\d{1,3}\.\d{1,3}\.\d{1,3}\.\d{1,3}\b",UTF-16,WBC: 203.6 mg/dL,5.16,2 2 * * *,"9 13 * * 0,6",95.3381,Sales,true,Q1 2025,Latin-1,Data Expo 2021,E = mc²,Dear {{customer}},Y,anna.davis,GraphQL,"51 21 * * 0,6",Competitor Global Solutions launched DataSync 3000,liam.harris,BOOLEAN,Dear {{customer}},Acquire competitor,99a12c1f8688a7b1e37201790a53db81c4804bce7ad81fec49e8aa52e9ac290a,YES,2026-08-01 06:37:41,Kafka,aiden.brown,XML,ethan.martin,true,CURRENT_TIMESTAMP,POSIX,_ga=6175330931.5486033,UNIQUE,Competitor Pacific Research Group launched Widget Pro,"automation, scalability",TF8179,id,201091427694,update,e28cce0430dd8bdb8ff32d0f41561c6a44dc84f2342425dbeb62d30379799858,Value pricing,GPL-3.0,application/pdf
