x_fg,tstamp,LICENSE_TERMS,deletedat,strategy,status,fact_load_timestamp,tenant_identifier_raw,format_specification_6,serviceLevelAgreement,tenant_identifier,schemaTableName,username,formula_expression_data,sourceSystem,flag,filter_predicate_6,x_deci,datetime,estimate,VALIDATION_RULE,raw_employee_record,meta_permi,driver_s_license_number,rjkbt36,contractValue,exhibit,d_lm,INTERNAL_COMMUNICATION,insurance_id,api_specification,v_etl_,customer_bank_identification_number,formula_expression,customer_generic_identifier,col_lpz,cron_specification_6,sched,cron_specification_data,zfvfby31,dleq42,phone,val_thre,prr70,retention_policy_raw,c_kkm,defval,rec_identifier,RECORD_TYPE_DISCRIMINATOR,RULE_CONSTRAINT,CONTRACT_VALUE,apiSpecification,f_635,soft_delete_flag,employeeId,device_type,legalHoldDocument,checksum_hash_14,SCHEMA_TABLE_NAME,MARITAL_STATUS,softDeleteFlag,var_gspd,f_187,p_678,p_280,end_date,src_energy,f_stat,CARD_VERIFICATION_VALUE,data_type_14,SOURCE_SYSTEM,f_pri,filter_predicate_info,diag,MARKET_INTELLIGENCE,btwgk29,upstream,nullableFlag,cron_specification,disease,dim_load_,TIME_TO_LIVE,d_ttl,jnobl63,x_raj,boolflag,filter_predicate,PARTITION_KEY,command_action_info,createdat,var_is_de,data_type_field,column_field_name_v2,ejcmc54,trade_secret_14,encoding
POSIX,2025-12-06 00:44:41,Proprietary,,Expand APAC market,approved,2025-07-15T01:38:01Z,tenant-011,RFC 3339,99.591% uptime,tenant-019,sales.orders,linda.brown584,BMI = kg/m²,Salesforce,rejected,type > '2024',1370.3734,2020-04-23 13:22:29,Q3 2027: $80M projected,BETWEEN 1 AND 100,EMP-18127,read,MA4632342,POSIX,"$7,956,490",The Scream,Davis,[INTERNAL] Q4 strategy review pending board approval,INS-957353,OpenAPI 3.0,batch-20220819-41,601179672,F = ma,28d838ac-e374-4487-b348-63cf4acd3083,SELECT * FROM users WHERE status = '1',"47 17 * * 0,6",Monthly on 1st,"58 9 * * 0,6",2.7.8,POSIX,+17606369412,warn=4195,id,7 days,PLUM,null,ID-722500,snapshot,"status IN ('active','pending')","$8,033,403",OpenAPI 3.0,field_a -> field_b,true,EMP86185,Wearable,HOLD-2022-304,8ae9ea26579bd4d232437628cb4a28c3382fccf0bd053d5c84e3ee7c8c3cba22,hr.employees,Married,false,X,max_retries=792,curated.users -> analytics,68549,2023-12-05,46327.4,completed,815,FLOAT,Kafka,Premium,type = 'active',Arthritis,Competitor Alpine Systems launched SmartHub X1,ValueMax,raw.orders -> reports,false,43 9 * * *,Influenza,2018-05-17T20:29:23Z,335 days,146 days,2020-02-26T06:28:03Z,message Msg { string id = 1; },true,type != 'prod',dt=acme,kubectl apply,2023-03-08T15:39:29Z,false,VARCHAR,id,Data retained for 7 years,[CONFIDENTIAL] Formula #225,UTF-16
IEEE 754,2021-08-07T09:29:21Z,MIT,,Launch SaaS tier,cancelled,2022-11-25 11:44:59,tenant-036,POSIX,99.289% uptime,tenant-035,sales.orders,john.robinson41,PV = nRT,Snowflake,failed,date IN '2024',2937.8145,2023-05-28 10:12:02,Q3 2025: $32M projected,MATCHES '^[A-Z]+',EMP-69934,rw,FL6155027,POSIX,"$3,039,995",Water Lilies,Davis,[INTERNAL] Q4 strategy review pending board approval,INS-787267,OpenAPI 3.0,batch-20190724-91,3796827,BMI = kg/m²,8feb408f-83b8-421a-b9db-d097662e1059,SELECT * FROM orders WHERE type = '1',38 13 * * 1-5,Daily at 2am,37 0 * * 1-5,5.9.69,RFC 3339,325 558 2904,max=6054,amount,30 days,UD,'',5134774,insert,NOT NULL,"$8,152,579",GraphQL,field_a -> target_col,false,EMP70898,Wearable,HOLD-2024-271,8b442ba476dab72309b658e64231637697d532dcff1d186c5c824589796999c8,public.users,Married,false,Y,pool_size=400,curated.orders -> analytics,31016,2021-10-27,4623.4,completed,186,TEXT,Kafka,Market-based,type < 'prod',Depression,Competitor DataCraft Inc launched Sentinel Monitor,TechBrand,staging.orders -> exports,false,34 9 * * 1-5,COVID-19,2023-12-22T03:55:36Z,174 days,65 days,2026-11-16 12:44:26,CREATE TABLE t (id INT PRIMARY KEY),yes,status IN 'prod',dt=us-east,docker run,2018-03-15 13:37:16,true,FLOAT,status,MFA required for admin,[CONFIDENTIAL] Formula #842,ISO-8859-1
RFC 3339,2021-10-28T04:19:18Z,Apache-2.0,,Expand APAC market,completed,2024-12-24T10:59:21Z,tenant-002,W3C Date,99.485% uptime,tenant-026,analytics.events,olivia.brown942,PV = nRT,Salesforce,pending,status > 'prod',7299.4346,2021-09-18 13:16:24,Q1 2025: $2M projected,NOT NULL,EMP-59583,rw,CA9712326,ISO 8601,"$453,795",The Persistence of Memory,Rodriguez,[INTERNAL] Q1 strategy review pending board approval,INS-844865,gRPC/protobuf,batch-20200812-54,526827,E = mc²,75410230-b226-4473-b390-d82739ae4f62,SELECT * FROM products WHERE status = 'pending',"56 3 * * 0,6",Monthly on 1st,"18 10 * * 0,6",1.9.66,POSIX,744-460-8444,min=3798,type,30 days,KBYY,0,ID-626880,insert,"status IN ('active','pending')","$7,703,390",gRPC/protobuf,source_col -> target_col,false,EMP81591,Desktop,HOLD-2020-362,1e51d91850af45b33868eb2b51febca32627cf8f729641dc829d4204f18a4e66,analytics.events,Married,false,E,max_retries=681,raw.users -> analytics,68034,2018-07-25,55188.5,inactive,615,TIMESTAMP,PostgreSQL,Penetration,status != 'active',Asthma,Competitor Meridian Health launched AuditTrail Plus,ProSeries,raw.users -> analytics,NO,"34 11 * * 0,6",Diabetes Mellitus,2026-04-01 23:27:38,119 days,151 days,2026-04-15T21:57:53Z,message Msg { string id = 1; },1,status > 'active',dt=acme,POST /api/orders,2022-10-24 12:53:53,false,FLOAT,amount,PII encrypted at rest,[CONFIDENTIAL] Formula #241,ISO-8859-1
IEEE 754,2023-04-07T21:05:05Z,Apache-2.0,,Acquire competitor,inactive,2018-01-19 01:03:48,tenant-023,ISO 8601,99.608% uptime,tenant-002,hr.employees,robert_clark730,A = πr²,Kafka,rejected,type IN 'active',3088.6683,2025-10-01T16:13:01Z,Q3 2024: $8M projected,NOT NULL,EMP-20811,admin,CA3360224,RFC 3339,"$9,048,346",Water Lilies,Thomas,[INTERNAL] Q1 strategy review pending board approval,INS-129001,OpenAPI 3.0,batch-20220822-80,48035,E = mc²,03e13dce-fc43-48c6-a674-2c022123a68d,SELECT * FROM products WHERE status = '1',"27 18 * * 0,6",Every 15 minutes,"26 10 * * 0,6",1.18.13,RFC 3339,+17875854879,warn=423,status,indefinite,UQVZ,false,USR-241692,upsert,"status IN ('active','pending')","$3,610,121",GraphQL,source_col -> field_b,false,EMP54310,Tablet,HOLD-2024-931,467775006204970b62195e1877b01b4ef72589954872e6b91decdc8d84c11350,analytics.events,Single,false,M,timeout_ms=723,staging.events -> reports,94192,2020-11-29,17283.9,failed,6367,JSON,Snowflake,Market-based,date IN '2024',Asthma,Competitor DataCraft Inc launched Widget Pro,ProSeries,staging.users -> reports,true,"14 18 * * 0,6",Diabetes Mellitus,2026-01-17 23:23:35,247 days,118 days,2026-04-10T12:14:23Z,CREATE TABLE t (id INT PRIMARY KEY),1,status < 'active',region=us-east,GET /api/users,2023-12-15T15:58:50Z,false,BOOLEAN,id,Data retained for 7 years,[CONFIDENTIAL] Formula #228,UTF-16
ISO 8601,2026-07-17T02:23:51Z,MIT,,IPO readiness,active,2018-12-04 11:41:36,tenant-011,ISO 8601,99.297% uptime,tenant-048,analytics.events,james.moore64,E = mc²,PostgreSQL,approved,status > 'active',6643.0427,2020-05-21T21:24:15Z,Q1 2025: $95M projected,UNIQUE,EMP-21320,rwx,OH8390661,POSIX,"$7,413,198",Water Lilies,Smith,[INTERNAL] Q4 strategy review pending board approval,INS-632121,SOAP/XML,batch-20200626-49,57926,A = πr²,20f64975-c5dc-4dca-a811-f94a2d1ed54d,SELECT * FROM orders WHERE id = '1',32 17 * * 1-5,Weekly on Monday,34 12 * * *,5.18.46,ISO 8601,(751) 493-9308,crit=801,name,1 year,RU,false,2818270,insert,age >= 18,"$640,865",gRPC/protobuf,input -> target_col,false,EMP96458,Desktop,HOLD-2023-497,f5e6a2a752a87d5fc2ec08947b6b78558bb1d5d29b5d87333677e7374c8950a9,hr.employees,Married,false,Q,max_retries=428,raw.orders -> exports,64194,2023-04-25,2457.8,failed,795,VARCHAR,Salesforce,Value pricing,type IN '2024',Depression,Competitor Acme Corp launched DataSync 3000,SmartChoice,curated.users -> analytics,NO,31 6 * * 1-5,Tuberculosis,2020-10-23 03:18:32,186 days,76 days,2024-09-06 05:40:05,message Msg { string id = 1; },true,status IN 'active',dt=2024-01,POST /api/orders,2021-06-14T17:11:30Z,false,TEXT,name,MFA required for admin,[CONFIDENTIAL] Formula #435,ISO-8859-1
RFC 3339,2019-08-26T08:50:26Z,CC BY 4.0,,Expand APAC market,cancelled,2024-10-11T21:05:10Z,tenant-004,ISO 8601,99.091% uptime,tenant-036,sales.orders,david_garcia168,BMI = kg/m²,Workday,failed,type != 'prod',5615.6012,2021-01-06 22:58:04,Q2 2024: $35M projected,CHECK (val > 0),EMP-79364,read,MA7427041,W3C Date,"$4,069,017",Water Lilies,Lewis,[INTERNAL] Q3 strategy review pending board approval,INS-861784,OpenAPI 3.0,batch-20250618-25,3705540,BMI = kg/m²,9faa7922-c912-48b9-8fad-f96d6d25d9cb,SELECT * FROM users WHERE status = 'pending',"40 17 * * 0,6",Monthly on 1st,2 9 * * *,5.16.14,W3C Date,498.615.6545,warn=4518,status,indefinite,CQVR,0,TXN-245406,upsert,"status IN ('active','pending')","$1,744,887",gRPC/protobuf,source_col -> field_b,false,EMP98652,Wearable,HOLD-2025-430,f2567cdafa05ef1d3252c566d24d6f756958e6deb6de9804ae532c5421df7a99,public.users,Widowed,false,V,timeout_ms=93,staging.events -> exports,46538,2019-06-23,88906.5,completed,9497,TEXT,SAP,Market-based,date != 'prod',Hypertension,Competitor Pacific Research Group launched StreamLine ERP,TechBrand,staging.users -> reports,true,13 18 * * *,Malaria,2023-08-10 16:24:33,234 days,148 days,2022-01-24 00:28:01,CREATE TABLE t (id INT PRIMARY KEY),no,type IN '2024',region=us-east,kubectl apply,2023-07-11T03:05:21Z,false,BOOLEAN,email,PII encrypted at rest,[CONFIDENTIAL] Formula #914,ISO-8859-1
W3C Date,2026-01-05 12:06:05,MIT,,Acquire competitor,rejected,2023-02-16T05:47:04Z,tenant-040,RFC 3339,99.014% uptime,tenant-050,public.users,aiden_moore512,F = ma,PostgreSQL,completed,type != 'active',-334.7012,2018-11-14T18:22:41Z,Q1 2027: $81M projected,UNIQUE,EMP-44675,write,OH9359252,RFC 3339,"$6,947,971",Starry Night,Jackson,[INTERNAL] Q2 strategy review pending board approval,INS-301906,GraphQL,batch-20200514-24,560459,F = ma,8a1f9fa3-52b7-441f-a528-5bce2adb48a1,SELECT * FROM products WHERE id = 'active',"56 10 * * 0,6",Daily at 2am,9 8 * * 1-5,4.9.93,POSIX,942-394-3457,crit=902,created_at,indefinite,ZL,1,ORD-763270,delete,NOT NULL,"$7,446,894",OpenAPI 3.0,input -> target_col,true,EMP24101,IoT,HOLD-2025-883,6592a89d76a8d1c6650438c52a4681ddb7ac1d6f7f63c813d08aa29220c8c7e9,hr.employees,Single,false,D,timeout_ms=296,staging.orders -> reports,14899,2024-10-09,25913.7,cancelled,6425,FLOAT,Kafka,Value pricing,type IN 'prod',Depression,Competitor Global Solutions launched VaultKeeper,ValueMax,staging.users -> analytics,NO,7 6 * * 1-5,Influenza,2020-04-28T18:32:12Z,289 days,282 days,2020-04-07 07:45:34,message Msg { string id = 1; },false,date = 'active',region=2024-01,npm install,2023-08-01T18:10:49Z,true,INTEGER,amount,Data retained for 7 years,[CONFIDENTIAL] Formula #103,ASCII
POSIX,2025-12-16 08:49:28,Proprietary,,Expand APAC market,cancelled,2020-08-12 16:06:17,tenant-003,W3C Date,99.656% uptime,tenant-029,sales.orders,harper_clark831,PV = nRT,SAP,rejected,type < 'active',3314.0978,2020-12-01 00:44:30,Q4 2026: $87M projected,BETWEEN 1 AND 100,EMP-71121,rw,GA9605597,POSIX,"$8,033,454",Water Lilies,Brown,[INTERNAL] Q2 strategy review pending board approval,INS-624568,SOAP/XML,batch-20201109-61,579331,PV = nRT,dd772a74-5a6a-45de-95cc-c0d46c2cb542,SELECT * FROM users WHERE status = '1',"45 14 * * 0,6",Every 15 minutes,57 6 * * 1-5,3.20.66,POSIX,552 214 6066,warn=1208,amount,indefinite,DW,null,ID-692755,update,"status IN ('active','pending')","$8,735,037",OpenAPI 3.0,input -> field_b,false,EMP84658,Mobile,HOLD-2023-112,ab8619e1dffc595cfa5eac8112c08273795345406bd6f5e23825d86f7bec2883,analytics.events,Widowed,false,F,pool_size=932,staging.users -> exports,76132,2020-07-12,92744.0,inactive,5855,FLOAT,Snowflake,Value pricing,type = 'prod',Hypertension,Competitor Pacific Research Group launched StreamLine ERP,ValueMax,raw.events -> reports,NO,"8 18 * * 0,6",Malaria,2023-04-04 16:18:22,133 days,271 days,2021-04-20 04:36:54,message Msg { string id = 1; },1,type = 'active',tenant=acme,POST /api/orders,2018-09-18T10:11:04Z,false,INTEGER,email,PII encrypted at rest,[CONFIDENTIAL] Formula #269,UTF-8
POSIX,2026-10-19T20:03:34Z,Proprietary,,Expand APAC market,rejected,2018-02-20 22:42:25,tenant-015,W3C Date,99.653% uptime,tenant-036,sales.orders,sarahmartinez742,A = πr²,PostgreSQL,pending,type IN '2024',5792.0437,2025-02-18 13:29:32,Q1 2026: $58M projected,CHECK (val > 0),EMP-84144,admin,NY7768818,POSIX,"$8,048,391",The Persistence of Memory,Young,[INTERNAL] Q3 strategy review pending board approval,INS-992689,GraphQL,batch-20190401-71,42157,BMI = kg/m²,3b330208-7864-4e0d-b0f2-065c21c6ec40,SELECT * FROM users WHERE type = '1',40 6 * * *,Monthly on 1st,59 19 * * 1-5,3.13.76,RFC 3339,753 267 3007,crit=5997,status,30 days,CL,'',ORD-933598,insert,age >= 18,"$8,547,142",GraphQL,source_col -> target_col,false,EMP60493,Wearable,HOLD-2020-139,97574542c82aa6a51f7b818c20ae3b440513371aa807b63921dc9f682c78285c,hr.employees,Married,false,Q,max_retries=875,staging.users -> analytics,51995,2019-11-18,42386.9,active,254,JSON,Workday,Penetration,type IN 'prod',Anxiety,Competitor Beacon Analytics launched Widget Pro,ValueMax,staging.orders -> reports,YES,19 23 * * *,Influenza,2026-02-11T01:33:09Z,78 days,30 days,2019-01-27 05:49:24,CREATE TABLE t (id INT PRIMARY KEY),1,type > 'prod',dt=us-east,docker run,2026-08-03T23:48:12Z,false,JSON,amount,Data retained for 7 years,[CONFIDENTIAL] Formula #933,UTF-16
RFC 3339,2026-05-17 03:06:39,MIT,,Launch SaaS tier,cancelled,2021-07-16T17:04:42Z,tenant-035,RFC 3339,99.402% uptime,tenant-044,hr.employees,harper_anderson545,PV = nRT,PostgreSQL,completed,status IN 'active',5692.3819,2020-10-24 11:17:06,Q3 2027: $51M projected,BETWEEN 1 AND 100,EMP-38191,admin,FL2135820,IEEE 754,"$9,993,439",The Scream,Martin,[INTERNAL] Q4 strategy review pending board approval,INS-655899,REST/JSON,batch-20180731-01,3734348,PV = nRT,891e0fbf-3a1f-4fe3-9e9b-96d90f135b2d,SELECT * FROM products WHERE type = '1',44 1 * * 1-5,Daily at 2am,28 13 * * *,5.11.14,IEEE 754,(870) 476-8752,max=3513,name,1 year,SHX,0,9950988,update,"status IN ('active','pending')","$3,852,750",REST/JSON,field_a -> field_b,false,EMP20584,Desktop,HOLD-2026-958,1c774eb5f333ae1697d9878222a32714cd31be9d24b92fd833f9bec3e39ac738,hr.employees,Widowed,false,B,pool_size=877,curated.events -> analytics,37923,2025-12-22,79445.2,completed,303,TEXT,Workday,Value pricing,status = 'active',Type 2 Diabetes,Competitor TechCo Industries launched VaultKeeper,ProSeries,curated.orders -> analytics,NO,57 21 * * 1-5,COVID-19,2025-03-22T19:18:11Z,196 days,286 days,2024-07-20T05:22:06Z,"{""type"": ""object"", ""properties"": {}}",no,type != 'prod',region=2024-01,npm install,2019-06-15 02:47:53,false,TEXT,amount,Data retained for 7 years,[CONFIDENTIAL] Formula #663,Latin-1
W3C Date,2023-10-19T15:06:35Z,MIT,,Expand APAC market,cancelled,2026-05-26 08:49:10,tenant-050,W3C Date,99.193% uptime,tenant-024,hr.employees,amy_smith738,A = πr²,Salesforce,approved,date = 'active',4090.823,2023-09-25T05:14:23Z,Q4 2024: $69M projected,MATCHES '^[A-Z]+',EMP-71964,rwx,MA5714895,IEEE 754,"$9,185,042",Starry Night,Miller,[INTERNAL] Q1 strategy review pending board approval,INS-381938,gRPC/protobuf,batch-20260622-75,378258,A = πr²,48c67b24-a52c-4c07-aefd-89ec08ed355d,SELECT * FROM products WHERE status = '1',"6 18 * * 0,6",Weekly on Monday,29 14 * * *,0.6.44,W3C Date,(979) 581-6966,crit=688,type,1 year,ZTI,CURRENT_TIMESTAMP,3046033,delete,"status IN ('active','pending')","$2,214,443",GraphQL,input -> output,false,EMP16477,Wearable,HOLD-2024-309,4563e61ca209272c9edb23ee88a1b3fe366aa624c47414a77a76097e3a18950a,hr.employees,Widowed,false,P,timeout_ms=477,staging.events -> analytics,91871,2021-05-11,4579.3,inactive,706,INTEGER,Salesforce,Penetration,date IN 'prod',Depression,Competitor Meridian Health launched Widget Pro,ProSeries,raw.events -> exports,true,7 19 * * 1-5,Malaria,2023-10-17 05:49:58,101 days,8 days,2020-03-27T16:46:56Z,message Msg { string id = 1; },false,status IN 'active',dt=acme,docker run,2019-07-07T20:23:59Z,false,INTEGER,amount,MFA required for admin,[CONFIDENTIAL] Formula #665,ISO-8859-1
RFC 3339,2025-11-27T17:37:53Z,CC BY 4.0,,Expand APAC market,rejected,2021-02-26 06:33:16,tenant-027,POSIX,99.541% uptime,tenant-027,hr.employees,elizabeth_miller535,F = ma,Snowflake,failed,date < '2024',948.3105,2026-11-26T16:40:23Z,Q4 2027: $33M projected,NOT NULL,EMP-91781,rw,OH2743644,POSIX,"$3,191,802",Starry Night,Lee,[INTERNAL] Q3 strategy review pending board approval,INS-503910,OpenAPI 3.0,batch-20250627-86,60112645,BMI = kg/m²,67eb4930-75bf-497a-b790-85bdfb2a860b,SELECT * FROM products WHERE type = 'active',28 22 * * 1-5,Daily at 2am,"36 15 * * 0,6",0.12.68,IEEE 754,509-276-3628,max=8976,type,7 years,ONK,CURRENT_TIMESTAMP,2705367,update,NOT NULL,"$6,852,563",gRPC/protobuf,source_col -> output,false,EMP78730,Wearable,HOLD-2026-534,7df9376801f2ff6fcf8f7715e3e566f0df2d109d46581b3464e26d9e877ed490,analytics.events,Widowed,false,V,pool_size=657,curated.users -> reports,98621,2022-08-08,28164.0,failed,5762,BOOLEAN,Salesforce,Market-based,date = '2024',Asthma,Competitor Meridian Health launched Sentinel Monitor,ValueMax,curated.events -> analytics,true,59 3 * * 1-5,Influenza,2023-10-17 07:38:19,86 days,20 days,2024-06-15T18:54:56Z,"{""type"": ""object"", ""properties"": {}}",false,status = 'prod',tenant=2024-01,docker run,2022-04-09T05:32:09Z,false,VARCHAR,created_at,Data retained for 7 years,[CONFIDENTIAL] Formula #203,ISO-8859-1
ISO 8601,2019-09-19 09:45:56,CC BY 4.0,2020-08-01T11:25:18Z,IPO readiness,failed,2026-05-19T16:50:48Z,tenant-031,RFC 3339,99.741% uptime,tenant-004,sales.orders,amy_wright867,BMI = kg/m²,Salesforce,approved,type IN 'active',6477.3634,2021-03-16 04:32:24,Q2 2026: $54M projected,MATCHES '^[A-Z]+',EMP-53717,read,TX2049548,ISO 8601,"$272,100",Water Lilies,Harris,[INTERNAL] Q2 strategy review pending board approval,INS-992331,REST/JSON,batch-20230713-65,3755313,PV = nRT,69a37ca2-04e6-4785-bde8-7522b7c23fcc,SELECT * FROM users WHERE id = 'pending',12 12 * * *,Daily at 2am,30 17 * * *,3.11.41,RFC 3339,+14319909470,min=6758,status,indefinite,QZS,0,ORD-503145,update,age >= 18,"$6,344,284",OpenAPI 3.0,input -> output,true,EMP62440,Tablet,HOLD-2023-531,08ef6a928a66cdb3b0fa54a1c6c18e3fc53ead257f60d63f7ce94dd730cb130a,sales.orders,Single,false,T,max_retries=748,curated.events -> analytics,54126,2025-04-20,87284.7,inactive,0764,INTEGER,Workday,Cost-plus 25%,status < 'prod',Hypertension,Competitor Vertex Technologies launched Widget Pro,EcoLine,raw.users -> reports,true,"17 3 * * 0,6",Influenza,2023-11-19T21:31:03Z,181 days,22 days,2022-07-24T07:14:09Z,message Msg { string id = 1; },true,status != 'prod',dt=us-east,npm install,2019-10-28T19:18:12Z,false,TIMESTAMP,created_at,PII encrypted at rest,[CONFIDENTIAL] Formula #924,UTF-16
ISO 8601,2026-01-27T17:36:04Z,GPL-3.0,2018-08-09T16:37:51Z,Acquire competitor,active,2025-08-28T11:59:46Z,tenant-017,ISO 8601,99.451% uptime,tenant-021,public.users,annalewis896,A = πr²,SAP,inactive,date < 'active',8420.1036,2018-08-26T23:46:02Z,Q1 2027: $69M projected,NOT NULL,EMP-38209,rwx,GA1783658,ISO 8601,"$2,719,585",Water Lilies,Clark,[INTERNAL] Q4 strategy review pending board approval,INS-310064,GraphQL,batch-20180316-16,3740369,BMI = kg/m²,dc4c79be-c488-4421-96db-a39e2eb8036e,SELECT * FROM orders WHERE type = '1',"20 0 * * 0,6",Every 15 minutes,51 5 * * *,1.7.5,IEEE 754,529-937-6723,max=2579,amount,indefinite,AGVM,1,REC-593948,delete,age >= 18,"$7,576,734",SOAP/XML,field_a -> target_col,false,EMP93630,Mobile,HOLD-2024-946,ca39a36109dcb98a61dd0199cfb2e8c20e41de41e24870c0d54d4d69f650cfdc,analytics.events,Widowed,false,Y,timeout_ms=486,raw.users -> reports,5109,2026-09-30,81978.7,cancelled,3084,INTEGER,Snowflake,Value pricing,date = '2024',Type 2 Diabetes,Competitor DataCraft Inc launched FlexPay Platform,ValueMax,staging.orders -> analytics,false,"0 14 * * 0,6",Influenza,2023-03-07T23:00:34Z,66 days,310 days,2024-08-14 16:39:58,"{""type"": ""object"", ""properties"": {}}",1,date < '2024',tenant=us-east,kubectl apply,2023-04-04 01:10:14,true,TEXT,created_at,PII encrypted at rest,[CONFIDENTIAL] Formula #528,ASCII
ISO 8601,2021-03-08 21:39:22,Proprietary,,IPO readiness,failed,2022-03-09T02:58:56Z,tenant-007,ISO 8601,99.549% uptime,tenant-032,sales.orders,william_wright107,PV = nRT,SAP,completed,status IN 'prod',-616.3909,2019-06-12 10:15:00,Q3 2024: $6M projected,UNIQUE,EMP-31338,admin,WA2265908,POSIX,"$7,939,479",Starry Night,Young,[INTERNAL] Q2 strategy review pending board approval,INS-704950,GraphQL,batch-20200612-35,60111769,PV = nRT,b9d03347-3465-4cd7-9423-5869f0b860ce,SELECT * FROM users WHERE type = 'pending',17 12 * * 1-5,Daily at 2am,25 22 * * 1-5,4.10.40,ISO 8601,(733) 990-6390,min=7154,status,7 days,PEDO,1,ID-426602,snapshot,NOT NULL,"$6,892,573",OpenAPI 3.0,source_col -> output,true,EMP33778,Mobile,HOLD-2025-371,7925b4d950278b82971859a255d72ee06558ba4886950ac38bece5316f35e673,sales.orders,Widowed,false,V,max_retries=44,staging.orders -> analytics,31385,2024-03-20,32072.3,failed,6857,TEXT,Salesforce,Market-based,status != '2024',Migraine,Competitor Quantum Dynamics launched StreamLine ERP,ProSeries,staging.users -> exports,true,"16 23 * * 0,6",Tuberculosis,2026-10-17T21:51:40Z,308 days,295 days,2020-10-08 05:37:45,CREATE TABLE t (id INT PRIMARY KEY),true,date = 'prod',dt=acme,GET /api/users,2020-10-25 09:06:27,true,FLOAT,status,Data retained for 7 years,[CONFIDENTIAL] Formula #243,UTF-8
RFC 3339,2026-08-24 14:54:18,BSD-3-Clause,,Expand APAC market,cancelled,2021-01-22T15:43:39Z,tenant-033,POSIX,99.007% uptime,tenant-008,analytics.events,elizabeth.jackson565,A = πr²,Snowflake,cancelled,status < '2024',298.359,2025-02-04 22:47:56,Q3 2027: $87M projected,NOT NULL,EMP-98364,r-x,IL5340343,W3C Date,"$8,245,098",The Persistence of Memory,Jones,[INTERNAL] Q2 strategy review pending board approval,INS-799960,SOAP/XML,batch-20260301-19,514032,E = mc²,09044f34-9b6d-4cd4-b817-3b07ffb08a20,SELECT * FROM products WHERE id = 'active',30 12 * * *,Daily at 2am,37 9 * * 1-5,4.18.91,W3C Date,861 595 1194,crit=9805,type,30 days,PEEN,0,REC-324577,insert,"status IN ('active','pending')","$5,587,920",REST/JSON,field_a -> target_col,false,EMP42589,Smart TV,HOLD-2022-410,73a53709bbe336c7fde9f20a8811ce97a4b4981a69ab5d63418cf21cba0a7eaf,hr.employees,Divorced,false,V,batch_size=456,staging.users -> analytics,83525,2025-04-11,70732.8,failed,0470,TEXT,PostgreSQL,Cost-plus 25%,status = 'prod',Arthritis,Competitor Beacon Analytics launched NanoCore SDK,EcoLine,curated.events -> analytics,false,38 13 * * 1-5,COVID-19,2019-02-10T16:10:42Z,130 days,169 days,2026-01-04 07:04:45,"{""type"": ""object"", ""properties"": {}}",yes,status = '2024',region=us-east,npm install,2026-12-08T04:48:02Z,false,JSON,email,Data retained for 7 years,[CONFIDENTIAL] Formula #110,UTF-8
W3C Date,2024-05-25 21:40:43,Apache-2.0,,Acquire competitor,inactive,2020-10-09T10:13:49Z,tenant-008,W3C Date,99.217% uptime,tenant-028,analytics.events,sarah_lewis621,A = πr²,SAP,cancelled,date IN 'active',2872.9576,2018-11-11 00:34:32,Q4 2025: $75M projected,BETWEEN 1 AND 100,EMP-88471,rwx,NC7359197,POSIX,"$6,535,167",Water Lilies,Martin,[INTERNAL] Q2 strategy review pending board approval,INS-109643,gRPC/protobuf,batch-20241221-44,3762018,PV = nRT,021b3a37-62bb-485d-be70-97b00e79f37b,SELECT * FROM users WHERE status = 'active',"50 16 * * 0,6",Weekly on Monday,53 6 * * 1-5,0.4.92,W3C Date,+18484015496,max=6040,status,1 year,PTUX,false,USR-247626,insert,"status IN ('active','pending')","$6,825,010",gRPC/protobuf,source_col -> target_col,true,EMP37121,IoT,HOLD-2022-559,ed6ddbeba9dca70db8477b190c59a4aea857b1a30086d0fa5f7f87c2837b71e3,analytics.events,Single,false,D,timeout_ms=602,curated.orders -> reports,48125,2026-01-13,89345.7,failed,371,TEXT,Kafka,Cost-plus 25%,type > 'prod',Arthritis,Competitor TechCo Industries launched Sentinel Monitor,ValueMax,curated.users -> exports,YES,44 2 * * 1-5,COVID-19,2019-03-12T00:39:29Z,276 days,113 days,2023-11-28 13:11:21,"{""type"": ""object"", ""properties"": {}}",true,date = 'prod',tenant=2024-01,POST /api/orders,2024-06-14T08:06:42Z,true,INTEGER,id,Data retained for 7 years,[CONFIDENTIAL] Formula #981,UTF-8
W3C Date,2020-09-02T13:23:22Z,Apache-2.0,,Acquire competitor,completed,2019-01-16 04:07:03,tenant-039,IEEE 754,99.797% uptime,tenant-039,hr.employees,oliver_harris994,A = πr²,Snowflake,approved,status < 'active',-385.7136,2019-05-26 21:03:21,Q1 2025: $74M projected,UNIQUE,EMP-16260,execute,CA9173021,IEEE 754,"$639,103",The Scream,Moore,[INTERNAL] Q4 strategy review pending board approval,INS-535946,OpenAPI 3.0,batch-20200216-15,3764649,F = ma,07cc0bf9-b8f1-4124-9a28-a4f02f090fa3,SELECT * FROM orders WHERE id = 'active',"7 17 * * 0,6",Every 15 minutes,58 15 * * *,0.17.60,IEEE 754,899.727.2384,min=2590,email,1 year,LWE,1,TXN-343688,upsert,age >= 18,"$3,635,615",REST/JSON,field_a -> field_b,false,EMP87068,Tablet,HOLD-2025-541,15d8990352ed940c00c3dd021a68f2daef9cfb0dc1786d30975e88e05aa034cd,sales.orders,Widowed,false,K,max_retries=556,curated.events -> analytics,81500,2018-03-05,30485.0,cancelled,166,JSON,PostgreSQL,Penetration,type < 'active',Asthma,Competitor Alpine Systems launched SmartHub X1,ProSeries,raw.events -> reports,true,"49 23 * * 0,6",Diabetes Mellitus,2023-03-25 11:05:55,256 days,158 days,2018-12-22 10:27:45,"{""type"": ""object"", ""properties"": {}}",no,status = 'active',region=2024-01,docker run,2020-08-25 17:20:00,false,TIMESTAMP,amount,MFA required for admin,[CONFIDENTIAL] Formula #386,ASCII
POSIX,2020-09-27 03:34:18,GPL-3.0,2021-03-28T00:28:28Z,Acquire competitor,approved,2019-04-03 19:23:15,tenant-015,RFC 3339,99.824% uptime,tenant-027,hr.employees,oliverwright705,E = mc²,SAP,pending,date > 'prod',5271.7101,2021-04-04T19:36:00Z,Q3 2027: $3M projected,CHECK (val > 0),EMP-16222,r-x,OH5472722,RFC 3339,"$8,169,541",The Persistence of Memory,White,[INTERNAL] Q1 strategy review pending board approval,INS-169266,GraphQL,batch-20180703-50,594933,F = ma,717614d8-4937-4085-a591-02358439692c,SELECT * FROM users WHERE status = 'pending',42 18 * * 1-5,Weekly on Monday,30 14 * * *,3.20.1,ISO 8601,+12729184898,max=7332,id,7 days,YXHN,null,REC-992268,upsert,age >= 18,"$4,154,482",SOAP/XML,source_col -> target_col,false,EMP36173,Smart TV,HOLD-2022-391,6bc698b098478022d2510583423a75c36300cbfedebadf0a0e790a2609399b3f,hr.employees,Widowed,true,C,pool_size=228,raw.orders -> exports,36776,2018-05-29,66779.6,pending,8438,FLOAT,Kafka,Cost-plus 25%,date = 'active',Asthma,Competitor Meridian Health launched StreamLine ERP,ProSeries,raw.orders -> exports,false,35 14 * * 1-5,Tuberculosis,2018-06-01T15:40:03Z,45 days,205 days,2018-07-20 16:49:37,message Msg { string id = 1; },true,status = 'prod',tenant=acme,GET /api/users,2019-02-06T16:10:13Z,false,VARCHAR,type,PII encrypted at rest,[CONFIDENTIAL] Formula #595,ISO-8859-1
IEEE 754,2025-08-22T07:21:16Z,Proprietary,,IPO readiness,inactive,2026-09-06T04:18:43Z,tenant-043,POSIX,99.858% uptime,tenant-033,public.users,jenniferjohnson25,E = mc²,Workday,failed,date IN 'prod',183.2889,2025-02-17T17:17:40Z,Q4 2024: $25M projected,NOT NULL,EMP-19081,write,CA7584749,ISO 8601,"$8,748,129",The Persistence of Memory,Martinez,[INTERNAL] Q3 strategy review pending board approval,INS-868869,REST/JSON,batch-20261112-73,60112237,F = ma,75bc492a-240b-4704-88a3-c90e7c1a9b0b,SELECT * FROM users WHERE status = 'active',24 16 * * *,Monthly on 1st,50 9 * * *,2.2.95,RFC 3339,544.295.9858,max=7859,email,1 year,KJV,null,2493916,upsert,NOT NULL,"$1,023,297",SOAP/XML,field_a -> field_b,false,EMP42608,Wearable,HOLD-2020-933,99d193bf22e629020122f6238bf9314a2d5f32bfc9d4ff6c3a1f4d12073e3f0f,sales.orders,Divorced,false,L,timeout_ms=318,raw.users -> exports,92837,2021-10-30,2031.6,pending,401,FLOAT,SAP,Value pricing,date != 'active',Migraine,Competitor Beacon Analytics launched VaultKeeper,TechBrand,curated.users -> analytics,YES,9 17 * * *,Diabetes Mellitus,2023-02-17T04:43:52Z,255 days,50 days,2020-10-07 18:19:50,"{""type"": ""object"", ""properties"": {}}",no,status = 'prod',region=2024-01,GET /api/users,2024-10-25T01:42:09Z,true,TIMESTAMP,amount,PII encrypted at rest,[CONFIDENTIAL] Formula #719,ISO-8859-1
RFC 3339,2026-12-18 06:30:42,Proprietary,,Launch SaaS tier,rejected,2021-05-28T04:29:09Z,tenant-005,RFC 3339,99.748% uptime,tenant-029,hr.employees,jennifer.young262,E = mc²,Workday,completed,date = 'active',-462.7544,2018-05-17 01:15:35,Q2 2025: $7M projected,BETWEEN 1 AND 100,EMP-99086,rw,CA5830983,POSIX,"$9,791,586",Water Lilies,Williams,[INTERNAL] Q3 strategy review pending board approval,INS-743166,SOAP/XML,batch-20250528-13,3758913,BMI = kg/m²,4e621b3a-42c2-465d-bd5d-98739c0ea803,SELECT * FROM orders WHERE id = 'active',"31 9 * * 0,6",Monthly on 1st,31 18 * * 1-5,2.7.40,IEEE 754,585-342-3547,min=2976,email,indefinite,XD,false,5303164,upsert,age >= 18,"$5,443,009",REST/JSON,field_a -> target_col,false,EMP80140,Tablet,HOLD-2022-275,7310715bac23c744cbc6ee13b7fc6a360a539a0107a7942b44f8184026cb16f4,analytics.events,Married,false,U,timeout_ms=821,curated.orders -> reports,36230,2022-03-04,12143.3,approved,8099,FLOAT,Kafka,Cost-plus 25%,date > '2024',Depression,Competitor Meridian Health launched CloudGuard,ProSeries,raw.orders -> analytics,true,14 7 * * *,Influenza,2026-06-23 12:49:40,16 days,72 days,2018-05-05 03:03:51,"{""type"": ""object"", ""properties"": {}}",false,type > 'active',region=acme,GET /api/users,2020-01-21 01:23:45,false,JSON,name,MFA required for admin,[CONFIDENTIAL] Formula #700,ISO-8859-1
RFC 3339,2020-03-05 09:28:44,GPL-3.0,2018-12-15T05:38:11Z,Launch SaaS tier,rejected,2020-01-25 14:13:07,tenant-005,W3C Date,99.433% uptime,tenant-021,sales.orders,lucasanderson313,PV = nRT,SAP,cancelled,status = 'active',4657.7424,2019-04-11T19:22:25Z,Q4 2025: $46M projected,UNIQUE,EMP-83425,rw,WA7006008,W3C Date,"$890,802",The Persistence of Memory,Johnson,[INTERNAL] Q2 strategy review pending board approval,INS-301329,REST/JSON,batch-20230628-24,60119271,PV = nRT,b154fa67-9dd8-4608-9cab-e618492d28df,SELECT * FROM products WHERE id = 'active',"54 14 * * 0,6",Monthly on 1st,"43 12 * * 0,6",3.16.67,POSIX,+13418066388,crit=196,name,indefinite,EGSS,false,6015624,upsert,NOT NULL,"$5,598,722",SOAP/XML,input -> output,true,EMP88371,Mobile,HOLD-2022-814,4b39bde626b7eb0206930edb9fae38c1bd6a9378e8efe499f1b3b1ecad040fd9,hr.employees,Divorced,false,P,max_retries=81,staging.orders -> exports,12519,2018-12-14,76612.7,pending,015,FLOAT,PostgreSQL,Market-based,status = 'prod',Depression,Competitor Global Solutions launched FlexPay Platform,ProSeries,curated.orders -> reports,false,"49 3 * * 0,6",COVID-19,2021-12-28 03:26:50,167 days,24 days,2018-04-20T01:21:24Z,CREATE TABLE t (id INT PRIMARY KEY),1,type < 'active',region=acme,GET /api/users,2023-11-19 08:40:30,false,TIMESTAMP,id,MFA required for admin,[CONFIDENTIAL] Formula #407,ISO-8859-1
W3C Date,2025-08-22T22:00:23Z,MIT,,Acquire competitor,approved,2025-09-08T10:40:08Z,tenant-019,POSIX,99.871% uptime,tenant-029,public.users,emma.garcia729,E = mc²,Snowflake,pending,type = 'active',439.4334,2026-06-14 14:14:33,Q2 2024: $19M projected,CHECK (val > 0),EMP-97320,rwx,IL9417490,IEEE 754,"$6,502,167",The Persistence of Memory,Young,[INTERNAL] Q4 strategy review pending board approval,INS-530831,gRPC/protobuf,batch-20230620-57,60112748,BMI = kg/m²,a1abb6c1-81f5-47d5-a690-09cf1e51ecca,SELECT * FROM users WHERE type = 'pending',36 10 * * *,Every 15 minutes,"6 17 * * 0,6",4.7.3,IEEE 754,304 532 3315,warn=6383,created_at,indefinite,OEI,'',ID-130940,delete,amount <= 10000,"$8,961,135",OpenAPI 3.0,input -> target_col,false,EMP64129,Smart TV,HOLD-2024-559,e32a41bea449650a4f1f6c4fc92cc8891f0a3b1a1272b66e1c84a6341c917fac,analytics.events,Married,true,N,timeout_ms=847,staging.orders -> reports,94407,2019-07-02,2339.0,approved,2059,TIMESTAMP,SAP,Premium,date > 'active',Type 2 Diabetes,Competitor Global Solutions launched Widget Pro,SmartChoice,curated.orders -> analytics,YES,46 5 * * 1-5,Influenza,2019-10-27T15:51:25Z,24 days,263 days,2020-02-20T02:14:27Z,CREATE TABLE t (id INT PRIMARY KEY),yes,status != 'prod',tenant=us-east,POST /api/orders,2021-11-25T03:48:35Z,false,TIMESTAMP,id,Data retained for 7 years,[CONFIDENTIAL] Formula #596,Latin-1
W3C Date,2018-12-25T22:37:27Z,GPL-3.0,,Acquire competitor,cancelled,2021-05-23 20:18:15,tenant-019,POSIX,99.013% uptime,tenant-028,public.users,james.johnson914,A = πr²,Salesforce,cancelled,type < 'prod',7028.7749,2023-09-03 00:39:52,Q3 2024: $9M projected,BETWEEN 1 AND 100,EMP-19535,execute,WA1114719,RFC 3339,"$7,135,292",The Persistence of Memory,Walker,[INTERNAL] Q4 strategy review pending board approval,INS-460045,GraphQL,batch-20260910-03,3766422,F = ma,a04046df-d6aa-4067-9b58-5ffe805e6fd1,SELECT * FROM orders WHERE status = '1',21 10 * * 1-5,Monthly on 1st,27 23 * * *,4.8.32,IEEE 754,519 493 9531,min=1137,name,7 days,LBO,0,2818165,upsert,NOT NULL,"$9,416,859",REST/JSON,source_col -> output,true,EMP62642,Mobile,HOLD-2022-643,b24d024b475c330801c6a9d819dad2f8da2249f2a39b4de0650a26c273e00f1e,public.users,Married,false,D,timeout_ms=859,staging.events -> reports,14424,2023-10-12,44896.0,rejected,191,BOOLEAN,PostgreSQL,Market-based,date IN 'prod',Arthritis,Competitor Alpine Systems launched FlexPay Platform,TechBrand,staging.events -> analytics,NO,"39 10 * * 0,6",Tuberculosis,2026-12-08 16:23:29,255 days,77 days,2020-09-18 18:19:12,"{""type"": ""object"", ""properties"": {}}",1,type IN '2024',dt=2024-01,npm install,2026-03-11T09:57:00Z,false,VARCHAR,email,MFA required for admin,[CONFIDENTIAL] Formula #606,ISO-8859-1
IEEE 754,2023-11-22T07:10:15Z,GPL-3.0,,IPO readiness,inactive,2021-10-17T20:49:50Z,tenant-019,ISO 8601,99.984% uptime,tenant-046,sales.orders,liam_king453,F = ma,Snowflake,cancelled,status < '2024',9185.506,2018-04-04 01:19:07,Q2 2027: $13M projected,CHECK (val > 0),EMP-87466,execute,MA2181550,IEEE 754,"$5,663,740",The Persistence of Memory,Garcia,[INTERNAL] Q1 strategy review pending board approval,INS-481645,SOAP/XML,batch-20210816-57,409488,E = mc²,c38df98e-20cf-478a-af3d-390359a89588,SELECT * FROM products WHERE id = 'pending',41 19 * * 1-5,Monthly on 1st,"4 14 * * 0,6",0.2.23,W3C Date,238-384-5630,max=2406,email,7 days,CWF,null,1853495,snapshot,NOT NULL,"$2,580,054",OpenAPI 3.0,input -> target_col,false,EMP60761,IoT,HOLD-2023-819,e766ed6317f45d301da81f53732e578584f83f910dc43031ec601ea85d319741,sales.orders,Widowed,false,R,timeout_ms=470,curated.users -> exports,10247,2023-02-10,95207.7,pending,9942,TEXT,Workday,Value pricing,type > '2024',Type 2 Diabetes,Competitor Global Solutions launched SmartHub X1,TechBrand,curated.events -> reports,YES,"22 17 * * 0,6",COVID-19,2019-12-18 03:16:24,180 days,355 days,2018-11-13 00:42:46,CREATE TABLE t (id INT PRIMARY KEY),false,date = 'prod',dt=us-east,GET /api/users,2025-12-07T14:16:14Z,true,JSON,status,MFA required for admin,[CONFIDENTIAL] Formula #562,ISO-8859-1
ISO 8601,2026-09-24 10:26:41,GPL-3.0,2026-09-19T22:50:05Z,IPO readiness,rejected,2023-03-04T20:18:15Z,tenant-049,IEEE 754,99.411% uptime,tenant-006,hr.employees,jessica_robinson594,BMI = kg/m²,SAP,cancelled,status != 'active',2803.1912,2022-12-20 20:56:04,Q2 2024: $25M projected,UNIQUE,EMP-21076,rw,NY6920676,ISO 8601,"$5,984,755",Water Lilies,Thomas,[INTERNAL] Q1 strategy review pending board approval,INS-372412,GraphQL,batch-20250925-54,486049,E = mc²,4abc2518-6b6b-4596-83fe-2641736b2186,SELECT * FROM users WHERE id = 'pending',"52 0 * * 0,6",Daily at 2am,18 7 * * *,1.8.47,ISO 8601,758 669 4284,max=959,id,7 days,GC,false,ORD-167294,upsert,amount <= 10000,"$1,857,705",OpenAPI 3.0,source_col -> output,false,EMP13740,Smart TV,HOLD-2023-243,5ecac4d91d33fef85dc62f3e36168923978ab7713bdff15db449708ad7ff1917,sales.orders,Single,false,W,max_retries=834,staging.events -> exports,28908,2021-05-20,84153.2,completed,8270,VARCHAR,Kafka,Cost-plus 25%,date != 'prod',Anxiety,Competitor Acme Corp launched CloudGuard,ValueMax,curated.users -> analytics,YES,"0 14 * * 0,6",COVID-19,2026-07-28T23:02:46Z,36 days,196 days,2018-09-21T14:28:58Z,message Msg { string id = 1; },0,date != '2024',tenant=us-east,npm install,2020-12-02 07:50:33,false,TIMESTAMP,amount,Data retained for 7 years,[CONFIDENTIAL] Formula #255,Latin-1
POSIX,2025-09-15T14:35:13Z,CC BY 4.0,,Launch SaaS tier,completed,2026-05-19 11:54:02,tenant-042,RFC 3339,99.327% uptime,tenant-010,sales.orders,anna_williams673,PV = nRT,Salesforce,completed,type = 'prod',8687.1769,2024-05-15 01:35:07,Q2 2026: $54M projected,MATCHES '^[A-Z]+',EMP-45343,read,NY6035337,W3C Date,"$2,184,100",Water Lilies,Thompson,[INTERNAL] Q2 strategy review pending board approval,INS-156263,GraphQL,batch-20190617-28,509090,A = πr²,dc82db54-dd7f-4b30-917b-7cd89355c958,SELECT * FROM orders WHERE id = 'active',32 16 * * 1-5,Every 15 minutes,3 21 * * *,3.10.28,RFC 3339,844.665.6028,max=8592,amount,1 year,CYI,false,REC-263504,insert,"status IN ('active','pending')","$9,098,093",REST/JSON,input -> output,true,EMP20819,Smart TV,HOLD-2024-217,50816a43c1f81867ec8dac3865f9d8d58b253610a812928e152e529c1c2afac3,public.users,Widowed,true,F,batch_size=846,raw.orders -> analytics,95542,2025-04-03,19528.9,inactive,236,TIMESTAMP,SAP,Value pricing,date < 'prod',Arthritis,Competitor Skyline Partners launched VaultKeeper,ValueMax,curated.orders -> analytics,true,50 15 * * *,Diabetes Mellitus,2021-09-23T10:55:08Z,207 days,225 days,2022-07-04T09:08:49Z,message Msg { string id = 1; },0,date IN '2024',region=2024-01,POST /api/orders,2023-12-13 03:07:54,true,INTEGER,status,MFA required for admin,[CONFIDENTIAL] Formula #246,UTF-8
RFC 3339,2020-02-18 14:03:22,GPL-3.0,2022-01-16T10:16:41Z,Expand APAC market,active,2025-12-26 12:24:26,tenant-008,ISO 8601,99.13% uptime,tenant-002,analytics.events,emilyjackson210,PV = nRT,Kafka,pending,type > '2024',415.9961,2022-12-16 19:37:55,Q2 2027: $99M projected,BETWEEN 1 AND 100,EMP-35313,r-x,GA3137808,IEEE 754,"$2,901,413",Starry Night,Rodriguez,[INTERNAL] Q3 strategy review pending board approval,INS-235591,GraphQL,batch-20200804-16,57395,BMI = kg/m²,f18bcabd-fbeb-498a-afff-cb32ec0a6737,SELECT * FROM products WHERE type = 'active',1 1 * * 1-5,Daily at 2am,"46 12 * * 0,6",5.20.30,RFC 3339,235 789 6934,crit=4242,id,30 days,LOCS,CURRENT_TIMESTAMP,ORD-558581,insert,amount <= 10000,"$2,837,719",SOAP/XML,field_a -> field_b,false,EMP67832,IoT,HOLD-2022-608,f95d0820b6ad4de4f9f3311f355fa88dddacf14a559864b3388e1d0ba9752fd1,public.users,Widowed,false,N,batch_size=16,curated.events -> reports,52474,2024-10-10,44426.9,inactive,220,FLOAT,Kafka,Premium,date != '2024',Migraine,Competitor Alpine Systems launched NanoCore SDK,EcoLine,staging.events -> reports,true,14 13 * * *,Malaria,2022-10-27T01:04:44Z,351 days,287 days,2026-07-19T17:12:41Z,message Msg { string id = 1; },yes,type > 'prod',tenant=us-east,GET /api/users,2020-09-27 07:19:11,false,INTEGER,status,PII encrypted at rest,[CONFIDENTIAL] Formula #498,UTF-16
W3C Date,2018-02-27T08:03:07Z,GPL-3.0,,Acquire competitor,rejected,2025-03-23 17:36:44,tenant-017,W3C Date,99.346% uptime,tenant-013,analytics.events,williammartinez468,PV = nRT,PostgreSQL,cancelled,date < '2024',3461.7404,2021-05-18 22:15:11,Q1 2025: $85M projected,MATCHES '^[A-Z]+',EMP-68796,rw,NY7258975,RFC 3339,"$6,059,787",The Persistence of Memory,Thompson,[INTERNAL] Q4 strategy review pending board approval,INS-857892,SOAP/XML,batch-20260209-59,552789,F = ma,cd59e81e-5afa-467e-b089-7d83537ee0f5,SELECT * FROM orders WHERE status = '1',"35 3 * * 0,6",Monthly on 1st,33 8 * * 1-5,0.13.88,POSIX,640.264.1278,warn=1172,name,30 days,JJV,false,REC-977305,delete,"status IN ('active','pending')","$13,496",SOAP/XML,input -> target_col,false,EMP30040,Mobile,HOLD-2022-984,955eb466202f8bc94c0c3c3bf4b71ebd12b014bc2f5793be6059eed91f408b68,sales.orders,Divorced,true,V,pool_size=837,raw.orders -> exports,88634,2024-12-22,41681.5,rejected,069,JSON,Workday,Cost-plus 25%,status > 'prod',Depression,Competitor Meridian Health launched Widget Pro,ProSeries,curated.users -> analytics,true,"1 18 * * 0,6",Tuberculosis,2024-06-21 06:36:15,107 days,284 days,2021-10-25 14:37:11,CREATE TABLE t (id INT PRIMARY KEY),0,date != 'prod',region=2024-01,POST /api/orders,2022-11-14T01:12:58Z,false,FLOAT,email,PII encrypted at rest,[CONFIDENTIAL] Formula #696,UTF-16
POSIX,2018-06-07 13:41:31,MIT,,Acquire competitor,cancelled,2025-09-14 16:45:35,tenant-022,POSIX,99.04% uptime,tenant-017,hr.employees,liammoore897,E = mc²,SAP,failed,status IN '2024',166.3474,2019-04-05 18:22:48,Q1 2027: $39M projected,MATCHES '^[A-Z]+',EMP-42637,write,CA2580416,IEEE 754,"$894,574",The Scream,Moore,[INTERNAL] Q4 strategy review pending board approval,INS-931602,gRPC/protobuf,batch-20260528-22,44088,BMI = kg/m²,e0ef68d7-7e68-4b0e-bbb1-ba914e032791,SELECT * FROM users WHERE status = 'active',29 10 * * 1-5,Weekly on Monday,"2 18 * * 0,6",1.8.27,POSIX,744.899.8097,crit=2946,type,30 days,FBL,null,REC-456161,insert,"status IN ('active','pending')","$3,348,911",gRPC/protobuf,field_a -> field_b,false,EMP86277,Wearable,HOLD-2021-868,c320ee63facb7d0177ac3cd0e7ea2ec9fd7c162b600caae0c0865858f3318e8e,analytics.events,Divorced,false,B,pool_size=198,staging.orders -> reports,37829,2018-11-06,96168.7,approved,406,BOOLEAN,PostgreSQL,Premium,status > '2024',Migraine,Competitor TechCo Industries launched CloudGuard,SmartChoice,staging.events -> reports,YES,"42 18 * * 0,6",Malaria,2024-12-08T02:29:05Z,285 days,196 days,2023-07-16 13:40:11,"{""type"": ""object"", ""properties"": {}}",0,type < 'prod',tenant=2024-01,npm install,2018-09-14 08:04:25,false,BOOLEAN,status,Data retained for 7 years,[CONFIDENTIAL] Formula #109,ISO-8859-1
POSIX,2021-04-26 00:08:11,MIT,,Acquire competitor,failed,2021-05-18 19:58:41,tenant-012,ISO 8601,99.879% uptime,tenant-001,public.users,harperthompson184,BMI = kg/m²,PostgreSQL,inactive,status > '2024',9515.5255,2025-11-15T10:26:38Z,Q1 2026: $67M projected,MATCHES '^[A-Z]+',EMP-46084,execute,NC2280587,POSIX,"$8,921,020",The Scream,Lee,[INTERNAL] Q1 strategy review pending board approval,INS-776588,gRPC/protobuf,batch-20240311-02,466764,E = mc²,02a38022-955f-4174-90cf-ead377f05797,SELECT * FROM products WHERE type = 'active',"58 22 * * 0,6",Monthly on 1st,"28 4 * * 0,6",0.4.67,W3C Date,447 607 6642,min=5731,amount,indefinite,IY,'',4907966,upsert,age >= 18,"$3,195,565",REST/JSON,input -> target_col,false,EMP53072,Tablet,HOLD-2020-800,69606ab9f148d7ad7781d6e19241a5216d233efc555476c53d41a583c7b7462e,public.users,Married,false,M,pool_size=157,staging.users -> analytics,10645,2023-11-09,6721.5,active,662,FLOAT,Snowflake,Penetration,status != 'active',Migraine,Competitor TechCo Industries launched NanoCore SDK,TechBrand,staging.events -> exports,false,52 9 * * *,Influenza,2022-07-26 09:57:08,284 days,42 days,2018-02-13T17:55:56Z,CREATE TABLE t (id INT PRIMARY KEY),1,type = 'active',tenant=us-east,kubectl apply,2021-07-16 08:32:58,false,TIMESTAMP,id,MFA required for admin,[CONFIDENTIAL] Formula #711,UTF-16
ISO 8601,2019-05-20 17:40:06,Proprietary,2019-06-21T18:29:38Z,Acquire competitor,pending,2021-05-04T14:27:55Z,tenant-020,POSIX,99.835% uptime,tenant-012,analytics.events,logan.jones986,E = mc²,SAP,approved,date > 'prod',1830.0699,2018-09-20 19:13:48,Q2 2024: $66M projected,CHECK (val > 0),EMP-81115,write,CA4569361,ISO 8601,"$1,089,760",The Scream,Miller,[INTERNAL] Q2 strategy review pending board approval,INS-434406,gRPC/protobuf,batch-20250305-31,601168532,BMI = kg/m²,de5305f0-c6ff-4dbb-93f1-dd5e711789cf,SELECT * FROM products WHERE id = 'active',31 3 * * *,Every 15 minutes,44 0 * * 1-5,0.2.79,W3C Date,(891) 968-2288,max=4642,id,indefinite,QUX,'',9518913,update,amount <= 10000,"$1,724,461",gRPC/protobuf,field_a -> field_b,false,EMP83890,IoT,HOLD-2022-660,42a9fbe3cff5aed90aec8b2d689683aee4d5b01ad821b0d9e3a8c091512809a0,sales.orders,Single,false,B,timeout_ms=170,curated.orders -> exports,27151,2022-01-16,83444.1,failed,969,VARCHAR,Salesforce,Market-based,status IN 'prod',Arthritis,Competitor Meridian Health launched NanoCore SDK,EcoLine,curated.events -> exports,YES,"52 5 * * 0,6",COVID-19,2025-08-22T16:04:52Z,142 days,189 days,2023-06-18T08:03:44Z,message Msg { string id = 1; },false,status > 'active',region=us-east,docker run,2025-12-22T16:01:33Z,false,TIMESTAMP,id,Data retained for 7 years,[CONFIDENTIAL] Formula #438,ISO-8859-1
POSIX,2023-06-06T01:44:53Z,MIT,,IPO readiness,cancelled,2026-09-06T20:34:11Z,tenant-041,RFC 3339,99.595% uptime,tenant-041,sales.orders,patricia.davis298,PV = nRT,PostgreSQL,completed,status < 'active',8649.2165,2025-08-15 00:40:27,Q4 2024: $6M projected,MATCHES '^[A-Z]+',EMP-48439,r-x,PA5582826,ISO 8601,"$3,786,703",Water Lilies,Lee,[INTERNAL] Q4 strategy review pending board approval,INS-614130,GraphQL,batch-20201109-92,471898,PV = nRT,83da8510-1d81-42cb-ba48-cdc91ed6d429,SELECT * FROM orders WHERE status = 'active',57 5 * * 1-5,Every 15 minutes,32 11 * * *,3.9.3,IEEE 754,392 801 1929,warn=8200,type,7 days,RW,'',4905641,snapshot,"status IN ('active','pending')","$7,932,642",SOAP/XML,source_col -> field_b,false,EMP51544,Tablet,HOLD-2020-313,aa44d9a362da0f15b3372eb62278a3eb1e8ad86a8aa1104544d36aa44467561d,analytics.events,Divorced,false,A,pool_size=89,curated.orders -> reports,84434,2018-03-20,7059.0,approved,921,VARCHAR,Workday,Penetration,status < 'prod',Hypertension,Competitor Beacon Analytics launched DataSync 3000,SmartChoice,curated.users -> exports,true,11 4 * * 1-5,Tuberculosis,2021-05-06T16:58:15Z,337 days,283 days,2021-05-28T06:06:38Z,"{""type"": ""object"", ""properties"": {}}",true,type IN 'active',dt=acme,docker run,2018-04-02 02:24:25,true,FLOAT,status,MFA required for admin,[CONFIDENTIAL] Formula #874,ISO-8859-1
RFC 3339,2020-09-09 09:09:59,CC BY 4.0,,Launch SaaS tier,completed,2021-10-23T18:12:55Z,tenant-001,ISO 8601,99.389% uptime,tenant-016,public.users,sarahlewis19,A = πr²,Salesforce,completed,date < 'prod',18.8552,2023-01-13 03:43:59,Q4 2027: $70M projected,CHECK (val > 0),EMP-43560,r-x,FL9974070,POSIX,"$3,670,931",The Scream,Martin,[INTERNAL] Q3 strategy review pending board approval,INS-312467,OpenAPI 3.0,batch-20230109-45,596104,PV = nRT,eee9aadc-9b1e-407d-af8c-b32cefd4a57e,SELECT * FROM users WHERE id = 'active',"11 20 * * 0,6",Every 15 minutes,59 22 * * *,5.12.71,ISO 8601,(837) 727-3920,max=8213,created_at,1 year,CWMR,1,ID-804834,upsert,"status IN ('active','pending')","$3,436,837",OpenAPI 3.0,source_col -> output,false,EMP45859,Desktop,HOLD-2021-294,bdb1cea318883830dc30b9b0b6f009fcfddc6b0a9f1c20b6654b04a0e6a41ffd,hr.employees,Divorced,false,U,timeout_ms=426,staging.users -> analytics,81265,2018-06-17,40786.0,cancelled,639,BOOLEAN,Workday,Market-based,type IN 'active',Anxiety,Competitor TechCo Industries launched StreamLine ERP,EcoLine,raw.events -> reports,NO,43 22 * * 1-5,Diabetes Mellitus,2023-02-13T19:53:05Z,133 days,338 days,2023-08-09 02:18:50,message Msg { string id = 1; },true,type IN 'prod',region=us-east,docker run,2021-11-01T06:35:41Z,true,BOOLEAN,email,Data retained for 7 years,[CONFIDENTIAL] Formula #690,UTF-8
POSIX,2019-10-13 21:12:31,GPL-3.0,2020-10-22T10:54:29Z,Launch SaaS tier,inactive,2026-04-04 02:22:24,tenant-042,W3C Date,99.335% uptime,tenant-040,sales.orders,mason_martin845,A = πr²,Workday,rejected,type < 'active',8875.9932,2019-08-08 17:31:37,Q4 2025: $58M projected,BETWEEN 1 AND 100,EMP-96826,rwx,IL9273908,RFC 3339,"$336,581",Starry Night,Garcia,[INTERNAL] Q1 strategy review pending board approval,INS-692985,GraphQL,batch-20181130-80,47527,A = πr²,9e80d0c3-a188-4bde-8f6f-91bd86c07315,SELECT * FROM orders WHERE status = '1',"43 1 * * 0,6",Every 15 minutes,"54 8 * * 0,6",4.9.10,ISO 8601,(276) 449-9947,crit=5868,name,indefinite,WDFS,false,3166706,delete,amount <= 10000,"$2,498,057",REST/JSON,input -> target_col,true,EMP25707,Smart TV,HOLD-2023-260,1cbceaed6050bab26321df76b8b96531ba0fed5033c7f3187512d53dbfc84c74,public.users,Single,false,D,max_retries=744,staging.users -> analytics,2493,2021-02-11,69580.4,approved,0453,JSON,Salesforce,Penetration,type > 'active',Depression,Competitor Alpine Systems launched StreamLine ERP,SmartChoice,staging.events -> analytics,NO,52 4 * * *,Diabetes Mellitus,2021-02-24 14:27:09,134 days,71 days,2021-11-01T23:16:32Z,CREATE TABLE t (id INT PRIMARY KEY),1,type != 'active',dt=acme,kubectl apply,2024-02-14T06:57:16Z,true,BOOLEAN,status,PII encrypted at rest,[CONFIDENTIAL] Formula #263,ASCII
IEEE 754,2023-07-02 17:18:33,Proprietary,2020-04-12T15:12:38Z,Launch SaaS tier,rejected,2023-11-05T04:19:41Z,tenant-048,ISO 8601,99.297% uptime,tenant-013,analytics.events,olivia_moore492,A = πr²,SAP,active,date < 'prod',5907.9981,2020-06-09T19:44:48Z,Q4 2027: $63M projected,NOT NULL,EMP-67200,read,FL2656785,RFC 3339,"$9,557,537",The Scream,Martinez,[INTERNAL] Q3 strategy review pending board approval,INS-513212,OpenAPI 3.0,batch-20240605-51,44563,F = ma,4d2d848d-8960-498d-b2db-0acc2412304e,SELECT * FROM products WHERE id = 'active',"11 2 * * 0,6",Monthly on 1st,"52 12 * * 0,6",5.0.53,W3C Date,(560) 663-4833,warn=5832,amount,1 year,KRPG,null,7892519,insert,age >= 18,"$7,959,805",SOAP/XML,source_col -> field_b,false,EMP73865,Wearable,HOLD-2025-116,ef11e2e610869a1b5dc81c3d37032b82d3158efddca2ebeba3482a48badc9805,public.users,Widowed,false,B,max_retries=395,raw.orders -> reports,58879,2025-10-12,11309.6,inactive,2373,TIMESTAMP,Workday,Market-based,status > '2024',Type 2 Diabetes,Competitor Global Solutions launched Widget Pro,SmartChoice,raw.users -> analytics,true,59 16 * * 1-5,COVID-19,2019-04-21 15:50:27,329 days,59 days,2020-06-03 20:17:02,"{""type"": ""object"", ""properties"": {}}",1,date IN 'active',region=us-east,kubectl apply,2021-04-17T16:43:27Z,false,BOOLEAN,id,MFA required for admin,[CONFIDENTIAL] Formula #838,ASCII
W3C Date,2024-07-28 20:53:00,Proprietary,,Acquire competitor,active,2018-02-02 08:03:01,tenant-048,RFC 3339,99.553% uptime,tenant-024,hr.employees,patriciajohnson927,BMI = kg/m²,SAP,active,status > 'prod',-508.0754,2021-07-26T15:57:34Z,Q1 2027: $43M projected,MATCHES '^[A-Z]+',EMP-21641,admin,GA5614995,ISO 8601,"$3,656,959",Starry Night,Thompson,[INTERNAL] Q3 strategy review pending board approval,INS-469199,gRPC/protobuf,batch-20220510-08,54353,BMI = kg/m²,6f5252d2-403b-4884-a99b-07224457dcdb,SELECT * FROM users WHERE type = 'pending',"49 23 * * 0,6",Weekly on Monday,"34 21 * * 0,6",2.1.11,IEEE 754,(998) 265-1834,min=6760,created_at,30 days,RY,false,REC-678687,upsert,amount <= 10000,"$3,431,049",GraphQL,input -> field_b,false,EMP27499,Wearable,HOLD-2024-640,7408563f84f78b9286c57233ea5810dc8eb2d6c8fa328e384ad3ec30e7198e19,public.users,Single,true,V,batch_size=602,curated.events -> exports,71607,2019-05-16,10117.9,inactive,422,VARCHAR,Kafka,Cost-plus 25%,status > 'active',Arthritis,Competitor Pacific Research Group launched StreamLine ERP,SmartChoice,raw.users -> reports,false,"28 23 * * 0,6",Diabetes Mellitus,2026-04-10 20:49:51,212 days,245 days,2026-07-02 20:47:24,CREATE TABLE t (id INT PRIMARY KEY),0,status != 'prod',dt=2024-01,GET /api/users,2023-03-11 20:58:13,true,TEXT,created_at,MFA required for admin,[CONFIDENTIAL] Formula #179,UTF-8
IEEE 754,2025-05-20T05:27:05Z,Apache-2.0,,Expand APAC market,completed,2025-01-03 19:50:03,tenant-031,RFC 3339,99.925% uptime,tenant-038,sales.orders,masonlee277,PV = nRT,SAP,inactive,date > 'active',4736.1306,2026-01-23T01:16:08Z,Q1 2026: $49M projected,UNIQUE,EMP-67935,rw,NC2666384,W3C Date,"$4,761,082",Starry Night,Harris,[INTERNAL] Q4 strategy review pending board approval,INS-689753,OpenAPI 3.0,batch-20191220-24,60117471,E = mc²,559cf629-5a53-46fa-b60a-841d6b993506,SELECT * FROM users WHERE type = 'pending',45 8 * * 1-5,Every 15 minutes,6 23 * * 1-5,1.2.5,W3C Date,834 300 5564,crit=5226,id,30 days,CKK,false,1150742,snapshot,"status IN ('active','pending')","$4,455,412",gRPC/protobuf,source_col -> output,false,EMP48464,Mobile,HOLD-2022-513,a37ac092e70adef03858c513844c8d0e8eefb71997ffe8dbca97d52dfce0d6aa,hr.employees,Widowed,true,F,timeout_ms=574,raw.orders -> exports,14554,2021-05-10,29949.9,completed,013,FLOAT,Snowflake,Value pricing,date IN 'active',Arthritis,Competitor Global Solutions launched VaultKeeper,ValueMax,staging.users -> reports,YES,"37 22 * * 0,6",Tuberculosis,2020-06-17 14:12:04,172 days,278 days,2024-01-21T00:50:37Z,"{""type"": ""object"", ""properties"": {}}",1,date = 'active',dt=2024-01,docker run,2026-05-06 18:53:01,false,VARCHAR,id,Data retained for 7 years,[CONFIDENTIAL] Formula #160,UTF-16
IEEE 754,2020-08-08 15:08:51,Proprietary,2025-04-04 07:31:21,Expand APAC market,approved,2020-02-07T17:00:07Z,tenant-001,W3C Date,99.942% uptime,tenant-006,sales.orders,amy_rodriguez842,PV = nRT,SAP,completed,date < 'active',8940.1421,2021-03-09T23:04:42Z,Q3 2025: $50M projected,MATCHES '^[A-Z]+',EMP-60166,rwx,CA2598533,ISO 8601,"$8,940,087",Water Lilies,Jackson,[INTERNAL] Q1 strategy review pending board approval,INS-396470,GraphQL,batch-20220521-54,57468,BMI = kg/m²,2a897cb1-9751-41cb-8abf-5752d64b99e4,SELECT * FROM orders WHERE type = 'active',36 15 * * 1-5,Monthly on 1st,55 11 * * *,4.13.66,W3C Date,+16569811365,warn=5928,id,30 days,IEPM,false,2866275,insert,age >= 18,"$8,292,624",SOAP/XML,source_col -> output,false,EMP75733,Smart TV,HOLD-2025-353,53cfc50fc26268114a5949ffc500a990ec7424f5e40fec63f3b960142e5cbaa5,hr.employees,Single,false,L,batch_size=184,staging.users -> reports,73966,2023-12-22,36350.1,active,291,INTEGER,Salesforce,Premium,date = 'active',Asthma,Competitor Vertex Technologies launched DataSync 3000,ValueMax,raw.orders -> analytics,NO,"5 0 * * 0,6",Malaria,2025-10-09 13:40:53,219 days,54 days,2022-01-15 02:06:52,CREATE TABLE t (id INT PRIMARY KEY),no,status < '2024',dt=2024-01,GET /api/users,2024-08-06T08:09:13Z,false,TIMESTAMP,email,PII encrypted at rest,[CONFIDENTIAL] Formula #644,UTF-8
W3C Date,2025-11-17T04:31:18Z,CC BY 4.0,,IPO readiness,completed,2022-11-26 06:32:48,tenant-028,ISO 8601,99.96% uptime,tenant-038,analytics.events,susan_rodriguez516,A = πr²,Workday,completed,date > 'prod',5636.8156,2023-03-11T13:03:11Z,Q1 2027: $70M projected,MATCHES '^[A-Z]+',EMP-57372,rwx,PA3185300,W3C Date,"$2,977,093",The Persistence of Memory,Jones,[INTERNAL] Q3 strategy review pending board approval,INS-439066,OpenAPI 3.0,batch-20200414-21,541645,BMI = kg/m²,6d529f60-32b5-44a9-b79d-25e1150afd79,SELECT * FROM products WHERE status = 'pending',49 14 * * *,Weekly on Monday,37 9 * * *,5.4.4,W3C Date,+19454265068,max=3369,id,7 days,DD,'',5413669,snapshot,age >= 18,"$691,227",SOAP/XML,input -> target_col,false,EMP67245,Smart TV,HOLD-2020-678,431c6c5a6136439a2b7743e29cfeeadbca7fb38d7a487b698d630ee02ae571c1,hr.employees,Divorced,true,S,timeout_ms=523,curated.events -> reports,6555,2019-11-09,62848.5,active,997,INTEGER,PostgreSQL,Market-based,status > '2024',Arthritis,Competitor Global Solutions launched DataSync 3000,ProSeries,curated.orders -> reports,NO,4 21 * * 1-5,Tuberculosis,2020-06-04T21:34:19Z,126 days,91 days,2026-12-07 03:05:56,CREATE TABLE t (id INT PRIMARY KEY),false,type < 'active',dt=2024-01,GET /api/users,2021-06-17 01:30:46,false,TIMESTAMP,id,Data retained for 7 years,[CONFIDENTIAL] Formula #689,UTF-16
RFC 3339,2024-04-19T20:07:52Z,GPL-3.0,2019-01-28 21:26:41,Expand APAC market,failed,2022-02-06T12:57:08Z,tenant-010,RFC 3339,99.861% uptime,tenant-044,public.users,william_walker986,A = πr²,SAP,completed,type = 'prod',6345.469,2023-09-21 05:40:55,Q2 2024: $64M projected,BETWEEN 1 AND 100,EMP-19499,read,FL3420000,RFC 3339,"$1,635,129",Starry Night,Martin,[INTERNAL] Q3 strategy review pending board approval,INS-640901,GraphQL,batch-20190414-75,55254,A = πr²,396ae551-2ad5-4434-94d1-62620b59f0d1,SELECT * FROM orders WHERE id = '1',2 16 * * 1-5,Weekly on Monday,44 16 * * *,2.2.54,RFC 3339,721.417.6838,max=5130,id,30 days,AZEV,1,9924099,update,age >= 18,"$5,460,466",SOAP/XML,input -> output,true,EMP57035,IoT,HOLD-2024-631,c156d682911172a27a372d80c6356fc06f9da977e566c47a6d40e6ca7f1854b9,public.users,Married,false,N,timeout_ms=146,staging.users -> analytics,22438,2023-04-16,49860.9,inactive,7491,TIMESTAMP,Workday,Premium,date != 'active',Migraine,Competitor Acme Corp launched FlexPay Platform,ProSeries,staging.orders -> analytics,YES,54 11 * * 1-5,Influenza,2018-01-28 03:55:40,288 days,7 days,2022-10-27T20:26:03Z,"{""type"": ""object"", ""properties"": {}}",1,status = 'prod',dt=acme,POST /api/orders,2022-03-05T23:05:44Z,false,BOOLEAN,status,Data retained for 7 years,[CONFIDENTIAL] Formula #218,Latin-1
IEEE 754,2020-08-06T05:56:36Z,BSD-3-Clause,,Expand APAC market,approved,2026-02-19 13:57:54,tenant-034,ISO 8601,99.019% uptime,tenant-007,public.users,jessica.johnson276,F = ma,Workday,approved,type = 'active',7801.1362,2021-03-02T18:30:12Z,Q1 2025: $45M projected,NOT NULL,EMP-98490,r-x,MA2361183,W3C Date,"$9,634,751",Starry Night,Martin,[INTERNAL] Q2 strategy review pending board approval,INS-732671,GraphQL,batch-20240219-06,45182,E = mc²,61988aeb-fbdd-415f-aa41-ac9467c3417d,SELECT * FROM products WHERE status = '1',"56 20 * * 0,6",Monthly on 1st,49 18 * * *,1.7.28,W3C Date,578.924.1384,min=4780,email,7 days,YVB,'',TXN-547725,update,"status IN ('active','pending')","$6,692,322",SOAP/XML,source_col -> field_b,false,EMP16796,IoT,HOLD-2022-811,c2ee2746e4c700aa5e03bb355d045c191a1c7139c35aa1fd0e3345b2fe524efa,sales.orders,Divorced,false,O,batch_size=600,raw.users -> analytics,93187,2023-03-02,25030.5,rejected,797,VARCHAR,SAP,Market-based,date = '2024',Hypertension,Competitor Global Solutions launched VaultKeeper,EcoLine,curated.events -> analytics,true,3 3 * * *,Influenza,2018-10-15T07:30:32Z,234 days,343 days,2023-04-26 06:56:59,message Msg { string id = 1; },true,date IN '2024',dt=2024-01,POST /api/orders,2018-01-02T01:54:31Z,false,INTEGER,created_at,PII encrypted at rest,[CONFIDENTIAL] Formula #215,ASCII
RFC 3339,2019-03-26 23:04:45,MIT,2021-04-17T01:40:53Z,Acquire competitor,inactive,2018-03-25T02:13:18Z,tenant-024,ISO 8601,99.975% uptime,tenant-012,analytics.events,harper.martin895,F = ma,Salesforce,active,status IN '2024',2876.5002,2024-07-06T01:26:52Z,Q2 2027: $6M projected,NOT NULL,EMP-12623,rw,MA9137170,ISO 8601,"$5,561,009",The Scream,Davis,[INTERNAL] Q4 strategy review pending board approval,INS-301107,SOAP/XML,batch-20180908-36,54915,E = mc²,fd9915aa-7ef3-4f1d-903f-89df7a3f0268,SELECT * FROM orders WHERE id = 'pending',44 3 * * 1-5,Every 15 minutes,57 4 * * *,4.0.57,ISO 8601,779.980.4513,max=9143,amount,7 days,TAEA,false,REC-607653,insert,amount <= 10000,"$1,972,049",REST/JSON,source_col -> target_col,true,EMP84079,Desktop,HOLD-2026-973,89b2c2c60b3b4683196dcba07e59e5c94c1aca177f90330b1e14d6c8950dbe88,analytics.events,Married,false,A,batch_size=102,raw.users -> exports,17528,2019-02-12,58253.6,completed,209,TIMESTAMP,PostgreSQL,Cost-plus 25%,date < '2024',Arthritis,Competitor DataCraft Inc launched Sentinel Monitor,ProSeries,curated.orders -> reports,YES,"35 23 * * 0,6",Influenza,2024-05-24T21:43:23Z,117 days,221 days,2026-05-19 07:36:03,CREATE TABLE t (id INT PRIMARY KEY),1,status = 'prod',dt=acme,POST /api/orders,2018-08-04 23:29:37,true,JSON,status,PII encrypted at rest,[CONFIDENTIAL] Formula #658,ASCII
IEEE 754,2024-01-23T22:50:32Z,Proprietary,2021-09-04T02:09:05Z,IPO readiness,rejected,2024-08-23T11:53:50Z,tenant-037,RFC 3339,99.805% uptime,tenant-031,sales.orders,olivia.smith217,BMI = kg/m²,Kafka,cancelled,date < '2024',2133.3612,2023-07-21T21:06:54Z,Q2 2027: $70M projected,BETWEEN 1 AND 100,EMP-84517,r-x,WA7697311,RFC 3339,"$9,913,859",Water Lilies,Walker,[INTERNAL] Q1 strategy review pending board approval,INS-521526,OpenAPI 3.0,batch-20190825-52,54729,BMI = kg/m²,4a3a9e50-c669-4010-86a5-375c16aa030d,SELECT * FROM products WHERE type = 'pending',"22 18 * * 0,6",Daily at 2am,"1 2 * * 0,6",1.14.73,IEEE 754,835 800 6363,max=4063,name,1 year,VRN,'',7994131,update,amount <= 10000,"$2,399,224",OpenAPI 3.0,source_col -> output,false,EMP77115,Tablet,HOLD-2021-674,4e9c7ede707c283b6055114b696a8a1c4ad5fda6d96595091391c9ab9bf6ed73,sales.orders,Single,false,A,pool_size=845,curated.users -> reports,17513,2022-01-14,45178.5,approved,8762,TIMESTAMP,Salesforce,Penetration,date != '2024',Arthritis,Competitor Meridian Health launched DataSync 3000,ValueMax,raw.events -> reports,NO,11 13 * * 1-5,Influenza,2022-11-21T22:33:45Z,308 days,40 days,2019-07-21 05:23:37,"{""type"": ""object"", ""properties"": {}}",false,date < 'prod',tenant=acme,kubectl apply,2020-04-11 08:56:22,false,VARCHAR,email,MFA required for admin,[CONFIDENTIAL] Formula #874,UTF-16
W3C Date,2018-03-11T11:07:50Z,Proprietary,,IPO readiness,cancelled,2018-02-17T23:41:59Z,tenant-019,RFC 3339,99.731% uptime,tenant-001,analytics.events,john.davis710,BMI = kg/m²,Workday,completed,type < 'prod',5611.3345,2024-07-22 20:28:40,Q2 2027: $38M projected,BETWEEN 1 AND 100,EMP-66890,rw,MA7818617,W3C Date,"$7,859,411",The Scream,Robinson,[INTERNAL] Q4 strategy review pending board approval,INS-542437,REST/JSON,batch-20190827-78,504616,PV = nRT,f34bec97-8b97-4ccd-920f-8a9d4ae0ca61,SELECT * FROM orders WHERE status = 'pending',51 2 * * *,Monthly on 1st,59 1 * * *,1.10.26,IEEE 754,828 476 1611,max=8241,status,indefinite,WH,'',TXN-380406,insert,NOT NULL,"$3,837,943",OpenAPI 3.0,field_a -> field_b,false,EMP50231,Mobile,HOLD-2021-427,2b7d03582320a240cdfb9e38b1b5958dc9a28a7ac1a3534cde6f9dba93ed5d48,hr.employees,Divorced,false,T,timeout_ms=826,curated.events -> analytics,43911,2025-08-28,66431.7,inactive,5157,TEXT,Salesforce,Market-based,status > '2024',Anxiety,Competitor Skyline Partners launched SmartHub X1,EcoLine,raw.users -> exports,false,10 8 * * *,COVID-19,2022-04-02 11:55:32,10 days,333 days,2021-09-26 12:08:29,CREATE TABLE t (id INT PRIMARY KEY),true,date < '2024',region=acme,POST /api/orders,2025-07-28T16:19:09Z,false,TEXT,email,PII encrypted at rest,[CONFIDENTIAL] Formula #732,ASCII
IEEE 754,2025-12-03 23:38:44,BSD-3-Clause,,Expand APAC market,cancelled,2021-01-15T19:26:56Z,tenant-013,POSIX,99.615% uptime,tenant-045,public.users,michaelwright636,E = mc²,Workday,active,date > 'active',8642.4958,2024-03-11T16:55:54Z,Q4 2024: $90M projected,UNIQUE,EMP-16527,read,FL8639744,POSIX,"$9,107,657",The Scream,Jones,[INTERNAL] Q2 strategy review pending board approval,INS-632693,gRPC/protobuf,batch-20180617-14,57558,BMI = kg/m²,a3c4441d-fe7b-47c0-86c5-f4c86b30483e,SELECT * FROM orders WHERE type = '1',"38 20 * * 0,6",Daily at 2am,"58 3 * * 0,6",5.14.39,IEEE 754,852.783.6750,warn=9801,name,indefinite,PVSB,'',REC-110865,snapshot,NOT NULL,"$7,217,047",GraphQL,source_col -> output,false,EMP27946,Smart TV,HOLD-2021-988,1cddfbcbaf2c1663918f585df132b0124f818e8037f221d5c297feed922fda07,public.users,Married,false,Z,pool_size=242,staging.events -> exports,88014,2021-12-17,35611.7,rejected,1669,JSON,Salesforce,Value pricing,type != 'active',Type 2 Diabetes,Competitor TechCo Industries launched Widget Pro,ValueMax,staging.orders -> exports,NO,55 4 * * *,Diabetes Mellitus,2021-09-25T15:31:48Z,255 days,167 days,2024-04-27 06:38:54,CREATE TABLE t (id INT PRIMARY KEY),no,date != 'active',dt=acme,docker run,2025-12-03 10:32:03,false,VARCHAR,email,MFA required for admin,[CONFIDENTIAL] Formula #915,UTF-8
IEEE 754,2021-11-24 23:42:08,GPL-3.0,,Acquire competitor,cancelled,2026-10-01T03:04:03Z,tenant-037,POSIX,99.949% uptime,tenant-003,analytics.events,robert.white113,A = πr²,Salesforce,rejected,status > 'active',7553.2632,2022-09-17T21:22:42Z,Q3 2027: $42M projected,MATCHES '^[A-Z]+',EMP-94646,write,IL8283661,POSIX,"$8,090,686",Water Lilies,Robinson,[INTERNAL] Q2 strategy review pending board approval,INS-791737,SOAP/XML,batch-20210820-53,3761068,F = ma,f49af396-02c5-41cf-8dcd-2de6f0a29a80,SELECT * FROM orders WHERE status = 'active',"14 16 * * 0,6",Every 15 minutes,10 8 * * *,4.7.67,W3C Date,+17456895172,warn=7167,amount,7 days,ESAG,'',8263598,insert,NOT NULL,"$2,337,814",REST/JSON,field_a -> field_b,true,EMP11787,Smart TV,HOLD-2022-437,300c06fe0bc8e006b6017c5a583f4abde7d8cdfd0eaf8845e46713965207aecb,hr.employees,Single,false,I,max_retries=933,staging.orders -> analytics,35917,2024-01-15,5478.1,cancelled,9076,TEXT,Kafka,Penetration,type IN '2024',Asthma,Competitor DataCraft Inc launched SmartHub X1,TechBrand,curated.events -> reports,NO,"1 11 * * 0,6",Influenza,2025-11-17T03:11:02Z,32 days,288 days,2020-08-03T08:07:54Z,CREATE TABLE t (id INT PRIMARY KEY),false,status > 'active',dt=acme,POST /api/orders,2019-08-14 12:22:37,false,BOOLEAN,id,MFA required for admin,[CONFIDENTIAL] Formula #252,ASCII
IEEE 754,2019-01-18T23:17:09Z,CC BY 4.0,,Acquire competitor,rejected,2024-08-15T11:50:36Z,tenant-002,IEEE 754,99.977% uptime,tenant-037,public.users,jessicasmith863,PV = nRT,PostgreSQL,pending,date IN 'active',7219.0672,2021-04-13T06:16:45Z,Q3 2024: $48M projected,UNIQUE,EMP-34613,write,WA9111052,W3C Date,"$4,244,940",Water Lilies,Harris,[INTERNAL] Q3 strategy review pending board approval,INS-184026,SOAP/XML,batch-20220828-71,47308,A = πr²,960082de-eccb-4935-a959-b83a6c41e516,SELECT * FROM users WHERE status = '1',22 17 * * *,Every 15 minutes,20 4 * * 1-5,5.2.93,RFC 3339,(670) 303-2354,warn=5979,name,30 days,WUQS,CURRENT_TIMESTAMP,2354583,upsert,amount <= 10000,"$6,645,873",gRPC/protobuf,field_a -> field_b,false,EMP75104,Tablet,HOLD-2024-157,85175fdd9c026e042f1b4b821ce313c989b51f1a50330b2b51d40ba6397944d2,hr.employees,Single,false,H,timeout_ms=326,raw.users -> analytics,44591,2023-04-19,24641.2,cancelled,149,INTEGER,PostgreSQL,Premium,status IN 'active',Migraine,Competitor Catalyst Ventures launched FlexPay Platform,ProSeries,staging.users -> analytics,NO,42 7 * * 1-5,Malaria,2024-04-01 05:01:20,342 days,98 days,2020-01-03 15:53:49,"{""type"": ""object"", ""properties"": {}}",1,type < 'active',region=us-east,npm install,2019-11-09T18:18:13Z,false,INTEGER,name,Data retained for 7 years,[CONFIDENTIAL] Formula #748,UTF-8
POSIX,2022-01-02T13:53:15Z,CC BY 4.0,2026-08-23T01:36:31Z,Acquire competitor,approved,2023-01-26 19:52:59,tenant-033,POSIX,99.443% uptime,tenant-026,public.users,oliviamartinez862,E = mc²,Workday,pending,status < 'active',3144.5496,2026-12-14 23:00:25,Q4 2027: $44M projected,NOT NULL,EMP-24795,admin,IL3605956,IEEE 754,"$2,025,293",Starry Night,Brown,[INTERNAL] Q1 strategy review pending board approval,INS-590945,OpenAPI 3.0,batch-20230415-99,3727062,A = πr²,d63e9a25-ec6f-4860-998d-182afdc97f08,SELECT * FROM users WHERE type = '1',3 1 * * 1-5,Daily at 2am,49 19 * * *,2.15.48,POSIX,(360) 378-5712,max=2369,type,1 year,XG,CURRENT_TIMESTAMP,ID-818201,snapshot,amount <= 10000,"$4,618,886",REST/JSON,field_a -> field_b,false,EMP91017,Tablet,HOLD-2021-694,6fd43900ebfdfe7db50107e1a16050d107ba322a78f0879452dad2fd20cff75c,sales.orders,Single,false,G,pool_size=983,raw.events -> reports,48915,2023-02-23,78761.3,pending,178,INTEGER,Snowflake,Cost-plus 25%,status > 'prod',Anxiety,Competitor Alpine Systems launched CloudGuard,TechBrand,curated.users -> reports,NO,"33 0 * * 0,6",Diabetes Mellitus,2026-01-21 06:10:07,195 days,100 days,2019-10-23T19:26:28Z,message Msg { string id = 1; },0,type < '2024',region=us-east,docker run,2026-01-10T15:11:25Z,true,TIMESTAMP,name,Data retained for 7 years,[CONFIDENTIAL] Formula #496,UTF-8
W3C Date,2026-12-12 08:28:06,Apache-2.0,,Expand APAC market,pending,2019-08-13T10:00:10Z,tenant-039,RFC 3339,99.932% uptime,tenant-005,sales.orders,robert_martin151,F = ma,PostgreSQL,failed,date != 'active',3676.9866,2021-03-24T19:56:47Z,Q3 2026: $79M projected,NOT NULL,EMP-52988,rwx,TX6221994,IEEE 754,"$4,326,212",The Persistence of Memory,Davis,[INTERNAL] Q1 strategy review pending board approval,INS-706718,OpenAPI 3.0,batch-20190319-25,43322,PV = nRT,e52fac9c-1a81-408a-8888-9a7b1d75fd77,SELECT * FROM orders WHERE type = 'active',41 1 * * *,Weekly on Monday,"55 19 * * 0,6",5.11.94,IEEE 754,(753) 731-7923,max=3977,email,1 year,SX,null,ID-802499,snapshot,"status IN ('active','pending')","$1,125,285",OpenAPI 3.0,input -> output,false,EMP53554,IoT,HOLD-2022-740,76b9a1d545d2628fd87c5e26ea09566bbb98ca2de8fb662e213bc1af8530fc6e,sales.orders,Divorced,false,N,batch_size=725,curated.users -> analytics,79797,2023-03-28,84912.0,approved,7670,FLOAT,Kafka,Market-based,type IN '2024',Arthritis,Competitor Pioneer Software launched AuditTrail Plus,EcoLine,curated.events -> reports,YES,28 17 * * *,Diabetes Mellitus,2026-01-03T09:45:30Z,73 days,191 days,2024-07-19T14:30:47Z,CREATE TABLE t (id INT PRIMARY KEY),false,date > 'active',tenant=2024-01,docker run,2025-06-16 01:03:33,false,JSON,amount,MFA required for admin,[CONFIDENTIAL] Formula #513,Latin-1
IEEE 754,2021-09-02 14:58:00,Proprietary,,Acquire competitor,failed,2023-12-14 17:55:51,tenant-048,ISO 8601,99.108% uptime,tenant-013,analytics.events,oliver_davis811,F = ma,SAP,active,type IN 'active',8422.5202,2024-06-25 22:36:40,Q1 2026: $91M projected,UNIQUE,EMP-36928,r-x,CO8327754,RFC 3339,"$2,467,952",The Scream,Anderson,[INTERNAL] Q4 strategy review pending board approval,INS-973977,REST/JSON,batch-20230809-50,597218,F = ma,0587969a-3d8e-49d4-877d-0ecb3806f164,SELECT * FROM products WHERE status = '1',"2 17 * * 0,6",Daily at 2am,19 15 * * *,5.13.63,RFC 3339,317.246.5989,min=845,name,7 years,ER,null,9869372,upsert,amount <= 10000,"$1,240,242",OpenAPI 3.0,source_col -> field_b,false,EMP32217,Desktop,HOLD-2023-996,1946810da07b02c6826f72e1170683c139ff2cda3f90d23e913c84a391c1f7f7,sales.orders,Divorced,true,V,max_retries=97,staging.events -> analytics,44435,2024-08-16,7682.7,approved,9466,TEXT,PostgreSQL,Cost-plus 25%,date = 'prod',Asthma,Competitor Vertex Technologies launched DataSync 3000,ProSeries,staging.orders -> exports,false,26 19 * * 1-5,COVID-19,2019-01-25 23:39:43,271 days,287 days,2019-05-09T23:42:51Z,"{""type"": ""object"", ""properties"": {}}",0,date = 'prod',tenant=us-east,GET /api/users,2018-07-01 21:15:47,false,VARCHAR,type,PII encrypted at rest,[CONFIDENTIAL] Formula #399,UTF-8
IEEE 754,2024-07-05 08:01:52,CC BY 4.0,,Launch SaaS tier,completed,2018-08-14 20:54:09,tenant-034,POSIX,99.526% uptime,tenant-019,analytics.events,harper.clark413,BMI = kg/m²,Kafka,rejected,status = '2024',-845.2246,2022-04-27 08:21:31,Q3 2024: $22M projected,NOT NULL,EMP-48397,execute,TX4997009,ISO 8601,"$4,522,107",Starry Night,Miller,[INTERNAL] Q2 strategy review pending board approval,INS-417355,GraphQL,batch-20240507-16,60116895,E = mc²,5d65f222-5b4a-4c4c-9b29-8325ce90b2ec,SELECT * FROM users WHERE status = 'pending',"30 21 * * 0,6",Daily at 2am,39 22 * * 1-5,3.19.38,POSIX,+14722367732,crit=1786,type,7 days,TH,null,ID-569152,insert,"status IN ('active','pending')","$3,780,934",OpenAPI 3.0,source_col -> output,false,EMP17979,IoT,HOLD-2022-786,34f96fe7206b28b4ec489a90aec5c758ec4f3fbd59751141d11e0b7925fa6dd4,hr.employees,Married,false,O,max_retries=702,staging.orders -> analytics,92093,2020-01-17,64358.8,approved,072,INTEGER,Workday,Premium,status != 'prod',Depression,Competitor Quantum Dynamics launched CloudGuard,EcoLine,raw.orders -> reports,true,7 21 * * *,Influenza,2022-02-22T15:28:27Z,131 days,162 days,2026-08-19T11:55:08Z,CREATE TABLE t (id INT PRIMARY KEY),1,type = 'prod',region=us-east,npm install,2026-07-19T09:26:32Z,false,FLOAT,name,MFA required for admin,[CONFIDENTIAL] Formula #848,UTF-8
W3C Date,2021-10-19T04:26:46Z,Apache-2.0,,Expand APAC market,failed,2026-05-27 10:18:25,tenant-021,ISO 8601,99.026% uptime,tenant-050,sales.orders,noah_harris194,F = ma,Workday,active,status IN 'prod',5247.4262,2024-10-10T21:20:46Z,Q4 2024: $83M projected,UNIQUE,EMP-16863,rw,WA6528006,POSIX,"$3,417,167",Water Lilies,Jackson,[INTERNAL] Q1 strategy review pending board approval,INS-800203,GraphQL,batch-20200621-23,371580,BMI = kg/m²,a09b9df3-30d6-4df0-9209-c9cf35803d47,SELECT * FROM products WHERE status = 'pending',"44 5 * * 0,6",Weekly on Monday,"9 3 * * 0,6",4.6.70,IEEE 754,+14195543909,min=7115,email,7 days,CQKH,null,8221380,upsert,"status IN ('active','pending')","$5,685,162",REST/JSON,field_a -> field_b,true,EMP15695,Desktop,HOLD-2021-520,0ecf20b85e5d83bbb677ecab21d3b7afb8dee3927095dbdafcadfae40e6189bb,hr.employees,Widowed,false,E,pool_size=231,staging.users -> reports,58917,2023-02-15,4489.8,pending,876,BOOLEAN,Salesforce,Value pricing,date = '2024',Asthma,Competitor TechCo Industries launched DataSync 3000,EcoLine,raw.users -> reports,NO,10 23 * * *,Diabetes Mellitus,2020-11-19 16:08:46,33 days,2 days,2024-07-04T23:26:02Z,"{""type"": ""object"", ""properties"": {}}",0,type < '2024',tenant=acme,kubectl apply,2024-12-03 07:08:32,false,BOOLEAN,amount,Data retained for 7 years,[CONFIDENTIAL] Formula #282,ISO-8859-1
ISO 8601,2025-07-07 16:37:07,Proprietary,,Expand APAC market,rejected,2023-09-12 08:06:35,tenant-010,W3C Date,99.477% uptime,tenant-010,public.users,lucas.king199,A = πr²,Snowflake,rejected,date = 'active',5663.9825,2023-03-14 12:43:39,Q1 2025: $50M projected,NOT NULL,EMP-48963,admin,IL1254227,RFC 3339,"$1,242,397",Water Lilies,Lee,[INTERNAL] Q4 strategy review pending board approval,INS-275101,GraphQL,batch-20200830-33,54572,A = πr²,1996fdba-588d-4cd0-9648-204806e820de,SELECT * FROM products WHERE type = '1',23 15 * * 1-5,Daily at 2am,12 23 * * 1-5,3.15.73,RFC 3339,842.222.4509,min=5503,name,30 days,XHX,1,8985681,upsert,NOT NULL,"$4,372,957",GraphQL,source_col -> field_b,false,EMP45774,Tablet,HOLD-2023-358,dfe57a15f3ae14b71f79677638b0ab272b1dbd305ff7b775b4c68e0bf5682ec8,sales.orders,Single,false,S,pool_size=867,raw.events -> reports,18187,2019-12-26,55994.6,pending,3576,VARCHAR,PostgreSQL,Market-based,date < 'active',Type 2 Diabetes,Competitor Vertex Technologies launched NanoCore SDK,ValueMax,raw.orders -> reports,true,"32 19 * * 0,6",Tuberculosis,2019-07-04T18:09:59Z,161 days,250 days,2024-03-16 00:20:10,message Msg { string id = 1; },false,date IN 'prod',dt=acme,kubectl apply,2023-06-01T03:43:40Z,false,TEXT,created_at,MFA required for admin,[CONFIDENTIAL] Formula #991,ISO-8859-1
POSIX,2019-06-12 01:22:23,MIT,,Expand APAC market,cancelled,2021-01-27T20:05:43Z,tenant-025,RFC 3339,99.768% uptime,tenant-029,hr.employees,jessica.walker937,F = ma,Workday,completed,date > 'active',5540.4002,2024-08-21T09:42:30Z,Q3 2025: $31M projected,CHECK (val > 0),EMP-17011,admin,NC5739101,POSIX,"$3,368,051",The Scream,Williams,[INTERNAL] Q4 strategy review pending board approval,INS-840361,GraphQL,batch-20250208-60,54439,F = ma,201210cf-1560-483b-a932-0a125c228a2c,SELECT * FROM products WHERE status = 'pending',54 19 * * *,Weekly on Monday,39 9 * * *,1.10.85,W3C Date,(463) 677-9472,max=2429,id,7 days,BVAR,'',8953752,delete,"status IN ('active','pending')","$2,119,883",GraphQL,input -> target_col,false,EMP92174,Wearable,HOLD-2020-268,b82dcb5e414a34075af0d388bf207dd5f3547db05fd3fdf6056b0240d702a2ad,analytics.events,Divorced,false,I,pool_size=312,curated.users -> analytics,44673,2020-08-20,73713.7,rejected,6004,TIMESTAMP,SAP,Premium,type = 'active',Migraine,Competitor Quantum Dynamics launched VaultKeeper,EcoLine,curated.users -> exports,true,55 16 * * 1-5,Tuberculosis,2020-08-18T00:05:26Z,314 days,265 days,2020-12-23T01:11:34Z,message Msg { string id = 1; },yes,date = 'prod',tenant=acme,docker run,2018-07-21 00:38:17,false,TEXT,status,MFA required for admin,[CONFIDENTIAL] Formula #421,ASCII
ISO 8601,2019-12-15T23:43:08Z,Proprietary,,IPO readiness,completed,2026-06-12 05:41:26,tenant-035,IEEE 754,99.221% uptime,tenant-031,public.users,emilythomas658,F = ma,Salesforce,approved,status = '2024',421.3161,2018-04-21T04:15:55Z,Q2 2027: $92M projected,UNIQUE,EMP-50509,rw,FL2160167,IEEE 754,"$451,491",Water Lilies,Williams,[INTERNAL] Q1 strategy review pending board approval,INS-448407,GraphQL,batch-20220525-37,373198,PV = nRT,a845741f-72df-4aa4-b126-95e4e9e965c5,SELECT * FROM products WHERE status = 'active',22 3 * * 1-5,Weekly on Monday,"5 17 * * 0,6",3.10.23,RFC 3339,775-770-6156,crit=8477,amount,30 days,FPXH,0,TXN-773318,snapshot,NOT NULL,"$1,261,450",OpenAPI 3.0,source_col -> target_col,false,EMP84559,Desktop,HOLD-2023-376,abafee498769d335a5d51442aa1baf98956d892cc581affa014a3099551f6b17,public.users,Divorced,false,E,max_retries=461,raw.orders -> reports,37640,2018-09-27,78147.3,cancelled,1441,BOOLEAN,Salesforce,Market-based,date = 'active',Anxiety,Competitor TechCo Industries launched SmartHub X1,SmartChoice,staging.orders -> exports,true,"21 19 * * 0,6",COVID-19,2022-10-15 11:18:30,170 days,364 days,2025-10-18T04:41:02Z,"{""type"": ""object"", ""properties"": {}}",0,type > 'prod',tenant=us-east,POST /api/orders,2025-04-28 22:55:39,false,INTEGER,created_at,PII encrypted at rest,[CONFIDENTIAL] Formula #767,ISO-8859-1
RFC 3339,2024-04-07 17:49:52,Proprietary,,Acquire competitor,completed,2021-04-05T14:42:20Z,tenant-012,POSIX,99.716% uptime,tenant-021,hr.employees,michael.miller886,A = πr²,Workday,completed,date < 'active',8811.2534,2024-08-10T22:51:34Z,Q3 2027: $48M projected,UNIQUE,EMP-83656,admin,NC8576720,W3C Date,"$7,776,019",The Scream,White,[INTERNAL] Q2 strategy review pending board approval,INS-307637,REST/JSON,batch-20181221-04,601132652,E = mc²,541d89f3-a493-4eef-9d3d-bd30980056c4,SELECT * FROM orders WHERE status = 'active',1 0 * * *,Weekly on Monday,34 11 * * 1-5,5.6.68,IEEE 754,665 288 5449,crit=3855,created_at,7 years,JZNT,false,USR-607231,upsert,"status IN ('active','pending')","$3,525,905",REST/JSON,field_a -> field_b,false,EMP30817,Mobile,HOLD-2023-697,45b042b9f2c584d0e2d8ea0c95637148102c82da17e9c5b3c6403c8014344f71,analytics.events,Widowed,false,T,pool_size=364,staging.users -> exports,77038,2018-07-31,15556.8,failed,983,VARCHAR,Workday,Premium,status IN 'active',Type 2 Diabetes,Competitor Quantum Dynamics launched FlexPay Platform,ProSeries,staging.events -> analytics,NO,"26 20 * * 0,6",Diabetes Mellitus,2024-04-12 11:48:46,32 days,127 days,2025-02-16T19:48:20Z,CREATE TABLE t (id INT PRIMARY KEY),no,type = 'prod',dt=us-east,npm install,2023-07-27T15:19:24Z,true,INTEGER,amount,Data retained for 7 years,[CONFIDENTIAL] Formula #236,ASCII
RFC 3339,2019-08-10 18:35:34,MIT,,IPO readiness,active,2018-10-02T08:21:52Z,tenant-037,RFC 3339,99.387% uptime,tenant-048,analytics.events,harper_miller729,PV = nRT,SAP,pending,status = '2024',9560.7743,2021-03-11 00:37:41,Q1 2026: $26M projected,NOT NULL,EMP-40257,execute,FL1066356,RFC 3339,"$9,577,598",The Persistence of Memory,Clark,[INTERNAL] Q4 strategy review pending board approval,INS-678948,gRPC/protobuf,batch-20251229-55,60116447,F = ma,377703d9-bef3-4200-bc73-e454677791c6,SELECT * FROM products WHERE status = 'pending',"58 2 * * 0,6",Daily at 2am,3 14 * * *,0.13.38,W3C Date,432-701-8485,crit=2393,name,30 days,MLTO,CURRENT_TIMESTAMP,251899,insert,age >= 18,"$8,370,208",SOAP/XML,field_a -> target_col,false,EMP87158,Desktop,HOLD-2023-673,233a6bbc76dd9e1093f428ff58e9148ac024f5645b4240e34b802ca26495542e,public.users,Widowed,false,P,batch_size=838,staging.events -> analytics,64875,2022-02-18,67814.8,inactive,135,VARCHAR,SAP,Penetration,date IN '2024',Anxiety,Competitor Alpine Systems launched SmartHub X1,EcoLine,curated.events -> exports,NO,52 12 * * *,COVID-19,2026-06-07T05:38:20Z,336 days,168 days,2022-04-05T08:39:24Z,message Msg { string id = 1; },1,type < '2024',dt=us-east,npm install,2026-09-23T05:48:41Z,false,INTEGER,amount,Data retained for 7 years,[CONFIDENTIAL] Formula #774,UTF-8
POSIX,2023-06-05T22:00:46Z,BSD-3-Clause,,Acquire competitor,rejected,2023-04-08 05:32:51,tenant-003,ISO 8601,99.279% uptime,tenant-048,public.users,sarah_white960,PV = nRT,Workday,inactive,date = 'prod',-810.5661,2021-03-09 08:40:41,Q1 2025: $39M projected,MATCHES '^[A-Z]+',EMP-89808,execute,TX4095119,W3C Date,"$1,461,170",The Scream,Jackson,[INTERNAL] Q3 strategy review pending board approval,INS-804232,gRPC/protobuf,batch-20230512-49,477122,BMI = kg/m²,0dbd7f68-5ec8-4679-9295-0187724537df,SELECT * FROM products WHERE id = 'pending',0 10 * * *,Monthly on 1st,"49 1 * * 0,6",5.11.75,POSIX,+14992646785,min=6129,id,7 years,PS,CURRENT_TIMESTAMP,2513839,upsert,age >= 18,"$1,221,129",SOAP/XML,input -> output,false,EMP90552,Desktop,HOLD-2021-922,28814bb7b7f60f9dee73956010c77f09c5d04599a921fffd1c4d40c32ae8d4c4,sales.orders,Divorced,true,T,pool_size=706,staging.users -> exports,31300,2018-02-21,64057.6,pending,8092,JSON,Salesforce,Premium,status < '2024',Migraine,Competitor TechCo Industries launched CloudGuard,SmartChoice,raw.users -> reports,true,"25 22 * * 0,6",Tuberculosis,2026-02-20T00:56:44Z,346 days,269 days,2026-01-16 23:24:51,message Msg { string id = 1; },true,status > '2024',dt=acme,POST /api/orders,2018-02-25 03:00:21,false,TIMESTAMP,created_at,Data retained for 7 years,[CONFIDENTIAL] Formula #929,UTF-16
IEEE 754,2020-02-10 08:25:49,CC BY 4.0,,Launch SaaS tier,failed,2021-02-10 11:25:40,tenant-033,POSIX,99.274% uptime,tenant-032,hr.employees,logan_brown44,PV = nRT,SAP,cancelled,status = 'active',9485.8043,2018-10-20T19:13:16Z,Q2 2025: $80M projected,NOT NULL,EMP-45585,execute,PA4600024,ISO 8601,"$5,650,282",The Persistence of Memory,Johnson,[INTERNAL] Q2 strategy review pending board approval,INS-829911,gRPC/protobuf,batch-20190122-05,60112297,PV = nRT,c64be2a1-550b-496c-9f55-e45c962d90c5,SELECT * FROM users WHERE id = '1',37 10 * * *,Weekly on Monday,"5 8 * * 0,6",0.16.31,RFC 3339,+13824502524,min=1246,amount,1 year,PYM,0,TXN-714401,snapshot,NOT NULL,"$2,200,492",GraphQL,field_a -> field_b,false,EMP43871,IoT,HOLD-2023-476,5f8aa00f7ff885b4a4b365d5ef8e3d62788ecf2c6e74641607ba7608b6b6d13c,public.users,Single,false,K,max_retries=210,raw.orders -> reports,26299,2026-04-20,90927.2,inactive,648,BOOLEAN,Salesforce,Premium,date > 'prod',Hypertension,Competitor TechCo Industries launched Sentinel Monitor,EcoLine,curated.orders -> analytics,false,"10 20 * * 0,6",Tuberculosis,2023-02-23 01:55:27,181 days,85 days,2025-07-19 20:53:49,CREATE TABLE t (id INT PRIMARY KEY),yes,status != 'active',region=acme,POST /api/orders,2025-07-19T03:02:52Z,true,JSON,email,PII encrypted at rest,[CONFIDENTIAL] Formula #408,Latin-1
IEEE 754,2026-04-21 04:05:06,MIT,2022-06-22T10:09:35Z,Acquire competitor,cancelled,2018-06-22T19:15:26Z,tenant-049,POSIX,99.254% uptime,tenant-014,sales.orders,lindarodriguez640,BMI = kg/m²,Salesforce,pending,status != 'prod',-39.3673,2026-10-06T13:20:50Z,Q3 2026: $18M projected,BETWEEN 1 AND 100,EMP-47130,rwx,IL7262669,ISO 8601,"$1,335,955",Starry Night,Thomas,[INTERNAL] Q1 strategy review pending board approval,INS-146584,GraphQL,batch-20240329-17,58009,E = mc²,0751d23f-006c-4c1b-9d9b-06ab80f628f1,SELECT * FROM orders WHERE type = 'pending',6 13 * * 1-5,Every 15 minutes,"57 10 * * 0,6",0.16.17,POSIX,+18736995783,min=1054,email,1 year,DR,1,1829050,update,age >= 18,"$4,772,987",GraphQL,field_a -> output,false,EMP24818,Smart TV,HOLD-2021-228,57f0667e55b2c4014e14f9773eb31967da8f2cea9983174e045b95039e18c292,analytics.events,Single,false,S,timeout_ms=397,raw.orders -> reports,3204,2018-03-10,59447.8,cancelled,433,BOOLEAN,SAP,Market-based,date = 'active',Type 2 Diabetes,Competitor Catalyst Ventures launched DataSync 3000,ProSeries,staging.users -> exports,false,26 17 * * *,Diabetes Mellitus,2024-07-16T01:19:45Z,255 days,280 days,2024-01-23T16:18:00Z,CREATE TABLE t (id INT PRIMARY KEY),false,date < 'active',dt=us-east,npm install,2024-02-18T12:23:52Z,false,INTEGER,type,PII encrypted at rest,[CONFIDENTIAL] Formula #477,Latin-1
RFC 3339,2020-02-26T06:06:49Z,MIT,2020-06-22 19:15:00,IPO readiness,active,2022-07-05T02:42:23Z,tenant-025,W3C Date,99.558% uptime,tenant-043,public.users,sophia.clark87,F = ma,Kafka,pending,date = 'prod',7667.7057,2019-07-02 05:31:23,Q4 2026: $56M projected,BETWEEN 1 AND 100,EMP-89055,execute,MA5977980,IEEE 754,"$8,746,871",The Persistence of Memory,Smith,[INTERNAL] Q2 strategy review pending board approval,INS-901010,SOAP/XML,batch-20180622-38,50315,F = ma,0fec7007-384a-4efe-a449-20b270a073c3,SELECT * FROM products WHERE type = 'active',57 10 * * *,Weekly on Monday,58 17 * * 1-5,1.17.40,POSIX,226-366-9438,warn=701,name,7 days,YX,0,4797306,update,"status IN ('active','pending')","$9,097,909",gRPC/protobuf,source_col -> target_col,true,EMP24184,Tablet,HOLD-2025-135,4d6c190a31332040120b1bfc0d2a8f32faea162c1207aad1227418a78b042a2a,hr.employees,Single,false,R,timeout_ms=245,staging.orders -> reports,7145,2026-11-13,41533.2,active,2004,TIMESTAMP,Snowflake,Value pricing,type < '2024',Asthma,Competitor Acme Corp launched DataSync 3000,TechBrand,staging.users -> analytics,false,8 6 * * 1-5,Diabetes Mellitus,2024-09-27T10:07:50Z,175 days,298 days,2018-05-16 22:40:46,message Msg { string id = 1; },0,type > 'prod',tenant=us-east,npm install,2023-05-02T22:00:35Z,true,FLOAT,amount,PII encrypted at rest,[CONFIDENTIAL] Formula #830,ASCII
ISO 8601,2026-04-07T16:43:48Z,MIT,,Launch SaaS tier,active,2024-02-20 22:20:33,tenant-042,RFC 3339,99.174% uptime,tenant-004,analytics.events,emily.jones515,PV = nRT,SAP,pending,date IN 'active',2153.1507,2022-02-13T19:08:30Z,Q3 2026: $17M projected,BETWEEN 1 AND 100,EMP-21260,admin,PA2537696,RFC 3339,"$7,395,854",Starry Night,Brown,[INTERNAL] Q2 strategy review pending board approval,INS-364652,OpenAPI 3.0,batch-20201114-82,404846,A = πr²,fbfc2613-eb50-43e5-bcba-2602c99241c5,SELECT * FROM orders WHERE id = '1',"9 0 * * 0,6",Monthly on 1st,8 7 * * *,0.14.32,ISO 8601,582-969-4843,max=4456,name,1 year,DAEH,0,2338037,delete,amount <= 10000,"$1,338,703",GraphQL,field_a -> output,false,EMP54604,Tablet,HOLD-2024-450,035e281f9cf0e12de6fa44eba8b019d44c2f19d97cb8f7b95f6dfcc70cb2b6be,sales.orders,Single,true,H,batch_size=323,staging.users -> reports,54667,2020-07-24,84671.0,completed,2499,BOOLEAN,PostgreSQL,Cost-plus 25%,date > 'prod',Depression,Competitor TechCo Industries launched CloudGuard,TechBrand,raw.orders -> analytics,NO,24 7 * * 1-5,Tuberculosis,2019-10-16T22:57:47Z,53 days,215 days,2026-08-25 05:32:25,CREATE TABLE t (id INT PRIMARY KEY),0,status IN 'prod',tenant=2024-01,docker run,2019-04-22 10:28:58,true,BOOLEAN,email,PII encrypted at rest,[CONFIDENTIAL] Formula #471,UTF-16
RFC 3339,2019-10-02T06:13:09Z,BSD-3-Clause,,IPO readiness,pending,2022-05-06T20:33:36Z,tenant-037,ISO 8601,99.932% uptime,tenant-029,public.users,james_thompson305,PV = nRT,Kafka,cancelled,status != 'active',8845.7905,2020-04-02T16:58:01Z,Q2 2025: $4M projected,NOT NULL,EMP-62351,admin,FL7256833,ISO 8601,"$3,673,235",The Persistence of Memory,Lewis,[INTERNAL] Q1 strategy review pending board approval,INS-428340,SOAP/XML,batch-20250408-62,601147850,BMI = kg/m²,36fad52f-4ef7-43f8-8e45-ec4adcefd28d,SELECT * FROM products WHERE type = 'active',39 11 * * *,Weekly on Monday,38 4 * * *,4.7.5,IEEE 754,413 308 4978,crit=6692,amount,30 days,WUQY,null,223562,update,"status IN ('active','pending')","$1,828,327",gRPC/protobuf,source_col -> target_col,false,EMP11918,IoT,HOLD-2025-314,ade34a0bec4d32db73e938662058ca3c7d310b12c4a28398d4438b3aab504d72,sales.orders,Married,false,H,pool_size=16,staging.orders -> exports,46636,2020-04-02,60518.0,inactive,7759,FLOAT,Workday,Cost-plus 25%,date > '2024',Anxiety,Competitor Meridian Health launched AuditTrail Plus,ValueMax,staging.orders -> analytics,NO,"12 9 * * 0,6",COVID-19,2019-04-10 21:21:20,104 days,119 days,2021-08-16 08:16:16,CREATE TABLE t (id INT PRIMARY KEY),false,status = 'prod',region=us-east,npm install,2020-08-20T23:40:32Z,true,INTEGER,created_at,PII encrypted at rest,[CONFIDENTIAL] Formula #196,UTF-16
ISO 8601,2024-10-04T16:44:24Z,GPL-3.0,,Expand APAC market,pending,2023-09-18T16:44:03Z,tenant-049,RFC 3339,99.558% uptime,tenant-005,sales.orders,linda.thompson117,PV = nRT,SAP,failed,type < '2024',5115.5694,2025-06-08T21:05:41Z,Q1 2026: $30M projected,UNIQUE,EMP-54730,rwx,OH6715884,W3C Date,"$2,445,492",The Scream,Taylor,[INTERNAL] Q2 strategy review pending board approval,INS-880290,GraphQL,batch-20200824-60,3784334,BMI = kg/m²,ce8217a4-50c9-425a-8b1e-902deb6ada87,SELECT * FROM orders WHERE status = 'pending',54 22 * * *,Every 15 minutes,2 6 * * 1-5,5.2.96,ISO 8601,(656) 826-2979,crit=3227,status,7 days,XWB,null,USR-873816,snapshot,amount <= 10000,"$4,998,055",REST/JSON,source_col -> field_b,false,EMP45670,IoT,HOLD-2023-109,ec93c208d3f3be17e9d764f0577572f69f3f31dc81d1792bdafe0fcac24d9e16,sales.orders,Widowed,false,C,pool_size=833,staging.users -> analytics,18586,2024-05-17,87341.9,pending,498,TEXT,Salesforce,Premium,date > '2024',Anxiety,Competitor Catalyst Ventures launched CloudGuard,TechBrand,curated.events -> analytics,true,2 12 * * *,Tuberculosis,2023-11-19T00:51:21Z,20 days,304 days,2022-12-05T23:19:48Z,"{""type"": ""object"", ""properties"": {}}",yes,status > 'prod',region=2024-01,POST /api/orders,2023-06-18 00:23:26,false,INTEGER,status,Data retained for 7 years,[CONFIDENTIAL] Formula #836,ASCII
POSIX,2021-04-06T02:22:58Z,Apache-2.0,,Acquire competitor,active,2019-11-06 10:12:22,tenant-037,W3C Date,99.664% uptime,tenant-021,public.users,david.miller963,A = πr²,PostgreSQL,approved,status = 'active',348.4708,2019-10-13T07:43:13Z,Q2 2024: $90M projected,MATCHES '^[A-Z]+',EMP-27558,rw,FL7936826,IEEE 754,"$6,649,751",Starry Night,Clark,[INTERNAL] Q1 strategy review pending board approval,INS-637662,SOAP/XML,batch-20210307-64,46516,E = mc²,25c93ffe-2eb6-4b4b-9859-cf269a35b0ca,SELECT * FROM users WHERE id = 'pending',"57 20 * * 0,6",Every 15 minutes,31 6 * * *,4.13.98,W3C Date,971-632-5049,warn=910,created_at,indefinite,SU,CURRENT_TIMESTAMP,6501202,delete,age >= 18,"$3,396,835",SOAP/XML,field_a -> field_b,true,EMP67997,IoT,HOLD-2022-840,207f0a556341b8248233b7b38482da6c4d5bfdc2b45857628eb51f2660056479,hr.employees,Divorced,true,M,max_retries=680,curated.users -> exports,48858,2019-01-15,69387.0,approved,2507,JSON,PostgreSQL,Penetration,status IN 'active',Arthritis,Competitor TechCo Industries launched StreamLine ERP,ProSeries,raw.users -> exports,YES,41 1 * * 1-5,Malaria,2022-08-07T10:04:31Z,59 days,128 days,2020-03-06T01:19:03Z,message Msg { string id = 1; },1,type IN 'prod',tenant=us-east,GET /api/users,2021-01-07T01:29:00Z,true,TEXT,status,MFA required for admin,[CONFIDENTIAL] Formula #505,UTF-8
W3C Date,2023-08-05 16:11:25,GPL-3.0,2018-02-14T13:12:38Z,Launch SaaS tier,failed,2025-03-13T06:29:43Z,tenant-050,POSIX,99.287% uptime,tenant-044,public.users,harper.moore556,A = πr²,Salesforce,cancelled,status = 'prod',5236.7267,2026-07-27 09:07:52,Q2 2027: $26M projected,NOT NULL,EMP-56610,rwx,CA7403578,W3C Date,"$4,519,282",The Scream,Moore,[INTERNAL] Q3 strategy review pending board approval,INS-663026,SOAP/XML,batch-20240510-44,55423,BMI = kg/m²,a873fab2-9404-49c8-8539-3b22f2f2bfc3,SELECT * FROM users WHERE status = 'active',11 5 * * *,Weekly on Monday,11 19 * * 1-5,5.17.84,W3C Date,462-219-5784,max=9657,id,1 year,GX,1,8421525,delete,age >= 18,"$1,021,746",GraphQL,field_a -> field_b,false,EMP73868,IoT,HOLD-2021-650,f66d39204d1371965a8272571e0acd80dda747c7648bd546d5af487f03a2bd5b,analytics.events,Single,false,S,batch_size=508,curated.users -> exports,34485,2018-08-01,40836.6,pending,6051,INTEGER,Salesforce,Value pricing,type < 'prod',Anxiety,Competitor Quantum Dynamics launched FlexPay Platform,ProSeries,raw.users -> reports,true,57 17 * * *,Diabetes Mellitus,2022-02-17 05:51:02,87 days,328 days,2018-06-08T12:39:32Z,CREATE TABLE t (id INT PRIMARY KEY),false,status IN '2024',dt=2024-01,docker run,2020-10-26T20:20:13Z,false,TIMESTAMP,email,PII encrypted at rest,[CONFIDENTIAL] Formula #905,ASCII
IEEE 754,2018-05-13T20:46:33Z,Apache-2.0,,Acquire competitor,pending,2023-06-01T09:36:38Z,tenant-036,IEEE 754,99.145% uptime,tenant-025,hr.employees,mary.williams854,PV = nRT,SAP,inactive,date != 'active',5670.9871,2023-05-01T08:36:51Z,Q4 2024: $84M projected,CHECK (val > 0),EMP-25670,rwx,FL7346290,IEEE 754,"$4,880,222",Water Lilies,Young,[INTERNAL] Q2 strategy review pending board approval,INS-571771,OpenAPI 3.0,batch-20230318-96,3737120,PV = nRT,f2267656-8b43-42f1-8e11-34be209e2722,SELECT * FROM orders WHERE id = '1',30 16 * * 1-5,Every 15 minutes,37 0 * * 1-5,4.17.91,W3C Date,+12369439614,warn=1981,type,7 days,WJSE,0,5785780,insert,age >= 18,"$9,313,461",OpenAPI 3.0,input -> target_col,false,EMP22927,IoT,HOLD-2024-486,5715d4780738299fc1e2a97a3ab8c5a3e38c3d1fbb3212b4d649468b1ccfd065,sales.orders,Married,false,U,pool_size=141,staging.users -> exports,83362,2018-07-14,71632.2,cancelled,232,TEXT,Kafka,Penetration,status IN 'active',Depression,Competitor Global Solutions launched Widget Pro,EcoLine,raw.users -> exports,NO,0 8 * * 1-5,Influenza,2022-02-26 19:26:07,82 days,309 days,2020-12-06T04:51:09Z,CREATE TABLE t (id INT PRIMARY KEY),true,type > '2024',region=us-east,docker run,2025-03-24T00:50:43Z,false,TIMESTAMP,amount,MFA required for admin,[CONFIDENTIAL] Formula #606,UTF-16
POSIX,2021-07-15T04:17:46Z,MIT,,Launch SaaS tier,completed,2023-08-24T22:32:53Z,tenant-047,IEEE 754,99.112% uptime,tenant-033,analytics.events,richard_taylor193,PV = nRT,PostgreSQL,completed,status != '2024',8284.1129,2024-12-04 16:55:19,Q2 2026: $38M projected,MATCHES '^[A-Z]+',EMP-62800,execute,OH3451577,IEEE 754,"$7,252,875",Starry Night,Lee,[INTERNAL] Q1 strategy review pending board approval,INS-344595,gRPC/protobuf,batch-20230111-02,60111713,PV = nRT,58801f84-2386-42af-8740-561705136c33,SELECT * FROM users WHERE type = 'active',37 17 * * 1-5,Weekly on Monday,"14 1 * * 0,6",0.18.50,IEEE 754,(843) 269-2473,warn=2179,name,1 year,JLA,CURRENT_TIMESTAMP,USR-945290,delete,NOT NULL,"$2,106,266",REST/JSON,source_col -> target_col,false,EMP85042,Desktop,HOLD-2020-314,711e11648a66a6a723047da02fceb34711268741c61327319f81a4807f907f80,analytics.events,Single,true,T,max_retries=928,raw.events -> exports,14324,2022-02-05,9802.3,active,716,FLOAT,Kafka,Premium,date != 'prod',Hypertension,Competitor TechCo Industries launched CloudGuard,EcoLine,staging.users -> analytics,false,52 6 * * 1-5,Malaria,2023-10-03 05:03:09,45 days,208 days,2018-02-01T14:34:36Z,"{""type"": ""object"", ""properties"": {}}",yes,status IN '2024',region=us-east,kubectl apply,2023-02-13T21:29:35Z,true,VARCHAR,amount,Data retained for 7 years,[CONFIDENTIAL] Formula #237,Latin-1
POSIX,2021-06-26 10:40:41,GPL-3.0,,IPO readiness,approved,2021-05-17 23:12:29,tenant-034,IEEE 754,99.531% uptime,tenant-029,hr.employees,robert_martin140,E = mc²,Kafka,inactive,type > 'prod',978.6218,2022-11-28T01:46:09Z,Q4 2027: $68M projected,CHECK (val > 0),EMP-68310,rwx,MA2688863,RFC 3339,"$5,258,327",The Persistence of Memory,Garcia,[INTERNAL] Q3 strategy review pending board approval,INS-851702,GraphQL,batch-20260620-76,601106765,E = mc²,dde09434-b05f-4ca4-b707-e493be33ceba,SELECT * FROM products WHERE type = '1',34 1 * * 1-5,Every 15 minutes,"23 14 * * 0,6",5.15.29,IEEE 754,878-614-5780,max=8482,name,30 days,VEV,'',6388313,delete,"status IN ('active','pending')","$8,269,482",gRPC/protobuf,source_col -> target_col,false,EMP66670,Desktop,HOLD-2025-936,8d33bd2f226bb2f6ce06244cad6f805356333a6fc70dcbe2d00d836c6404e869,analytics.events,Single,false,E,max_retries=642,curated.users -> reports,22238,2024-08-22,63892.1,approved,078,TEXT,Salesforce,Market-based,status > 'active',Migraine,Competitor Pacific Research Group launched SmartHub X1,SmartChoice,raw.events -> exports,NO,"22 21 * * 0,6",Malaria,2025-02-13 20:08:29,176 days,265 days,2024-12-01 00:17:24,CREATE TABLE t (id INT PRIMARY KEY),yes,status IN 'prod',region=2024-01,npm install,2024-03-04T06:23:01Z,false,JSON,created_at,PII encrypted at rest,[CONFIDENTIAL] Formula #605,Latin-1
IEEE 754,2019-09-20 16:28:19,MIT,,Acquire competitor,completed,2023-09-27 23:29:08,tenant-006,W3C Date,99.438% uptime,tenant-036,hr.employees,john.davis147,A = πr²,Workday,completed,date > 'active',8011.3265,2023-11-09 21:23:12,Q2 2025: $22M projected,CHECK (val > 0),EMP-14134,read,PA1928197,W3C Date,"$3,541,833",The Scream,Thomas,[INTERNAL] Q2 strategy review pending board approval,INS-973743,OpenAPI 3.0,batch-20250831-01,3723168,A = πr²,5280e326-30b0-4db9-aba3-688177ff1014,SELECT * FROM orders WHERE status = 'active',46 18 * * *,Monthly on 1st,16 19 * * 1-5,5.11.85,IEEE 754,588-535-7443,warn=2503,id,indefinite,CYQ,null,REC-441929,insert,NOT NULL,"$3,778,495",gRPC/protobuf,source_col -> target_col,false,EMP52980,Wearable,HOLD-2021-142,1df82230bfa9c3399893c76a3b1f2534d5c8fa9ee0dc0847abcfa2ccf096c3d9,sales.orders,Divorced,false,Q,max_retries=351,raw.users -> reports,14027,2024-10-13,3895.5,completed,618,VARCHAR,Kafka,Premium,type IN 'active',Anxiety,Competitor Beacon Analytics launched VaultKeeper,ValueMax,staging.orders -> analytics,true,41 12 * * 1-5,Influenza,2023-05-13T09:47:51Z,222 days,236 days,2024-10-15T21:12:29Z,"{""type"": ""object"", ""properties"": {}}",yes,type IN 'prod',region=us-east,POST /api/orders,2024-11-15T23:37:35Z,true,BOOLEAN,created_at,PII encrypted at rest,[CONFIDENTIAL] Formula #705,UTF-16
W3C Date,2023-06-12 14:52:09,MIT,,IPO readiness,approved,2024-06-11T21:41:17Z,tenant-045,ISO 8601,99.897% uptime,tenant-027,public.users,jennifer.jones624,F = ma,Salesforce,rejected,date != 'active',8081.0035,2025-10-20T08:00:08Z,Q4 2025: $33M projected,NOT NULL,EMP-53683,execute,TX6226937,RFC 3339,"$3,977,705",Water Lilies,Robinson,[INTERNAL] Q4 strategy review pending board approval,INS-214109,OpenAPI 3.0,batch-20180512-35,601135114,PV = nRT,d37aaee6-3a89-45cc-b3a8-82319db2678a,SELECT * FROM products WHERE type = 'pending',47 10 * * *,Daily at 2am,"33 0 * * 0,6",2.0.55,POSIX,+13182655823,max=9205,email,7 years,UUHE,false,ORD-585857,update,NOT NULL,"$1,366,390",OpenAPI 3.0,input -> field_b,false,EMP11607,Wearable,HOLD-2023-486,81c96cb141ca7fd18f54f43757bc4b8913dcc182ca5f9fa731f49c735c6e6d32,sales.orders,Divorced,false,E,batch_size=20,staging.orders -> analytics,71451,2026-06-07,98026.6,cancelled,2868,BOOLEAN,Snowflake,Penetration,status IN 'active',Migraine,Competitor Pacific Research Group launched AuditTrail Plus,ValueMax,raw.orders -> exports,false,"24 13 * * 0,6",Diabetes Mellitus,2023-06-26T07:07:18Z,202 days,20 days,2023-01-08T23:53:48Z,CREATE TABLE t (id INT PRIMARY KEY),yes,status IN '2024',dt=2024-01,docker run,2018-12-26 16:10:44,false,INTEGER,email,MFA required for admin,[CONFIDENTIAL] Formula #578,UTF-16
RFC 3339,2019-11-28T09:15:22Z,MIT,,Expand APAC market,rejected,2026-01-09 17:59:11,tenant-003,IEEE 754,99.13% uptime,tenant-050,sales.orders,liammoore486,BMI = kg/m²,Kafka,pending,status < 'active',-282.3597,2020-09-25T11:32:33Z,Q4 2025: $31M projected,BETWEEN 1 AND 100,EMP-91524,read,MA4151590,W3C Date,"$1,556,956",The Persistence of Memory,White,[INTERNAL] Q2 strategy review pending board approval,INS-356806,GraphQL,batch-20200924-91,3775386,E = mc²,15a70c63-c814-48ab-b9c0-6bf972fc229b,SELECT * FROM products WHERE id = '1',59 6 * * *,Every 15 minutes,25 9 * * 1-5,1.15.53,ISO 8601,(307) 586-6735,warn=2629,type,indefinite,WWT,1,6073358,snapshot,amount <= 10000,"$6,508,438",SOAP/XML,input -> target_col,true,EMP99496,Smart TV,HOLD-2025-712,fa95b4cf4d493eac40a110dee25e1ea2f62876fd70cc1d3044d7a45a0cec7bc6,hr.employees,Widowed,false,B,batch_size=578,staging.users -> exports,52068,2022-10-08,46199.7,approved,814,FLOAT,Salesforce,Market-based,type = 'prod',Depression,Competitor Vertex Technologies launched Widget Pro,ValueMax,raw.events -> exports,true,"31 23 * * 0,6",Tuberculosis,2023-06-17 01:51:29,283 days,300 days,2018-03-16T16:30:57Z,message Msg { string id = 1; },1,date < 'active',tenant=us-east,docker run,2018-12-15 18:21:49,true,VARCHAR,email,MFA required for admin,[CONFIDENTIAL] Formula #115,Latin-1
W3C Date,2023-08-15T19:59:02Z,MIT,,Acquire competitor,failed,2019-07-18 07:17:16,tenant-027,W3C Date,99.651% uptime,tenant-033,analytics.events,logangarcia138,F = ma,Workday,inactive,status = '2024',9083.421,2022-05-18 18:02:45,Q3 2025: $23M projected,NOT NULL,EMP-47117,execute,NC5045467,W3C Date,"$7,229,078",Starry Night,Brown,[INTERNAL] Q1 strategy review pending board approval,INS-782723,gRPC/protobuf,batch-20201218-26,51216,E = mc²,c187bd23-bd2e-4813-aad0-6bebd7e99ce3,SELECT * FROM products WHERE id = '1',"31 4 * * 0,6",Every 15 minutes,"7 22 * * 0,6",4.0.15,ISO 8601,809.712.9726,max=3347,name,indefinite,CBWO,1,ORD-554890,delete,amount <= 10000,"$5,720,293",SOAP/XML,source_col -> target_col,false,EMP93295,Wearable,HOLD-2022-731,c46cbeab46d104c3b8aa3773eca2f7ea8ca4a9f374a3d07cd17f623c02cb50cc,hr.employees,Divorced,true,D,batch_size=296,curated.events -> analytics,54856,2024-06-09,17892.5,pending,6515,FLOAT,SAP,Cost-plus 25%,date = 'active',Arthritis,Competitor DataCraft Inc launched FlexPay Platform,ValueMax,staging.events -> reports,true,29 23 * * *,Malaria,2026-03-15T02:22:48Z,213 days,232 days,2021-11-25 22:45:17,CREATE TABLE t (id INT PRIMARY KEY),yes,status IN '2024',tenant=acme,npm install,2019-03-12 03:10:35,false,JSON,email,MFA required for admin,[CONFIDENTIAL] Formula #673,UTF-8
RFC 3339,2025-07-19T19:56:05Z,BSD-3-Clause,,IPO readiness,failed,2022-06-04T02:12:50Z,tenant-020,RFC 3339,99.459% uptime,tenant-050,analytics.events,noah.clark612,E = mc²,Kafka,cancelled,status = 'active',4038.449,2025-11-13 11:48:21,Q3 2027: $1M projected,CHECK (val > 0),EMP-57206,write,GA8346753,RFC 3339,"$6,443,577",Water Lilies,Anderson,[INTERNAL] Q1 strategy review pending board approval,INS-849294,OpenAPI 3.0,batch-20260430-07,530692,A = πr²,92c07a3f-d24c-48a1-97c3-2697b05264bc,SELECT * FROM users WHERE id = '1',53 6 * * *,Monthly on 1st,9 5 * * 1-5,4.19.99,ISO 8601,(250) 734-9431,min=6044,id,30 days,OSJ,false,6714053,delete,age >= 18,"$1,127,356",SOAP/XML,input -> output,true,EMP30277,Mobile,HOLD-2021-820,ee60b202c156886d09258f6e4c07407a4712b2b6e9bfc995b5431e1811965768,hr.employees,Single,false,W,batch_size=322,staging.users -> exports,94482,2022-05-23,90178.3,rejected,7853,INTEGER,Salesforce,Premium,type < '2024',Anxiety,Competitor Skyline Partners launched CloudGuard,SmartChoice,raw.orders -> exports,false,"21 0 * * 0,6",Malaria,2021-10-17T21:24:56Z,25 days,57 days,2026-01-14 13:03:04,"{""type"": ""object"", ""properties"": {}}",false,type < '2024',dt=us-east,docker run,2024-10-27 23:26:02,false,TEXT,type,PII encrypted at rest,[CONFIDENTIAL] Formula #412,ASCII
IEEE 754,2018-04-28T09:39:44Z,Apache-2.0,,Expand APAC market,pending,2026-02-14 16:09:21,tenant-011,RFC 3339,99.622% uptime,tenant-050,analytics.events,olivia.wright870,BMI = kg/m²,SAP,cancelled,date = 'active',-433.8748,2022-02-26 15:54:38,Q4 2024: $94M projected,MATCHES '^[A-Z]+',EMP-96107,admin,GA5490532,ISO 8601,"$5,497,807",Water Lilies,Robinson,[INTERNAL] Q1 strategy review pending board approval,INS-671612,SOAP/XML,batch-20180204-83,59885,E = mc²,10b7c235-b345-4886-afee-f326c5261c7d,SELECT * FROM users WHERE type = 'active',"16 8 * * 0,6",Monthly on 1st,4 15 * * *,3.0.60,ISO 8601,(567) 428-7834,warn=1018,id,7 days,SEGO,false,2070263,delete,amount <= 10000,"$6,438,829",OpenAPI 3.0,source_col -> field_b,false,EMP60313,Desktop,HOLD-2024-195,f96f19100d2c0f0162fced237ba7718b2488277f188fdd6cabe615a955256928,hr.employees,Divorced,false,K,max_retries=674,raw.orders -> analytics,15032,2020-07-07,34109.8,failed,1808,BOOLEAN,Kafka,Premium,date < 'prod',Asthma,Competitor Pioneer Software launched Sentinel Monitor,EcoLine,raw.events -> reports,true,36 23 * * 1-5,COVID-19,2021-06-24 07:29:26,31 days,323 days,2026-10-13T18:55:04Z,"{""type"": ""object"", ""properties"": {}}",0,type < '2024',dt=acme,npm install,2023-08-24T01:39:46Z,false,TEXT,name,Data retained for 7 years,[CONFIDENTIAL] Formula #926,UTF-16
IEEE 754,2026-08-21T04:22:33Z,CC BY 4.0,,Acquire competitor,failed,2024-04-02 01:11:32,tenant-038,RFC 3339,99.252% uptime,tenant-044,sales.orders,jessica_taylor43,PV = nRT,Snowflake,active,status != 'prod',-75.1743,2022-03-07 05:47:49,Q2 2024: $50M projected,CHECK (val > 0),EMP-67440,read,WA3516049,W3C Date,"$1,022,918",Water Lilies,Wright,[INTERNAL] Q2 strategy review pending board approval,INS-814933,SOAP/XML,batch-20251125-91,374216,BMI = kg/m²,151588a4-9cfc-469b-8fbc-c0a5bac66d84,SELECT * FROM users WHERE type = 'active',58 0 * * 1-5,Monthly on 1st,"21 10 * * 0,6",0.5.88,ISO 8601,724.708.9583,crit=977,type,7 days,PJS,null,7724378,upsert,age >= 18,"$4,469,930",GraphQL,source_col -> field_b,false,EMP31321,IoT,HOLD-2025-391,2e6dfce13f6fcc16708f9e733228174c328c7ef7c4a4861e1f3b2a4c1013c544,analytics.events,Divorced,false,P,pool_size=203,raw.events -> exports,51420,2021-07-11,38949.4,active,768,VARCHAR,SAP,Market-based,status = '2024',Anxiety,Competitor Vertex Technologies launched NanoCore SDK,EcoLine,raw.users -> exports,true,"16 19 * * 0,6",Diabetes Mellitus,2018-10-13 23:10:49,121 days,98 days,2024-08-26T09:19:45Z,CREATE TABLE t (id INT PRIMARY KEY),1,status < 'prod',dt=2024-01,kubectl apply,2025-08-22T15:45:54Z,true,JSON,status,MFA required for admin,[CONFIDENTIAL] Formula #262,ASCII
W3C Date,2022-06-05T13:51:04Z,BSD-3-Clause,,IPO readiness,inactive,2024-10-08T13:13:41Z,tenant-035,ISO 8601,99.133% uptime,tenant-018,analytics.events,elizabeth_davis808,BMI = kg/m²,Snowflake,pending,type = '2024',3922.4031,2019-05-02 05:37:29,Q1 2027: $63M projected,NOT NULL,EMP-39712,rw,NC5766309,IEEE 754,"$9,871,769",The Scream,Johnson,[INTERNAL] Q4 strategy review pending board approval,INS-918482,REST/JSON,batch-20250228-19,563524,F = ma,6c8eb4c1-fcb6-4582-af1c-65c62c90b865,SELECT * FROM orders WHERE status = '1',17 2 * * *,Monthly on 1st,"27 2 * * 0,6",3.0.84,W3C Date,231 719 5279,crit=4935,email,30 days,ANPC,null,1491232,snapshot,age >= 18,"$6,866,089",gRPC/protobuf,input -> field_b,false,EMP23710,Mobile,HOLD-2023-629,d4fd58de69dc90a823859899364f7da107588b6713fb1eb1708e7f0b225d036c,sales.orders,Widowed,true,W,max_retries=144,curated.orders -> reports,90001,2023-12-18,5685.1,approved,169,FLOAT,Workday,Value pricing,date > 'active',Anxiety,Competitor Global Solutions launched VaultKeeper,ValueMax,staging.orders -> analytics,YES,"35 15 * * 0,6",Influenza,2022-05-13 04:21:21,108 days,177 days,2024-09-24T12:30:40Z,"{""type"": ""object"", ""properties"": {}}",yes,type = 'active',dt=2024-01,GET /api/users,2023-09-15 09:00:07,true,INTEGER,created_at,MFA required for admin,[CONFIDENTIAL] Formula #401,ISO-8859-1
RFC 3339,2025-06-07 08:07:33,Apache-2.0,,Launch SaaS tier,completed,2019-01-19 03:37:49,tenant-027,POSIX,99.4% uptime,tenant-046,sales.orders,harper.thompson357,E = mc²,Kafka,active,status = '2024',9142.4679,2026-03-18T10:36:32Z,Q2 2026: $64M projected,BETWEEN 1 AND 100,EMP-77384,rwx,CA7590951,W3C Date,"$3,683,357",The Persistence of Memory,White,[INTERNAL] Q1 strategy review pending board approval,INS-991511,gRPC/protobuf,batch-20260201-96,469711,BMI = kg/m²,a1685450-b445-44a7-b1f2-602dce44f636,SELECT * FROM orders WHERE id = '1',27 7 * * 1-5,Weekly on Monday,45 17 * * *,2.10.92,ISO 8601,+16932477209,crit=2527,status,7 years,YOAU,0,ID-156410,update,age >= 18,"$6,415,363",gRPC/protobuf,input -> target_col,true,EMP66788,Tablet,HOLD-2026-542,4f10302253be0a3a827c91516c632a7045f216397a3c0a8399512301c6425e04,analytics.events,Married,false,B,pool_size=971,curated.events -> reports,90899,2021-09-05,16606.9,approved,8619,FLOAT,PostgreSQL,Cost-plus 25%,status < '2024',Hypertension,Competitor Pioneer Software launched DataSync 3000,ProSeries,staging.events -> reports,YES,"18 12 * * 0,6",Influenza,2020-02-12T09:22:05Z,301 days,271 days,2019-03-16 19:43:30,message Msg { string id = 1; },false,type = '2024',dt=acme,GET /api/users,2019-07-01T06:06:47Z,true,FLOAT,name,MFA required for admin,[CONFIDENTIAL] Formula #389,UTF-8
RFC 3339,2018-04-26 00:50:03,MIT,,Expand APAC market,inactive,2019-08-09T21:21:22Z,tenant-017,W3C Date,99.357% uptime,tenant-023,sales.orders,marydavis252,BMI = kg/m²,Workday,completed,status > '2024',7171.0012,2021-10-13 04:53:09,Q4 2027: $4M projected,NOT NULL,EMP-61957,write,WA4161066,IEEE 754,"$8,311,435",The Persistence of Memory,Miller,[INTERNAL] Q4 strategy review pending board approval,INS-240748,SOAP/XML,batch-20220908-32,46592,F = ma,5478eb45-9f2d-4b46-90c9-027229c9df71,SELECT * FROM products WHERE type = 'pending',29 8 * * 1-5,Every 15 minutes,43 9 * * 1-5,1.8.19,RFC 3339,+19633499747,warn=1809,created_at,1 year,ZU,1,7839336,delete,age >= 18,"$3,092,478",SOAP/XML,input -> field_b,true,EMP14474,IoT,HOLD-2025-989,0be2b98e3cd956c2e7bd6771e83c9258311972dfdcd8933a9d3395fbacff4455,sales.orders,Widowed,false,X,timeout_ms=160,curated.orders -> exports,15177,2025-08-01,16758.7,completed,4242,INTEGER,PostgreSQL,Premium,date > 'prod',Depression,Competitor Skyline Partners launched VaultKeeper,ProSeries,raw.orders -> exports,YES,"7 23 * * 0,6",Diabetes Mellitus,2021-06-22 19:59:20,60 days,34 days,2022-03-24T07:45:57Z,message Msg { string id = 1; },true,type < 'active',tenant=us-east,npm install,2022-04-03T10:05:00Z,false,TEXT,type,MFA required for admin,[CONFIDENTIAL] Formula #477,ASCII
W3C Date,2022-08-07 02:27:23,BSD-3-Clause,,Expand APAC market,failed,2018-11-17 20:08:57,tenant-028,W3C Date,99.859% uptime,tenant-006,sales.orders,sarah.wright324,A = πr²,Kafka,pending,status IN '2024',1263.2857,2025-05-18T10:19:35Z,Q2 2025: $50M projected,NOT NULL,EMP-31000,r-x,TX6675480,RFC 3339,"$5,562,108",Starry Night,Williams,[INTERNAL] Q4 strategy review pending board approval,INS-119454,gRPC/protobuf,batch-20180321-45,3786528,BMI = kg/m²,6e0f7690-e1de-4768-b2b9-9567742183ce,SELECT * FROM orders WHERE status = 'pending',26 12 * * 1-5,Weekly on Monday,"11 13 * * 0,6",0.12.60,W3C Date,+16717624351,max=5668,name,30 days,IE,CURRENT_TIMESTAMP,TXN-179510,delete,age >= 18,"$9,320,990",gRPC/protobuf,input -> output,false,EMP11002,Smart TV,HOLD-2026-160,a1f02bda8b780abfafeeaed5d5c6f26ecb3ec5e04223bcdfeda908ab330e55f6,analytics.events,Widowed,true,G,pool_size=969,staging.orders -> exports,42810,2022-05-29,14837.9,rejected,294,VARCHAR,Snowflake,Penetration,type IN 'prod',Arthritis,Competitor Acme Corp launched SmartHub X1,ProSeries,raw.users -> analytics,NO,5 14 * * *,Diabetes Mellitus,2018-09-28 10:54:07,106 days,314 days,2022-05-14T10:01:30Z,CREATE TABLE t (id INT PRIMARY KEY),0,type != 'active',region=acme,npm install,2023-06-06T05:17:19Z,false,TEXT,type,MFA required for admin,[CONFIDENTIAL] Formula #791,UTF-8
IEEE 754,2020-03-03T03:38:05Z,Apache-2.0,,Expand APAC market,failed,2019-08-13 18:15:29,tenant-014,W3C Date,99.791% uptime,tenant-048,hr.employees,lucasclark253,E = mc²,SAP,inactive,date != 'active',-599.9216,2026-05-28 00:36:41,Q3 2024: $58M projected,UNIQUE,EMP-65577,write,WA8389431,IEEE 754,"$7,231,888",The Scream,Young,[INTERNAL] Q1 strategy review pending board approval,INS-152388,OpenAPI 3.0,batch-20250502-13,378411,F = ma,86d226bf-4064-4ffb-bd43-4c79b5958dbd,SELECT * FROM products WHERE type = '1',"19 12 * * 0,6",Weekly on Monday,32 18 * * *,1.3.15,IEEE 754,+15037977398,crit=5449,id,7 years,DS,CURRENT_TIMESTAMP,6487223,delete,"status IN ('active','pending')","$8,819,218",GraphQL,field_a -> output,false,EMP87618,Desktop,HOLD-2024-301,b5abaf15ff6fdb4151b2ca5179234ec20da12e1ad67720b012be53b485e3fd12,analytics.events,Widowed,false,U,pool_size=621,raw.orders -> exports,52582,2022-03-15,29326.8,pending,4066,VARCHAR,Workday,Market-based,date IN 'prod',Asthma,Competitor Acme Corp launched VaultKeeper,EcoLine,curated.orders -> reports,true,"54 17 * * 0,6",Influenza,2019-05-18T13:27:40Z,82 days,195 days,2023-06-25 03:55:13,CREATE TABLE t (id INT PRIMARY KEY),1,status < 'active',tenant=2024-01,POST /api/orders,2022-05-23T17:48:38Z,false,JSON,id,MFA required for admin,[CONFIDENTIAL] Formula #429,UTF-16
POSIX,2018-09-17T20:44:09Z,Proprietary,,Expand APAC market,active,2022-06-11 14:23:59,tenant-026,POSIX,99.773% uptime,tenant-032,public.users,olivia_jones23,BMI = kg/m²,Snowflake,inactive,date > 'active',266.2879,2025-03-06 09:33:21,Q3 2027: $82M projected,MATCHES '^[A-Z]+',EMP-53941,admin,PA6498402,POSIX,"$5,121,483",The Persistence of Memory,Robinson,[INTERNAL] Q3 strategy review pending board approval,INS-379703,SOAP/XML,batch-20210314-71,590341,E = mc²,ed9a07fc-2ba6-46df-b3bd-128a645b80c1,SELECT * FROM orders WHERE id = '1',16 14 * * 1-5,Weekly on Monday,38 6 * * *,5.13.93,IEEE 754,762 350 1565,crit=8670,id,7 years,YV,0,7291891,insert,age >= 18,"$4,902,832",gRPC/protobuf,field_a -> target_col,false,EMP79338,Wearable,HOLD-2024-495,eefb410fea4519bf6bab10df1bb523692c5f4c3d6c2c0ef22bef5120bea3080b,sales.orders,Single,false,Q,pool_size=334,staging.events -> reports,74886,2025-09-12,41431.2,completed,575,FLOAT,PostgreSQL,Premium,date < 'prod',Arthritis,Competitor Pacific Research Group launched Sentinel Monitor,EcoLine,raw.orders -> exports,true,41 9 * * 1-5,Influenza,2020-05-24T12:46:11Z,192 days,352 days,2021-03-01T22:07:27Z,message Msg { string id = 1; },false,date < 'active',region=us-east,kubectl apply,2024-05-08T04:39:23Z,true,TIMESTAMP,status,Data retained for 7 years,[CONFIDENTIAL] Formula #881,ASCII
RFC 3339,2025-02-21T14:16:18Z,MIT,2025-10-13T03:31:14Z,Launch SaaS tier,cancelled,2018-11-13T02:51:32Z,tenant-032,ISO 8601,99.691% uptime,tenant-043,sales.orders,mary_thompson237,BMI = kg/m²,Snowflake,inactive,date IN 'prod',9175.8679,2021-02-19 17:00:16,Q2 2024: $97M projected,CHECK (val > 0),EMP-62135,execute,OH3750152,W3C Date,"$3,959,015",Starry Night,Martin,[INTERNAL] Q2 strategy review pending board approval,INS-934868,REST/JSON,batch-20210824-37,601125091,F = ma,9cf18915-7925-4195-aa7f-6ef3dc3fce9a,SELECT * FROM products WHERE id = '1',49 22 * * *,Every 15 minutes,11 19 * * 1-5,3.12.3,IEEE 754,354.294.3098,max=7914,email,indefinite,TB,1,5283182,snapshot,NOT NULL,"$5,884,893",REST/JSON,source_col -> target_col,false,EMP96036,Wearable,HOLD-2023-334,b399bb4dfe0ab583683279bbc5d91b406d55d5b8038577fdceb841e80a653a63,sales.orders,Widowed,false,S,batch_size=393,raw.events -> analytics,36843,2020-02-09,16461.4,approved,830,INTEGER,PostgreSQL,Market-based,status IN 'active',Migraine,Competitor Acme Corp launched StreamLine ERP,ProSeries,curated.events -> exports,true,10 17 * * 1-5,Tuberculosis,2018-01-10T06:02:36Z,346 days,292 days,2020-01-05 06:00:28,CREATE TABLE t (id INT PRIMARY KEY),true,status = 'active',tenant=2024-01,GET /api/users,2018-03-27 13:47:05,false,TIMESTAMP,id,Data retained for 7 years,[CONFIDENTIAL] Formula #503,ASCII
W3C Date,2020-05-10 15:37:16,CC BY 4.0,,Expand APAC market,cancelled,2022-07-17T19:41:52Z,tenant-017,W3C Date,99.204% uptime,tenant-026,hr.employees,daviddavis962,E = mc²,Snowflake,inactive,status > 'prod',7177.2188,2019-04-18 07:18:35,Q1 2026: $19M projected,NOT NULL,EMP-12173,r-x,NC8708919,IEEE 754,"$9,248,014",Starry Night,Brown,[INTERNAL] Q3 strategy review pending board approval,INS-366665,GraphQL,batch-20210318-34,3749375,PV = nRT,da5c06ed-6572-4ad9-9491-521bcde55c65,SELECT * FROM users WHERE type = '1',6 6 * * *,Monthly on 1st,"57 7 * * 0,6",3.9.8,W3C Date,253 403 6937,warn=9763,type,7 years,QO,0,6815889,insert,amount <= 10000,"$2,693,570",GraphQL,source_col -> field_b,true,EMP28282,Smart TV,HOLD-2025-605,1d6ba976b4d539dda701f8503e7a3e0d65ef5194d298a590c424a02f6ade5873,sales.orders,Married,false,U,pool_size=37,curated.users -> analytics,81813,2023-10-15,40529.5,failed,0230,BOOLEAN,SAP,Market-based,type < 'active',Anxiety,Competitor DataCraft Inc launched StreamLine ERP,TechBrand,curated.users -> reports,NO,"38 14 * * 0,6",Tuberculosis,2025-04-26T15:50:00Z,360 days,19 days,2023-06-24 08:18:50,CREATE TABLE t (id INT PRIMARY KEY),false,status IN 'prod',dt=us-east,npm install,2025-06-01 06:10:59,false,INTEGER,type,Data retained for 7 years,[CONFIDENTIAL] Formula #951,ASCII
RFC 3339,2026-03-18T09:15:28Z,BSD-3-Clause,,Launch SaaS tier,pending,2019-07-25T11:55:00Z,tenant-049,RFC 3339,99.06% uptime,tenant-014,public.users,jennifer_taylor264,PV = nRT,Kafka,completed,type < '2024',3626.2737,2019-05-08 06:26:21,Q4 2025: $10M projected,BETWEEN 1 AND 100,EMP-21888,r-x,FL2530738,RFC 3339,"$6,021,202",The Scream,Walker,[INTERNAL] Q2 strategy review pending board approval,INS-144820,OpenAPI 3.0,batch-20220811-27,46333,F = ma,2cdb1cbe-dbbf-423a-a2fc-0cdd4d89a5b7,SELECT * FROM products WHERE type = '1',28 12 * * 1-5,Every 15 minutes,43 18 * * *,5.0.38,RFC 3339,416 201 8593,warn=8726,name,7 years,TMYG,'',528776,upsert,NOT NULL,"$3,517,344",OpenAPI 3.0,source_col -> field_b,false,EMP98161,Tablet,HOLD-2023-203,708c1e9239a922389519655574f08b5ea01a2a55da102cde47c89d2660931f12,public.users,Single,false,M,timeout_ms=443,staging.events -> analytics,55797,2025-05-09,56289.7,rejected,9555,INTEGER,Salesforce,Penetration,status != 'prod',Anxiety,Competitor Skyline Partners launched Widget Pro,ProSeries,curated.events -> analytics,false,32 17 * * *,Malaria,2022-07-11T20:28:54Z,148 days,212 days,2026-11-16T17:54:20Z,CREATE TABLE t (id INT PRIMARY KEY),true,date > '2024',tenant=us-east,kubectl apply,2024-12-25T00:27:32Z,true,VARCHAR,email,PII encrypted at rest,[CONFIDENTIAL] Formula #667,ASCII
ISO 8601,2020-12-03T00:24:36Z,CC BY 4.0,,Expand APAC market,active,2023-08-05 18:41:14,tenant-040,POSIX,99.152% uptime,tenant-017,sales.orders,aiden.young889,E = mc²,Snowflake,inactive,type > 'active',1208.6441,2026-08-09T13:20:30Z,Q4 2027: $46M projected,NOT NULL,EMP-53691,r-x,GA9564081,ISO 8601,"$3,064,655",The Persistence of Memory,Jackson,[INTERNAL] Q2 strategy review pending board approval,INS-920963,gRPC/protobuf,batch-20181223-29,54444,BMI = kg/m²,06154420-4f8f-4513-9931-e7f0e8a06f92,SELECT * FROM users WHERE status = 'active',13 22 * * *,Monthly on 1st,49 8 * * *,3.13.56,ISO 8601,+14819845481,min=5868,id,30 days,OZR,1,ID-403477,delete,age >= 18,"$1,778,081",OpenAPI 3.0,input -> field_b,true,EMP58436,Mobile,HOLD-2022-988,4c09eb4a348acb777239e54fa96b46f223acd20b7b8698d97eb5dfcb299054df,public.users,Widowed,false,M,pool_size=913,raw.events -> analytics,91621,2025-04-03,78697.3,pending,301,TEXT,Workday,Cost-plus 25%,status = 'active',Type 2 Diabetes,Competitor Beacon Analytics launched Sentinel Monitor,ValueMax,staging.orders -> reports,NO,24 7 * * 1-5,Influenza,2023-02-20 14:20:39,81 days,337 days,2022-12-22 11:14:01,CREATE TABLE t (id INT PRIMARY KEY),no,type > 'active',region=us-east,GET /api/users,2025-03-14 13:14:53,true,BOOLEAN,status,MFA required for admin,[CONFIDENTIAL] Formula #817,Latin-1
POSIX,2026-08-18 12:30:34,BSD-3-Clause,,Acquire competitor,completed,2022-05-17T20:52:45Z,tenant-050,W3C Date,99.786% uptime,tenant-033,sales.orders,oliviamoore938,F = ma,Salesforce,approved,status != '2024',2911.0743,2022-08-08T09:17:25Z,Q2 2025: $25M projected,NOT NULL,EMP-49544,rwx,NC3457454,POSIX,"$2,728,461",The Scream,Thomas,[INTERNAL] Q3 strategy review pending board approval,INS-911083,SOAP/XML,batch-20240527-70,374200,A = πr²,65b058ee-74c1-4e36-b6cd-5caf780d456a,SELECT * FROM products WHERE id = '1',49 2 * * *,Daily at 2am,"35 21 * * 0,6",5.2.44,RFC 3339,(975) 583-9919,warn=4735,status,1 year,DQIC,CURRENT_TIMESTAMP,USR-294890,insert,age >= 18,"$5,368,953",REST/JSON,field_a -> output,false,EMP40363,Tablet,HOLD-2022-581,17f3659e3a15692ab33bde37533a9b8df7fc4021e85deee598ec8c21a088f216,sales.orders,Divorced,true,U,batch_size=622,raw.orders -> reports,51352,2025-07-19,63886.3,inactive,3127,FLOAT,Kafka,Cost-plus 25%,type > 'prod',Depression,Competitor Quantum Dynamics launched SmartHub X1,SmartChoice,staging.users -> exports,false,38 14 * * 1-5,Malaria,2024-06-07T23:32:56Z,344 days,118 days,2018-04-13T01:17:06Z,message Msg { string id = 1; },false,status > 'active',tenant=us-east,npm install,2020-10-12 12:21:34,true,JSON,name,MFA required for admin,[CONFIDENTIAL] Formula #436,ASCII
W3C Date,2020-11-04 10:02:40,GPL-3.0,,Launch SaaS tier,pending,2020-05-28 16:44:39,tenant-046,IEEE 754,99.772% uptime,tenant-005,public.users,patricia.white635,A = πr²,Snowflake,cancelled,type < 'prod',8205.8928,2023-01-21T11:45:06Z,Q1 2026: $70M projected,UNIQUE,EMP-62184,read,FL5588211,IEEE 754,"$9,463,326",The Scream,Harris,[INTERNAL] Q1 strategy review pending board approval,INS-934209,OpenAPI 3.0,batch-20211009-53,52009,F = ma,ee8806a6-43a4-4d33-bf89-5d18ffa13a74,SELECT * FROM orders WHERE type = 'pending',"24 13 * * 0,6",Monthly on 1st,30 2 * * 1-5,0.6.11,ISO 8601,590-867-6992,max=9699,email,indefinite,OCSC,'',5002769,delete,age >= 18,"$4,666,069",gRPC/protobuf,source_col -> output,false,EMP77741,Mobile,HOLD-2024-102,38f35a8cce82c581d7b4c2af37d5dc2bc860b1fdd337b7c0785ffd8f8b0e2f13,sales.orders,Widowed,false,E,pool_size=105,staging.users -> exports,70138,2024-09-28,50566.4,inactive,3935,VARCHAR,Workday,Market-based,date = 'active',Anxiety,Competitor Quantum Dynamics launched FlexPay Platform,EcoLine,raw.users -> analytics,NO,39 19 * * *,Influenza,2023-08-26 00:00:50,6 days,200 days,2022-01-19T16:43:04Z,CREATE TABLE t (id INT PRIMARY KEY),yes,type < 'prod',dt=us-east,POST /api/orders,2021-03-15 07:06:18,false,INTEGER,type,MFA required for admin,[CONFIDENTIAL] Formula #709,UTF-8
IEEE 754,2021-03-15 00:47:38,CC BY 4.0,,IPO readiness,rejected,2024-01-11 14:10:52,tenant-003,IEEE 754,99.801% uptime,tenant-043,hr.employees,olivia_lee846,F = ma,SAP,inactive,date != '2024',4799.3119,2019-01-28 01:40:32,Q3 2024: $21M projected,BETWEEN 1 AND 100,EMP-55254,r-x,MA4173492,ISO 8601,"$4,140,150",The Scream,Rodriguez,[INTERNAL] Q4 strategy review pending board approval,INS-398900,gRPC/protobuf,batch-20211212-10,425206,A = πr²,c0403762-bf23-4e9a-8aaa-34bb4ec64b61,SELECT * FROM orders WHERE id = 'active',35 20 * * *,Monthly on 1st,18 18 * * *,4.8.34,IEEE 754,(861) 697-9475,min=9110,status,30 days,ZFS,'',7286176,snapshot,"status IN ('active','pending')","$5,136,153",GraphQL,field_a -> output,false,EMP99482,Desktop,HOLD-2024-678,f7a6cde5e8698d75d576e570a918a36de22fdbf00e0333ac43bf68f7c132bc6b,analytics.events,Divorced,false,T,batch_size=497,raw.events -> analytics,97812,2025-01-05,48654.0,active,001,INTEGER,Snowflake,Premium,status < '2024',Type 2 Diabetes,Competitor Skyline Partners launched StreamLine ERP,EcoLine,curated.users -> exports,YES,29 7 * * *,Malaria,2018-04-20 20:41:46,106 days,201 days,2019-08-28T11:07:50Z,message Msg { string id = 1; },1,date < 'prod',dt=us-east,kubectl apply,2018-04-26T21:22:56Z,false,INTEGER,status,PII encrypted at rest,[CONFIDENTIAL] Formula #658,UTF-8
W3C Date,2024-03-26T11:37:25Z,BSD-3-Clause,,Expand APAC market,rejected,2023-12-24T23:18:36Z,tenant-009,RFC 3339,99.489% uptime,tenant-028,analytics.events,james.walker383,BMI = kg/m²,Snowflake,completed,date < 'prod',1629.9968,2023-01-24T19:31:50Z,Q4 2026: $4M projected,MATCHES '^[A-Z]+',EMP-51648,r-x,CO4171807,POSIX,"$8,218,895",Water Lilies,Lewis,[INTERNAL] Q3 strategy review pending board approval,INS-670642,SOAP/XML,batch-20200313-83,3742967,A = πr²,e14b8c7d-7110-45da-acb2-d215dd688c97,SELECT * FROM users WHERE status = '1',"38 21 * * 0,6",Monthly on 1st,54 14 * * *,4.0.67,POSIX,917-952-5598,min=4952,created_at,7 days,WL,0,1525170,snapshot,NOT NULL,"$3,544,592",GraphQL,field_a -> target_col,false,EMP63248,IoT,HOLD-2026-323,374a0728a4b26ebc0c94f419fa30baef78374e36da294a7d6d13631a8845fcc9,hr.employees,Divorced,false,T,timeout_ms=546,raw.users -> reports,75161,2018-06-30,3823.9,cancelled,6054,FLOAT,SAP,Value pricing,type > '2024',Arthritis,Competitor Meridian Health launched SmartHub X1,ProSeries,curated.users -> exports,YES,16 3 * * *,Tuberculosis,2022-09-19 06:26:44,71 days,78 days,2022-09-27 15:17:56,message Msg { string id = 1; },1,date IN 'active',tenant=2024-01,POST /api/orders,2022-03-25 03:39:01,false,VARCHAR,name,Data retained for 7 years,[CONFIDENTIAL] Formula #197,Latin-1
RFC 3339,2022-11-11T00:08:14Z,Proprietary,2023-08-15 10:30:25,Expand APAC market,active,2019-05-09T08:20:15Z,tenant-038,ISO 8601,99.052% uptime,tenant-011,analytics.events,emma_lewis1,E = mc²,SAP,inactive,type < '2024',473.2415,2020-10-18T12:11:09Z,Q1 2027: $26M projected,BETWEEN 1 AND 100,EMP-67757,execute,NY3315592,IEEE 754,"$2,125,298",Water Lilies,Miller,[INTERNAL] Q4 strategy review pending board approval,INS-713832,SOAP/XML,batch-20230902-53,378996,A = πr²,91c0fd2c-0e20-4cc9-9abf-2d90f1d81362,SELECT * FROM orders WHERE status = 'active',"11 20 * * 0,6",Monthly on 1st,"0 6 * * 0,6",5.10.4,IEEE 754,+18638746100,max=1011,status,indefinite,MK,1,1186468,update,age >= 18,"$2,324,708",OpenAPI 3.0,field_a -> field_b,false,EMP94664,Tablet,HOLD-2023-773,2ad96163296fd19c8f5e3095f4e495acc471206bc5371da3a8d151399a85f979,sales.orders,Divorced,false,W,pool_size=117,raw.users -> analytics,54815,2024-02-16,76123.6,cancelled,2235,BOOLEAN,PostgreSQL,Value pricing,type != 'active',Arthritis,Competitor Skyline Partners launched NanoCore SDK,SmartChoice,curated.orders -> reports,NO,"9 22 * * 0,6",Diabetes Mellitus,2018-06-19T06:46:24Z,265 days,217 days,2020-08-03T03:32:40Z,message Msg { string id = 1; },false,date IN 'active',dt=2024-01,POST /api/orders,2025-01-28T13:01:07Z,false,BOOLEAN,amount,MFA required for admin,[CONFIDENTIAL] Formula #203,UTF-8
POSIX,2025-08-06T06:27:09Z,Apache-2.0,,Launch SaaS tier,inactive,2020-07-09T03:00:59Z,tenant-031,IEEE 754,99.084% uptime,tenant-021,analytics.events,emily_moore442,E = mc²,Snowflake,pending,type > 'prod',9832.5576,2019-07-15 18:37:10,Q4 2024: $5M projected,NOT NULL,EMP-58797,rw,OH1652498,ISO 8601,"$3,341,645",The Scream,Clark,[INTERNAL] Q1 strategy review pending board approval,INS-610737,OpenAPI 3.0,batch-20211105-12,52018,BMI = kg/m²,c9905007-61a0-498f-b06a-cc760015d00e,SELECT * FROM orders WHERE id = 'active',32 18 * * 1-5,Weekly on Monday,27 20 * * 1-5,0.7.80,ISO 8601,964 469 9215,max=2869,status,indefinite,IX,CURRENT_TIMESTAMP,REC-435348,upsert,age >= 18,"$5,709,010",OpenAPI 3.0,input -> field_b,true,EMP86879,Tablet,HOLD-2026-984,8b38240336b84097fe1669302526b8be308467f3c5e6e10f49d01404dc6416fe,hr.employees,Single,false,X,timeout_ms=601,curated.users -> exports,32388,2021-11-25,6825.6,failed,5975,TEXT,PostgreSQL,Market-based,status < 'prod',Arthritis,Competitor Skyline Partners launched VaultKeeper,SmartChoice,raw.orders -> analytics,NO,"14 11 * * 0,6",Tuberculosis,2022-09-13 01:10:25,140 days,348 days,2024-02-01T08:49:39Z,CREATE TABLE t (id INT PRIMARY KEY),true,type IN 'prod',region=2024-01,GET /api/users,2019-07-23 10:20:27,false,JSON,email,Data retained for 7 years,[CONFIDENTIAL] Formula #701,UTF-16
IEEE 754,2025-01-06 15:22:03,GPL-3.0,,Acquire competitor,failed,2018-02-13T14:34:21Z,tenant-047,IEEE 754,99.468% uptime,tenant-020,analytics.events,william.clark360,BMI = kg/m²,Workday,inactive,status < 'prod',6651.2032,2019-09-21 08:02:59,Q3 2027: $81M projected,MATCHES '^[A-Z]+',EMP-95502,r-x,GA3135878,ISO 8601,"$459,485",Water Lilies,Smith,[INTERNAL] Q1 strategy review pending board approval,INS-616916,REST/JSON,batch-20250625-22,370764,BMI = kg/m²,3a4801f4-379a-48b8-810e-9397e73bf2f7,SELECT * FROM products WHERE id = 'active',6 12 * * 1-5,Daily at 2am,4 13 * * *,4.1.40,W3C Date,638-870-7362,warn=2541,type,30 days,HHI,false,1145415,delete,age >= 18,"$9,226,567",OpenAPI 3.0,source_col -> field_b,false,EMP40800,Wearable,HOLD-2024-187,02d39b18f8a60bb1b2d995bd7f54753d7a84f97b378e5bf9b9f0a78faa89319d,analytics.events,Single,false,A,batch_size=942,raw.users -> exports,22345,2018-03-28,28776.0,failed,820,JSON,PostgreSQL,Market-based,type > '2024',Asthma,Competitor Beacon Analytics launched DataSync 3000,ProSeries,staging.events -> exports,true,"30 19 * * 0,6",Tuberculosis,2019-06-22T20:26:36Z,299 days,24 days,2020-10-12T06:48:33Z,message Msg { string id = 1; },true,status < 'active',region=acme,GET /api/users,2020-12-13 02:13:22,false,BOOLEAN,amount,MFA required for admin,[CONFIDENTIAL] Formula #590,ASCII
IEEE 754,2024-04-07T20:55:25Z,Apache-2.0,,Expand APAC market,completed,2026-06-16 21:05:43,tenant-006,IEEE 754,99.93% uptime,tenant-017,public.users,liam_brown771,PV = nRT,Snowflake,approved,type != 'active',-470.6938,2026-09-16T06:05:03Z,Q3 2024: $99M projected,BETWEEN 1 AND 100,EMP-80067,execute,MA2899277,IEEE 754,"$2,117,144",Water Lilies,White,[INTERNAL] Q1 strategy review pending board approval,INS-271627,REST/JSON,batch-20230505-01,60110957,E = mc²,4bac5b6f-bf1f-4918-82c2-1898ad2d9a99,SELECT * FROM products WHERE type = 'pending',"18 10 * * 0,6",Weekly on Monday,50 14 * * 1-5,0.18.9,RFC 3339,580.503.8837,max=9208,id,7 years,HN,CURRENT_TIMESTAMP,566107,insert,NOT NULL,"$1,885,925",GraphQL,source_col -> output,false,EMP83424,Smart TV,HOLD-2025-615,5b8038da801eeaa6713378c1bbdee37523929eabc90e5dbef364eeea841b4b10,public.users,Widowed,false,Q,timeout_ms=629,curated.users -> exports,51124,2023-12-06,8069.3,rejected,2257,TEXT,SAP,Value pricing,date > '2024',Depression,Competitor Alpine Systems launched VaultKeeper,SmartChoice,curated.users -> reports,YES,"8 5 * * 0,6",Tuberculosis,2022-07-09 02:31:21,122 days,31 days,2019-02-07 06:49:21,"{""type"": ""object"", ""properties"": {}}",no,date < '2024',region=2024-01,docker run,2020-04-13T11:10:17Z,false,INTEGER,created_at,PII encrypted at rest,[CONFIDENTIAL] Formula #951,UTF-8
ISO 8601,2018-03-26 07:05:52,MIT,,IPO readiness,failed,2024-11-23T21:20:16Z,tenant-031,RFC 3339,99.514% uptime,tenant-029,hr.employees,jessica.williams335,F = ma,PostgreSQL,rejected,type != '2024',1792.4725,2026-07-14T08:40:29Z,Q2 2024: $66M projected,CHECK (val > 0),EMP-18932,write,FL2547548,POSIX,"$4,761,049",The Persistence of Memory,Anderson,[INTERNAL] Q3 strategy review pending board approval,INS-480912,REST/JSON,batch-20200905-41,60116737,PV = nRT,01a569a7-b442-4da8-b97d-61d28731d27c,SELECT * FROM orders WHERE type = 'pending',"7 10 * * 0,6",Daily at 2am,43 0 * * 1-5,3.18.29,POSIX,+16417139145,crit=906,status,7 years,WTNP,1,9434367,delete,NOT NULL,"$6,868,648",GraphQL,source_col -> target_col,false,EMP18659,Tablet,HOLD-2024-336,e60528a198ee08d58d4898a7bbb553693d4763fb002bb0e592d5a2fbd07f81da,analytics.events,Married,false,C,batch_size=763,curated.orders -> analytics,26689,2022-07-30,20175.5,failed,7175,TEXT,Kafka,Market-based,status IN 'active',Anxiety,Competitor Alpine Systems launched VaultKeeper,ValueMax,raw.orders -> exports,false,"15 5 * * 0,6",COVID-19,2024-11-07 16:24:19,25 days,135 days,2019-09-14 05:03:24,CREATE TABLE t (id INT PRIMARY KEY),1,status > 'prod',dt=acme,docker run,2019-04-17 13:44:51,false,TIMESTAMP,created_at,PII encrypted at rest,[CONFIDENTIAL] Formula #739,UTF-16
RFC 3339,2022-06-16 07:58:37,CC BY 4.0,,IPO readiness,failed,2024-10-25 20:17:58,tenant-006,W3C Date,99.449% uptime,tenant-021,sales.orders,liam_clark596,E = mc²,SAP,pending,type != 'prod',8931.4303,2022-03-01 17:47:11,Q4 2024: $23M projected,NOT NULL,EMP-83436,read,IL9612021,W3C Date,"$8,568,589",The Persistence of Memory,Clark,[INTERNAL] Q2 strategy review pending board approval,INS-241196,gRPC/protobuf,batch-20240905-69,43441,F = ma,dfdd44d9-03fc-4de2-a9f5-853f43d0567c,SELECT * FROM products WHERE status = 'pending',26 15 * * *,Monthly on 1st,"41 7 * * 0,6",5.9.70,IEEE 754,(552) 797-8613,min=8963,id,indefinite,BG,1,REC-966700,delete,amount <= 10000,"$4,877,162",SOAP/XML,source_col -> output,true,EMP59041,Desktop,HOLD-2020-924,42e911d90c69d31251241b7533edc8b0e9e110b6c6f4f93bbcda70b7247e064b,hr.employees,Married,false,F,timeout_ms=277,curated.events -> analytics,61478,2023-06-20,29075.2,approved,0632,JSON,Workday,Cost-plus 25%,status IN 'prod',Migraine,Competitor Acme Corp launched VaultKeeper,TechBrand,raw.orders -> exports,YES,0 6 * * 1-5,Malaria,2020-08-05T11:34:17Z,309 days,71 days,2018-03-23T00:32:00Z,CREATE TABLE t (id INT PRIMARY KEY),1,date > 'prod',tenant=2024-01,docker run,2026-12-13T03:02:08Z,true,VARCHAR,amount,MFA required for admin,[CONFIDENTIAL] Formula #553,ASCII
POSIX,2023-01-20 19:00:57,CC BY 4.0,,Launch SaaS tier,cancelled,2019-08-25 03:57:37,tenant-027,IEEE 754,99.734% uptime,tenant-044,public.users,noah_young373,BMI = kg/m²,Kafka,pending,type = 'prod',2415.6214,2020-08-24T15:41:04Z,Q4 2024: $12M projected,UNIQUE,EMP-77036,rwx,GA6497123,ISO 8601,"$468,565",Water Lilies,Taylor,[INTERNAL] Q1 strategy review pending board approval,INS-505966,SOAP/XML,batch-20220702-24,601176978,F = ma,48ef696e-b624-4085-9107-fa5aa738fc2f,SELECT * FROM users WHERE id = 'active',"16 1 * * 0,6",Monthly on 1st,26 19 * * 1-5,5.2.67,IEEE 754,510 463 2845,min=3241,email,7 days,BMH,'',1351529,update,"status IN ('active','pending')","$3,154,086",SOAP/XML,field_a -> field_b,false,EMP97304,Wearable,HOLD-2025-536,c106f0e2a895a11d1371253425e0f4e45acc91f32aa6fddc6c4c4cdbc96eae73,hr.employees,Single,true,C,max_retries=678,curated.orders -> reports,88787,2020-06-22,20053.9,rejected,1550,JSON,SAP,Penetration,status != 'prod',Type 2 Diabetes,Competitor Skyline Partners launched DataSync 3000,TechBrand,staging.orders -> analytics,true,38 19 * * *,Malaria,2020-04-11T06:35:52Z,326 days,179 days,2022-02-24 12:53:41,CREATE TABLE t (id INT PRIMARY KEY),0,date < '2024',tenant=2024-01,POST /api/orders,2025-09-17 12:29:45,true,VARCHAR,name,MFA required for admin,[CONFIDENTIAL] Formula #732,Latin-1
POSIX,2023-04-11T17:55:00Z,GPL-3.0,2019-07-28T05:25:58Z,Expand APAC market,failed,2024-03-04 00:03:17,tenant-009,W3C Date,99.308% uptime,tenant-029,public.users,michaelanderson413,E = mc²,Snowflake,completed,type < 'prod',608.5036,2022-06-11T21:35:23Z,Q1 2027: $58M projected,UNIQUE,EMP-45848,write,MA4293101,W3C Date,"$2,576,587",The Scream,Brown,[INTERNAL] Q4 strategy review pending board approval,INS-354276,SOAP/XML,batch-20240307-78,475586,E = mc²,f79bafdb-743b-4ef1-b2eb-f1df24f7bb3d,SELECT * FROM products WHERE type = '1',"42 10 * * 0,6",Daily at 2am,30 21 * * *,3.20.63,POSIX,419-457-2304,crit=3165,email,indefinite,NI,'',4453225,insert,NOT NULL,"$4,362,539",gRPC/protobuf,input -> output,false,EMP56789,Wearable,HOLD-2022-814,ad73fd29db264c76d69938d1b3fe7a3729dd65c368520c00db53f98d264b19c3,public.users,Single,false,K,batch_size=45,curated.events -> reports,21097,2025-06-28,59831.0,pending,764,FLOAT,Snowflake,Market-based,status IN '2024',Depression,Competitor Vertex Technologies launched AuditTrail Plus,TechBrand,staging.users -> reports,YES,"52 14 * * 0,6",Malaria,2019-08-08T02:35:44Z,1 days,36 days,2026-11-15T14:55:43Z,"{""type"": ""object"", ""properties"": {}}",yes,type IN '2024',tenant=2024-01,POST /api/orders,2026-03-23T00:19:32Z,true,BOOLEAN,created_at,PII encrypted at rest,[CONFIDENTIAL] Formula #953,ASCII
IEEE 754,2021-04-16T00:22:59Z,GPL-3.0,,Expand APAC market,pending,2026-03-03 03:52:23,tenant-042,W3C Date,99.489% uptime,tenant-026,public.users,loganking953,A = πr²,Salesforce,pending,type > 'prod',6085.3873,2020-12-25T20:22:53Z,Q1 2025: $28M projected,NOT NULL,EMP-59517,write,FL8859134,ISO 8601,"$8,155,554",Water Lilies,Taylor,[INTERNAL] Q2 strategy review pending board approval,INS-996321,OpenAPI 3.0,batch-20260613-79,376780,BMI = kg/m²,2d96ff2c-b6e4-4b9a-88df-295c4f8ce717,SELECT * FROM products WHERE status = '1',"41 23 * * 0,6",Monthly on 1st,20 13 * * 1-5,2.10.62,RFC 3339,(747) 967-8525,min=5351,id,7 years,QW,CURRENT_TIMESTAMP,8497359,snapshot,"status IN ('active','pending')","$3,073,371",SOAP/XML,input -> field_b,false,EMP21555,Mobile,HOLD-2022-846,744b1ab9ebd56fec4eb44831b0acf81d0ba8c07ca8e5713bb22e17227d0073b4,analytics.events,Divorced,true,V,batch_size=900,staging.orders -> analytics,31662,2020-01-04,10967.5,approved,089,JSON,PostgreSQL,Value pricing,status IN 'prod',Migraine,Competitor Beacon Analytics launched NanoCore SDK,ValueMax,curated.orders -> reports,YES,46 15 * * *,Diabetes Mellitus,2022-01-12T08:36:37Z,334 days,350 days,2023-08-02T16:03:40Z,CREATE TABLE t (id INT PRIMARY KEY),0,status < 'active',tenant=acme,npm install,2020-11-21 06:03:34,false,TIMESTAMP,amount,MFA required for admin,[CONFIDENTIAL] Formula #379,UTF-8
