header,f_zk,softDeleteFlag,creditScore,SALARY_COMPENSATION,salary,field_xizx,var_xli,BILLING_ACCOUNT,magneticStripeData,meta_addr,revenue_sales_30,driver_s_license_number_field,p_qz,iban,p_nm,mimeType,revenue_sales_field,measprice,uhnrix91,kvz53,CURRENCY_NAME,insurance_id_val,val_675,dim_cryptocurrency_address,MAGNETIC_STRIPE_DATA,val_iso,col_vpdo,raw_investment_account,flow_rate_14,MODIFIED_BY,eventName,curname,price,cardVerificationValue,src_work_permit,dim_card_expiry_date,cryptocurrency_adr,meta_krf,p_571,fact_salary_compensation,paypal_account_val,routingNumber,p_count,salary_compensation_54,prescrip,f_697,lbzfln57,attr_txnam,cryptocurrency_address_info,MIME_TYPE,iso_currency_cd,cvv,qfs35,card_verification,billacct,moe16,credscore,qkhll5,sig,credit_history,rsu,iso_currency_code_field,raw_airport,transaction_amount_data,columnFieldName,fact_bank_identification_number,x_59,invoice_account,fraudScore,raw_category,var_pan,spih18,dim_tv,timestamp,bnk_identification_number,magstripe,salary_compensation_info,cardLastFour,src_currency_name,src_stock_rsu_grant,src_billing_account,transaction_amount,bank_identification_number_field,v_536,transactionAmount,regularExpression,attr_int,paypalAccount,col_809,investment_acc,insurance_claim,currency_nm,fmow62,c_glx,x_332,user_magnetic_stripe_data,bonus_variable_pay,f_oqbg,attr_paypa,industry_sector_val,elevation_altitude_val,col_billi,val_ioco,v_70,tags,attr_byrj,tenant_id,meta_krgt,currency_name_data,customer_boolean_enumeration,billing_account_val,stock_rsu_grant_data,distance,magnetic_stripe_data_30,hostname,bank_identification_number,pan,ROUTING_NUMBER,col_147,routnum,stock_rsu_grant,checksum,paypal,ykh84,market_value,col_per,magnetic_stripe_data_raw,currency_name
Quarterly Summary 2022,89956795,false,461,"$219,900","$130,427",2018-09-19T18:33:47Z,2091.72,BILL-173138,%B5230609787229784^CLARK/SUSAN^2906,"6492 Cedar Ln, Miami","$7,632,836",OH2757808,{{date}} - {{event}},51514035,max=2660,application/xml,"$3,063,240",3289.5,509 shares @ $51.23,0594,Swiss Franc,INS-101191,311373639,0xabadb73ad9ec3df3349ad97ea2215e6db87e01f8,%B9243022639116949^ANDERSON/JOHN^2406,GBP,"$53,535",INV-123092,778.36,harper.davis,Tech Forum 2026,Japanese Yen,6044.4,301,WP-MX-157050,12/29,0x423db48a8eeb5acf2e78dd89e76c999ef5e8a7c5,248,21768.80,"$216,113",william.lewis@outlook.com,086887010,1561,"$46,747",Albuterol 90mcg,1662473552,Parquet,87601.76,0xeae0f4ac5ef11f825f1f41d3c7bc8ff8bd45bedd,application/json,INR,719,4775 shares @ $134.35,7295,BILL-141031,380,489,lucas.johnson@yahoo.com,sig_d286956c888fd531,664,4395 shares @ $340.89,AUD,JFK,79466.85,email,601134563,robert_martinez,BILL-190415,16.8,Food,4397-0761-7437-6778,INS-980084,Euro,2019-05-13T00:54:18Z,59778,%B5822367919575619^MARTINEZ/LUCAS^2611,"$125,318",1551,British Pound,2976 shares @ $185.86,BILL-601516,"$53,758.45",60116226,%B9650995714484153^MILLER/LINDA^2701,129.22,[a-zA-Z0-9._%+-]+@[a-zA-Z0-9.-]+,[INTERNAL] Q1 strategy review pending board approval,susan.lee@outlook.com,"$5,530,131",INV-194820,CLM-195939,US Dollar,Software Engineer,INS-571416,SSH,%B7534472991200603^THOMPSON/MASON^2609,"$29,171",34.9,robert.jones@yahoo.com,Manufacturing,5273,BILL-763811,3195 shares @ $18.91,"$52,050","analytics, data, security, cloud",99.892% uptime,tenant-030,90ed4134fc2ae237d3158b0ebc7fee4c340611d735274d56e341b9c64423a02d,Euro,Inactive,BILL-579923,4509 shares @ $450.22,9586.0,%B5206455312306746^GARCIA/EMMA^3004,web-1.staging.acme.com,548706,XXXX-XXXX-XXXX-3523,076856695,JPY,584806534,1783 shares @ $356.12,9458162e61da4931d4959dd51536b51d7f2e8c99229893834d5b962de3b1bed0,david.walker@outlook.com,78.6,"$505,940,320",Exceeds expectations,%B7124480888137128^MOORE/MARY^3012,Japanese Yen
Annual Report 2023,014435435332,false,424,"$41,300","$129,584",2022-09-11 06:49:56,6078.86,BILL-739683,%B8335648435716739^WILLIAMS/HARPER^3006,"2266 Main St, Portland","$7,967,698",NC9114272,Order #{{id}},91787853,crit=7344,application/xml,"$3,675,481",3851.94,3492 shares @ $152.63,3096,Japanese Yen,INS-598130,398580539,0x3619b91bd9554cbea3c7996e2349d2a601ac3b4b,%B9881258092475974^ROBINSON/SOPHIA^2409,CHF,"$160,222",INV-665471,563.06,patricia.davis,Annual Expo 2024,US Dollar,9594.62,784,WP-AU-292729,08/30,0x17467a04be7d5b2a11e1dcca31103a673898233d,3371,37616.40,"$64,922",mary.anderson@gmail.com,935390949,88589,"$174,298",Metformin 500mg,380793483275,YAML,"$20,093.09",0x8c0a08334f306b07a203a00596703b49a9e1b921,application/xml,BRL,097,3934 shares @ $352.47,284,BILL-324227,372,473,mason.clark@outlook.com,sig_9cae140d265f6d2d,584,4114 shares @ $134.85,USD,ORD,"$12,274.97",name,58467,ethan_brown,BILL-735531,28.1,Hardware,4027-3290-5738-6919,INS-153035,British Pound,2025-01-27 21:22:29,601125412,%B4101539975061868^RODRIGUEZ/JESSICA^2803,"$224,299",3093,British Pound,4661 shares @ $418.73,BILL-711248,40844.38,601140210,%B1443954066586161^RODRIGUEZ/SOPHIA^2707,81434.52,[a-zA-Z0-9._%+-]+@[a-zA-Z0-9.-]+,[INTERNAL] Q4 strategy review pending board approval,lucas.brown@outlook.com,"$110,515",INV-596797,CLM-254092,British Pound,Designer,INS-693795,MQTT,%B1239811684028569^LEWIS/NOAH^2402,"$29,981",74.6,patricia.smith@gmail.com,Retail,1319,BILL-285858,4022 shares @ $287.19,"$243,157","data, monitoring, scalability, analytics",99.128% uptime,tenant-021,1c9017b2d59ea1f6d15ba0ff2aa92802b3ef53c6884325beafe87ae4c3367545,Euro,Active,BILL-718929,2582 shares @ $277.56,5805.8,%B8716016085950060^MILLER/AIDEN^2809,db-8.dev.example.net,581461,3704-4040-9286-1296,567433861,USD,889992237,1633 shares @ $411.88,adb2e08f1b3c79cf473d36c66d06a0104e80d062c648d5a5c16d26b333c5fcde,emma.jones@yahoo.com,48.6,"$878,824,097",Exceeds expectations,%B1946013175284462^WALKER/SARAH^2409,Euro
Executive Report 2023,416933909954,false,844,"$70,107","$53,708",2025-04-22T15:50:01Z,758.05,BILL-526627,%B0525988246320044^JACKSON/EMILY^2906,"3125 Park Blvd, New York","$7,229,167",NC1068809,Dear {{customer}},310105317648,max=5461,application/xml,"$5,380,513",3754.29,4637 shares @ $165.74,7913,Swiss Franc,INS-932874,109636941,0xbb1428fc164860e7eb8aff10cf4f7815aab59454,%B3000020853021847^LEWIS/RICHARD^2411,INR,"$110,283",INV-701113,273.32,sarah.young,Annual Conference 2024,British Pound,8349.82,0645,WP-BR-376360,05/27,0x7d02f392be75a89f2c35132f59f966836628c9b1,176,57419.84,"$167,657",susan.anderson@outlook.com,901412879,20130,"$136,101",Ibuprofen 200mg,28349725,Avro,"$77,264.14",0xd07bb7ffb3c4b46681bef1491665c9b0f58ebd2d,application/pdf,AUD,5135,1166 shares @ $337.58,9494,BILL-911990,686,552,anna.jackson@gmail.com,sig_70d71dcfe6a839fa,481,2248 shares @ $313.65,CNY,ORD,"$19,138.78",name,374798,olivia_jones,BILL-768241,12.4,Software,4733-3100-9474-3392,INS-740936,Japanese Yen,2018-09-24T13:48:57Z,60112383,%B0108210421326131^WILLIAMS/LOGAN^2703,"$224,603",7391,Swiss Franc,2954 shares @ $380.59,BILL-131360,66234.08,58837,%B6443636178605042^DAVIS/SUSAN^2511,50766.93,"\b\d{1,3}\.\d{1,3}\.\d{1,3}\.\d{1,3}\b",[INTERNAL] Q1 strategy review pending board approval,susan.lewis@gmail.com,"$8,599,612",INV-600884,CLM-901489,Euro,Data Analyst,INS-760910,SMTP,%B6217630701075109^MILLER/MICHAEL^2502,"$14,417",70.0,ethan.martin@outlook.com,Finance,870,BILL-941780,4556 shares @ $264.19,"$42,044","scalability, cloud, automation",99.47% uptime,tenant-044,d7b7bd3b249e7cb55d80442439806bfd233bd560e02220ef92006b0a0714aa83,Euro,Active,BILL-241337,3451 shares @ $141.92,3903.6,%B5079833607509758^KING/AIDEN^2809,app-9.dev.example.net,601128106,3752-8503-8625-0667,206797402,GBP,016619486,3629 shares @ $209.78,d65e54c376171dc3a9c13b6a0c298e222c79a71dad6643a95534d8ad8d7afc54,harper.williams@outlook.com,69.1,"$518,456,110",Exceeds expectations,%B6034228698503797^HARRIS/ANNA^2706,British Pound
Technical Summary 2026,27316719,false,396,"$69,395","$106,711",2022-07-12 09:38:24,7203.92,BILL-439993,%B7944420873862225^YOUNG/EMMA^2810,"5852 Pine Rd, Dallas","$2,189,847",NY5430147,Order #{{id}},491273359813,crit=3998,application/xml,"$7,980,640",5608.34,4156 shares @ $79.96,3186,Japanese Yen,INS-201476,954234099,0x0ae11d88b2418ca9fbbbb40a3f16c75942d69e40,%B4151561454848554^KING/MASON^2805,GBP,"$46,283",INV-114888,275.53,patricia.brown,Global Expo 2025,Japanese Yen,124.65,656,WP-JP-669846,06/26,0x6bf21c68b2c564d10681cdadf957211348d7efbc,951,73940.79,"$241,315",michael.davis@outlook.com,582311884,85223,"$50,680",Albuterol 90mcg,7659090992,YAML,"$56,172.61",0xf10cc38dd405dcedf78ffdc7ff6d2c4f67cb8d8c,application/xml,CNY,2619,305 shares @ $385.83,908,BILL-790551,774,476,patricia.robinson@yahoo.com,sig_c1c630cd22436759,410,981 shares @ $289.24,AUD,NRT,6340.78,id,57274,lucas_young,BILL-949595,26.1,Hardware,3747-0251-2604-6253,INS-417912,Euro,2021-07-20T01:31:06Z,47762,%B7286508646503175^THOMPSON/JAMES^2812,"$123,623",3240,British Pound,4854 shares @ $269.62,BILL-637423,"$69,735.93",55675,%B0483939383765466^ROBINSON/OLIVER^2811,78603.22,^[A-Z]{2}\d{6}$,[INTERNAL] Q4 strategy review pending board approval,linda.walker@outlook.com,"$4,788,180",INV-253832,CLM-164751,Japanese Yen,Designer,INS-360604,HTTP,%B6714199845960307^JACKSON/OLIVIA^2503,"$40,643",5.1,lucas.johnson@gmail.com,Manufacturing,1390,BILL-562807,3597 shares @ $131.05,"$56,633","performance, automation, analytics",99.657% uptime,tenant-038,56b0b5c29026c3d7b273c37a59de0b9b88d90349955541ad280fcfbc5e65dbe7,US Dollar,Active,BILL-365931,3840 shares @ $242.28,6111.1,%B8972886277302518^TAYLOR/JOHN^2911,web-16.dev.acme.com,58598,4591-2900-3174-5477,975025276,CAD,777936967,2787 shares @ $381.58,c3323f28a7d5732ebd4ae1567911df07bd86c2f51150526af60fc07e23a298f7,david.young@gmail.com,51.9,"$112,310,642",Needs improvement,%B0733727356697073^JOHNSON/MICHAEL^2808,British Pound
Annual Review 2022,566287954266,false,705,"$182,237","$230,413",2019-02-14 16:59:44,9948.03,BILL-163264,%B6339544291959470^LEE/JAMES^2803,"9688 Main St, San Francisco","$4,368,022",OH3081545,{{date}} - {{event}},8336986135,crit=242,text/html,"$283,389",1803.0,2883 shares @ $482.77,6945,Swiss Franc,INS-280107,089727009,0x232bcca8b3b0e2d562124ace0a724329210c2dca,%B6009391907981672^MOORE/OLIVIA^2705,GBP,"$125,218",INV-390956,506.7,mason.thompson,Global Forum 2023,US Dollar,6116.99,701,WP-BR-347278,06/29,0x998608a13dfff68400a60a7d12852597389bf59b,4271,78533.60,"$203,616",william.brown@gmail.com,976275198,26709,"$226,362",Metformin 500mg,0187654549,XML,42762.77,0x3d013434a0d667e7a50160a235c5c1b1161a78aa,application/json,GBP,309,2402 shares @ $497.55,8722,BILL-545911,356,811,olivia.martin@yahoo.com,sig_5395a1b51897523d,427,1951 shares @ $426.76,USD,LHR,52693.44,type,451241,sarah_taylor,BILL-176289,63.0,Software,3777-9966-0788-7788,INS-202650,Swiss Franc,2023-04-21 20:14:45,55120,%B5278659252025103^WRIGHT/JAMES^3012,"$101,587",7745,Euro,928 shares @ $420.37,BILL-711044,66156.46,60118456,%B9987190737300252^SMITH/JAMES^2910,48062.20,^\d{3}-\d{2}-\d{4}$,[INTERNAL] Q4 strategy review pending board approval,patricia.martin@yahoo.com,"$771,934",INV-614245,CLM-344750,Japanese Yen,VP Engineering,INS-203596,WebSocket,%B5050776056081983^SMITH/PATRICIA^2909,"$10,639",22.6,harper.miller@gmail.com,Healthcare,8358,BILL-866494,1045 shares @ $120.6,"$197,848","monitoring, analytics, cloud",99.975% uptime,tenant-012,9e45159481c36ecdfcc1d573c0c8fd1de4de06c40c8bf86050ddc572b94c1420,British Pound,Active,BILL-367888,312 shares @ $60.57,6911.4,%B0379652996363312^RODRIGUEZ/RICHARD^3008,db-13.staging.acme.com,59041,5885-1739-6046-0946,119938018,BRL,104649794,3275 shares @ $311.93,85066c132af26247d1368c97531f5ef06ae1601375a6151f3f61eb67780cf385,oliver.martinez@outlook.com,75.2,"$557,600,766",Exceeds expectations,%B6323686097549639^JOHNSON/WILLIAM^2402,Swiss Franc
Annual Analysis 2024,4521947563,false,735,"$138,386","$61,907",2025-01-03 12:25:33,3474.52,BILL-684780,%B0940146962898045^GARCIA/AMY^2701,"1052 Park Blvd, Sydney","$5,711,717",GA2618447,{{date}} - {{event}},191088863984,min=8342,text/csv,"$6,925,270",314.15,894 shares @ $32.63,9472,Euro,INS-851986,500577834,0xeb46f36c99955befd44152fa914f013899a15e28,%B7988371797703742^WRIGHT/LINDA^2601,INR,"$209,887",INV-722751,706.63,patricia.lewis,Annual Summit 2024,US Dollar,1870.78,5029,WP-CA-313330,02/29,0x2fbff467657ad611e3578d8ff14268acb8849736,691,4506.63,"$177,714",logan.rodriguez@gmail.com,582229315,95023,"$205,574",Omeprazole 20mg,3944077406,JSON,31052.80,0x1cbef89dfca1e6751eead456f6536b897f0a0bb9,text/html,CAD,362,2426 shares @ $357.05,7011,BILL-825299,804,705,sophia.johnson@outlook.com,sig_437f86af8c3d5e11,459,2102 shares @ $291.25,INR,NRT,"$5,423.40",amount,554613,patricia_rodriguez,BILL-412326,85.8,Software,4572-5607-1379-9474,INS-819397,US Dollar,2025-10-05T09:01:02Z,3753402,%B4139518205795391^BROWN/DAVID^3008,"$54,334",1776,US Dollar,2350 shares @ $478.02,BILL-634766,"$53,950.06",60112091,%B5238669072740116^JOHNSON/LUCAS^2903,27139.80,^\d{3}-\d{2}-\d{4}$,[INTERNAL] Q2 strategy review pending board approval,david.lee@gmail.com,"$3,047,244",INV-989687,CLM-890962,Swiss Franc,CTO,INS-857376,HTTPS,%B5591603056921659^WHITE/AMY^2801,"$12,712",83.1,william.thompson@yahoo.com,Technology,19,BILL-334466,3662 shares @ $255.21,"$239,747","reporting, monitoring, cloud, data, integration",99.049% uptime,tenant-048,d41a1f461149a79fdf82ba4a4411979a8a58573338c24d9ca25cdf42b0b48c86,US Dollar,Enabled,BILL-912586,4801 shares @ $373.53,9250.6,%B0748579971265759^THOMAS/DAVID^3001,app-20.staging.acme.com,499078,XXXX-XXXX-XXXX-3013,857352693,INR,772611018,530 shares @ $101.17,0d2fef0114c5de935719522f23a055642c8c2b714dd169b47c5e66ec7cc5e806,elizabeth.martin@yahoo.com,5.6,"$856,650,117",Needs improvement,%B4074765014694181^MILLER/AIDEN^3001,Swiss Franc
Annual Review 2026,4658798962,false,581,"$125,139","$150,294",2022-07-13T20:35:44Z,5497.15,BILL-953821,%B0219055143412057^JACKSON/SARAH^2811,"8938 Park Blvd, Seattle","$3,163,184",MA5192692,Order #{{id}},758968715299,warn=8916,text/html,"$738,984",2266.59,3979 shares @ $460.39,2366,Japanese Yen,INS-771917,570875361,0x992a121c2fc9f203ec960d0a156eabe5dbbaabbe,%B7405887070904749^JONES/JESSICA^2702,AUD,"$149,810",INV-507452,462.26,elizabeth.jackson,Tech Conference 2020,US Dollar,3455.57,1752,WP-US-346672,12/29,0x5d20f116ff832849aae50323b7911c8522023fcc,511,49262.47,"$65,967",susan.robinson@yahoo.com,774765409,67749,"$60,192",Albuterol 90mcg,21558415,XML,"$87,518.86",0x3d17786ed0856f7b0b29eb7682dcf269a9d6f670,image/png,GBP,585,4015 shares @ $358.97,9907,BILL-190512,319,461,logan.king@outlook.com,sig_d543a3870d2079e9,812,1573 shares @ $101.67,CHF,LHR,"$6,283.57",type,58287,aiden_martinez,BILL-337544,85.3,Hardware,3734-1841-7444-5728,INS-397360,British Pound,2018-03-03 21:29:57,60111821,%B2404603668006071^WHITE/MICHAEL^3006,"$174,725",3817,US Dollar,2314 shares @ $394.92,BILL-650945,87731.65,601119095,%B1490480329090231^RODRIGUEZ/RICHARD^2601,"$10,128.83","\b\d{1,3}\.\d{1,3}\.\d{1,3}\.\d{1,3}\b",[INTERNAL] Q1 strategy review pending board approval,liam.young@gmail.com,"$9,023,404",INV-322195,CLM-460679,British Pound,Sales Rep,INS-493957,HTTP,%B8834233724183236^MOORE/AIDEN^2802,"$32,815",21.4,william.martinez@outlook.com,Technology,3215,BILL-243470,3990 shares @ $310.72,"$245,249","monitoring, security, integration, scalability, reporting",99.604% uptime,tenant-022,a9b39c40b1037c90eb0191b1a76ff7d9294b1b98f4b2ab43cbaa4ece7180a21e,Euro,Inactive,BILL-165701,3811 shares @ $477.32,4441.6,%B0126009132422991^ANDERSON/JOHN^2708,web-12.staging.example.net,574378,5178-7609-7857-9688,824052876,GBP,555923307,1258 shares @ $417.67,d55d680a905356a05771a8a817d44e4b081761423b896d16625d41fbba334832,richard.jones@outlook.com,46.3,"$596,505,154",Exceeds expectations,%B1066230083639083^WRIGHT/AMY^3005,Japanese Yen
Quarterly Review 2022,10956064,false,553,"$42,328","$86,072",2019-07-06 21:23:10,3227.1,BILL-526170,%B6051391695534289^ROBINSON/AMY^2909,"7931 Main St, Boston","$6,709,680",WA2023242,{{date}} - {{event}},552823914239,crit=4425,application/pdf,"$990,968",8326.71,3744 shares @ $351.73,7596,Japanese Yen,INS-602151,722871488,0xc759d871e1af4b3bad86848d3901870a8a13ca45,%B4645989057703264^ROBINSON/AIDEN^2910,CHF,"$166,763",INV-485786,372.76,elizabeth.thomas,Global Conference 2025,US Dollar,3134.46,9201,WP-DE-522989,12/30,0xcd0fb7edcaedc287ccb67474e87df601d3d17598,736,61651.76,"$165,237",amy.white@outlook.com,463369052,33651,"$91,835",Albuterol 90mcg,780474018537,JSON,"$43,049.79",0x9326a703fb062868bbae1420ee1d1f018b7f8e09,application/xml,EUR,392,1902 shares @ $244.72,764,BILL-146641,446,679,harper.thomas@gmail.com,sig_70df7e0dffa1f107,525,3295 shares @ $52.75,AUD,LAX,38256.31,created_at,601151238,william_williams,BILL-836003,40.4,Food,4865-9495-7954-8729,INS-273687,Swiss Franc,2023-07-18T23:10:56Z,563343,%B5265467999264924^MARTIN/MARY^2603,"$241,691",7544,Japanese Yen,2948 shares @ $82.83,BILL-765507,15739.17,375162,%B8734365337857570^LEWIS/AIDEN^2511,5093.93,"\b\d{1,3}\.\d{1,3}\.\d{1,3}\.\d{1,3}\b",[INTERNAL] Q1 strategy review pending board approval,lucas.jones@gmail.com,"$2,378,259",INV-128794,CLM-279633,Japanese Yen,CTO,INS-546917,gRPC,%B5223539261986742^MARTIN/DAVID^2404,"$2,373",72.4,linda.robinson@outlook.com,Energy,4378,BILL-467119,4063 shares @ $488.66,"$71,304","reporting, performance, automation",99.26% uptime,tenant-013,863cc98261cdb0bcc47955599c9ba1e93b6fd45087eed651a1bade0211fd1a0a,British Pound,Enabled,BILL-757524,1839 shares @ $231.9,4267.8,%B0791361000184964^THOMAS/HARPER^2602,web-5.prod.example.net,601114816,4562-3745-0280-9155,604072047,CNY,806151503,386 shares @ $394.37,95a22004d278b403e3e3180b0d7b862a359e8e55c5d2d821d185368dd2dc64d8,michael.williams@gmail.com,28.8,"$153,179,810",Meets expectations,%B9253498580017288^YOUNG/LIAM^2811,Euro
Technical Review 2026,08187988,false,351,"$59,362","$124,076",2018-04-13T16:05:01Z,6049.07,BILL-735139,%B1027958515955043^BROWN/MICHAEL^2403,"7373 Cedar Ln, Portland","$6,411,882",WA2274261,Order #{{id}},2537721039,max=2678,text/html,"$9,280,771",779.35,4741 shares @ $124.23,4141,British Pound,INS-375568,131293054,0x6907bb027cf70a9d621ce28e0028e078a625627f,%B5941782165202636^KING/OLIVIA^2909,INR,"$123,402",INV-814731,63.18,ethan.williams,Global Forum 2025,US Dollar,5791.19,3792,WP-MX-745854,04/29,0x7bbd9cf6f98a040be0ef408eb927ef2d6f2dcb7b,303,"$87,343.47","$95,619",patricia.smith@outlook.com,905220787,47930,"$201,103",Ibuprofen 200mg,382689167109,Parquet,"$14,191.94",0x88a62f80aff5c177538a9bfef5ec07db54f28d22,text/csv,BRL,339,1875 shares @ $306.87,9768,BILL-317453,604,758,linda.johnson@gmail.com,sig_10b7c103e1da08e2,419,2695 shares @ $248.73,JPY,JFK,"$76,284.72",amount,3757233,mason_martinez,BILL-324153,96.3,Electronics,XXXX-XXXX-XXXX-3067,INS-390629,Swiss Franc,2020-06-07T01:42:04Z,521731,%B4898702308044857^WRIGHT/HARPER^2408,"$167,587",3240,Swiss Franc,1034 shares @ $106.67,BILL-511099,26530.22,3703347,%B8459409478092337^JOHNSON/SOPHIA^2701,14068.61,^[A-Z]{2}\d{6}$,[INTERNAL] Q2 strategy review pending board approval,mary.taylor@outlook.com,"$7,448,876",INV-580834,CLM-410204,US Dollar,Software Engineer,INS-201800,HTTPS,%B4740255287236135^LEE/HARPER^2611,"$27,356",56.0,robert.rodriguez@yahoo.com,Retail,4211,BILL-274179,4974 shares @ $474.07,"$184,105","performance, reporting, cloud, monitoring, automation",99.008% uptime,tenant-017,42c41dac51f4a4e2f83ba393b207d259a0320b3b7b23d6ca9dffa075295e212b,US Dollar,Active,BILL-180599,2654 shares @ $373.77,8512.2,%B1436414513228107^HARRIS/MICHAEL^2706,cache-2.prod.acme.com,534360,XXXX-XXXX-XXXX-8284,834709298,BRL,137017276,2326 shares @ $332.91,a825edee6d5813d5d1e0b12ee09ae4fd2c675449691e5483aa724f793ec28f34,robert.miller@outlook.com,67.1,"$81,660,223",Exceeds expectations,%B1370216800196736^WALKER/SOPHIA^2609,Euro
Annual Analysis 2021,37488937,false,701,"$92,708","$175,773",2025-05-15 13:00:06,1159.5,BILL-381240,%B0710204117045813^TAYLOR/AIDEN^2811,"8534 Maple Dr, Houston","$3,043,140",WA8639830,Order #{{id}},1904415034,warn=6968,application/xml,"$6,283,089",480.37,3014 shares @ $262.03,0707,Japanese Yen,INS-354215,781034988,0x8a5169fe3dc629f26b050ca75d0ac073501e00f8,%B0879301339960861^HARRIS/NOAH^2512,BRL,"$136,841",INV-814038,23.18,jessica.jones,Global Expo 2022,British Pound,6050.41,4814,WP-CA-850700,10/26,0xe2ee78a84b43fa6c10f0d07c59b37839dad95a0f,270,31821.26,"$90,396",john.thompson@yahoo.com,543659576,99102,"$100,014",Metformin 500mg,47983929,YAML,"$35,066.50",0xb8722785d5cf29663dd716167c65fbcf2332f024,application/json,GBP,2698,3329 shares @ $238.64,5215,BILL-611056,743,794,mary.martin@outlook.com,sig_1fd0da57d4e2bced,692,839 shares @ $385.97,AUD,CDG,58181.32,status,3789935,noah_lewis,BILL-171133,72.1,Hardware,6011-5748-0883-1564,INS-477706,Euro,2021-07-17T04:09:26Z,54197,%B7043892815110828^ROBINSON/LINDA^3008,"$45,325",2847,British Pound,3104 shares @ $130.18,BILL-525650,"$46,621.58",49020,%B7725043136609640^MARTIN/RICHARD^2403,"$71,961.50",[a-zA-Z0-9._%+-]+@[a-zA-Z0-9.-]+,[INTERNAL] Q3 strategy review pending board approval,patricia.robinson@yahoo.com,"$2,385,754",INV-188769,CLM-441326,British Pound,Product Manager,INS-931341,WebSocket,%B8281927609963169^SMITH/ANNA^2808,"$48,571",79.0,aiden.young@yahoo.com,Healthcare,4493,BILL-837655,4011 shares @ $347.02,"$152,859","cloud, monitoring, security, performance, integration",99.984% uptime,tenant-015,472ec4fb6e6d6ef782df730823401fe7a389598efe69ae3f50f93083182c6fab,US Dollar,Disabled,BILL-422902,4239 shares @ $379.18,5040.5,%B4067223446449585^BROWN/EMMA^2708,db-6.prod.acme.com,60119073,4560-4754-1140-3658,663028804,AUD,316967742,4124 shares @ $60.22,22f6e8b0934f8dd80b027532c00956c5a8258d9f0f2d1369ebbbc9c1ca9b8fd0,elizabeth.anderson@gmail.com,79.8,"$498,204,943",Needs improvement,%B9413922782085672^JOHNSON/PATRICIA^2403,Euro
Quarterly Analysis 2025,27094580,true,312,"$225,971","$176,472",2021-10-18 09:02:59,1611.39,BILL-888502,%B3784454641341856^ROBINSON/JESSICA^2602,"8412 Park Blvd, Seattle","$3,509,755",OH7484102,Dear {{customer}},67517770,max=6871,image/png,"$3,202,498",738.57,1556 shares @ $298.72,1708,Euro,INS-403228,659010641,0x0c079e45fca80c66f6c5f87fe932a1c507206ccd,%B9694355848252019^ANDERSON/LOGAN^2506,GBP,"$188,168",INV-721356,515.51,john.walker,Annual Summit 2026,British Pound,9486.37,7306,WP-JP-136998,01/25,0xdc12f4cb50c3a93062d3823b6fc9953ea14af523,0304,"$60,899.59","$58,164",elizabeth.robinson@yahoo.com,236087249,11640,"$188,492",Metformin 500mg,73282930,JSON,"$10,415.33",0x55e8942cead19e863d3d44f1a42adf035a40a2e3,application/xml,GBP,3130,2991 shares @ $421.8,2718,BILL-260589,832,823,emma.anderson@outlook.com,sig_908218b544951743,323,1932 shares @ $333.26,JPY,NRT,"$25,303.51",created_at,375887,aiden_clark,BILL-431784,14.9,Software,3759-8685-3988-3075,INS-295661,Japanese Yen,2024-07-25 23:30:07,442226,%B0733111781002280^WILLIAMS/ETHAN^2402,"$75,530",9563,Japanese Yen,3804 shares @ $474.27,BILL-622003,574.80,523793,%B1653534553344337^THOMPSON/JOHN^2709,"$90,958.21","\b\d{1,3}\.\d{1,3}\.\d{1,3}\.\d{1,3}\b",[INTERNAL] Q1 strategy review pending board approval,jennifer.robinson@yahoo.com,"$1,488,967",INV-637074,CLM-492434,Swiss Franc,Product Manager,INS-388114,SMTP,%B0888804681068041^HARRIS/JOHN^2904,"$46,948",45.9,logan.harris@gmail.com,Education,2489,BILL-377677,648 shares @ $86.09,"$55,719","compliance, reporting, automation, monitoring",99.967% uptime,tenant-029,78d6303219c8fd611466a1e39bb8b6ffcb43820e9aba677de98c120ea2e25593,Euro,Enabled,BILL-472428,4772 shares @ $329.29,9820.4,%B9155532243134227^MILLER/JOHN^2401,db-19.prod.acme.com,377267,4993-4508-3338-0179,104359565,INR,499295982,1817 shares @ $47.73,091ad735aed269cea5d03d81e92a525db6a7405261734665ca59a87727fe5845,susan.smith@gmail.com,60.6,"$819,548,259",Meets expectations,%B8492419854705043^GARCIA/ELIZABETH^3003,British Pound
Annual Review 2023,58242569,false,734,"$130,753","$131,031",2021-07-03 19:17:34,3052.55,BILL-337232,%B9583260674355985^JACKSON/LIAM^2812,"2318 Maple Dr, Seattle","$6,550,396",GA3757523,{{date}} - {{event}},88750287,warn=7802,text/csv,"$9,119,101",9364.81,744 shares @ $217.56,3109,Japanese Yen,INS-976571,096587530,0x845c24d699e6f38e47c0f37f6f0d71f172db2af0,%B2901725667454472^JOHNSON/JAMES^2403,AUD,"$179,767",INV-575423,792.08,jennifer.lewis,Tech Forum 2022,Euro,9718.39,7097,WP-AU-845540,03/25,0xebbb9ed9a31e952ab87924d6008ce41cdf2b1ce4,8087,92530.04,"$186,571",robert.walker@gmail.com,362401518,76733,"$227,941",Metformin 500mg,7103335908,XML,"$60,773.93",0xaa8706d389fcbd04dde1e0553f52b27288798f61,image/png,EUR,419,270 shares @ $97.36,5722,BILL-945799,615,659,william.wright@yahoo.com,sig_bd66a565948f75af,393,2385 shares @ $281.19,JPY,JFK,35898.52,amount,3797331,john_rodriguez,BILL-722599,66.6,Services,XXXX-XXXX-XXXX-0407,INS-924590,Euro,2018-12-20T15:24:02Z,479625,%B9155719643046514^SMITH/RICHARD^2402,"$122,143",2901,Japanese Yen,3417 shares @ $323.08,BILL-592065,"$82,251.45",60114454,%B2917302548118796^RODRIGUEZ/JENNIFER^2810,9344.49,^\d{3}-\d{2}-\d{4}$,[INTERNAL] Q2 strategy review pending board approval,logan.moore@gmail.com,"$1,770,833",INV-671118,CLM-650063,Swiss Franc,VP Engineering,INS-316498,gRPC,%B5821018027175347^LEE/JAMES^2602,"$4,743",28.8,sophia.white@outlook.com,Finance,6241,BILL-520404,1528 shares @ $497.95,"$120,401","cloud, integration, reporting",99.455% uptime,tenant-030,707f1d3c108021e9f3f26b1a1816c798ef2e8da9f9e761dcb8495bb6b9132899,Euro,Disabled,BILL-681731,3726 shares @ $294.31,2125.4,%B9888315430924147^WRIGHT/MARY^2410,api-13.dev.acme.com,372883,5503-9159-6582-1359,170459455,CAD,003264322,3829 shares @ $310.27,a98ea5c85744f2bbb2a23c666cda43b35e97b2011789ac614ca846c704854c5a,oliver.thomas@outlook.com,66.9,"$641,096,045",Outstanding,%B6249654533278177^WRIGHT/ROBERT^2505,US Dollar
Annual Review 2024,98579336,false,701,"$55,204","$111,735",2020-04-28T11:53:37Z,9545.99,BILL-469222,%B8797214239693792^WRIGHT/OLIVER^2501,"7071 Oak Ave, Houston","$8,349,680",NC8150229,Hello {{name}},4571725174,max=174,application/json,"$8,338,368",713.99,3183 shares @ $464.73,2065,Euro,INS-601927,115985673,0x2903402c3f3a0fbddcc226672d0721b355ff79e0,%B8340260386903549^CLARK/OLIVER^2411,CHF,"$150,170",INV-651104,993.16,oliver.martin,Global Summit 2022,Euro,858.82,2622,WP-US-401912,07/28,0x6c36fa9372a196d30d5564d080bb67d035b60f25,537,53926.61,"$183,627",jessica.davis@outlook.com,131801775,94255,"$75,041",Omeprazole 20mg,55594653,CSV,"$70,559.97",0x98a61477b31c20b63ec0e65615c58fd9c712751d,application/xml,USD,374,3276 shares @ $39.23,0060,BILL-349364,787,683,mary.miller@yahoo.com,sig_56a8b08cf4bfe317,406,865 shares @ $122.14,CNY,NRT,8819.00,name,542342,michael_martin,BILL-880902,51.1,Clothing,4875-6385-7408-2411,INS-984358,Swiss Franc,2022-01-10 04:09:37,58505,%B7750158652690431^WRIGHT/JAMES^2511,"$121,117",3581,Japanese Yen,4047 shares @ $45.37,BILL-195814,12084.52,3720119,%B8110892037242300^SMITH/MICHAEL^2710,64136.51,"\b\d{1,3}\.\d{1,3}\.\d{1,3}\.\d{1,3}\b",[INTERNAL] Q1 strategy review pending board approval,jessica.robinson@outlook.com,"$6,248,951",INV-977592,CLM-593165,Japanese Yen,Software Engineer,INS-643688,HTTP,%B5438978530989606^RODRIGUEZ/LOGAN^2802,"$23,133",22.1,michael.miller@yahoo.com,Education,8441,BILL-845190,4080 shares @ $299.45,"$100,531","automation, cloud, integration, analytics",99.552% uptime,tenant-021,21c97de70f68e5a03a052102c2443cbf370c592f46f80799ef677abcf1528ef3,Japanese Yen,Disabled,BILL-978015,4701 shares @ $465.4,9760.9,%B1717538247555384^WILLIAMS/PATRICIA^2506,cache-10.dev.acme.com,58984,XXXX-XXXX-XXXX-5241,925799132,BRL,835031198,2148 shares @ $325.93,b2a56d764db669c5f475bcc48d44635be1fe836ba4f23a4299bf2f666c4f4371,emily.miller@outlook.com,84.0,"$577,438,843",Needs improvement,%B9029171957933269^KING/AIDEN^2806,Japanese Yen
Executive Summary 2023,05196638,false,682,"$83,843","$188,526",2024-03-19T09:31:44Z,962.77,BILL-701645,%B4016831116227452^LEWIS/HARPER^2603,"4141 Oak Ave, Houston","$4,388,845",PA7613275,Order #{{id}},8827733313,max=7109,application/xml,"$9,865,392",7799.05,2493 shares @ $318.06,7437,British Pound,INS-873425,898804103,0xcbee099702bdb5acd9b1339c5f824a97ab5448e0,%B4037485154999897^HARRIS/EMILY^2906,CAD,"$172,036",INV-911568,101.06,jessica.robinson,Annual Summit 2022,Euro,4964.31,678,WP-IN-403897,04/27,0xd72c52ec0b07fa8ff0fae1ab80abf509a572b59a,618,"$92,707.67","$132,350",patricia.martin@outlook.com,436805791,95687,"$150,266",Metformin 500mg,3921245536,YAML,"$60,928.48",0xb02dec0e1901de534e492f3315b0805f1e1448f6,application/pdf,BRL,401,3549 shares @ $249.77,273,BILL-409633,412,474,elizabeth.anderson@yahoo.com,sig_fd0ab27dfd53a3de,619,3984 shares @ $409.43,CHF,SFO,"$96,711.08",amount,375602,susan_white,BILL-409653,25.8,Food,5610-7750-0805-0047,INS-881462,British Pound,2019-08-05T20:49:51Z,421059,%B3176245274504350^SMITH/ROBERT^3011,"$228,957",0780,Swiss Franc,1264 shares @ $231.5,BILL-357721,"$27,849.06",3724889,%B3148166693348395^WILLIAMS/AMY^2702,"$76,431.10",[a-zA-Z0-9._%+-]+@[a-zA-Z0-9.-]+,[INTERNAL] Q3 strategy review pending board approval,emma.anderson@yahoo.com,"$8,455,752",INV-678557,CLM-703023,British Pound,Sales Rep,INS-848505,gRPC,%B9023247552665842^JONES/MICHAEL^3001,"$13,678",9.9,john.harris@gmail.com,Energy,3091,BILL-590148,4453 shares @ $413.42,"$110,206","automation, scalability, reporting, data",99.986% uptime,tenant-020,26bc1ee37b19ea33df5ea9873398e2956c3df0dcac804b75095cce8e44275e09,Japanese Yen,Enabled,BILL-963454,1912 shares @ $166.1,7875.6,%B0225847829440680^ANDERSON/EMMA^2805,api-12.staging.acme.com,42837,XXXX-XXXX-XXXX-2175,692999540,BRL,598616857,4519 shares @ $154.0,3be4341a33106ef71586b47b7c9ddcb3c442a7e9e47132b32864c24c8ae4b81c,richard.thomas@outlook.com,64.0,"$486,293,342",Needs improvement,%B3849543773161458^LEE/AMY^2504,Euro
Technical Report 2026,003528463931,false,846,"$47,096","$202,087",2023-10-27 19:39:44,3792.14,BILL-367524,%B0891465348262401^KING/LINDA^2912,"679 Park Blvd, Dallas","$7,697,270",IL5892221,Order #{{id}},09748876,min=9646,text/csv,"$3,611,916",1137.88,1517 shares @ $39.09,1617,British Pound,INS-353446,533501008,0x78533bba506e13072bbf4557b63317db6bed4376,%B3645339563386913^WRIGHT/HARPER^3011,EUR,"$197,624",INV-623186,872.52,emma.lewis,Global Summit 2025,US Dollar,2390.66,031,WP-AU-907936,04/26,0x90e824c580533ea054b4a86ffa6c372529a7f733,9237,"$70,147.86","$115,432",sarah.brown@outlook.com,138641346,51423,"$97,178",Ibuprofen 200mg,86378349,XML,"$29,657.33",0x937eeff90f9043311fbd740bb0e746760da8fa90,text/html,CNY,177,767 shares @ $311.95,2424,BILL-300218,424,751,harper.williams@outlook.com,sig_0d92c8e1cd652909,554,4811 shares @ $272.1,JPY,LHR,"$30,850.81",amount,601187936,sarah_taylor,BILL-559846,55.3,Software,3703-2871-4068-4056,INS-448903,Swiss Franc,2019-11-05T04:11:23Z,48590,%B1723808246053965^KING/EMMA^2706,"$178,391",2470,British Pound,4807 shares @ $239.13,BILL-476348,"$71,411.44",584125,%B9658009745436557^ANDERSON/OLIVIA^2710,73903.32,[a-zA-Z0-9._%+-]+@[a-zA-Z0-9.-]+,[INTERNAL] Q4 strategy review pending board approval,mason.white@yahoo.com,"$5,788,052",INV-423463,CLM-445549,Euro,Product Manager,INS-683805,MQTT,%B4166332966367999^MILLER/JENNIFER^2508,"$24,189",47.8,emma.walker@outlook.com,Education,34,BILL-694049,2088 shares @ $265.74,"$128,298","scalability, cloud, compliance, data, monitoring",99.87% uptime,tenant-014,425c40c3345282d4cbea1680c5df5edba1f55bde7fe56f357794f58b795cfe43,British Pound,Inactive,BILL-725685,1785 shares @ $228.64,5141.1,%B3082988257616539^CLARK/DAVID^2910,web-5.staging.example.net,377232,6011-0031-6745-1549,918676776,CHF,920213559,1558 shares @ $366.99,5d1b9dfa644d1df76d7bdd2a4417d18ee05290c8c80739940df43876f028f34f,logan.king@gmail.com,44.8,"$972,443,008",Outstanding,%B4575137816839020^MARTINEZ/SARAH^2705,Japanese Yen
Quarterly Summary 2025,55755398,false,320,"$186,155","$203,529",2018-09-14 11:43:09,6210.63,BILL-224917,%B4560165757262715^LEWIS/DAVID^2607,"4985 Pine Rd, Seattle","$7,921,362",IL1026709,Hello {{name}},369975442519,max=940,application/json,"$2,916,657",1612.59,285 shares @ $435.2,0409,Swiss Franc,INS-233160,697508814,0x79c5c9a1077f19f8ad4f02ff5e3e047579a39a53,%B7569733244141400^DAVIS/OLIVER^2508,CHF,"$128,923",INV-568448,163.85,olivia.thomas,Data Conference 2024,US Dollar,4806.09,3715,WP-US-371764,03/24,0xf025789822db23fc14815ab740d0813aaca7d153,9140,"$90,932.53","$69,061",michael.garcia@yahoo.com,632237000,11502,"$227,666",Albuterol 90mcg,19760664,Parquet,"$33,963.37",0xc52fcc92f27ef2352c3d6531bcc62a48146268dc,application/json,CAD,9659,183 shares @ $32.28,3495,BILL-934415,469,787,ethan.jones@gmail.com,sig_29755f1f87de4ebf,609,4736 shares @ $384.59,JPY,NRT,21297.96,email,443225,olivia_clark,BILL-658210,45.7,Software,XXXX-XXXX-XXXX-8484,INS-586826,British Pound,2020-01-14 17:02:23,60116868,%B6238714958190156^KING/EMMA^2702,"$131,737",6761,Swiss Franc,3652 shares @ $164.34,BILL-905537,1706.89,376773,%B0318199554648262^TAYLOR/AIDEN^3008,"$28,896.08",^\d{3}-\d{2}-\d{4}$,[INTERNAL] Q3 strategy review pending board approval,emily.lewis@gmail.com,"$6,073,233",INV-282887,CLM-140014,British Pound,CTO,INS-372887,WebSocket,%B3498969000691770^MARTINEZ/ROBERT^2706,"$36,806",15.1,olivia.thomas@outlook.com,Education,4535,BILL-227434,2848 shares @ $31.88,"$123,866","cloud, data",99.921% uptime,tenant-034,a92ea1c82833cc642d0541029a9c977956ad55f60dedf97167c6fe7e8686d269,Euro,Inactive,BILL-654657,4828 shares @ $442.82,1583.0,%B1510042746512713^LEE/DAVID^2607,app-17.staging.acme.com,55071,6011-8190-8896-0459,107977671,CHF,446821096,2264 shares @ $124.8,29d8f0711d4aa3191d1efb121fb9a9dbc57be4dc6791d115fa0e0ec7e6752a3a,aiden.jackson@yahoo.com,48.5,"$263,680,312",Exceeds expectations,%B2658523673865724^MARTINEZ/LUCAS^2607,Swiss Franc
Executive Summary 2024,4065431211,false,824,"$210,299","$186,634",2024-03-06T07:55:26Z,3500.32,BILL-435609,%B7271272760491208^BROWN/LIAM^2410,"3017 Cedar Ln, Atlanta","$407,783",WA8350616,{{date}} - {{event}},63465498,max=5805,image/png,"$5,199,983",9586.35,2104 shares @ $485.71,7777,Japanese Yen,INS-508263,556753288,0x859087d4d2b2877eae4ec28c4218f1c2a306b1df,%B0238279842129458^MARTIN/ELIZABETH^2707,USD,"$204,754",INV-961743,689.81,john.rodriguez,Data Expo 2026,Swiss Franc,5225.55,0904,WP-JP-837942,04/25,0x58648c097a68ca103c50350b775259dcc7298729,5503,58708.60,"$172,150",jennifer.davis@yahoo.com,238156127,90890,"$131,623",Omeprazole 20mg,3296116149,CSV,42995.66,0x43218b2dfc06c0586d5fdc718ef8bb4886969545,application/json,CHF,922,4312 shares @ $85.74,917,BILL-138495,467,790,liam.johnson@gmail.com,sig_45bec1a31aef07dd,772,4018 shares @ $341.58,GBP,NRT,31612.06,type,601139087,oliver_martin,BILL-122431,90.8,Hardware,3765-9625-2979-3040,INS-499214,Swiss Franc,2024-08-09T08:41:10Z,601174529,%B5399136947301938^MARTINEZ/DAVID^2702,"$125,834",2894,British Pound,3082 shares @ $100.26,BILL-964913,76545.84,60112386,%B0967700747854887^WALKER/MARY^2402,97847.79,"\b\d{1,3}\.\d{1,3}\.\d{1,3}\.\d{1,3}\b",[INTERNAL] Q1 strategy review pending board approval,michael.brown@outlook.com,"$4,660,678",INV-145156,CLM-806672,British Pound,Data Analyst,INS-898022,HTTP,%B0609575593069843^MARTIN/SOPHIA^2810,"$43,957",31.9,mary.davis@yahoo.com,Healthcare,741,BILL-906001,3722 shares @ $191.98,"$186,726","compliance, scalability, integration, reporting",99.898% uptime,tenant-041,8cbf9b16c0de18045b56ba4ed6202b233f8531c01ec75f431bc7aee2f3818804,US Dollar,Disabled,BILL-634864,1953 shares @ $318.53,3535.7,%B2225615710366778^GARCIA/SOPHIA^2612,api-3.prod.acme.com,60115484,3768-1002-4784-0973,132279385,JPY,682495604,515 shares @ $247.62,748baf672493ac8c51d904dbf4fe6a87de33319afaa29969b64e464cdc1f34ef,linda.anderson@outlook.com,84.9,"$957,317,561",Meets expectations,%B1731388919955727^HARRIS/EMILY^2502,Swiss Franc
Executive Summary 2020,55030647,false,644,"$57,613","$196,449",2022-10-24T11:10:42Z,2011.97,BILL-999272,%B9974734519305779^WRIGHT/ELIZABETH^2501,"3657 Park Blvd, Austin","$326,679",OH7100553,Order #{{id}},935137325033,warn=2426,application/pdf,"$4,102,832",9541.41,3554 shares @ $473.71,4455,Euro,INS-621657,701834965,0x4f3c577622d2a7397300f868a74fe7fba0880414,%B6470301800245635^MARTINEZ/EMILY^2902,USD,"$212,867",INV-124014,287.19,linda.garcia,Global Expo 2024,Japanese Yen,9738.08,462,WP-JP-497524,09/30,0x1426fbf2c9fc0561a58fdfb544f9396ae9ef3f05,2853,"$82,400.37","$236,042",logan.young@gmail.com,232497156,26125,"$156,171",Omeprazole 20mg,31884688,YAML,58098.62,0xa9cffd47073a2ae41da9ff2816c2618b1b1e48a2,application/pdf,CNY,6046,1090 shares @ $78.66,8356,BILL-287581,801,608,emily.young@outlook.com,sig_53cb1ad5b9b7f7cd,807,4390 shares @ $461.75,CAD,ORD,99747.44,type,48189,ethan_williams,BILL-500793,10.8,Clothing,5197-7704-2606-8063,INS-168947,Japanese Yen,2024-07-25 09:11:16,58649,%B8077648817429968^WHITE/JOHN^2411,"$137,096",0602,US Dollar,4046 shares @ $123.07,BILL-325520,"$1,301.44",569196,%B0305442371770047^MOORE/ELIZABETH^2604,48993.15,^\d{3}-\d{2}-\d{4}$,[INTERNAL] Q4 strategy review pending board approval,sarah.harris@outlook.com,"$1,735,504",INV-570034,CLM-618147,British Pound,Data Analyst,INS-304132,SMTP,%B0326583142933797^WHITE/SUSAN^2510,"$25,325",85.7,liam.rodriguez@outlook.com,Energy,6111,BILL-594523,2033 shares @ $400.57,"$243,542","performance, monitoring, reporting, automation",99.214% uptime,tenant-001,71b6e144229fad69135d5a533e12b3d2e8726a026d8db018d69d926e1f19131e,Swiss Franc,Disabled,BILL-331792,1215 shares @ $128.05,2721.8,%B0143692296363093^YOUNG/ROBERT^2712,cache-13.prod.acme.com,53397,3792-7763-8421-0096,429292809,BRL,844543687,1795 shares @ $15.34,365a0e32f89d0538e23172d08317ac4edf7a7a55c3312cd1832d080e936d89b4,lucas.thompson@gmail.com,99.4,"$912,705,742",Meets expectations,%B9166619420205061^THOMPSON/PATRICIA^2909,Euro
Technical Report 2020,8169959194,false,317,"$71,410","$238,432",2022-07-21T23:54:21Z,8467.85,BILL-103459,%B7042229808826722^YOUNG/SUSAN^2807,"4780 Park Blvd, Boston","$3,796,929",PA5830258,Order #{{id}},7336136557,crit=3333,text/csv,"$2,481,441",1341.6,2583 shares @ $302.18,5353,British Pound,INS-307917,198748640,0x686cf61be769db9967d30fb59301d6052b7b40b4,%B9671401427589005^JACKSON/RICHARD^2701,CHF,"$142,176",INV-859462,158.0,richard.lee,Tech Expo 2023,US Dollar,859.71,374,WP-JP-612658,07/26,0x465e8285169db7617ab14686c00aceab9dd63ece,112,37779.98,"$202,843",john.taylor@gmail.com,042398592,24402,"$42,919",Albuterol 90mcg,065806166107,JSON,"$51,714.15",0x250acc8c378b3a0fac096a00c49aeaa72d128d4e,text/html,CNY,457,2288 shares @ $212.15,8109,BILL-570611,467,540,jessica.martinez@outlook.com,sig_ed216a8aa21259af,605,3575 shares @ $470.93,CAD,LHR,75489.26,email,370407,oliver_anderson,BILL-444189,63.4,Clothing,6011-8459-9769-3118,INS-897814,Swiss Franc,2022-04-04 19:43:24,49900,%B4992724134032994^WALKER/LOGAN^2602,"$172,337",2143,British Pound,2435 shares @ $399.44,BILL-968743,56111.72,498175,%B8387754279005518^TAYLOR/PATRICIA^2706,"$64,123.25",[a-zA-Z0-9._%+-]+@[a-zA-Z0-9.-]+,[INTERNAL] Q4 strategy review pending board approval,john.clark@yahoo.com,"$4,926,676",INV-678479,CLM-229270,Euro,Product Manager,INS-587117,SSH,%B5392369856199348^BROWN/LINDA^2409,"$40,174",32.2,noah.walker@gmail.com,Finance,3949,BILL-205119,2159 shares @ $253.97,"$228,803","compliance, data",99.127% uptime,tenant-043,3aa60e07f1dc40d0a8202f7c9be219faabc819abc5c529fc2fb0a16172767a49,British Pound,Active,BILL-668436,2472 shares @ $246.95,2040.9,%B4055777874222561^BROWN/PATRICIA^2610,app-16.prod.acme.com,3721828,XXXX-XXXX-XXXX-7471,883696201,BRL,208644350,1302 shares @ $160.53,eefd53b74cc0e78881fbc38c87887336a03791d3ec30d9f89dc5ef16a451fab3,aiden.robinson@outlook.com,17.9,"$960,568,881",Needs improvement,%B6435498548514730^CLARK/AMY^2406,Euro
Annual Report 2023,4334516120,false,570,"$76,792","$132,640",2023-03-17 21:37:03,1820.9,BILL-263073,%B8859992761432459^WHITE/JAMES^3011,"9943 Cedar Ln, Seattle","$6,055,369",NC7684124,Dear {{customer}},31920505,warn=2789,application/json,"$6,442,213",6978.9,4910 shares @ $167.64,0502,Swiss Franc,INS-123008,403727370,0x003958be739528eed99b1ae02751cc031d11a207,%B7114958145290772^ROBINSON/ROBERT^2703,USD,"$64,141",INV-847285,304.98,patricia.anderson,Tech Expo 2023,Japanese Yen,6558.26,007,WP-GB-372001,11/29,0xceeec7824415221a0b6bd344b8c5117e0bf272e9,495,"$12,066.11","$197,551",oliver.williams@yahoo.com,302490536,57887,"$49,463",Ibuprofen 200mg,09857648,CSV,12213.65,0x47725e4e7a18d740d9110f930f2a83f2de96ef2d,text/csv,AUD,170,467 shares @ $488.81,8041,BILL-460323,388,761,emily.miller@yahoo.com,sig_3b1e55d889820a7d,840,1830 shares @ $353.29,INR,SFO,"$91,553.43",name,49857,jessica_martinez,BILL-533300,11.2,Services,3770-8076-0070-6562,INS-382756,Japanese Yen,2022-06-21T03:27:45Z,55350,%B7676926231854972^WHITE/JOHN^2607,"$184,577",4225,Swiss Franc,2595 shares @ $245.62,BILL-416673,"$47,449.05",59574,%B0090177733767197^MILLER/SOPHIA^2601,"$3,921.06",^\d{3}-\d{2}-\d{4}$,[INTERNAL] Q2 strategy review pending board approval,robert.brown@outlook.com,"$5,854,817",INV-649605,CLM-894524,British Pound,Sales Rep,INS-520347,SSH,%B0282993182221850^GARCIA/AIDEN^2503,"$36,906",76.0,patricia.king@gmail.com,Manufacturing,8253,BILL-265017,4539 shares @ $414.71,"$80,171","reporting, data, monitoring",99.162% uptime,tenant-020,d5c6d74c5c13c6c096d4883bfe58cbeb7a52b7bb96603adf2c30f8b3fbf3fb2e,Japanese Yen,Disabled,BILL-884684,2975 shares @ $82.21,9972.1,%B9823411446018385^WILLIAMS/AMY^2602,db-3.staging.acme.com,3744531,3789-3139-7993-8998,486519186,CAD,395400543,4862 shares @ $135.09,4e13fb8e4f9a65bd72f4306938dad8bf5115a58f64c83b81ae782298e8019c40,liam.jones@gmail.com,77.2,"$813,195,434",Meets expectations,%B0953341902646440^WILLIAMS/HARPER^2811,Euro
Executive Analysis 2023,2326764828,false,646,"$31,685","$69,751",2022-12-19 22:30:24,5186.31,BILL-433606,%B0538413899057996^WALKER/LOGAN^2906,"8280 Park Blvd, Berlin","$6,218,115",MA9187303,Order #{{id}},5113498212,min=1935,application/xml,"$8,973,952",9882.01,2834 shares @ $456.69,5720,Swiss Franc,INS-927727,842977311,0x639a0603e8a666abc7a275d2c7674435948fe415,%B0445552386896508^MILLER/NOAH^2505,CHF,"$225,438",INV-448451,131.69,jennifer.thompson,Global Forum 2022,Euro,2114.02,2539,WP-JP-285503,03/25,0xcb29ed85ec00e1cc0bdf224fb46f9c3653ce8d91,099,21488.84,"$150,368",amy.king@outlook.com,839300650,6484,"$165,897",Metformin 500mg,260043670733,JSON,74727.15,0x923d0d60e3d8a51e9ce8001ef6e5f3d177b60032,application/pdf,GBP,7145,3143 shares @ $440.83,0646,BILL-452492,776,792,aiden.davis@gmail.com,sig_5f06a068627a5ac3,607,3210 shares @ $330.52,USD,CDG,"$39,893.06",created_at,542647,olivia_lewis,BILL-356928,28.0,Food,XXXX-XXXX-XXXX-5747,INS-422670,British Pound,2025-11-22 03:39:10,60111335,%B9465455954519961^JOHNSON/AIDEN^2803,"$192,404",2806,US Dollar,1445 shares @ $260.32,BILL-724994,"$71,095.70",3742533,%B6791382789547592^ANDERSON/OLIVER^2511,"$43,962.18",^[A-Z]{2}\d{6}$,[INTERNAL] Q2 strategy review pending board approval,susan.martin@gmail.com,"$1,972,621",INV-257546,CLM-356033,US Dollar,VP Engineering,INS-920380,gRPC,%B6632301842395207^ANDERSON/EMILY^2406,"$42,378",84.7,jennifer.jackson@yahoo.com,Technology,4576,BILL-743558,2174 shares @ $233.83,"$151,385","analytics, automation, reporting",99.316% uptime,tenant-016,02f727e107acbf8ebcacf5391869ee79459ec8ae0f90ab924b711622c4c75cde,Japanese Yen,Enabled,BILL-130060,2321 shares @ $418.96,7400.3,%B2069244484484039^RODRIGUEZ/SUSAN^2608,app-14.dev.example.net,436554,5676-7629-6295-4355,951289792,EUR,244620406,3663 shares @ $190.76,5c60c2959016ec8f19d33225c21bb690c7b9b2442b8857755a8f58e41b9b217e,ethan.moore@outlook.com,8.3,"$986,873,657",Meets expectations,%B1246639105475618^WILLIAMS/LINDA^2706,Japanese Yen
Quarterly Summary 2021,8663364773,true,813,"$212,303","$154,160",2020-09-06T14:42:53Z,1200.78,BILL-894870,%B6520157623927286^THOMPSON/RICHARD^2801,"3599 Main St, Phoenix","$8,260,365",WA1820134,Dear {{customer}},731729554097,max=1588,text/csv,"$2,450,754",8876.99,4933 shares @ $197.87,2833,Swiss Franc,INS-370832,432510865,0xb33b7550ac1d9703440fff2a99b0cf912fa4cc95,%B3450364436758371^WRIGHT/DAVID^2909,JPY,"$41,962",INV-491225,134.68,emma.johnson,Tech Forum 2023,Swiss Franc,8221.85,446,WP-BR-524675,11/27,0x4f9c4e2d99ed502c40bf976e27207e75f679b715,6118,"$55,196.04","$180,306",noah.walker@gmail.com,697591323,30513,"$70,102",Omeprazole 20mg,357231374171,Avro,61014.14,0xca73323c2f70a8805f8635fbb6a234cf92f6ad7e,application/json,JPY,234,4072 shares @ $198.34,9899,BILL-672830,445,755,david.jackson@outlook.com,sig_a34848eaf0938a7a,313,1247 shares @ $196.75,CAD,SIN,97398.72,status,3761041,logan_robinson,BILL-247370,43.7,Food,XXXX-XXXX-XXXX-0861,INS-987985,British Pound,2025-04-01T05:38:32Z,601131973,%B4870062056049114^JONES/SARAH^2802,"$141,943",4248,British Pound,2228 shares @ $180.25,BILL-237918,"$13,700.50",60119965,%B6655518982351588^THOMAS/AIDEN^2902,67720.49,^[A-Z]{2}\d{6}$,[INTERNAL] Q3 strategy review pending board approval,elizabeth.thomas@outlook.com,"$5,581,097",INV-492768,CLM-603623,British Pound,Product Manager,INS-409169,gRPC,%B7197511100583956^JACKSON/ANNA^2906,"$5,569",99.7,mary.clark@outlook.com,Retail,5451,BILL-704898,2335 shares @ $157.67,"$209,015","scalability, automation, integration",99.728% uptime,tenant-022,e517dff08b5f657410721ef2411bdea0df1e30a93f63c5086fe659d7a8267cc9,British Pound,Enabled,BILL-652934,1477 shares @ $213.6,8369.9,%B5200872758832837^WRIGHT/RICHARD^2410,web-11.staging.acme.com,60112840,6011-3184-7725-5248,396170543,JPY,636174325,3393 shares @ $448.4,4387ad32872ed3a2fac3f2d64c8d279773ea482f88cb57a8da9458d42aa89961,aiden.thompson@yahoo.com,68.6,"$471,401,964",Exceeds expectations,%B8656970823378941^JACKSON/AMY^2403,Swiss Franc
Quarterly Review 2022,620125415607,false,798,"$214,175","$171,436",2024-03-21 00:34:25,1251.27,BILL-197382,%B0491142751962510^THOMPSON/JENNIFER^2810,"267 Cedar Ln, Miami","$2,979,533",IL9527371,Hello {{name}},579078253320,warn=9839,image/png,"$5,762,202",7688.79,1125 shares @ $71.03,9166,British Pound,INS-721801,287502512,0x4b1eae14a07d9c95df4f0b2afe215123281ef799,%B3295618937118319^LEE/DAVID^2708,CHF,"$127,672",INV-359706,743.42,aiden.lewis,Annual Conference 2025,Euro,9492.7,292,WP-AU-327528,10/25,0x8d269cdf8dc36369eff2e21b448faf4a0bbb4311,974,"$45,570.91","$126,576",jessica.walker@outlook.com,183012107,12796,"$114,568",Omeprazole 20mg,71534937,Parquet,"$85,803.64",0x26711d3e77269ae1313193bd7cc31aaa43ab9536,image/png,USD,4943,4472 shares @ $304.6,449,BILL-119485,483,415,susan.anderson@outlook.com,sig_cd14c476fa43e9a2,663,3802 shares @ $244.89,INR,SIN,94774.55,id,60114236,aiden_garcia,BILL-652595,69.8,Hardware,XXXX-XXXX-XXXX-3781,INS-588424,Japanese Yen,2022-05-18 11:55:30,60110086,%B9737005050520259^RODRIGUEZ/LINDA^2904,"$62,687",6657,Euro,4837 shares @ $407.77,BILL-282832,"$25,910.84",53543,%B6998520082104155^LEE/JAMES^2402,31567.20,^[A-Z]{2}\d{6}$,[INTERNAL] Q1 strategy review pending board approval,richard.jackson@outlook.com,"$3,683,187",INV-125735,CLM-393615,British Pound,VP Engineering,INS-832361,FTP,%B9500521819362133^WILLIAMS/JESSICA^2810,"$43,046",46.7,emma.white@outlook.com,Energy,1906,BILL-995655,2681 shares @ $183.75,"$61,351","scalability, analytics, automation",99.742% uptime,tenant-046,2703ac57fbfa8865bcbff3082f3004f99fcbbdfd848510b961df9a1f6ce73050,British Pound,Disabled,BILL-497765,76 shares @ $281.33,9915.9,%B6628404879838909^THOMAS/NOAH^2512,cache-19.prod.acme.com,546165,XXXX-XXXX-XXXX-3881,657722504,AUD,136443869,3662 shares @ $117.1,1a246b1804e488ad50ed49170ab2b77b2dab30906d08846c077f5a93724f6088,amy.clark@gmail.com,64.5,"$282,855,936",Meets expectations,%B6236244560291480^WILLIAMS/OLIVER^2409,British Pound
Technical Analysis 2023,85952759,false,664,"$62,999","$197,177",2024-07-25T19:18:15Z,9275.22,BILL-434147,%B5997608790778509^ROBINSON/JOHN^2503,"1382 Cedar Ln, Dallas","$4,891,150",IL4584082,Hello {{name}},6846771288,warn=6132,application/xml,"$8,699,867",5068.25,4276 shares @ $285.77,7742,Euro,INS-746192,055795587,0x29a339a99f5e47b4ea98ffabbfa733b81e78204d,%B4866361846449970^MARTINEZ/LUCAS^2810,INR,"$35,772",INV-494649,719.19,liam.garcia,Data Forum 2020,Japanese Yen,6736.5,1640,WP-FR-320235,02/29,0x4e33e9261749d7d43f7dff72fe32e98ee5034fe2,994,24089.30,"$160,215",ethan.miller@gmail.com,425462607,69356,"$140,233",Omeprazole 20mg,40715691,XML,12017.02,0x0cbccaf7d667820e3c38ddc8f529c83fb7b24126,application/json,AUD,456,4988 shares @ $364.41,5119,BILL-309539,607,420,lucas.rodriguez@yahoo.com,sig_bc2960fc4041bc1e,454,4211 shares @ $80.66,GBP,CDG,1100.56,amount,3732380,emily_martin,BILL-457895,9.2,Hardware,4395-4218-8036-8734,INS-385954,Euro,2019-11-07 14:28:23,601177277,%B0698691551231529^ANDERSON/DAVID^2902,"$92,969",8145,US Dollar,3057 shares @ $246.52,BILL-421494,"$36,150.18",54992,%B9199122925277984^MOORE/JAMES^2907,"$39,393.85",[a-zA-Z0-9._%+-]+@[a-zA-Z0-9.-]+,[INTERNAL] Q1 strategy review pending board approval,emma.brown@yahoo.com,"$4,828,116",INV-349439,CLM-680416,Euro,Designer,INS-650946,gRPC,%B0442716341506131^WALKER/AMY^2607,"$40,710",97.5,emily.lewis@yahoo.com,Finance,4794,BILL-316883,3324 shares @ $234.09,"$103,719","analytics, integration",99.105% uptime,tenant-020,d68d2eecb8f3ce09408629d2ddd1149c6132093b053c83383e279c812ac46827,Japanese Yen,Active,BILL-402606,1786 shares @ $51.15,9406.7,%B2422165088498908^TAYLOR/ETHAN^2611,db-14.dev.acme.com,60112986,5574-8901-2635-2100,909210240,GBP,041354216,2855 shares @ $95.64,3a344b7d0df7c08b2c09b89828cee75e54f24bdb4485a70df3114cb6f69d058e,oliver.moore@outlook.com,89.7,"$848,947,053",Exceeds expectations,%B4212342362945243^WILLIAMS/JESSICA^2801,Euro
Executive Review 2023,437019507007,false,628,"$224,956","$209,906",2018-11-27T22:48:43Z,6128.21,BILL-225934,%B9142260881366724^MOORE/AMY^2812,"2355 Maple Dr, Paris","$4,192,238",MA5345155,Order #{{id}},562830071628,max=5962,application/xml,"$3,427,261",1263.38,2141 shares @ $225.18,7134,Japanese Yen,INS-371022,286858632,0x193343e1135e3db48054897ceec590c208bbc27b,%B9898006158958955^WRIGHT/DAVID^3001,CHF,"$86,398",INV-991266,234.37,sophia.harris,Tech Conference 2026,US Dollar,4534.27,130,WP-CA-926840,03/30,0xf2ebe2f63bfe707d036cfe14ed35dda475b135db,373,5022.18,"$105,835",michael.miller@gmail.com,209698169,45451,"$195,756",Ibuprofen 200mg,0848224179,YAML,84530.77,0x2f756fc7107bede912cdfb7ba70e2d8de1a5c23f,application/json,EUR,1660,4720 shares @ $289.34,039,BILL-501620,512,559,elizabeth.miller@yahoo.com,sig_f8984a44bd3d2ae0,840,2107 shares @ $497.38,INR,SIN,"$73,371.69",email,601151433,emma_anderson,BILL-592096,41.9,Clothing,XXXX-XXXX-XXXX-6727,INS-839152,Swiss Franc,2024-06-02T00:59:30Z,409697,%B6748322074415962^ANDERSON/SOPHIA^2503,"$171,867",9552,British Pound,502 shares @ $296.11,BILL-238048,"$19,884.15",589835,%B2714311763453063^CLARK/MARY^2705,"$61,491.49","\b\d{1,3}\.\d{1,3}\.\d{1,3}\.\d{1,3}\b",[INTERNAL] Q4 strategy review pending board approval,liam.thompson@yahoo.com,"$9,627,354",INV-662031,CLM-405782,Swiss Franc,VP Engineering,INS-966743,FTP,%B8147725535849083^LEWIS/ROBERT^2806,"$26,137",77.9,emma.taylor@yahoo.com,Education,2194,BILL-716541,4305 shares @ $148.2,"$182,307","cloud, performance, data, automation, scalability",99.496% uptime,tenant-020,422dba432123fcaae05c51f53aeb43c52d41130ff4f9997c7056864732344e62,British Pound,Active,BILL-393032,3743 shares @ $184.69,7767.6,%B1491782328751815^GARCIA/SOPHIA^3010,db-20.staging.acme.com,44007,4058-5105-8841-1015,416480438,AUD,660875595,1805 shares @ $243.74,29888669a0428bd96293056f3e0ea7be0b72a089c1def17781deed3cc524714a,john.lewis@gmail.com,66.9,"$786,188,629",Needs improvement,%B3151817682301066^MARTINEZ/JAMES^2610,Japanese Yen
Technical Summary 2021,918114098508,true,585,"$148,279","$57,683",2024-03-26 23:57:18,9346.51,BILL-622782,%B6205392226701618^WRIGHT/LINDA^2508,"8182 Cedar Ln, Atlanta","$100,544",OH9934137,Dear {{customer}},1171440682,min=5638,text/csv,"$4,566,737",9423.73,4377 shares @ $384.84,5761,Japanese Yen,INS-175912,250636174,0xe28ac1ccdc014deff4fbd4d4e8eda92e8da22385,%B0640419278867159^DAVIS/NOAH^2510,CAD,"$149,972",INV-122266,59.78,ethan.king,Global Summit 2024,Swiss Franc,5196.56,5129,WP-US-365540,05/29,0x6a3960956a90d2a4d4ead1daacff934c2ea1c698,628,"$83,040.37","$110,168",emma.harris@gmail.com,140357901,28581,"$203,820",Omeprazole 20mg,26491349,XML,"$45,140.63",0xe9932a90812b19dc05f6aedd035d1662a3997585,text/html,CHF,0228,3751 shares @ $194.31,1432,BILL-122663,597,363,logan.wright@outlook.com,sig_5edebea2598e9292,497,2862 shares @ $292.74,JPY,CDG,82017.17,email,50152,ethan_wright,BILL-297166,2.2,Services,XXXX-XXXX-XXXX-6539,INS-146147,US Dollar,2020-05-17T09:51:10Z,414557,%B8244707183066142^LEWIS/ELIZABETH^3005,"$129,018",0899,British Pound,2476 shares @ $452.03,BILL-900664,25706.36,60118875,%B0329707411865190^RODRIGUEZ/JENNIFER^2904,"$55,162.56",[a-zA-Z0-9._%+-]+@[a-zA-Z0-9.-]+,[INTERNAL] Q2 strategy review pending board approval,james.thompson@gmail.com,"$4,891,759",INV-889206,CLM-525907,Euro,Software Engineer,INS-929121,SMTP,%B5865027306527278^THOMPSON/LOGAN^2510,"$42,176",91.5,david.thomas@yahoo.com,Manufacturing,5577,BILL-910188,4874 shares @ $61.16,"$32,425","integration, analytics, security",99.05% uptime,tenant-004,bcf132e8b45a52143885dd6038c9aa696495ab3396ca4ab182aac5d68a66c0e8,Japanese Yen,Active,BILL-962678,3714 shares @ $44.71,5548.7,%B7096369664068614^LEWIS/LUCAS^2512,cache-6.prod.acme.com,601110120,3714-1185-8285-0333,422798927,USD,552870279,1514 shares @ $334.12,592f738c7cf2c521291d3ee70a5a7c7f757e90d2f75c37d7140876872d5d8d2d,susan.martinez@gmail.com,32.6,"$646,805,618",Meets expectations,%B8313123614966332^JACKSON/JOHN^2501,Japanese Yen
Annual Report 2020,7584224874,false,409,"$32,907","$52,451",2019-10-19 14:22:38,8935.31,BILL-291988,%B2397005184831383^MILLER/DAVID^2509,"2252 Main St, Dallas","$9,574,204",TX5253078,{{date}} - {{event}},38645341,crit=7846,image/png,"$5,145,790",5994.34,1222 shares @ $54.89,2975,Japanese Yen,INS-386576,313464730,0xb950c5206a1a8d932f0603c0093372024e4e510c,%B1686812155901582^ANDERSON/AIDEN^2606,AUD,"$151,486",INV-804526,812.24,patricia.white,Annual Forum 2025,British Pound,9305.43,9847,WP-IN-881751,02/28,0xff37d0e4c306aa0c0d454a853fd0c69726c87be0,273,"$82,838.63","$138,528",jennifer.robinson@yahoo.com,497814751,22829,"$95,227",Lisinopril 10mg,95945177,YAML,"$64,903.33",0x3e850ef21d2577da6197c79344f54c974be68d2c,text/csv,AUD,7810,269 shares @ $417.89,5591,BILL-568102,813,629,james.miller@yahoo.com,sig_8838c1ca6cf44d16,493,776 shares @ $388.07,USD,LAX,23517.06,name,601142858,robert_rodriguez,BILL-453654,9.1,Food,XXXX-XXXX-XXXX-3666,INS-735811,Japanese Yen,2020-09-14 10:23:19,43890,%B5481965466741642^THOMAS/JENNIFER^2402,"$141,605",0189,British Pound,1720 shares @ $201.5,BILL-466891,"$13,129.09",589858,%B2635967976222309^THOMAS/WILLIAM^2408,"$73,130.84",^[A-Z]{2}\d{6}$,[INTERNAL] Q2 strategy review pending board approval,mary.harris@outlook.com,"$8,983,324",INV-965183,CLM-905747,Swiss Franc,Designer,INS-201668,HTTPS,%B1288289741773045^HARRIS/EMILY^2706,"$15,181",63.3,liam.jackson@outlook.com,Technology,311,BILL-871298,2129 shares @ $66.8,"$180,297","reporting, security, compliance",99.195% uptime,tenant-009,c9d9822fe5451c78f8a6259d449d01f4617082d6eb4ae239da80b7b3fd08d3b7,Euro,Inactive,BILL-567168,420 shares @ $459.84,662.9,%B8244925790175089^THOMAS/LIAM^2612,cache-12.dev.acme.com,60114616,XXXX-XXXX-XXXX-5854,712401766,CAD,521107411,84 shares @ $87.34,1861455168262dc471fb413cba6c2d2980f37d3727d8a8596b391d4ddb184d57,anna.lewis@outlook.com,8.2,"$496,046,717",Meets expectations,%B0388013717406884^YOUNG/SUSAN^2706,Japanese Yen
Quarterly Review 2022,8846913810,false,444,"$59,783","$127,011",2024-03-22T00:00:53Z,2367.2,BILL-937118,%B7828447231567109^SMITH/MICHAEL^2510,"3921 Main St, Berlin","$3,549,446",WA3016813,{{date}} - {{event}},1475223175,max=1268,application/json,"$1,206,593",2280.28,1768 shares @ $489.02,8022,US Dollar,INS-944507,949283913,0x64fd669ceb0c8c895a3d76bb0baa87a7d7dfcaa1,%B2765924845132925^LEE/PATRICIA^3003,CHF,"$121,919",INV-497367,840.27,susan.jackson,Annual Forum 2023,Japanese Yen,4384.83,1248,WP-GB-251463,05/30,0x88c94698ca973c98daff7ed6796321fc96b43b55,246,"$31,188.32","$213,923",jennifer.johnson@gmail.com,754961619,31391,"$231,367",Ibuprofen 200mg,746019842187,Avro,"$78,412.40",0xf5440e96dd7c02b27fa927ea78a1a3e73fa00965,application/pdf,BRL,218,3001 shares @ $33.46,7526,BILL-904875,499,310,emma.johnson@outlook.com,sig_06d42cfb2d738ec6,734,3360 shares @ $210.84,INR,SFO,75588.16,email,377500,robert_robinson,BILL-542035,55.3,Software,6011-4331-9585-9118,INS-558816,Swiss Franc,2018-11-24 17:25:45,40293,%B4463270949148843^MOORE/SOPHIA^2401,"$164,432",0746,Japanese Yen,2028 shares @ $159.6,BILL-727563,68266.09,601157295,%B2727527802516839^WRIGHT/SARAH^3007,69275.05,^\d{3}-\d{2}-\d{4}$,[INTERNAL] Q2 strategy review pending board approval,emma.wright@outlook.com,"$3,558,736",INV-569314,CLM-553153,Japanese Yen,VP Engineering,INS-732703,HTTPS,%B6616476448870698^RODRIGUEZ/DAVID^2802,"$9,829",90.2,john.moore@yahoo.com,Retail,5496,BILL-448073,732 shares @ $243.76,"$115,521","monitoring, integration, cloud",99.072% uptime,tenant-037,74be3b3e1e99f9f05f310e71e23635d0b12518a49a9d29d71e9ad0d729a24323,Swiss Franc,Inactive,BILL-930459,767 shares @ $116.63,217.4,%B1005388970640331^CLARK/JESSICA^2603,db-8.dev.acme.com,42357,XXXX-XXXX-XXXX-8256,416927544,BRL,286104511,4866 shares @ $299.37,781e36cfe654790a3f1a401e40b4a741b93a04b777c65509a2af247171561530,linda.moore@yahoo.com,1.3,"$746,721,611",Meets expectations,%B0413047128369112^MILLER/SARAH^2609,Euro
Technical Report 2026,92329471,false,739,"$240,284","$170,172",2026-05-24T03:44:25Z,125.55,BILL-799284,%B3840863012133718^YOUNG/LINDA^2407,"2620 Oak Ave, Dallas","$3,649,826",CA8255489,Dear {{customer}},1071090535,min=2105,image/png,"$3,376,225",2474.33,1984 shares @ $323.6,7371,US Dollar,INS-615311,224144992,0x7a6229b9562f693553330ac41898d19045cba1b6,%B3859975537543647^LEWIS/MASON^2712,USD,"$163,901",INV-521544,519.74,liam.harris,Data Expo 2022,Swiss Franc,4242.53,611,WP-FR-826690,02/27,0x2ba77df09ef2fbb68a05612f5ccf8eddb2d8ce29,960,"$33,997.25","$41,379",ethan.lee@outlook.com,622722216,78792,"$60,919",Ibuprofen 200mg,0369938732,Parquet,10653.71,0xda5070a3d382c01ec314b37ed37402af9affcb02,text/csv,JPY,323,2625 shares @ $16.76,7418,BILL-797830,329,548,liam.clark@gmail.com,sig_3121fd2a41371b87,360,1001 shares @ $435.22,CAD,ORD,"$83,592.29",email,601155094,anna_jones,BILL-121869,82.9,Clothing,4728-9068-9281-1132,INS-372739,US Dollar,2019-06-03T15:41:25Z,559952,%B9244826795568407^JOHNSON/EMILY^2608,"$34,719",0976,Swiss Franc,3320 shares @ $167.82,BILL-997709,12140.43,525269,%B1489952505865532^HARRIS/ANNA^2806,60349.51,"\b\d{1,3}\.\d{1,3}\.\d{1,3}\.\d{1,3}\b",[INTERNAL] Q2 strategy review pending board approval,lucas.king@gmail.com,"$5,587,657",INV-289052,CLM-397321,Swiss Franc,Product Manager,INS-805772,WebSocket,%B3263908061142915^MOORE/ELIZABETH^2408,"$45,403",93.3,jessica.martin@gmail.com,Manufacturing,5935,BILL-373558,4096 shares @ $415.42,"$178,162","cloud, monitoring",99.116% uptime,tenant-039,6ade1023fe8efc1e64689cf61d8346f49150273b29c7f4ce48576e2c07e4ffb7,US Dollar,Inactive,BILL-102520,1575 shares @ $259.8,757.4,%B0036591583983603^MILLER/RICHARD^2712,web-2.staging.acme.com,46146,XXXX-XXXX-XXXX-9388,637482993,AUD,890697002,1044 shares @ $174.56,9fc8534446fa8dc63cb2f568d7dca37bb7c242582bef72d407ba5fb196d03085,patricia.lee@outlook.com,5.8,"$825,381,487",Outstanding,%B7592468065805870^SMITH/AIDEN^2702,US Dollar
Technical Report 2022,291066142206,true,632,"$234,908","$230,922",2022-09-22 21:05:39,1280.24,BILL-905321,%B3185734155139562^BROWN/LOGAN^2408,"9592 Pine Rd, Denver","$814,632",WA7081108,Order #{{id}},441571699637,warn=3596,application/json,"$7,241,814",954.59,1189 shares @ $480.03,3020,Swiss Franc,INS-707456,749721203,0xe583d2c5c5f5e2ad8894dd7c2883b93bdded90c4,%B5740210034337878^ROBINSON/ANNA^2602,AUD,"$62,517",INV-452075,980.21,jessica.brown,Global Conference 2023,British Pound,5124.61,9521,WP-DE-177933,12/30,0x2ee8535faac0bcec6beb9020f9ed451b27c44d40,858,76931.45,"$40,233",mary.jackson@gmail.com,661647357,22610,"$178,654",Omeprazole 20mg,9820561567,JSON,"$5,845.51",0x03af14e81f93315e929d0a1279a4cfc3234be315,application/json,GBP,470,149 shares @ $397.29,1719,BILL-736501,636,410,james.thomas@gmail.com,sig_6e3087270f781087,557,3692 shares @ $37.23,AUD,SIN,91316.60,type,437089,amy_lee,BILL-812581,39.8,Software,XXXX-XXXX-XXXX-5298,INS-459561,British Pound,2018-01-16T04:46:03Z,555759,%B8195075612323963^GARCIA/NOAH^2905,"$204,598",9047,Euro,1076 shares @ $304.44,BILL-833377,76305.75,43078,%B5381706692236228^MARTINEZ/HARPER^3009,"$24,627.69",^[A-Z]{2}\d{6}$,[INTERNAL] Q2 strategy review pending board approval,jessica.smith@outlook.com,"$7,943,791",INV-740491,CLM-548825,Swiss Franc,Sales Rep,INS-107936,SSH,%B2172774550760243^MARTINEZ/LINDA^2608,"$24,129",55.5,mason.lewis@yahoo.com,Manufacturing,1908,BILL-518730,4548 shares @ $91.96,"$45,069","data, integration, scalability",99.113% uptime,tenant-031,3a9ec4c29f9ad62d9ee12a176442a5c7c23f415088ce52764b81c6a1cd74f202,British Pound,Enabled,BILL-953488,2288 shares @ $71.68,4459.2,%B5662835385187162^KING/NOAH^2501,app-10.prod.acme.com,58658,5434-4706-7899-8812,246957297,EUR,243264527,579 shares @ $340.82,efed6d3033bcac511d6a5d994e8209cd7c33f052608bfdf39fc5a24f68a76a72,mary.johnson@yahoo.com,15.5,"$508,731,077",Exceeds expectations,%B0072472761398570^MILLER/MASON^2607,Swiss Franc
Executive Analysis 2025,3889639069,false,522,"$228,180","$33,446",2022-03-25 14:08:59,123.22,BILL-803307,%B0748601335507166^RODRIGUEZ/LINDA^2607,"5691 Maple Dr, New York","$8,442,449",NY9415321,{{date}} - {{event}},00697675,min=3524,text/html,"$5,876,296",1542.66,4171 shares @ $440.78,5526,Swiss Franc,INS-321997,145164692,0xc351fb6bb1901f23256c7b891832facf1ca6757f,%B3322545766389248^LEE/MARY^2705,CNY,"$224,604",INV-612958,580.38,lucas.miller,Data Summit 2021,British Pound,4419.49,0831,WP-CA-947053,07/28,0xd15331597d5bea619c9dda85099ab4ebf34bd36b,699,19715.09,"$79,447",oliver.martinez@gmail.com,777248340,5067,"$79,565",Omeprazole 20mg,91627944,JSON,31705.40,0x0a401e5b8d0b712f6d1123d7ded9e6d91c615e66,text/html,CHF,7588,2781 shares @ $112.69,087,BILL-392353,445,670,oliver.anderson@yahoo.com,sig_87359e98edc3ba59,642,4352 shares @ $459.08,AUD,SIN,71036.73,status,589040,sarah_lewis,BILL-388566,33.4,Food,5510-1120-0406-1505,INS-869627,Japanese Yen,2019-08-16T05:25:50Z,375282,%B0694986982805175^LEWIS/JENNIFER^2407,"$165,453",6202,British Pound,92 shares @ $70.13,BILL-288395,"$55,774.16",60118780,%B6040823453862146^TAYLOR/JESSICA^2812,"$9,797.85",[a-zA-Z0-9._%+-]+@[a-zA-Z0-9.-]+,[INTERNAL] Q4 strategy review pending board approval,mason.thompson@outlook.com,"$8,814,079",INV-960578,CLM-997067,Swiss Franc,Sales Rep,INS-288429,SSH,%B6356809380238926^HARRIS/JAMES^2902,"$16,002",66.2,richard.thomas@yahoo.com,Finance,644,BILL-119402,3244 shares @ $294.32,"$31,664","data, cloud, compliance, security, integration",99.634% uptime,tenant-018,aaef3f5cfb3009e73ce4913ea9223766553144434ac3c4f4f67efff5c0ce11c4,Swiss Franc,Enabled,BILL-775892,789 shares @ $387.06,5559.4,%B6056343394848871^JACKSON/MARY^2903,cache-7.staging.acme.com,463209,XXXX-XXXX-XXXX-9111,863749534,GBP,482337097,1898 shares @ $217.52,8a1e7b7ed787ae4b3e509c4e300a120363b16949a3ec8578b79d84d3163c42e7,oliver.martin@gmail.com,93.4,"$367,253,592",Meets expectations,%B6211986556317220^JONES/ETHAN^2407,Euro
Quarterly Summary 2023,537682082451,false,633,"$131,728","$81,289",2024-11-04 14:40:59,2392.82,BILL-244512,%B0227853538854005^MILLER/OLIVER^2511,"1145 Park Blvd, Miami","$9,898,206",NC7171856,Hello {{name}},900910994481,warn=6939,application/pdf,"$76,620",6985.46,3349 shares @ $399.19,5557,Japanese Yen,INS-407649,707458467,0x10a9d81748b0cb3611f697351efa220f422cb061,%B1387355730753997^TAYLOR/ETHAN^2912,CAD,"$134,269",INV-599424,724.73,oliver.davis,Annual Summit 2026,Japanese Yen,5373.67,8111,WP-IN-163604,01/29,0x2ba6c463d2236b5cc75b2b31172e40659e2cc208,2612,13224.28,"$205,076",emily.miller@outlook.com,531834220,3748,"$116,230",Lisinopril 10mg,0125251730,CSV,"$16,339.59",0xdc64384aadc34f413f20c8f5c5cd320f2e879ddd,text/csv,CAD,810,4340 shares @ $162.58,433,BILL-247516,800,329,liam.wright@outlook.com,sig_b7b516bbfd37aaa6,497,1749 shares @ $181.14,INR,CDG,75783.04,id,444619,patricia_thomas,BILL-668871,93.1,Software,6011-2609-6064-0965,INS-242213,Japanese Yen,2023-07-15 10:56:00,60115015,%B9467785198552039^CLARK/EMMA^2408,"$240,639",4858,British Pound,1828 shares @ $191.03,BILL-690677,"$45,966.99",475229,%B8397268032990655^HARRIS/MARY^2909,38220.36,"\b\d{1,3}\.\d{1,3}\.\d{1,3}\.\d{1,3}\b",[INTERNAL] Q1 strategy review pending board approval,jessica.robinson@gmail.com,"$6,967,753",INV-876104,CLM-855392,Swiss Franc,CTO,INS-290015,FTP,%B1042374920451316^JACKSON/AMY^2506,"$17,592",47.9,jennifer.taylor@gmail.com,Manufacturing,1137,BILL-505707,624 shares @ $97.94,"$92,823","reporting, analytics, cloud, scalability",99.735% uptime,tenant-015,97b17f8b5f0c9fadc438a57fd272ba883b3e5d8ff20816025778252aa9bce843,Swiss Franc,Disabled,BILL-830777,4582 shares @ $321.44,6765.5,%B0639063824467356^JONES/SUSAN^3001,web-4.prod.acme.com,487644,5037-7089-4938-6791,133313997,USD,246111415,2448 shares @ $195.16,3cc0dd084b2073ae4b234d1e3e35ae922b35cce43c9f85635dfa47184d89f04e,david.lee@yahoo.com,81.9,"$535,858,695",Meets expectations,%B5010426919436106^WILLIAMS/OLIVIA^2402,US Dollar
Quarterly Summary 2020,9377103592,true,653,"$71,101","$206,741",2024-05-04 14:37:36,6761.24,BILL-381151,%B6323621718775245^TAYLOR/PATRICIA^2511,"7872 Pine Rd, Sydney","$318,941",CA3127505,Dear {{customer}},2832753861,min=1527,application/pdf,"$1,635,690",5792.06,2837 shares @ $450.65,3425,Swiss Franc,INS-660154,477632784,0x49721ffd51f3e3269f1398b3ec89fde96ad0d10f,%B7447928966338076^WALKER/NOAH^2507,USD,"$99,775",INV-639148,611.21,david.thomas,Data Summit 2023,Euro,464.19,7517,WP-CA-434016,10/30,0x4568138edf9688ff7ebde1a8192af2bf479626fd,8931,"$75,280.59","$47,679",mason.jackson@gmail.com,568762093,87163,"$106,061",Omeprazole 20mg,0133171789,Avro,74001.01,0xe8d5b671ae36d1cad222a4ed26eb1bc9d9f42072,application/pdf,JPY,498,4638 shares @ $115.59,5936,BILL-740262,667,507,ethan.davis@gmail.com,sig_df51ba303b8e7395,723,2589 shares @ $303.47,USD,JFK,"$90,661.01",status,46964,richard_johnson,BILL-843709,48.5,Hardware,5732-3062-5354-2516,INS-500984,Japanese Yen,2024-11-17 19:33:49,60113159,%B1931139846360960^THOMAS/DAVID^2901,"$241,901",1456,Euro,4736 shares @ $173.88,BILL-319133,"$13,301.31",58080,%B1808820719904696^HARRIS/ETHAN^2404,76782.26,^[A-Z]{2}\d{6}$,[INTERNAL] Q1 strategy review pending board approval,olivia.davis@gmail.com,"$9,314,567",INV-104527,CLM-162825,British Pound,Data Analyst,INS-900955,HTTPS,%B2404572137732288^ROBINSON/SUSAN^3012,"$37,885",20.1,emily.taylor@gmail.com,Healthcare,5213,BILL-257741,3001 shares @ $71.19,"$97,655","automation, security, scalability",99.771% uptime,tenant-020,0c4939a3ff4cc4c332999d4b4bb7c56a2246d12412f818c2d8b5bed971fa280b,Japanese Yen,Disabled,BILL-449933,4350 shares @ $113.19,5139.8,%B3963937588025464^YOUNG/AMY^2512,db-3.staging.acme.com,561876,5010-4080-4384-8057,699300257,CNY,173405607,4428 shares @ $450.45,07ce982168db12872e1f3e33342cebd61c1ed4049fbd5c14aea70db9388e72db,john.white@gmail.com,20.6,"$551,539,158",Exceeds expectations,%B7645269599137138^BROWN/NOAH^2410,British Pound
Executive Review 2025,40389359,false,633,"$91,407","$185,832",2024-11-21 21:38:31,4089.22,BILL-355364,%B8435859710289596^MARTIN/SUSAN^3003,"1839 Oak Ave, Chicago","$5,301,153",WA8337386,Hello {{name}},0999782465,warn=8825,text/html,"$8,073,176",2031.4,1844 shares @ $410.8,0341,Japanese Yen,INS-345407,790476174,0x6820eed9de1d8e831360563207df51c5ab0bd460,%B8913490181283486^GARCIA/ROBERT^2609,USD,"$202,780",INV-519344,889.6,richard.white,Tech Summit 2024,Euro,7018.42,5917,WP-GB-949756,09/30,0x8a165878353ad0f99b383f23030c78ebeaa21a6b,668,41023.66,"$44,099",lucas.harris@gmail.com,912389078,99112,"$89,647",Lisinopril 10mg,45529772,CSV,"$11,698.48",0x405777f406571c7772076d71eb0e4c23c03ed7c6,application/pdf,CAD,735,2915 shares @ $305.03,7258,BILL-278197,438,341,elizabeth.robinson@yahoo.com,sig_d5ea265a063eba12,660,3311 shares @ $254.95,INR,LAX,"$29,201.43",id,376865,emily_young,BILL-751102,71.8,Software,6011-1664-0801-8739,INS-393647,US Dollar,2023-01-07 13:09:18,42844,%B1362565053044428^WRIGHT/JOHN^2406,"$150,905",3299,US Dollar,1993 shares @ $381.04,BILL-568048,22680.44,46113,%B7617404961816359^WALKER/MICHAEL^2409,6586.26,[a-zA-Z0-9._%+-]+@[a-zA-Z0-9.-]+,[INTERNAL] Q4 strategy review pending board approval,anna.brown@gmail.com,"$7,248,041",INV-168851,CLM-892873,Swiss Franc,Sales Rep,INS-481380,HTTPS,%B0105405077972317^YOUNG/JOHN^2409,"$1,456",22.4,david.white@outlook.com,Technology,8516,BILL-120136,2289 shares @ $258.31,"$168,364","analytics, cloud, reporting",99.78% uptime,tenant-041,77ddbf533e909b23d8e86d6ac9e512866241f64ed6d3e124f192f0294e6a821f,Euro,Enabled,BILL-277952,1219 shares @ $268.77,752.8,%B8882629956358326^WILLIAMS/ETHAN^2504,db-5.staging.acme.com,3784597,XXXX-XXXX-XXXX-3439,043895697,BRL,659174921,4322 shares @ $91.26,15b5e56ad426090b3f5dcb7f0fb509594db72b17a2fe24f0bec5a8fa5e6f8d6c,liam.smith@outlook.com,6.3,"$373,446,117",Outstanding,%B3562276479486478^LEE/SUSAN^3012,US Dollar
Quarterly Report 2024,3143953911,false,344,"$134,567","$240,200",2020-10-20T16:30:30Z,2552.38,BILL-136254,%B1115931756012726^MARTIN/RICHARD^2906,"3446 Cedar Ln, Paris","$5,281,052",OH5006365,{{date}} - {{event}},86679583,max=1399,application/json,"$8,132,782",8553.32,77 shares @ $130.88,4275,US Dollar,INS-579680,365918772,0x585f202ad34dae78d2d3f96d169eca45934fd90c,%B3226797948024712^RODRIGUEZ/MICHAEL^2509,EUR,"$92,059",INV-308410,406.07,patricia.martin,Tech Summit 2022,Japanese Yen,295.18,587,WP-DE-521726,12/25,0x0d9268ad8d2754ce2eb480177a2745cb29eee151,3724,"$24,309.84","$178,694",anna.thomas@yahoo.com,275421486,27770,"$55,296",Lisinopril 10mg,5950961457,JSON,82891.34,0xbc842dc61fcaa2de33c1df5dec2de0f62203ea2b,application/xml,AUD,3212,663 shares @ $394.21,720,BILL-389769,596,594,olivia.brown@outlook.com,sig_e23715288d3f4539,470,1606 shares @ $54.96,USD,SIN,97156.37,email,42317,robert_martin,BILL-132026,62.9,Hardware,6011-2326-0925-0717,INS-906612,British Pound,2023-02-25 13:21:55,54063,%B6586559022031566^TAYLOR/JAMES^2607,"$228,247",7758,Euro,477 shares @ $452.3,BILL-375106,"$16,554.46",601128094,%B7048413926451831^KING/EMILY^3010,85173.02,^\d{3}-\d{2}-\d{4}$,[INTERNAL] Q4 strategy review pending board approval,mason.young@gmail.com,"$5,985,140",INV-349495,CLM-157662,Swiss Franc,Software Engineer,INS-275158,SSH,%B8737765296988013^JOHNSON/MICHAEL^3002,"$4,884",84.8,aiden.jones@yahoo.com,Technology,2226,BILL-126754,2790 shares @ $399.41,"$147,686","analytics, integration, automation, security, cloud",99.353% uptime,tenant-030,afe93faac72eac937b164e6c861c1fcc02f90b0df0c7e37701604a48e61ddca5,Japanese Yen,Enabled,BILL-971089,4731 shares @ $355.31,307.1,%B2085902417900863^THOMPSON/SOPHIA^2909,web-18.prod.example.net,46603,XXXX-XXXX-XXXX-9772,783179162,CNY,168486074,1243 shares @ $495.56,4bfc9a707712af209e9e9bc93cfec050f7c6b112c6c0f2358ad0cd5aa4733d69,aiden.garcia@outlook.com,42.4,"$268,056,955",Outstanding,%B3383651007848044^WRIGHT/AMY^2805,Swiss Franc
Technical Review 2026,769485178768,false,465,"$109,026","$76,688",2023-08-27 03:04:29,7785.56,BILL-918231,%B9034834751857912^SMITH/LUCAS^3005,"2851 Elm St, Houston","$2,541,153",GA5292530,{{date}} - {{event}},033213635182,max=9499,image/png,"$8,318,352",3942.03,3578 shares @ $329.48,7076,Euro,INS-353682,490226407,0x66a47777d373df4d0d9e5b4990df0eb4a57427f7,%B6296519078193620^JONES/JENNIFER^2911,CNY,"$218,810",INV-710247,299.34,david.williams,Annual Summit 2025,British Pound,2678.85,372,WP-MX-104828,09/24,0x27771c8dec6a6bf22e148986205b9e75af5c6f6d,3332,"$61,908.98","$107,260",mary.garcia@yahoo.com,056036277,28353,"$81,135",Omeprazole 20mg,6173255022,Avro,93040.43,0x0f44168fcc48bfe939589b604e5d305e5bcbf8ed,application/xml,CNY,7279,3159 shares @ $174.44,1764,BILL-893539,575,649,lucas.johnson@yahoo.com,sig_b6918033b1be8e22,616,4949 shares @ $349.14,BRL,LAX,57072.16,id,3729828,mary_martinez,BILL-631977,63.9,Clothing,6011-7652-3522-9832,INS-651802,Euro,2021-11-20T00:09:05Z,477719,%B9840387800952680^THOMAS/MICHAEL^2404,"$98,452",4006,Japanese Yen,2333 shares @ $479.34,BILL-705904,"$27,157.43",536555,%B2386206031466308^THOMPSON/NOAH^3005,"$31,814.39","\b\d{1,3}\.\d{1,3}\.\d{1,3}\.\d{1,3}\b",[INTERNAL] Q1 strategy review pending board approval,sophia.miller@outlook.com,"$8,406,436",INV-282763,CLM-606026,Japanese Yen,Designer,INS-283509,WebSocket,%B9233524116477780^ANDERSON/DAVID^2501,"$11,288",23.2,ethan.harris@yahoo.com,Finance,6280,BILL-284410,1838 shares @ $457.62,"$84,729","performance, integration, security, automation, cloud",99.641% uptime,tenant-050,4edf01a15b6247a6562e434b1192767a9ba2c07ec79d25f611bc70950f9199a3,Euro,Active,BILL-264046,80 shares @ $401.0,6457.5,%B5681326591246903^MARTINEZ/OLIVER^2409,app-4.staging.acme.com,3717261,3777-1913-9719-3389,557093932,EUR,705409100,2810 shares @ $274.21,e914ea5af08b9852f1c7d8ab4a3547b8f06cc2923922e2fee6c45e7d9dc053ff,emily.thomas@outlook.com,6.5,"$520,372,922",Exceeds expectations,%B0936156392505145^MARTIN/RICHARD^2909,Japanese Yen
Technical Report 2023,78388985,false,640,"$241,683","$129,246",2021-07-05 15:59:10,7982.43,BILL-281601,%B2795498022044708^THOMPSON/NOAH^2809,"7438 Maple Dr, San Francisco","$395,459",FL2274846,Hello {{name}},507959076162,max=6182,text/csv,"$1,087,359",1447.55,2204 shares @ $358.47,0376,Swiss Franc,INS-979487,377579856,0x7a9096dea3c0c29597b8367955deb9c757f760a3,%B5819453004239718^TAYLOR/SARAH^3012,GBP,"$105,812",INV-546830,820.08,logan.davis,Tech Forum 2024,British Pound,9159.98,029,WP-CA-503448,12/26,0xc8cc6b98b7ed4983f738d8b70f828cd71ada08a1,460,15334.58,"$179,173",jennifer.white@yahoo.com,677100327,67936,"$180,559",Albuterol 90mcg,841817613516,YAML,55093.62,0x1038be59a631a93912aede45b68eecbe6202f347,application/pdf,BRL,6784,1653 shares @ $41.92,098,BILL-450044,697,335,susan.clark@outlook.com,sig_461ec2156f5efc7f,438,1953 shares @ $113.05,JPY,SFO,4717.90,type,412151,robert_harris,BILL-184298,46.2,Electronics,5090-5639-5127-7968,INS-331785,US Dollar,2024-08-05T21:39:18Z,509239,%B4868199562938467^JONES/JENNIFER^2610,"$106,076",0872,Euro,1764 shares @ $138.47,BILL-642287,20275.50,60115992,%B6975562699370845^MILLER/OLIVER^3001,"$23,152.06",^[A-Z]{2}\d{6}$,[INTERNAL] Q2 strategy review pending board approval,emily.harris@outlook.com,"$3,993,839",INV-914607,CLM-607696,Swiss Franc,Sales Rep,INS-609929,HTTPS,%B5773584313104013^JONES/OLIVER^2504,"$3,752",33.9,jessica.brown@outlook.com,Healthcare,2182,BILL-778760,1943 shares @ $159.99,"$155,070","data, compliance, scalability",99.824% uptime,tenant-009,f97dee176047a77972d6ddf2dd4fe22a0e4c5f19b1d31fa69a8d9fb894282d81,Swiss Franc,Active,BILL-384068,318 shares @ $162.41,3415.2,%B7976467608831664^WALKER/RICHARD^2710,cache-6.staging.acme.com,376590,6011-5570-4974-4378,533855206,EUR,427560210,1110 shares @ $218.34,ccf61be0877ac199f188c4943f2b8ad06c5722fdb94e5e9c6377d185a641d99b,linda.young@yahoo.com,70.9,"$962,080,708",Outstanding,%B6064263606266873^JONES/ELIZABETH^2709,Swiss Franc
Quarterly Analysis 2020,123441102254,true,700,"$125,852","$187,563",2022-06-08 20:37:45,3369.16,BILL-720598,%B6333543699676452^DAVIS/JOHN^2502,"6512 Pine Rd, New York","$9,046,208",MA5886699,Hello {{name}},0825704783,min=9751,image/png,"$6,871,988",8350.86,2741 shares @ $178.92,4339,British Pound,INS-942852,402157190,0x2173ad9ce2607bea99b0c111c8c5364ab020415d,%B9543831023119881^MARTINEZ/JOHN^2802,JPY,"$42,324",INV-164480,138.42,liam.garcia,Annual Summit 2021,Swiss Franc,6298.06,9039,WP-BR-410830,04/25,0x487fc77e18e49753e74976030dffbabad3d3f9f9,400,"$21,314.71","$133,502",emily.johnson@outlook.com,769489875,43840,"$53,903",Omeprazole 20mg,95418680,XML,28305.92,0x3db0f677104429e761c6a3e5a02c5b62444c8ece,text/csv,INR,2495,3797 shares @ $314.16,1667,BILL-553348,339,579,harper.smith@yahoo.com,sig_0ef51822ec8b2084,619,745 shares @ $489.45,EUR,SFO,87165.02,id,449714,harper_moore,BILL-756066,39.6,Electronics,3701-1951-8949-8797,INS-380512,Euro,2019-09-08T14:24:06Z,601176733,%B9091328298339720^WRIGHT/MASON^2511,"$57,089",1568,Swiss Franc,137 shares @ $313.51,BILL-986342,"$76,257.81",3759571,%B3439209176485946^KING/AIDEN^2804,80165.70,[a-zA-Z0-9._%+-]+@[a-zA-Z0-9.-]+,[INTERNAL] Q2 strategy review pending board approval,mary.williams@outlook.com,"$1,899,136",INV-245564,CLM-407801,British Pound,Designer,INS-689700,WebSocket,%B4492219249271752^GARCIA/JAMES^2403,"$16,288",40.3,lucas.king@outlook.com,Retail,6226,BILL-448149,3874 shares @ $473.2,"$218,242","security, monitoring, integration",99.846% uptime,tenant-002,047d986203692febd8341dd99a0813473d1a2fda94a14344100cee25d1cad18d,Japanese Yen,Enabled,BILL-210505,862 shares @ $213.78,6929.4,%B7790836619030735^MARTIN/RICHARD^3006,app-4.staging.example.net,52095,4115-6377-0518-3142,361139824,CNY,078869652,2111 shares @ $244.03,81b8c9a8311b81dffdb69389806a04de87d89fc5c0189fd150bb2ae2fb4910b7,harper.thomas@outlook.com,48.4,"$537,548,481",Outstanding,%B1315299691205864^DAVIS/JESSICA^2501,Japanese Yen
Annual Report 2024,50701708,true,738,"$119,032","$227,741",2022-05-07T03:27:51Z,5643.64,BILL-547242,%B5023252415673347^WRIGHT/ETHAN^2909,"6895 Oak Ave, Denver","$6,858,294",TX5400747,{{date}} - {{event}},766000844422,warn=4546,application/pdf,"$1,051,086",7697.97,3167 shares @ $428.77,4206,Swiss Franc,INS-923245,224587792,0x8b7ff004d4970e905b19de121f89129bf933ae74,%B5835937998652168^WRIGHT/ROBERT^2701,INR,"$219,691",INV-113556,367.24,anna.martinez,Data Forum 2023,Swiss Franc,6958.97,102,WP-US-922270,12/29,0x8ac56e51ccebd36d475e7ea88ea45ce47a18d65e,6856,"$89,100.21","$141,954",sophia.jackson@yahoo.com,584059161,13771,"$145,294",Omeprazole 20mg,8811883513,YAML,63766.98,0xe5a4bb4002669dd364861d948b772d3f25d6ebf3,application/xml,JPY,622,4066 shares @ $25.19,335,BILL-322096,379,701,robert.white@outlook.com,sig_fb8fdacd800551e8,603,2725 shares @ $436.76,INR,LHR,99328.77,status,56190,emily_young,BILL-996559,86.2,Hardware,6011-6321-1455-3666,INS-568742,Swiss Franc,2019-11-13T11:38:27Z,538464,%B7046676068444538^JOHNSON/DAVID^2508,"$243,844",2823,British Pound,267 shares @ $133.71,BILL-249125,96353.80,50594,%B1508901098666774^MARTIN/LIAM^2608,"$60,687.38",[a-zA-Z0-9._%+-]+@[a-zA-Z0-9.-]+,[INTERNAL] Q4 strategy review pending board approval,susan.anderson@yahoo.com,"$3,098,687",INV-964116,CLM-606165,US Dollar,Product Manager,INS-855749,MQTT,%B0833990731326848^WRIGHT/AMY^2910,"$12,169",68.2,jennifer.wright@yahoo.com,Finance,2197,BILL-507087,2085 shares @ $342.64,"$200,856","scalability, analytics, compliance, cloud, data",99.451% uptime,tenant-029,9596033cbd827bbca3bf16fe8e5fb76f80e78c2b6194e950d3307bcf342182e2,Swiss Franc,Enabled,BILL-435627,2461 shares @ $383.64,3976.4,%B9820280296732630^ROBINSON/DAVID^3006,api-3.staging.acme.com,601102137,5168-1874-4058-0085,555712533,BRL,259165217,3943 shares @ $387.44,7300c716421302698c43407f25086ae39caf1317d1d54620bd715bef8ead629b,anna.taylor@gmail.com,48.8,"$984,757,993",Needs improvement,%B7929823105217053^WRIGHT/MARY^2808,Swiss Franc
Quarterly Report 2025,816534563455,true,349,"$87,202","$191,803",2026-01-15T18:27:17Z,8086.38,BILL-413604,%B3318692072991014^MILLER/WILLIAM^2809,"7480 Oak Ave, New York","$216,737",NY9790492,Hello {{name}},0249707316,crit=3822,text/csv,"$571,779",3493.64,4860 shares @ $118.38,1965,Swiss Franc,INS-322100,073146117,0x618e993d36ff27e7560fdf6571ad15a796d56875,%B6890683448945275^JOHNSON/SOPHIA^2707,EUR,"$200,140",INV-325042,123.57,james.thomas,Data Conference 2026,Swiss Franc,1866.48,907,WP-IN-786102,05/29,0x9f73c56fa9f82b65dccf55c20b51f37b22a13fba,8867,636.99,"$88,647",sophia.rodriguez@outlook.com,149478934,78534,"$174,854",Metformin 500mg,25732165,YAML,"$72,727.72",0xf8743bc65317befa3a5fcb202775e93283db69d8,application/pdf,JPY,947,3968 shares @ $62.33,579,BILL-459400,761,330,olivia.brown@outlook.com,sig_0abdb65de7dadca5,300,2214 shares @ $163.27,BRL,CDG,"$74,432.92",email,502174,james_garcia,BILL-966577,51.3,Clothing,3783-7142-9756-4000,INS-412624,Euro,2025-06-22T18:37:11Z,60118474,%B1733367613027621^GARCIA/AIDEN^2903,"$195,850",2665,Euro,2583 shares @ $335.18,BILL-345679,35010.04,376963,%B2691477524101817^LEE/HARPER^2707,78800.97,"\b\d{1,3}\.\d{1,3}\.\d{1,3}\.\d{1,3}\b",[INTERNAL] Q2 strategy review pending board approval,robert.wright@gmail.com,"$7,603,042",INV-775575,CLM-727264,British Pound,Designer,INS-991495,gRPC,%B6781282496152698^TAYLOR/MICHAEL^2410,"$36,185",32.2,william.lewis@gmail.com,Energy,7830,BILL-790112,1785 shares @ $229.31,"$38,614","analytics, cloud",99.985% uptime,tenant-040,2aee9ecb43605b4314fe3d2219d360acea47575ec9230a2ec333c968e23f6912,Japanese Yen,Inactive,BILL-506576,2017 shares @ $83.98,8710.4,%B6100105117289069^JONES/LUCAS^2607,app-19.dev.example.net,60114524,XXXX-XXXX-XXXX-2237,084290373,JPY,543393723,1916 shares @ $66.52,7e2311e0e1bfc8d5ba4faa181d300bb2224f65baed9e03a1ebcd14a81a655445,robert.miller@outlook.com,85.7,"$491,250,497",Needs improvement,%B5189270008536444^DAVIS/LIAM^2804,US Dollar
Executive Summary 2023,944786421967,false,842,"$231,472","$222,312",2019-01-08 14:41:21,5686.75,BILL-668114,%B3714620107551665^MARTINEZ/PATRICIA^2608,"3255 Maple Dr, Seattle","$857,493",CA4015043,Dear {{customer}},71720742,max=6424,application/xml,"$5,890,838",7083.94,1319 shares @ $398.95,2462,Euro,INS-374618,307865429,0x38f71455b3d46266a1dcaee770477d8219bfb676,%B4896812957481770^MARTINEZ/LINDA^2901,BRL,"$115,204",INV-459703,608.99,sophia.davis,Data Summit 2023,US Dollar,4666.58,3816,WP-CA-826355,08/29,0xf41b0c8e502de352ed1b11869b490fd37c91992e,9377,6039.86,"$112,913",john.miller@outlook.com,032452888,82545,"$59,345",Omeprazole 20mg,97886183,YAML,84158.35,0x27fd6d8fa8050040743d533fc47bba0962d1ec46,application/json,USD,240,3070 shares @ $402.21,895,BILL-578082,820,358,jennifer.young@yahoo.com,sig_40395854e514f983,492,55 shares @ $196.69,CAD,LHR,"$24,050.57",created_at,3725680,richard_young,BILL-383088,26.8,Services,XXXX-XXXX-XXXX-4342,INS-571721,Swiss Franc,2025-08-16T05:00:05Z,49723,%B0195875538777126^RODRIGUEZ/LUCAS^2503,"$91,404",6665,Euro,2636 shares @ $293.84,BILL-840437,54989.60,3786037,%B4977321182538229^GARCIA/OLIVIA^2506,"$26,354.55",[a-zA-Z0-9._%+-]+@[a-zA-Z0-9.-]+,[INTERNAL] Q2 strategy review pending board approval,elizabeth.smith@yahoo.com,"$9,742,920",INV-401848,CLM-939306,Japanese Yen,Designer,INS-796468,SSH,%B1447543749540916^MARTIN/JENNIFER^2808,"$45,717",13.4,emma.taylor@outlook.com,Retail,1541,BILL-239995,4701 shares @ $43.49,"$203,511","automation, scalability, security",99.311% uptime,tenant-034,b10e55587c7388f1c36749b8981bf5c131f533d63a9a853107a33df626eb5d58,British Pound,Enabled,BILL-581837,908 shares @ $53.64,3202.2,%B6713145958231642^WRIGHT/EMILY^2705,db-19.dev.acme.com,3781808,3769-6084-6236-6972,541128206,CAD,081177696,1543 shares @ $313.11,d02a74aade00d15e0d66e55c0fc6b60fb4721b82cd6b0b16d07395c3ebf00d08,mary.moore@outlook.com,68.8,"$303,727,427",Meets expectations,%B9762586680694260^JONES/ELIZABETH^2911,Swiss Franc
Quarterly Review 2024,0837862314,false,456,"$99,247","$108,747",2023-05-08T21:38:24Z,9228.56,BILL-438115,%B4008000269144809^BROWN/LOGAN^2503,"7501 Pine Rd, London","$1,812,170",WA4284365,{{date}} - {{event}},80428593,warn=9479,text/html,"$9,352,824",4989.55,2885 shares @ $317.36,4316,Euro,INS-237500,994238014,0x12037451d8c0328bcf320dd42381d43dd4a64943,%B7950656383392958^WHITE/AIDEN^2606,CHF,"$238,382",INV-479174,769.85,elizabeth.harris,Annual Forum 2022,Euro,7326.74,026,WP-IN-701822,05/25,0xa31b049d1cb592a6438c7a313ce67c3e04b4b8ff,484,62760.80,"$115,412",linda.smith@gmail.com,770848811,51216,"$237,794",Ibuprofen 200mg,43433742,JSON,24288.69,0x2534fde9c49afa0581b6a69b2929caa7db6c2ec2,image/png,GBP,368,1103 shares @ $97.74,296,BILL-737672,607,361,noah.young@yahoo.com,sig_4d8f6172157a01d9,729,715 shares @ $471.02,USD,JFK,75917.06,amount,379755,logan_clark,BILL-876455,37.9,Services,XXXX-XXXX-XXXX-2156,INS-627360,Euro,2022-02-22T12:50:33Z,601169385,%B0308987522185398^MARTIN/LOGAN^2808,"$93,733",6128,Euro,296 shares @ $23.86,BILL-314426,"$9,741.13",378029,%B3420538602315220^JONES/AIDEN^2806,4539.00,^[A-Z]{2}\d{6}$,[INTERNAL] Q1 strategy review pending board approval,olivia.moore@outlook.com,"$8,048,633",INV-544999,CLM-899150,Japanese Yen,Sales Rep,INS-756093,HTTP,%B7956299971968070^WILLIAMS/DAVID^3011,"$10,415",96.7,anna.king@yahoo.com,Education,7623,BILL-203330,2847 shares @ $249.07,"$130,791","security, integration, reporting, automation, data",99.335% uptime,tenant-045,c1656ff91926a0cb6a7da7172790e50cef2b94c2eb3a75a78528d7bd10fd47d9,British Pound,Active,BILL-391329,1208 shares @ $195.19,5534.2,%B1327397391759254^BROWN/SOPHIA^2705,api-8.dev.example.net,60110842,4708-3030-0239-5075,224245562,GBP,767688631,4197 shares @ $75.25,96be213e028f2f6226078ec2639a5500e2dbb16a554635efffadd993c6fc45f8,oliver.johnson@gmail.com,24.2,"$188,046,733",Exceeds expectations,%B4468489390685105^DAVIS/PATRICIA^2809,Swiss Franc
Executive Report 2026,7869760795,false,572,"$156,103","$173,971",2026-08-10 22:01:02,3569.88,BILL-761408,%B3268881445142541^ANDERSON/AMY^2509,"7572 Main St, Phoenix","$8,587,876",PA8048107,Hello {{name}},842558814214,warn=3479,image/png,"$3,794,523",1434.55,2989 shares @ $217.95,1410,Euro,INS-748985,560635598,0x5964c21bbb9f4cb5d06232a967912f25160bb94b,%B2533486145690301^JOHNSON/OLIVER^2407,CHF,"$130,751",INV-904821,132.41,amy.wright,Annual Expo 2021,Swiss Franc,2597.87,806,WP-GB-810880,08/24,0xbc44aeeeef1027273433f340e53873cb5f1fb3a1,2354,"$22,775.96","$46,236",susan.williams@yahoo.com,237269382,80012,"$51,076",Metformin 500mg,676402759753,YAML,23677.43,0x6c77e1f62540fc2e5a8f95f4c312b02723239ac5,text/csv,USD,2580,2221 shares @ $176.23,8010,BILL-766044,764,505,mary.clark@yahoo.com,sig_a119a96186b8f768,644,220 shares @ $217.62,EUR,SFO,"$93,657.80",amount,49596,linda_smith,BILL-119177,37.2,Software,5370-3277-0445-1870,INS-195298,Japanese Yen,2018-11-16T04:01:43Z,417665,%B2521398700038209^TAYLOR/SOPHIA^2601,"$72,881",2134,US Dollar,4976 shares @ $80.76,BILL-658993,"$66,673.48",60113317,%B2561890172850715^CLARK/WILLIAM^2902,89427.79,[a-zA-Z0-9._%+-]+@[a-zA-Z0-9.-]+,[INTERNAL] Q1 strategy review pending board approval,susan.miller@yahoo.com,"$7,125,344",INV-196338,CLM-525554,Japanese Yen,Data Analyst,INS-117367,MQTT,%B0868422512659071^MARTINEZ/AIDEN^2806,"$42,243",72.4,mary.garcia@outlook.com,Finance,7946,BILL-393397,2312 shares @ $312.09,"$144,428","monitoring, reporting, analytics, compliance, cloud",99.43% uptime,tenant-014,85a08bd5955713d0097c5746355d575b34f11b0e84733ec3a54d18fca610da70,British Pound,Inactive,BILL-713096,4546 shares @ $472.63,9848.0,%B6432044639980369^MILLER/RICHARD^2601,cache-3.staging.acme.com,373726,4983-4130-9702-2051,750147379,CNY,510979272,3651 shares @ $433.08,24527b15df5720390485d698648d1f06d0a9b3434f5a7c3f98e6674759b3ffb2,sarah.thomas@gmail.com,21.1,"$738,613,618",Meets expectations,%B3312356075071339^JOHNSON/MASON^2512,US Dollar
Technical Summary 2023,8812136872,true,336,"$89,806","$118,500",2022-08-24 23:52:56,3711.37,BILL-792818,%B8129763103715207^WRIGHT/ETHAN^2905,"5453 Oak Ave, Boston","$3,050,253",PA4173840,Order #{{id}},3709601955,crit=3287,text/html,"$8,879,614",5138.52,4532 shares @ $126.35,0235,Swiss Franc,INS-778544,959117728,0xc242155ec9235b5e8c3c3bff169c4fa51041c4f3,%B8550435343339259^ROBINSON/SARAH^3005,USD,"$208,932",INV-512455,357.21,aiden.clark,Global Forum 2020,Euro,8186.36,133,WP-JP-335357,02/24,0x67be745d3881b0ad6cffcf15e39ac8ecd9eac7eb,027,"$61,279.16","$149,718",harper.thomas@gmail.com,735905500,76777,"$243,388",Albuterol 90mcg,0309948408,JSON,"$41,269.99",0x1639f333b760a6f2e82a6e18498c9f46ded53676,image/png,GBP,1374,640 shares @ $249.96,9044,BILL-375606,617,820,patricia.wright@gmail.com,sig_4b225cfecd18e5bd,569,2310 shares @ $274.0,CAD,JFK,"$77,692.30",name,59192,david_martin,BILL-654081,19.2,Hardware,6011-5616-2276-5789,INS-705691,Japanese Yen,2022-07-21T03:54:35Z,409506,%B0187361930192873^LEWIS/DAVID^2607,"$64,785",5423,British Pound,1568 shares @ $444.72,BILL-378205,79539.25,522701,%B4886229447131298^WRIGHT/EMMA^2502,"$13,287.07",^[A-Z]{2}\d{6}$,[INTERNAL] Q4 strategy review pending board approval,ethan.white@yahoo.com,"$8,284,452",INV-663459,CLM-464742,Swiss Franc,Sales Rep,INS-138742,SMTP,%B7525388570505644^WILLIAMS/OLIVIA^2605,"$45,525",14.8,william.white@gmail.com,Finance,7116,BILL-939685,3548 shares @ $213.63,"$161,708","reporting, compliance, security, performance",99.881% uptime,tenant-035,d61107966d83fa3d4a4d669b4fbd794250c36bc52e8ecd860a1e795bb45e661a,Euro,Active,BILL-147928,3106 shares @ $440.09,6644.3,%B0772894581618755^YOUNG/JOHN^2502,app-19.dev.acme.com,376423,6011-5230-1223-1230,794827378,CHF,332126364,3868 shares @ $143.78,afefd0fd2160db17e4d89713f6fd057ca93df9804c334599239ef2b3ef4ad55d,william.lewis@yahoo.com,86.3,"$199,433,709",Meets expectations,%B7522316748645915^LEWIS/ELIZABETH^2403,Euro
Technical Report 2023,0337001375,true,418,"$75,058","$185,603",2020-04-09 13:43:33,502.72,BILL-975138,%B6441104109556509^LEWIS/ELIZABETH^2502,"1247 Pine Rd, Sydney","$8,923,162",OH7857343,Hello {{name}},866318523360,warn=8879,text/csv,"$9,603,467",6967.34,1627 shares @ $312.04,7030,US Dollar,INS-123846,490510380,0xa96526cf558cddda4db6d6dc2f4bef099687b461,%B6194551817294944^ROBINSON/JENNIFER^2709,EUR,"$196,104",INV-350604,329.88,david.rodriguez,Annual Expo 2024,Euro,6091.21,151,WP-MX-780735,12/27,0xd546622584e877559e228a85b2277a45aecce1c3,3691,"$56,638.52","$210,697",liam.johnson@yahoo.com,280484543,70784,"$42,784",Lisinopril 10mg,62418340,YAML,51443.92,0x4774d452e7ec73765c7e14e31584e189fab4c500,application/xml,BRL,2589,380 shares @ $390.32,3547,BILL-302733,310,848,patricia.thompson@outlook.com,sig_3456cfdd715e4aeb,332,2357 shares @ $15.39,BRL,ORD,66925.42,status,52690,liam_wright,BILL-931924,89.7,Services,6011-0326-5906-4137,INS-680232,British Pound,2020-03-14T16:45:18Z,528838,%B8650905944484933^DAVIS/OLIVIA^3006,"$239,877",2180,Swiss Franc,1393 shares @ $377.1,BILL-889776,12538.75,371752,%B9644938354880564^LEE/NOAH^2603,"$16,745.32",[a-zA-Z0-9._%+-]+@[a-zA-Z0-9.-]+,[INTERNAL] Q1 strategy review pending board approval,jessica.young@yahoo.com,"$5,957,460",INV-300478,CLM-889151,Japanese Yen,VP Engineering,INS-250713,HTTP,%B8575480924520245^MOORE/LOGAN^2508,"$21,211",4.6,linda.harris@outlook.com,Manufacturing,2893,BILL-909802,1398 shares @ $487.63,"$186,547","security, data, compliance",99.519% uptime,tenant-040,2a454ff3fae3f531ed2fdaeb761a71234a9da435884e13a5d6c99fc9c805ed34,Japanese Yen,Active,BILL-106342,3938 shares @ $158.6,8900.9,%B7318556767923972^WHITE/MASON^3012,web-5.prod.example.net,3772629,5643-5098-9015-1343,816239136,BRL,391731066,4990 shares @ $439.49,193342e56746613ab7cadf1190e6ce8c2bfdf5b4c49d9380eac53bbf6801ba38,james.king@outlook.com,35.8,"$536,160,776",Meets expectations,%B3203560652010015^THOMPSON/JENNIFER^2905,Swiss Franc
Executive Report 2025,6563604430,false,385,"$244,031","$74,017",2024-07-26 19:50:08,519.12,BILL-741223,%B8059304336274714^ROBINSON/SUSAN^2710,"2161 Maple Dr, Chicago","$8,692,055",CA1318981,Hello {{name}},4398093700,max=4993,text/csv,"$4,781,273",7957.67,4919 shares @ $427.01,5301,Swiss Franc,INS-443105,289765156,0x1f9296994d294b8b59fb164eb7fce57011a1cef4,%B4559346304073996^ROBINSON/OLIVIA^2403,JPY,"$175,445",INV-596629,33.85,harper.white,Annual Expo 2025,British Pound,8467.6,4836,WP-DE-594629,12/29,0xdfc78b7131aeabcdb50b8b2b38f730888cfa109a,733,"$28,193.47","$216,418",sarah.brown@yahoo.com,485219371,78154,"$214,229",Albuterol 90mcg,2090632093,Avro,58189.88,0x194893e4023ef1ac35dd3348e9d55d3c3a8274d3,application/json,CNY,2441,1405 shares @ $198.79,1723,BILL-418337,607,726,patricia.jones@yahoo.com,sig_3b2693920cedff20,644,2477 shares @ $493.92,CAD,NRT,3209.34,created_at,378868,sophia_white,BILL-103415,59.2,Electronics,3758-5161-5261-2004,INS-269079,Swiss Franc,2026-12-25T18:49:25Z,54586,%B6513584202294887^SMITH/LOGAN^2804,"$80,236",2891,Japanese Yen,1244 shares @ $94.31,BILL-804100,"$30,267.78",53866,%B0258913763886555^DAVIS/PATRICIA^3011,"$61,156.98",^\d{3}-\d{2}-\d{4}$,[INTERNAL] Q2 strategy review pending board approval,oliver.miller@outlook.com,"$7,626,722",INV-902091,CLM-847441,Euro,Designer,INS-596419,SSH,%B8920895292931898^THOMPSON/OLIVIA^2810,"$48,414",6.2,mason.moore@gmail.com,Healthcare,1181,BILL-181718,3763 shares @ $99.92,"$109,902","monitoring, cloud",99.183% uptime,tenant-043,b0a441e19bd83c3b4a304b4f20cf089c7977d6a5ec97868c0785076fef5e604b,Japanese Yen,Enabled,BILL-280981,1018 shares @ $372.87,6872.9,%B3687772866130853^ANDERSON/SARAH^2908,cache-3.staging.acme.com,60115298,4716-5304-6118-9033,955711057,USD,656161843,3427 shares @ $60.08,4e6628ac3022b394dd911a1337db40599f39c655a52ea539d0166f5a53f61cc1,sophia.wright@outlook.com,5.6,"$113,256,277",Exceeds expectations,%B7739188899429639^JACKSON/SUSAN^2404,British Pound
Quarterly Report 2021,9236713757,false,520,"$123,151","$39,868",2021-11-17 21:38:14,6936.62,BILL-804882,%B3825644628341387^LEE/ETHAN^3007,"7571 Elm St, Paris","$9,698,746",IL5790560,Dear {{customer}},220180541198,crit=9889,text/csv,"$1,759,862",5212.52,2797 shares @ $92.39,9093,Swiss Franc,INS-738899,915447069,0xc53c99abc37964963e07553324d2ace3557bec31,%B9592637008723570^JOHNSON/LOGAN^2702,JPY,"$57,583",INV-629363,779.09,aiden.martinez,Annual Conference 2022,US Dollar,1878.22,5965,WP-BR-239348,11/24,0xe0045d3927b53a153da42dc48ef96100bf48b10a,6975,"$55,332.66","$179,708",liam.anderson@yahoo.com,023043288,49354,"$248,426",Lisinopril 10mg,730244743605,YAML,7980.23,0xe95ed32693000f778628db154bb71994e156ca7f,application/json,CNY,896,3478 shares @ $69.53,167,BILL-335511,330,411,elizabeth.jones@yahoo.com,sig_e89fcf2da04aea0e,325,684 shares @ $413.04,INR,ORD,55937.28,id,58020,richard_lewis,BILL-197949,62.5,Services,5455-8063-6518-1637,INS-924412,Japanese Yen,2024-01-26 08:12:49,601185724,%B2724597176599641^WALKER/SOPHIA^2612,"$133,326",8809,Euro,1825 shares @ $60.28,BILL-395235,"$43,544.94",478258,%B9360877186809690^YOUNG/RICHARD^2811,57530.59,"\b\d{1,3}\.\d{1,3}\.\d{1,3}\.\d{1,3}\b",[INTERNAL] Q3 strategy review pending board approval,sarah.williams@gmail.com,"$6,516,599",INV-303653,CLM-733290,Euro,VP Engineering,INS-728035,FTP,%B1517533812998632^LEE/SUSAN^2405,"$13,082",50.5,mason.brown@outlook.com,Technology,642,BILL-370069,4463 shares @ $270.21,"$184,221","analytics, monitoring",99.232% uptime,tenant-019,5cce4190a8adda4f1fa25a32d6664d1c755d78ed923b519359fc3b9573799b73,Swiss Franc,Inactive,BILL-978062,159 shares @ $311.19,9282.2,%B7699821003937804^RODRIGUEZ/JENNIFER^2706,web-1.dev.example.net,60118377,4315-2105-2522-2700,832839054,AUD,627636619,1847 shares @ $345.23,d2ba4cda1c4f9c108992fe66c820f9ef83078e3a958ccadd7f3b127ea559ea9d,ethan.lee@yahoo.com,96.2,"$293,071,884",Outstanding,%B8127143200141171^RODRIGUEZ/ETHAN^2512,Euro
Quarterly Analysis 2020,95808112,false,676,"$129,173","$123,433",2026-02-05T11:54:48Z,8300.59,BILL-209694,%B5250180853070729^HARRIS/RICHARD^3003,"524 Park Blvd, Denver","$2,354,007",OH6312775,{{date}} - {{event}},3152541038,crit=5654,application/xml,"$4,072,910",68.18,4722 shares @ $144.42,7936,US Dollar,INS-829311,768188059,0x4c835205ad944325814521e697e26f2977c494fc,%B1664571915745434^WRIGHT/SOPHIA^2605,CAD,"$86,486",INV-486089,84.56,oliver.martin,Annual Forum 2022,Euro,6021.16,9789,WP-DE-551332,05/28,0x33c4af266df49ebfcf6ec76b7f9a2e3f7b45b23c,705,"$95,696.78","$36,217",olivia.harris@outlook.com,061422782,16902,"$199,469",Metformin 500mg,947316190899,YAML,"$2,557.10",0xb642ca0fc43746fccb9223547bc94efbfb1f05e8,text/html,AUD,2187,582 shares @ $252.77,686,BILL-154148,690,819,mason.anderson@gmail.com,sig_5f2e42b0ffcd4b9d,503,1526 shares @ $237.85,INR,LHR,71022.41,created_at,601117046,jessica_rodriguez,BILL-694169,58.6,Hardware,3791-9351-1297-1314,INS-207975,Japanese Yen,2022-09-24T19:38:17Z,60113782,%B5873601975015644^JOHNSON/JENNIFER^2504,"$156,534",8607,US Dollar,4547 shares @ $393.62,BILL-196314,"$87,336.68",56000,%B3148218508041058^WILLIAMS/SUSAN^2807,"$22,806.84","\b\d{1,3}\.\d{1,3}\.\d{1,3}\.\d{1,3}\b",[INTERNAL] Q1 strategy review pending board approval,liam.jackson@gmail.com,"$8,591,341",INV-500307,CLM-686324,US Dollar,Sales Rep,INS-956790,SMTP,%B4876235587412720^DAVIS/JOHN^2903,"$11,933",22.7,lucas.harris@outlook.com,Manufacturing,6563,BILL-189480,3936 shares @ $141.44,"$243,075","performance, automation, data, compliance",99.142% uptime,tenant-044,34069ea694924f57c4e412b08f4c76852b3b43b87120555cd0c9c4a53a0e6897,British Pound,Enabled,BILL-324027,1453 shares @ $375.91,2590.0,%B9608118000683399^MOORE/EMILY^2907,web-12.staging.acme.com,60110102,3725-4653-8702-1272,020604404,AUD,994938561,1208 shares @ $131.3,10dabf8345b223df1ec007131885a47a66b9673a76b6b4956186997240b13c16,james.king@yahoo.com,87.9,"$571,979,840",Needs improvement,%B7912367733070031^MILLER/JOHN^2809,US Dollar
Executive Report 2022,7526546718,false,440,"$95,609","$196,290",2018-08-01 04:39:33,295.63,BILL-456857,%B3812946786261381^SMITH/WILLIAM^2510,"4610 Main St, Berlin","$2,734,146",TX3731341,Dear {{customer}},57588337,min=7863,image/png,"$1,307,132",1815.35,4009 shares @ $205.58,6622,US Dollar,INS-482268,967265069,0xc4ac0543e80668212ec8cf981a404a5d25fe90d4,%B7686276746087825^MOORE/PATRICIA^3003,INR,"$44,023",INV-880713,912.27,james.martinez,Data Summit 2023,British Pound,1162.97,0351,WP-CA-962889,06/28,0x1a51ce0673975c3fd358731a6aefc4fe033e6597,424,"$47,096.77","$183,879",jennifer.smith@yahoo.com,546123035,34938,"$144,641",Omeprazole 20mg,44097847,CSV,"$17,163.90",0xb9c40244c9fa451dfb67773186f3735a25a83bcb,application/json,INR,4498,3773 shares @ $207.1,8523,BILL-126729,442,401,patricia.lee@yahoo.com,sig_85ab4b4c35e74a3c,400,2790 shares @ $11.17,BRL,NRT,28692.58,status,55731,robert_martin,BILL-301551,40.1,Services,XXXX-XXXX-XXXX-7807,INS-191379,Swiss Franc,2022-08-24 01:12:38,598895,%B2955191608740197^SMITH/WILLIAM^3010,"$173,408",9442,Japanese Yen,3559 shares @ $140.64,BILL-547576,"$73,149.64",48938,%B1880499358918695^THOMPSON/JOHN^2605,"$63,725.06",[a-zA-Z0-9._%+-]+@[a-zA-Z0-9.-]+,[INTERNAL] Q2 strategy review pending board approval,anna.jones@gmail.com,"$431,083",INV-127417,CLM-560685,Japanese Yen,Product Manager,INS-962329,FTP,%B1674433193360331^DAVIS/JESSICA^2702,"$34,692",85.6,john.martin@yahoo.com,Energy,1764,BILL-428711,2558 shares @ $341.22,"$33,175","performance, reporting, integration",99.378% uptime,tenant-037,b59c83029ec71c212a91b68d38c5b84c4639d5613732d7a132a197ba35aee5ce,US Dollar,Enabled,BILL-779785,2504 shares @ $471.86,4758.9,%B9886083913697152^YOUNG/MASON^2908,web-6.staging.acme.com,55779,XXXX-XXXX-XXXX-6537,606031306,CHF,518968970,4660 shares @ $411.45,420bed60278072e2bed8c18284575a8f2400ae3c7753466690df8d2d98885e25,david.jackson@outlook.com,14.8,"$18,600,924",Meets expectations,%B9166402943820062^JONES/OLIVER^2407,Japanese Yen
Annual Summary 2022,78138024,true,375,"$47,232","$243,485",2026-11-01T06:27:27Z,9901.55,BILL-384310,%B8283550251189462^KING/RICHARD^2803,"3244 Oak Ave, San Francisco","$708,815",PA3623647,Order #{{id}},694854056447,max=48,image/png,"$7,235,207",2756.34,65 shares @ $172.31,3563,Euro,INS-898174,986595231,0x3ea11acdd0f63a8ef7602487f9850f0dfe12bedb,%B6240471098254515^MOORE/ROBERT^2904,BRL,"$87,680",INV-407275,447.69,jessica.white,Annual Expo 2023,Euro,8511.56,6463,WP-CA-582650,09/27,0x5c3d082796ac881bf114a401ee39ee860cc82344,392,36457.07,"$117,067",john.white@outlook.com,345362974,51160,"$240,868",Omeprazole 20mg,306938492458,YAML,"$84,986.64",0xe6cb2df160f8d05cd4c958da3f177745aa30bdfd,application/json,USD,3845,1646 shares @ $489.08,389,BILL-413063,585,775,noah.clark@yahoo.com,sig_35a51526bf85c9a0,370,3520 shares @ $18.02,CNY,LAX,"$27,127.76",email,424508,robert_thomas,BILL-318265,35.1,Clothing,6011-8577-0482-3170,INS-781524,Swiss Franc,2020-09-04 05:49:55,601143051,%B3504324104513225^MOORE/SUSAN^2505,"$91,969",6963,Swiss Franc,3086 shares @ $489.55,BILL-745181,"$50,063.59",42539,%B1796495096416045^LEE/AIDEN^2511,36153.78,^\d{3}-\d{2}-\d{4}$,[INTERNAL] Q3 strategy review pending board approval,john.thompson@gmail.com,"$8,967,197",INV-216884,CLM-816894,British Pound,Data Analyst,INS-738126,FTP,%B2044873721040171^SMITH/WILLIAM^2609,"$20,006",80.6,olivia.smith@outlook.com,Energy,6490,BILL-167600,1933 shares @ $354.19,"$52,492","reporting, data, automation, scalability",99.737% uptime,tenant-005,6c35548c87c883bae45cc5f05a8c4616dbb7eb971a456a0a924c906d13275a4d,US Dollar,Inactive,BILL-221696,635 shares @ $367.99,7223.5,%B8951282229621191^SMITH/LUCAS^2607,api-1.prod.example.net,41238,3769-8530-6225-7758,511603414,GBP,928864160,3924 shares @ $14.61,151add09b4411b8165fb0c6e14370b391f9849786ff0848a46dba673d5a6704b,mary.thompson@outlook.com,85.6,"$595,960,050",Meets expectations,%B8768157914416561^DAVIS/OLIVER^2406,US Dollar
Technical Summary 2024,96575677,false,304,"$65,035","$101,426",2026-02-13T17:17:36Z,5923.14,BILL-628339,%B7682626169192211^JONES/JOHN^2807,"3151 Main St, San Francisco","$8,559,352",MA1143119,Order #{{id}},60345169,warn=1015,text/csv,"$8,689,312",1648.83,2627 shares @ $12.55,6963,US Dollar,INS-796366,157421981,0x827d1aeed4e07c8cd92176025f79d9441d9f5a79,%B4965406539106874^JOHNSON/ROBERT^3005,CAD,"$75,988",INV-881995,926.47,mary.wright,Tech Forum 2023,Japanese Yen,4196.69,6418,WP-US-120933,05/30,0xa6890d8ac06026a8b948c3828d1ff1c73ef71da8,6829,"$68,386.96","$39,497",william.lee@gmail.com,672936473,89481,"$215,115",Ibuprofen 200mg,42907311,XML,68762.67,0xae42caac8e6ede4d7f5d663cef0dd6f917d45067,application/xml,INR,5243,1659 shares @ $427.8,7199,BILL-225207,663,699,emma.jackson@yahoo.com,sig_88182b6061a84079,360,608 shares @ $413.82,EUR,ORD,$272.00,name,50325,olivia_moore,BILL-332436,88.4,Clothing,6011-9055-2717-1659,INS-426136,US Dollar,2023-06-18T10:51:09Z,60112072,%B9972511348763212^MOORE/OLIVIA^2708,"$98,580",2811,Euro,2463 shares @ $435.7,BILL-664389,45924.46,377042,%B9824121367088597^JONES/JESSICA^3002,"$61,276.84",^\d{3}-\d{2}-\d{4}$,[INTERNAL] Q2 strategy review pending board approval,amy.anderson@outlook.com,"$970,146",INV-612245,CLM-552753,British Pound,Sales Rep,INS-120911,gRPC,%B1804479843857471^JONES/LIAM^2910,"$30,516",33.1,elizabeth.brown@yahoo.com,Retail,1497,BILL-763376,3424 shares @ $91.49,"$136,505","data, automation, monitoring, compliance",99.443% uptime,tenant-025,174dabdf5ef0c37f8d0c27c526d0b2d7030cfab01d740b772c388d0c3c1967ae,US Dollar,Active,BILL-655222,1375 shares @ $499.64,6473.0,%B5383577711570791^THOMAS/AMY^2502,cache-10.staging.example.net,463334,XXXX-XXXX-XXXX-0866,496525676,JPY,755508436,239 shares @ $120.48,aae6bcb31c69a473bd59e353778976f9741e14afa9cdea601964f22ee5c80a98,richard.young@gmail.com,27.3,"$251,191,921",Needs improvement,%B9129639708623758^JONES/ANNA^2702,US Dollar
Quarterly Report 2022,71850421,false,658,"$159,054","$77,406",2024-08-21 04:19:23,2214.97,BILL-268238,%B5795051401956041^THOMPSON/MICHAEL^2804,"6013 Park Blvd, Paris","$2,100,301",TX2671346,Order #{{id}},70126272,warn=7584,application/xml,"$5,493,106",9432.33,1827 shares @ $347.91,7639,Euro,INS-792891,358967667,0xe85f78764e789cd500f0d6ab676a0f8e5498c2b1,%B1511684440796700^ROBINSON/LOGAN^2901,CNY,"$171,764",INV-748482,717.22,robert.rodriguez,Data Summit 2024,Japanese Yen,5561.9,521,WP-BR-614889,03/25,0xed7e389e9922b054de4dbbc3a66ef9fbac96c1d2,994,69722.98,"$143,800",oliver.walker@gmail.com,814052753,91572,"$237,558",Metformin 500mg,42616906,CSV,11426.37,0x675af45846bdc2fc54426c17a0df787734857bbe,text/html,BRL,415,342 shares @ $33.7,892,BILL-271161,457,707,anna.miller@gmail.com,sig_1adfb3f1ea30ccc2,521,4257 shares @ $395.48,AUD,SIN,15092.06,created_at,3739431,oliver_lewis,BILL-271154,6.8,Services,XXXX-XXXX-XXXX-8044,INS-756619,Euro,2026-11-07T19:55:13Z,55871,%B1022155405447905^ANDERSON/NOAH^2907,"$197,052",4318,Euro,4508 shares @ $242.37,BILL-326699,18295.13,44543,%B0680075005199093^WRIGHT/LINDA^3005,"$74,053.79",^[A-Z]{2}\d{6}$,[INTERNAL] Q2 strategy review pending board approval,mary.davis@gmail.com,"$1,730,542",INV-578837,CLM-135919,Japanese Yen,Software Engineer,INS-466534,WebSocket,%B6443113543047671^MOORE/ELIZABETH^2702,"$38,339",91.9,sophia.jones@gmail.com,Healthcare,1115,BILL-440266,2034 shares @ $203.38,"$53,352","compliance, integration, reporting, scalability, automation",99.838% uptime,tenant-050,f90fbeca8df418ad487e157c2eeef41b0e10fc4271e502ae5c7b65f2a4ad3984,US Dollar,Enabled,BILL-404933,2764 shares @ $237.99,9264.2,%B7496603638175257^BROWN/EMMA^2604,db-15.dev.acme.com,375275,XXXX-XXXX-XXXX-4075,935307293,JPY,129803042,3316 shares @ $183.46,b39214672c366270de4c72a415c354d8ce5e8260279b7c062cecc7c6e6ed976a,mason.smith@gmail.com,89.6,"$431,306,169",Outstanding,%B4293633818807055^MOORE/LOGAN^2701,Swiss Franc
Annual Review 2025,44951566,false,725,"$37,990","$68,899",2021-08-05T08:30:53Z,7313.75,BILL-772630,%B6798746737470620^JONES/ETHAN^2802,"6920 Maple Dr, Paris","$3,523,443",GA6380322,{{date}} - {{event}},297134251520,max=5636,text/html,"$4,502,155",4908.04,3493 shares @ $402.18,4261,Euro,INS-439517,684142854,0xbdf1107ab904d250cb3aa4aa45113b38e98fc903,%B2331466869030275^THOMPSON/ETHAN^2908,EUR,"$212,702",INV-345327,618.17,patricia.king,Global Conference 2023,Japanese Yen,7406.57,3644,WP-CA-866190,03/27,0xcb25f85c5721a509420d9d5d2d5d4ec8d50a200d,099,16915.51,"$139,541",elizabeth.martin@gmail.com,390565148,46813,"$172,732",Omeprazole 20mg,919916163437,Parquet,18651.91,0x82063dc7010bf5c8b11028d11d218f53388f4ad5,text/html,USD,1066,401 shares @ $230.88,168,BILL-327873,301,812,elizabeth.lee@outlook.com,sig_457695efc6108fef,821,2395 shares @ $330.09,INR,JFK,35462.82,amount,3701712,patricia_harris,BILL-627966,42.9,Clothing,XXXX-XXXX-XXXX-8015,INS-920671,US Dollar,2026-01-24T13:30:27Z,53722,%B1467452119630052^ANDERSON/AMY^2609,"$233,223",9375,US Dollar,1446 shares @ $336.47,BILL-709653,"$30,216.85",60116922,%B0694686990147536^MILLER/RICHARD^2412,49580.30,^\d{3}-\d{2}-\d{4}$,[INTERNAL] Q4 strategy review pending board approval,jennifer.moore@gmail.com,"$2,479,615",INV-539703,CLM-337510,Swiss Franc,VP Engineering,INS-109183,SSH,%B9372707141709129^GARCIA/MARY^2605,"$37,819",91.5,jessica.brown@yahoo.com,Finance,6841,BILL-777539,3428 shares @ $322.01,"$183,760","integration, monitoring, data, performance",99.377% uptime,tenant-024,8ce612396bba11bb87af20ff3ce870522b0d6b86eee89f7acfb3ae3ea30ceec4,Japanese Yen,Active,BILL-920190,2636 shares @ $315.51,6993.6,%B2995951877213874^BROWN/LIAM^2912,cache-7.staging.acme.com,601150690,3793-1947-6574-3383,723346133,USD,188086535,2232 shares @ $383.56,da11dc031b5b94db8dfeb5a6f49fecdbde0aa2aa1d262d913cfa0b6568b3cb0f,john.brown@gmail.com,7.3,"$760,016,115",Needs improvement,%B7500733616668423^THOMAS/EMILY^2608,Japanese Yen
Annual Analysis 2023,6714262500,true,563,"$92,703","$179,746",2019-01-25T11:13:10Z,7612.18,BILL-347043,%B2331843018245732^CLARK/JESSICA^3008,"2840 Oak Ave, Boston","$6,108,935",NY7884522,Hello {{name}},36926926,crit=4344,image/png,"$6,036,029",3416.19,529 shares @ $406.35,0971,US Dollar,INS-456107,184670300,0x71aee906cd1d1ddf747d2d740dc85237cec20b52,%B8126326896696852^MILLER/ROBERT^2909,CHF,"$92,765",INV-920104,640.57,susan.thomas,Annual Forum 2022,Swiss Franc,7214.94,4155,WP-GB-388257,02/27,0x88eb061337be27340ac266d5f32eb025447de588,7149,67095.30,"$84,949",michael.smith@yahoo.com,127156054,33659,"$66,374",Metformin 500mg,210289123195,XML,"$64,557.99",0xd530ef5725624cddac6a7d5f55e36ad1140efcae,application/xml,USD,4170,3537 shares @ $204.02,015,BILL-229913,739,629,aiden.wright@outlook.com,sig_8a286ae7acddba06,598,2094 shares @ $90.72,CAD,ORD,"$39,998.56",name,60113284,william_martin,BILL-791673,38.5,Software,5342-8286-0857-9348,INS-599737,British Pound,2022-07-20 16:38:23,3781143,%B8701481832744333^JOHNSON/SUSAN^2602,"$206,860",5449,British Pound,3921 shares @ $420.09,BILL-846332,13613.13,41191,%B0167285872309993^MARTINEZ/ELIZABETH^2405,"$54,585.71",^[A-Z]{2}\d{6}$,[INTERNAL] Q2 strategy review pending board approval,emma.smith@yahoo.com,"$6,155,107",INV-511362,CLM-865265,British Pound,Sales Rep,INS-675995,WebSocket,%B3391804374371865^ANDERSON/ETHAN^2410,"$11,075",46.2,harper.smith@outlook.com,Education,5789,BILL-134496,3694 shares @ $290.74,"$52,026","security, analytics",99.566% uptime,tenant-047,bade3d99253718204708ffcf313ec77233a6432b5aa6c8114fae33e46183d370,British Pound,Disabled,BILL-125989,4154 shares @ $213.81,4512.8,%B4615769939520624^MARTINEZ/LIAM^2409,cache-16.dev.example.net,45663,5996-4777-2951-3761,114776949,USD,871768275,1411 shares @ $243.46,275d770311b08ded35635261e15f569eb9965efba61ed31666de50f077bb2391,mason.thompson@outlook.com,85.6,"$381,487,874",Needs improvement,%B5002125790829698^MILLER/NOAH^2701,Japanese Yen
Quarterly Summary 2021,38827645,false,367,"$177,367","$200,406",2019-12-26 17:22:11,6674.82,BILL-900203,%B4898069711158704^HARRIS/EMILY^2509,"3562 Main St, Dallas","$7,551,263",NY5944695,Order #{{id}},965941377644,max=2622,text/csv,"$7,852,158",6391.6,4348 shares @ $471.11,3916,Swiss Franc,INS-474513,031618528,0x87eda2658d96157c8a7eb700d6f9ddf61cd1c9c4,%B7863794394718899^KING/SOPHIA^2501,GBP,"$153,797",INV-922398,66.83,richard.harris,Data Expo 2026,Swiss Franc,8008.69,928,WP-CA-449269,09/26,0x7f03235020aa2dc30fc126edb7f2c3af106a062f,2450,50571.06,"$37,470",jessica.smith@gmail.com,572115028,56757,"$159,034",Albuterol 90mcg,5353820592,YAML,"$54,675.16",0x501b1afe47bf737ae90cec4a41c0f25d350d938a,application/json,EUR,0384,2924 shares @ $484.24,7767,BILL-441558,520,413,michael.thompson@gmail.com,sig_528e2ea6ff58b0d1,580,2671 shares @ $203.56,INR,SFO,"$32,461.56",status,58054,john_clark,BILL-885874,55.2,Clothing,4906-9103-6569-6244,INS-484760,Japanese Yen,2019-08-01 12:28:33,51009,%B2345145214092604^WILLIAMS/MICHAEL^2507,"$78,099",6649,Japanese Yen,2429 shares @ $40.28,BILL-333903,12244.23,58615,%B3443419398803321^KING/JESSICA^2904,"$5,087.92",[a-zA-Z0-9._%+-]+@[a-zA-Z0-9.-]+,[INTERNAL] Q4 strategy review pending board approval,mason.jackson@gmail.com,"$8,593,388",INV-914517,CLM-121946,Japanese Yen,CTO,INS-682841,WebSocket,%B5598045324623974^BROWN/ETHAN^2609,"$25,514",56.6,harper.lee@gmail.com,Technology,5610,BILL-489698,4665 shares @ $497.96,"$242,868","analytics, scalability, security",99.258% uptime,tenant-044,92c43365923338a82a9b40ebb26fb66817bf9d0be2d789541ac92baaa0fbb13b,Japanese Yen,Disabled,BILL-471123,3413 shares @ $156.01,714.1,%B4227605319120740^THOMAS/AIDEN^2506,app-3.prod.acme.com,462122,XXXX-XXXX-XXXX-6525,996515803,CAD,479701697,3409 shares @ $451.82,353f277e996360ed67ca16a611f10b487329557b9173710716a43ad7d78de965,sarah.robinson@yahoo.com,59.8,"$736,542,227",Needs improvement,%B7176413161149518^TAYLOR/PATRICIA^2409,Swiss Franc
Technical Review 2024,538646464770,true,776,"$104,578","$243,215",2018-01-28 18:47:23,4380.31,BILL-670500,%B5093315778621120^BROWN/JOHN^2811,"8471 Maple Dr, Sydney","$3,473,776",OH5331578,Order #{{id}},08843151,crit=9568,image/png,"$9,625,434",8232.01,3454 shares @ $347.24,9398,Swiss Franc,INS-849721,427984508,0x0d2f1b04906a250ce66acad3f0991e1d1ed6ad74,%B2862232805891795^MARTIN/SARAH^3012,CHF,"$147,333",INV-971721,884.96,amy.young,Annual Expo 2026,US Dollar,95.85,6075,WP-JP-278801,10/29,0x0626d2dc99b6dd87a0b822745824593aab9eaac2,136,59686.05,"$48,278",oliver.davis@gmail.com,514977983,97633,"$220,120",Omeprazole 20mg,1232959401,CSV,"$88,161.77",0xb8527c3efd3fc69d73eb16d1fc131435a2d5fec8,application/json,CHF,955,3948 shares @ $192.27,481,BILL-811597,422,711,robert.smith@outlook.com,sig_5382b03fa4f291f9,524,366 shares @ $491.12,EUR,SFO,"$69,588.77",name,374146,william_lewis,BILL-415167,41.0,Hardware,4043-3208-0672-9997,INS-100656,US Dollar,2024-07-21T23:39:36Z,60119008,%B0727261150450275^JONES/OLIVIA^2610,"$130,904",7146,Euro,2676 shares @ $200.12,BILL-111901,"$27,379.93",3737212,%B7850712989980316^JOHNSON/NOAH^2607,71.21,^[A-Z]{2}\d{6}$,[INTERNAL] Q1 strategy review pending board approval,oliver.thompson@outlook.com,"$8,049,339",INV-448942,CLM-929511,US Dollar,VP Engineering,INS-939516,WebSocket,%B4847188257121187^THOMAS/JAMES^2707,"$24,457",86.7,linda.brown@yahoo.com,Energy,4259,BILL-869536,4274 shares @ $11.62,"$94,496","automation, analytics, monitoring, compliance, integration",99.34% uptime,tenant-034,9b54d1729272b749c483279738ddef992f151246f812dc18a428fa1f4b00f7ea,Japanese Yen,Inactive,BILL-184605,2360 shares @ $176.74,7765.6,%B3482945795422873^MOORE/SUSAN^3008,cache-14.dev.acme.com,60116906,3738-2226-3574-7775,433278837,JPY,122868655,2582 shares @ $99.57,89371f90621d725a4f9937b263a1b1adc7a0a31868bf765490b1bc214e3ee29a,mason.taylor@outlook.com,66.8,"$833,856,102",Exceeds expectations,%B9142928859255151^ANDERSON/OLIVIA^2605,Swiss Franc
Technical Summary 2025,9680503033,false,821,"$37,860","$153,670",2024-11-12 22:46:17,7326.17,BILL-600160,%B9061998265570857^MARTIN/DAVID^2707,"6762 Main St, Los Angeles","$9,601,971",CA7695374,Dear {{customer}},2928877810,min=8900,text/html,"$1,611,530",9999.81,3030 shares @ $91.69,5354,Swiss Franc,INS-408135,165929293,0xf7e2cc52bcd75033b5c2a539813725427570074a,%B7984683446614407^ROBINSON/HARPER^2608,USD,"$101,528",INV-936148,497.07,james.white,Global Summit 2020,Japanese Yen,812.47,7111,WP-JP-417891,06/29,0x39f71703121dda80bd0f048fe7e79a26982e3caf,457,"$13,015.64","$102,609",lucas.martin@outlook.com,926257779,42988,"$230,719",Omeprazole 20mg,6748015810,CSV,59267.36,0xb4352114d93e64880ee0d4b1140ff1692555ae56,image/png,CHF,732,4593 shares @ $210.7,538,BILL-831111,448,742,mary.williams@gmail.com,sig_f49370940e6000d4,388,3528 shares @ $476.3,GBP,CDG,"$89,191.99",email,582010,elizabeth_rodriguez,BILL-545381,36.5,Electronics,4141-6206-7754-7069,INS-613128,Swiss Franc,2023-09-09 11:34:33,50982,%B1717082670750642^JOHNSON/MICHAEL^3010,"$121,814",9713,US Dollar,2269 shares @ $15.79,BILL-761912,35159.75,601118110,%B3493427973379708^WALKER/LOGAN^3006,52187.00,[a-zA-Z0-9._%+-]+@[a-zA-Z0-9.-]+,[INTERNAL] Q4 strategy review pending board approval,jennifer.king@gmail.com,"$8,895,511",INV-358234,CLM-903340,Euro,VP Engineering,INS-489536,HTTP,%B3696822505259380^JACKSON/EMILY^2502,"$47,993",47.4,aiden.clark@yahoo.com,Healthcare,4078,BILL-819401,2657 shares @ $202.57,"$42,484","reporting, security",99.165% uptime,tenant-038,c98441aa1c503f32558119b28fdafeae21240acd04d1b1dbe85b0f40c6a6b4b4,Swiss Franc,Inactive,BILL-503319,3043 shares @ $330.11,9076.1,%B2645511560723677^THOMPSON/RICHARD^2808,api-9.dev.example.net,40162,5543-9336-5225-7213,272070046,INR,013361217,3466 shares @ $169.19,45aa190653744b2c67d104a1521f2ef2309dc2a2988070445f80aa8f2aee7cdf,william.anderson@yahoo.com,32.6,"$308,864,393",Exceeds expectations,%B8154866956106545^CLARK/ANNA^2807,British Pound
Annual Analysis 2022,9171460499,false,381,"$185,994","$115,539",2019-10-25T15:26:11Z,5864.03,BILL-642895,%B5302878383797019^MILLER/JENNIFER^2508,"419 Cedar Ln, San Francisco","$3,405,584",TX9820697,Hello {{name}},453674774460,min=7741,application/pdf,"$456,027",4895.62,2377 shares @ $416.38,4973,Swiss Franc,INS-216918,839097324,0xbf1804bd40f1d9d88360ea7c85aaab4ec1b2d093,%B5886517851506699^MILLER/LINDA^2509,CAD,"$242,521",INV-206461,412.26,mary.garcia,Data Conference 2023,British Pound,4838.52,056,WP-JP-724571,07/28,0x597b154eeb7de8fc6706b5ebbac9c43b394c81f2,404,"$75,081.77","$96,181",patricia.anderson@gmail.com,543552590,68858,"$203,222",Lisinopril 10mg,2131150279,XML,51219.15,0xa3d10dfc4f1bc45a2658ad32fa91b29cbacf9430,text/csv,CHF,107,194 shares @ $124.79,9423,BILL-164205,593,564,jennifer.walker@outlook.com,sig_c3ad6bd14c4f9777,302,1992 shares @ $85.89,CAD,NRT,44332.73,email,60118500,amy_walker,BILL-922813,95.9,Hardware,XXXX-XXXX-XXXX-5359,INS-280489,US Dollar,2018-06-18 05:51:10,46658,%B0668484237863467^WALKER/JOHN^2811,"$230,382",8521,US Dollar,1291 shares @ $361.5,BILL-343429,"$8,952.76",60110556,%B7822925150283451^LEWIS/SARAH^3012,"$36,750.18",^[A-Z]{2}\d{6}$,[INTERNAL] Q4 strategy review pending board approval,john.anderson@gmail.com,"$7,939,639",INV-444204,CLM-218579,Swiss Franc,Product Manager,INS-817405,HTTP,%B2829898268495671^DAVIS/PATRICIA^2408,"$28,902",24.9,ethan.clark@yahoo.com,Manufacturing,8469,BILL-198477,4373 shares @ $368.96,"$229,510","reporting, scalability, integration, monitoring",99.934% uptime,tenant-043,b4785ce22e447eb56674af9639c713e20d0797bb04899c7a859159074095dd3e,Japanese Yen,Disabled,BILL-895660,1514 shares @ $120.38,4380.6,%B0459738487785321^DAVIS/EMMA^2507,db-5.prod.acme.com,373291,5068-2107-3645-4866,360809356,INR,859543294,2112 shares @ $232.67,a7f718b08b16ad8cdbba884bacdf169d57ff07600242c13897758d249aa6cb1b,ethan.walker@yahoo.com,5.5,"$484,986,115",Exceeds expectations,%B9900846714640304^CLARK/NOAH^2609,Euro
Quarterly Analysis 2025,61438934,true,428,"$31,736","$36,018",2020-06-10 10:36:27,2657.54,BILL-609726,%B8733498075384059^JONES/ELIZABETH^2907,"6995 Oak Ave, Portland","$1,747,400",WA2339030,{{date}} - {{event}},82587788,warn=508,application/xml,"$7,464,419",3631.76,3646 shares @ $226.88,3608,Euro,INS-153709,990012891,0x4c24f8c5ad8962db538967e737216967283307dc,%B9096978684188273^HARRIS/MICHAEL^2701,AUD,"$85,474",INV-213802,79.04,jennifer.robinson,Global Conference 2025,Japanese Yen,4659.0,388,WP-DE-712436,08/29,0xd26acbb54f62058d710988f9e31b2c2f417b47db,633,18779.30,"$171,157",john.martin@outlook.com,770074589,7866,"$219,360",Omeprazole 20mg,5588929029,YAML,19043.26,0xa5578a5d225ca1468182672cb98b83fc3b0d95ab,application/xml,USD,966,824 shares @ $137.05,1537,BILL-784103,415,648,noah.smith@gmail.com,sig_42ea46d2bc374d8f,426,2765 shares @ $154.04,EUR,JFK,"$93,203.35",name,372944,mary_taylor,BILL-693107,49.2,Services,XXXX-XXXX-XXXX-3301,INS-361190,British Pound,2022-02-20 02:14:23,601184174,%B2814867080455179^ROBINSON/MICHAEL^2712,"$45,448",3206,British Pound,1542 shares @ $125.96,BILL-612757,40694.54,426809,%B5431640282863495^WALKER/SOPHIA^2405,"$26,993.43",[a-zA-Z0-9._%+-]+@[a-zA-Z0-9.-]+,[INTERNAL] Q1 strategy review pending board approval,jennifer.white@outlook.com,"$9,803,845",INV-525313,CLM-360694,US Dollar,VP Engineering,INS-506048,gRPC,%B5371421179836104^YOUNG/LINDA^2412,"$13,377",87.1,patricia.jackson@outlook.com,Finance,5392,BILL-550166,4245 shares @ $374.27,"$174,787","security, compliance, performance",99.758% uptime,tenant-046,ff08cdbddd4cb07d97eadedf0c9529656aca171ab532eef2baf00641cec6b46c,Swiss Franc,Active,BILL-473515,2994 shares @ $337.15,2602.5,%B7926532708620187^SMITH/EMILY^2610,db-2.prod.example.net,42694,4415-4826-2177-9170,028838437,USD,750024034,137 shares @ $407.91,3e56f946e8724a3d19e5b85f74b323a2ab2eda4182fec845d7620f5c3f08792f,lucas.anderson@yahoo.com,24.5,"$794,358,807",Outstanding,%B1041426629719165^JACKSON/SOPHIA^2505,US Dollar
Technical Summary 2022,6728572086,false,437,"$51,316","$109,811",2018-03-17T15:45:26Z,4210.51,BILL-677631,%B9868725470556533^JOHNSON/ELIZABETH^2709,"5860 Maple Dr, Toronto","$6,137,396",FL7231201,Hello {{name}},6866904799,max=939,application/json,"$715,283",768.28,4608 shares @ $440.25,0273,British Pound,INS-410217,538184537,0x3f9a0a539fbef7de9429086a4248679c22902817,%B8984030432187742^ANDERSON/OLIVIA^2910,USD,"$51,327",INV-136532,118.69,richard.martinez,Global Conference 2024,Euro,2981.08,883,WP-AU-780548,04/25,0xc6d3fa306882ccb38a784e5b19ba7657fdefbb34,2291,"$90,656.38","$244,342",mason.lee@gmail.com,427322921,3942,"$110,774",Lisinopril 10mg,37963807,JSON,16848.89,0x4c5a350dd5d293b296dcebfb1412225c17e46095,text/csv,AUD,468,753 shares @ $410.98,341,BILL-597835,438,612,oliver.williams@gmail.com,sig_576a2f4e314822b5,348,2581 shares @ $288.44,USD,SFO,"$11,655.93",id,3778460,noah_young,BILL-218082,67.7,Services,6011-5929-3236-8279,INS-972158,Euro,2023-02-10 10:17:08,439355,%B9107044529073552^THOMAS/EMILY^2609,"$86,873",0722,Japanese Yen,2547 shares @ $471.7,BILL-254396,43762.45,551995,%B8348569006931183^GARCIA/SARAH^3003,"$69,359.81",^[A-Z]{2}\d{6}$,[INTERNAL] Q4 strategy review pending board approval,jessica.wright@gmail.com,"$1,742,369",INV-216273,CLM-372513,US Dollar,Product Manager,INS-156153,FTP,%B0301974992646477^THOMPSON/OLIVIA^2611,"$8,302",8.9,emily.williams@outlook.com,Manufacturing,739,BILL-410266,3850 shares @ $171.83,"$240,373","compliance, security",99.34% uptime,tenant-012,651e5e60e8f7aca3c1d6375f22a0e2e793eb8c8690018aac2b55e410fbf2977c,Swiss Franc,Disabled,BILL-582612,1463 shares @ $294.13,4995.7,%B5643459239525676^MILLER/ELIZABETH^2606,web-7.staging.example.net,378633,5614-3064-8386-3728,406212390,INR,772059837,1251 shares @ $267.57,bb658cb9dd0fcb77876724f193efc066ae000c77b7cefc225cc0f6e0140f0f89,jessica.anderson@outlook.com,31.9,"$887,258,342",Outstanding,%B4405150046122208^THOMPSON/PATRICIA^3004,Euro
Annual Summary 2023,09992833,false,839,"$105,056","$191,432",2020-02-11 11:34:05,572.27,BILL-157898,%B3372186218140101^MARTINEZ/DAVID^2910,"1018 Maple Dr, Tokyo","$8,951,891",IL2593953,Hello {{name}},2591325254,min=3529,text/html,"$4,232,640",6185.32,4438 shares @ $47.67,5714,US Dollar,INS-481551,004254986,0xe203b65af6e7659ae8e39e6f98dc4b6ce2894fc8,%B6660993270781916^MILLER/MICHAEL^2711,CHF,"$178,489",INV-230615,965.66,linda.wright,Data Forum 2023,Japanese Yen,9762.01,152,WP-JP-108207,04/27,0x6257e9db3e181da8ae5d2495104885f15eb68b06,823,52178.99,"$202,350",susan.white@yahoo.com,335296569,36875,"$92,062",Omeprazole 20mg,654786207649,Avro,"$42,233.07",0xdf048866c934139b9e5375344f578d476c84de3c,image/png,CAD,0567,1265 shares @ $470.73,7749,BILL-429839,426,382,patricia.lee@yahoo.com,sig_7db33ec007553ef3,818,900 shares @ $284.09,CNY,NRT,"$19,124.19",id,49689,patricia_davis,BILL-686843,75.1,Electronics,XXXX-XXXX-XXXX-2957,INS-777453,Euro,2022-01-26 19:41:43,601140292,%B8331313909030920^JONES/JENNIFER^2902,"$186,848",4936,US Dollar,820 shares @ $240.47,BILL-218385,99688.37,3733980,%B6466639198321353^CLARK/LOGAN^2808,23415.81,^\d{3}-\d{2}-\d{4}$,[INTERNAL] Q3 strategy review pending board approval,emily.miller@yahoo.com,"$9,595,426",INV-215580,CLM-908797,British Pound,Product Manager,INS-429857,WebSocket,%B8180157068004079^HARRIS/OLIVIA^2401,"$38,770",86.7,linda.smith@outlook.com,Education,1736,BILL-288288,1964 shares @ $159.88,"$145,391","data, scalability, monitoring, automation",99.896% uptime,tenant-013,ac0d7c7c5bd3fa6dd4dae41e291a791d614b31cac394f5ed2a533a80b5550735,Japanese Yen,Enabled,BILL-922325,3648 shares @ $465.88,1510.2,%B9861804500435816^SMITH/AMY^2407,db-11.dev.acme.com,55979,3773-9902-9500-7885,387567117,CNY,865193980,3283 shares @ $22.06,74dba3394b1edb243481b501bfa701d845213e06e82bc77e8cf345d9928192c0,richard.johnson@gmail.com,23.9,"$519,731,082",Outstanding,%B4051692009336521^DAVIS/SOPHIA^2508,Swiss Franc
Executive Report 2025,3145895609,false,714,"$31,137","$38,712",2022-04-06 20:35:51,7111.56,BILL-970599,%B4869150259468117^WALKER/JAMES^2508,"384 Maple Dr, Tokyo","$1,022,977",OH1211147,{{date}} - {{event}},41032592,warn=2026,application/pdf,"$1,141,454",2322.91,3814 shares @ $157.65,1615,Japanese Yen,INS-259867,687131297,0xf99831bd93e75e919159c3360d52ea27014b0e31,%B1777392723922535^LEE/AMY^2908,CAD,"$239,138",INV-464773,646.9,ethan.martin,Tech Forum 2021,Swiss Franc,1124.56,1624,WP-CA-394611,01/28,0xba7967ba266b1f7bf1f2fa7e294934cb47cc5817,9473,4052.02,"$71,852",david.davis@gmail.com,603405571,43425,"$176,671",Lisinopril 10mg,5782437049,Parquet,82072.64,0x48f042e37e1c320c8daf2ede870598a71ae03d80,text/csv,CAD,8465,4289 shares @ $320.11,3825,BILL-657166,398,846,jennifer.anderson@outlook.com,sig_d6e7dc0dc7c7ee39,842,2091 shares @ $355.66,JPY,LHR,"$6,570.72",name,43312,lucas_robinson,BILL-337899,3.8,Services,XXXX-XXXX-XXXX-9148,INS-150140,US Dollar,2018-06-27 02:08:36,582515,%B3185322828735881^WRIGHT/OLIVIA^2610,"$81,856",3516,Swiss Franc,1998 shares @ $197.4,BILL-591520,798.64,42286,%B9530940603757228^LEWIS/HARPER^3010,42287.80,^[A-Z]{2}\d{6}$,[INTERNAL] Q3 strategy review pending board approval,linda.harris@yahoo.com,"$7,692,271",INV-970020,CLM-426701,Swiss Franc,Sales Rep,INS-263369,HTTP,%B7315845027428676^LEWIS/RICHARD^2804,"$38,529",1.5,oliver.williams@yahoo.com,Manufacturing,231,BILL-401067,3199 shares @ $212.24,"$114,685","monitoring, scalability, data, analytics",99.097% uptime,tenant-045,498485780ed543ffa97d5bc017d23762c25ed346659d097a24d14d9b64a5ebdb,Euro,Active,BILL-258134,3493 shares @ $369.23,6877.3,%B9483345259139490^WILLIAMS/ETHAN^2404,api-11.staging.example.net,3797084,XXXX-XXXX-XXXX-4914,707538151,CAD,037377014,3357 shares @ $106.53,19d8796e50ceeec5ff1d52b73c249fa71e04e044fedd1bb9f90dd7b45eb529a9,logan.martinez@yahoo.com,95.2,"$514,853,439",Outstanding,%B7186040658820869^TAYLOR/OLIVIA^3004,Japanese Yen
Technical Summary 2025,40551452,false,550,"$163,634","$44,096",2020-05-15T04:08:20Z,9484.54,BILL-427140,%B0849356503058149^TAYLOR/ANNA^2411,"3488 Park Blvd, Portland","$1,724,446",GA2070838,{{date}} - {{event}},29486048,warn=8335,application/xml,"$345,199",473.62,1027 shares @ $31.54,1829,US Dollar,INS-834395,395725285,0x360249fd526ef08bb213579a8808a669190f1a5d,%B8743714526097505^HARRIS/ANNA^2402,USD,"$45,388",INV-411290,429.31,mary.wright,Global Conference 2023,British Pound,6729.75,1391,WP-MX-818212,04/25,0x6b17a2943c4434f2e3bdc1221228ee5b7c30f3f0,6720,72508.59,"$82,360",mary.martinez@gmail.com,422814289,53838,"$92,599",Albuterol 90mcg,819129047865,YAML,28694.93,0x86998bbb31874f97b4135fc057dda5a9f0da1fcb,application/xml,BRL,234,1627 shares @ $275.84,7415,BILL-958958,489,618,patricia.garcia@yahoo.com,sig_b2b84a6236f80265,445,2128 shares @ $183.74,AUD,LHR,"$60,661.49",name,42606,anna_johnson,BILL-757973,54.6,Electronics,5218-0048-5461-8059,INS-496329,British Pound,2026-11-21T06:58:03Z,42120,%B1609460954980711^GARCIA/OLIVIA^2605,"$105,113",5150,Swiss Franc,3153 shares @ $31.13,BILL-591191,"$83,365.96",374684,%B3303754778674785^WALKER/SUSAN^2510,"$75,609.83","\b\d{1,3}\.\d{1,3}\.\d{1,3}\.\d{1,3}\b",[INTERNAL] Q1 strategy review pending board approval,mary.johnson@outlook.com,"$4,899,838",INV-899700,CLM-248070,Japanese Yen,VP Engineering,INS-956000,MQTT,%B4141352312712557^MARTIN/LINDA^2812,"$17,539",30.1,emma.martin@outlook.com,Finance,1353,BILL-748895,1195 shares @ $126.32,"$121,410","integration, scalability, data, analytics, security",99.409% uptime,tenant-003,66dbcc4fcb70fe16cd5174996427ca8413b8ebb6d81b862c109b26e6c762904b,Japanese Yen,Inactive,BILL-847437,1144 shares @ $30.57,1623.3,%B1239900362934854^YOUNG/JAMES^2405,api-13.dev.acme.com,601145781,XXXX-XXXX-XXXX-4604,645290461,AUD,660524891,618 shares @ $493.35,4c56ff2d8f5c2edee24079cd45b6df93a4fdf28b4d123b39c2e74921c97c3b3c,jennifer.anderson@gmail.com,16.4,"$424,975,855",Needs improvement,%B2834234146218258^CLARK/SARAH^2805,Swiss Franc
Annual Summary 2021,196111877465,true,733,"$65,784","$223,655",2022-06-26T04:04:09Z,7380.38,BILL-669232,%B1206392059154943^RODRIGUEZ/LINDA^3001,"3680 Pine Rd, Berlin","$7,770,696",MA5530176,Order #{{id}},07158299,crit=460,application/json,"$4,751,063",8327.51,622 shares @ $402.35,3308,British Pound,INS-641549,091252300,0x4b1931d8610aa262e0063fcee484a3405e8b06ab,%B0930204474132454^JOHNSON/NOAH^2406,BRL,"$215,493",INV-193538,960.83,harper.miller,Global Expo 2023,British Pound,6909.09,931,WP-FR-608842,07/30,0x78a79502ebd9e25530a0bf29dc3c594b9daf5342,812,68942.78,"$162,156",richard.moore@yahoo.com,168916667,51133,"$175,505",Lisinopril 10mg,415358033361,JSON,1438.51,0x4c89faf4bd0545bad505b69ac6824db655d8ad67,application/json,INR,122,963 shares @ $45.24,1167,BILL-106514,379,593,olivia.king@yahoo.com,sig_5f559847d247af2e,586,1883 shares @ $313.09,EUR,LHR,66589.10,created_at,406162,aiden_garcia,BILL-381791,83.7,Services,6011-4606-9880-9564,INS-867495,Euro,2026-06-09T18:32:52Z,3777667,%B6407192588525079^ROBINSON/ANNA^2908,"$244,058",5935,US Dollar,226 shares @ $437.76,BILL-266746,"$16,859.42",53139,%B6865912186367729^KING/SUSAN^2908,"$7,991.53",^\d{3}-\d{2}-\d{4}$,[INTERNAL] Q4 strategy review pending board approval,john.garcia@outlook.com,"$4,598,470",INV-709645,CLM-916821,British Pound,Sales Rep,INS-710305,SMTP,%B4941380258754017^ANDERSON/PATRICIA^2612,"$45,444",91.7,elizabeth.thompson@yahoo.com,Energy,2670,BILL-747851,1573 shares @ $495.8,"$220,053","compliance, automation, cloud",99.346% uptime,tenant-047,9b20655213ccc19869bb112b2423614d3567efc7dab1389e873938530aa4aa7b,Euro,Enabled,BILL-380649,3563 shares @ $348.47,1993.9,%B7061305120462225^JOHNSON/HARPER^2606,app-8.prod.acme.com,601169967,XXXX-XXXX-XXXX-2756,946224497,JPY,818867693,1889 shares @ $159.6,ae764c6e8b0a4d2d87a7ac77b177c42a9a65f926e603400680619980bfe50920,michael.jones@gmail.com,80.8,"$779,045,236",Needs improvement,%B4408399450686295^GARCIA/MICHAEL^2801,British Pound
Annual Analysis 2026,56616423,false,607,"$206,197","$221,455",2021-09-05T21:36:18Z,5705.33,BILL-818248,%B3784143765644698^RODRIGUEZ/PATRICIA^2411,"679 Cedar Ln, Denver","$1,758,549",CO2718106,Dear {{customer}},466260353138,min=8522,application/pdf,"$3,142,469",8446.57,3840 shares @ $345.23,0473,Euro,INS-466757,362494642,0xa82b8a433cbc4e278ac493618c1b58066251f0df,%B5906414326423984^BROWN/ROBERT^2710,INR,"$160,840",INV-939741,646.58,olivia.robinson,Data Conference 2025,Japanese Yen,3327.9,0258,WP-GB-605978,11/24,0xdeef646f82445345fd13e01215487e174b62cb93,722,"$6,712.60","$88,401",aiden.white@yahoo.com,377412518,54239,"$125,348",Albuterol 90mcg,29291264,JSON,"$43,551.34",0x1c2f204b6018e912cafb637c340a4f975fbdaaae,application/json,USD,779,1839 shares @ $417.53,7337,BILL-900826,601,756,ethan.taylor@outlook.com,sig_5b4388238aa9df11,421,4178 shares @ $449.61,CAD,CDG,77760.26,email,3737020,william_thomas,BILL-777286,85.6,Hardware,5599-3898-1437-3683,INS-265670,Euro,2025-01-15T00:03:05Z,3768208,%B4151345775316360^HARRIS/MASON^2711,"$30,034",7162,Euro,840 shares @ $293.22,BILL-710104,"$96,685.73",377073,%B9978026084551574^BROWN/SOPHIA^2802,"$87,680.76",^[A-Z]{2}\d{6}$,[INTERNAL] Q4 strategy review pending board approval,mary.smith@outlook.com,"$4,177,749",INV-610932,CLM-943399,Swiss Franc,Designer,INS-765580,gRPC,%B5715357898300220^LEWIS/SARAH^2909,"$20,819",59.6,patricia.thomas@gmail.com,Technology,1653,BILL-181884,4659 shares @ $96.14,"$117,285","scalability, cloud, integration, analytics, data",99.792% uptime,tenant-015,8964afeeb3d07c85d4f75e0b457f8f90464fa9bb07d713c70d5432c0f18b9ce2,British Pound,Inactive,BILL-335494,4972 shares @ $151.29,3120.4,%B2634513000244444^BROWN/NOAH^2401,cache-2.staging.acme.com,3771048,XXXX-XXXX-XXXX-4255,326837869,GBP,183577664,314 shares @ $221.84,2ad6e84d94d37ccd0059bab4e43a930406c1f75c8377240c5517e1ae70d7f0c4,mason.harris@gmail.com,54.9,"$644,471,179",Meets expectations,%B1818077139889487^JACKSON/WILLIAM^2602,British Pound
Annual Review 2022,4373499319,false,398,"$191,606","$179,274",2024-07-05 06:17:57,7183.95,BILL-659322,%B0806827498651017^THOMAS/SARAH^2903,"6928 Main St, Boston","$9,449,250",GA4650210,Order #{{id}},95751603,crit=1502,application/xml,"$7,334,826",880.34,4690 shares @ $112.15,7208,Swiss Franc,INS-441383,757420082,0x2a85d66521a9b9b2ff62706c2876009158e63cd8,%B8668515076978013^CLARK/SUSAN^2505,GBP,"$205,329",INV-508438,532.41,aiden.johnson,Data Conference 2026,Swiss Franc,3161.79,371,WP-GB-170769,12/28,0x10c0ee8720714f35a07b5a0a127f7666b8612a99,869,36192.55,"$239,925",linda.robinson@outlook.com,962425885,82560,"$153,743",Omeprazole 20mg,8429111695,CSV,88065.77,0xad10fbf6182c49ae0fc7be7021d5e6513b6abd0b,text/csv,USD,059,2526 shares @ $465.43,051,BILL-523042,479,357,logan.taylor@outlook.com,sig_89ad6300dc5ab8a0,752,4132 shares @ $221.17,CHF,SIN,70641.05,type,449124,susan_johnson,BILL-617666,48.4,Software,XXXX-XXXX-XXXX-9019,INS-444814,British Pound,2025-11-25T18:46:28Z,51066,%B2286002748125139^WALKER/JOHN^3009,"$113,554",1749,Euro,157 shares @ $488.01,BILL-789419,"$69,936.37",372939,%B9057111239544796^WHITE/AIDEN^2609,"$46,531.70",^[A-Z]{2}\d{6}$,[INTERNAL] Q4 strategy review pending board approval,jessica.walker@yahoo.com,"$7,102,057",INV-287069,CLM-147159,US Dollar,VP Engineering,INS-835727,gRPC,%B4248627615329445^DAVIS/LINDA^2401,"$39,782",7.6,logan.rodriguez@outlook.com,Retail,6776,BILL-328341,4105 shares @ $79.24,"$49,633","cloud, analytics, integration, scalability",99.874% uptime,tenant-022,f6ff95123c2e8f752cd3bd473bc6dac24a79cefa80855cca4ec945c34b874b95,US Dollar,Disabled,BILL-664351,2248 shares @ $332.34,9708.8,%B6062791232911808^MARTINEZ/ETHAN^2611,api-15.prod.example.net,60118463,XXXX-XXXX-XXXX-6435,556789493,GBP,719039975,1427 shares @ $339.23,ca2d01b2a9fd2014b42c3678eae408cacd6872e17b3b4c6cfd3c7710a1d52964,richard.anderson@gmail.com,82.9,"$682,565,578",Meets expectations,%B8493866865271834^CLARK/SARAH^3008,Euro
Quarterly Analysis 2025,48592283,false,802,"$99,137","$46,076",2024-09-12 10:29:35,6525.3,BILL-740427,%B1579498918043317^MARTINEZ/JAMES^3007,"9981 Park Blvd, New York","$7,683,869",WA9761074,Hello {{name}},981561349789,warn=4073,image/png,"$3,117,869",874.06,3418 shares @ $108.23,9675,Japanese Yen,INS-319647,748086340,0x5f1ccd76c2f8543fad4131bce261bb16cd252e63,%B5985740156470982^WRIGHT/MARY^2402,INR,"$210,501",INV-918616,727.44,harper.moore,Global Conference 2021,Swiss Franc,67.74,0410,WP-FR-521135,01/27,0xaecd91b0bc5eb87b82cf878a67ccc589d978adee,5591,3763.64,"$214,428",richard.johnson@outlook.com,832175725,78387,"$245,753",Lisinopril 10mg,65536043,CSV,47966.60,0x8276bf8846958faf7c12990a87662ff81027eaa8,application/pdf,CNY,394,532 shares @ $307.49,037,BILL-359776,767,791,elizabeth.anderson@gmail.com,sig_4b0a630898c60893,656,3844 shares @ $102.06,JPY,NRT,"$64,363.92",amount,3731440,linda_walker,BILL-465949,62.9,Food,XXXX-XXXX-XXXX-7627,INS-299828,Swiss Franc,2024-03-02 01:03:03,53813,%B6930877329375627^THOMPSON/HARPER^2709,"$246,045",1267,Swiss Franc,2624 shares @ $39.9,BILL-999061,"$61,050.71",3736922,%B0277249747854999^MARTINEZ/ETHAN^2610,"$27,948.46","\b\d{1,3}\.\d{1,3}\.\d{1,3}\.\d{1,3}\b",[INTERNAL] Q4 strategy review pending board approval,robert.thompson@gmail.com,"$3,465,987",INV-253774,CLM-184127,Japanese Yen,Designer,INS-927569,HTTP,%B9799552650536658^WILLIAMS/SUSAN^2706,"$7,539",21.3,sophia.anderson@outlook.com,Finance,2961,BILL-125611,335 shares @ $174.84,"$96,794","compliance, analytics, scalability, cloud",99.214% uptime,tenant-049,65f9ed6f8eff26ddeb37f5d5025fd0c78316c1ca230f61454759017580e7e781,Swiss Franc,Inactive,BILL-791645,4841 shares @ $289.83,4121.6,%B6197012425374162^BROWN/RICHARD^2812,cache-6.prod.acme.com,47272,XXXX-XXXX-XXXX-7268,044916596,JPY,624799904,4622 shares @ $10.41,c566096bf42500d873d785142ae0110e429a18698c88ed477b546c7f0da67f89,john.harris@outlook.com,77.8,"$281,233,331",Meets expectations,%B6145598790299830^RODRIGUEZ/NOAH^2405,Swiss Franc
Quarterly Analysis 2020,500369706441,false,700,"$79,656","$106,933",2019-12-03 19:15:06,8231.72,BILL-687858,%B3185034858433180^ROBINSON/HARPER^2702,"1472 Pine Rd, Tokyo","$9,350,030",TX6861845,Dear {{customer}},0185708421,crit=1049,application/json,"$2,704,488",1762.13,464 shares @ $169.85,1533,Euro,INS-216938,362123450,0xdd578fa8ce0537080fc4bbc276817d164cab46b8,%B2038399728066829^THOMAS/EMMA^2901,AUD,"$43,094",INV-546364,495.38,patricia.white,Data Expo 2020,Euro,577.23,237,WP-US-528946,10/24,0x40430dac71dc46aeac871f29f4b7ab622a208e47,3124,49151.72,"$123,704",michael.williams@outlook.com,334277183,847,"$81,933",Lisinopril 10mg,344035937207,XML,60007.83,0x830131f50711dc7cd7ca9d5d7dddf50ddc4a39cb,text/csv,AUD,5257,4998 shares @ $398.41,413,BILL-442399,629,512,sarah.jackson@yahoo.com,sig_a63aa604b4193ed3,328,991 shares @ $201.66,BRL,ORD,42611.79,amount,601131434,emma_rodriguez,BILL-462111,36.5,Software,4834-9990-1197-5640,INS-403960,Swiss Franc,2025-03-03T13:37:08Z,554983,%B5255286692778806^HARRIS/MASON^2802,"$113,821",8666,Euro,2279 shares @ $495.15,BILL-179512,"$95,579.22",601193417,%B9058907056697382^YOUNG/LINDA^2705,"$32,992.80","\b\d{1,3}\.\d{1,3}\.\d{1,3}\.\d{1,3}\b",[INTERNAL] Q2 strategy review pending board approval,jennifer.miller@yahoo.com,"$5,097,977",INV-595127,CLM-882299,Euro,VP Engineering,INS-658079,HTTPS,%B8192412074118059^MARTIN/ELIZABETH^2606,"$32,847",65.4,susan.rodriguez@gmail.com,Technology,5133,BILL-566156,2621 shares @ $99.03,"$120,325","analytics, data, monitoring, performance",99.137% uptime,tenant-001,9d6076199c0fb04ff77b04c48f298b6644d6a4e3bd9e84350f24f4eba941d275,Japanese Yen,Enabled,BILL-462031,380 shares @ $355.47,2691.4,%B3567529621675556^SMITH/NOAH^2403,cache-8.prod.acme.com,601157587,6011-5677-1765-6413,667264087,CHF,220441011,4251 shares @ $79.58,ad18b19e8d96c31374cb2b2078f798842a4c87c642bdd6e4f2fd3d252e706282,michael.thomas@outlook.com,82.9,"$892,098,859",Needs improvement,%B2054255241925341^MILLER/MASON^2405,US Dollar
Executive Report 2021,80587839,false,676,"$245,041","$45,783",2023-04-15T09:54:35Z,2619.33,BILL-271408,%B4215633501947641^LEE/DAVID^2607,"1915 Cedar Ln, Berlin","$596,111",WA1979515,{{date}} - {{event}},0557989708,min=9027,application/pdf,"$3,109,797",2198.67,4350 shares @ $118.37,6039,British Pound,INS-370938,452061323,0x5646eeceee3808338b2abae0fa4b2aeb7ca12a1e,%B5283320307970970^DAVIS/RICHARD^2810,BRL,"$37,144",INV-548111,790.91,emily.brown,Annual Forum 2022,British Pound,4148.1,8658,WP-FR-451165,01/29,0x33862b04b77b71ff4761f32d534e8d3344f341e9,6326,9400.06,"$163,328",susan.walker@gmail.com,171295497,94914,"$53,549",Omeprazole 20mg,134470999513,Parquet,67672.85,0xb07abc9e80cf377c32db0b32d07ccc486969f8fc,text/html,USD,3662,4415 shares @ $150.75,240,BILL-796696,305,356,olivia.robinson@gmail.com,sig_78806c08ced7c9a5,562,2346 shares @ $67.98,AUD,LHR,"$98,096.95",created_at,374550,lucas_jones,BILL-794510,5.0,Food,6011-9995-4126-2702,INS-400573,Swiss Franc,2019-10-22 22:18:02,60117406,%B3078151186928498^WRIGHT/ELIZABETH^2601,"$79,940",5207,Euro,973 shares @ $228.34,BILL-438563,"$62,834.53",547863,%B6565769630835076^MARTIN/ETHAN^2904,"$68,669.57","\b\d{1,3}\.\d{1,3}\.\d{1,3}\.\d{1,3}\b",[INTERNAL] Q1 strategy review pending board approval,susan.young@gmail.com,"$9,214,179",INV-221020,CLM-469192,British Pound,Software Engineer,INS-586079,SSH,%B0292415430607510^WHITE/HARPER^2804,"$5,708",19.7,emily.williams@outlook.com,Education,6516,BILL-891914,2954 shares @ $223.27,"$172,055","scalability, monitoring, integration",99.918% uptime,tenant-015,f5b82c70ad1529745ac13ce441c9749f3763cf2d711988c50c4713eb8ff2704d,Swiss Franc,Inactive,BILL-240770,4199 shares @ $451.51,6962.6,%B8558289050003417^GARCIA/LUCAS^2509,api-19.staging.acme.com,414897,XXXX-XXXX-XXXX-1565,517187723,CHF,845161956,744 shares @ $207.41,891cef2446b390cc5eed5426853326c2259df0d66a901ec6ce092fe759dbb488,michael.harris@gmail.com,46.2,"$951,038,244",Needs improvement,%B1284579246457017^RODRIGUEZ/OLIVER^3008,US Dollar
Quarterly Review 2023,86778870,false,482,"$122,717","$228,219",2022-03-26 06:50:14,5950.15,BILL-497438,%B5804821565353794^HARRIS/MARY^2808,"6650 Oak Ave, Dallas","$4,481,014",IL5268673,Dear {{customer}},452206087494,max=8359,image/png,"$5,534,386",3110.86,1516 shares @ $404.81,5203,Swiss Franc,INS-822921,175517169,0x7eb5cfc5ec8c8325daffa252f10fa6a04ac6f57a,%B2808427034055137^ANDERSON/ANNA^2807,INR,"$78,042",INV-612890,707.22,john.white,Tech Forum 2020,US Dollar,3168.31,4232,WP-GB-128066,02/28,0x0802519afd06cfa139beacce7f214e4d183a6b62,0660,"$60,685.96","$40,850",emma.moore@outlook.com,040190342,9072,"$190,791",Ibuprofen 200mg,9915045275,Parquet,50638.35,0xa0e8710320182dbcff2ea77d697d49e35df9ad30,application/pdf,BRL,3952,4410 shares @ $356.69,383,BILL-762214,367,438,william.robinson@outlook.com,sig_e3598310729fec4f,759,2492 shares @ $141.35,JPY,SFO,5399.45,id,371279,aiden_smith,BILL-629204,29.8,Services,6011-5530-3761-3894,INS-555300,British Pound,2021-02-11T13:23:32Z,543033,%B0937139491662319^MOORE/MICHAEL^2906,"$77,004",5808,Euro,3686 shares @ $86.67,BILL-555671,2827.76,53597,%B5260967043025489^LEE/SUSAN^2907,57386.30,"\b\d{1,3}\.\d{1,3}\.\d{1,3}\.\d{1,3}\b",[INTERNAL] Q2 strategy review pending board approval,emily.williams@outlook.com,"$288,506",INV-928717,CLM-623118,Japanese Yen,Product Manager,INS-175698,MQTT,%B1875167851944506^WRIGHT/ROBERT^2404,"$19,391",15.5,aiden.johnson@gmail.com,Technology,4458,BILL-401492,2311 shares @ $350.17,"$245,939","cloud, security, reporting, compliance, monitoring",99.593% uptime,tenant-003,f4914c32c3ff608e74086c560aa817a8794d5e7f62bb945127ac8fa2f1210b8d,Euro,Inactive,BILL-341719,3215 shares @ $365.97,1615.4,%B6615364720210029^THOMPSON/OLIVIA^2901,cache-17.staging.example.net,460266,4285-4816-4793-5029,432784921,CHF,500802411,2795 shares @ $148.53,4014d0ae3e9561ff7523a57165b1c2ebcb53a925718d28c9b2ab21682362b33a,elizabeth.king@gmail.com,6.7,"$774,010,701",Needs improvement,%B1720869333255524^RODRIGUEZ/AIDEN^2807,US Dollar
Technical Analysis 2024,4768608130,false,848,"$213,857","$228,212",2026-07-18T12:58:19Z,3579.24,BILL-648949,%B6280748762192537^RODRIGUEZ/MASON^2603,"3995 Elm St, Berlin","$2,582,481",FL2095806,Order #{{id}},5435670931,warn=4374,application/xml,"$7,897,802",5785.51,3538 shares @ $116.48,3546,US Dollar,INS-736803,285034117,0x89a324948b451f6f965dd95988dd1ef2cc27c358,%B6940320840333813^JONES/EMMA^2410,GBP,"$114,799",INV-911244,334.09,linda.williams,Global Forum 2025,British Pound,380.31,643,WP-FR-128214,08/29,0x147c8701b94134c7aa262ade0ed3145d2c7f11f2,8257,16948.57,"$118,075",lucas.lewis@outlook.com,280900629,71545,"$158,172",Lisinopril 10mg,797977574425,YAML,"$61,553.28",0xd45db3be3e37b68f9aabf12781c82a84971e3e48,image/png,CNY,250,3187 shares @ $195.8,4047,BILL-452908,387,305,mason.lewis@gmail.com,sig_9680b0054fb3674b,337,1253 shares @ $458.91,CNY,SFO,"$76,348.43",name,601120661,michael_anderson,BILL-759192,74.9,Software,XXXX-XXXX-XXXX-8676,INS-443440,Japanese Yen,2019-08-02 05:15:08,373641,%B8886685986446560^GARCIA/WILLIAM^2806,"$137,907",2481,Japanese Yen,3863 shares @ $69.43,BILL-950906,91890.92,575435,%B4142808119763805^ANDERSON/DAVID^2909,55120.37,[a-zA-Z0-9._%+-]+@[a-zA-Z0-9.-]+,[INTERNAL] Q3 strategy review pending board approval,ethan.davis@outlook.com,"$34,444",INV-194595,CLM-338347,US Dollar,Sales Rep,INS-567488,HTTP,%B6753887085243989^SMITH/MICHAEL^2804,"$30,798",67.0,richard.lewis@yahoo.com,Retail,3578,BILL-711546,68 shares @ $20.38,"$120,540","reporting, analytics, performance, monitoring",99.208% uptime,tenant-049,9813285a0e42e61a83b4099309be4a7b9fd9e7678ac74e6fe39ef726ecfeb455,Swiss Franc,Disabled,BILL-308539,3056 shares @ $426.74,133.0,%B9353842187368502^TAYLOR/NOAH^2611,cache-7.dev.example.net,47523,5219-6438-6328-0309,425166864,EUR,297264481,3923 shares @ $392.84,c21bb96b624c5a23505139f0b71cbed7541545c31cc6da56d7ebad2b04d70d65,harper.taylor@yahoo.com,8.8,"$157,296,015",Exceeds expectations,%B7472938986755198^LEWIS/PATRICIA^2402,Swiss Franc
Technical Review 2026,8024558599,true,601,"$247,415","$144,590",2022-10-19 17:32:24,5284.85,BILL-161748,%B1840389719376656^LEWIS/LUCAS^2612,"1261 Pine Rd, Los Angeles","$524,307",FL7661114,Dear {{customer}},48882525,max=3827,application/xml,"$4,839,246",9676.4,1245 shares @ $38.77,4789,Euro,INS-635281,806510218,0x8edf32c293afc522800464248a187d9e6c811507,%B0102503951936860^LEE/MARY^2411,BRL,"$197,645",INV-484879,995.96,logan.brown,Annual Forum 2026,Japanese Yen,5154.33,827,WP-GB-967131,03/24,0xfb5528c92b351d83f7720a4229734f6c7a4d07fb,973,"$69,272.96","$174,836",susan.wright@yahoo.com,133137732,90930,"$110,960",Metformin 500mg,65088305,YAML,76178.61,0xd42ae51786b25bfe1f83e3fbf6d6ade46d913b90,application/xml,INR,521,3931 shares @ $168.05,6751,BILL-811768,312,726,lucas.thompson@outlook.com,sig_40da397925248620,491,3637 shares @ $260.97,CNY,SFO,"$70,031.05",name,370146,ethan_clark,BILL-281988,15.2,Clothing,5830-5926-6264-4447,INS-806657,Japanese Yen,2019-10-05 12:05:45,601118226,%B2304660942205859^WHITE/NOAH^2401,"$75,391",7053,Euro,2334 shares @ $184.44,BILL-544163,"$82,076.59",55735,%B0373785145690433^TAYLOR/ROBERT^2909,"$80,767.74",^[A-Z]{2}\d{6}$,[INTERNAL] Q3 strategy review pending board approval,sarah.moore@yahoo.com,"$9,743,458",INV-889999,CLM-958410,Japanese Yen,Designer,INS-377751,gRPC,%B8069891019797740^ANDERSON/SOPHIA^2405,"$47,944",15.9,richard.thomas@gmail.com,Technology,2003,BILL-203154,213 shares @ $25.76,"$155,468","integration, monitoring",99.072% uptime,tenant-030,6415d0c01d9e4d1b669fe33afbd5d7139cd893f3fbfda96202889f308417fdb0,Euro,Inactive,BILL-454479,1030 shares @ $259.22,7120.2,%B2683412770622082^WILLIAMS/EMILY^2907,app-11.prod.example.net,3735753,6011-1401-3122-1203,623619152,CHF,798607679,1319 shares @ $268.55,b419ee1077bd3e3bffc991076392f9fe24f5abca99efa4681699d8d9dd617fef,mason.clark@gmail.com,40.5,"$610,758,224",Meets expectations,%B5573104308247103^WHITE/SOPHIA^2909,Euro
Technical Review 2025,535400545654,false,659,"$196,765","$249,223",2022-09-02T03:50:38Z,4969.03,BILL-583544,%B1882812283913067^BROWN/JESSICA^2509,"6597 Oak Ave, Houston","$7,559,686",WA8196057,Hello {{name}},0669657196,crit=6222,text/html,"$9,669,291",6745.3,3963 shares @ $384.62,6173,British Pound,INS-967076,880376715,0xbc17df8bfb47848d82e524667644f2b086c0f9fd,%B2952646761630143^LEWIS/SUSAN^3001,USD,"$157,482",INV-458828,357.23,emma.thompson,Annual Expo 2024,British Pound,8317.97,4429,WP-DE-891392,12/30,0xf05d9ea2874233377d87d0813e5d76a8c2edfded,3091,22343.59,"$140,309",michael.davis@outlook.com,830741177,13476,"$159,644",Omeprazole 20mg,5944795350,Avro,40407.72,0x428ff994c71681487534dcb8dece7405f22d82a1,application/xml,INR,181,903 shares @ $219.67,524,BILL-285190,367,637,liam.thompson@gmail.com,sig_f2468ba51a5e9b3c,481,1016 shares @ $363.74,CHF,JFK,"$70,478.78",amount,46278,jennifer_thompson,BILL-270113,95.2,Clothing,6011-2931-4944-9956,INS-971636,Swiss Franc,2025-10-11T23:46:20Z,601126347,%B0830548311832727^MARTIN/ANNA^2606,"$78,223",0365,Japanese Yen,548 shares @ $170.1,BILL-313547,"$28,950.80",601135724,%B7830312299506360^JACKSON/LOGAN^2710,85471.36,[a-zA-Z0-9._%+-]+@[a-zA-Z0-9.-]+,[INTERNAL] Q4 strategy review pending board approval,sarah.martinez@gmail.com,"$5,540,342",INV-545319,CLM-283984,US Dollar,VP Engineering,INS-113702,gRPC,%B2503886242099056^ROBINSON/OLIVER^3009,"$25,898",85.1,aiden.lewis@yahoo.com,Education,816,BILL-524490,1902 shares @ $266.24,"$245,012","monitoring, security",99.658% uptime,tenant-009,2ddc765f497c73d546321acbbac055690e80d9feabf6b97fa14a3f21118e5715,Euro,Disabled,BILL-439783,125 shares @ $340.05,9814.3,%B7838231379963168^ROBINSON/JAMES^2602,web-1.dev.example.net,473484,3776-5498-5067-2209,497544993,GBP,613722412,2131 shares @ $126.45,54c26f57d73fcdec6cf5573e72032d344654a7a60ca7e2313632aca184ee85fe,elizabeth.taylor@outlook.com,87.6,"$305,166,291",Outstanding,%B0405281750643355^WILLIAMS/LIAM^2907,US Dollar
Technical Summary 2024,583868676718,false,313,"$155,854","$117,798",2022-07-12 05:35:02,4973.52,BILL-213091,%B6525101633075281^YOUNG/OLIVIA^2708,"8251 Maple Dr, San Francisco","$3,777,703",IL3058018,{{date}} - {{event}},27860842,warn=4915,text/csv,"$7,359,467",4613.21,4876 shares @ $13.15,7140,Swiss Franc,INS-601840,340818118,0x5e1222af7896f2764bb86746d64914beaa895e3f,%B9721000638775475^CLARK/DAVID^2601,USD,"$52,002",INV-598388,806.93,amy.thomas,Global Expo 2026,Swiss Franc,5846.87,8490,WP-JP-855260,12/29,0x692b142d8ef022ffc4e47dd8ffd242450d5f1057,8949,44570.42,"$176,888",jennifer.rodriguez@yahoo.com,005237611,28908,"$30,816",Omeprazole 20mg,28673957,Parquet,"$31,756.57",0xa54d91c2ee1574881bd367e7f20506784c03b474,text/csv,USD,175,3835 shares @ $250.16,540,BILL-426215,790,794,james.white@outlook.com,sig_161e98a09ad6166d,364,3867 shares @ $77.08,AUD,LAX,30245.20,created_at,601105659,jessica_jackson,BILL-912554,45.0,Services,5194-2207-3463-4707,INS-321396,British Pound,2023-06-24T06:28:43Z,60117335,%B9797269600548077^ROBINSON/OLIVIA^2603,"$113,774",5595,British Pound,1813 shares @ $66.02,BILL-761802,62344.34,515163,%B2068324238115701^ANDERSON/ROBERT^2811,"$63,551.03",^\d{3}-\d{2}-\d{4}$,[INTERNAL] Q3 strategy review pending board approval,mary.martinez@outlook.com,"$6,178,983",INV-912533,CLM-484477,US Dollar,Software Engineer,INS-105666,gRPC,%B5315236878674476^WALKER/EMMA^2702,"$34,079",33.3,linda.smith@yahoo.com,Retail,1450,BILL-645120,2043 shares @ $24.69,"$67,671","security, automation, cloud, performance",99.113% uptime,tenant-040,9df155402a4d4cd5bb6a8eaef6cdcb7ce12ec3015525084ef716612ba1fcc608,Euro,Inactive,BILL-393811,4569 shares @ $195.36,1367.2,%B2794549883487118^BROWN/JESSICA^2908,web-13.prod.example.net,370179,XXXX-XXXX-XXXX-3401,913418173,BRL,972550539,79 shares @ $465.61,b28bc2cb259acb71b75ac9dce67494463c3ff0a0996c506e5a294ed5f780c920,john.king@outlook.com,36.0,"$486,176,442",Exceeds expectations,%B0176826406526729^YOUNG/JENNIFER^2401,Euro
Executive Analysis 2025,9166540031,true,849,"$74,578","$57,549",2021-06-15 11:05:18,5319.47,BILL-106239,%B8500141201964539^LEE/LIAM^2804,"9576 Cedar Ln, Toronto","$5,216,317",IL8871072,Order #{{id}},5595926436,warn=8267,application/json,"$2,893,642",185.83,1837 shares @ $465.74,4834,British Pound,INS-271036,002214677,0xbb6403585a9a6784cb5b1cef5f2a2265560f0b48,%B0570712355322160^TAYLOR/JENNIFER^2408,CNY,"$127,317",INV-488649,150.53,mason.moore,Annual Expo 2026,Japanese Yen,5352.73,420,WP-JP-793791,08/25,0xb43939719cd167f92ced53dc1d7b2a76d9f2333c,7820,95561.87,"$41,503",amy.rodriguez@outlook.com,850665449,67313,"$133,893",Metformin 500mg,8283455069,Parquet,76146.19,0x1fb3c38618c93ad1a5fc571d06cda5a4bbbaa6ad,text/csv,CHF,119,341 shares @ $63.55,3918,BILL-342529,617,631,lucas.jones@yahoo.com,sig_7d05ded4edfd4451,716,3980 shares @ $433.17,CNY,ORD,"$63,908.79",type,523103,oliver_wright,BILL-462132,30.7,Food,4300-8150-8354-3389,INS-116919,British Pound,2021-04-21 07:32:10,568136,%B6439927295215063^MILLER/JESSICA^2908,"$158,320",1018,Swiss Franc,463 shares @ $143.87,BILL-691452,29000.91,436505,%B8637469659105561^MARTINEZ/LUCAS^3012,"$4,118.93",[a-zA-Z0-9._%+-]+@[a-zA-Z0-9.-]+,[INTERNAL] Q4 strategy review pending board approval,aiden.thompson@outlook.com,"$2,533,061",INV-753505,CLM-559268,Japanese Yen,Product Manager,INS-757599,SMTP,%B2549198204749221^ANDERSON/JENNIFER^2702,"$27,119",98.3,michael.taylor@yahoo.com,Energy,1973,BILL-775963,2186 shares @ $147.67,"$63,770","security, monitoring, compliance, cloud, data",99.451% uptime,tenant-042,a93cc57c372fae6b8e34a6596784ed87167cb0d41aa3e07d932acaf363a0b8e0,British Pound,Active,BILL-991972,3445 shares @ $492.97,9384.9,%B7083382458791050^YOUNG/LOGAN^2808,app-6.staging.example.net,40748,3730-0392-2445-4357,447413149,BRL,875771845,4057 shares @ $283.33,fce39df431bff26fd7b75ce5790167c11ad4ad3039831bb6aa778b4203944294,sophia.williams@gmail.com,57.1,"$313,599,291",Outstanding,%B2473885889511839^MILLER/SOPHIA^2809,British Pound
Quarterly Review 2026,8762084944,false,432,"$35,660","$108,368",2022-09-07 14:45:41,7474.02,BILL-307963,%B5370584462592196^MOORE/NOAH^2602,"4138 Park Blvd, Boston","$7,444,897",PA5972487,Dear {{customer}},93487590,warn=1450,application/json,"$5,239,993",8580.84,1187 shares @ $454.79,5649,Swiss Franc,INS-563126,493196933,0xa3f3758acac16f490948a7898083e5baee07b54b,%B3688219485054656^TAYLOR/HARPER^2409,CNY,"$225,582",INV-446098,851.25,jennifer.harris,Data Conference 2021,Euro,6936.24,0416,WP-FR-790789,09/29,0xfc7aa43000c5ce9176cbae6a3e2ce1860c5f0ad9,706,8138.13,"$185,468",olivia.king@gmail.com,041270718,92562,"$227,430",Metformin 500mg,17187745,CSV,"$39,113.03",0x839dc52ccf458de011726c9a081cd3739f569fb7,image/png,GBP,8490,2825 shares @ $27.08,8827,BILL-524752,713,502,aiden.thomas@yahoo.com,sig_12d4f3aee57100f0,727,3775 shares @ $164.11,BRL,NRT,85984.93,email,577445,olivia_clark,BILL-714152,72.6,Electronics,3767-1992-1388-1667,INS-634634,Japanese Yen,2024-09-22 05:19:51,3734995,%B1937668033515896^DAVIS/OLIVER^2803,"$220,368",1795,Japanese Yen,2350 shares @ $192.82,BILL-244468,"$20,272.99",41422,%B0065427501458649^THOMAS/EMILY^2410,"$50,961.07",^\d{3}-\d{2}-\d{4}$,[INTERNAL] Q3 strategy review pending board approval,william.wright@yahoo.com,"$5,579,842",INV-815231,CLM-825888,US Dollar,Product Manager,INS-689644,HTTPS,%B1403898864519110^MOORE/RICHARD^2705,"$40,920",73.6,susan.brown@yahoo.com,Education,225,BILL-889507,912 shares @ $100.28,"$78,348","monitoring, scalability, integration, security",99.337% uptime,tenant-028,079fa9342216b586bb6920ed0fd99ea7a3d68a1518b659ddeb1e7ec1ba804eb3,US Dollar,Inactive,BILL-805422,1651 shares @ $359.76,9858.7,%B3700864095459180^LEWIS/EMILY^2403,cache-10.prod.example.net,47925,5273-4561-8043-8891,226147326,CNY,825019913,3242 shares @ $137.81,3f352ae0f00068b7b2e263577e87974cdd152eba6af6f2b9eab598ce29fc9ecf,william.lewis@yahoo.com,45.4,"$222,580,983",Outstanding,%B4415309921715657^MARTIN/HARPER^2705,Japanese Yen
Executive Summary 2020,38871480,true,393,"$128,909","$39,188",2023-12-09T13:23:26Z,463.84,BILL-918055,%B3983533406129175^KING/RICHARD^2401,"8377 Cedar Ln, Denver","$6,515,209",FL9230638,Dear {{customer}},0169088375,crit=6996,text/html,"$740,185",3261.07,3454 shares @ $377.8,7274,Japanese Yen,INS-827578,772497208,0x4d5454278bc78836f86a459fad62c472538b21f3,%B8379707397873507^WALKER/ANNA^2703,JPY,"$169,572",INV-961807,501.92,logan.clark,Tech Expo 2026,Japanese Yen,9598.65,3381,WP-FR-555503,04/25,0x1a02098d0500b7f3539bc7dbd0dc599bccb45145,914,85716.30,"$68,448",mary.robinson@yahoo.com,746299128,21862,"$100,935",Albuterol 90mcg,1947390780,CSV,24135.63,0x1dec2a66f82d70c9bb39981bf45b1d9bc8fac370,image/png,GBP,317,363 shares @ $339.89,8258,BILL-969228,324,589,liam.moore@gmail.com,sig_2b4494ca0f5bdfd2,675,3348 shares @ $42.45,INR,NRT,15026.22,amount,584949,anna_johnson,BILL-618616,46.0,Services,XXXX-XXXX-XXXX-2450,INS-529666,Swiss Franc,2024-01-09T03:25:35Z,445343,%B5249752059137973^YOUNG/DAVID^3005,"$174,211",6035,Euro,4083 shares @ $165.84,BILL-926323,"$76,456.37",601154802,%B3729529139602775^HARRIS/MARY^2505,1978.08,[a-zA-Z0-9._%+-]+@[a-zA-Z0-9.-]+,[INTERNAL] Q1 strategy review pending board approval,elizabeth.white@outlook.com,"$585,310",INV-463526,CLM-916932,Euro,Data Analyst,INS-803234,MQTT,%B5203042012554743^JACKSON/DAVID^2709,"$46,606",4.0,aiden.brown@gmail.com,Finance,578,BILL-327191,3425 shares @ $345.53,"$218,325","reporting, performance, scalability, automation",99.759% uptime,tenant-032,78c9d45d87ccc9e2a22eefd042ea7d01b201f970fd9cd875a0d8c6ff9c1ab613,British Pound,Disabled,BILL-909417,4382 shares @ $484.51,1320.1,%B4824165470168948^RODRIGUEZ/HARPER^3003,cache-6.staging.acme.com,374349,XXXX-XXXX-XXXX-5980,459428789,CNY,810129952,2897 shares @ $220.38,1360c9dc19b07b121601a828565a77fcb4a5ff47f5e748f5f227b238b98a0075,william.taylor@outlook.com,70.2,"$337,027,655",Meets expectations,%B2410185429107307^MARTIN/OLIVIA^3006,US Dollar
Quarterly Report 2026,78208431,false,583,"$228,543","$137,221",2024-02-28T16:24:46Z,2961.49,BILL-186735,%B1120197176477202^THOMPSON/SUSAN^2905,"5992 Pine Rd, Phoenix","$2,363,552",OH5732446,Order #{{id}},09438406,crit=2750,application/xml,"$4,183,790",5190.84,1721 shares @ $175.62,2633,Swiss Franc,INS-932058,852320050,0xa2cc683471a3e9a26bb246504c7a73fa50a3d1f3,%B3635546964282327^SMITH/JESSICA^2512,USD,"$222,429",INV-267630,695.36,james.lewis,Global Forum 2021,US Dollar,423.95,835,WP-JP-295301,02/30,0xec005a4245c5398d412bf88e7062e13b216eac3e,708,4427.40,"$178,414",jennifer.clark@yahoo.com,264640804,16025,"$109,457",Albuterol 90mcg,39612437,Avro,1719.92,0x0a08aa336ba2f8c94f9a2f9bce7619b9a62d9484,text/html,CNY,914,922 shares @ $200.66,002,BILL-643123,461,459,john.smith@outlook.com,sig_dac7cc8fcde5ffb0,337,2360 shares @ $376.9,CNY,LHR,"$34,260.03",created_at,601178200,aiden_clark,BILL-550775,78.9,Services,3733-7454-5985-8046,INS-825988,Japanese Yen,2021-10-23 23:37:52,373444,%B6502564225482610^JONES/WILLIAM^3010,"$74,220",9338,Japanese Yen,3095 shares @ $207.21,BILL-642392,"$88,930.91",60113873,%B7995498303307956^THOMAS/SARAH^3012,23530.30,^[A-Z]{2}\d{6}$,[INTERNAL] Q1 strategy review pending board approval,richard.wright@outlook.com,"$8,267,012",INV-698735,CLM-257822,Swiss Franc,Sales Rep,INS-843671,HTTPS,%B8370903778962127^WHITE/OLIVER^3008,"$27,960",36.0,david.lewis@outlook.com,Finance,7118,BILL-299106,4081 shares @ $483.95,"$110,805","analytics, integration, scalability",99.289% uptime,tenant-015,ffc8afb703a9776062b41c4cd9c7637ed6a4ceef49072df6d2f1207d3d581571,Euro,Active,BILL-624712,1875 shares @ $96.22,9593.6,%B9183199772760792^MARTINEZ/JOHN^2807,api-18.staging.example.net,3792853,5128-3481-0434-7891,257214742,JPY,795331323,4682 shares @ $222.4,e7e07f9918ed26c851d2b0a345824a90fc240fc016dd95d87f41a1d1b45fe8be,james.jones@outlook.com,65.1,"$112,731,268",Needs improvement,%B1823862578306105^RODRIGUEZ/OLIVER^2909,British Pound
Annual Review 2023,808045245660,true,311,"$104,615","$131,282",2024-01-08T17:32:28Z,2827.08,BILL-419581,%B9518159169187238^MOORE/LIAM^2803,"9071 Cedar Ln, Berlin","$9,586,712",NY8584652,Dear {{customer}},6180424435,crit=3638,text/csv,"$750,773",9457.9,2615 shares @ $256.37,2458,Swiss Franc,INS-993375,875674667,0xbd9d4a2f50d6239a5bceb8348c84ad66e41e1e87,%B8400762930974424^RODRIGUEZ/LIAM^2909,BRL,"$219,881",INV-366780,666.26,harper.garcia,Global Expo 2025,Swiss Franc,4716.43,5342,WP-JP-457165,02/25,0x05f041561b49866babe3f4cc7e55780d5f13d5c0,4095,"$89,190.07","$182,638",patricia.white@yahoo.com,876383677,97700,"$187,113",Ibuprofen 200mg,4189339811,XML,45564.57,0x018729aaf733db27ed9cd04f8f6fdfaecb131fbc,application/json,JPY,423,3674 shares @ $287.23,9750,BILL-873297,595,650,richard.anderson@gmail.com,sig_0a8581371b2a67c6,640,2917 shares @ $220.91,BRL,SIN,"$16,732.55",email,54631,lucas_white,BILL-109160,42.1,Hardware,6011-4051-1854-4294,INS-701253,British Pound,2022-04-17 21:26:14,371347,%B4601023392118210^WILLIAMS/LOGAN^3010,"$160,493",5995,Japanese Yen,1889 shares @ $186.46,BILL-374200,60492.06,41302,%B6981648804537774^THOMPSON/LINDA^2609,38504.58,[a-zA-Z0-9._%+-]+@[a-zA-Z0-9.-]+,[INTERNAL] Q4 strategy review pending board approval,amy.moore@yahoo.com,"$2,832,774",INV-618852,CLM-419126,Swiss Franc,Designer,INS-387823,SSH,%B6695160407157015^THOMAS/LUCAS^3011,"$45,259",67.2,john.taylor@outlook.com,Energy,7023,BILL-331604,863 shares @ $328.26,"$213,153","cloud, reporting, data, integration, compliance",99.474% uptime,tenant-017,046b4ec19b1b5524c3132db3049e0e567e56c4585ddf9672cf3e9809f11ca02f,Japanese Yen,Inactive,BILL-710847,3906 shares @ $180.25,7168.7,%B6598800706696856^HARRIS/JOHN^2610,db-18.dev.acme.com,3711111,XXXX-XXXX-XXXX-5027,942550117,USD,415956398,308 shares @ $153.79,411aa0ae2844b9caa17d242a0eb4139296fcff86a1f5f0a0ae2991d8d1780ea6,anna.smith@outlook.com,77.4,"$258,594,059",Meets expectations,%B2946748178798304^CLARK/HARPER^2508,Euro
Technical Summary 2021,7841829639,true,419,"$101,584","$249,908",2024-10-21 18:01:59,31.85,BILL-576060,%B9481288345383679^RODRIGUEZ/LUCAS^2801,"948 Cedar Ln, Sydney","$2,285,140",IL1753213,Hello {{name}},162611062140,max=4717,text/csv,"$4,489,692",8415.59,154 shares @ $160.02,9114,US Dollar,INS-434821,762025505,0xc50d9d47dc400b61593170d3a7d8f3450239d299,%B8037014980586011^JONES/HARPER^2907,BRL,"$33,253",INV-163730,958.22,robert.moore,Global Summit 2026,Euro,7742.57,567,WP-US-292076,03/25,0x696ad9f7308b9b609f378d952cbd37a874aac46e,8372,95707.18,"$149,282",patricia.lee@outlook.com,630106584,33372,"$167,060",Albuterol 90mcg,724288425362,YAML,65690.51,0x98aa2b7e3ecdeb48511f83511b4007884641c49a,application/pdf,CAD,3393,4910 shares @ $227.37,110,BILL-979667,566,321,jennifer.king@yahoo.com,sig_451e2db61f5e2809,628,4803 shares @ $160.76,GBP,ORD,"$38,792.59",id,601106570,jessica_johnson,BILL-686320,1.3,Clothing,4094-2492-6694-4503,INS-368729,US Dollar,2023-09-08 09:07:31,601148556,%B9842472766791071^ANDERSON/LINDA^3011,"$124,583",2805,Euro,847 shares @ $495.58,BILL-893173,70303.38,49401,%B3117185126177224^THOMPSON/EMILY^2705,"$96,702.65",[a-zA-Z0-9._%+-]+@[a-zA-Z0-9.-]+,[INTERNAL] Q1 strategy review pending board approval,john.thomas@outlook.com,"$8,290,841",INV-131723,CLM-830499,Euro,Software Engineer,INS-409470,FTP,%B3017032066165150^YOUNG/ROBERT^2408,"$40,449",47.6,john.taylor@gmail.com,Energy,7646,BILL-672242,754 shares @ $489.87,"$41,881","security, monitoring, reporting",99.928% uptime,tenant-046,3e8d882e1610cb091022b2b22b29f4f595d45e1afe394e1c9f3419ec750dade4,US Dollar,Enabled,BILL-475557,927 shares @ $159.9,4404.9,%B1596111487556964^DAVIS/JOHN^2803,cache-15.dev.example.net,370771,3752-9917-0351-0989,462412403,EUR,009448286,2826 shares @ $315.52,c2dc8de1ad7a50b7a6d565d03b20875873187fb06d1f1b022a31b686fb032659,mary.smith@gmail.com,47.7,"$657,114,823",Meets expectations,%B1419425265771796^ROBINSON/MICHAEL^2805,US Dollar
Quarterly Report 2025,7221036894,false,720,"$35,804","$114,171",2026-08-08 18:58:26,9112.42,BILL-142210,%B3779800340156245^WILLIAMS/LOGAN^2910,"1455 Pine Rd, Tokyo","$2,382",CA7527213,Hello {{name}},639552610529,crit=8301,image/png,"$1,683,098",7573.71,4814 shares @ $306.18,4295,Japanese Yen,INS-534318,564619408,0x085183bbd1a3f555da8acfb3ef77df22898129c0,%B5940536924626402^THOMAS/SUSAN^2605,CAD,"$81,419",INV-664053,718.07,susan.anderson,Tech Summit 2026,US Dollar,5498.63,635,WP-US-466288,04/29,0xb86ecc39989b8bef5e4b3d25a229b24921c7c0b9,0760,"$84,179.83","$111,711",aiden.harris@yahoo.com,336021654,63575,"$182,507",Ibuprofen 200mg,767830128982,Parquet,80040.74,0x857b1905dd13a11487f83068bb3ade5fa8e6fa1f,image/png,AUD,290,1601 shares @ $222.06,9285,BILL-682038,494,781,harper.lee@outlook.com,sig_96d6cecb12665126,581,2084 shares @ $435.31,USD,SIN,"$45,515.94",created_at,43704,mary_wright,BILL-721676,11.0,Services,XXXX-XXXX-XXXX-7399,INS-705627,British Pound,2023-01-16T01:54:01Z,560325,%B6865567222364104^JOHNSON/AIDEN^2510,"$38,596",3464,US Dollar,1777 shares @ $121.5,BILL-474331,"$34,096.65",601101314,%B4291038031811512^LEWIS/OLIVIA^3010,"$86,812.89",^[A-Z]{2}\d{6}$,[INTERNAL] Q1 strategy review pending board approval,emily.anderson@gmail.com,"$2,341,300",INV-832615,CLM-148573,Japanese Yen,VP Engineering,INS-178175,SSH,%B4062581665502561^JOHNSON/LINDA^2606,"$44,988",90.4,emma.harris@yahoo.com,Retail,2,BILL-980741,3700 shares @ $416.1,"$155,926","compliance, data, performance, monitoring",99.537% uptime,tenant-006,3eb757b020bf5ed56653d260df97576bf6a8420a1d88c2387df785c26ee7fe2d,Swiss Franc,Inactive,BILL-875413,4354 shares @ $276.99,6172.0,%B3785512263927914^THOMAS/LIAM^2701,web-2.prod.acme.com,474309,4611-5104-9971-0519,852650370,BRL,921481620,509 shares @ $327.85,834fbff5e594bccb9b2ceeef75f3f8b1ee4e10ae79663508d831ddea9703668d,elizabeth.jones@yahoo.com,5.7,"$815,403,849",Meets expectations,%B8198201742884415^JOHNSON/JOHN^2805,Swiss Franc
Executive Review 2026,55518960,false,834,"$138,296","$79,382",2022-07-08T22:33:18Z,148.92,BILL-907388,%B0915457694535737^TAYLOR/ANNA^2708,"1555 Park Blvd, Miami","$9,969,762",WA8395110,Order #{{id}},972808948595,max=3137,application/xml,"$9,202,343",381.15,695 shares @ $264.78,9476,British Pound,INS-412273,999780782,0x2933581375228c58c6573ab968949cdef87365f0,%B8834048037811410^GARCIA/AIDEN^2503,CNY,"$62,752",INV-786238,15.59,susan.davis,Global Forum 2022,Swiss Franc,6925.31,5729,WP-JP-796539,11/26,0xa6a2700d5e27db802c2f5ab560a6e5673e8b972c,648,5840.90,"$37,291",logan.lee@gmail.com,487435252,96160,"$82,816",Albuterol 90mcg,308223189870,Avro,24990.64,0x956a947d4704ca4fc7fe1ebd56436feb744fad6a,application/pdf,EUR,501,323 shares @ $272.99,7472,BILL-161790,383,525,aiden.king@gmail.com,sig_b69206caf6fd75e7,641,2588 shares @ $220.72,JPY,SFO,"$71,008.64",created_at,376971,jennifer_thomas,BILL-508940,65.2,Software,5852-6157-2096-8827,INS-282535,Swiss Franc,2022-09-21 06:56:19,406946,%B2672689855138758^MARTIN/ANNA^2403,"$244,190",8243,Swiss Franc,449 shares @ $45.12,BILL-382289,"$72,510.43",601180162,%B2978629273894413^MOORE/NOAH^2610,"$23,051.08","\b\d{1,3}\.\d{1,3}\.\d{1,3}\.\d{1,3}\b",[INTERNAL] Q2 strategy review pending board approval,elizabeth.martinez@yahoo.com,"$1,465,384",INV-254475,CLM-916622,Swiss Franc,Sales Rep,INS-873058,gRPC,%B1565273515659311^GARCIA/HARPER^2509,"$31,236",46.5,william.thompson@yahoo.com,Finance,23,BILL-571851,3528 shares @ $354.75,"$83,639","security, data, integration, compliance, scalability",99.929% uptime,tenant-044,f978b5e02feb7470553e4d5590678bf21b42edce20fca05df007059172141fdf,Swiss Franc,Enabled,BILL-479290,984 shares @ $486.35,4676.3,%B8355121889196035^THOMAS/SOPHIA^2610,cache-6.dev.acme.com,60119149,4590-8220-8055-6572,508297738,USD,649137652,2618 shares @ $249.52,c7b0babc21f0c47066c37f18a810df9489b0f7b54562763bb446f28afec4f23d,john.smith@gmail.com,50.9,"$588,238,744",Meets expectations,%B2601271038043823^TAYLOR/ANNA^2905,Euro
Quarterly Report 2021,1013630605,true,488,"$238,998","$203,850",2022-12-04T14:35:52Z,7491.76,BILL-754578,%B4487006164842129^CLARK/MASON^2703,"1667 Elm St, Austin","$5,571,935",CO3814654,Order #{{id}},81002064,max=4922,application/json,"$7,110,727",7935.08,52 shares @ $410.03,3818,US Dollar,INS-462314,349174572,0x1ff4beddd66ceadd5e3e47322c5cb8a503908f6a,%B2939481121159555^THOMAS/NOAH^2401,GBP,"$128,598",INV-177650,283.31,aiden.jones,Data Forum 2025,Swiss Franc,6061.3,974,WP-US-259667,05/25,0x94ca0b4018f0af4bcfa626de70c491d7a257c619,477,58064.13,"$36,831",james.lee@outlook.com,676001855,9154,"$245,474",Ibuprofen 200mg,316238919354,Parquet,58766.18,0x1d3f25fbd13f75bb50cb82674a3046fd1464bb17,application/xml,INR,412,4809 shares @ $127.14,7578,BILL-103098,483,602,sophia.brown@gmail.com,sig_85190d9cc6f7fea6,481,3843 shares @ $140.43,CAD,NRT,"$92,624.38",id,601183076,harper_davis,BILL-843640,39.4,Clothing,XXXX-XXXX-XXXX-8374,INS-443134,British Pound,2019-05-08 21:54:38,535165,%B9478702622370226^SMITH/MASON^3005,"$84,140",4178,Euro,3601 shares @ $223.16,BILL-783806,65811.95,493120,%B8863856379023818^JOHNSON/ETHAN^2611,52959.81,^\d{3}-\d{2}-\d{4}$,[INTERNAL] Q2 strategy review pending board approval,jennifer.davis@yahoo.com,"$7,498,545",INV-936413,CLM-541159,Euro,Software Engineer,INS-698955,HTTP,%B6865399830518891^THOMPSON/OLIVIA^3003,"$34,066",29.6,olivia.anderson@outlook.com,Education,1357,BILL-633961,3679 shares @ $213.7,"$49,999","analytics, security, performance, monitoring, cloud",99.069% uptime,tenant-025,4266965a9b903a3f7ddc37388a3b2e636a547e9673998e493d5da94fac655be0,US Dollar,Inactive,BILL-614434,3309 shares @ $205.76,8798.7,%B4107868252397509^JONES/RICHARD^2709,db-20.dev.example.net,41804,3792-1359-1597-8371,247829638,EUR,088251839,4495 shares @ $271.02,34b587cebe52b5d2defe2eeda685c832ffe3d5ce3927f85eb16a0de86ed31b54,john.robinson@gmail.com,37.3,"$951,164,125",Outstanding,%B3130781598273885^TAYLOR/LOGAN^2510,Euro
Annual Review 2026,0606067934,false,389,"$58,375","$30,564",2022-07-28 12:50:33,3052.86,BILL-977523,%B3044915510275538^JONES/PATRICIA^2906,"2125 Park Blvd, Denver","$3,359,146",CO9857033,{{date}} - {{event}},9645573940,max=3577,application/pdf,"$7,784,106",2731.12,2166 shares @ $242.32,2458,US Dollar,INS-905464,337844954,0x21cf157144cb560cb7e053ca0aabefb0be6dc705,%B6205209266324146^JACKSON/ROBERT^2608,CNY,"$236,785",INV-865259,750.13,lucas.white,Global Conference 2023,US Dollar,9654.21,138,WP-DE-936981,12/24,0x23cf308733b42986ae6edd74f98009986841325d,4594,87345.10,"$61,756",patricia.smith@yahoo.com,091853926,21017,"$162,113",Ibuprofen 200mg,6323380766,CSV,"$6,082.59",0xa9a0b8f41e8545336ef068be1205b02c5225b46a,text/csv,CNY,5199,2016 shares @ $23.62,2100,BILL-938786,574,539,anna.williams@gmail.com,sig_721c80660577c177,389,4978 shares @ $341.39,GBP,LAX,"$88,305.86",id,60116191,susan_lee,BILL-212799,10.9,Clothing,4661-0437-6556-0453,INS-735490,British Pound,2023-02-07 21:17:46,601150035,%B5154730979864512^WRIGHT/ETHAN^2805,"$242,113",9920,Swiss Franc,2781 shares @ $472.79,BILL-711976,"$46,047.28",528706,%B2206715973002768^JONES/SARAH^2803,"$61,783.22",^[A-Z]{2}\d{6}$,[INTERNAL] Q1 strategy review pending board approval,olivia.jones@gmail.com,"$1,342,562",INV-826133,CLM-974339,Japanese Yen,Software Engineer,INS-529628,WebSocket,%B7923805341125933^DAVIS/MARY^2503,"$42,009",24.0,elizabeth.lee@yahoo.com,Education,5868,BILL-494809,1926 shares @ $432.35,"$212,298","scalability, cloud, reporting",99.074% uptime,tenant-017,fa9d5929d3ca724839779dc041167a3492ad0563eb22296b63a064992ea34a49,British Pound,Inactive,BILL-800180,2406 shares @ $113.81,4453.9,%B4021905021137570^MARTINEZ/LOGAN^2906,api-8.prod.acme.com,60114567,XXXX-XXXX-XXXX-5461,744121771,CHF,218574802,4613 shares @ $292.38,63b7bc91d390f267893ae341b8a167d6ba66e7ef573c74cb9844d44975929c2e,david.thompson@yahoo.com,60.3,"$655,955,170",Outstanding,%B2289571864182924^THOMPSON/MICHAEL^2804,Euro
Executive Review 2025,9757846166,false,534,"$187,399","$52,761",2022-09-27T10:28:08Z,7324.57,BILL-657604,%B2646536901540826^JONES/DAVID^2407,"4121 Main St, Austin","$760,457",CA6833137,{{date}} - {{event}},137654992815,crit=2632,application/xml,"$9,317,709",3042.73,1625 shares @ $207.94,5516,British Pound,INS-744992,571039845,0x3ebb53f3e0f70b6e188b0a60792b5781e5736628,%B8951408493447284^MARTIN/SOPHIA^2502,EUR,"$230,866",INV-583049,152.82,logan.smith,Global Expo 2025,British Pound,3346.87,9229,WP-JP-725459,06/25,0x870834c59a54ecbda062596800c9576b8233d4a4,3903,21952.00,"$125,479",lucas.williams@outlook.com,833045186,25967,"$141,059",Lisinopril 10mg,54984554,Avro,"$63,535.31",0xa533e6307a8a80d507b89f0674c20c6376892a34,application/json,CNY,620,3847 shares @ $147.35,4782,BILL-471120,422,326,noah.anderson@gmail.com,sig_bb1fe749e838a06d,807,1126 shares @ $13.36,BRL,CDG,61750.97,email,601179227,sarah_garcia,BILL-219174,31.9,Clothing,5770-5221-2798-3019,INS-291996,Swiss Franc,2022-10-27 17:11:31,493975,%B9007862592136164^WILLIAMS/AMY^2402,"$167,156",8312,British Pound,4436 shares @ $340.86,BILL-116390,44815.48,40956,%B6408779513103907^WHITE/JESSICA^2605,"$35,198.35",[a-zA-Z0-9._%+-]+@[a-zA-Z0-9.-]+,[INTERNAL] Q1 strategy review pending board approval,susan.walker@outlook.com,"$6,084,003",INV-446701,CLM-946585,US Dollar,Software Engineer,INS-503394,HTTPS,%B0792731315816530^GARCIA/MICHAEL^2609,"$9,061",20.8,robert.thomas@gmail.com,Energy,4843,BILL-957406,4608 shares @ $444.18,"$216,115","reporting, analytics",99.149% uptime,tenant-020,7896ea6184597df2b555a7625ad6cbe91c8c0d70f4a9e11b8124cac1a240e930,Euro,Disabled,BILL-580842,4540 shares @ $396.33,8236.6,%B0123387727789725^JACKSON/RICHARD^2502,db-19.staging.example.net,458389,4334-6981-4249-5151,575677556,CHF,740152932,3139 shares @ $446.48,714d6b272826a1c56c76af71091edeeffb8a4f168943d2b9040cbd2ec3f6edba,logan.johnson@gmail.com,69.9,"$929,575,344",Meets expectations,%B4825115996726186^LEWIS/MARY^2906,US Dollar
Technical Review 2023,65191566,true,764,"$162,380","$200,512",2019-02-22T15:14:21Z,9108.37,BILL-839772,%B3529652812804347^JOHNSON/DAVID^2702,"7837 Main St, Austin","$4,296,506",TX2257709,Order #{{id}},9387260276,max=4882,text/html,"$9,701,097",1527.7,2354 shares @ $152.5,7887,Euro,INS-242315,511991230,0x46772ba9b66bdc79fb7f6041d3e92c156760b790,%B4965960056161366^BROWN/ANNA^2612,CNY,"$238,026",INV-979227,508.69,aiden.rodriguez,Global Forum 2022,British Pound,3720.1,6459,WP-BR-919270,02/24,0x04ff633b23e2a6c952afd681eac31b1194aacb09,738,17732.17,"$48,148",james.thompson@yahoo.com,663296831,33034,"$205,930",Metformin 500mg,03069078,Parquet,$631.57,0x5b7c8555598eb95c43b777557b31f2b2b6176333,application/json,INR,944,2946 shares @ $408.47,194,BILL-534591,430,447,elizabeth.thomas@outlook.com,sig_4283871f4f12cd60,483,3133 shares @ $51.82,JPY,ORD,"$53,647.90",email,555976,elizabeth_rodriguez,BILL-711912,9.1,Hardware,3785-4271-5207-5855,INS-107367,Swiss Franc,2025-04-06 22:24:58,46518,%B2153345445286984^BROWN/WILLIAM^2608,"$164,152",5361,Euro,1635 shares @ $84.76,BILL-883017,"$81,334.54",376906,%B6007376684156616^THOMAS/HARPER^2802,46134.59,^[A-Z]{2}\d{6}$,[INTERNAL] Q1 strategy review pending board approval,patricia.harris@outlook.com,"$4,276,162",INV-808194,CLM-196857,US Dollar,Designer,INS-341893,SSH,%B8199352439565979^YOUNG/DAVID^3002,"$10,465",99.8,linda.brown@yahoo.com,Retail,6975,BILL-516627,3496 shares @ $218.05,"$73,385","security, automation, reporting, monitoring, cloud",99.819% uptime,tenant-029,e4af366b9ee76edc8dd1dade57f936f5a9d4d53eb76d8e1a5527480bcbfde641,Euro,Inactive,BILL-807101,1064 shares @ $66.51,9798.5,%B7863295780497243^KING/ROBERT^2502,api-8.staging.example.net,60115583,6011-2968-1004-5397,748332675,CNY,619848819,3096 shares @ $462.17,7b87fddb4d246909101704081166c980e0012e8a08ba7a3244defb8fad67b550,william.robinson@gmail.com,48.7,"$102,969,872",Exceeds expectations,%B6358374428710547^WILLIAMS/ANNA^2711,Swiss Franc
Executive Summary 2024,21925060,true,801,"$132,578","$68,360",2026-01-26T02:27:07Z,6311.54,BILL-791277,%B9004132649471929^ANDERSON/DAVID^2408,"3109 Park Blvd, London","$557,733",NC7483973,Hello {{name}},541442820337,warn=3073,application/pdf,"$1,560,632",1463.97,2510 shares @ $244.74,8382,Swiss Franc,INS-936759,466629886,0xd2eb80378ba78ea35ec05487d7b742c98be3c6e6,%B5073222170509783^BROWN/MICHAEL^3002,INR,"$223,405",INV-227222,1.76,amy.martinez,Annual Forum 2024,US Dollar,6206.15,0045,WP-MX-175479,04/27,0x6000cfd0842042c963e5e0fc35f2c694c46193f8,7240,7875.20,"$219,127",logan.moore@yahoo.com,552511842,60628,"$61,576",Omeprazole 20mg,154378087939,XML,3977.11,0xb1288854a4f8583772d56b59baff4f2d713e628d,text/html,EUR,2349,2008 shares @ $466.04,6491,BILL-660231,685,743,emma.martin@yahoo.com,sig_a2e5b22b7d832517,577,4127 shares @ $443.22,JPY,LAX,"$2,143.20",status,601128854,olivia_davis,BILL-961123,52.6,Software,6011-0954-3009-8674,INS-749917,US Dollar,2026-10-06 22:31:09,451612,%B7733540277134262^MARTINEZ/LOGAN^3007,"$40,187",8829,Swiss Franc,345 shares @ $425.17,BILL-896487,"$94,550.54",3746795,%B5988493357586417^LEWIS/SUSAN^2801,"$57,004.62",^[A-Z]{2}\d{6}$,[INTERNAL] Q4 strategy review pending board approval,olivia.miller@gmail.com,"$2,509,999",INV-349315,CLM-782980,US Dollar,VP Engineering,INS-928734,SSH,%B7523006087798787^HARRIS/LINDA^2911,"$22,532",6.4,harper.lee@gmail.com,Manufacturing,1930,BILL-703297,1249 shares @ $240.23,"$89,260","cloud, compliance, integration, reporting, security",99.127% uptime,tenant-004,63a2fcf84b3140d19ba09c12a1a621466fc89469281130df6128ae31e7e0dec2,British Pound,Disabled,BILL-280006,3869 shares @ $494.13,3360.1,%B8021114499819023^HARRIS/JENNIFER^2810,app-8.staging.acme.com,60113468,4033-9916-7391-4363,559342987,CNY,423640737,1820 shares @ $425.2,651f7e9f077bfd122e87661ef2da6da68426e6e17accb331c3260a5061eb1dae,james.anderson@gmail.com,1.5,"$487,996,519",Needs improvement,%B1046705024226851^ANDERSON/PATRICIA^3008,British Pound
Quarterly Analysis 2025,11096260,false,806,"$244,443","$105,895",2019-09-14 11:18:09,2082.03,BILL-896900,%B0633826228427691^LEWIS/ELIZABETH^2512,"2800 Park Blvd, Berlin","$3,463,708",MA3917755,Hello {{name}},171768598994,crit=1618,application/json,"$7,399,411",3458.27,2980 shares @ $381.63,9598,Euro,INS-676445,257338549,0x2dfa91bb4e70f657f72429ee26670c8e2c374e4e,%B3116147088264990^KING/MICHAEL^2904,USD,"$130,487",INV-940719,967.38,david.walker,Annual Conference 2026,British Pound,4168.12,750,WP-GB-944885,11/24,0xd01a8b30f551c4492881fda4461af78ea1a44280,694,24859.20,"$179,547",logan.thomas@outlook.com,012911220,79983,"$216,757",Ibuprofen 200mg,53494272,Avro,"$27,749.40",0x7c0307af8f410979a5ca6eb9f59034a89bf0c132,image/png,JPY,8310,4544 shares @ $105.49,2677,BILL-778862,699,491,emma.martinez@outlook.com,sig_f1eee236f3b8d031,641,3660 shares @ $259.84,GBP,CDG,"$55,915.19",type,598540,liam_martinez,BILL-675476,19.4,Software,6011-6486-7870-3154,INS-195535,Swiss Franc,2022-12-23T07:54:30Z,601159946,%B8005205685386956^CLARK/WILLIAM^3003,"$45,887",3845,US Dollar,1357 shares @ $242.88,BILL-118307,"$70,366.57",587557,%B3621723631568377^MARTIN/OLIVER^2712,37097.63,^\d{3}-\d{2}-\d{4}$,[INTERNAL] Q1 strategy review pending board approval,linda.martinez@yahoo.com,"$4,535,527",INV-742593,CLM-526736,US Dollar,Product Manager,INS-361277,SSH,%B4352226466682422^MARTIN/AIDEN^2806,"$5,553",76.9,sarah.clark@gmail.com,Healthcare,6668,BILL-319089,4287 shares @ $460.38,"$177,923","compliance, cloud, analytics, reporting, monitoring",99.4% uptime,tenant-017,ec7d57d2a7623d3ad95fbe5892a10c3b10dc93033fe8d4d68aebc5715fb0c949,Japanese Yen,Inactive,BILL-706917,2027 shares @ $78.48,2438.1,%B3397421342323122^MARTIN/ANNA^3010,api-16.dev.example.net,601102748,3795-4420-2585-4818,580228256,GBP,983699205,1757 shares @ $238.86,e5ce0ec24c8a260dad886ff506514a069ec7fbea25117f592484d60033d59008,william.rodriguez@gmail.com,9.8,"$105,378,173",Outstanding,%B0085511885104196^LEE/MARY^2502,British Pound
Annual Review 2023,05886761,false,734,"$151,868","$176,978",2026-12-09 14:09:20,4173.87,BILL-517441,%B4811689013164087^YOUNG/SARAH^3004,"2215 Elm St, Portland","$1,109,825",CA6967137,Dear {{customer}},92833870,crit=6361,text/csv,"$3,007,047",8002.4,2239 shares @ $224.85,4259,Swiss Franc,INS-319742,790113295,0x279412b631166fec812211a134644f95f0fa01c0,%B6187393535914680^SMITH/EMILY^2411,BRL,"$187,481",INV-524948,700.08,john.martinez,Global Expo 2026,British Pound,7241.74,3243,WP-IN-494389,04/26,0xe0d0e414fd4fa99763d7935b3b50f3274f07ec03,9310,"$46,025.15","$49,367",lucas.martin@outlook.com,173632558,45136,"$168,125",Metformin 500mg,40888264,Avro,"$71,585.81",0xf8da61494a39c6c0c2632e312af4e48f11e25540,text/html,USD,169,305 shares @ $227.32,4455,BILL-820355,637,414,emily.harris@outlook.com,sig_f8b3ccacb08b34a7,501,3758 shares @ $93.02,CNY,CDG,"$11,354.60",type,374258,emma_moore,BILL-716562,70.9,Clothing,XXXX-XXXX-XXXX-4539,INS-593601,Japanese Yen,2019-11-08 16:00:06,52886,%B9703085440002910^MOORE/LIAM^2610,"$41,055",6806,Euro,3845 shares @ $73.4,BILL-229757,26480.36,56087,%B8585077476625806^SMITH/MICHAEL^2904,42005.16,^\d{3}-\d{2}-\d{4}$,[INTERNAL] Q1 strategy review pending board approval,anna.miller@outlook.com,"$6,309,324",INV-276398,CLM-591793,US Dollar,Software Engineer,INS-743734,FTP,%B0474565013802008^MARTINEZ/LIAM^2709,"$10,093",41.5,ethan.brown@gmail.com,Manufacturing,1273,BILL-794325,1199 shares @ $148.81,"$241,754","reporting, monitoring, compliance",99.355% uptime,tenant-025,1f086520ab85a06edc9769ae534bf3f77e1c500c6c090acf0d48148c66677d18,Euro,Active,BILL-557167,3010 shares @ $390.49,3895.6,%B1345257550691866^WRIGHT/ROBERT^2509,cache-5.prod.example.net,374388,5263-6759-7383-0926,358301709,INR,643855742,4745 shares @ $155.71,24ab363bce5320fa291bf67f136136e7c3da71127255b581d1108a7df4619b9a,oliver.moore@yahoo.com,0.1,"$505,116,534",Outstanding,%B4528207349171943^JOHNSON/JENNIFER^3012,Swiss Franc
Executive Report 2020,1636673084,true,383,"$45,920","$108,065",2023-06-13T02:23:25Z,644.85,BILL-100060,%B4550681383399980^HARRIS/LIAM^2501,"8002 Cedar Ln, Atlanta","$9,498,315",OH2001858,{{date}} - {{event}},93935383,min=1551,application/xml,"$4,387,273",5522.46,3674 shares @ $315.58,8054,Japanese Yen,INS-282670,365319149,0x820aae92947743dbe97e6985e2784c2fbde01dde,%B2469409201635503^MARTINEZ/OLIVER^2402,INR,"$210,089",INV-490397,36.1,patricia.thompson,Global Conference 2025,Euro,5591.2,462,WP-GB-660956,07/30,0x31da360dd77e981b85a1e6391274e10b8ce11d65,130,39317.47,"$212,255",james.williams@yahoo.com,508516320,76790,"$185,246",Omeprazole 20mg,87328957,YAML,48348.16,0xba2bf376c87b365c9c399a10e5f130b43b356a4b,image/png,CHF,9082,4690 shares @ $266.02,514,BILL-669386,846,333,aiden.lewis@outlook.com,sig_078f71751c830c6d,837,3173 shares @ $191.99,CAD,SIN,"$29,780.77",email,42682,logan_anderson,BILL-249584,16.7,Food,XXXX-XXXX-XXXX-5069,INS-814584,Japanese Yen,2023-04-21 04:37:42,60118544,%B7673154724679969^DAVIS/AMY^2911,"$238,037",9048,US Dollar,539 shares @ $315.4,BILL-871369,75845.31,601198834,%B7368291213700478^CLARK/AMY^2404,16616.94,^[A-Z]{2}\d{6}$,[INTERNAL] Q3 strategy review pending board approval,linda.williams@yahoo.com,"$5,539,905",INV-639245,CLM-900546,Japanese Yen,CTO,INS-155649,HTTPS,%B6626318241316537^MILLER/LINDA^2606,"$34,730",99.4,liam.miller@yahoo.com,Healthcare,1865,BILL-348444,643 shares @ $333.77,"$76,856","monitoring, security",99.98% uptime,tenant-010,20a4b1c5f9b728b7d07c4775ffd37ff14e39456988ef91e6dcdb34d1d9dfdb45,Swiss Franc,Active,BILL-630994,4115 shares @ $153.8,857.4,%B2866492270956467^YOUNG/ETHAN^2608,app-16.prod.example.net,601175461,4572-2519-3034-9558,471790715,CHF,279476251,4603 shares @ $157.86,f2c29ca32b28c29dca9d341cb986d3e55a7f69a462ac6d29cb1d8fc1a03a6de2,jennifer.davis@outlook.com,64.7,"$622,168,570",Needs improvement,%B1204925412416635^WHITE/EMMA^3001,Swiss Franc
Quarterly Summary 2022,9658832210,true,643,"$216,669","$179,444",2019-08-12 15:51:15,8583.5,BILL-149066,%B7358944638974193^THOMAS/LIAM^2802,"4226 Elm St, Boston","$8,333,453",TX9070058,Dear {{customer}},14530689,warn=1187,application/xml,"$7,237,831",2864.25,3415 shares @ $97.37,0640,Euro,INS-512440,141021270,0xe6d1e5d01a83f78c9e664c6996022e8d72aa9bb8,%B0637994161554092^KING/EMILY^2912,EUR,"$101,801",INV-545685,361.76,sarah.davis,Tech Forum 2024,British Pound,1457.35,9165,WP-US-837268,12/27,0xb378c058c674d40f48439caaad392372bc23c7f6,447,11647.81,"$148,383",liam.garcia@gmail.com,571719211,87127,"$149,746",Metformin 500mg,5976794499,YAML,59677.47,0x2e1a7637f65938750ffc943e67adeddbb0af927f,application/json,CNY,183,4928 shares @ $373.59,782,BILL-683515,594,707,noah.rodriguez@outlook.com,sig_bb612a9eeee310e8,513,2437 shares @ $403.45,AUD,CDG,32673.24,amount,44261,jennifer_brown,BILL-262439,11.5,Food,5750-4931-6140-2054,INS-859953,Swiss Franc,2023-01-05T06:57:27Z,370109,%B7006199002676962^ROBINSON/JAMES^3003,"$88,288",1951,Euro,4862 shares @ $360.22,BILL-905434,13099.15,55511,%B7338304717152206^MOORE/MARY^2908,60237.75,^\d{3}-\d{2}-\d{4}$,[INTERNAL] Q1 strategy review pending board approval,liam.smith@outlook.com,"$8,720,543",INV-899858,CLM-973162,US Dollar,Product Manager,INS-467282,MQTT,%B2191186740040749^MILLER/WILLIAM^2910,"$1,093",38.6,jessica.williams@yahoo.com,Finance,3176,BILL-120645,2708 shares @ $497.22,"$153,451","scalability, integration, automation, reporting, monitoring",99.902% uptime,tenant-032,f4d07228328449c6caeeabe3fb64e6beb4d9f713fe2a959a08907380b697afff,British Pound,Enabled,BILL-705484,2688 shares @ $208.91,9596.6,%B6244083098972398^WILLIAMS/ANNA^2805,db-11.staging.example.net,373328,5234-4182-8805-4386,638387870,JPY,583310363,335 shares @ $68.99,fc1aa8bdac48d5383be13a02b84f22e20e27c30ef3ae9348db3150aa92ceca27,emily.thomas@gmail.com,17.1,"$374,115,810",Meets expectations,%B2711594752750796^THOMPSON/AIDEN^2503,US Dollar
Executive Review 2021,4577718057,false,555,"$31,916","$201,496",2022-06-13T22:53:30Z,9797.91,BILL-138300,%B0455990755298950^RODRIGUEZ/OLIVER^3011,"8380 Oak Ave, Boston","$7,358,419",PA8018648,{{date}} - {{event}},13320195,crit=923,image/png,"$2,617,222",5817.93,860 shares @ $456.6,5474,Swiss Franc,INS-691792,016134402,0x0d5c70c0a6588799ec3eff8509e087329e837199,%B6531292348714988^THOMAS/PATRICIA^2508,INR,"$36,726",INV-978906,767.53,mary.jackson,Tech Conference 2024,Swiss Franc,1188.31,1031,WP-DE-785049,08/30,0x4368a81ed35f3bb747771bf56ea3a69d9134a1ae,6265,99527.05,"$206,885",noah.jones@outlook.com,073466173,44415,"$140,385",Albuterol 90mcg,078644878051,CSV,94396.09,0xc79da940aa49f64702ece91e9c51b1f7310ab5bb,image/png,EUR,781,3930 shares @ $65.44,948,BILL-527361,671,571,lucas.moore@outlook.com,sig_aa20a4bbfb79a608,587,3660 shares @ $372.12,USD,SIN,"$26,468.19",status,379985,richard_miller,BILL-945025,47.5,Food,5465-9523-4403-1207,INS-587971,Euro,2020-05-25T11:09:55Z,49294,%B5867172635988625^WALKER/DAVID^2805,"$161,065",8285,British Pound,406 shares @ $103.45,BILL-554454,$730.71,3758538,%B6683836548881538^GARCIA/SARAH^2606,24305.10,[a-zA-Z0-9._%+-]+@[a-zA-Z0-9.-]+,[INTERNAL] Q2 strategy review pending board approval,aiden.martin@gmail.com,"$2,099,217",INV-524680,CLM-514419,British Pound,Sales Rep,INS-578478,MQTT,%B3963936778990550^JACKSON/ROBERT^2801,"$23,912",16.7,john.miller@yahoo.com,Manufacturing,3145,BILL-300072,1898 shares @ $28.26,"$72,460","data, reporting",99.713% uptime,tenant-048,be1d654de71804055be5026b0a2c93e5b3d90227afa656f17d6f5ed812993526,Euro,Inactive,BILL-516134,3953 shares @ $29.92,2443.1,%B2262245663401346^ANDERSON/AIDEN^2707,db-15.dev.acme.com,452624,5710-0622-7225-2481,953792496,INR,711416814,4575 shares @ $125.56,0859fa762e0941dfea3021f29400aedfb80e6b5e23812c3f05bdfd3f4eaa19ed,sarah.smith@outlook.com,59.1,"$755,762,427",Outstanding,%B9852616185911037^TAYLOR/WILLIAM^2804,Euro
Quarterly Review 2024,3840251720,false,518,"$62,583","$132,098",2021-05-11 12:54:39,8903.25,BILL-250498,%B4594505063891338^LEE/MASON^3009,"4428 Oak Ave, Sydney","$918,326",GA2128204,Order #{{id}},066957801651,crit=4040,application/json,"$5,955,949",6372.52,3158 shares @ $151.42,4037,US Dollar,INS-100246,721991058,0x5e60d418653a5eb89f62088335d936c12dadec67,%B1491571211380501^MARTINEZ/LIAM^3001,EUR,"$185,455",INV-469560,129.18,robert.johnson,Global Summit 2025,Swiss Franc,7092.8,4774,WP-CA-397250,02/25,0x43e4854a65b62b5016e9b5c08c9ccf861053b7fe,008,84279.76,"$161,426",liam.jackson@outlook.com,966167051,34780,"$65,546",Lisinopril 10mg,57081431,CSV,42653.48,0x0672af7c1257427db1d9ea9a27a53b8dc48c31bc,application/json,CHF,9551,3265 shares @ $11.68,294,BILL-676576,304,337,david.clark@gmail.com,sig_67a3b98045bed96f,784,1000 shares @ $180.93,AUD,ORD,"$96,714.92",id,601182539,michael_moore,BILL-738124,69.2,Food,3718-6864-4362-5094,INS-863629,Euro,2026-12-12T10:35:00Z,3708867,%B1121310320514661^JOHNSON/JESSICA^2508,"$141,027",0841,British Pound,2513 shares @ $179.01,BILL-519887,88379.37,3727610,%B9044548697275252^MILLER/ETHAN^2912,"$66,603.60","\b\d{1,3}\.\d{1,3}\.\d{1,3}\.\d{1,3}\b",[INTERNAL] Q3 strategy review pending board approval,mason.jackson@gmail.com,"$9,558,913",INV-993442,CLM-381378,British Pound,CTO,INS-494513,WebSocket,%B1849700256090570^YOUNG/OLIVER^2701,"$42,800",29.6,john.miller@outlook.com,Finance,1370,BILL-946962,2745 shares @ $440.38,"$177,783","reporting, performance, automation, integration",99.935% uptime,tenant-050,562754bcf63616e86f5da5e3b91418df3d0ab49bf780791d4b60533c21a987aa,Swiss Franc,Active,BILL-452229,4628 shares @ $353.36,6144.2,%B9895862544112420^WALKER/MARY^2905,app-19.dev.acme.com,580129,6011-6985-1073-3977,925834289,USD,359917269,1202 shares @ $238.27,a6c9e6e57ddc9e86c967b1c41a9b8138682952847eb8c6c2f94b19dd0cd1bfdc,robert.davis@outlook.com,72.2,"$392,140,803",Outstanding,%B4838858519088780^THOMPSON/ELIZABETH^2707,US Dollar
Annual Summary 2020,323310974215,false,445,"$195,022","$47,285",2026-10-23T14:12:18Z,7239.69,BILL-991276,%B8572690298101579^DAVIS/JENNIFER^2401,"4167 Pine Rd, Houston","$6,822,838",CO5267464,Order #{{id}},968694298803,warn=8498,application/json,"$1,027,257",3486.55,3934 shares @ $100.64,9972,Euro,INS-331210,624407375,0x7a9fcefb6a842d359d386912ef0f1d20ce2ab834,%B0944674715073239^DAVIS/LINDA^2903,CAD,"$100,195",INV-266923,968.35,sarah.jackson,Annual Expo 2020,US Dollar,8127.87,721,WP-FR-887590,01/27,0xf55e0447ab279930be1ad66d880dd9b6bc411a45,0103,"$63,014.87","$152,257",james.garcia@outlook.com,912999724,62211,"$132,728",Lisinopril 10mg,75572619,CSV,39820.77,0xc755c4904bae35783eb0df9b6e8bc6432364d30d,text/html,USD,856,2197 shares @ $117.12,071,BILL-625461,514,661,ethan.garcia@gmail.com,sig_0d4d65a12d732fb0,411,4141 shares @ $457.41,CNY,CDG,53181.59,name,601193891,elizabeth_wright,BILL-470760,53.9,Software,5062-2371-8125-4202,INS-964410,Euro,2022-03-04T12:04:34Z,375199,%B3735591427176363^BROWN/MICHAEL^2601,"$113,871",6378,British Pound,1081 shares @ $160.09,BILL-341394,"$30,652.44",3733220,%B1330155572889969^HARRIS/DAVID^2910,87615.77,"\b\d{1,3}\.\d{1,3}\.\d{1,3}\.\d{1,3}\b",[INTERNAL] Q3 strategy review pending board approval,emma.miller@yahoo.com,"$7,553,278",INV-126873,CLM-751703,US Dollar,Data Analyst,INS-412889,SMTP,%B3708081871872337^TAYLOR/AIDEN^3001,"$13,582",8.4,patricia.smith@outlook.com,Technology,3723,BILL-177621,1519 shares @ $167.86,"$120,936","scalability, analytics, integration, reporting",99.616% uptime,tenant-005,a69fa86ee8c7f5a3908e6890163b2da299f53bb1442d13b651b617c1532b1e58,Japanese Yen,Enabled,BILL-976260,2170 shares @ $479.09,5582.6,%B8988539086517340^LEWIS/WILLIAM^2809,db-11.dev.example.net,50200,5377-4922-7750-8172,640733344,BRL,939229631,628 shares @ $86.77,a487980039f8237b32696108fb55e2cd50de7081d717d407d3e8630b3536b805,aiden.lee@gmail.com,76.0,"$600,357,846",Exceeds expectations,%B5304464271227105^THOMPSON/DAVID^3004,British Pound
Annual Report 2023,4199545537,false,612,"$88,766","$91,807",2024-03-16 17:28:45,6161.87,BILL-377723,%B5196400838345606^WRIGHT/EMILY^2504,"1094 Park Blvd, Houston","$9,320,574",TX6878796,Order #{{id}},00162744,min=5573,image/png,"$3,420,340",4762.88,4465 shares @ $208.79,1576,British Pound,INS-616092,812093636,0x0e0b5bc70a4dbbebdc3bbb4597b36291e696205c,%B1420836765046669^CLARK/ELIZABETH^2409,INR,"$151,205",INV-204250,322.33,john.garcia,Data Conference 2020,Euro,6165.66,4632,WP-IN-931328,06/27,0x0cbc5287f8bbcd48da3df09dfb486888a8d32676,155,76198.03,"$236,246",noah.brown@yahoo.com,649101427,41849,"$166,861",Albuterol 90mcg,165742902283,Parquet,50719.56,0x565a48834d487a823ef3870fbd2364b5bce1662b,application/pdf,EUR,0902,2854 shares @ $33.81,010,BILL-652676,595,422,sarah.davis@outlook.com,sig_5a21eb94e7d73da3,585,2382 shares @ $492.03,EUR,SIN,24929.91,type,60117558,jessica_jones,BILL-834916,0.3,Clothing,5440-9622-5533-5606,INS-109960,Swiss Franc,2025-11-02 05:18:47,3727349,%B3637133442443331^MILLER/SOPHIA^2912,"$123,305",3597,Japanese Yen,3844 shares @ $486.34,BILL-352868,67246.99,601190930,%B5595529146450708^WHITE/LUCAS^2502,46226.70,^[A-Z]{2}\d{6}$,[INTERNAL] Q1 strategy review pending board approval,jessica.miller@outlook.com,"$4,758,501",INV-921699,CLM-683372,Japanese Yen,Sales Rep,INS-153759,SSH,%B5588996387134690^LEWIS/ANNA^2701,"$37,909",8.8,richard.lee@gmail.com,Retail,3623,BILL-572388,4372 shares @ $395.99,"$114,560","data, analytics, compliance",99.308% uptime,tenant-007,b4c000125f26aa6d50913f322cda4aec91a271b34982bc780d4ca49239c67713,US Dollar,Disabled,BILL-792013,4263 shares @ $34.39,1399.4,%B4047459041193795^RODRIGUEZ/DAVID^2510,api-3.staging.acme.com,601127749,6011-2595-6804-9899,791245846,BRL,580614334,3697 shares @ $356.12,7fef99b8998668bdc1b058eb7dfb93c1a6616cff57c75c7b61b5dd03c8d53683,linda.lee@outlook.com,31.3,"$414,961,847",Exceeds expectations,%B5084723055717165^GARCIA/LUCAS^2609,Swiss Franc
Technical Summary 2026,84763866,false,654,"$196,159","$69,283",2021-06-20T15:53:25Z,1774.65,BILL-619184,%B5191944953748727^ANDERSON/JOHN^2809,"8607 Elm St, Miami","$9,626,018",MA7851209,Dear {{customer}},3314426289,min=3980,image/png,"$7,739,633",4861.81,945 shares @ $135.31,2029,US Dollar,INS-830479,596740686,0xa8201a6239c4e3900949915d41a03229423cbfd6,%B2314478312623328^MARTIN/AIDEN^2809,CAD,"$50,841",INV-412975,868.23,sophia.clark,Data Expo 2026,British Pound,8453.34,6059,WP-JP-501956,02/29,0x800e1bf42ca033377a9a949fb32e013ed178277b,497,10697.52,"$33,423",ethan.walker@yahoo.com,019072944,40163,"$176,558",Metformin 500mg,089263880663,CSV,"$17,550.16",0x23ddc2353e4006d39920239579b6044c97831f29,text/html,EUR,744,3641 shares @ $19.17,4027,BILL-756706,621,372,james.jones@outlook.com,sig_d0cf0f08bbce27f3,676,2610 shares @ $403.98,CAD,NRT,"$89,165.90",email,3706777,sophia_johnson,BILL-284667,7.1,Software,6011-8328-5485-7170,INS-601872,British Pound,2024-11-15 09:22:21,3704223,%B2602211250666841^CLARK/ETHAN^2602,"$96,417",5830,Japanese Yen,3949 shares @ $386.76,BILL-614462,67972.29,460177,%B8597549272117547^DAVIS/SUSAN^2602,86006.33,[a-zA-Z0-9._%+-]+@[a-zA-Z0-9.-]+,[INTERNAL] Q3 strategy review pending board approval,emma.lee@gmail.com,"$5,617,348",INV-324973,CLM-879789,Japanese Yen,Software Engineer,INS-568552,MQTT,%B5526237132287118^LEWIS/AMY^2610,"$43,536",68.2,emma.miller@outlook.com,Retail,8624,BILL-465188,2400 shares @ $455.77,"$36,818","analytics, scalability, compliance, reporting",99.099% uptime,tenant-026,fab5c132e71eae6474fa7136cab91bcf40ac627da3576eb83a434eddc0eb93e9,Swiss Franc,Disabled,BILL-499977,350 shares @ $462.16,9298.1,%B4663905993565057^CLARK/SUSAN^2904,db-12.staging.example.net,3718305,5244-2231-5213-6112,949464780,CHF,262516645,1074 shares @ $369.3,4df31d423a2a4e764e9e2a5c20a608106478c218e3fd40088b732dfbfdbb4455,amy.moore@gmail.com,61.7,"$89,455,437",Outstanding,%B8482922576210011^JACKSON/JAMES^2602,Swiss Franc
Quarterly Review 2022,48977629,false,605,"$60,840","$78,542",2018-07-28T21:31:45Z,8491.82,BILL-820365,%B0869869780951111^LEE/SOPHIA^2709,"9897 Oak Ave, Tokyo","$8,689,101",TX6490192,Hello {{name}},861070813917,warn=8875,application/pdf,"$4,081,357",1374.41,4746 shares @ $486.17,6881,Euro,INS-631361,142807306,0x29d6a050b6789a03719f1705c41aa863b78809bc,%B8431680623418016^LEE/LOGAN^2704,JPY,"$160,409",INV-743551,159.62,anna.lewis,Global Forum 2023,British Pound,9386.64,1470,WP-GB-193021,10/26,0xfd1f120b0445b817f27cb8a2843971ed284f2ead,9879,"$42,650.45","$176,468",noah.lee@yahoo.com,604770156,4861,"$41,349",Ibuprofen 200mg,211084421977,JSON,"$70,736.33",0x059569abe329d62bb0ec78dd1fba8c42cf67541d,application/json,GBP,678,1739 shares @ $169.91,911,BILL-212906,670,410,logan.taylor@gmail.com,sig_a1e509f00628680e,697,4153 shares @ $221.91,CNY,JFK,"$60,065.72",id,60119537,sophia_harris,BILL-495646,73.3,Electronics,5543-5099-3666-7454,INS-832321,US Dollar,2026-06-18 12:41:19,60111903,%B6875427063672334^CLARK/JOHN^2611,"$76,227",2656,Swiss Franc,1038 shares @ $220.68,BILL-982457,"$10,979.44",434120,%B6055735582696751^WILLIAMS/ELIZABETH^2411,"$60,197.65",[a-zA-Z0-9._%+-]+@[a-zA-Z0-9.-]+,[INTERNAL] Q4 strategy review pending board approval,jennifer.wright@gmail.com,"$7,704,477",INV-190067,CLM-861531,Japanese Yen,Data Analyst,INS-702982,WebSocket,%B0910865737050435^LEE/ANNA^3003,"$14,903",96.5,james.davis@yahoo.com,Energy,2312,BILL-819992,4144 shares @ $254.54,"$39,154","automation, security",99.49% uptime,tenant-013,ea79ad933f7a38c61b01cc66abab529693d22c5dc96028aa91ff1c70f05b1b2b,US Dollar,Inactive,BILL-994651,2227 shares @ $314.19,4712.6,%B7139837047163822^JONES/NOAH^2605,cache-17.prod.acme.com,46651,5942-6479-5393-2721,029237806,USD,726581886,2334 shares @ $62.97,bc440ec11637b3df9513e931aabfad1bebbab08ddadf0fa7c1c76809057d29d2,david.martinez@gmail.com,84.2,"$261,339,000",Exceeds expectations,%B4192960306401549^ROBINSON/OLIVER^2608,British Pound
Annual Report 2022,17662655,false,775,"$207,231","$237,170",2023-10-11T02:39:10Z,1246.36,BILL-678949,%B3132372502988569^JACKSON/JAMES^2604,"7872 Park Blvd, London","$6,109,701",FL8742510,Order #{{id}},91254775,max=4214,image/png,"$5,190,095",9008.21,1777 shares @ $197.6,3150,Japanese Yen,INS-863955,036669641,0x676d3cd8b0c69cbaf76bc00169cd1a0a3683dcac,%B9811055266206370^JOHNSON/ETHAN^2903,AUD,"$225,782",INV-727315,405.84,robert.johnson,Tech Expo 2020,Japanese Yen,606.94,2495,WP-CA-918227,12/28,0x97d41a7a442f4a8dfca4fa39cbbdf9287c5c30cc,133,"$67,344.16","$66,972",richard.robinson@outlook.com,313534468,36895,"$100,443",Ibuprofen 200mg,65316676,Parquet,"$79,880.09",0x2b7f6f7d8f4482dbad310ca881491f2504c35679,application/json,BRL,6133,1870 shares @ $158.94,215,BILL-344402,490,360,ethan.clark@gmail.com,sig_ba1179557e67d3db,598,2832 shares @ $96.56,AUD,JFK,47521.95,type,41779,oliver_davis,BILL-772502,5.2,Hardware,XXXX-XXXX-XXXX-1510,INS-322688,Japanese Yen,2022-05-20 13:10:25,3746823,%B3774089108744310^THOMPSON/DAVID^3008,"$163,225",8392,Japanese Yen,4313 shares @ $412.53,BILL-638107,"$42,615.83",563825,%B0331799082938157^JACKSON/OLIVIA^3012,"$32,826.39","\b\d{1,3}\.\d{1,3}\.\d{1,3}\.\d{1,3}\b",[INTERNAL] Q1 strategy review pending board approval,liam.robinson@yahoo.com,"$1,652,526",INV-741908,CLM-333013,Japanese Yen,Designer,INS-574545,SMTP,%B9881382479505887^HARRIS/SUSAN^2704,"$22,929",24.4,olivia.moore@gmail.com,Finance,4978,BILL-550969,3509 shares @ $160.67,"$173,402","scalability, automation, cloud, performance, reporting",99.068% uptime,tenant-030,99c92d6058dbcb1d32430c7dae4103278ddcb5a04d711c294ed3db2aad244318,British Pound,Active,BILL-395528,241 shares @ $54.01,1795.7,%B5541601287061436^JACKSON/LIAM^3011,api-10.prod.example.net,48794,3744-7163-5737-0539,257768452,BRL,869200902,362 shares @ $276.21,44c571bd6e8064a319797163b8d5acd83cbcb191b4ccead61e38da85c5fefe97,sarah.thompson@yahoo.com,39.6,"$143,179,582",Needs improvement,%B2177078832769369^KING/JESSICA^2908,Japanese Yen
Executive Summary 2023,95629539,true,462,"$119,345","$107,517",2023-06-28T23:18:26Z,8649.88,BILL-393254,%B0510256045308544^JACKSON/LOGAN^2911,"3478 Pine Rd, New York","$2,300,293",NC1211560,{{date}} - {{event}},86646699,max=5448,text/html,"$8,128,856",1341.18,2423 shares @ $28.22,6485,Swiss Franc,INS-727808,441300867,0x7a7984147627a464e163c0323615e015cce2ff52,%B2082255185934358^JONES/JESSICA^2611,BRL,"$128,790",INV-627828,30.48,liam.rodriguez,Global Summit 2025,US Dollar,2910.66,641,WP-CA-448462,11/26,0x66f442bd13637d6eb7069dccea4d81ae77a2ae17,615,"$60,762.34","$31,001",jennifer.garcia@outlook.com,086405645,46410,"$152,602",Albuterol 90mcg,314376366217,JSON,"$33,728.82",0xbd8ceb121a10b776950319e9a71e91fe0a2d93c3,application/xml,GBP,5772,2558 shares @ $283.81,561,BILL-322726,402,737,robert.lee@gmail.com,sig_e274cefbff76e47d,363,3875 shares @ $383.4,GBP,NRT,15336.05,id,3720665,james_smith,BILL-942857,42.4,Electronics,5388-5119-0815-6143,INS-577523,Euro,2022-09-19T18:41:34Z,415273,%B2954701601319207^HARRIS/WILLIAM^2901,"$105,854",3485,Euro,4906 shares @ $299.27,BILL-356702,68655.85,372779,%B4792451595861607^LEE/ETHAN^2408,22820.72,[a-zA-Z0-9._%+-]+@[a-zA-Z0-9.-]+,[INTERNAL] Q1 strategy review pending board approval,john.young@yahoo.com,"$370,184",INV-251564,CLM-275607,US Dollar,Sales Rep,INS-996636,FTP,%B6872674963085872^HARRIS/SOPHIA^2505,"$28,546",68.0,aiden.brown@yahoo.com,Education,994,BILL-220912,3037 shares @ $101.13,"$211,482","performance, scalability, compliance, cloud, automation",99.334% uptime,tenant-036,5cbb04151ddb7ee656bd57551fb38912558319ca0e3800d9cb692aa96c71d9e9,Swiss Franc,Inactive,BILL-593521,4498 shares @ $49.88,9313.1,%B7397933381918608^RODRIGUEZ/LUCAS^2511,web-2.dev.acme.com,376568,3786-5850-6423-1402,931330935,CNY,494075585,4390 shares @ $18.41,4eca201e5500e80555983363774c19b7cadb725a05e63b451012d20840066af6,aiden.white@outlook.com,27.3,"$724,202,601",Exceeds expectations,%B5100332687451253^RODRIGUEZ/SARAH^2505,British Pound
Annual Review 2022,820394048657,false,508,"$150,102","$188,836",2022-10-15 00:26:59,800.91,BILL-693661,%B3973355398745155^ANDERSON/SOPHIA^2504,"8519 Maple Dr, Paris","$3,783,001",FL8176016,Dear {{customer}},451148161194,crit=4244,text/html,"$3,420,617",2664.01,1950 shares @ $467.11,8616,US Dollar,INS-347779,484295697,0xeff7d5ace17f31ec53a3563d8db4c47d19f661b6,%B4341952996077735^JACKSON/PATRICIA^2907,CAD,"$111,282",INV-927819,178.88,noah.white,Global Expo 2021,Euro,6902.69,494,WP-BR-807644,10/30,0x11f98d7ef205d6441132f2d264e6601651492902,0338,"$17,545.48","$91,209",mary.lewis@gmail.com,943818075,93248,"$175,228",Metformin 500mg,84346818,YAML,"$85,397.54",0x0650b1636a683dc6503cb2f4c7203c06ae7de1ec,text/csv,CAD,967,4765 shares @ $131.42,968,BILL-509699,672,379,lucas.brown@outlook.com,sig_a2179e5a7b35f2f8,346,3506 shares @ $416.59,CNY,CDG,81211.02,email,462797,logan_brown,BILL-147440,30.9,Clothing,XXXX-XXXX-XXXX-4395,INS-294422,Japanese Yen,2024-06-16 00:32:33,60118790,%B9986234572594985^SMITH/JENNIFER^2408,"$226,922",3250,Swiss Franc,3791 shares @ $410.45,BILL-510072,"$74,880.74",3710224,%B4084726735504616^TAYLOR/AMY^2408,"$2,306.20",^[A-Z]{2}\d{6}$,[INTERNAL] Q3 strategy review pending board approval,james.thomas@gmail.com,"$1,118,881",INV-434908,CLM-328060,Euro,Data Analyst,INS-680980,WebSocket,%B1525848518203602^TAYLOR/HARPER^2804,"$46,911",68.8,jennifer.williams@yahoo.com,Education,4336,BILL-787025,4506 shares @ $76.31,"$59,000","cloud, data, security",99.518% uptime,tenant-016,25a4d777dedc41791a6f920fb7d2f64e1ed86555485ed47680518a182ffd68b0,Euro,Enabled,BILL-248289,2212 shares @ $133.35,4584.1,%B9187962409855050^ANDERSON/EMMA^2806,app-16.staging.example.net,371222,5240-7333-8205-9819,260838549,AUD,839455819,4657 shares @ $52.88,6187f8bbba2eed448b5054352e5c54ba939571ac2546e73499219dfa54f1609c,david.garcia@gmail.com,33.8,"$205,324,667",Outstanding,%B9845076190549747^JACKSON/RICHARD^2903,US Dollar
