measwt,iata_code,iataCode,IATA_CODE,c_vyup,VEHICLE_IDENTIFICATION_NUMBER,vin,nxx91,x_weig,field_lvci,iata,src_vehicle_identification_number,mpru24,distance,vehicle_identification_nbr,v_838,user_iata_code,iata_cd,distance_2,vehicle_identification_number,fact_geographic_name,CARD_LAST_FOUR,raw_weight_mass,nullable,iata_code_field,f_384,var_764,bonusVariablePay,src_schema_definition,DISTANCE,age,val_192,raw_error_message,iata_code_2,measdist,VEHICLE_IDENTIFICATION_NUMBER_2,cryptocurrency_address,c_895,crd_expiry_date,x_hk,weightMass,meta_157,IATA_CODE_2,cronSchedule,x_dw,customer_latency_response_time,distance_3,iata_2,hostname,WEIGHT_MASS,user_distance,distance_110,loctxt,channel,var_945,COLUMN_FIELD_NAME,ofnpny25,measwt_2,apslkg22,v_711,val_weigh,x_ga,x_72,src_vehicle_identification_number_2,integer_val,vehicle_identification_nbr_2,weight_mass_data,distance_4,vehicle_identification_number_info,first_nm,caption,oyrrp58,customer_iata_code,iata_cd_2,dim_tfey,vehicleIdentificationNumber,dtype,weight_mass,weightMass_2,WEIGHT_MASS_2,val_zp,raw_financial_forecast,dim_image_embedding,naics_code,iata_code_3,area_14,kg,epz9,product_name,version_identifier_field,VEHICLE_IDENTIFICATION_NUMBER_3,rhu71,var_950,attr_wru,legend,IATA_CODE_3,STATUS_CODE,distance_5,colname,vin_2,c_ghl,iata_3,api_key_token,DISTANCE_2,weight_mass_118,val_weigh_2,measdist_2
496.9,MLA,PZR,JRF,5377.3,P93Z1U0E7A5R46FYG,79TKLXSS2HULOZ7B4,I0MWNI1UCJDZ7KEZG,311.92,94.5,PEL,UR4ZEN2HNR3Q3TKDZ,YKM,3177.7,GUJJZV33UAOLGABEM,JUJTXRI2E8QM9KGC4,SUQ,PEI,5848.1,AXKLKGB9MRG86CKGP,Spain,1095,85.94,false,CHF,XMUS5IT7DM4CEHP3I,661.18,"$29,298",CREATE TABLE t (id INT PRIMARY KEY),8858.6,18,774.18,FileNotFoundError: 3301,TTA,5316.0,G9U1XYVKTFLSCRBU8,0xef41a3fe11142546f7c8981cd8eef6b45bd327ed,IMY,11/28,908.56,406.0,6H41Q3KCOO0RQMJN7,QOZ,"57 15 * * 0,6",ZTMZJKRZQ6477SAOL,370,2714.9,YGZ,cache-8.dev.acme.com,684.41,9999.8,925.7,"New York, Canada",In-Store,ZHA,status,7986.4,161.54,68.76,Unisex,654.33,626.1,GET /api/users,2HD3FJ1QPP21HVV7F,786,HKL2NMC5EJBG8KFFW,837.53,4494.5,2BMBTK3KHXNO4Z9D7,Oliver,Figure 19: Comparison,TN72CJMLX5J2KQ8ST,VKF,HIW,CGR,UC2RWS230NMNFFI0A,FLOAT,429.69,342.03,707.48,680.48,Q1 2026: $42M projected,"[0.8474, -0.5461, -0.0099, -0.7914, -0.8478, -1.0095, -0.4414, 0.0003]",986801,YEZ,93651.0,351.46,684.92,FlexPay Platform,4.5.18,FAU12YA4B2LIS3E03,MMZ,[CONFIDENTIAL] Formula #184,0.9635,Figure 9: Timeline,FHE,active,5444.1,created_at,7BN778AXSUDEOR85Q,5JV75S810IZYTT2HV,ZEU,sk_R5x06MtoST8f9i5G6qZDsruSDzspOoAv,5813.3,582.6,962.02,5082.7
672.26,DTA,PXV,PEM,9949.9,7VXYY9I181MQP6CN3,U9KWYXONCNVVAQDUM,WH5JGYYR84ZO6P3K8,797.97,87.0,NKW,5HQK65D60DYDY9DEX,PCI,218.8,3FOP6IYGIZUW0U8CS,G6JZG6QVIPENXT9CG,CYT,QJQ,3762.5,710ANH81N0P20C307,Brazil,2270,798.69,YES,GYR,XCA8GV2Y0E4XY1K34,961.06,"$19,998",message Msg { string id = 1; },9131.6,77,492.12,NullPointerException at line 3974,CZI,1222.5,YUTUM0I2I0UEQ1305,0xc0fe1c5ee801ac069669d384321a5de6ddb30d8f,ZIS,04/28,321.77,516.88,X150HJ5FHM6KKBGDK,MGJ,"13 18 * * 0,6",FXND7Q85019IAUUJG,2602,4408.1,YPZ,api-5.prod.acme.com,296.88,3160.1,96.4,"Houston, Norway",Phone,DWC,amount,9179.7,852.8,255.48,Female,606.31,744.58,npm install,B6IQ8CUMWZ2HSS90B,4649,WZFLWMGUIPUGUDKBB,287.9,4514.7,KJVU1G4KKHNPLR24W,David,Figure 2: Timeline,AED1JYU4W7FP2UE8V,CUW,RCA,PUF,8VXPORD71MSLXTFX2,VARCHAR,481.82,234.88,907.27,287.31,Q2 2025: $36M projected,"[1.1591, -0.2973, -0.2453, -0.2715, -0.2907, 0.2135, 0.5693, 0.4096]",719605,KUD,57958.0,466.99,127.34,Widget Pro,3.2.29,WILDOT3AIS6M8ZEVM,BSB,[CONFIDENTIAL] Formula #568,0.4065,Figure 12: Comparison,DWN,failed,3282.9,name,2DNRY4S99W3QQLALO,ZLVZXXIRVOC967XJQ,AOE,sk_7GXWUf79p4XL7TvH6ptyd2v0mjEGLitG,5709.4,642.78,377.72,3641.8
909.58,BZX,OFY,BRB,376.5,7V0EVF71N3F2HOJ2H,YYZ36BL67FG26KCH8,YTP9AKF9I9GA0UJPM,254.5,15.7,HBP,JXGGX70H513VKDKHD,KTL,7983.0,1PA8E3VELSC0CWX4Q,NGM7BCET2Y0ADJMZA,FSI,YBN,7155.5,K2Y5BW839UOMS3KWV,Mexico,6230,880.45,NO,CXS,L5JQHZEHG41A6WRV1,713.47,"$27,929",message Msg { string id = 1; },3086.0,75,417.05,NullPointerException at line 5654,KLT,3185.3,EXJGDKDXLLF9F6WJH,0xbc57658485df9c7711ab6896506c5331d174d8d2,JWI,12/25,526.97,796.29,K2QLAU4Y9F0L7QE4V,DXK,16 14 * * *,RAVSSLVBJJZOX07RL,2412,5363.6,RXZ,api-13.staging.acme.com,811.54,7826.0,7138.6,"Phoenix, France",Chat,BTK,email,2398.2,517.72,901.89,Unisex,507.44,310.16,kubectl apply,83V68TP2OXII4NKOO,2708,CAHYQOG160BD07ZJ5,270.56,7021.4,ADAXSH8XGM3CE27HX,Noah,Figure 20: Comparison,X7TCAHUCATLBLLN29,CRU,EBO,WAZ,46P7ON3YT0SD2QDRD,INTEGER,893.72,491.55,917.37,930.48,Q2 2026: $52M projected,"[-0.5271, -0.6588, -0.6948, 0.0925, -0.0557, 1.2311, -0.2857, -0.4735]",918344,OFY,68327.1,302.66,444.89,NanoCore SDK,0.0.75,Z77GDT2XSX380W6CL,KFK,[CONFIDENTIAL] Formula #392,0.771,Figure 17: Timeline,COI,pending,4607.8,created_at,R564K2L7LM0DN6AJI,THWI9WIWNAGAPD909,JXF,sk_O7sj1V503rArlmvVQGFF3XVfkvV3sTKs,3370.7,98.57,548.33,9207.8
982.64,LDY,FPE,HPD,6558.6,SLX68K1PCD9AV337L,B2OVBO6X9HVDXMNO4,VVZ6OLZ89FMYYINOQ,577.31,49.5,ZRE,HX59HD37PBJQJ2WC6,GJM,7658.8,L8S1T3B0ALHW0CVEM,JGBIFFZGFCTTQ1KAP,HXR,AMV,980.5,D5JFIVVU252RO8DZT,Norway,3608,165.09,NO,HKB,2G3QOIU5MKCCS6K6G,341.63,"$37,475","{""type"": ""object"", ""properties"": {}}",5323.0,19,435.98,FileNotFoundError: 2936,VBT,986.3,9B6J5MNX3ZPQ13LZ9,0x4c4cbd0d9972da88825381fa69ae7a19858878a2,LVC,07/25,582.09,649.8,F0PHQJK1XN95OATYT,QHV,"49 23 * * 0,6",7FSZ2D9RI0WXP9WVG,4993,23.0,YBJ,cache-9.staging.example.net,930.7,1485.1,8019.7,"Denver, Netherlands",Phone,WWF,amount,9158.5,254.77,837.24,Male,941.65,400.75,POST /api/orders,TINVHJ7PS83C9Q1JO,8164,534M8JA0SH8SQIJF1,358.16,4977.1,U01HVNQNSCYL2LABA,Robert,Figure 1: Distribution,S0HJKYF9B7KH4APPU,XTJ,DRJ,OJR,1MB3DD7EF2HZGE6GM,FLOAT,89.13,295.82,572.93,287.34,Q1 2026: $97M projected,"[0.0993, -0.5657, 0.1577, -0.2317, 0.0194, 0.3162, 0.4466, -0.3652]",812498,AGC,94486.4,7.69,221.09,StreamLine ERP,4.3.98,KIV4RSWWJ5G1H8M2U,JZO,[CONFIDENTIAL] Formula #513,0.587,Figure 19: Overview,FRV,approved,2808.3,email,ZHKWPBE1PKOAAPJ4C,9DCS8C1O5CJ55262T,VWC,sk_TF6DQZHd55dSkOuYAF5OnZHYO4kW7hLR,183.2,113.07,14.34,6266.4
505.14,ASZ,LCQ,BWM,1428.7,1BG537FGDXQZ9MZM6,ZFM6508LF8U41XI8L,SFUGSV6VVNZBGLX41,926.96,13.6,BNT,O6P0V4E9LWNWEEJMS,ZLS,9225.5,3XFK1DCSD4MAEA6L4,YSK3YH0HE2HPFAU97,ZVW,QUC,2.0,IWCB9L80KWK6QFM7C,India,0542,904.15,false,GMZ,68BOSBKV4FGPJ90MM,823.92,"$4,442","{""type"": ""object"", ""properties"": {}}",6741.9,38,308.4,ValueError: invalid literal for int(),XAV,9483.1,CPBO989M3T7WDBULG,0x81e746e47c17bf2a07ae2090351039f8e5a1fda7,VFC,06/27,733.33,748.07,22D8J2L15SIZYSIP6,ZTI,36 17 * * 1-5,FSZ9MSFI40ROVHSVO,4808,8458.5,GWQ,cache-8.dev.acme.com,121.55,1200.6,4656.5,"Austin, Norway",Phone,DZQ,id,3345.2,112.48,686.16,Male,916.27,368.15,docker run,1PDJ75WLBB1SQZRPT,9760,PBKTTVCHT8XHMDX4A,21.72,1167.9,OXXZ6JB7H2O3JAABY,Logan,Figure 11: Overview,YIQERH58QXZJDGBFW,ADJ,QFM,AKG,YVS66RPINM8J8NR2Q,TIMESTAMP,285.34,357.0,74.75,640.87,Q4 2027: $54M projected,"[-1.1238, 0.1299, -0.3454, 0.52, 0.4079, 0.3014, 0.4252, 0.7791]",124345,EGT,84655.0,397.09,339.1,CloudGuard,5.1.71,3UWV0XA23VWHRQ8O7,EYD,[CONFIDENTIAL] Formula #835,0.7965,Figure 16: Timeline,IDV,pending,8670.7,name,75WL48UBTLNFOAENU,TLIUGD7T3D60TAFZS,MWM,sk_Crf8xPqjC88d5ol7xwEVMTUPwkVP82jY,2852.2,211.54,526.61,2140.4
583.93,JVQ,NPT,ERF,9469.8,HY9XC5HNWDUM0WGP1,HHUBK3BYJAAS9RJFT,3O9ITZVOQ4R6ORDLP,389.32,66.2,LEX,PQLNGYJ8SVHNLSQ5Z,CAP,7428.5,4NOO3X2RMVCGKCXO1,F2VO5PR4N54WR2WFJ,MAJ,CEW,3573.4,9A045TXG96TC8G0SB,Canada,5810,774.1,true,ROY,AO5H5QZ479D9OCZ84,728.36,"$19,681","{""type"": ""object"", ""properties"": {}}",4235.5,8,135.14,ValueError: invalid literal for int(),ZXB,6306.7,A065XLLH0RITCXSBQ,0xa13b602607b681ada036596a80a2d466d0ca4f01,MQZ,08/26,490.8,426.23,5HMHQOQIE2H0DTQ7E,JCA,16 3 * * 1-5,AFVVSHEPQJS9YKMDA,1162,1345.2,XDH,web-6.prod.example.net,114.66,6298.1,2916.7,"Denver, Singapore",Mobile,MYO,amount,7320.1,281.91,527.93,Female,402.91,625.57,POST /api/orders,SMVG3LDADUFRBUTB7,8213,9C31NE5E1J49HN7S8,53.45,8530.2,5A2OI9B7L0T0BVJVX,Robert,Figure 9: Distribution,VIQGWTGQLAP4ECE5J,NFO,PXC,WZW,UAEW8H04CZAT1LEHY,TIMESTAMP,615.59,328.73,19.92,867.02,Q2 2024: $37M projected,"[-0.321, 0.3343, -0.1708, 0.0161, -0.1109, 0.1869, -0.9642, 0.0734]",539774,YLL,98944.4,159.87,464.48,Widget Pro,1.16.18,MMXAEMTJ8B5P3FYUJ,MEY,[CONFIDENTIAL] Formula #388,0.0237,Figure 12: Overview,JNQ,rejected,8196.9,created_at,ATGNCYT8WSL2N1345,PKL0XWMXP9JPQFFJI,RMQ,sk_KjWleFqZgoCRLcssMsAj3DmHpO03s8Of,4046.2,664.75,907.43,6769.8
547.03,BFF,SDW,HFQ,1669.6,D4IG7H5AOS5BRWTPZ,7T13WIO6UA6NMMVN7,EH0X45EYCMWKS3FCD,863.06,62.4,IBN,HEKGYCIAK0SOFLKUH,YKV,1243.6,QAYRXG2LI0EPRRAZ1,AMDF7EVZULE5QM24Y,NMU,IDJ,2731.7,9HOSKWMCC1737WMEO,Australia,0708,540.12,false,IDB,YQJXJ17VJBGHYKHF2,448.45,"$22,290","{""type"": ""object"", ""properties"": {}}",173.9,85,343.96,NullPointerException at line 2719,BDB,4352.0,PMYMMY122H63MX1UD,0x4ff024a8c05fca26c1b6e32cdd97dec150ae146b,PYC,08/28,768.73,728.72,TB60AJZBRZ78E0RP0,BHI,33 2 * * *,4B09NBRXZHQ3IQOFW,4693,9706.8,HAI,cache-5.prod.acme.com,625.96,3810.6,2291.8,"Paris, France",Mobile,EES,created_at,9377.4,727.52,300.29,Male,886.75,679.68,npm install,4PC2HUV9XW8DG1YC4,2194,DJOWJPCSAF6DHZCKW,471.79,8265.4,DKZQOGTYRGOWKHNMO,Noah,Figure 20: Overview,Z8DUWXTDY95KYY3I6,YDC,DUU,CIA,8ZOFXWTKFBXA0DEIF,INTEGER,121.56,595.93,309.83,442.72,Q3 2024: $3M projected,"[-0.2178, 0.2403, 0.9956, 0.235, -0.3006, 0.187, 0.6843, 0.3053]",378766,GLM,76305.2,803.07,858.2,SmartHub X1,0.1.65,VXLBO6GAKPE35Y6ZE,AKQ,[CONFIDENTIAL] Formula #487,0.2531,Figure 3: Comparison,IYV,pending,9175.4,status,PESX40XXNKZN205Q3,7TJ6UZB8XR39U00CG,JCT,sk_9sh0uDBhQe71xaOkQaSORUKpAhkv9WUn,3242.8,44.02,805.44,3456.5
163.48,JDF,JPI,CSP,4800.6,SC667EFL0LMW6LGUF,HQ912W1OGF67NJ2OI,WWADJ7Z2RNCFFFBDC,433.85,8.2,BIX,XFW1RCDP8EIQL0QQI,NUU,223.6,BGL4XTLUJMOKM4RE1,K27ZR9FKRTS1FELMT,TGJ,KXB,8783.1,BEYUU1MRX1CPKN1NS,Norway,9322,128.79,NO,EJP,1HGL621QHRFQQJB3A,111.35,"$45,226",CREATE TABLE t (id INT PRIMARY KEY),3268.8,85,287.79,NullPointerException at line 9987,MEA,2298.6,WLKOKVU1PWDNUAATT,0x0ae23dc7f33deed5d9e5dba76a1bad26bd4ad09f,OJS,10/29,384.21,990.01,EIFUQAX7HYZQAJICD,DUM,40 6 * * *,D8ZTOIQ3FEIUY579L,4575,7491.2,DJG,cache-2.dev.example.net,844.22,6412.2,8829.4,"Sydney, Australia",In-Store,FOO,id,5031.7,372.5,192.07,Female,334.3,424.31,docker run,TDDKZ8D4920D9WNYC,7512,F8MJ7EJ91VYRXOAON,381.61,1047.4,7N6FPYQKTNZSFQAFN,Mary,Figure 4: Timeline,9F81IL0F9GDXB7P6C,WHP,YUI,BUP,912LFGHBR2WAJ2QCJ,TIMESTAMP,170.41,170.79,870.7,582.46,Q2 2026: $96M projected,"[0.3097, -0.2829, -0.2652, -0.8398, -0.3298, -0.122, -0.3275, -0.0856]",256484,PHE,93076.6,888.73,682.92,CloudGuard,2.14.43,3AL50U6BFR8YRMNDA,PRF,[CONFIDENTIAL] Formula #565,0.811,Figure 2: Timeline,TVI,approved,8147.8,type,VE1WQQ1Q9QKYTB5DM,1K3PAP6PXMMB9NLDJ,TID,sk_AyEoSe0VY9DkhxBTafwmwBoeiMJvzyuq,4180.9,800.9,826.28,6219.8
982.16,GAD,GOE,SFR,3563.0,K8HM5OAUSFPDKPDIT,TDK3P9Z8UBJ8HLJYZ,M4HJDIJ9ACB8IQ2VU,176.97,13.9,DZZ,AA6AGF99H5X9ABJDB,AKU,6187.6,5JQNSQVEZKVK9MHQQ,4XX8F1P1NH7J07F07,RNT,JZD,7852.5,48OI2PJ7SG1I9IX9O,United States,7688,421.6,true,GEG,1NOMZQKVDBSFKH03D,25.28,"$41,856","{""type"": ""object"", ""properties"": {}}",1784.7,60,413.55,PermissionDenied: insufficient privileges,BQL,9518.4,TVG2PLX3ZRGG6Z7GW,0x41b021424503dec531cd0f641761c7d976105b43,QOW,10/27,307.98,680.61,EKV9JTLOEBRJK5ZK3,YXW,5 20 * * 1-5,8I72Q54VJTYFAS9H1,604,4790.2,EWQ,db-13.staging.acme.com,513.75,7077.8,8051.0,"Los Angeles, Netherlands",Phone,IHR,amount,1668.6,241.53,271.31,Unisex,251.35,636.03,docker run,NRAILYZQTLX4T0VLS,2261,SWRV0OCUWT7QOVHBK,551.62,4506.9,YNISSFREGF2QK2V1R,David,Figure 15: Comparison,Q7N37IKH15A98I9F2,NHR,OGU,TPG,D2IPA9FKIUCZY3GMA,TEXT,105.95,808.63,627.29,71.21,Q2 2027: $33M projected,"[-0.0982, -0.5989, -0.2062, -0.1016, -0.0379, -0.1854, -0.5586, 0.7718]",165360,XLH,47558.9,992.54,925.2,CloudGuard,4.12.76,OALMN06B0XPF79F7V,QCA,[CONFIDENTIAL] Formula #967,0.6987,Figure 5: Comparison,PYW,failed,8950.7,email,85ZOPZUKWXGQEUEVO,7XZBJES6W1E0HHVIF,VMD,sk_i0ha9Mhs9vyuTfavuXPqx8zj8l4pbVXZ,6993.7,476.0,307.56,410.2
970.89,ZWO,JIF,OWK,4380.2,R9ZPWOZHLBH1VB5JH,87SH7Q3CQPQ5UVDPK,6M9CGTMYGCZG8E3CF,342.28,48.4,BNM,JD2UH1AJAMZ9BOBGS,EWB,5824.4,49C2MJ1XUA25Q0ICU,K1ELC38J8MY5E690G,CWX,CIW,8946.7,TQECEXYDSKHQCZRMB,Singapore,7953,335.05,false,UZG,O5Q0PA78V1Y5BVAAN,816.2,"$44,778",CREATE TABLE t (id INT PRIMARY KEY),1747.0,80,178.24,HTTP 503 Service Unavailable,SYJ,8737.6,KCBC6G4WSELJGMB1B,0x153f462db0a5dfe8b6774d2be1fc84afb3932aa2,JIC,11/24,501.65,735.39,Y6RTOQB6FX98NB9LR,FMJ,"41 9 * * 0,6",1GJFK0PSVYCPL3RL6,4920,3817.9,YKW,db-20.staging.acme.com,380.48,8445.2,2305.8,"Seattle, United States",Email,VKY,amount,3580.1,757.45,638.91,Unisex,214.99,430.19,npm install,E6DVNAIXQ3MHD8PYR,9565,GLIZMQ3DRAFV3YT88,831.39,8197.1,WE7MSEE8L1AF0RMQ4,Richard,Figure 10: Overview,X7D343GARGJV82E10,HJV,EAT,LCT,NVGIPF3JZQ88NA1H2,TEXT,948.14,127.69,787.64,404.34,Q2 2027: $94M projected,"[0.1746, -0.1302, 0.1375, -0.0768, 0.3229, -0.5308, -1.29, 0.5763]",649082,KQW,81139.5,825.71,85.01,SmartHub X1,5.19.28,RHEZMAN9YIG154LFL,LHQ,[CONFIDENTIAL] Formula #610,0.5309,Figure 19: Overview,VJX,rejected,2931.2,name,N6R087L5DV614HN10,T3C1Q91TK8ECGK814,UZR,sk_Ovgbi22VvRsebIZVMXPpWiU3nfEqZI7t,4690.6,784.9,0.46,5018.9
907.92,SUI,SEY,WDB,7853.9,BM3P44OEQD73XEOBL,50VVZZU1ABF744F13,MIG0EBAVM7U7RB990,969.04,26.3,KXH,K9211180TLSBAP7CK,NFV,7860.3,VMQJ8GAL67MFQ1ULP,UYXURGVU794421FXH,NED,AIE,6539.8,92X2D04F7SY3PLAJT,Norway,0335,641.01,false,JKC,OC1FA6TALGTV5VPW7,888.42,"$49,878",CREATE TABLE t (id INT PRIMARY KEY),8795.0,105,900.99,PermissionDenied: insufficient privileges,YYA,7504.4,VIGQK893FO599RCUP,0x5de81713b51c1a468d5c1c683076e051b066a1f8,RTX,09/26,64.51,828.27,UVA95FD65OT36XWLX,JMC,30 22 * * 1-5,S9AT1WAYJUUP08HYU,310,1040.3,MMM,web-11.staging.example.net,904.21,251.7,3495.7,"Dallas, Canada",In-Store,JHU,created_at,5030.8,297.48,423.65,Unisex,576.4,516.83,docker run,77WQP734Q2U40HQIN,8881,DPE427VAXE0SSMHIN,337.57,6233.7,5EPHW1K8DZH7N6HYO,Jennifer,Figure 12: Distribution,N0SXPNP65XVUMM5GC,PMM,MNN,UIV,KA4QF6WU0K4U6XOS7,INTEGER,755.57,408.49,791.5,898.19,Q1 2024: $31M projected,"[0.4098, -0.2978, 0.5516, -0.2677, -0.1421, 0.2559, -0.8606, -0.7557]",412598,DSO,85605.3,239.7,491.05,FlexPay Platform,4.15.53,A8R9BWYR845BA3SMK,LJN,[CONFIDENTIAL] Formula #884,0.0584,Figure 15: Distribution,GJT,inactive,4300.3,id,9LE5LSDGVETGAFAJ6,BLDEEJEKDEQ41XK4I,FWF,sk_ZPcmcLAJ09Ouwp5p0T8H22LVU1sOKKnN,6884.8,99.58,788.77,3883.0
516.19,OCO,YOT,MDA,2145.5,B3RTO1XQD1IVCQOAG,K15DR15Y7M17C38YP,JUB8GDCVB48488275,338.26,3.7,ETY,5WSQAKJK2DAWKS90Q,FXX,392.9,L67S2K28XY6T5I7F7,ZN056YEULEFTU51AV,GFM,WKK,3935.4,XXBG2MNJQAWX92Z0G,Italy,5205,207.97,true,MVX,P6NL9GB7WV6D992CE,839.01,"$48,692",message Msg { string id = 1; },4139.0,15,773.87,PermissionDenied: insufficient privileges,WFW,5836.6,FB7ZTDEA44XE6VK23,0x7bf5573ab69044cbeea846c9578a2dbf7f0bf98d,RQY,04/26,769.1,483.9,19WUNFEG3D38CTMAA,UKD,11 16 * * *,N3Q88DO7UDK7OVD4U,1717,2962.0,LCO,cache-20.prod.acme.com,708.53,680.1,4391.8,"Houston, Sweden",Phone,PQS,created_at,6284.2,729.54,384.82,Female,579.98,627.41,GET /api/users,Y3B6M3BTW50CHFI2N,6303,I7A0LXO5U0EEHB05U,57.8,3499.8,N5CLUI2W9K98AC2WV,Harper,Figure 11: Distribution,NZRNW044BZUR5PLMC,ZJS,WFM,HWH,I46SHIRPWAT26OD4C,TEXT,357.62,19.91,923.54,435.96,Q3 2026: $88M projected,"[0.6743, -0.008, 0.4021, -0.4407, 0.419, -0.1392, 0.018, -0.3444]",421227,QON,69151.1,539.84,183.48,SmartHub X1,5.5.49,CXMZN6KFTBACHJ4HJ,PDQ,[CONFIDENTIAL] Formula #901,0.0567,Figure 9: Timeline,KGT,approved,7135.5,created_at,IL1061JRS4BYPQ8H4,VBF9FCNXRAN4SYWGC,URR,sk_OBqDcY6CKeOGFx2Qp1mzIEb7Q7WGqU0Y,2839.8,834.29,84.51,2007.7
151.55,CVI,SXH,PYN,9464.1,A8L8FLDHO5D543JKX,M4BOJH3MD49A4WI5O,MLGBY43ENOC87T43B,166.29,42.2,TNW,7FWCM45VOI6PK52DZ,MTW,8290.4,DLKFX1G4VZA21B0ES,3CEODML4EG5ISB1MP,THC,TRH,5791.2,UIPZ2A225DNOCSZQS,Australia,7590,990.29,false,QZW,PG53XZXXL3DRPV0Y8,645.49,"$38,392","{""type"": ""object"", ""properties"": {}}",7786.8,55,993.31,NullPointerException at line 5324,XEO,9393.0,MG5ANJWR5DH7LRGIL,0xcc3c75c4cc356bc1f8315125e3dfe9c0f8172c51,BVR,01/28,197.45,762.1,26EYGQJDGE1J2T394,NWP,"50 11 * * 0,6",SGA3UAVV5GJH6FXU3,1832,9183.3,JUC,web-17.dev.example.net,85.29,93.1,7163.2,"Seattle, Canada",Phone,DCI,type,173.8,712.46,585.77,Unisex,520.81,977.03,POST /api/orders,AW69ROG7TDHI3WXCV,8184,TS46WGNZPZFT6WPF2,331.93,1433.0,A43QROALNXEYLB3PC,Amy,Figure 18: Comparison,PTA0CQ1L1FV0JC1W3,VKY,KWS,WQZ,VF6P54JS9M095AHJF,BOOLEAN,942.19,497.18,590.29,546.41,Q3 2027: $21M projected,"[0.4094, 0.0448, -0.751, 0.1427, -0.867, -0.1532, 0.1278, -0.525]",350097,PQP,20817.7,531.34,462.69,Widget Pro,5.9.52,OZ48U02Q8WS9A8IKJ,GZF,[CONFIDENTIAL] Formula #723,0.4429,Figure 20: Comparison,UAU,cancelled,4259.0,name,3T8WQJUVJ74UQ3E5X,TIQ31FXZVGUS30PDB,WHB,sk_8Env89JfMMpubtew4pLWbkZrUy7XOE1C,8974.6,178.32,250.29,6936.5
578.21,UOA,FEX,RFK,6506.8,R07IIHYNO4FYUT4LD,XH7MPQPRPJF3KOGRH,Y0NACPAQW88KYC4VF,208.47,13.5,KQC,N4YOSSRYSZPUR1TCS,KGM,4975.3,D44HBH85XE3RJUO1Y,K2OE5YRSKMOU0UF4D,WTN,TZS,8862.0,ML3DQF2CN2P5AAWHR,United Kingdom,6648,944.68,true,CAC,IIF53VJDH2E9K89Z8,856.28,"$6,229","{""type"": ""object"", ""properties"": {}}",1519.3,40,469.14,ValueError: invalid literal for int(),EVI,1755.2,CA8LCH87G55T2UWML,0x136b477bd8f6b10236d140831370087444df8c6c,YEI,12/30,52.84,533.89,NI842CXIPIIABCAYA,PXV,"31 19 * * 0,6",UPRNROMTHZB5UUM3Z,550,3248.6,GYZ,db-14.dev.acme.com,376.61,8640.8,9280.5,"Miami, Switzerland",Phone,MKK,type,2682.3,166.81,965.22,Unisex,977.99,185.96,GET /api/users,S0JP15BLT7150PL21,4403,ES5XR1KQARJ8K8PU8,1.14,6052.6,FD2LJWZWRFIWFKMRQ,Olivia,Figure 9: Overview,MXO9X9R85U3NJKUP4,SXQ,OCU,GYZ,P9E4C29US7XQRI0AL,JSON,355.05,160.81,127.17,676.96,Q2 2027: $100M projected,"[0.1754, 0.1995, 1.0489, 0.4227, 1.794, 0.001, 0.2754, 0.2041]",358723,SKB,16083.6,351.91,144.92,NanoCore SDK,3.1.28,62ODFGVNPR8RXZYSZ,PVA,[CONFIDENTIAL] Formula #349,0.3897,Figure 5: Overview,CVD,active,7004.9,name,0ZQCCFJSYRCI3AN29,46SUIQC4APNF0MRI1,EJL,sk_FjtNww6PO0FQURbGv1XdpC9mjaClogXv,3962.0,14.32,741.95,1012.5
262.09,AVU,TXP,IDA,8265.2,VREYO0T428SK0UWH1,WSUR4DYX7XA13D94D,LIYFHUHJZVDOABWP7,675.58,48.4,NGH,QFU5WH8B1ZSSLYUB5,PKR,2351.4,KGHC53JRIDIO8NBG9,54P1PT9U5G5JZSJ9H,YVO,HBX,3089.0,NEAHGHB2PD25IL3LA,India,5335,745.88,YES,WSI,EKRQVYJ1XB0G62AWH,667.79,"$25,764",CREATE TABLE t (id INT PRIMARY KEY),6663.7,10,929.65,PermissionDenied: insufficient privileges,KHX,7296.1,GADF2400M4U48PR64,0xca234aeab24744df3d32741896adc51ff25e869a,NWE,07/26,180.48,597.91,O4SUKK13M0U06FO6V,USY,1 23 * * *,80DSH60S8IKZ99PXR,4786,9113.1,GLP,app-9.prod.example.net,649.73,6275.1,6619.4,"Tokyo, Netherlands",Phone,KAG,status,1735.8,992.18,619.26,Female,530.86,241.5,npm install,NE9FXCISUSIF9LJKU,3801,4QI96JRH7CXOD5017,515.61,7615.3,TXA6QT0AN7RFOAF9J,Mason,Figure 6: Distribution,TPYLS89228UHZTA2W,HSR,YUH,NJK,YE6I255V5ZS4RE6JF,VARCHAR,102.11,443.86,496.25,897.86,Q3 2026: $32M projected,"[-0.6108, 0.1378, -0.2174, 0.1029, 0.2037, 0.2301, 0.4796, 0.0969]",944602,HZK,27744.4,214.36,20.82,DataSync 3000,2.6.24,P45HAK6GWUBT2SNTW,QIR,[CONFIDENTIAL] Formula #841,0.9403,Figure 12: Overview,OZT,failed,5468.3,name,M0RX8DDJ586U4LTHU,XH8QT0ATBEZNG814K,JRZ,sk_rdSuJKyrVXIhzu2MmYpWTnasuAyti9CW,385.4,469.94,724.13,598.8
304.33,UAB,GNZ,ZZO,9794.6,NHBL9N3S3IU3XT68H,3FINKO4I8AX5OQNNC,7IN704C14KJQ69YXB,612.11,74.7,VIG,UFVG2O8DDT4CWBT36,NOA,1396.0,NTKVVW1KCAV7KR8M2,UTUSIMP7YRA1RBOTZ,BRY,SUB,7086.6,TX0UEMWRTTCT3PG2L,Australia,9002,936.49,NO,HSH,MLSA327AYHQZZVSQT,963.58,"$44,663","{""type"": ""object"", ""properties"": {}}",9644.4,105,196.44,PermissionDenied: insufficient privileges,MTM,8033.8,08IRYV2ID3HK7R58E,0xddd96d07a38678325704c395fe4ee707ab507f76,CLF,10/24,707.65,463.57,1Q7MSPHR4N36QOLNV,KIH,31 2 * * *,SXZBXG59WX180JJNE,1592,4699.8,UXA,api-17.dev.example.net,25.87,7905.2,7270.6,"Phoenix, Japan",Mobile,XYD,status,6524.8,40.96,459.36,Male,154.19,256.75,npm install,009W4VAH5EVMCOQSE,9611,5PBN45VD9FO3C953E,277.78,2409.9,WZZNYIS32YIXJIT4O,Elizabeth,Figure 15: Distribution,CSJ66MJYSFDWFQZI0,LJW,QLX,EFZ,4SNNEYEBUMIQTTB3K,BOOLEAN,840.38,531.0,842.45,468.3,Q1 2024: $34M projected,"[0.3265, -0.2318, -0.7329, 0.4386, 0.2529, -0.0264, -0.572, -0.2171]",901818,SKX,44442.0,634.44,891.31,VaultKeeper,4.11.91,QPEBT0X1ZREOQGO7N,NID,[CONFIDENTIAL] Formula #365,0.0623,Figure 19: Timeline,YSO,rejected,314.0,name,VEWYZKWTET3JRE3CZ,HYMM4O5HXR8LPVR76,BGH,sk_jkYd1hthTYx48enZmi1Op0Je5wf1YgoR,2870.1,332.13,169.1,5100.0
314.78,FEQ,NBB,LQV,9163.9,NYWSX5R4MNPLX9MUI,LFFTWYGZPN6LBA3OL,E25GWY10B8EZDPCIL,936.12,74.9,ZUI,P37HB2HSECHIG3EVZ,DNR,4814.6,P53AUHLI315RMV5YW,U3TIWYZQDZ3LPUNZ3,RJR,FUJ,9149.5,47XPR6TNCWYRHNP8B,United States,2580,942.7,NO,HDX,FY43E0OLING579TYB,235.95,"$14,941",message Msg { string id = 1; },8245.6,115,728.27,FileNotFoundError: 846,HTT,3050.5,Y7R9O7HC324WVP2TZ,0x29879878078dfe69fd655648ace2028e0a4015b0,HSV,07/27,143.28,997.88,FCBPUDIMDX4UZ24DC,SDK,0 7 * * *,XI63OBA0KXHZ09SC9,2279,6979.4,KBX,web-15.dev.acme.com,572.16,2748.8,6259.6,"Miami, France",Email,KIL,created_at,5915.5,582.71,521.29,Female,753.5,72.95,kubectl apply,BKPDGQF8TR49YRA6W,3771,17DFSYMN21JEVCWP5,314.28,7269.1,44S3Q4PW68VIJ4JGV,Susan,Figure 12: Distribution,WWYL3D07QHW4Q5ITM,ASB,BFR,NIL,3B4QI1YVASIGJ7ZL2,VARCHAR,974.52,510.8,39.48,651.13,Q1 2024: $24M projected,"[0.6608, 0.6793, 0.1963, -0.0941, -0.9892, -0.4656, -0.7966, -0.2154]",274701,VJH,8681.5,71.03,703.94,AuditTrail Plus,3.7.59,BVHKFYQDLUAVS8YZW,EVZ,[CONFIDENTIAL] Formula #517,0.9675,Figure 13: Overview,GJG,rejected,9835.7,status,JR1EHLZJ1ORG5O1K6,LKTQBX2LNBC6JITSN,LSK,sk_c8NrnlLbxzGX866ihGoPddfTHdob3TrZ,9354.7,379.83,987.8,3169.0
555.32,BOF,BPE,GSO,5393.2,94KIE54XALLDMNFSY,K2UEWXS8OP4P105SA,GRGS91WQN2KZ935A6,126.49,38.9,HVR,BRC8CC5BEBQTYUYBR,PUJ,3364.1,HB92GJMX5HY65RILA,MQZO3BZXW61QTQG4D,MCQ,HJA,681.4,ZIZS01DNJL6C0QYR4,Israel,0130,169.17,YES,HAX,J107EBC5LLXXNHF7X,846.06,"$25,472",message Msg { string id = 1; },465.2,24,901.32,NullPointerException at line 1756,IFB,49.4,LEVUWLQGXX5GCGYG3,0x18eeea1791b8a16992f0886ce9384d2222623f09,TKU,03/26,134.8,989.06,HCPQSX190DOEVOSOY,IXY,"17 11 * * 0,6",BLFI7WP51VGJACJ5K,1114,8027.1,DDL,web-1.prod.acme.com,231.98,5412.5,9982.1,"Los Angeles, Italy",In-Store,BSS,created_at,343.8,3.03,220.72,Female,85.16,530.72,GET /api/users,EZGRQ7C2MLCWCTJL3,9441,TE7YI859EBAD7D238,594.65,4157.7,K6F1V2E32DF3995O1,Jessica,Figure 6: Timeline,LLN0GJNFDELYS091P,LZA,VZC,IEW,5WBVNDMCAHQK4BQDO,INTEGER,313.78,913.73,545.21,296.81,Q1 2026: $72M projected,"[-0.3418, 0.7369, 0.2502, 0.1082, 0.1571, -0.1064, 0.3456, -0.5922]",872079,OXV,81423.7,931.43,725.96,CloudGuard,4.9.19,784IBSNTS3X50NYRS,DNS,[CONFIDENTIAL] Formula #412,0.0943,Figure 8: Distribution,QEP,completed,7143.0,created_at,SQQJEIUSGM0D6R0K1,DBCFCCLCPVSC3F3K1,BDV,sk_m5mr2IYog9OSvwYncYtL7ClWafmXsITQ,2668.5,604.54,712.14,1101.8
773.48,WKQ,GYN,DQJ,3636.8,5F292ZOGDSIBNSFRL,GZ6VWSRX6MGUFZBDO,MWPZ8BFT197O58R9C,820.01,88.3,VXN,8GA6AC3NZHTTHHPGU,LHQ,1209.5,EHR3W710GS10NUDZM,DS0HHZGKH3GHAF1CC,KAW,KBR,7013.1,M0BAM8DA5WVZJ0J8J,Norway,6695,971.16,NO,OSZ,Z6Q9CE1VU8S985055,695.33,"$37,327",message Msg { string id = 1; },4666.9,74,340.28,NullPointerException at line 7282,WRF,3428.7,A9XPPC717OWO8FHQP,0x46f98e3de02915846fb3bd938925446d0740bd33,MBU,05/29,13.9,26.5,THIUWQ7ICGYDMLAN9,HLY,52 17 * * *,9CXB1KDGF33RLI2AT,254,9663.8,AHH,web-12.dev.acme.com,666.29,5323.1,4893.2,"Chicago, France",Chat,XII,amount,2390.9,461.25,306.5,Unisex,14.04,219.26,npm install,TB4QKFPLWSBB3EZS9,4807,T9DVP69VMCLPD20R8,254.78,8852.4,YNOC6Q2KF2FW3C7X5,David,Figure 15: Distribution,8QUT167QH2Z5EIWD8,XMO,ETX,HYW,5NR8YM5CEHQ5EJS9E,TEXT,123.11,542.75,569.41,690.99,Q2 2026: $96M projected,"[0.6674, -0.0891, 0.6016, -0.1782, 0.4167, 0.5602, 0.1021, -0.2547]",257540,IZL,61885.6,898.12,361.13,DataSync 3000,2.9.47,9Q78878I3FFJVK1UJ,ZOM,[CONFIDENTIAL] Formula #213,0.5845,Figure 2: Comparison,QRW,inactive,7042.7,created_at,6MJC9JF8UCLWII9ML,JTJC32LDQFRTGFH78,MGX,sk_aHZ9zNM1r0iPmUXODbXMsDIxlbStp4E3,5197.1,832.14,235.42,5734.3
250.71,APV,PUB,VNV,4175.0,UWC9D2PQBMVT6CANJ,X5D5KIF772KIPPN60,OOKC1SIO91UQ9KFQP,556.79,45.3,IIF,IWAKH3TV49YZBSAGM,RVZ,5745.0,MZI24AMQZXYDKD5E0,7YJHUIWFJACOG2RW0,FAL,IZV,3027.4,JQH81DIFZ45DOA0N6,United States,1738,93.99,false,NZM,LG2N1QYNMORMV94DN,233.89,"$47,196","{""type"": ""object"", ""properties"": {}}",2418.6,101,428.98,HTTP 503 Service Unavailable,CWC,7728.3,0F0RQII5K5SI5FBK9,0xef5c69cf423e59d251ce12128c252782db19fd8f,QFQ,12/26,935.5,197.71,I30UG38ZCCU00M64V,JEO,24 1 * * 1-5,ZBDGLB3SBNMEG9IAU,2749,8410.8,IBN,cache-20.prod.acme.com,824.63,9693.8,4194.1,"Atlanta, United Kingdom",Social Media,UWY,type,3880.9,422.24,357.9,Female,123.37,440.71,GET /api/users,MHU483MGOY2LUX9SS,1986,RN5X3EJBR3VXMOULN,149.59,842.0,DKQOR3R1XD7DTL4KN,Oliver,Figure 12: Timeline,MV2W5UY7M4U686592,EKM,DEC,DMU,64GW1YG0LB7WDOO2N,BOOLEAN,938.38,709.74,964.2,997.03,Q2 2025: $81M projected,"[-0.1144, -0.1267, 0.35, -0.4337, 0.6094, 0.2357, 0.2801, 0.2426]",966580,RXF,47619.5,297.8,185.87,SmartHub X1,4.9.67,IVMGMJHVIO22HCCNF,TGG,[CONFIDENTIAL] Formula #400,0.4964,Figure 10: Overview,WPR,inactive,7607.2,name,UDPGXO4ZT7EOQIZEN,AMLOD3YZLIOWV0X5I,MIA,sk_1xoygt6lAwfJ7C9nl6SvWCtwJpRggenU,9601.8,976.5,635.0,5076.9
325.85,ZJM,KCL,BDB,4226.0,JBNLKXLX6QKJLWUYD,H954IQ27HW1BTICBO,SSEZMEV8PJNTRVYQM,575.86,43.8,ZQI,9TK4HGSUW5LN93X9F,LJH,6745.8,7ZFLDOENQPNL96391,EUE96BUH13HERER1F,BBQ,EEM,9802.2,1DWNA67BG79BTHNIJ,India,6835,202.44,true,GCV,UU26IJZHLKRE96BWS,599.2,"$15,872",CREATE TABLE t (id INT PRIMARY KEY),2910.6,23,999.07,FileNotFoundError: 101,SVQ,3138.9,BLWIIUTDN72CPGYRX,0x369416e3ae9ff710f40ca38e1ba03beb87870e60,TUC,09/29,96.54,235.47,4AWCAGG2EQ8LXCKN9,JJN,20 10 * * *,07XH7YB241GEA3LHE,1738,2649.0,PVT,cache-10.dev.example.net,468.96,6533.3,8668.4,"Berlin, Norway",Social Media,KUV,status,4696.0,701.6,666.1,Unisex,328.62,200.76,POST /api/orders,5DM0DV7GCR0HF3G5Z,8505,5M7P41R40H8284B4X,601.11,5588.4,BKFBU6DTVGI9DEVFM,Anna,Figure 4: Overview,ZZPYDME1IGO7S9LUS,VRP,PBD,TYQ,DFOJA6QT4Q1EZH7E5,FLOAT,973.71,177.83,261.33,248.78,Q4 2027: $95M projected,"[-0.1999, 0.2632, 0.0618, -0.329, -0.2892, -0.162, 0.0452, 0.0404]",905320,VGD,96189.2,276.43,5.24,Widget Pro,5.0.92,NVZK7DPV74C4CYD4O,UNY,[CONFIDENTIAL] Formula #539,0.2895,Figure 15: Distribution,ZXG,pending,5295.4,status,W952BGMQWFB52JG3C,QJC7AZFZNK529GPZ6,DME,sk_bKOQvdBgFbHWzkY45YqBfwrdDWz3iVGP,9996.5,634.96,439.7,7680.3
576.83,LNM,VNN,DMK,1066.7,L33UHTPSFPG0ILPL4,0PWYMTU98O1QD1M5O,A8REUW5OCHULZ3AGW,483.33,87.7,UHV,Y24HMCGK99UIA8LM6,SYZ,9764.6,37PPG7MXOVNME2R46,GFSGNAHJVI0NH8W2Y,CHC,TQP,2311.6,V4XN2ZVZ7ZMPHZ9TL,India,7683,748.61,NO,ZQE,QPQJU3IK2TUUWZHLV,872.71,"$21,252","{""type"": ""object"", ""properties"": {}}",8628.1,53,735.8,ValueError: invalid literal for int(),CYB,8247.0,70V7HU4YU17CMKXVQ,0x26bbed5598deb85e53d623f0188350c3a52b18d5,EVD,05/27,866.28,166.11,FONXEA30TR5XS6IP4,SKI,"11 4 * * 0,6",K2BIXLSNJHJCEV8IL,1317,3092.1,KZA,db-5.staging.acme.com,455.17,6819.1,9748.5,"London, France",Phone,XID,email,7302.6,818.87,21.47,Male,776.3,711.26,POST /api/orders,N36JYH7FXXF8HXB3J,5206,KLX75IK7UG5GXHCW4,775.2,5845.2,URC3GC6NZH7CLAE3K,Elizabeth,Figure 11: Distribution,71L7NR30XZ71WBLDF,IMF,JDG,ZJK,V432CZAV6W4OE7USG,JSON,378.84,183.23,441.44,529.45,Q2 2027: $21M projected,"[-0.7057, -0.0747, -0.2288, 0.595, -0.561, -0.0698, -0.1233, 0.441]",938034,PCA,67789.2,779.39,91.22,Sentinel Monitor,2.11.87,ZKYELPGIENSO6MRJJ,NWE,[CONFIDENTIAL] Formula #425,0.6131,Figure 15: Timeline,GGU,approved,2653.2,amount,XFVBGZP649G772UJ6,I0FO05ZK5UYQTNHFP,HPI,sk_8JlhpCo8P6esQjJJWB4BxTyO1jhatjvo,9572.2,686.67,72.92,8888.9
498.39,BXQ,DAU,KOO,6372.0,R5KPJBZE4UE3RQ8MR,4YF4300M4GZ09C0S0,02P8RZGLDHNMZ6I2P,215.9,38.9,VNO,R76EXS8HOFAVSYBPL,MGP,5246.0,VS7I7RKIYKZVA8ODI,I7H6LEPFRFLL9UI2W,OBW,ZPX,1842.5,R67N9BJL59FPH7R7R,South Korea,9980,43.06,YES,YSU,E3CY2T2XCBKJFS1G7,743.75,"$41,765",CREATE TABLE t (id INT PRIMARY KEY),6244.5,61,542.14,PermissionDenied: insufficient privileges,UOD,7898.6,RPHILDDPWR65JUS8H,0xf9f4a6a1573c3a51038576b66daaaad07444c950,GVL,05/25,880.1,451.55,Q1KM7TG10ML8HXKR2,GKI,"47 13 * * 0,6",UJFT5HJURA8EBUVRA,3754,9102.2,DDL,cache-7.staging.acme.com,94.08,3326.8,6676.0,"San Francisco, Canada",Chat,ILY,id,716.5,803.01,859.2,Male,135.9,476.28,docker run,VPYJM1LNG0ODI5NAQ,7760,A81CCQF1BKJ1PLRYM,495.18,100.6,IOZ4NEKANQKHH4WW0,Harper,Figure 17: Distribution,AGO9TWCAL7MW4EYGP,QYT,MUF,TAY,8NIDCEUKCX1T25NFN,TEXT,549.85,858.78,898.98,452.99,Q2 2025: $90M projected,"[-0.3213, 0.213, 0.3928, -0.3643, -0.7516, 0.0712, -0.5845, -0.6141]",298506,LRU,90204.5,712.8,70.33,FlexPay Platform,3.20.22,KMDBY49SIV0FAUZMA,WNC,[CONFIDENTIAL] Formula #230,0.5114,Figure 10: Timeline,YRP,failed,5229.7,email,FPMVZ6LSBZXMHOOWI,OIT40A4EEQ68BBTN5,ZIW,sk_aLWCxv8zyIHxUJzVYBqdP8UpkMCqFCiz,8736.8,657.57,734.56,5986.8
265.12,UMO,EMD,YZL,4012.5,FCMFKLP2VMYE32UUN,2L39UD2UV6RVLIBJ4,7L5GQTQP4GT74DLWG,885.92,33.2,WZJ,IU8FOZVWITG758BVR,KJB,9359.1,5S8OVUYP82W8ONAYS,58TVQ409QJWLJWCRV,FJO,ZJB,8680.3,31J2VR8VS02ISWFY2,Netherlands,4582,179.42,true,STZ,4DKLZ59G8326C01QY,151.88,"$47,698",message Msg { string id = 1; },8557.9,48,72.93,FileNotFoundError: 9871,MLN,9027.3,H9JNOJG4WXUMSU04W,0x623d2ff2f6337e62d1e516a99cfe04041b2ce457,DIO,09/26,997.8,918.5,EW9OBQ515XPEM1X2Z,SFF,10 10 * * *,A96SRMFW2CA7TP46N,2795,1048.8,VQR,app-8.dev.example.net,760.19,2459.3,2885.8,"Phoenix, Brazil",In-Store,SPO,status,7814.0,369.82,905.19,Male,142.32,216.54,docker run,PV2BO9XVTJ37T37FM,1658,L77LB0MOBWOU2AQPY,89.62,9517.2,1HTT7G8PLQ21AOM9H,Robert,Figure 8: Overview,ALUOEXN1BMLF7BDE8,ZBN,TXI,WNK,MRDLFLHP2TMPSXPWJ,JSON,248.14,111.55,421.25,76.41,Q3 2024: $58M projected,"[0.9763, 0.789, -0.0897, 0.67, -0.5466, 0.3356, 0.7445, 0.3111]",804340,FDJ,15706.6,766.47,951.09,Sentinel Monitor,2.14.31,FFDPSR7LP68ER5677,LNG,[CONFIDENTIAL] Formula #857,0.6557,Figure 16: Overview,PDL,rejected,7984.5,created_at,P4SZAOVY9NFW37LB4,S1YCPOL6BOPZYSVZY,POG,sk_s5juFZF1WdNcYQLdbguOQHEX9cLGrr8q,5613.0,377.24,300.48,5345.7
895.73,ROL,KJS,SEZ,2021.4,0M22KVK2G8U5V7HEU,H6L4CU3I212R50PKF,ST9QHNNNGL4A8Y0TC,870.27,96.0,FIJ,OHDE0ZE0RCRKU8GHR,BTS,9151.0,8XEDBP210PXBO5CYA,9JIZTOOX711BL2942,LSX,SUE,769.8,RGAG9GI9FUB8JN24D,Brazil,8116,645.9,NO,BMU,DH7EJBILPGF8RAUMT,930.69,"$42,766",CREATE TABLE t (id INT PRIMARY KEY),7896.1,5,422.81,FileNotFoundError: 3001,HUE,1741.4,H3SL7A8JM12CREPUL,0x2d40b95b7bb757700069ec5e2e34a60ab68e2761,OJZ,02/28,797.56,389.08,DB77XIHXBHREBF4RO,XCL,"32 21 * * 0,6",SV3Y06Q9UG3NPIJ0O,3286,2510.5,NQU,web-4.prod.example.net,246.18,3734.1,5489.2,"Denver, Brazil",Chat,HUX,name,4738.3,202.8,974.25,Unisex,864.42,733.29,POST /api/orders,PGETALPDZA0Y1BVS1,1765,55LDBMKMB9XVT43O8,497.12,9457.2,9SW8OV8AELSK4S9E7,Ethan,Figure 16: Comparison,L9XG2RH333YTY7RS9,OOJ,IYF,PNG,MMTFE9MTH6G67OWH9,JSON,724.69,657.81,383.43,20.72,Q2 2026: $57M projected,"[-0.5152, 0.2015, 0.8537, -0.0764, -0.229, -0.2073, 0.3174, 0.9155]",110953,SJC,321.4,129.44,275.79,CloudGuard,3.14.11,4UAS9D0TCDA1Y4BDC,DEP,[CONFIDENTIAL] Formula #943,0.5602,Figure 5: Distribution,OJU,active,8427.5,name,9A9HDRLLIZ8DFOFSM,VF7BMGXJAEFOBIPSH,AFZ,sk_cbuONy3uFeYU3KNRSd7tzEkJ7LTq1znw,286.8,475.5,258.64,5696.2
40.48,IQL,NAP,TJK,6482.1,G0S412VULELW9H4BZ,HGCABFXI98QF8FYP4,494BU9FH7D3Z1G8AH,122.98,71.2,FYN,HO2X37PUW9SECJN9T,FBM,6749.5,8M3173QNPKBU9BAEJ,X7PNWGHJPC1XTAYIM,NRK,MCR,9916.6,BQ9BCRT2XYK686OFZ,Israel,3740,623.21,true,PPQ,XT7UU8ZW8F2D30XAZ,917.95,"$30,672",CREATE TABLE t (id INT PRIMARY KEY),5754.5,93,804.48,Connection timeout after 4585ms,FLI,2134.7,GM1Q1NB3632ASCYAN,0x979f1f9160c8b8fc20e6ac0f58e2c188a0299171,GUL,07/25,272.67,243.49,WKP04JN42LNRR6D2R,URH,"44 13 * * 0,6",VQI2PJW1WDF0KK6AL,4684,9404.3,JGT,api-12.dev.example.net,210.07,971.7,9658.9,"New York, Japan",Email,PAU,type,9623.9,103.12,381.48,Unisex,352.82,781.7,GET /api/users,DX1FFM14C5XS7BTWH,3245,I7LTHLT4IQQDH6MKM,351.49,6158.1,KDDI2PAR0WTI3M33M,Logan,Figure 3: Timeline,ND6VRUL7PBUHEGH1X,YAQ,BPG,OST,CI6PDOY6K71KLI32I,TIMESTAMP,883.74,873.55,21.64,778.77,Q3 2025: $89M projected,"[0.3743, -0.0934, -0.0947, 0.1936, 0.3206, 0.7306, -0.3479, 0.1131]",724214,ZYR,56102.1,846.36,776.02,NanoCore SDK,0.0.78,LS2USC3L16K7GL7B8,EKR,[CONFIDENTIAL] Formula #648,0.6976,Figure 8: Comparison,GEQ,active,6515.5,amount,OU5O1Y18J7W12TFZW,5BO936U1KZEA2U96D,YVS,sk_p3drtIu3cxmxTY9meuuX2lvGHDbkT5yW,3251.4,165.88,924.63,4965.6
726.89,RSY,NFH,QSN,84.2,1B4INEK3TYTMCBIZG,V77NGWVGKBENRN14K,AG11S34DPR0IOJBGM,708.44,66.4,GAQ,SYS6MTGK8KL6CJTET,TSE,3792.1,RAJIFUY3NYBKASMVH,CQXLXYXRH8VDKI7BV,NMW,RIN,4798.8,8N74X6YVSU1A8523V,South Korea,9045,988.7,false,HXQ,S6VIJTK67WX61JZUP,342.51,"$17,271",message Msg { string id = 1; },3646.3,29,390.39,ValueError: invalid literal for int(),BSA,3398.7,6TWF3ZM7ID4BCTFD2,0xa288deb87d17fd0f6ddce739de72baeb2cc3d09d,QQI,03/24,60.79,536.24,BNFUB5GXB4SOJ5ZHO,KOS,11 4 * * 1-5,M8S85NMU0B3I5TUGD,2965,6477.7,DES,web-11.dev.example.net,475.39,911.7,6486.9,"Houston, France",Social Media,BLP,id,5039.5,710.82,336.68,Unisex,953.55,800.32,docker run,4O3TISO1YAKHNJWM0,9730,V71WYM34LKMDMQE2X,958.42,9850.1,I1QVUJM9OM3RDNM3P,Mary,Figure 12: Distribution,TZ2QHW56XC2Q3URD9,NOZ,UKX,PCH,QUJCUDYD03TFPMJ5N,JSON,367.29,330.79,626.02,203.51,Q4 2027: $1M projected,"[-0.361, 0.326, -0.3466, 0.1226, -1.3549, 0.4897, 0.4104, 0.2037]",689261,HCC,30585.1,950.85,399.91,SmartHub X1,1.10.60,OP65WLCDRWYGITBJT,AQQ,[CONFIDENTIAL] Formula #198,0.8424,Figure 14: Comparison,PWT,inactive,5106.7,created_at,SPXY5YXVKXVHGUE3A,CUK3S6YQ698VYL6IQ,QVF,sk_7eIFQ1zSoDBTPZqkMSv1RCQkHU88gYsH,9093.0,288.48,42.21,6380.3
712.86,KDV,ONO,MXE,3660.8,3K7BPQ6Q676TYC8BQ,OHUIMO4CST36UJW0F,I5NHFGH3NZOQJ1TEW,549.5,81.1,FPA,JEWUFEHHS53CD8YS7,NMM,4412.9,O5DY69HZ2U04XLQ8Z,M6PHUFZW4N5C6TZFQ,IDL,QCG,1.7,G6HP9HOG1Z1ESSR41,Germany,7444,806.81,false,QUZ,KA2J6OLL6N84P5QF4,558.68,"$23,463",CREATE TABLE t (id INT PRIMARY KEY),2017.5,13,311.74,FileNotFoundError: 3429,VAH,9439.2,HED8HO8WM6KCDG2WT,0xa949744cc06c5f3b9b48d27671822cee50edbc98,KTI,02/29,677.17,113.81,3FV8M1B7CTK3F9V7C,IJJ,39 19 * * 1-5,RDF14BB1P3W3FN7V6,3013,3638.0,YEZ,cache-5.dev.acme.com,611.3,486.7,4390.3,"Sydney, Brazil",Social Media,KZX,id,5518.3,482.43,421.08,Unisex,919.39,156.43,docker run,BHGC33EIPZEEXR6GT,696,HHXS2ZF8Y4H4KDZ1X,79.5,9281.7,DP7SZ7MIW8WOWTBR7,John,Figure 11: Distribution,4RDUP91HJSZRNIU0B,IYE,UWZ,EJF,T6O822K4D3FF6SK45,VARCHAR,298.6,674.43,145.78,625.01,Q1 2026: $40M projected,"[-0.5315, 0.1008, -0.2077, 0.0698, -0.4484, -0.8429, -0.4879, 0.6043]",124046,XTG,32555.0,786.48,365.69,CloudGuard,3.0.23,VDF3AFSAP8IWXK7K8,QGT,[CONFIDENTIAL] Formula #251,0.1951,Figure 1: Timeline,RKF,completed,812.9,amount,LJJHSIJ0G36G5NCPG,S97GRMGLA5PDIDISI,DUM,sk_ZeLXEo3JZC2D876PRMm2M2S799H8l6A1,5672.4,815.7,934.85,4675.9
79.5,CPP,BHU,HZQ,3530.5,ID0Q9R47UR7TEBK96,9R46LEIRZM798ONIK,W5AQBX9R5T7MXK8KA,931.68,54.9,INP,S932QFUZ8VBFZGAMU,RBF,1943.3,HYRG6UB908AYPPLL1,7721PUSP79YLC1M22,ZNC,SLA,2983.5,NJ1X34K342IQNYN9E,Germany,7633,32.05,true,VAQ,WPZS1FP70OH5IHOEO,714.2,"$49,957","{""type"": ""object"", ""properties"": {}}",1173.1,77,75.9,PermissionDenied: insufficient privileges,YRO,8929.4,ZYEVASMAWPKCXE4QZ,0xf102bd703a3618421288ff3af8518f4348c16ab4,GJC,05/27,593.71,910.07,EWADTVPUB415RS2ZZ,OXI,3 13 * * *,DOBDVURXHNED12KYA,2705,9493.0,CPA,api-19.dev.example.net,674.8,504.0,9707.4,"New York, France",Phone,OUP,status,1354.0,729.85,239.74,Unisex,224.96,149.74,npm install,K8VP8FDYOQY76RCI5,7740,KS4Y3UEJQN9I66APB,615.5,5364.2,73KAUCR57WR4RCP4A,Sarah,Figure 1: Comparison,62PI685ZTS0HO87SZ,RNT,UYL,BKV,HJPK8MQ5RXGAM7H35,BOOLEAN,508.27,294.15,998.42,233.85,Q1 2027: $4M projected,"[0.1205, -0.7839, -1.2598, 0.4931, -0.8523, 0.4597, -0.3709, 0.6448]",132606,MOL,64431.2,244.78,206.65,AuditTrail Plus,1.0.98,5QY8V5UWQN3DME5WF,ODR,[CONFIDENTIAL] Formula #271,0.6218,Figure 17: Distribution,XUO,completed,1173.4,type,1L4ZINH8OB6N6T4XS,XU38MOOY01T7YCWCH,MPZ,sk_jaEIpZ83MfXOcjJ9rqXDWFF6YSwjaVLO,8640.8,777.88,856.86,8725.9
533.69,QTT,EDR,QGY,876.3,N8EQE0AKZ67IUPK3O,UFC9S2QP6B76EIZQ2,0JHEDGL1J0J0ZT8JP,772.85,86.7,HFB,5N25IA03F399R0C6Q,ZAB,2351.9,W1NKBCE000Z7ZQJXB,F4A4H6YPUYF9S2216,LAC,AIX,3456.9,UR8JKIOMTRH3OVSVH,Sweden,4479,935.55,true,JQB,Y5HSC0W2TUW5ZQBP4,279.76,"$12,891","{""type"": ""object"", ""properties"": {}}",1887.6,72,449.2,Connection timeout after 7736ms,QJI,3434.4,7KJ641GCL7GA3OY5F,0xa2da755c5a67c5944fe6fa7a9c609b32b86cbfcc,ATJ,01/29,735.94,169.16,ECK697Y4BHIHU0BMT,EWV,58 8 * * 1-5,RE6D1OKG2NUI29R76,3067,1261.8,RGY,app-2.prod.acme.com,743.38,2301.5,286.3,"Houston, Israel",In-Store,JIX,type,4038.0,201.54,7.72,Unisex,405.91,753.86,kubectl apply,WN1NA1VSQJLGVOIF7,6565,MQG0FJ1H20E91DN2K,365.99,5906.0,83B05E3VPV4NS54TV,David,Figure 9: Comparison,Q7QKAI6UYRLAFEKOL,AFA,IWR,NDU,YYLR5I3C3LHYZ69WO,FLOAT,841.14,344.65,751.43,426.63,Q4 2025: $20M projected,"[-0.6366, -0.4457, 0.2969, -0.4933, 0.2976, 0.6022, -0.5946, 0.8462]",653609,UKM,1278.6,785.28,938.25,Sentinel Monitor,4.7.33,T4RB7RMT8GL41QJHP,APH,[CONFIDENTIAL] Formula #389,0.0355,Figure 6: Comparison,BMV,approved,6668.5,email,7376NK5NSFJLBBIFF,X7QBPAAGSBZSEU3H0,ABH,sk_gJSC6snYmiOmc66uqDrrk0hMHThabmDA,4589.4,233.23,138.85,259.6
694.03,GCF,GFV,TZR,1468.1,BFRCG3DX17HGE1NNK,EZMP5G7BDMZ050A2O,O9S7ZQVX10E5I8U3S,671.16,98.8,PUJ,N7AWUNLDF88T8J3P4,OGJ,1345.7,LC4WE7AMJDK36M8MI,Q7VXLFBB7999U4RVT,CSQ,CXD,2740.6,X8USKOFTKTCRVW8G7,Canada,4306,477.65,false,OOP,FDWYUI7Y90I48TKXC,536.34,"$40,858","{""type"": ""object"", ""properties"": {}}",3244.5,14,964.14,HTTP 503 Service Unavailable,JHD,1841.1,JZA4LGU365ZQMQ0X9,0x447120dd929bad8fa0dac1069ef544c1774f7968,IST,07/24,60.14,791.84,C04ECJT1EXSRAAJ45,VQQ,24 9 * * *,P68B3N47TNUFPB8TI,3868,4909.2,ILS,db-18.dev.example.net,509.55,9543.1,3593.6,"Denver, United Kingdom",Social Media,KCK,amount,7125.4,498.25,888.91,Unisex,746.34,793.62,POST /api/orders,NRKRZEEJQA2VJ4CFF,7343,1HTWNPHRQ6JM8J32O,354.45,9888.0,K5LSGYV7NWLSC3Z5R,Aiden,Figure 7: Overview,RSZWKG7QUBWTK7XNL,YWF,QNM,HIU,WN2NXVSFTUB686LZ7,TEXT,839.26,806.32,153.69,300.11,Q3 2025: $53M projected,"[0.0648, -0.4787, 0.0756, 0.3823, -0.2062, 0.5127, 0.0368, -0.216]",614086,NSD,36933.7,271.11,218.91,Sentinel Monitor,3.2.93,CX0N3PDUVP53L1OZX,FWQ,[CONFIDENTIAL] Formula #488,0.3235,Figure 20: Overview,WGM,inactive,1315.6,name,R0R3KOUK0Z0ERYV8V,LG1544QMF1IKOEEZL,TAG,sk_m10RQg9cYkK2PJBVBHSFTl09F28RTFAJ,9734.3,391.27,217.3,7611.1
698.91,OXL,OCK,OOH,1462.9,P8D2JRA4KWRNWDLPU,ANQXU5XME1DCY5ZJR,H5F0LI960SWAH2B2B,637.68,75.5,SEY,3CMASF385E38DN8C3,LVE,7659.5,F6U5UCGNJ6U4EJZLD,HUNPZNPXFXWZSX45E,BUL,GUX,4701.0,GBVS2S6IYPIDCZ5N2,Spain,8773,154.61,YES,NPC,2VORLA907ETLU1P3K,573.68,"$35,362",CREATE TABLE t (id INT PRIMARY KEY),751.9,97,219.93,PermissionDenied: insufficient privileges,JGE,292.4,AJ72CJ46TARI23WJ8,0x662e11e8e021d1c75554d8f2014090c6b63b7aa2,XXU,08/27,360.13,327.48,J1874LNF1AZN6DVTC,LEN,"31 21 * * 0,6",6KFHGH6836G5OEOPW,3175,1713.8,YLC,cache-1.dev.example.net,90.69,9351.9,9775.3,"Berlin, Japan",Social Media,QUJ,created_at,285.2,525.55,746.35,Male,566.36,153.59,POST /api/orders,VMSUDSXHVCI5GXYXT,2272,QR9WNW9UQDSQQHQ4Z,437.72,4713.7,I8DO2Q3WJS48JD3NZ,William,Figure 5: Distribution,ZOKRT5ST3Y0HHZA9W,DNQ,OOY,OTY,F590OBT0D94UPKHK8,BOOLEAN,314.41,386.44,990.42,242.8,Q4 2024: $97M projected,"[-0.3564, 0.192, 0.0121, 0.4185, 0.2525, 0.6647, -0.8255, 0.2175]",910138,SOA,64037.9,259.62,885.42,Widget Pro,1.15.51,BB1BOKMXYHPU5SB1D,PEG,[CONFIDENTIAL] Formula #918,0.3555,Figure 7: Timeline,SFT,active,6505.3,email,RR2O9Y6JIAFL6JO3D,NO3QGPHQ6ROBM98FW,ARI,sk_ivxjEepaicxZL3XhBvt6vphwhL6skrSZ,3657.9,802.95,461.13,5019.3
145.75,WFF,WBA,UHW,7936.8,2T4K8DADHULTIS8PW,ACWSFJ6IZF477OXQ8,TR4J69Z8PYHOTH9QE,559.11,0.1,CMJ,IRLUPSYLMJ0Q30XDZ,KJW,5558.3,TJ9ADHPOSLOMVEFRO,P132VTT4L88EXOR41,UOD,ZUB,5259.1,I710GNXD4KTBTLIZV,Japan,2153,924.0,true,SYO,OAOZA6ETOVKCX0QBC,854.89,"$39,701",CREATE TABLE t (id INT PRIMARY KEY),7459.0,37,232.74,PermissionDenied: insufficient privileges,WUE,1385.6,8F1AT47I1XCM2C1XE,0x0735b515f9f6fcb20753469e2048c13775e7ef42,MCC,04/24,376.11,378.86,VKNFTEC3LIO8Q81EJ,GOI,"52 10 * * 0,6",CW3OFVDF098U9QW7F,523,2267.8,EAX,db-8.dev.example.net,992.1,87.4,3909.6,"Los Angeles, Sweden",Email,YBL,amount,3239.7,165.15,967.33,Unisex,465.37,791.77,GET /api/users,8JQC2IFDAFKVO5LSR,6659,6FIWVDDL5VLNY05MF,176.17,7321.0,098JWMC73P3D16AZR,Logan,Figure 19: Timeline,MI2M2N3LFBAR38MN7,VXU,DJM,TZK,LPZXDFSGL5S7TZPVK,FLOAT,617.75,475.31,341.61,152.71,Q4 2026: $22M projected,"[-0.0656, 0.3457, 0.3937, 1.2842, 0.1692, -0.2322, -0.0677, -0.3779]",442824,JTJ,38111.7,58.09,804.64,FlexPay Platform,1.20.72,AG30WZXN0VS80MRSE,RKS,[CONFIDENTIAL] Formula #247,0.2925,Figure 3: Timeline,DEZ,inactive,5551.8,created_at,0V6IN16LIDT9HTCD7,RETJTEWK686IS7NNQ,JKI,sk_8cpoqXcQFh8mdfu7kkWa1gabDxqrWd5f,2294.5,247.14,752.87,9925.5
945.58,SVA,RBJ,PUY,6853.1,JCGZ256W9PRHE6C0G,183J2XGXAAC1NCRXA,VX2EBIHC6LVRF3AB3,929.47,45.9,KZY,9C42UGHCWSJIL64EE,IQB,6083.1,OVAOC61FLLFKT2725,IYNZG5TELPUMGKZX4,ZWD,OEW,442.6,17IMOQSMCHE77W6JL,Italy,7476,992.47,true,ZQZ,6Q28RQCNZA16QQNI0,347.71,"$25,757",CREATE TABLE t (id INT PRIMARY KEY),1229.4,111,961.68,PermissionDenied: insufficient privileges,XCU,1576.9,PCSPI8M696FNVONU8,0xf742fa20b55e00aa4cb02dedb25b2c999753b222,PYW,02/30,706.76,548.76,BT2311GZRU0RYYB0N,SRP,"10 17 * * 0,6",3XHVM2N1H1CHDAL4S,4499,4708.1,UDQ,db-3.dev.example.net,594.06,455.5,600.9,"Portland, Italy",Email,GAX,status,3118.6,251.19,373.92,Unisex,820.82,825.51,docker run,NTNO42OAX76FV45BG,7610,KADFBFEKECRVT7FCD,75.79,1507.7,34CGYNWIIMRSQNC62,David,Figure 15: Comparison,XN84EP9AXYPNV32VK,ILX,XSU,ESZ,JOUABSCTM1J0BTBEX,BOOLEAN,533.6,333.66,42.67,645.97,Q2 2024: $29M projected,"[-0.0262, 0.0777, -0.8932, -0.107, 0.1619, 0.2339, -0.898, -0.0462]",677941,NSF,80130.2,581.24,53.85,VaultKeeper,2.18.4,Z8LOZDG1583DVBI9K,ZTT,[CONFIDENTIAL] Formula #128,0.462,Figure 12: Timeline,KRA,inactive,7303.5,amount,U4N4QRL667EDQDE2C,IMTJTJ7TOEBO83IPO,UQZ,sk_JuMLUaBywLdiRzGtCg8rnqw7zop6R3CZ,6353.7,13.12,181.32,2530.5
837.24,QKP,NCP,JRG,1094.3,4THD3BB1LX6168P0O,MNAZR712BBHJIU4JA,QD88M9PBBCRI4CNY1,217.8,37.4,XYC,F5GMVB0DIT7AC16AU,XNF,7189.3,UZ7PD5EYZL5W0T8W8,7BQ220US9Q1GKZ6PE,WZR,DSP,930.6,5FAKBWNMCCHA6B3NX,Canada,6182,883.19,false,XGA,6HIM1YK5YO165KK8R,659.92,"$33,111",CREATE TABLE t (id INT PRIMARY KEY),9437.5,10,543.43,PermissionDenied: insufficient privileges,HYZ,5238.6,8K0ANWTX9P6W1A1WA,0xc925f7400672c42cb7d3962f4d6eab79a63575a7,WGK,11/30,252.05,381.54,1UGJ8CAHI86Z6HG2B,DKA,48 13 * * *,MAMY7CQPZX69TSURF,2750,9978.6,LSX,cache-20.dev.acme.com,385.09,6883.0,5798.0,"Seattle, Brazil",In-Store,XFX,amount,9101.3,776.64,585.21,Female,158.66,477.0,npm install,ZI39YQU6EEOAVSLCZ,2093,K8OS6T51Y2ITXSNSK,703.29,9781.6,M8XQFTM0758UG64HY,Olivia,Figure 2: Comparison,7528FGD2YO09UHJMJ,LSX,ZSR,NLS,PNPRL6DQUVYJTFQHE,INTEGER,342.6,154.46,955.84,734.68,Q4 2025: $88M projected,"[0.5915, 0.3722, -1.1256, 0.3056, -0.2304, 0.5753, -0.4873, -0.2543]",256000,AAI,83011.5,173.88,503.54,StreamLine ERP,2.4.9,WPSPPSS2RLHRLQXLS,QFZ,[CONFIDENTIAL] Formula #516,0.7329,Figure 8: Timeline,JVG,cancelled,294.6,name,A51VT6BWL95DKSSEZ,CZE8IYMXT78R330V4,VPH,sk_M3A83eEXBqmSEs2t3GGsHQskupKeRQ4y,9529.1,121.15,706.23,4389.7
104.21,WXZ,QFW,MYK,9886.6,MGBS0I5NYCA8JS2KX,G9RT79U9EQJPFRUJU,BTKUK4LOBPIZ8BZ6J,681.47,80.8,EEZ,YIN1VFOY259Z3O6LV,OTP,2989.6,B4WUTGAUTS8KW9HC0,GV89XK58Q5FC3BUJ9,MVB,VOO,6615.1,RD7DMO8HVBNBU1NSV,Netherlands,6193,906.44,NO,QRT,XGMJ43XPYPX5D3TTP,110.44,"$31,232",message Msg { string id = 1; },2039.2,72,679.45,FileNotFoundError: 7632,AOK,6829.6,U32RNYIARS10MJ3PV,0x54101d4ffed58da8950f5bf1d1ac42eeaf271671,BNN,08/25,610.5,727.16,56A0HSEPKQ9K1YKU6,JJA,"56 9 * * 0,6",R5VNYJ9O5CIYVCHN0,1588,7166.3,BYD,app-14.dev.acme.com,130.18,8133.2,2119.6,"San Francisco, Japan",Web,VOH,created_at,4788.5,902.35,904.82,Unisex,660.89,36.9,kubectl apply,Q30RYMCDUX338VM7T,2387,2GVEPACHA1ZPRVDRR,464.96,4580.8,Y8N8RMY3MJUELYCFT,Mary,Figure 17: Overview,AJ0IP28HSX40TI9LQ,LKY,JAG,ETU,RSBQRQ4X5DI30RW0V,TEXT,272.43,446.97,870.91,230.92,Q3 2024: $80M projected,"[-0.1677, -0.0934, 0.256, 0.1503, -0.7115, 0.425, 0.159, 0.0507]",247351,YTU,27858.1,456.55,882.37,AuditTrail Plus,1.0.2,XS90KIX4CCR5ZAFWO,WQP,[CONFIDENTIAL] Formula #897,0.0892,Figure 1: Comparison,QPX,pending,3571.1,id,O420KWUYYPJMD6VU3,ZZ4VGP1Y10LVSZW2Y,FPQ,sk_Wv1OMjeBLufYT5LsOaj3Prh9FLXNXRCi,6041.7,566.37,328.64,4242.9
88.54,FLE,MCM,BAR,5979.0,P4BVIFDJQ2MBFIBJY,OTJR1V6FY4IE9FPRH,K4GEHM5PK7I6LNCCY,806.55,74.2,TDR,05TUTU02X2LM466S7,BED,9008.7,CJL9P45WF49OVCU02,8XIW49LKYQFCF1LMA,NAB,APS,1214.0,6CBDAZ9537RILCN3I,Canada,7653,636.1,YES,WLE,GJML01NF28U1J31YH,676.42,"$47,162",CREATE TABLE t (id INT PRIMARY KEY),5011.6,72,670.79,HTTP 503 Service Unavailable,DIX,5199.8,LHHGME95NHTFFXJ4C,0x953ce1200f1b784b629cf928e231884a2489e9b0,QDL,09/26,233.65,20.16,90MK3O55XWRMSEBF0,XPN,7 18 * * 1-5,BT2UEX72S5ND9ZYIY,1202,5839.3,RLV,web-5.staging.example.net,942.78,4602.5,1889.7,"Los Angeles, United States",Phone,OIF,created_at,8370.1,818.63,163.58,Female,907.11,156.29,docker run,II98SKJ3P80SYXBLL,6438,YX050Y9K64IYG6PCU,433.23,1764.7,PREIWZP0UF27827ZJ,David,Figure 15: Timeline,NVRFIJ17XR80URUU0,UDD,ORZ,GKG,A13REJL5PUBQC5AIR,BOOLEAN,69.04,900.36,220.32,32.49,Q3 2024: $56M projected,"[-0.1317, 0.649, 0.6315, -0.3956, 0.4928, -0.3238, 0.544, 0.5952]",588674,DLO,22492.5,228.89,538.87,VaultKeeper,5.16.40,78TZ55G0S4D305XII,FDK,[CONFIDENTIAL] Formula #931,0.9268,Figure 9: Comparison,KJP,cancelled,6282.6,id,TLLFZZ163R10AVXBG,GY1VAH4AO3IRD7WV2,PJF,sk_MYyUUpE3W8hfqX7pgtJ18qn7SP8NXqCF,9292.1,167.52,342.98,6512.0
807.8,PXL,YRW,BQY,193.5,NJYFU8RSVA8P8NKEC,TWNLFMXUTO8MIZ973,VY7CVPHXVO2O3WLGP,735.42,58.0,HJB,TVUXCU0L92BQHYC3L,TLC,1555.5,PMM46GXL848G98JR1,4HOTWVKRDLZ693X4U,ZLF,IBJ,4261.5,IUODLJXJIQ4BY6KIE,United Kingdom,3909,499.38,true,FAZ,JF2IIRO3Y82S8IW6K,401.67,"$29,952",CREATE TABLE t (id INT PRIMARY KEY),5275.7,112,950.57,PermissionDenied: insufficient privileges,SNL,9453.9,QJCDR6IOPL30H5282,0x1a98d6d5bfab078778bbf1975486008263cff903,ALK,07/25,54.28,532.17,97BBQRDODY3HL3I88,YBQ,58 0 * * *,XFHCZ2TTX1H56YJAP,4609,7028.7,KJF,web-18.dev.example.net,351.09,930.6,9048.5,"Seattle, France",Web,XCT,email,330.5,347.93,912.36,Female,668.47,645.18,npm install,2ZN6SK19I66HG5QY7,9079,U9U275BSVZXBOA4PH,698.96,5153.7,8YW5HUX9CH1UZ17TW,Anna,Figure 6: Timeline,X3CXQ056UFZQAUFII,UVG,TJW,DYP,1JXZJ772K99KVWU1R,BOOLEAN,338.12,171.12,476.67,13.58,Q1 2025: $2M projected,"[0.2777, 0.0407, -0.0452, 0.1171, 0.8755, -0.9585, -0.0249, -0.1084]",110342,WET,99732.9,165.86,504.88,Sentinel Monitor,3.11.84,8FN54N4F7JSV70JWA,BFR,[CONFIDENTIAL] Formula #530,0.26,Figure 17: Timeline,JLG,inactive,5992.7,email,WRHDT2MQ9KODO3LWI,QCZ6BL364BQNWM92G,YMR,sk_C9sDauLBSKJfIbVOW6Wet1b5IyGMHjGo,2873.3,573.67,163.9,2589.8
652.79,VSU,QFW,PGM,987.5,8UKN58CQ59X7HEZBH,ORUXGIMIH4ESLSA7X,EO1W08K8H2TPABGKS,146.62,46.5,ACO,VOH6PHQQJ7UE9U995,FFE,7018.6,695NJC61WK9HVBO89,FY2KG7CYL6BMWWEPI,USW,ZTH,3420.8,59P4S7IDAQCVPT9V5,Switzerland,2664,823.4,NO,SAE,UU3C2BKWQBUK81YCR,165.53,"$20,710","{""type"": ""object"", ""properties"": {}}",8819.7,53,833.76,Connection timeout after 8763ms,VVI,4238.5,XZV47ZREUKVQFGW2T,0xbc30dd610f1af15ccf2f432bdf19175b9aa9c6da,GFH,09/24,698.04,407.49,15UUM6GRRW2DTFFTP,WNQ,48 16 * * 1-5,63Q8IE6SKVJTBC6YL,4925,1419.3,JFL,db-18.staging.acme.com,574.06,1151.1,1116.9,"Denver, France",Chat,OOQ,id,857.5,71.34,214.39,Female,863.94,674.74,GET /api/users,BRCQ5IE5KR6LR2QZ5,523,TG1P2D21RTI61DWS3,637.4,6477.7,BS1PCOD042NABKBZN,James,Figure 3: Distribution,P4K46ZV4CVGHNN8PH,QVM,GJF,ZSD,AWMO5VHKMYM7LQKI9,FLOAT,57.28,395.79,729.92,641.47,Q3 2024: $56M projected,"[0.3633, -0.3694, 0.9119, -0.1128, -0.1927, 0.2448, 0.1101, 0.3585]",852113,IHR,65663.2,210.45,986.29,AuditTrail Plus,4.20.29,PAEJPHAVY0UFQKTIP,LPU,[CONFIDENTIAL] Formula #150,0.9537,Figure 3: Overview,ZMI,rejected,2960.3,id,5NNQT8RCWD4T05RNR,1QJC2VPWZW23CQY2Y,GID,sk_xuVHiLlMT4ZepWtbOnaV63K2lTgiiWgo,8863.8,14.34,563.75,1823.2
736.55,GDD,BFD,POA,3851.5,MBJIU57OLDDKF18QT,IAWBD4YNKY0CVC6UY,CCN6HXGFESS0Z85P6,477.27,98.9,SSC,7W553TSD23F42AD06,SRN,8298.0,RG5G7HL0PBEVWP07Y,WQ4OTZOHJCYS9Y0H9,PZL,KSR,3259.3,BDYZJ81WMU872TQAY,Germany,4332,639.58,false,IPN,89Q48691AYNXWRUJO,379.82,"$28,505",CREATE TABLE t (id INT PRIMARY KEY),5373.3,103,192.6,ValueError: invalid literal for int(),RHR,611.3,E30RO6J7LIPOISEJH,0x4c59c6033cb76c1f6ba708a953f0d6940f6c1a95,ZBL,10/28,485.39,9.37,OPVJN6G9AGBFBXI2Z,FZV,30 2 * * *,PM0TYZ2SER2XS6VD0,2181,4903.2,STR,cache-10.prod.example.net,640.87,8660.8,6637.1,"Phoenix, United Kingdom",Social Media,AQD,amount,9588.0,529.29,331.03,Male,370.6,160.38,npm install,3LVYSFYE5WYJYLLYX,6917,03GK65I8T7L4GNE49,913.1,4183.0,QXZ6BLQ28KNCOQXM7,John,Figure 15: Overview,2BZRHGP6HC2Q6FI7R,OHM,UMM,BNB,UUGWV5DWALWLOAYRQ,FLOAT,975.62,889.16,708.33,689.21,Q4 2026: $12M projected,"[-0.777, -0.1383, -0.4857, -0.2116, 0.2883, 0.0766, -0.2749, 0.2242]",287503,IJU,40137.5,436.25,666.86,DataSync 3000,5.18.16,ZNC2I7K21F6XX2H42,VHP,[CONFIDENTIAL] Formula #980,0.2196,Figure 11: Distribution,IGZ,completed,1532.4,amount,PU02MQ3CPLQ7C3KK2,P4DG4H76CJC8776K9,WKX,sk_AGqI2XxL6dmwcMxWgdBdoiNJoYXmnjFQ,2651.1,638.02,907.92,6248.3
865.57,NJW,EUM,YAW,1856.8,TPWCZ81K16W7IVMAD,WZASMXVZUNNY2SDCK,6HCZJ10K4B4QTI7J7,709.66,33.5,RXM,HPG7ISYK02IZTFGRG,UTL,3324.9,F976AUIPM5OCGNV3B,F1H8YA1KSZ0G8KHWK,JAS,XBO,9240.6,73OZEGKM7L969S7NK,Switzerland,7944,524.43,YES,QPS,JYCKOAREQHL5ML2YC,369.18,"$27,800",CREATE TABLE t (id INT PRIMARY KEY),6546.3,61,442.41,PermissionDenied: insufficient privileges,ZKG,8058.3,0TL4JHQ5JRGX92HJ2,0xd775f4d80a99b94e9ac03890c70a94a182b228c7,RAK,09/26,8.33,834.65,KR4ZAOCKNFYPKPNE7,VBZ,36 10 * * *,YPGMHK2EC9MK0C5CK,1252,5251.3,SOE,app-3.staging.example.net,636.44,9637.7,7464.4,"Phoenix, France",Chat,DGH,email,9961.2,276.43,390.2,Female,864.98,418.57,kubectl apply,J132SLXSP5KGG5P79,2118,TSMDJICWN68ABYZ50,881.99,1514.1,PHAD0HXO3T65B8DVM,Patricia,Figure 12: Timeline,J2EQA42AAOQO3VRO8,DRN,QXD,LSZ,YU4OI82AHUOIO3JFN,INTEGER,72.37,988.17,122.78,822.12,Q3 2025: $50M projected,"[1.2022, 0.2927, 0.1764, -0.1626, -0.618, -0.6039, -0.352, -0.0572]",191952,KGV,97232.5,666.21,375.75,Widget Pro,2.19.59,SXHEDMJ5556DU5I1W,QJC,[CONFIDENTIAL] Formula #100,0.4669,Figure 8: Comparison,SKT,completed,8466.8,email,YUV57FEASEJR6HJ2Y,ZFGOW906C5LIWD5KQ,OES,sk_4VCOia9adlPudP9f9NSdwQKLk0BE4f7y,4406.6,227.23,799.63,1801.9
45.44,WKR,FNE,YQY,5024.0,52TZQAV0XTSEZVGE9,V1DSNY0WIBRBL3DFT,MIZSUTK44LM5934AK,355.54,58.8,ZLT,4OEB4HZN4XAAO6KRN,VQB,3445.4,YTCTQU957XVUUTMAG,234NIR9TOPHZ0D1M2,GQP,XXH,4492.1,RVQBE0F0W6ZGCM2O5,United States,0235,604.58,NO,IMM,P5SFKUSI2E52IHDG3,917.67,"$47,592",message Msg { string id = 1; },7822.5,61,830.12,FileNotFoundError: 6425,GQO,4507.3,O04N1JGLT14GKXO2Y,0xce7ad85ae636ef3e856e59c4f274c94a074795bd,VPV,01/28,735.79,636.62,GEEN97L360G5XLIFG,CPM,"58 22 * * 0,6",HG8UWWZZMHFO570S3,2545,6170.5,QXE,app-16.dev.example.net,954.87,1812.7,4093.8,"Chicago, Italy",Social Media,HBL,type,1731.8,896.2,755.22,Unisex,820.48,41.15,POST /api/orders,TK1DHAPWII2P84ICD,3645,RUHFOQ7O6YXP4Q04L,277.72,5644.3,BLK8T9EXYK45M1XH8,Linda,Figure 14: Timeline,R3MNWRYCR74LJYKDU,MSH,FQH,QCJ,M10OYGAPXE1BT4Z08,VARCHAR,333.71,386.57,124.72,882.52,Q1 2025: $95M projected,"[1.0367, -0.3935, 0.2403, -0.0627, -0.4473, -0.3938, 0.0908, 0.8095]",165672,ZNL,72916.5,638.89,37.17,Sentinel Monitor,4.14.79,JFF7CX276H65ZZU14,YZD,[CONFIDENTIAL] Formula #712,0.6645,Figure 19: Overview,NDE,cancelled,2821.6,status,0UB3AXKHRA6NX2FJH,O8SRZUCH5JVERCQKF,MJZ,sk_mRCYZNi34OSgR6MRe6bDWxE28QA2Y4sn,8270.3,362.49,96.62,54.1
809.26,DND,LXX,ZPR,4272.9,85RQ18ZLU6MDZ974C,4FLIR6DQF8HO7T4DS,R1OYAM6ZMSYP2AATX,684.58,37.2,VFV,3LXNOJZE8PY11QLD9,FXO,9747.9,0J1FM75SQV2LLYFXJ,8RVKF5KWU8NDS3UR8,GQS,UZB,6239.5,NLSNLKNH4EGR3K6ZM,Italy,7310,767.55,YES,BDR,8O64DYQNKDZ3A71QB,555.09,"$3,571","{""type"": ""object"", ""properties"": {}}",8911.2,47,833.22,HTTP 503 Service Unavailable,OPY,9684.5,6LSAMMDYCCYFG4R2F,0x066769a0fbc1395ac3c7e5365429fb695110412a,DCJ,12/28,898.56,856.11,3YSUYYMZW4GYJH53J,OIS,"30 0 * * 0,6",2XJIL5BCJ9ZD43EE8,722,1795.9,NFD,db-16.staging.example.net,110.72,9785.3,9959.9,"London, France",Email,CCF,type,8263.2,198.41,814.23,Female,201.28,89.18,GET /api/users,XRGQS9K4MDOQNBUHD,7370,Z8ABCESBVIDT71SKI,156.86,1491.0,QWAQ3H8HMK0X6X7OL,Linda,Figure 14: Comparison,O67KCVXZYT63TPBLL,UVS,CVD,LOY,ECT29WR4T7GMMV567,FLOAT,201.46,571.26,341.66,839.62,Q2 2024: $5M projected,"[-0.2158, -0.1597, 0.3665, 1.0508, -0.1824, -0.0264, -0.1475, 0.4245]",185581,FBV,33890.4,694.65,442.07,NanoCore SDK,1.3.41,D9ASIKR4TBJWVNT1G,AAP,[CONFIDENTIAL] Formula #883,0.7106,Figure 15: Distribution,CQB,completed,7353.1,email,GUOYYRX3AEU1MZWRI,GF38AE36Q7UJE16NS,VYW,sk_5CFgkdNS8mjo30lav1o44EahuN7PgdZp,783.3,739.26,711.56,5104.4
817.16,LEH,WDL,BSD,4130.2,1XY1VRY4HC85F488I,BDBPCVISUFCF0AYN9,8EWVP63PYM6O8A6KG,421.67,50.8,GJU,7ZXUXKSG6HIKARFTQ,NTH,7545.3,S2S7SBMEG4ZPY6J3N,R7F4VFXWB3FDP7YZD,HGI,SBM,9952.3,WE2AOJX3D0KED1X3S,United Kingdom,0994,417.44,true,IDF,MS7ORFIX2TR0FC0F0,532.91,"$22,238",message Msg { string id = 1; },2150.9,115,465.15,NullPointerException at line 9558,SWD,5383.1,5A3YS2C76BFMEALL4,0xc0316d68b8c7c035e05707421d8f7d2405a8e7e6,OEH,08/25,290.47,861.21,6CXPX8MBERM40T78Z,QRL,"5 17 * * 0,6",2ZQ0FD3P247QZXXUM,851,3755.2,THK,web-11.prod.acme.com,485.16,7020.4,2980.6,"Boston, United States",Social Media,SZP,amount,6617.9,571.09,427.53,Male,381.33,596.55,GET /api/users,3YQ97NYA9O4WFZZFY,4933,JV362YC2SLQMTHJ8R,504.64,316.6,EQF0CS7T6423CTVH5,Mason,Figure 19: Distribution,AH9FAU0OSVWM4YE0U,PVL,ZUZ,WBM,QNLPPLFCD2JQLE555,FLOAT,776.78,953.44,663.2,780.57,Q1 2026: $85M projected,"[-0.6875, -1.011, 0.23, 0.2918, -0.0753, -0.1181, -0.0991, 0.3168]",573995,TZT,29996.3,727.29,782.37,AuditTrail Plus,1.9.55,GNW8KZUD7RVPBZCKH,GBC,[CONFIDENTIAL] Formula #621,0.5485,Figure 15: Timeline,NXC,rejected,8073.7,type,8VMP735TVXLMH0IVW,K9WXK11TPY4XGWV71,EHU,sk_YwqO9o9mn51ELoxV6CrTzAJensWqVPjY,9981.2,191.03,387.8,7651.7
487.39,MWW,QSW,RHV,8867.4,JGM5EUUHJ30TJRXYM,QUHPBRJ3OYBRC8U34,IHPI46FR3H36M9FON,413.4,20.0,AAS,8OSP6PM5JIOPCG45W,THP,3396.4,EVHFUXMHOC6GRXUMT,HHSZLE1UC1PH9FDKR,DNS,AYC,2415.8,G16GGCOFW9YZUDKWM,United Kingdom,9793,886.41,YES,BQX,254XX3029ME2HF7ZC,789.23,"$6,506","{""type"": ""object"", ""properties"": {}}",4799.3,16,924.79,HTTP 503 Service Unavailable,KFS,5043.0,I02KTPWBLAV3JH07Q,0x6d1db6fb54c80df68d27463f04ae539e0c534672,LHM,09/27,317.69,947.79,EXUYCHG0G1P2O67TI,IBR,1 13 * * *,X7VX74XCDSOVCQPVP,2828,6443.7,KBP,api-19.prod.acme.com,416.49,1087.3,9991.5,"Berlin, Australia",Phone,ARX,status,9527.5,285.92,516.62,Unisex,736.01,102.36,docker run,2C78FXN1A542Z5RIU,836,45DDAICSVC3HAV1K1,557.44,4506.3,CZDH0EK1173IMIPY7,Mason,Figure 17: Distribution,H11DTRFN232P8DIWX,LPH,RPA,MCR,KFXIZHB4UFS11WNKA,BOOLEAN,154.38,703.99,511.73,407.34,Q1 2026: $76M projected,"[0.5743, -0.1132, -0.0621, -0.0054, 1.1833, 0.1243, -0.2457, -0.3466]",679155,HIK,80298.5,230.14,861.86,StreamLine ERP,5.2.7,JF37NYODTJ5YDFUVD,DED,[CONFIDENTIAL] Formula #713,0.4741,Figure 5: Distribution,EGC,active,1959.1,amount,ABZ73SNNKA1MJCAZ0,V7H318X52NLG5S765,JAQ,sk_V9ENIdOKcUmF1PLlHIVCdYRO2sZvPhQ6,9532.3,982.89,147.72,8826.7
635.37,RJS,DSO,OFI,4.0,357KGU09QTNO1T3P9,97LI9JKN6DDG1PBMH,3CR256ZNEUGTDTBRP,982.5,83.2,APJ,IHTLZ5VE0B8WI77HP,SUE,2449.7,AZBCR3NP4WKKC5SBC,U1G50NBUK0ALKS8ZC,DQI,YYP,7272.5,FDBWZF13KH644XGS7,South Korea,1216,376.34,NO,LWU,5UNEQBVD01CW5GA09,981.74,"$19,735","{""type"": ""object"", ""properties"": {}}",9030.6,43,965.94,HTTP 503 Service Unavailable,YAE,5226.5,N9ICKDQ26FU151GQX,0x1016b6467144de39be35f2d071d7a5adac913beb,FIC,12/30,202.05,225.93,RIHJHLV1MON8QD6MG,TEE,37 0 * * 1-5,Y06UXPWR0WKZ90QGV,1985,7642.0,EPF,app-2.dev.acme.com,381.26,7306.3,4831.5,"Denver, India",Phone,UFL,name,1320.4,814.88,878.22,Unisex,780.05,744.13,POST /api/orders,DNSA9JJONCON1X4HS,1988,N4SXGJ7LUWT0SONNW,276.02,4864.2,WXC4KU1U73GTPNMLA,Liam,Figure 18: Overview,EMS7R1KBPQQ80T1YY,AJS,OXL,JPH,ISTDSV7TLJ4XD9AJO,VARCHAR,760.58,601.46,51.89,113.06,Q3 2027: $85M projected,"[0.7336, 0.22, 0.3819, 0.4648, -0.2208, 0.0265, -0.5631, -0.9768]",432889,MNU,76759.5,95.18,579.23,VaultKeeper,5.0.92,DOSUF4CY4MJJONSIP,KDR,[CONFIDENTIAL] Formula #345,0.6244,Figure 18: Timeline,DZG,failed,5468.9,email,6RZWNWBDMMNYGWNEN,GSSFRKVE3FQSPYW2J,DUF,sk_Xwboqsa53LFlmcP99XyvGrXCtT7lCsSi,1071.9,685.58,137.82,9954.2
901.23,SHS,RMW,BFJ,6352.2,5IBJ6MMRTH18VHIJE,LWJ6S9RF546U814NU,B16HU3BAX351TYZPT,590.56,39.5,HBM,523HREOQXQNW2Q00M,GAG,9470.0,XU5ONI0AYWKREH217,77DJZWOJWTRQUPFPJ,FKI,WMY,7025.7,RE1JY24M78Y7R39GB,Brazil,9826,743.13,true,BQW,X3H5OEGSPO33VOPSG,572.97,"$25,265","{""type"": ""object"", ""properties"": {}}",9504.7,117,918.96,Connection timeout after 3688ms,DWV,1028.8,P77XJC9HAOP4ZK79U,0x2e7497622d8fc4d3ed32cfdf5abcb9a62c4d37bf,FLZ,10/28,991.56,589.77,67017T91C7WOBIVU0,PTA,11 6 * * *,MM2FKXERWL6BC95Q9,1165,5515.5,COY,web-14.dev.acme.com,710.14,6788.8,2989.6,"Miami, United States",In-Store,FNE,email,7707.4,332.68,749.21,Female,787.16,19.63,GET /api/users,YN1DT33VLZK995GHR,6286,THKK40L2NTQ66TE3Z,769.79,244.9,J3A06RXWVVZLLIQAV,Lucas,Figure 9: Timeline,ZOABVL60Y20MZMEWK,LXM,AZH,PLT,LPX572SXD6OJL7F4V,INTEGER,892.32,617.34,551.16,857.95,Q2 2026: $41M projected,"[-0.7592, -0.1243, 0.3982, -0.446, 0.0195, -0.0611, 0.2635, -0.4148]",908410,HDB,55439.1,65.48,562.53,DataSync 3000,0.12.41,PTBT1LCG5GSNWECC0,RYV,[CONFIDENTIAL] Formula #938,0.9333,Figure 2: Timeline,GFZ,rejected,1850.8,amount,SCTM9HET1UJTWDHW4,6GUIPCCNB3AVYPKCF,MKW,sk_VpiNI9oKYoHlwTSgnpgI2yeB8T2151vG,7748.6,281.46,976.43,2718.8
245.61,GHU,QZE,JWO,3357.3,LEE9W6JXRI2BUCSKB,595JR3FI024FR7IST,JKNEMAS219BKNR232,571.15,15.7,XXU,MLYZJOI7N8AQ8ODTH,QFG,6465.5,PA1XRGQMHYQ8HD8RJ,7S9QQ81ZES4YX8T6B,LZW,YHI,8988.1,GY3L3AIOE1ISWKVI1,United Kingdom,8908,697.26,NO,JAR,WCY0C9HD0JA8UFRG9,696.01,"$19,887","{""type"": ""object"", ""properties"": {}}",9550.5,101,935.89,PermissionDenied: insufficient privileges,EAD,116.1,3A89ER5Y4QCS9UEYB,0x7442d430131a2a8c153639d71011c8aa0bb52ee0,OHW,09/28,796.68,395.99,8MJZQNOLF7VM752ZH,QBQ,16 23 * * 1-5,NPF7P54TTCFFLEWGN,2067,4781.4,YGW,cache-2.dev.acme.com,995.63,8399.0,6372.2,"Seattle, Canada",Chat,NMH,status,6127.6,0.43,649.71,Unisex,804.72,572.93,kubectl apply,SDXOE4FPDY7SIEGG7,1899,CII3GTBCZWOE9RV6V,43.24,6109.7,IWHXS68HAW097QP2X,Patricia,Figure 3: Distribution,P6C7T0E5G8B52UBVV,JUD,SKL,BNQ,4LNLTCP0EOYU8ML6D,FLOAT,568.96,460.4,976.57,985.06,Q4 2024: $100M projected,"[-0.0058, -0.273, -1.1789, 0.5315, 0.1515, -0.0018, 0.049, 0.8718]",812317,CBV,55761.8,177.94,189.46,Widget Pro,1.5.31,QPKROPTT2SQTE2W13,EWO,[CONFIDENTIAL] Formula #737,0.9226,Figure 19: Comparison,MWE,pending,6653.8,id,2QCFSGF830JB51XJQ,6XXHRUJ5207P076AZ,VVL,sk_evJsbuyfqNrgPB11F1xz5Sibk8hS75Xu,3869.2,589.93,898.96,1504.2
370.22,LGK,YAW,HVR,458.9,52FHJQ20ZV5I4TF4M,LQ4Q77R7IZOY2WKET,JXMXB6FU6MKO4KSCD,643.62,92.0,TTT,QI9Y8M7M1A5FYUNTQ,RJG,7333.2,1QRCV27RHZMY60XBX,QZLEUPX7YTHB6XW4G,UJY,ZVY,7434.0,D1JLK4BEV7K6SVCBX,Canada,9083,205.11,true,XQG,F8E6C6VNKJNBUR6J3,653.92,"$24,050",message Msg { string id = 1; },3197.8,31,539.59,Connection timeout after 703ms,DNF,9218.8,EP7GBEW516U7IP4PI,0x4f8252da55ba721ea78d2d2b3ce2877aee50d9c1,GWY,07/24,470.29,244.86,N1990OFFK00JNRS1R,QZG,0 11 * * *,QVQBZNWP7YTEO1Q16,3279,2671.5,XEQ,app-3.prod.acme.com,85.63,5904.7,725.8,"Chicago, Singapore",Web,LLA,name,1040.2,899.5,21.31,Unisex,841.57,185.97,docker run,25GATV1KC19EBJ3UP,465,0AGB01WAF5EYFPZMA,554.3,7536.7,GRCOOZTEX693PQK0M,Harper,Figure 6: Comparison,XQ1BYC8DB0VKHBP1H,XVG,GFL,BUL,MFGF9H2F0FEW5XLRW,BOOLEAN,499.13,926.88,529.38,655.26,Q4 2025: $39M projected,"[0.3243, 0.0765, -0.2529, -0.0129, -0.6741, -0.0904, 0.4075, 0.2864]",696664,FFI,4742.9,353.96,213.31,SmartHub X1,3.11.57,0NSW740LZD5P7H8YV,SGR,[CONFIDENTIAL] Formula #675,0.7509,Figure 15: Timeline,KNI,pending,9682.5,created_at,OOQULQPC8Y0UE13NJ,F3KNQ3HN0VQ5QVHZY,FXU,sk_DIXeosMN1rrbkfwHaMr7mKRjvSwh8Cfi,8305.2,961.52,487.8,7843.1
655.25,HRB,KQD,NRX,1612.0,MJ3JUXC6DWIDO05CJ,2H6ABBXCL2WAO7X5I,YT8H97H0I60XQYIKU,508.87,81.4,DHS,U3U4CBJ2LPD4U70Y2,OZI,9488.6,539UD9VL1PBQUDXSA,PTMCD45JVGD6Q1I61,ADS,RLX,8324.9,YSKMA7DGHR8I35N4X,Italy,8353,421.35,false,GPO,YGOE67LQB0TFEJV44,537.28,"$6,856","{""type"": ""object"", ""properties"": {}}",9697.3,16,558.06,HTTP 503 Service Unavailable,SER,7353.3,9471X41JCHSF39YIG,0x58444f7ba61750688d2be5c3a38bdf0d8afe3169,RIV,02/26,681.17,767.71,4KOUN8AYYVICXPF4H,VWP,"16 1 * * 0,6",UV75MU94X6G51E30V,202,2832.3,CAQ,api-7.dev.example.net,899.49,2774.6,1760.4,"Austin, Singapore",Social Media,NIW,name,6293.7,876.79,819.53,Male,870.0,232.11,GET /api/users,3QRWT63Y7TREZVC9V,2167,CV56X075HFIXE8G7E,736.52,5030.5,MPKPQ5F0V9KVUXMWR,Susan,Figure 16: Distribution,CU3ZLDUJL8TDS3MKG,MYV,LYK,NML,FVV7RAKOLHTQZIWL1,JSON,378.49,428.21,373.41,887.04,Q2 2027: $21M projected,"[-0.4871, 0.6525, 0.1837, 0.5828, 0.446, 0.489, -0.103, -0.3279]",307243,BCV,43959.7,613.83,818.94,Sentinel Monitor,5.2.36,PHIBL75WCCHHB6XGM,GIW,[CONFIDENTIAL] Formula #739,0.3403,Figure 8: Timeline,MHU,inactive,4095.8,name,IYR739ELYJLPJXJSG,DI0NOR0P6LQZGS0NK,DYK,sk_GdR8q4KauOnS3o7GhmjYXXCIEZiB1sLQ,9032.3,821.35,41.75,9048.7
138.72,WHH,QIR,EBO,874.2,Q2DWXVHP5XIPPRFXQ,GQXH14UH1L4T1LKXR,NW315JZ33DD6L1GQA,354.49,65.1,TZF,31CMFTIA57U384QZN,HAS,7365.8,DI17H2Y14JT5VE75E,Q5G55CGBQZOIUOA7T,GBJ,FXE,1970.5,TXJQ64IE87MX70TVM,Australia,9469,281.71,false,KXO,P3S16EHSD602UAL1M,196.2,"$7,732","{""type"": ""object"", ""properties"": {}}",9912.9,28,42.04,ValueError: invalid literal for int(),IBR,8313.5,T7IN528UTIWD50BTA,0x60070dbc707f79068a432492e99bab61ab8d3b7f,BAA,07/30,983.89,113.56,7FCZR9F9V8BUUSRRO,IJK,40 10 * * *,DQY4P2F03DSBJYUZS,33,4694.8,PKT,web-4.staging.example.net,99.09,1408.5,9674.2,"Seattle, Singapore",Web,MXW,email,4875.2,378.86,669.82,Male,470.67,316.62,POST /api/orders,7INXPOAMZ8LIYHJLM,3973,60J2EM0PVXI3JBSXF,314.9,6397.4,XL6WXQ03U598PWKOG,Logan,Figure 20: Distribution,HGA8K6NMQMXTYE50Y,YMP,KLQ,VPD,51PGIF63YUER0905N,INTEGER,275.81,117.46,678.03,761.16,Q3 2027: $100M projected,"[-0.1006, 0.189, 0.0383, 0.0239, -0.0031, 0.4948, 0.0495, -0.1949]",212959,COC,1619.8,606.61,127.14,CloudGuard,1.10.42,ZL0J84RJ5OST0WOWP,MHT,[CONFIDENTIAL] Formula #784,0.5366,Figure 9: Timeline,HFX,cancelled,4977.6,amount,2HYPM3LOGYHD0YRMD,S0NJB487E9X2IAZTN,AOH,sk_atdvZChWih6Y6xqebLvY7TCtcJ2EGqZo,3215.5,646.25,172.54,3046.7
487.27,EBT,ROB,SBC,9903.5,O36Y2ABYGMRBA91JF,AZZ53M7BRGAQ90CE0,D3VEHBJU6PB4GEJ96,310.67,95.2,AFN,77WSB0RW3EMJNIACV,BPE,2062.5,4SF5J4CZT38XNCKIY,GMZJMQESBDQHBZMP5,VVA,PJS,6746.9,FPT7GLI052R3AJ67B,India,6285,201.75,YES,FER,VDR2BAW2E4HAIQQEH,898.55,"$33,732",message Msg { string id = 1; },2351.1,2,252.19,PermissionDenied: insufficient privileges,FKW,5799.2,NHAJN1ULM5O3AUEE6,0x3098b83e6856c7afcf75bb7c7363ea4d3cc5c056,SOO,08/29,435.59,168.49,JA9CHAADNZP2CGJBR,KEM,1 23 * * *,25VKEBUQPRVEVEVE4,1788,3716.8,JGB,api-19.staging.acme.com,783.68,3882.3,1777.6,"Berlin, Japan",Mobile,HYP,email,1002.1,16.97,641.18,Male,619.14,507.17,GET /api/users,OLVYR36YLH29GO8LC,5361,ZCY66B2EQK6HFK7CZ,245.25,6212.4,PUQU31BYD1TLXAQBF,Emily,Figure 9: Timeline,TZE344WFR5YKP43Z2,QJL,YTF,PDW,ENBJTZZMTQWVXX65U,FLOAT,353.16,313.25,552.57,672.06,Q2 2026: $98M projected,"[0.2123, -0.2395, 1.3126, 0.3113, -0.4187, -0.1463, 0.1979, -0.1651]",420697,CWC,39689.7,235.1,10.5,VaultKeeper,0.5.44,9M707JIHGXDBPYJN4,MBP,[CONFIDENTIAL] Formula #277,0.1757,Figure 5: Comparison,PDH,failed,7086.9,name,U8YWHZJNY5YVVQI5A,E41ZPDXPBUL9CJW0H,TOU,sk_o7m9H6kFbNhh9LnA61BasYXEZ6hMb6el,7418.0,211.56,991.0,6392.8
934.77,QJB,KVH,STE,7895.1,OQETBH6HJSYCDERPQ,BSB8TVABQWLYZZ9UD,QIBU21DO8DI22HNGH,55.23,25.9,ZGS,PP5CF7OTTO96WM045,KWL,5634.9,XZYCBCZG11CM3RXHF,ACJ3Y133YFXT6V4J4,NMJ,MOZ,7933.2,6MSY8C5GHTA6NDAUZ,Singapore,5875,52.19,false,PWB,CXMLWDA15BN4YF725,33.84,"$49,439","{""type"": ""object"", ""properties"": {}}",7988.0,68,782.65,PermissionDenied: insufficient privileges,GPU,4338.7,KS6PZD8198WG1J0RX,0x5a642ebba43966cf63d336b3e0fb168690203d0f,NTY,12/24,914.24,528.06,W4A10BXPK6KSZV773,TED,56 6 * * *,ZSVVPBBX9IP6UK9T5,619,1404.7,LNW,web-1.staging.acme.com,313.59,9464.2,5203.0,"London, Brazil",Web,OED,id,4727.0,862.37,797.23,Unisex,499.75,527.89,docker run,DEUCOU4VQX6HOBO7G,3756,ZPOTTCP6Y5AXAAIL5,368.9,7338.8,OG5B7VKW1EDIHMP4U,Olivia,Figure 1: Timeline,5U1LXWVFTUSRJBLKS,LXQ,NME,ZXI,0G09S9XMWEGMBITPG,JSON,803.66,430.06,260.13,601.66,Q1 2026: $27M projected,"[-0.5781, 0.2506, -0.0096, -0.7887, -0.196, -0.4112, 0.7805, 0.7737]",515646,RMJ,8233.4,339.31,209.38,AuditTrail Plus,3.13.68,FAHQCRA55IHR5DMEB,JPM,[CONFIDENTIAL] Formula #613,0.7781,Figure 19: Distribution,PXW,failed,5323.2,name,MGWSYYC2M8DWE8NMJ,Z9KAP9X50Q89TZUC2,XBC,sk_20waPOMCwpHCnigM6HfJLlHow7o54pQL,4075.9,446.02,794.29,9288.4
506.95,SJS,SFO,TVL,5845.7,HPUK18TA5PA361TW2,Y0PCRIS07PXZU5XOY,0MJB87YAPRTH5SKSW,139.98,57.3,TNS,6GIF50VFE8DOO3SDE,AEE,4767.0,H1CKOULD451PT1ZEF,V6H2Q604IJ4JXEU04,KVY,LWW,4027.5,TYK3QA6EWO779WVOM,Australia,4405,994.74,NO,VOB,F2UKV0F2LGCZZ9ZTO,117.67,"$22,214",CREATE TABLE t (id INT PRIMARY KEY),9216.3,112,958.31,FileNotFoundError: 5379,RPI,4521.6,JH1XVQNUUXAE2YHUK,0x5ef9ed0db59f4c74de07f6d64150066cc529c5bb,IIE,03/29,33.07,445.88,RYS03F633K3QNXCYR,AZC,15 13 * * *,EYUPDAK09YC4AWJPU,328,2542.2,ZZE,app-16.prod.example.net,572.38,8034.3,4751.2,"London, Singapore",Email,ZZG,id,8562.9,149.92,898.47,Female,207.88,474.69,kubectl apply,0X4QC94IO2GDFV4KK,4004,DCZ08TWBQXKK0K41C,409.09,689.0,LH02JZBGSIH82ETSN,Michael,Figure 14: Comparison,XWAMNQT4UXLLVEP3I,WDW,SHB,FAR,3RBB6EME6YCKG1LX0,FLOAT,128.92,659.05,533.29,559.4,Q3 2026: $47M projected,"[-0.2136, -0.4366, -0.9599, 0.4182, 0.4783, 1.0312, -0.3441, 1.0027]",140469,GMK,66583.7,436.05,385.57,DataSync 3000,0.12.86,E3MCOUB8V07K0SPE4,PEF,[CONFIDENTIAL] Formula #568,0.0038,Figure 5: Distribution,FOP,active,8123.6,status,66N8CWV53EHUXBEY5,HFWM8FTU8AM22N57C,YDZ,sk_5irf5EfJ1GEawLfTVYkD2P4eyU3jE4oe,8758.8,901.89,211.64,948.0
150.02,XCQ,UHS,XRZ,7424.4,T8UW4RGAQUR0A5U7W,JGSI9WVRC66W4YFYC,D5WN7UHVA7Q9B4B77,28.33,74.5,MQP,XCDZ2W40FMIFPIEND,GQJ,4799.8,HS12Q9W7BE5W6A4KV,3JIJYT1VQUBEG9X9J,FPG,WUU,1726.6,HAO8IP9PC20GNCK1A,United Kingdom,8879,329.85,false,XZA,DA8XC8BFC3U6Z4HKU,685.15,"$9,472",CREATE TABLE t (id INT PRIMARY KEY),6158.6,108,0.14,Connection timeout after 2356ms,ZSK,741.4,K7YAHG7SCT2G22FYJ,0x7e64071b6c465def5e4bf620fad98cf281d3885f,ZLK,08/28,255.64,205.81,DM07VNMIK9SBOC32A,SSG,"59 20 * * 0,6",W72WP967THKT8BR5G,2541,4285.2,BHE,db-11.prod.example.net,504.71,6622.2,4815.5,"Sydney, France",In-Store,JBF,amount,5117.7,215.54,17.19,Male,99.9,320.05,docker run,B71OSN20WMRYW62Q9,361,BCSDIC1T9BTQCBLID,96.46,1852.7,BOG7FW367U11HGM2G,Noah,Figure 8: Overview,XL8683W86ETQ1WFG2,FFE,EPS,EFF,YVF7VTPCO5UXROVWL,VARCHAR,976.51,277.97,847.0,941.61,Q2 2025: $34M projected,"[0.3046, -0.1634, 0.0321, -0.2114, 0.5089, -0.1656, -0.5824, 0.1234]",754493,ARG,73886.1,404.38,311.2,DataSync 3000,1.12.48,FJOILJAW3W8LZ2BQB,NJM,[CONFIDENTIAL] Formula #621,0.4334,Figure 7: Distribution,CGR,cancelled,4591.3,email,FDSPZMDIHKXYPX6O5,70D6A6ETLL190DGSK,GGL,sk_DdurcFQcBZbQOXaU1ADC7Es8e6JcKViF,8509.9,506.01,883.03,3768.5
164.48,WPZ,GQX,IVG,3508.2,FBVX4IQJW93UWQFWB,B65OMWHA8PHYTTFE5,V6CD6IYNHF3AEC7AY,601.36,16.2,UXP,1SH3VFE5SD71KJ6QS,EXP,7928.8,QAIY68974RZNELJGC,9RPM8TNGXN5WT0XFK,UQB,YJB,1160.2,3C2XU9HUY21JOTT43,Singapore,5725,52.41,NO,HYL,3EQVLNP8PILM0W4K9,79.55,"$43,197",CREATE TABLE t (id INT PRIMARY KEY),1484.3,103,768.05,PermissionDenied: insufficient privileges,IVZ,7466.4,GDJM8O6VQMGKMLM8P,0x3a473a4705e0448077ac606384368ecb4d9662d6,OSH,09/25,299.35,887.13,XFU2JI6H2RLLGS77I,JML,26 5 * * *,9PQ75D58SOGHZGIZO,1484,1704.3,VKB,web-11.prod.example.net,455.58,7105.9,6819.7,"Boston, Switzerland",Email,CYQ,id,9232.0,292.45,824.72,Female,347.99,462.11,docker run,5SCW0K56SUHXILSC0,7554,QDJR12IZYW2SL1A12,543.93,2674.4,E0ZJW6WOQKX0ZTNGN,Liam,Figure 16: Distribution,UGKFMV3KJP7U23MVR,CNU,AYA,EYE,2JETHPX2PI6IY5P8B,TIMESTAMP,177.19,335.47,6.53,587.18,Q1 2025: $53M projected,"[-0.0797, -0.1867, -0.5421, -0.8064, 0.1523, 1.2199, 0.3661, -0.1181]",953872,VCO,74103.1,163.8,877.07,Sentinel Monitor,2.5.68,N8880ZFA9SOIJ5LTE,FIN,[CONFIDENTIAL] Formula #444,0.5162,Figure 16: Comparison,CBW,inactive,2171.1,type,TQPJ2CYXLKGT1L94U,JQLQBWJ3R2TKZ4FF9,ODH,sk_TMXTz4pqxTL5qQdKyBzYkM0fZEJMbg9I,8661.1,170.43,127.8,4552.7
723.79,EWK,VKA,LCJ,8448.1,MDNV90H5AROE72YP1,4CG0IVH3BXI7FRCLK,Y1BR3RGOZRUNAWVH1,485.65,44.3,SPK,TQL5TWN9H0UN5BX2W,VTE,1358.2,KOR7NURVCDMY4MBIO,Z81B8FR7OXL2WK6SW,AGE,OYQ,9823.2,4RVWCDFJDO0VQGT6T,United States,1524,909.19,NO,XGF,912E95RD2WCIWQ3FG,229.67,"$41,210",message Msg { string id = 1; },7337.4,98,812.13,Connection timeout after 1483ms,UOJ,3096.3,RHVCSVXJO6Y5Y5T74,0x04d9f0f378978c1840002c87b8138d6d2a35ea9d,LVY,05/27,357.46,266.95,BOR4Y9ADAGITQBIYN,ZXU,14 5 * * *,Y7UYEUHWF9NQXE7S5,2534,9028.9,NGX,app-10.dev.example.net,543.25,9822.6,8947.5,"Sydney, India",Social Media,CXW,type,4675.3,197.34,445.08,Female,324.8,214.21,POST /api/orders,UNVKW363MCJ69426N,9502,Q8WQOFK64TSO28LC7,832.52,4279.7,21S33E6B8BZLSEZWL,Noah,Figure 17: Timeline,AC0LZKPECQCLKZIXD,CVJ,DRK,NBZ,KCN3MS5RS6AQ7JB1C,JSON,993.27,443.74,358.19,259.37,Q3 2027: $12M projected,"[0.1071, 0.5767, 0.448, -0.1252, -0.607, -0.0484, -0.3644, 0.2684]",367911,AOT,81878.8,656.91,435.19,NanoCore SDK,5.18.42,JT1QAFL74JBTSQ2EI,LRY,[CONFIDENTIAL] Formula #621,0.115,Figure 7: Distribution,UED,completed,9160.7,email,WLL0V91MFZX3SHR7R,GPK3DEHON37D2NAYG,NFG,sk_D4mLPRYBF7lAj0LDNxxLuRk7hMsFONdj,4380.7,762.87,297.42,2521.4
881.49,NJU,HWS,RHC,5685.1,MAGGFPIESO4A4Z97N,HI7GR2NE7AU71E9I8,BQY02VBE08TM0T2XQ,693.02,90.9,UHI,8VVYJ4TSNY81E2U8O,IFH,2212.9,1IZ0HXF16T92IQX6S,84CYI48QWACLF54IU,OAL,BBO,5603.3,A63FYY82SN9P3SGYH,United States,4692,890.65,NO,EVN,BLDB84F9UL0F877HP,577.51,"$12,214",message Msg { string id = 1; },6334.6,108,20.99,ValueError: invalid literal for int(),WNX,9806.4,2K1NKRPERTM3869Z2,0xeec62d8e872ca670a0bfaa07d440d9da2a61f2aa,NXX,03/26,297.34,33.2,VIE4H8OHFMPQWNR1G,JDX,56 6 * * *,CQ5X93O695PE807YC,2162,7462.3,RQO,web-1.prod.acme.com,550.35,3188.4,9775.7,"Toronto, Brazil",In-Store,ENK,amount,9460.9,350.07,615.16,Female,159.33,642.03,npm install,NJFM78VC8VVKSR28D,2246,Z3X8O974FG30Z3ONE,765.12,7946.2,J0GPOUXOZWFUO838P,William,Figure 5: Overview,36PX29P3T9YRBEZFA,NZD,FRY,CRS,8JUBKPRYBLK2CJOZ5,JSON,676.9,138.19,594.38,287.1,Q1 2027: $74M projected,"[-0.259, 0.4227, 0.1589, -0.0251, -0.7349, -0.7858, -0.3179, -1.2794]",224785,RRG,10415.6,512.18,825.88,NanoCore SDK,0.6.8,TPW1GZIP68BW8MEEX,UQY,[CONFIDENTIAL] Formula #639,0.6389,Figure 4: Comparison,WJN,rejected,5816.2,amount,QITIWY3YZ8UBNWV3W,HJ4VOK6O69XOH1PP2,OZA,sk_fl5zDyKH8Ba4h8S3oyh0k64TlhL5f85I,808.6,508.28,758.8,1826.5
258.08,AGZ,NXJ,XLO,3658.9,U4WUONXC55VDI4I6Z,S98HA7HFJW6QU9HI2,DK84O36K0OGQCFMN1,178.2,94.5,DVJ,8D1OQZ5K00R1DTE4R,FNC,6533.3,TU22RRJ8FGMVIV0DM,ZOTH9A9S7ULY769VV,LTM,MCY,5248.6,TL38B3IJ2UCQGNATX,Singapore,1412,388.92,false,PRU,757NPLZH3MQJVQH0A,609.57,"$43,615",CREATE TABLE t (id INT PRIMARY KEY),4427.8,70,443.84,FileNotFoundError: 7184,FCW,8523.2,RPXRIDS03PX0RFXCH,0xc1532c80ad21d12cf10322840dd48c3f012185bd,OXJ,06/25,745.92,581.99,DHPNVUMJLMC063PTT,UOV,"55 8 * * 0,6",HKSOQ28GZHC8BD2MU,4411,5482.0,NQI,app-5.staging.acme.com,88.02,5715.1,7659.3,"Chicago, Israel",Web,TUB,email,9386.9,909.68,49.43,Male,322.87,823.05,npm install,LOK39ADR0CLS27I75,6125,OGA1HF9GKFQ8BOQR3,174.86,9556.7,UKBXVTJEFRVPZDFVH,Mason,Figure 14: Overview,02A3265G55CDBEFYU,VJB,VEI,MKT,E73QYB6RVPMPO47Z2,INTEGER,392.49,240.35,170.48,806.83,Q1 2025: $26M projected,"[-0.1245, 0.0287, 0.2211, 0.156, 0.4813, -0.3051, 0.5078, -0.2367]",696292,JNJ,96993.1,409.19,505.27,AuditTrail Plus,1.8.97,W0YV4N9NXBTMTDCTK,FFM,[CONFIDENTIAL] Formula #494,0.2109,Figure 13: Distribution,PZJ,pending,8324.8,email,IRJ5JKSEZFH3JMBO4,LE0T72J6QWP5TT24R,UEM,sk_2tTH8ifKCR96VnGOR787M8tXqwRMogKG,8599.6,717.01,756.67,9748.3
344.46,UNO,MEV,GDX,8331.8,RT5FZBJVTEXZM9AS8,EEROGP2D570X2FRGQ,F4NWO4YCSO4S9UBDP,414.83,13.8,FNP,XWD1ELWAZ1JAD9NZE,KSA,1469.7,EL7ZLTREXV9O0QSRA,9F66YVBQRHH4BVLHG,AGM,BLX,460.2,NSRA0NX2OV06HDGN3,Singapore,7689,289.95,true,XBG,1QYQ8I212EHA08G6K,586.48,"$48,491",CREATE TABLE t (id INT PRIMARY KEY),9863.2,88,100.47,ValueError: invalid literal for int(),RGW,3732.5,PBECLXY0P2V100J8B,0xb594731b7090c2ee7f3927e11309148f488875ea,IBA,01/28,219.5,746.5,DVL1B12Q7N10L7UIX,YHM,59 19 * * 1-5,G5BL9MREBI9RYP6EE,1031,596.9,AOZ,db-20.prod.acme.com,435.28,7223.9,5611.6,"Boston, United Kingdom",Social Media,GZD,email,6456.4,497.16,507.11,Male,731.56,894.83,GET /api/users,7GWDHLHP5516C7CF9,8279,VR00XUE1D3YEMX08E,891.3,1317.6,ZYSPM0LA8RIEQKCS4,William,Figure 2: Distribution,O5XW4W3K17T7QADOJ,PHT,NWG,BDQ,5IFO2XYGX41KX1Y1G,JSON,334.22,529.3,402.43,485.66,Q2 2025: $63M projected,"[-0.1783, 0.6579, 0.234, 0.0821, -0.7797, -0.2985, -0.304, -0.3447]",446319,MMA,8381.0,949.57,231.44,VaultKeeper,3.2.76,CI6N7ZKFX9JYPEA1Q,PNI,[CONFIDENTIAL] Formula #138,0.8125,Figure 5: Timeline,UIA,inactive,5718.5,email,RB5RBRNEHLI9WXVVT,BNSWYA1AMG2KKCWSD,LIL,sk_nKFg7NzoFr4WeBl5jR22toLnOPFdAhtT,2449.6,105.72,282.68,5179.8
491.31,BKC,SDZ,MNN,1612.0,SFQ8495LGKZ5L56S6,JBIGMXRYJOS84L9WT,7XGQ3YKZPPU3SGTET,304.44,14.7,APO,SYYR3DGHVLB5M47HY,DGO,7865.5,FJ0BBYDGJH9VC408Q,X7U9N0712IHQ06XJK,SEL,XEX,1621.0,8TPMRTNOFIOWQFJOT,United Kingdom,5752,179.71,NO,YYB,8M1KMQ1DG1P9N3GAN,38.75,"$30,342",message Msg { string id = 1; },9605.0,81,596.44,FileNotFoundError: 4255,LQK,1967.2,6FL5BH9NW8BX0FXBL,0xe2101d1fb9df53338b662de6b02fbb0c9aa8b195,HAR,01/26,732.25,265.56,X8LKWJ9KBS6FZZAF3,TJA,"33 8 * * 0,6",CNJR90VOW7BIF0O0X,4409,1013.5,MHU,db-4.staging.acme.com,667.47,2068.8,1446.1,"Atlanta, Netherlands",Email,YZI,amount,7016.5,760.69,531.52,Female,68.08,606.24,npm install,P8GUPXYDLGG6W77TS,9510,E5CIKR7AMQPAL81U1,495.95,6468.5,GSMCU8AP7KJG5JPQ8,David,Figure 13: Comparison,AMWMCHVAD7X2DKJ9W,ODA,CUT,RVL,IGW5WSW2RNIQK656S,TEXT,944.14,133.14,222.06,817.95,Q2 2026: $42M projected,"[-0.4435, 0.1579, -1.0177, 0.8361, -1.1626, 0.6686, 0.5542, 0.2856]",172680,DKM,51340.2,796.7,449.63,FlexPay Platform,5.6.31,TDQJZGADV3XZIG1PQ,AIX,[CONFIDENTIAL] Formula #688,0.5532,Figure 5: Distribution,TQT,failed,2850.0,type,LAP11SHKQCESOO163,2D8RBAJ65NQACK96J,TPY,sk_jitFzaUM8gTE2pajSUG0twitBCYhuwdX,3606.4,103.68,108.77,4499.9
440.89,SGM,BDB,UAA,8013.7,V8Q2P00TY2B3BJRDC,XH9ECSUDN12083NKW,QWCHVY8FOUXFVMDI8,52.51,84.4,DQN,EXLLBHWZYQAISNSFQ,QSB,6641.3,AEPV0EFHB60EXO0E7,ZZTKG197XWKDQ3UWU,PHE,KPO,8173.3,SSUBODG4REQPS2AN6,Netherlands,4999,132.32,NO,RGU,XYLTTI2LG6DFJGVA9,754.91,"$38,149",message Msg { string id = 1; },3721.7,76,642.13,HTTP 503 Service Unavailable,LYC,2223.6,QANDN03KL6DH6QLTU,0x36ff28bf56f62f4e0236d6bb74d34e171bd81658,POW,12/30,655.48,446.49,W6M1YJFCN5P80F819,BJI,"20 17 * * 0,6",WN1D0AZYCOF8L8Q4G,4017,139.8,LCL,cache-20.dev.example.net,126.59,2872.2,1637.3,"Austin, Sweden",Social Media,UIG,amount,5350.1,895.49,541.2,Female,759.84,281.12,docker run,BB5366Y3T6YFUQHKC,3152,LNUMGAKPXHF0X03CN,934.5,4151.1,BWQAZWTVYNIF5M13Z,Mary,Figure 19: Timeline,9WN9HZS243710L1G2,LET,ZRX,VSV,9AULM529CK5PLF7RK,BOOLEAN,994.9,612.12,752.28,277.06,Q1 2025: $76M projected,"[-0.2254, -0.3869, 0.4229, -0.5757, -0.608, 0.2263, -0.0696, -0.122]",710249,ZRR,80374.8,321.31,841.34,Widget Pro,0.8.76,QJD8GT1RLP2G2VFKQ,UIE,[CONFIDENTIAL] Formula #366,0.6923,Figure 4: Overview,MIL,completed,6261.7,type,ZWSZJ5YNYF54LVJZ5,2W3MPIHZLEP7M3MFF,BYX,sk_voVV8CYquA6Ec7AiehX4OerkmRJRprvY,5040.6,808.61,710.2,7088.0
588.46,IQV,QVC,YVG,8888.0,W8TDDD0N8TR8JSW1S,37SIS343C5FRVVJZW,NUOZB8KE4ZBTANBG4,710.39,59.4,BPC,WP6H5MBCKOFRAKBLQ,FUO,8593.9,5UILJN3B0BSWAOA4E,0E9IL1WQTIT6DAGIL,MFT,DWE,9261.8,HS1GMID4PW3M6TF1Y,Norway,5858,180.41,YES,MCT,Y9565O082SQIXMCZW,757.92,"$49,167",CREATE TABLE t (id INT PRIMARY KEY),4795.9,55,27.81,PermissionDenied: insufficient privileges,FKV,1401.0,72PBD3JTMXH3QV4BL,0xd0f7b46f19bc07b13e0a2403685b1d718a91469f,WCF,09/30,65.46,909.07,AOTVHF16VO8NPCLDZ,JAA,15 1 * * *,KDOLD7BVKVK79EBGS,3090,7379.5,EPO,web-9.staging.acme.com,127.23,4509.2,5446.3,"Boston, India",Web,HQI,status,334.5,653.73,790.32,Male,963.2,769.5,kubectl apply,Z1VNQPR1344727AVS,3700,I8A4XS7033CSQE6KT,753.93,4982.7,RDFCXV24EF980LYQ5,Sophia,Figure 13: Distribution,MZSFQ51KS6B3L92IA,UKX,TXR,LKH,SQWINPQAA0K3MG1VB,JSON,125.36,280.24,342.42,613.8,Q4 2025: $30M projected,"[0.6583, 0.4522, 0.2835, 0.4879, 0.0163, -0.0609, -0.2959, -0.7102]",607259,KZS,64237.1,647.92,218.92,StreamLine ERP,0.20.7,AZ5JHQNS110VBD6WS,EVP,[CONFIDENTIAL] Formula #185,0.7086,Figure 17: Distribution,AYD,inactive,3633.5,email,6A1AU8GKSYUVHZTBH,WXDUGIO2SD27P3V7U,FZW,sk_Fr2jUtWzSvvcPjIoyQvHG8kCqGoTZI1x,5919.2,942.47,483.71,5167.8
275.14,GEW,XOB,LFJ,7764.3,FN62X26JIYWBHT894,VJQ5L9PMIU790YWWT,5IUTVL5GCHS0ZQQRR,93.73,48.1,CAX,IK9IB2SL8HXXXW6E2,NOZ,7057.2,HB3BHDEDS51WJDRTB,8Y18OPEYW4C75R8DR,SBF,OMO,7871.5,XJ00V3F4WUZUMEPY2,Brazil,7235,136.07,true,ZTU,8A44Z1RU4JTEOWH8U,503.23,"$3,504",message Msg { string id = 1; },3979.5,56,471.4,PermissionDenied: insufficient privileges,QCL,7487.6,4E9V6L2L2IK06E10A,0xbaa103eb6656a6d1cf4b8c8ffea36b8ce0beab9f,JZT,11/25,685.39,975.08,GVQO4ODSTKON2EOOU,FQY,35 12 * * *,AA86A6TJ1RJI0ARSL,158,6177.9,RNC,db-10.dev.acme.com,297.54,5882.2,5656.4,"San Francisco, Japan",Email,SBC,status,7079.7,268.35,155.14,Female,751.47,644.77,kubectl apply,9QC89NRXXEYU1CEXE,9289,7IUBD1BOFSHVFRU4X,944.85,9399.5,PT4CD922BVO37FZCD,Sarah,Figure 13: Timeline,1TUVJ4EJDEDKDTICT,RIJ,LNI,FBJ,AV6LZVAABJXNJDYT8,BOOLEAN,657.65,62.73,682.14,906.16,Q2 2026: $19M projected,"[0.1998, 0.4562, -0.2286, 0.0457, 0.0723, -0.3909, -0.2958, -0.4658]",923884,HVO,27772.5,101.91,291.13,FlexPay Platform,2.18.5,T0KSOYL0XT9Q43DRP,KLC,[CONFIDENTIAL] Formula #549,0.1556,Figure 2: Distribution,UJL,inactive,2472.7,status,YQKSNVWK2R1L1ZMGZ,N75SS49NUVXROS2TN,LZA,sk_pu2Sq4GhNGmy5Y5W7lVps8s8giSWcOSE,1.2,68.97,730.51,4889.8
253.22,RYJ,TYA,DLQ,4999.8,YQKUL50UACOXVBHGG,U7L4YCZAOXA0WK35W,0WHDP6L8XPA0YEK07,306.87,45.6,UIH,BX1F290F1UK6WQKNH,TXQ,661.0,5ZL730096QNQK1HO7,XFN52OLCR6LOPOSKK,AGN,EHQ,4280.4,78OTVU6KVY980JRJL,Switzerland,4028,700.58,NO,ACM,M0QLCR0RFFC9KODVC,630.57,"$34,495",message Msg { string id = 1; },4967.7,53,469.5,HTTP 503 Service Unavailable,NWB,4103.7,W0MUCKGLDK4UJGKHV,0xfa118aa46f0024953990d40a7cc6468e3a12b364,IBL,08/28,256.86,733.59,BL6B7R6157PXR7EQQ,QXO,57 18 * * *,TTVNGHQDI26RYWJFN,3768,1108.5,WAU,cache-16.dev.example.net,79.76,7159.5,9936.0,"London, Japan",Email,MGH,name,5583.3,748.61,908.3,Female,448.98,620.59,docker run,BK9MQWDZUEQ7STGNW,8939,MVO5TII3HZJQQJKU2,440.78,4734.4,59D7N2WZS5HJ1ZSKG,John,Figure 1: Overview,9MGIHEHWZGFPRNFFJ,VON,YUU,MWA,UOT7E6XC0YEM4RJIU,JSON,211.15,732.04,33.66,349.32,Q3 2024: $53M projected,"[0.2041, 0.9203, 0.0829, 0.0151, 0.3449, -0.4546, 0.0883, -0.1314]",649571,OUP,82997.3,786.28,282.15,NanoCore SDK,1.11.53,PQZIUAALJIZJXHKB9,VFS,[CONFIDENTIAL] Formula #120,0.9419,Figure 7: Timeline,LUX,rejected,5610.8,created_at,3N750HJQOFJ8T0P5Z,ESXMUUKHLEAB8Q3NY,ZON,sk_3RwKEIEdtKq6vUcxky8moEZN2sNXSoxm,8188.3,532.81,97.52,6828.1
690.64,QWD,HRU,GGV,7584.4,NE6Y4HIOXKFUGPBQ4,AQ9LL8R6PGXP5IFUP,XC399EAFCKEUE7F67,84.95,55.4,SRB,0X7X3EX2YQXU7Z0KQ,IPE,4939.9,B94FORHHC9NKYN0SV,RFZ5097GMK0LSWNGW,OAY,NIS,4525.7,HGGN8YQP834KOTVXZ,South Korea,1668,257.21,YES,XQL,2U5SEJ5MMKICP6WR9,661.68,"$17,971",CREATE TABLE t (id INT PRIMARY KEY),2541.1,30,419.37,PermissionDenied: insufficient privileges,AXJ,1768.9,NE1IQD9UM1B2RH8TA,0x00935f6bb0c5873a504be5f7abc8ad812241aaf2,YHC,10/26,750.15,515.22,JEEUAYZ46GTCGEC3C,YCY,32 1 * * *,AIPCN3VQ8KEI49HE7,2500,5144.6,BLB,db-19.staging.acme.com,702.3,306.8,3664.7,"Paris, Canada",Social Media,NOQ,id,3648.3,342.24,14.46,Male,80.28,575.36,npm install,OSE3MJAME7VUFDUD8,6100,5MWULSU3U5PYC6NOV,856.05,3503.3,JGM3SXJBRD321Z5BX,Lucas,Figure 15: Overview,W6V4ZO9F47DBY0303,OUW,KCY,GMY,049V8VAVBBL0L9DEY,INTEGER,767.72,182.8,828.57,84.92,Q4 2025: $61M projected,"[-0.909, 0.4195, -0.9254, 0.0816, 0.7569, 0.2096, -0.3939, 0.4933]",307150,ESX,32774.6,907.82,509.61,Sentinel Monitor,5.19.14,P7ENHNR2HFJPNRY7A,BVX,[CONFIDENTIAL] Formula #706,0.2276,Figure 19: Overview,RBL,rejected,3263.0,created_at,SHJFWL6L294CUDQ7C,5Y8W52WJQ26A2NC2Y,FLP,sk_3ezVCe3IX8HuwVyGDvEkftqVr50PoHq6,9721.8,672.43,424.33,297.1
593.76,YEU,DZH,ZZI,6987.6,NA8LV0W8INZAOR2HI,6TFNNOW1VXX34KB3C,VQAX0BWPZSTK0G5OC,638.84,35.4,VIS,0BFX03SPXWZZ2UN9D,ESJ,1011.4,JMOJ0JVZAK7SFYQJS,U0IA0VKHU2HZYYTRC,XPS,QCL,5333.6,NALMNV5RPLY7ZGPZ0,Japan,9247,305.65,true,GKN,SO030RQMRIQG1VKO5,181.23,"$46,016",message Msg { string id = 1; },5761.7,21,538.5,Connection timeout after 5700ms,XKY,5249.3,0AYRCHQ58RQIPLIWG,0x900a997c382a00942a4f4d6c61116ee2e133827e,FYJ,11/28,455.22,715.15,MICKFNPTD01SZHU63,RAD,35 17 * * 1-5,P41OF8AUJ1Q3BF2E2,2635,4961.2,EZR,cache-17.dev.acme.com,691.98,3988.8,3489.5,"Toronto, Italy",Web,TRM,email,9887.2,68.28,122.24,Female,977.4,420.32,POST /api/orders,P14FRQI9EYGTRLPK4,6056,I04BTK7QDA126Q782,213.05,1785.0,QATKXS4XL2DJ6RIM7,Linda,Figure 12: Overview,3LAX6ZN1O1VW3LH1V,VCQ,UOI,SKA,7URCBSX2Y5AMA86PC,FLOAT,820.96,696.16,658.16,333.01,Q2 2027: $60M projected,"[-0.5673, 0.2798, 0.1226, -0.3984, -0.2118, 0.3267, 0.3301, -0.7496]",659717,JID,72633.9,247.22,321.99,AuditTrail Plus,1.18.44,Q03LRJ4OJ6IF2KNK3,IHR,[CONFIDENTIAL] Formula #676,0.4006,Figure 16: Distribution,QJH,rejected,5848.1,amount,ZSX479LYJL7TSD54N,SCMTKR1103V2SABCL,YQE,sk_Ts6UyHCPyJDSXm6YGvWuuUYhfI2tUAJd,3678.4,960.48,190.04,1301.4
199.73,UEL,DQB,FPF,794.9,95I7B1QFXJYKBT19E,4U488PX1BAUZF7B50,ZWIA2WV4NYZYMC80L,976.3,9.6,KDJ,4H2W830URI8NCXU0R,NFY,4411.0,RR8NMUQGJ4YFY1UHC,YVFK6STUGK54BENDQ,ZSR,TBM,1251.2,LXFJTPWHM28LWT7NU,Israel,5618,999.79,true,VMN,DSIUCPWEZ70P7GY6C,446.37,"$33,416",CREATE TABLE t (id INT PRIMARY KEY),4268.8,11,554.5,NullPointerException at line 5897,TGB,4959.8,212G0EUDMQTT6D7OY,0xf4a16b6b66827b9285c344bffba383129934ac45,SBS,06/28,941.69,127.15,W6LEHL2CR1GHBAIPG,XGQ,30 4 * * 1-5,VENWTZ3PLGDZLR0KX,2437,4928.2,TRR,db-20.prod.acme.com,304.14,282.9,947.6,"New York, Norway",Phone,CIZ,amount,9459.7,252.79,776.97,Unisex,978.16,523.32,POST /api/orders,FOQDK10VAY2NMYTTC,4318,Y093W3JM0HPLCEVFU,340.0,3708.0,S0UEZCD9HYP1L59F0,John,Figure 17: Overview,WHR9XVTHO839G5BYT,FQK,UYI,ZJC,TE10FXU7K2P3J8HCW,TIMESTAMP,229.23,298.86,796.97,720.62,Q4 2027: $79M projected,"[0.5256, -0.5571, 0.7155, -0.2266, 0.5406, -0.5185, 0.5274, 0.2117]",266887,FWT,63297.7,409.39,892.06,SmartHub X1,1.7.95,DOLGIHC8BRFM9U7BM,PHX,[CONFIDENTIAL] Formula #379,0.28,Figure 17: Timeline,TXN,cancelled,9393.8,amount,R2NUMTATS3JZ7J2P1,BD549BXYIGB34K1YW,ZSB,sk_IbsLsIZlPV9czgYWhACWcK1CtMOGilg2,6516.9,669.17,265.41,1543.9
935.69,UKG,NAR,KYZ,7975.2,9OW560M1W44DFTD24,BI80QATILFF16C92U,XXVC8K72XR4QXDQNE,224.75,84.4,QRY,H4TYICBJ2E0A559HY,FWT,8041.7,NMO78UT9CZKUORGWW,VC4DXKW74H5X9KME8,NXC,LTJ,4501.6,G6TQCU54ASBLZL5RX,Canada,3076,740.03,NO,HIA,WMD7J60IWQ6040WFK,583.53,"$21,232","{""type"": ""object"", ""properties"": {}}",7634.4,39,157.34,PermissionDenied: insufficient privileges,TMM,1999.6,LXGEMBXWZS7UBM2XJ,0xe5844481c174a7d24f378e77621739ba139ff364,NAG,04/28,415.01,408.77,NWHBXL1CSCPJMRMHO,QXF,27 5 * * *,CU0E0LBSUKI3YKL3J,3060,4831.1,ACM,cache-6.staging.acme.com,601.2,2369.4,3032.1,"Sydney, Singapore",Phone,OJQ,status,3784.6,693.83,517.26,Male,374.85,962.85,kubectl apply,FOYM06LRGC0OFA9O8,7274,06AF3Z3Q51SXHLUTN,362.65,5562.3,M03J4VH42VPA1LFDT,Emma,Figure 12: Timeline,6ZU4LZV6TEFHQQJ0F,RIQ,NIJ,YPZ,W21C2982031FV8AVE,BOOLEAN,894.08,809.41,487.45,319.35,Q1 2025: $1M projected,"[-0.1727, 0.1057, -0.1683, 0.6413, -0.4452, 0.1914, -0.4258, 0.1777]",827076,KSI,16180.2,365.89,839.38,CloudGuard,2.16.88,TX5O0RK6GEBSIKMJ3,GFG,[CONFIDENTIAL] Formula #210,0.7393,Figure 17: Distribution,JAU,active,8993.9,name,2XQCYL7CPP57BG3NJ,9PAPT4Q2MHH5MSD16,SXT,sk_1Qm4S1OX378qdSoXWWkmh1m7WnTkysVl,3042.1,840.29,232.13,4658.9
740.19,VCS,JUB,FRQ,6478.9,W2O39JVYGXQQSOBBY,4UJAPK3KHEGVO9116,GUD1LZWPCJ732BE8Q,470.06,78.6,MXY,6ERK8BS9IM4BSU3X4,SQK,4947.2,7JMFFWVJBUU3QODTY,ZFOACBS6SK84P6PG7,KKV,JPW,3089.8,4FV5XDKOUHQ7PN46I,South Korea,3565,328.25,YES,HIJ,0EP7AFJFS99YF3TDI,511.33,"$2,905",message Msg { string id = 1; },4744.7,42,123.22,FileNotFoundError: 7430,AMG,8272.1,OFE5JE27LGYD2IZQZ,0x1fcfde83946da19fa0d2ac2ad9143f8ff4a0b494,XCC,07/30,147.22,699.53,VXIZEVYFAHKNMIIGT,AYM,8 2 * * 1-5,ILL38ZKU1VQGWHY70,3935,8277.2,UXV,api-4.dev.example.net,493.47,3312.8,931.3,"Paris, France",Email,BUO,email,6198.5,202.4,137.15,Female,33.46,165.65,docker run,IFZ77GUVD96FMGWMN,995,1S3L0I6OXQPJKFZMM,606.53,9082.9,UCCTDHOV053KA9Q4V,Mary,Figure 8: Timeline,D0U9EYEVW0L918GZE,NFL,KGA,CAB,UOC5C6ZSKQ0ZH7F1I,BOOLEAN,587.11,527.99,424.93,782.07,Q3 2026: $96M projected,"[-0.206, 0.27, -0.016, -0.4231, 0.0137, 0.0354, 0.0943, -0.7043]",790442,PJF,96620.4,986.51,423.7,Sentinel Monitor,4.18.12,ZZG307XICLNQ8HTDX,QTI,[CONFIDENTIAL] Formula #915,0.0226,Figure 12: Timeline,AFX,approved,7986.9,created_at,1JNO88QJHPBCL6OZY,4XFEU77KBILA9PI36,SLM,sk_D1OeBEhTUjVmTxAtCuHEyEbjG9JuGcp2,6996.9,781.65,575.35,4317.9
813.08,CQU,SZL,TFZ,2606.4,OYSCZBNEMYAI5DF5H,BXA785OYTPVLOORZU,HZOIVLRZ90YC5EXAF,196.92,27.5,TOO,BNAC3CB4GVZ15LDTY,RQA,3882.5,KX9OZKEP4VEUA2JCL,GFZ89PWNP5YPOV9D1,END,CXJ,6904.7,QV60XW676RWX1IJLZ,Mexico,7721,483.3,true,AGX,28LRAXDEBPZLM97VX,109.01,"$16,903","{""type"": ""object"", ""properties"": {}}",6170.6,66,276.52,ValueError: invalid literal for int(),UHF,2690.2,FFYH4FGDFEUUCLHAN,0x0d152f7d9e5f1d85b15f3a921c7c7cedfe544e77,SZH,08/28,300.75,440.78,83YFB1TZ4MY75WEOQ,TIJ,56 16 * * 1-5,ODNX8C4CC5SXTOZSP,3413,5668.6,PPG,app-17.prod.example.net,322.39,9405.4,1141.6,"Phoenix, Brazil",Web,LXV,email,4365.2,451.97,8.63,Unisex,548.71,89.88,GET /api/users,0NFFC356ASE4KZSQ9,9513,NMH7OAN546ZUZZ8M0,681.35,8061.8,O8NT2KJVAZND6F21X,Linda,Figure 5: Comparison,I7RXK6OQMTTMWN4I6,EHV,GBI,ZZE,2QWPWRR6X747U6AMH,TEXT,630.42,53.32,83.23,793.73,Q4 2025: $36M projected,"[-0.3418, -0.0848, -0.3055, -0.0392, 0.0478, 0.5669, 0.1861, -0.6251]",785922,JVB,94945.8,98.13,745.78,Sentinel Monitor,2.0.9,GOV5QCD7KE1YL93I7,BYO,[CONFIDENTIAL] Formula #376,0.447,Figure 9: Distribution,IHP,completed,6559.7,name,2RY07Q2P606060QFW,26Q05GN36WLBFYU28,SZD,sk_23OMA9QEw6Tm8LvdfwUGl3eYrqjas6fW,7027.3,119.62,511.95,8768.1
467.82,YUJ,JWM,VYK,7896.5,850NA506C4PSQ0ZEA,7PUQT9QXHQA6Q5VSY,7UA4RK3XDOUCT3RZD,127.45,50.2,EPC,0QRW6GX7C5EZVRZJR,AMW,7756.1,7TPN1G449ORHF34Y8,CHF4YK9T4YF1KVS18,XKZ,AIS,1232.3,VYT4W9YPEGQFNV9GI,Germany,0943,784.69,NO,BHW,3PU6DS0YHJR7KJVF4,794.23,"$5,037",CREATE TABLE t (id INT PRIMARY KEY),5116.5,81,560.47,FileNotFoundError: 2996,MSA,8274.5,Z6RTAP0CXEF4JCWHW,0xd75949cf2ea5d3a876b5667f44508658505139f4,TKK,07/25,876.04,35.78,ILF2X3FBYDX3IH6GV,WWD,25 18 * * 1-5,HYNSX6FTIC3OM3YFQ,2002,3698.1,VYT,api-7.prod.example.net,66.68,4424.7,6807.8,"London, Canada",Web,DTB,id,1060.1,363.14,552.92,Unisex,846.63,680.52,GET /api/users,OHTST6H0OPXZMIW1E,2202,DZ3PSV7RD2P5V1WV8,163.47,5.6,1E8UDJ59D7J3256BT,Patricia,Figure 13: Comparison,DY9872KDA11830WRJ,TWR,JBS,VCO,4CJW8NUA2H2E2JCG1,BOOLEAN,42.73,631.72,291.35,321.43,Q1 2024: $43M projected,"[-0.3801, -0.3294, 0.0262, 0.5383, 0.6683, 0.0936, -0.5036, -0.0809]",875853,BUP,958.7,384.14,833.47,NanoCore SDK,0.19.0,ORE54E5I7AHWYEX6Y,KWR,[CONFIDENTIAL] Formula #454,0.8816,Figure 10: Overview,SNA,approved,8720.3,amount,9AF29EP08V3WAXGHN,W5V2FSZE7PUHIEXJR,MTT,sk_sPmUPWnurJmUhpInhzowHphYnAXVkFxA,965.5,685.66,453.03,6958.6
282.53,BSG,MQA,NSW,50.2,E8OPQVSD2OR7MJMFZ,PTKC641R53EE2P89I,6RRZXRIGPF93MWYSF,67.48,2.9,AVX,WKG53MF9U1Y5QMIY6,VIC,1065.9,XU4KRLFNVW8S8G5IL,829B03BKXB1FXWRS1,SRY,ZWR,7415.7,7JYEVLYHRUD1ZC7KT,Singapore,6861,157.9,YES,HEW,EKURSK86QDX84J61J,354.68,"$20,543",message Msg { string id = 1; },8011.0,7,422.21,FileNotFoundError: 7694,QNQ,744.6,7S8CEI1ZAPLPHELFY,0x26d1691fd4659dde20bd442efb83b661aa0d5891,VAN,09/25,711.2,382.35,PTZW40HK0XMSFT06K,TVZ,21 22 * * *,UVFF6P9FCAZ79XYYI,4906,3455.2,WBC,app-7.dev.acme.com,556.81,1247.6,6171.9,"Los Angeles, Sweden",Chat,RSS,status,6461.2,986.11,275.7,Female,296.84,634.02,npm install,C0SLJJZ084LCE6L2R,8782,8NB4ME87DA7N8JRVG,549.9,1898.9,6HJDLKD5MNX16DXX4,Linda,Figure 17: Timeline,ESZC2MXTH5UZZQ2Y2,AGM,LVJ,GHC,SZ40LUYCGEROZSI79,INTEGER,678.69,294.94,650.53,209.32,Q1 2024: $54M projected,"[-0.0363, 0.8937, 0.3513, 0.2454, 0.9818, 0.368, 0.3659, 0.7085]",648998,ZDY,49732.4,835.65,237.36,AuditTrail Plus,1.20.40,S15K4DHX7TLTHAAOZ,AEN,[CONFIDENTIAL] Formula #418,0.5346,Figure 19: Overview,YJV,inactive,8692.2,name,TDTLLMNZXNFJNTYE3,T565KXRTFHZ62Q370,RZO,sk_38k3EwijfNzSUZTKM8p1gobtmlrJejXQ,14.4,886.84,897.1,8321.0
464.04,CYH,IJD,OGF,9574.2,IXQ8LD60D0L07H99U,EETL861XZBD35WZX2,Q2IF0B8ZA5PA3V26M,937.01,66.0,DLX,7SXRDAHE1NFR536KB,JDD,6580.4,JANIUD4IRD89DBTP5,DIJTNTKSJT558T2AL,QKN,ZGQ,7874.1,86B6XZC3SRVX4KA44,Japan,9239,754.5,false,ZDK,UE3ZUOTKCWM3SCJW7,331.63,"$31,298","{""type"": ""object"", ""properties"": {}}",4142.9,22,297.89,HTTP 503 Service Unavailable,EXK,6711.7,TCJUO3OPHG8DLT9D3,0xefe0af4b8a2c0870c730f3fd1e59b522c11ca1ea,ALV,06/25,908.05,585.08,1ZX6ABVBQLKTCIPLJ,UVE,"1 6 * * 0,6",HXYFCDYX0QKVZBAR9,4974,6876.4,KKM,db-14.staging.acme.com,983.03,7168.9,4878.4,"Dallas, Singapore",Email,LTK,amount,7300.3,343.0,181.73,Male,744.27,489.73,npm install,6C5ZVKK13V0JH7B7D,245,CN356XM3K3IY9B51G,859.88,8316.4,VSWAO4MSBSSBUOT7G,David,Figure 4: Timeline,O5DKAY95EMJT7FO2W,BBE,LUU,ICY,19A0RZ4ACOAFSGWEH,INTEGER,47.16,806.54,484.27,397.05,Q4 2026: $42M projected,"[-0.5238, 0.2156, -0.0628, -0.1443, 0.2709, -0.2105, -0.2722, 0.8852]",520902,CJS,15605.1,119.78,567.05,CloudGuard,2.18.30,67D5MGF82W8QS12AZ,GMN,[CONFIDENTIAL] Formula #778,0.5339,Figure 16: Overview,XTC,pending,702.8,created_at,SRDH1EUE8BCIDH6YN,YT1N0Q2YHDCZRACQA,ZBX,sk_45uHNaJ12UfT7LYG0xHLqSEapVMQguEb,7479.1,178.14,583.26,5992.0
902.55,DUV,RAO,ZDL,1605.6,R53AUUUTQ60UAKNCT,UCEN6N3BQALHGMMYN,G6W4354ZDS01HEWPB,660.65,94.5,WCA,VPCBZI7MEMIGSD15K,MHR,7334.7,2TRZ46IXXY4EUGAVJ,TLJR07LYNR1IWEMCD,IPY,LCY,321.5,PQMVFRXPLUUAUCWSU,Japan,9630,168.01,true,KEL,HZKKCO8DS808LR8MV,170.6,"$24,029",message Msg { string id = 1; },4296.0,94,720.02,Connection timeout after 779ms,PZW,708.7,W3YWH01DH0S7DW8PI,0x8de2ac3a2587ee14b7270e4d3983fad6d9c94d49,GCP,11/30,303.17,537.38,PEE261QA6E2U59TZS,BGV,30 3 * * 1-5,5QCWJ11JTMXL04K5X,3724,4599.2,VVM,web-8.prod.example.net,96.17,1036.4,1512.6,"Toronto, South Korea",In-Store,WUR,name,1159.3,563.38,960.29,Female,542.06,334.35,docker run,45MMUDQZW0H6WY2YI,7619,C0QNJABHYB0WLYJ2P,295.46,9810.9,BKM3QR74C4BSJ0R8K,Richard,Figure 3: Timeline,ZRKT3751HEJKA3JTE,RFN,APS,KNV,BXAWEDM2XGX1DVIM7,VARCHAR,327.35,501.23,509.17,25.08,Q2 2026: $72M projected,"[-1.0301, 0.0516, -0.3327, 0.2677, -0.2551, 0.0351, -0.9765, -0.6011]",116932,MXB,50543.7,646.04,644.18,VaultKeeper,0.8.20,QXVOV0P418AV6ZQ6W,FPX,[CONFIDENTIAL] Formula #949,0.4264,Figure 1: Comparison,OZZ,failed,2935.7,amount,27ZPTZU3VW04KT4MN,7RT9T4O1S32EBQRTC,JMP,sk_KUv4i9dcgN51oHFiLHUurdFPCucZP5tQ,1454.6,972.2,231.27,2301.3
94.77,AMH,QXI,JWF,3025.7,VT27QYGMZSRUAXBSF,XEWCKFCKMY4DDPYXI,V3LGNHUW34L9CV54B,99.67,53.1,LJE,VCNUA3UCG5U6COA94,DKM,1529.1,H5PGVK6491CKMCV7N,115AKEACPXXS5SQJV,PEW,HPQ,1691.8,VM807P592EGBF7SFH,Mexico,9767,821.93,NO,XOL,Y6P7UBCW2YUPFJVN0,500.64,"$1,295","{""type"": ""object"", ""properties"": {}}",8118.3,12,926.66,ValueError: invalid literal for int(),PMQ,9254.7,SJCPXFZGB05A69UPY,0x77372d9ed26be5b84fbfd76838bb3856fd4b0e1c,XVL,02/28,804.92,174.62,B6SF6ZILKHPLXBOAF,CMA,"46 0 * * 0,6",LJD33OH6OWAZ9O1C5,2717,8390.0,EPP,api-20.staging.example.net,235.33,5557.0,2074.9,"Denver, United Kingdom",Chat,BBE,amount,5222.6,672.02,66.61,Male,945.46,295.52,npm install,6J8079X9DO8AG3MEV,7341,RIUKKODR6AN266HY5,93.98,112.1,GRY6OBVNC3P7XBT77,Susan,Figure 3: Timeline,G1L9GMMPMOPTRDSTT,GSV,REU,ESJ,9ZEWESMEP0BMAN1G0,BOOLEAN,690.95,489.34,292.48,498.64,Q2 2027: $19M projected,"[0.1251, -0.1932, -0.9873, 0.5265, 0.2778, -0.523, 0.0921, -0.3056]",818898,TFX,69296.1,647.01,96.18,DataSync 3000,3.3.9,JPF6VNYKSDA4BSTVI,VRR,[CONFIDENTIAL] Formula #363,0.6636,Figure 5: Timeline,MJB,inactive,1967.0,amount,QRFGQFW0R4F0UU8YK,F4ROJRUO1Q3IYX7KE,SPP,sk_FISib3InhRnin7km2kIfXPWIrKPhY7wG,2380.9,463.22,917.02,9705.0
769.09,UPG,JCI,YQF,2134.5,KSGN1ZKLJR0B9634H,KZWJR0JO0ILPHC0VZ,UHG2FJSEFQUIVW52L,35.81,98.7,LTY,BBBLKOGSQPKYNCT8B,SEI,4681.7,002PVP9JU7H5QRP03,KHOJBWCPWJ70QLDO8,TCK,IVF,6682.0,TXE9WZ11BUHU2V0FP,Israel,7190,40.06,true,DYD,L3T40U4VSEQIP13RE,253.26,"$40,547",message Msg { string id = 1; },6871.1,31,549.7,FileNotFoundError: 8376,GTT,3670.6,V8NAHB2TQP8UJB7SF,0x918362a7abc16631f59feee34e5506e180334cde,AJC,09/30,923.92,116.83,1FSA0RU4M2CRSMCNW,KGX,48 12 * * *,T3XC0ASP4UCLOU9CC,3946,436.6,LTN,cache-13.staging.example.net,281.39,3482.6,5696.5,"Tokyo, Japan",Phone,BXU,type,5702.0,168.21,894.64,Unisex,811.47,388.84,kubectl apply,OGH9Z5UTDJK1LOUV4,8230,HEOUFBEAKJYBNVDGR,873.66,9390.0,9EK6PVR9UYDFIJFCH,Amy,Figure 16: Distribution,DD3MY56T86VQBWJBB,OEN,BJL,FZR,5L5W971VD7B3U0MPL,JSON,350.09,418.73,432.36,613.2,Q3 2026: $44M projected,"[0.1397, 0.3191, -0.4214, -1.076, -0.4176, 0.3125, 0.4328, 0.5727]",144360,QPA,29119.1,815.46,263.64,NanoCore SDK,1.3.83,PV59YP8IJ2RBQ549X,GGF,[CONFIDENTIAL] Formula #849,0.2875,Figure 18: Overview,JOG,rejected,7157.5,status,7LJADBZ8NTM7NHG9O,VKSQ0GCZP73XDNBCA,WEB,sk_0nE4sZFUmWY0SGLacgK7SuP2pHGu8aLY,8067.8,285.52,810.96,3388.6
720.28,XPC,SZI,HUO,716.2,D4DVMT4E7JFH14RY5,20MQMMH80IJFPBQA0,3BG0LG10VSY0AF6UG,65.22,51.5,YIB,ZOF7BW7P14VOMNJ56,ETZ,2463.6,MQ8MKR8GA7QXRJJ6A,M6J6KBVDPILNJC2I3,CTT,IMO,2697.0,N0QSUVOR0R0O33X6N,Netherlands,4016,629.68,NO,BND,YZ7MYSZ0X8DJPXQAP,438.46,"$15,352",CREATE TABLE t (id INT PRIMARY KEY),9578.6,88,463.95,Connection timeout after 9276ms,SXF,3706.4,8G1LS29JJDEMQ57TS,0x98f974e88fb8f0eb10b694a6604427f3db94199d,FDP,10/30,926.8,25.52,5E4150SGZZJI4V613,HOZ,50 5 * * *,1R8YZUKJN3K5HWL0J,4754,2646.8,FBD,cache-16.dev.acme.com,850.01,1179.8,3359.5,"Austin, Canada",In-Store,IQA,created_at,5957.3,554.85,372.79,Unisex,97.61,811.07,kubectl apply,NWB7MYUVEXWMTWA0I,6898,QQPRIN7TLRJTL1ZNP,972.4,7917.9,HM8APEOCU7IKG62B6,William,Figure 10: Timeline,BPM3JZJ67H24BGY1P,WFE,SRI,XKO,F63861567AS6HDY3X,TIMESTAMP,131.31,948.03,973.76,992.99,Q1 2024: $90M projected,"[-0.0333, 0.6349, 0.0193, 0.1875, 0.9331, -0.5972, 0.7727, 0.9397]",920627,LSI,68521.8,165.45,697.9,CloudGuard,4.2.57,5HEBL4FNAMDQ27TSR,CKS,[CONFIDENTIAL] Formula #728,0.4727,Figure 20: Comparison,WDZ,active,307.0,status,VTNRP15Q5W13UNW5A,NQFADHYC08VZYH2WX,AJH,sk_OtoZL6IWCBZP46sGKQI2ZhGwutILrPAD,5931.9,564.76,520.79,5790.2
59.42,OEQ,HGD,KDL,4641.0,69X28N4TUGQR4LNT8,QMJC0Q6XRNABH9NFA,4T2IBNKD09BOD20ZH,580.84,46.0,QTJ,0B7AQVGV1TGYQAZDX,PHD,811.8,3WIVQ9WNT09JC4CM5,IRIDXD0CKM2RQXNYX,LQM,GDG,919.4,GA71DLZO8QWZXE17U,Mexico,5389,344.29,true,XIY,GHGBFS83UJVR4B22I,461.37,"$11,629",message Msg { string id = 1; },2694.5,112,538.22,Connection timeout after 1075ms,APH,6653.1,WCK1S1GPW5PV9LQFW,0x6909215300ebcecd97b7309de9ad7a8257009624,VSC,05/24,759.5,889.15,FWJEBTRWYVFQYZ98C,ZIO,32 3 * * 1-5,B8JABAFTBGTPYF2JZ,3075,6652.3,NMH,api-6.prod.acme.com,397.85,6564.3,2415.1,"Los Angeles, Italy",Email,WFF,status,4558.1,458.87,109.08,Male,12.27,18.31,POST /api/orders,C9DZRY5WP3RJ79RTC,1408,GBP1H8L7WQ1QQ8W06,682.79,8800.8,B9YO2ALXVJJ2LUYRH,Jessica,Figure 9: Comparison,JO7ONJYU9YEYYQOW9,GTJ,NJC,AAX,YQKOKK0PNCD7WT1U6,TEXT,152.87,202.05,342.12,462.46,Q1 2027: $52M projected,"[0.1035, 0.4066, 0.1783, -0.3179, 0.8655, -0.3776, 0.1128, -0.3893]",574651,IKU,4329.1,427.08,7.21,Sentinel Monitor,4.9.37,FYBW1IMU3MMBP1ILS,UIB,[CONFIDENTIAL] Formula #334,0.7709,Figure 17: Comparison,ISH,active,1047.1,amount,P6H309E2YQPYY1I4S,0IH5K721SDY3W4XQN,TBX,sk_FmS1XvaEFSWFVlY7xdop90rEUbxlPGgi,3687.4,134.19,374.47,8105.1
355.38,ESF,XGX,BPZ,686.8,S077UWYQ9JNDCKZ8C,TL3ET9L9QZZXC2TDF,5KM2C9JF7TU4ZRKVW,715.5,82.7,RNE,N1SEIHYMQFSKS6K31,ZZQ,6611.0,BBZHVFVNTQZQI2ZL7,AY0ZDOZFZNSR81Y6F,PKU,WLK,5685.3,R3O4ZXDVOIN1GVMXH,India,4596,20.71,YES,AMA,WAMB4Q66CTAYRQVNB,315.03,"$9,107","{""type"": ""object"", ""properties"": {}}",3220.7,106,370.96,ValueError: invalid literal for int(),KFH,5381.3,PNGLMG8EAL49VRQGF,0x2c87719adfc7199a77ad381d8d46dece2450a905,ZGU,10/29,95.63,469.16,23WK13HTK6RGTPPD7,OEI,30 4 * * *,NKZPW3O3FGJIA7PLU,3914,3471.1,TSV,db-5.dev.example.net,203.13,4448.5,5131.0,"Dallas, South Korea",In-Store,TKR,type,2285.0,413.2,412.01,Unisex,501.63,216.96,GET /api/users,TG0GMNLVXO799VRZ6,7588,8JOUOT23R52UKQMQA,65.9,8571.4,E3K22W5S3I2H19P28,Jennifer,Figure 11: Overview,JY3BNHEF476GOHHMJ,UZD,YNX,XRM,967IS9NUT2YDYO6DQ,INTEGER,230.77,544.97,54.26,152.29,Q1 2024: $42M projected,"[-1.036, -0.3372, -0.2655, -0.2571, -0.0151, -0.2493, 0.0715, 0.6847]",500052,RXF,51969.9,919.2,161.21,VaultKeeper,1.3.93,P4EDCYGCZLLNIF246,AGH,[CONFIDENTIAL] Formula #202,0.7381,Figure 15: Timeline,CSF,active,561.6,status,RYJHONIDQ7YL5V06R,NW93D5CZD5SEF030O,FDZ,sk_iblGeGXf0CgMhKwruv26tQAzbQR3IRHw,9508.9,681.17,435.47,886.9
524.62,QQQ,UQY,AJN,3995.6,4URJ47MJHAE5XWEFG,3LHVIW0LTTQCW95MM,YXD3ZXE5Y2B0R4CNR,528.22,85.4,XHU,FONQ6XF76TD5YZGFC,IJX,6037.6,VVG0PSYG25KFXRBMG,0VL0J4GOC27KUFQKY,EYT,ZQW,1485.9,FWQMQYU00YQVSYKVZ,United States,4092,526.58,NO,VJT,MHYEDB8A23X8R35KR,497.4,"$2,684",CREATE TABLE t (id INT PRIMARY KEY),1973.9,79,542.8,HTTP 503 Service Unavailable,CUC,4725.8,KWHP26V0MIFE776FF,0x051fa6870dce6b992e5bbf451075b1c4c6e5692a,DTL,06/28,249.87,11.22,KZSTHP17W8UI9RNBE,URZ,"47 22 * * 0,6",7YZ02OWJ5JIJ7Q96F,2115,6989.1,FAO,web-8.staging.acme.com,721.81,723.6,2929.6,"Berlin, Canada",Mobile,YSA,amount,1009.2,569.91,517.89,Unisex,428.65,981.56,POST /api/orders,XZL8BLT5CLCCJJQOZ,5206,YISM9LHW458GR8RMP,528.61,95.2,IIA6BGCIJ1FGDOT06,Lucas,Figure 19: Timeline,D35ZKFDBY97SO202K,DOK,NVJ,TKV,XQRDX30RLR01M6UJX,JSON,534.21,502.72,689.25,282.94,Q4 2026: $16M projected,"[0.6337, 0.389, -0.3354, -0.4278, 0.1204, 0.1973, -0.6753, -0.0263]",448693,EJM,10333.2,523.43,331.0,AuditTrail Plus,4.18.17,BQPZB9A8U491AWEU3,TMX,[CONFIDENTIAL] Formula #264,0.2259,Figure 3: Timeline,SNZ,pending,6785.0,type,NIRP0JTIX9AI3P4NH,CSI8P8GBSECRRYN5P,OQI,sk_USWgtq6xrRTH6eSzH3Pg3oLBXnceG8A8,3236.3,189.45,147.76,3583.7
644.48,WKR,EZQ,QIC,5173.4,1F5OWANCZ3CZBLBKT,HBT2498QJOPI492BY,E7EB4ED5AA6UX20EM,302.89,80.7,CGE,K3D0FRVYX0PGC8HH3,ZOZ,4167.8,7E3HE17RRLAXYGC3H,FATCHDDNXERZEKXRF,MSR,COW,9646.0,G2P2Y7F8VBUWZ7VLP,Israel,7983,212.95,NO,UMX,1HD6S5YRN5IHIBM32,247.59,"$34,215","{""type"": ""object"", ""properties"": {}}",2982.5,1,520.31,NullPointerException at line 8579,ROI,8150.8,APIMKDDZC7HTPMTHP,0xe0e3d1c2e64711e91ae98299e1979881704f4051,ACQ,08/30,809.5,426.22,2LQJWI4JR5JRUCGUX,JWE,56 20 * * *,W48BXL22WYOZ0A99U,3606,1.1,ZZP,cache-11.prod.acme.com,802.78,4408.5,6804.6,"London, Sweden",Email,QYN,name,2240.8,910.23,353.18,Unisex,23.65,472.89,POST /api/orders,0UBR8IQ6UNZULDMDD,1802,C4H033D4VTN2AOTPH,836.09,4189.9,D03DHC6T3U1O642K3,James,Figure 19: Comparison,HC2ZBERJBIVK5NHMN,SUW,OZS,KDN,UE0WZYNSFCGTP1IP2,BOOLEAN,516.6,444.52,426.9,170.06,Q4 2027: $97M projected,"[0.3762, -0.136, 0.0385, -0.5974, 0.2406, -0.1928, 0.2374, 1.0974]",524248,HPL,13154.2,726.28,246.54,Widget Pro,3.4.88,X1RAWX41B112HH797,IBP,[CONFIDENTIAL] Formula #108,0.2362,Figure 19: Overview,WNW,pending,4216.5,type,ZLZ813230NCTMZIAQ,D1G9074CGXQ91NUZH,GIV,sk_kt26U8kgWYEYO4pzNmlMZfcvXBbzlBvr,6005.7,765.36,179.09,5400.6
714.07,BPL,FGR,TDK,2844.1,MJWIJVVD1127RU03C,2NN44UY4OJK8ZBKLG,8246PJIGLJKLQZ8VP,571.55,78.2,WNM,WTRGVA7N9TMUBM1YZ,PWM,5280.2,ERYKQYNQI9NENEHQR,QKE47YFGEA9S9L7IL,HVJ,XCG,8263.5,UDJCK1EU13MX03J6C,Spain,0158,874.81,true,QNH,6GJCVY2NY4CRYXEI5,911.78,"$1,864",message Msg { string id = 1; },2602.3,118,274.96,NullPointerException at line 2607,KCV,7933.9,P139H5I11BNNM1OTU,0x3183438c37c132f79284649f18d87d69acbccb65,TCO,08/29,872.23,778.01,QRMQ9R5D386OGXN42,PFX,54 20 * * *,P5IPUDGAISDMORJHC,4043,9964.6,ZKY,api-5.staging.example.net,765.3,5807.5,2874.5,"Phoenix, Sweden",Email,ITD,name,5904.0,934.8,132.42,Unisex,444.31,684.04,npm install,L0O0QXLZW0E7LAKS5,248,3OZLKJOLEM2E1UGBT,91.03,6769.7,I9QF562LFCMM3R5RQ,Sarah,Figure 2: Comparison,ZQY4GYU6POR93NARA,UNA,XLY,CGV,JMCJTIJ57QRVCFCDB,TIMESTAMP,591.64,22.47,147.99,999.44,Q1 2025: $96M projected,"[0.6362, -0.4636, -0.7513, 0.5139, -0.0009, -0.0148, 0.5524, -0.8014]",382431,INJ,50369.2,995.06,237.81,Sentinel Monitor,3.14.13,944QQQYXOX1376VSG,BZD,[CONFIDENTIAL] Formula #647,0.8615,Figure 9: Overview,LDS,rejected,7342.8,email,ALOOPWBB27V6VSECK,3TC7T4V077OJ5860M,MQO,sk_2xkpuojdCUzHkh5Nz5XZ1svvWVrUWWkH,5902.2,840.98,573.14,3781.7
237.18,UBY,KYA,NSB,8438.7,6AMY36YIVHFQIB5H5,V59HUKC5R9AQ6ULA7,UDYSCAS7BX8IWAOUY,108.8,54.0,KXS,CYU93H8GJKKJH8BRD,OZQ,3234.3,97K3LZNR1JQWRU7HQ,OG5XA82V0QPZ4ZBPC,ZXM,MGM,5495.0,2KJBZWWVO0LG8FAMD,Brazil,0691,40.97,YES,ISQ,QVC6OSKPL5YWP30PM,5.6,"$7,769",message Msg { string id = 1; },9219.5,91,557.52,NullPointerException at line 806,ZXQ,7719.7,0ET575BW96FZVM5KI,0xc9e7b0fe076798ee038707ef752221e827967765,MAD,06/26,789.89,5.86,2A2ISTGLAIJF3AFS0,ELG,27 11 * * *,XIUP1RRUDKLYBZFZO,1975,8110.1,TPI,api-5.prod.acme.com,295.47,8737.0,5976.9,"Boston, Spain",Chat,LVL,id,7992.3,272.25,445.06,Male,184.86,247.56,POST /api/orders,M5QLL2N52L0G9YYX8,3047,1GGL48POTQ7B8X0X7,58.58,7745.4,L4M20Z07TYUPOY2XS,Amy,Figure 11: Distribution,EXCM4Y46MX2XJQI5N,VUG,QGE,MRI,FPXMABRGYAAUF4Y2T,FLOAT,157.19,543.24,443.04,534.83,Q3 2026: $96M projected,"[-0.3146, 0.8006, -0.1672, -0.5659, 0.5953, 0.4907, 0.0806, -0.7714]",483763,VPK,56509.8,496.25,519.59,DataSync 3000,4.14.55,6PF5IYT7EOO3IA029,SGX,[CONFIDENTIAL] Formula #282,0.7063,Figure 15: Timeline,HXK,inactive,6772.8,id,4XFCG1Q5TLLFKRDHZ,JJ924PDUA2UE7B1SU,ROE,sk_NAL0nIJwUm9CDAHTfEnTZx76Nfesd7Zc,5012.7,233.78,911.79,6578.7
683.7,NTW,KYP,DKN,9789.5,OW6WSUAI9PJEJN2NE,S07KI68NRLM7NYWLG,4VESXD3YTVU0UXVT3,753.67,74.6,MXS,AP63IMTLRI9MPQ745,RJN,9511.4,EDVFK15J4B6EQWRDU,2LZIG92G4BBHY8V0A,BEL,XID,9793.5,6E0VY6SX7RSFUFCZS,Netherlands,7311,600.76,true,LDP,Z6X2GOMLDKPDXC0G9,934.93,"$49,781","{""type"": ""object"", ""properties"": {}}",6349.4,105,583.46,HTTP 503 Service Unavailable,CAZ,9329.6,QCTEM843SSXRCM4OK,0xc776991f8ebe54d7e5f8390f852fe8a3f7e9ed9b,SYJ,06/25,845.52,21.9,APYM5I79F74GP3207,LRV,8 6 * * *,X2DDH9V2IT0O267C9,745,8140.8,FST,api-8.dev.acme.com,735.75,4316.4,3765.2,"Miami, Spain",Phone,AEX,id,4069.9,256.96,74.15,Female,44.99,864.89,POST /api/orders,M2IHOFMN6F0TVXH5B,8435,4S278ZNBGHMQ4VMIZ,805.31,4469.7,BTBDHMSHZU3VSXCE7,Oliver,Figure 19: Overview,AQBH30IOTRSXVBAX8,BBE,TDR,CQT,XP76ROJH694NUVDHT,TIMESTAMP,399.78,622.44,658.29,300.15,Q3 2027: $49M projected,"[-0.2039, -0.1546, -0.1643, 0.357, 1.4537, -0.703, -0.6452, -0.6339]",585127,ISI,83647.2,363.05,565.19,SmartHub X1,5.9.49,5K8SXWNQF9I0EMM4J,CNH,[CONFIDENTIAL] Formula #794,0.0238,Figure 16: Distribution,EHU,approved,728.4,id,GQ0WT8X2PXZGRV7K8,X98TWMYJCUQRUXNJM,BJL,sk_OuX7OMGqqS7rxxEGXqqC33zMYZ9THvje,4319.5,819.68,359.44,2859.7
745.89,FPV,SZM,PGM,2109.3,3UWT5VNDLMWMQM8CM,Z3E2ELHO6LKXH84P6,AA6FLDRVMD0E3N9O7,868.16,47.5,CIH,I0BR0C20IUDMOHVUZ,UEN,7165.1,KPCBL7IDSDL481WU1,J8K0HK4KMI0221K7W,UPE,ZEU,336.5,9ZAR2W4XH2XLN40GI,Singapore,2291,923.09,NO,KYQ,GZ0KS9RYBJY35AQCO,778.3,"$27,385",message Msg { string id = 1; },2116.5,62,734.82,HTTP 503 Service Unavailable,PFG,8248.2,02CVKWH5T3GC2BCMC,0x88a16141cbdf5bb01bdd81c6ba797564293f31bf,FMF,10/27,940.52,566.57,EUGJJIBZYBWZRD27S,ZZW,36 12 * * *,1G79KVH3LT8CXPDRG,3071,5952.2,RSC,cache-10.staging.acme.com,279.25,6728.3,8891.3,"Portland, India",Phone,VAH,email,8324.3,103.64,232.85,Unisex,410.27,343.52,npm install,7VU92HW95AWRVXK4S,5780,S73MR6TYFH4Q2CU0S,313.83,4485.0,HD9VYZVCIZ7T0SMCY,James,Figure 9: Distribution,71AJ6AZQFCHK9IJ6Y,YZZ,LVG,VXA,0XV5HA00XFCQI728J,FLOAT,509.08,587.85,839.44,323.31,Q1 2024: $67M projected,"[0.374, 0.2756, 0.3316, -0.0506, 0.1066, -0.2861, -0.4372, -0.9007]",517898,TFE,330.3,63.51,581.34,Sentinel Monitor,0.18.1,E7CVRK80TJP992POV,UVG,[CONFIDENTIAL] Formula #124,0.0651,Figure 1: Comparison,DPF,approved,9886.6,type,OKKX2CD381BG8K2F5,ZIYWZRGHGEXWWNH1T,VLJ,sk_MyVAbJi6bTLEK32IkG75fxiEEkTAVBHe,8016.3,107.84,500.02,8504.5
23.11,DPH,GFR,QGM,2817.8,DLEWRCK2X8TMAILJ6,AVVUBJ93XWKW1HBPI,J2OYVURDEJBOP9Y7G,240.5,51.7,BNU,3RVXOWNZQPCXV3WP3,RTY,4061.3,8X5JJIY927O27986J,V743AII49MJFIQJIY,NUG,ATH,9356.5,YGNVYVGNV2Q314DFB,United Kingdom,1272,16.53,false,BMR,EDXC9ZAIIGRMRK2U4,871.92,"$13,070",message Msg { string id = 1; },8217.4,30,790.62,NullPointerException at line 7765,KPO,4550.1,P9EVGQ9RMRNAG65SI,0x1a0aad550204355a4ea71ef0de89890733c9b532,VYA,04/28,800.87,664.11,2C0XEGDMLQ4FD4LZ6,QUM,59 17 * * 1-5,5S9KC6IHD5ZRM2OY9,528,5415.9,BYP,api-17.staging.example.net,882.49,8135.3,8003.2,"New York, Singapore",Mobile,NTN,amount,9168.9,879.33,233.99,Male,638.44,42.65,GET /api/users,PXU6LYO8XX3DF86AE,1449,RRJWIQUMAVYUC4YUZ,104.13,4961.7,G0B44XA0TXJW2TOFX,Emily,Figure 5: Comparison,H73SQ6FPQBF05OY58,PZV,NQE,KUN,RIZ6J2JISLZ0GU99K,FLOAT,894.56,742.77,814.16,698.06,Q4 2025: $80M projected,"[-0.0623, 0.2169, 0.0049, -0.9417, 0.4161, 0.0484, -0.5123, -0.1324]",572005,KCQ,50455.3,40.76,929.14,DataSync 3000,0.20.74,13X85RQV4N8KDV5C8,CBZ,[CONFIDENTIAL] Formula #970,0.3221,Figure 6: Distribution,XYH,failed,2596.9,created_at,7FS4GT4FEQK7J6C8Z,KNTP85L9TL2TKC748,CPG,sk_9G1pq2JXthXmg5vohK7kKjyt5Lqd3ZxY,9184.9,175.76,394.92,955.7
179.43,MVZ,PKU,IPZ,909.9,PSOLLBVRINA3LG8KB,UR2TB4O3VQZVWY3ZQ,ANGRPIQJNLGTGJ58N,327.75,35.3,CAB,R2GFSEK5J2O94CFSU,MKC,8121.6,WCVQ9LLHBSOE9KLJN,XV1X2R4O80ZHV7QRF,GVQ,XAY,2021.8,JH2QEYAGNN6EU049I,Sweden,7337,421.69,false,MDT,863NAK4RNZYJH66VG,61.13,"$49,302","{""type"": ""object"", ""properties"": {}}",2300.7,63,426.84,Connection timeout after 9267ms,FVU,8901.3,LFQO5M8CNME3UECG5,0x98a92aacfc971c32b89e72efc64458bece12d71e,MPC,01/26,749.68,356.03,24A0K00CTQ4X0C4X8,KJX,"21 16 * * 0,6",1F7FGPKV8G1OGY4ZA,4325,9798.9,HUN,app-1.staging.acme.com,554.17,8114.6,8979.7,"Denver, South Korea",Chat,QVR,type,5790.3,125.93,707.6,Female,246.31,449.51,POST /api/orders,UEKRM6ZPRD0B3EDB4,1423,SSFA4VX0227DSGFYA,578.41,1129.3,ELEEHGGSQWG1QKXJF,Mary,Figure 12: Comparison,YJXJRO6HWDLOSW95T,XMA,XFO,SIH,Q0PYSIUNIHUD3R5GZ,INTEGER,945.58,889.94,89.83,244.53,Q3 2026: $69M projected,"[-0.4709, 0.5758, -0.5752, 0.5569, 0.0842, -0.5875, 0.5659, -0.3498]",863609,IHY,7084.2,277.27,194.09,Widget Pro,0.4.12,IM3317UEUJ0Q7BBVU,IWV,[CONFIDENTIAL] Formula #514,0.4104,Figure 15: Timeline,OSJ,active,607.4,name,WH3XQWM5EXU5ZFMNL,MKUR0ASZJZII6322V,IFR,sk_9fa73G84Z7RijW2s9WrqQPzq8VYHTzdV,3489.2,938.63,29.12,9261.9
127.13,ZSQ,BRM,OSG,3412.9,MHVB6DSL16H3U9ZBL,EEVK60RVPVL7OM03U,I7KY2JS6DS9GIOZIZ,697.06,13.8,ECQ,N9RT6404KNA7E29MY,HDA,9544.1,W29IP90OJ94XR4BA5,EXJB22RMEN33TCU6X,HNZ,GXJ,4252.4,BXGMF8HA7TQTZ3CFU,France,5145,214.61,YES,IFR,UPM68SZDZYNYHPX4I,31.07,"$28,609",CREATE TABLE t (id INT PRIMARY KEY),387.7,46,344.6,NullPointerException at line 1117,JRA,9836.9,H8DRXTD83Q6W1UOS8,0x89d951d546ed05da122cf18588dcfd4c017a26c1,HLT,08/25,453.52,726.1,K4DMONSP3M1Q530SJ,GSV,32 19 * * 1-5,55433DTVI7V45E7DU,2401,8107.6,AVN,app-15.staging.acme.com,308.68,2305.7,7803.1,"Portland, Israel",In-Store,GHL,status,5111.5,510.89,536.79,Unisex,773.83,570.03,POST /api/orders,8ZULF7K0HMDF3ADI3,5893,MB9Z30SKQDMWK8HAW,912.56,9918.5,6U75IHTYE8L2JM9M7,Olivia,Figure 12: Timeline,IKXKB1Y9HK0VX7LH5,CHX,UNH,XWB,OJ53DXV4DAIN9GWGM,TEXT,852.52,526.58,341.52,66.89,Q2 2024: $47M projected,"[0.5957, 0.1428, 0.5743, -0.2604, 0.7198, 0.4132, -1.1119, 0.4616]",179954,VJL,95751.1,394.69,852.06,Sentinel Monitor,1.5.83,YHORZME8K1B7IULYX,PBK,[CONFIDENTIAL] Formula #841,0.7109,Figure 8: Distribution,IEJ,completed,6432.9,status,0J49F2CHCLKM00YSS,CIV1GPEYI4VA6L0ZN,SKS,sk_o10ynkGUxX3oNhws6Yjg5LTmulG2tLbh,7119.4,194.23,569.63,8951.0
63.01,GQZ,XMO,FHJ,2942.0,EDPX8IE36FW0552W0,VLA0FWBW63OL41CB0,2VPSSSHURDO1HMF2T,433.87,55.7,NJF,XRJCVY19HLI8V7HZD,FVO,5608.4,63BHRTPZP91GZGAMN,2NL127TCA4MZ6A6DO,LFB,HTR,460.3,ZBEPPZDIZLK2XT1LJ,Netherlands,6624,214.5,false,KMG,OX2MITWKGPAPBFC1U,698.0,"$20,716",message Msg { string id = 1; },5428.5,19,549.3,PermissionDenied: insufficient privileges,BKD,1562.4,RF05JHAH4AAAN357W,0x4680d3b4989eadfdf2d159ad682be76ff415da8f,GRY,06/30,737.99,392.42,2Q5468453TJUQZCPI,HEB,19 8 * * 1-5,T9H3A659BMVAYLQFE,2817,201.4,YUW,web-16.staging.acme.com,16.92,4266.7,4628.8,"Toronto, Israel",Mobile,LJB,name,2276.8,514.85,74.17,Unisex,483.59,821.45,GET /api/users,PHFM66ERS7Z7FSLI9,931,C8O00BWNKCJVB26SD,641.85,1747.4,85WIICWD725K7V4VI,Noah,Figure 12: Comparison,RMD1S9LJSYA9GZH0A,XDA,IIO,YYZ,BWNGLVVOL3QQQVA1R,FLOAT,703.79,98.65,705.12,126.76,Q3 2025: $94M projected,"[-0.3565, 0.4157, 0.2053, 0.4749, -1.2351, 0.6565, 0.5643, 0.3881]",700322,IPT,93996.1,155.31,167.93,AuditTrail Plus,5.0.88,N9LW8UIDS2RSXAA6K,ADC,[CONFIDENTIAL] Formula #574,0.7832,Figure 8: Comparison,MVM,cancelled,8654.4,id,WE8UP18VHA3ZZ838N,DMDKC0WID4BFI28YC,NCY,sk_DAQoPiOZYOpEIYCvsCAi9pfDbWxBy1vJ,2045.1,598.3,948.77,7765.6
856.82,YLC,HPY,VIU,111.9,UTBYZI6XVNP9R1ZVK,46I183KBAJAVZFBZ8,KC6BM17NIXL2VSF3S,279.29,5.2,GTU,OKO49G4ES0D1TKJAX,UUO,7104.7,HMXN8N84370DWNDOX,54LO1XAL6RB56I8LT,UVN,EVU,408.1,BA3UDKYTTAQH1BMMR,Sweden,0633,503.15,YES,IAQ,G9EYTQKIFFV2CPPDI,56.63,"$36,477",message Msg { string id = 1; },380.9,7,973.08,FileNotFoundError: 3903,LER,116.9,H9CHCE5D025AB1TOD,0xd10ea5a96828ba21a30a5124bb5a98a763ec92cc,YEA,09/24,810.81,418.41,EMD6CGJKWALI68VDB,VHK,42 13 * * *,PSADPS4QN4QFQ2KKC,1487,6184.3,LQA,cache-3.staging.acme.com,765.25,6055.7,4018.3,"Berlin, Norway",In-Store,EHZ,status,7942.5,964.91,823.51,Male,553.59,27.55,GET /api/users,AHKKLXE6CZ14D7SEE,9212,4CG5SVKOD7NIGP9WE,516.97,4141.0,87374RJLCSNO1YM6O,Harper,Figure 20: Timeline,W08WS78FUJZAUD7HP,QPU,QBM,EYI,VLF4I22EPN9CHNHM0,TIMESTAMP,188.68,578.78,69.59,433.44,Q1 2027: $29M projected,"[-0.6852, 0.1298, 0.8041, 0.1702, -1.2784, 0.3538, 0.5504, -0.0705]",689912,QDA,72190.4,150.96,40.41,StreamLine ERP,5.13.31,P0M307T7LJXZMSHTN,MAR,[CONFIDENTIAL] Formula #335,0.4151,Figure 14: Distribution,LNB,failed,9326.5,id,4HE9KVHY5QESF6AQ7,2F7PH8AKTFVNCP86B,UAT,sk_qOZ1GTySNp8y9OS5Sue9C6235AGhfKIs,5141.0,51.82,48.16,1775.6
226.49,DQP,PHO,FUQ,5983.7,NCQABF07QGCSO03J7,3R3WZQ7ADY53EAXZF,CG3C91LKYQW7DP10U,444.63,76.0,APZ,L8Z7ZR8XMAT71POC9,PGS,366.7,UQH03JI6Z7B12TKFM,ZG3RB1S2FVFOEAHJ4,YDS,UAA,2909.0,VX3DC8P85V5UJLL0S,Switzerland,1436,299.1,YES,SWO,KH1XOWXCHALOWPDM5,86.74,"$18,151",CREATE TABLE t (id INT PRIMARY KEY),8278.0,4,521.56,FileNotFoundError: 2076,RIU,3670.5,8BF686J4X2F0GCVGP,0x76db3ab32c908472ba9ac8d49dba22113c097ad0,NBJ,08/29,687.52,809.73,Q8UMQBJQFSS2F3KI4,YGM,4 7 * * *,FABIO5UVWPLJPD66G,2376,9568.8,UVZ,app-16.prod.example.net,581.05,2326.0,7503.0,"Berlin, Italy",Mobile,XNA,email,4879.6,903.51,401.7,Male,719.22,599.03,POST /api/orders,ZNC82ADWNF4VE74D7,8311,7KW69GUDO097UHTX3,668.21,7551.1,DK1MMLZ6B2Q5ND7O8,Elizabeth,Figure 1: Timeline,VH08IIE4CE9TZ5G0I,LQE,JZV,YWA,0982RQEK6H2Z2R11D,INTEGER,687.06,739.56,787.81,783.13,Q1 2025: $12M projected,"[-0.0376, -0.726, 0.9181, 0.0882, -0.8765, -0.2614, -0.2921, -0.9894]",743595,OZD,92120.3,255.04,105.51,CloudGuard,0.1.49,BYX9CQ8GX2F35EEKM,VQF,[CONFIDENTIAL] Formula #721,0.6923,Figure 14: Distribution,LXM,completed,7297.4,type,GXT6KU2K41OQSVD52,CWYSVOXI6ZHUXGK3Q,IZJ,sk_YpQJQDWoMAuSeZ5sO9gnP5WDt6TIluHg,4.9,890.14,116.9,7224.6
35.03,HYS,EQW,KQF,5675.8,F3LPKINTTDKNFQ95N,FKPI2VNR9S3DBUPU5,E36X8PXFPX3841PMU,102.01,44.3,GZA,GSLLYITEFFEIOQ0FV,RPM,6986.4,A1MGKKBWD4O76JRBC,S29DM3VBOHPUO35HA,ALC,GRR,716.8,WKPVHOO5B8BK726NV,Norway,1763,957.77,NO,QGA,KHS67RULI6KD4NQ4L,265.94,"$2,202","{""type"": ""object"", ""properties"": {}}",1185.1,4,940.48,HTTP 503 Service Unavailable,CBT,9730.5,U05S6GGGLBZJO8WH8,0x130b6f13e4cd2707fb6a04a3b8d5a5b6893e020a,JMO,06/28,863.84,826.95,9YBUJC92EVNI3WB96,HSC,40 16 * * 1-5,06WGJNRWH5KF6TUZA,3784,4695.3,DPE,cache-9.staging.example.net,833.23,1204.3,4247.7,"Los Angeles, Australia",Chat,NTT,status,8641.2,279.82,194.99,Unisex,352.31,622.25,npm install,BOE30NAKV7CRLIAFK,6465,FN56NM03418H4ZJT7,271.02,5155.4,C0SAPFYG0F7TH9AN0,John,Figure 1: Comparison,F6OJYMR8U59MOE8FN,NTB,UJJ,EMB,5CCLVPFB0ZXUXXN64,BOOLEAN,53.87,447.97,811.36,442.0,Q1 2024: $71M projected,"[-0.5897, -0.3398, 0.7047, -0.1602, 0.0499, -0.88, -0.5003, -0.2413]",400952,LAL,45948.1,545.95,231.23,StreamLine ERP,3.2.0,GHGCZW9VDNGOGZLUL,WXA,[CONFIDENTIAL] Formula #854,0.0772,Figure 18: Comparison,DIL,failed,9850.3,id,Z2GR7CXRL9BIDMSFS,IS6WCTOS8A29IX3VG,SJX,sk_TlnKwSF7caXmSEvD36NhJ60k5c2FgQIT,2075.6,399.34,922.68,9517.3
104.73,WPW,IHA,KRI,4893.0,675DGFPBEKVTVQIIV,WJO4SDPEXGTGGC1WS,INVJ21BIFIRI4SEN9,641.95,77.6,JHN,PQ7RZIMSZ1EJOXJ69,KIF,2002.4,XUXZE8I3VMR647ESP,ELK8TBRHLKL6BNBBO,VNK,XGX,3901.6,EFQU5B76W42ROXC0P,Singapore,8008,700.58,YES,FHG,927GPNZR7JO5Z2J6W,942.23,"$5,490",message Msg { string id = 1; },663.6,64,71.75,HTTP 503 Service Unavailable,JBS,8195.4,ZVDY7JR0C183T4P00,0xe8f77d11e11d6615d543d1d4931e427d8a81ef63,EGO,03/24,976.2,647.47,5SA91UYG8DZYZ6ZIT,BOF,56 10 * * 1-5,IR0SEDMGXGFINDSM6,314,6223.4,NQR,db-4.prod.example.net,121.72,3842.0,6032.7,"Chicago, India",Social Media,IFA,name,252.9,477.29,385.39,Female,419.58,953.7,kubectl apply,V4U9LBUQMC6WQVCRY,7214,UWDMNUVPMBZX0K7MN,436.87,270.1,OX5PLZOQSCIFRFN21,Aiden,Figure 13: Comparison,YXS2JNSNMSXKCK2T6,CAZ,RQA,SRT,TI5NFB3LNZVPBUAUG,TIMESTAMP,151.57,452.29,8.89,707.39,Q1 2026: $88M projected,"[-0.1236, 0.464, 0.0603, 0.423, 0.7867, 0.7349, -0.5245, -0.1534]",489905,GVW,31268.8,772.41,181.41,Sentinel Monitor,1.15.0,4IOAUJLCKDA3DS3H7,RJP,[CONFIDENTIAL] Formula #652,0.6897,Figure 3: Comparison,BJT,approved,1055.1,email,3PLX9IJQNJ56Y60VS,E2V44WWT8IMZZY7QL,ELB,sk_mSKY97WJOQIezYGSnCcRMLevgZRc5M3x,2516.1,692.32,833.22,5415.3
946.81,QOO,YQZ,RYD,5479.3,DK3962QUOE6765MO4,ZS8Z7EFTS9NSMUQ2X,T77DDMA4DJ6CUVLOU,980.12,34.2,IAW,15YJE7V42LS28UWAE,MEJ,4825.7,H50B1AEOPNHFKSVQW,GF583YTLWF0FF4L59,XQX,MXQ,3349.2,37BWFOCDU5F1023HU,Netherlands,4585,183.7,YES,WOI,AU4VXNX39J8T3IMKV,387.08,"$32,736",CREATE TABLE t (id INT PRIMARY KEY),2730.2,10,373.07,FileNotFoundError: 2281,XFY,7899.2,HXDJ6BYMMNDLGV23D,0xfd1b23122ea510ea7ddc2d4cd55ccb04d6ca8028,CIQ,10/24,268.31,16.28,H5AY1HCQQZI68B7ZO,ERB,4 2 * * *,RMHF9DBYJK553DD5M,3600,1560.1,YLL,db-16.prod.example.net,948.1,2278.3,3237.2,"Chicago, France",Email,ZRD,id,8145.3,464.05,190.4,Female,736.55,433.55,POST /api/orders,WTCW09QMLZT62H5US,1756,8KM3KGKM1MM4QHEKV,881.65,4022.6,7NEEJ45VDEPF4AS6G,Noah,Figure 20: Distribution,AW188X89YO5WVHZQ8,XQE,BYU,UGR,CPX8ZJW0UUA58HZ31,FLOAT,512.4,324.23,574.8,418.45,Q3 2027: $52M projected,"[0.0811, 0.8075, 0.6322, -0.5159, 1.149, 0.0391, 0.0366, 0.42]",629315,FQB,28276.5,438.57,222.13,NanoCore SDK,1.3.23,RPMKZJEK2AP2NQ1GT,OUT,[CONFIDENTIAL] Formula #870,0.196,Figure 11: Timeline,QFA,pending,8228.3,amount,H9G3K6L7RTT07EB3W,Q35G7YYT3Z84YBSEQ,HWT,sk_f5BBxcd4Nqmj07zh4jiKjiWfCafdpll6,1780.4,953.46,280.95,389.6
677.41,RTL,PLZ,JGC,4767.6,5APJVPGP3F5YQS8SM,NWYATX0ZOZWPH4MCU,SAAS0XLNMA4EG3P5U,766.93,37.8,JNR,6MVQ9F3E84V6V9EL4,ELK,140.6,X0PY147YC44TABQNP,1Q70L0XNBGFTNXS3S,UZU,NCJ,8084.4,JCGJ1Y1YSXG2PXTE6,Israel,0035,51.46,false,RAV,X3VEIZ8U5C95ZPIK1,565.66,"$21,953",message Msg { string id = 1; },2819.2,25,12.1,ValueError: invalid literal for int(),HHW,3381.4,BJLG8KS4I9J8T1ZXQ,0xb19d47c9621e8b006f70486f0cc622564bf8b2c7,UCS,01/26,737.83,728.91,3EP0X27CX834OBS7V,NLR,3 14 * * *,N2HMK9DJ52W8ZV256,3666,8020.4,FHN,db-10.dev.acme.com,406.13,7646.2,9912.5,"Dallas, Brazil",Web,NUG,created_at,6897.0,382.68,220.2,Unisex,383.87,39.02,kubectl apply,UHNP68IRYYKOREBNK,9713,LP3G4XWGE101WEL7Y,767.39,4841.1,14HMVCCRJ2WO4JQP6,James,Figure 16: Distribution,NDLB4RNBXNQWANCYO,ANB,JDT,SMI,BLNE7DCPTOFTWJ5U4,BOOLEAN,265.88,857.15,525.81,795.36,Q1 2024: $51M projected,"[-0.5062, -0.0194, -0.0083, -0.6423, -0.8306, -0.5658, 0.2876, 0.2348]",900695,IPC,86817.8,862.67,24.02,VaultKeeper,4.10.94,C1O9B8TGSOLIVPXMA,ZVD,[CONFIDENTIAL] Formula #542,0.7902,Figure 18: Overview,CZT,inactive,4882.0,email,39PRSXZOGD3WU3Q5K,CFXDARF4DA6YH1T3Q,QDW,sk_MiiC3u5180JVRXVgCuUsV64qQ8pyDy7P,3744.1,444.79,224.11,3718.3
979.67,YVT,DBU,EXJ,783.3,JX2LNQ6MT7EE4ZNK4,QIR10V7XX64EAE6YD,NX4JB2RZOLJJN8CD5,977.83,61.3,BMS,TIXCGTY5LNZJLDS99,AJO,5642.0,H98L3Z6V46IKPPLW1,3329I17EF2FS0EVAV,JWO,WBZ,8124.5,U7EWPWGBHLSEDJVHN,Australia,8161,996.02,YES,TPS,HRWI3UATNA7I7TXZ0,379.91,"$5,251",CREATE TABLE t (id INT PRIMARY KEY),7783.6,31,825.74,FileNotFoundError: 3440,WXX,1171.1,DNX4VAZI67F30H7L1,0x068fbab6f5d08693c6717e920e90c9b56ce6c10d,HFC,04/24,954.04,768.5,7WB1NCA255YZ7R97Y,WZC,12 18 * * 1-5,NJIVCJN2Z2E12UXCQ,2283,104.7,FPZ,db-14.staging.example.net,487.47,1821.8,6549.5,"Sydney, Australia",Web,LTJ,email,533.0,222.62,932.42,Female,769.32,14.46,kubectl apply,TSMF0SSLDXNKXGJ53,962,HF8NMWYZMF263E62Q,719.69,6371.8,UGGA7ASO69ND8JQDT,Linda,Figure 10: Comparison,2RR5DLZFWWXU9Y0LT,FWN,TLD,QFT,1IJ3TMJI9BWLDXTPH,VARCHAR,977.47,605.62,381.45,502.01,Q2 2027: $66M projected,"[0.3858, -0.4003, 0.087, -0.1291, 0.3388, 0.9897, 1.1018, 0.1395]",639477,ADU,49880.6,628.75,869.15,CloudGuard,0.17.88,5K9ND067Z7T1U0LC8,LLU,[CONFIDENTIAL] Formula #463,0.1596,Figure 16: Timeline,SKN,rejected,5885.8,email,VR2D5ZFTT6D5MVVCF,OZETP33L0EGPNRKVD,FYR,sk_hlWu9dOIT6eKBGHIcErrBmWjeQvzEO7t,1399.9,268.37,72.31,4019.3
681.73,SAQ,USY,RFS,2341.8,Y58LU3LZWUCCXI1QA,DJ7L91G5KT2K5GKPN,QNPO5BEBFKQT6ITRE,408.89,66.2,ECB,UQSA4N8DT4IC5T2U3,TOQ,5190.8,GQ0NQZOED0ZNKPMU9,6E2XR0JU2O3FDXEUP,LYZ,CVZ,3951.7,CGXS3ZEIMTMB8RS9M,Switzerland,1441,886.47,false,QLE,ZKR5WJ4PQU97EYKQ0,598.68,"$35,169",message Msg { string id = 1; },1072.9,91,678.52,NullPointerException at line 4351,QPG,8690.2,OMO97H3ZJ7RZYUCTR,0x8320a548dabfc85421c81b18b8769a12ef3d139f,TPA,02/29,824.89,660.4,1GMWK04PRP6X1QP38,KQU,25 11 * * *,KN088M19MEQK5IL3Q,3939,9580.3,ELD,db-4.prod.acme.com,30.13,9106.6,5063.0,"Chicago, United Kingdom",Phone,OWT,email,8154.4,376.54,899.37,Male,573.04,452.41,docker run,1MLGJ3FM4HQZ5HEEG,7224,WWD0D7C49FN30W1M2,30.23,9358.4,394ZKVQQQPVYX0BPI,Patricia,Figure 11: Comparison,XLIATE9G6KYJRPMFW,QTZ,UBU,CSG,7ND8NEVCZS7UVNWUD,FLOAT,846.18,172.85,786.15,102.76,Q4 2027: $22M projected,"[0.1156, -0.2745, -0.3414, 0.0404, 0.1055, -0.4001, -0.5499, 0.0952]",512111,DAA,54343.4,794.32,241.91,Sentinel Monitor,1.10.12,PRFDBD5AN50QMAA3M,QHB,[CONFIDENTIAL] Formula #698,0.8875,Figure 1: Distribution,KWI,inactive,5438.3,name,G2BR1ED01BMVMCH24,ZOOJOCOY0YG8T67PF,HNG,sk_EbagNVlv7xt26JA7WGpRHeRwgelngL6J,7058.4,992.22,542.34,3427.5
353.13,SJX,BHE,QUO,4468.7,LXJTLD89RL1THQPRM,7XPPIEP4GVY724CZD,2UX22IV1EW9A4BERT,48.01,71.4,PRU,IVIUDLYW8NUEKPOCS,BIF,8145.4,F8E5VSYU8VXAHR17T,NYB2K3P6Q0Y0VVPKL,OJA,AYW,4471.0,BZPPBTKECYY8V0ORV,Norway,6523,210.17,NO,WQN,VILJ18EK1U0N8AARJ,938.44,"$23,842",CREATE TABLE t (id INT PRIMARY KEY),4890.9,53,625.07,FileNotFoundError: 6769,KMO,2101.3,2PKTXUOJD71IB4FE3,0x3030e6afc25cdda37dc77521051619ec5df6e218,WNO,12/26,393.96,220.27,ZR0908X7PQGQGHFSJ,CAJ,"46 19 * * 0,6",HPJD3AF240XWLKM4J,2694,8959.1,ZOG,app-3.dev.acme.com,309.58,3710.7,5114.3,"Atlanta, Sweden",In-Store,GWQ,id,1254.4,173.05,875.8,Male,345.63,853.24,docker run,4GXEYPV04ZQJNPYY3,9750,6AWJQVCCA6C02S7GU,87.8,2671.0,Y9YE0CKVAUSX3L83K,Logan,Figure 19: Timeline,E4EKLW41SLRENTVA7,NAV,THE,JRQ,BDR7AOUM4ULJ1UFTY,JSON,642.55,6.42,866.95,150.53,Q1 2025: $23M projected,"[0.5497, -0.2027, 0.4958, -0.1041, 0.3492, -0.1354, -0.5493, -0.6574]",452046,NFC,50122.6,522.23,634.83,VaultKeeper,5.18.42,IYQIEWASB9VM78BRW,ZLU,[CONFIDENTIAL] Formula #890,0.8894,Figure 16: Timeline,EJD,cancelled,8704.8,id,K69V0B1HPQ3GTN4RU,S6GKP2E8PEVBL2M1H,CUC,sk_ejkNBt7L2X1CvSxY9uBtaFezYPFCUgqX,6487.5,78.58,931.5,9242.3
489.8,KAE,UTE,NZN,722.0,HOELV11CEBB5S1QJT,EGT5R9RDSRBIIKIYH,DTGDJ0W7LYZSNOQGG,865.18,77.7,QOL,ZUU6MC3YH057YBOS2,TDL,8596.0,KOTX5TXKD8PZI0J5T,3QYB3Z4SUV2KTVN5W,GFP,CTG,5031.2,LCQIU95UQECR3VT3O,Brazil,6808,197.28,true,LIL,FP35SEL1UPOYSUWJM,879.37,"$27,822",message Msg { string id = 1; },6059.8,65,165.64,PermissionDenied: insufficient privileges,ULL,681.7,BG8COZDB4FYYIFFRD,0x54e9a02abe1d74ce914e989610743929861e18cf,RDY,04/28,789.77,219.64,EUTY0QABH90H2DHAQ,YWI,26 20 * * *,SL97V3IS0BYXJ4ICQ,1337,8131.8,MSJ,web-8.dev.example.net,284.95,3559.3,4586.0,"Phoenix, Switzerland",Mobile,ODI,created_at,2725.7,30.9,784.49,Male,931.59,269.21,npm install,M2NZYS8V38JM5JJTR,8003,JJ374CXPHK5RDGMPB,324.43,8945.2,X3USNNGJ2DX5PVS4A,John,Figure 6: Comparison,LDFZXXY8LI6F26TKB,MUN,YSD,IPK,3ZEJCZJZCGQY8DXWY,TEXT,931.26,373.1,112.44,650.07,Q1 2025: $55M projected,"[0.2399, -0.2254, -0.1268, -0.0087, -0.5715, 0.7834, -0.0594, -0.2275]",768426,QSY,96448.3,13.71,724.64,CloudGuard,1.16.66,NT138PMEMHRAB0FDG,YLL,[CONFIDENTIAL] Formula #491,0.9922,Figure 6: Comparison,JSR,pending,3755.7,status,P8YZ6FQNSRORZO3S9,ZQT93SZSWQV6P4W1U,DCA,sk_bnAoaPIOOnxoiACKkYrTGJiRSNpZyPwP,7071.6,870.48,133.29,8989.9
