labelTag,probability_confidence_info,definition_14,f_xju,txn_amount,query,trace,recipe_instructions_raw,driver_s_license_number_info,LABEL_TAG,translation_data,val_zx,x_sch,translation,isbn,fact_log_message,electric_current_info,wxw99,BODY_TEXT,dim_trans,dim_dgj,keywords,dim_bon,customer_comment_note,storage_size_6,caption_14,fact_channel,headline_title_text,v_reci,dim_547,col_time,recipeInstructions,username,review_text_val,headlineTitleText,caption_data,book_number,f_perm,payment_card_number,v_757,f_tkb,biography_14,review_text,comment_note_14,error,desc,dim_sln,policy,start_date_raw,numericRange,raw_error_message,d_nkp,comment_note_data,col_310,customer_partition_key,col_gefi,comment_note,CONCENTRATION,field_747,meta_258,HEADLINE_TITLE_TEXT,commentNote,f_co,biography_raw,dim_den,time_to_live_raw,messagingId,rhripc84,partition_key_14,maiden,bodytext,headline,user_soft_delete_flag,v_512,reviewText,INSTRUCTION_TEXT,caption,REVIEW_TEXT,status,COMMENT_NOTE,defaultValue,dbx52,instrtext,col_dl,regionStateProvince,rnvvu47,hostname,body,fact_url_reference,abstract,doi,user_body_text,keywords_2,d_200,headline_2,RECIPE_INSTRUCTIONS,TIMESTAMP,amvq85,KEYWORDS,LAST_NAME,d_ver,col_792,how_to,field,MESSAGING_ID,modified_by_info,biography
needs-review,0.5073,A systematic definition of data quality.,668.16,"$73,390.22",SELECT * FROM orders WHERE type = 'active',[INFO] Retry attempt 5735 of 3,Mix 2 cups flour with 1 tbsp oil.,TX2978293,experimental,Konnichiwa,Step 2: Configure the pipeline.,public.users,Namaste,978-5-58874-179-2,[WARN] Connection established to 2961,44.95,SELECT * FROM products WHERE type = 'pending',This record monitors compliance records.  The system monitors operational metrics.  This record tracks transaction histories.  The system includes operational metrics.,Konnichiwa,"TechCo Industries, Meridian Health, Catalyst Ventures, Pacific Research Group, Beacon Analytics","monitoring, scalability, integration, reporting","$25,286",Reviewed and approved.,524209,Figure 8: Overview,Phone,New: Policy Change,Mix 3 cups rice with 1 tbsp butter.,amount,2024-05-03 01:00:21,Mix 2 cups rice with 1 tbsp oil.,mary_young199,Average experience.,Updated: Product Launch,Figure 5: Timeline,978-7-29184-644-9,Admin,4843-0891-4692-9218,82085.65,Namaste,Harper is a CTO with 4 years of experience.,Excellent service.,Pending verification.,ValueError: invalid literal for int(),The product represents operational metrics.,source_col -> field_b,Data retained for 7 years,2018-04-23,47-80,ValueError: invalid literal for int(),tenant-036,Escalated to management.,Quarterly Report 2020,dt=us-east,Figure 6: Comparison,Updated per client request.,931.89,Step 2: Deploy the system.,POST /api/orders,Breaking: Product Launch,Escalated to management.,"4715 Oak Ave, San Francisco",Sarah is a Sales Rep with 25 years of experience.,16.637,106 days,susan_martin,v4.7.67: Removed logging.,region=acme,Johnson,The customer account represents data processing activities.  This record tracks operational metrics.,Updated: Product Launch,false,approved,Average experience.,Step 1: Initialize the service.,Figure 7: Overview,Needs improvement.,approved,Resolved — no further action.,0,This paper presents a novel approach for entity resolution.,Step 3: Verify the service.,Japanese Yen,CA,PermissionDenied: insufficient privileges,api-11.prod.acme.com,The service monitors data processing activities.  This record includes transaction histories.,https://acme.org/api/users/users,This paper presents an analysis for anomaly detection.,10.7839/f306.32,The customer account includes customer interactions.  This record tracks compliance records.  The system monitors customer interactions.,"scalability, security, performance, monitoring",The system monitors operational metrics.  This record represents operational metrics.  The product manages data processing activities.  The service includes customer interactions.,New: Partnership,Mix 1 cups flour with 2 tbsp butter.,2023-10-23 07:15:37,Mix 1 cups flour with 2 tbsp oil.,"scalability, automation, integration, compliance",Wright,0.12.57,Mix 2 cups rice with 2 tbsp oil.,Step 4: Initialize the module.,email,richard_brown,susan.harris,Patricia is a Data Analyst with 3 years of experience.
deprecated,0.7802,A operational definition of risk.,967.56,"$52,177.50",SELECT * FROM users WHERE status = 'pending',[INFO] Request processed in 5891ms,Mix 3 cups rice with 2 tbsp oil.,NY8549666,approved,Hola,Step 5: Monitor the system.,public.users,Konnichiwa,978-2-24993-714-8,[WARN] Retry attempt 2800 of 3,22.58,SELECT * FROM orders WHERE type = '1',The service monitors operational metrics.  The service includes compliance records.  This record monitors transaction histories.  This record manages transaction histories.,Guten Tag,"Global Solutions, Beacon Analytics","data, monitoring","$49,800",Reviewed and approved.,460036,Figure 7: Distribution,Web,New: Policy Change,Mix 2 cups flour with 2 tbsp oil.,type,2024-08-05 15:25:49,Mix 2 cups flour with 1 tbsp oil.,liam_smith579,Needs improvement.,New: Partnership,Figure 3: Comparison,978-5-74871-435-1,Viewer,4001-8148-0985-3452,32325.66,Hola,Harper is a Software Engineer with 14 years of experience.,Excellent service.,Needs follow-up next quarter.,Connection timeout after 7341ms,The system manages transaction histories.,source_col -> output,Data retained for 7 years,2024-03-02,1-85,NullPointerException at line 1154,tenant-043,Needs follow-up next quarter.,Quarterly Summary 2022,tenant=2024-01,Figure 11: Comparison,Needs follow-up next quarter.,817.59,Step 3: Initialize the service.,POST /api/orders,Updated: Product Launch,Reviewed and approved.,"2151 Pine Rd, Austin",Jennifer is a Product Manager with 13 years of experience.,13.383,1 days,elizabeth_king,v4.16.74: Fixed bug in API.,dt=2024-01,Williams,The system monitors customer interactions.  This record manages operational metrics.  The system includes operational metrics.  The product manages data processing activities.,New: Policy Change,true,high-priority,Not recommended.,Step 2: Verify the system.,Figure 13: Distribution,Needs improvement.,cancelled,Escalated to management.,false,This paper presents a novel approach for anomaly detection.,Step 5: Initialize the service.,Swiss Franc,IL,ValueError: invalid literal for int(),cache-5.staging.example.net,The customer account represents transaction histories.  The product manages data processing activities.,https://acme.org/api,This paper presents a novel approach for anomaly detection.,10.9104/q932.5,The product manages operational metrics.  The system tracks operational metrics.,"integration, automation, scalability, reporting",The product manages data processing activities.  The product includes compliance records.  The service manages data processing activities.,Updated: Partnership,Mix 2 cups rice with 1 tbsp water.,2022-11-02 14:27:38,Mix 2 cups rice with 1 tbsp butter.,"data, security",Jackson,1.15.15,Mix 1 cups rice with 2 tbsp oil.,Step 1: Deploy the module.,amount,sophia_garcia,sarah.rodriguez,Jennifer is a Software Engineer with 1 years of experience.
high-priority,0.7706,A operational definition of data quality.,869.53,"$59,621.12",SELECT * FROM orders WHERE id = '1',[WARN] Cache miss for key 1886,Mix 2 cups sugar with 2 tbsp water.,WA5563294,approved,Guten Tag,Step 1: Initialize the module.,analytics.events,Bonjour,978-1-77591-551-8,[DEBUG] Cache miss for key 4106,17.56,SELECT * FROM products WHERE status = '1',The service represents compliance records.  The customer account represents transaction histories.  The system includes transaction histories.  The system represents compliance records.,Bonjour,"TechCo Industries, Pacific Research Group, Acme Corp","scalability, analytics, security, data","$36,606",Automated processing complete.,496731,Figure 16: Comparison,Social Media,New: Product Launch,Mix 2 cups flour with 2 tbsp butter.,email,2025-05-14 12:56:34,Mix 1 cups flour with 1 tbsp butter.,robert.johnson426,Not recommended.,Breaking: Product Launch,Figure 16: Distribution,978-4-19746-852-3,Admin,XXXX-XXXX-XXXX-9481,"$59,318.83",Namaste,Oliver is a Sales Rep with 12 years of experience.,Not recommended.,Escalated to management.,Connection timeout after 7211ms,The system represents compliance records.,input -> output,PII encrypted at rest,2025-08-26,32-54,ValueError: invalid literal for int(),tenant-041,Updated per client request.,Annual Summary 2025,tenant=2024-01,Figure 3: Distribution,Escalated to management.,963.71,Step 1: Monitor the module.,docker run,New: Product Launch,Pending verification.,"7379 Elm St, Denver",Jennifer is a CTO with 28 years of experience.,5.877,104 days,patricia_johnson,v4.11.25: Fixed bug in caching.,tenant=2024-01,Lewis,The customer account manages data processing activities.  The system manages data processing activities.  The service includes compliance records.  The service manages operational metrics.,Breaking: Policy Change,false,approved,Not recommended.,Step 2: Configure the module.,Figure 10: Overview,Average experience.,failed,Automated processing complete.,null,This paper presents an analysis for anomaly detection.,Step 5: Verify the module.,US Dollar,CA,Connection timeout after 3700ms,web-1.dev.example.net,The service represents data processing activities.  The customer account tracks transaction histories.,https://acme.org/status/v2,This paper presents a novel approach for entity resolution.,10.6322/t131.49,The service represents compliance records.  This record tracks customer interactions.,"compliance, data, cloud, performance, analytics",The product includes transaction histories.  The system includes compliance records.  The customer account represents compliance records.,Breaking: Product Launch,Mix 1 cups flour with 1 tbsp water.,2021-03-14T06:05:12Z,Mix 2 cups rice with 1 tbsp oil.,"performance, data, integration, security",Jones,5.1.14,Mix 1 cups rice with 1 tbsp butter.,Step 3: Configure the pipeline.,type,aiden_rodriguez,richard.jackson,Patricia is a Designer with 22 years of experience.
needs-review,0.5063,A operational definition of data quality.,244.5,11899.84,SELECT * FROM orders WHERE status = 'pending',[WARN] Cache miss for key 3863,Mix 3 cups sugar with 2 tbsp butter.,OH3108597,needs-review,Hola,Step 2: Initialize the system.,public.users,Namaste,978-4-18941-319-6,[INFO] Batch 4187 completed,12.65,SELECT * FROM products WHERE status = 'pending',The product manages compliance records.  The service monitors transaction histories.  The service manages customer interactions.  The product manages data processing activities.,Guten Tag,"Pioneer Software, TechCo Industries, Meridian Health, DataCraft Inc, Global Solutions","automation, performance","$37,839",Escalated to management.,108687,Figure 12: Comparison,Email,New: Product Launch,Mix 1 cups rice with 2 tbsp water.,name,2022-09-20T08:43:57Z,Mix 1 cups rice with 2 tbsp oil.,aiden.wright815,Needs improvement.,Updated: Partnership,Figure 4: Distribution,978-6-23928-960-1,Owner,5636-1197-2534-1881,"$74,085.81",Konnichiwa,David is a Sales Rep with 24 years of experience.,Excellent service.,Reviewed and approved.,PermissionDenied: insufficient privileges,The product includes data processing activities.,field_a -> output,Data retained for 7 years,2024-10-25,36-79,PermissionDenied: insufficient privileges,tenant-017,Resolved — no further action.,Executive Summary 2020,region=acme,Figure 10: Overview,Pending verification.,439.75,Step 4: Configure the system.,docker run,Updated: Product Launch,Flagged for review.,"5166 Park Blvd, Paris",Patricia is a Designer with 21 years of experience.,8.909,91 days,david_martinez,v0.8.90: Improved authentication.,region=2024-01,Williams,The customer account monitors customer interactions.  This record represents data processing activities.  This record tracks data processing activities.,New: Partnership,false,high-priority,Not recommended.,Step 2: Configure the module.,Figure 17: Timeline,Needs improvement.,rejected,Updated per client request.,1,This paper presents a framework for anomaly detection.,Step 5: Initialize the pipeline.,US Dollar,IL,ValueError: invalid literal for int(),db-7.dev.acme.com,This record manages transaction histories.  This record manages customer interactions.  The customer account tracks compliance records.  The product tracks operational metrics.,https://api.service.com/status,This paper presents a novel approach for anomaly detection.,10.3945/v353.45,The system represents operational metrics.  The customer account includes operational metrics.  This record monitors customer interactions.,"cloud, automation, data",The system includes operational metrics.  The system represents transaction histories.  The service includes operational metrics.  This record manages operational metrics.,New: Policy Change,Mix 1 cups sugar with 2 tbsp water.,2020-08-05 05:15:58,Mix 2 cups sugar with 1 tbsp water.,"data, reporting, monitoring, compliance",Thompson,5.15.17,Mix 3 cups rice with 2 tbsp water.,Step 3: Verify the pipeline.,status,logan_johnson,john.jones,Mason is a Software Engineer with 6 years of experience.
approved,0.2106,A formal definition of compliance.,924.4,"$66,700.09",SELECT * FROM orders WHERE type = 'active',[ERROR] Connection established to 8624,Mix 3 cups rice with 2 tbsp water.,CO6144134,approved,Hola,Step 1: Initialize the pipeline.,analytics.events,Hola,978-2-18837-376-5,[ERROR] Connection established to 1962,42.08,SELECT * FROM orders WHERE type = '1',The system manages compliance records.  This record monitors data processing activities.  The customer account represents data processing activities.  This record manages customer interactions.,Namaste,"Skyline Partners, Global Solutions","compliance, data","$1,212",Needs follow-up next quarter.,472799,Figure 18: Distribution,Phone,New: Partnership,Mix 2 cups sugar with 2 tbsp water.,amount,2025-09-27T04:10:39Z,Mix 1 cups rice with 1 tbsp water.,mary.williams827,Average experience.,New: Partnership,Figure 17: Overview,978-3-94440-505-1,Guest,3761-7683-0319-2155,"$81,715.67",Konnichiwa,Jennifer is a Software Engineer with 6 years of experience.,Not recommended.,Escalated to management.,NullPointerException at line 3260,The customer account represents data processing activities.,source_col -> field_b,Data retained for 7 years,2020-04-23,42-91,HTTP 503 Service Unavailable,tenant-041,Reviewed and approved.,Quarterly Report 2022,region=us-east,Figure 18: Timeline,Automated processing complete.,890.2,Step 3: Monitor the system.,npm install,New: Partnership,Automated processing complete.,"123 Elm St, Phoenix",Logan is a Data Analyst with 7 years of experience.,19.043,171 days,oliver_davis,v4.0.87: Added support for authentication.,tenant=2024-01,Thomas,The service manages customer interactions.  The system represents operational metrics.  The service includes operational metrics.,Updated: Product Launch,false,experimental,Average experience.,Step 1: Initialize the system.,Figure 12: Timeline,Not recommended.,rejected,Automated processing complete.,CURRENT_TIMESTAMP,This paper presents an analysis for anomaly detection.,Step 2: Initialize the module.,British Pound,OH,PermissionDenied: insufficient privileges,db-2.dev.example.net,This record includes data processing activities.  The system monitors data processing activities.  The system monitors customer interactions.  The service manages data processing activities.,https://api.service.com/api/api/api,This paper presents an analysis for anomaly detection.,10.4088/e544.29,The product represents data processing activities.  The product includes compliance records.,"reporting, security, automation, cloud, scalability",This record manages operational metrics.  This record tracks transaction histories.,New: Product Launch,Mix 2 cups flour with 2 tbsp oil.,2024-12-24 06:15:38,Mix 1 cups rice with 2 tbsp butter.,"data, compliance, security, reporting",Rodriguez,1.11.83,Mix 3 cups rice with 2 tbsp oil.,Step 4: Configure the service.,email,noah_robinson,elizabeth.johnson,Mary is a Designer with 5 years of experience.
needs-review,0.2159,A systematic definition of data quality.,455.63,"$33,698.22",SELECT * FROM orders WHERE status = 'active',[ERROR] Batch 5961 completed,Mix 1 cups flour with 1 tbsp water.,IL1870777,approved,Namaste,Step 1: Deploy the service.,sales.orders,Namaste,978-4-52876-952-6,[INFO] Connection established to 9172,56.96,SELECT * FROM users WHERE id = '1',The customer account manages customer interactions.  The system monitors operational metrics.  The system monitors customer interactions.,Konnichiwa,"Alpine Systems, Pacific Research Group, Acme Corp, Skyline Partners","compliance, performance, cloud","$19,175",Flagged for review.,821707,Figure 7: Distribution,Web,Updated: Product Launch,Mix 2 cups rice with 1 tbsp butter.,type,2023-01-02 20:51:28,Mix 3 cups rice with 2 tbsp butter.,patriciawright889,Needs improvement.,Updated: Partnership,Figure 2: Overview,978-3-60196-327-9,Editor,3772-0032-4993-3726,68846.33,Guten Tag,Ethan is a CTO with 2 years of experience.,Average experience.,Needs follow-up next quarter.,Connection timeout after 7342ms,The customer account manages data processing activities.,input -> target_col,MFA required for admin,2024-06-25,26-65,ValueError: invalid literal for int(),tenant-015,Pending verification.,Annual Report 2022,region=us-east,Figure 13: Comparison,Needs follow-up next quarter.,731.01,Step 2: Verify the module.,docker run,Updated: Policy Change,Escalated to management.,"5167 Elm St, Dallas",Mason is a Software Engineer with 25 years of experience.,13.648,212 days,richard_white,v1.6.85: Fixed bug in logging.,tenant=acme,Brown,The customer account monitors customer interactions.  The customer account tracks operational metrics.  The service tracks customer interactions.  This record monitors compliance records.,New: Partnership,true,high-priority,Excellent service.,Step 2: Monitor the pipeline.,Figure 11: Comparison,Great product!,approved,Needs follow-up next quarter.,false,This paper presents a novel approach for entity resolution.,Step 2: Configure the pipeline.,US Dollar,GA,PermissionDenied: insufficient privileges,web-15.dev.example.net,The service manages data processing activities.  This record includes customer interactions.  The service manages customer interactions.  The system includes operational metrics.,https://data.io/status/users,This paper presents a novel approach for data classification.,10.2720/n549.46,The system manages operational metrics.  The customer account represents data processing activities.  The service includes transaction histories.,"analytics, cloud, compliance, reporting, scalability",The customer account represents operational metrics.  The product manages operational metrics.  The system represents customer interactions.  The customer account monitors transaction histories.,New: Product Launch,Mix 1 cups rice with 2 tbsp oil.,2019-04-20 13:57:37,Mix 3 cups flour with 1 tbsp water.,"scalability, performance",Robinson,2.11.64,Mix 3 cups rice with 2 tbsp butter.,Step 2: Monitor the system.,id,amy_taylor,richard.robinson,Sophia is a Designer with 21 years of experience.
needs-review,0.5552,A operational definition of compliance.,401.51,61350.85,SELECT * FROM users WHERE type = 'pending',[INFO] Cache miss for key 6466,Mix 3 cups sugar with 1 tbsp water.,PA1746492,stable,Namaste,Step 5: Deploy the module.,sales.orders,Konnichiwa,978-7-56391-455-3,[INFO] Request processed in 570ms,87.64,SELECT * FROM users WHERE type = 'pending',The service manages customer interactions.  This record monitors customer interactions.  The system manages data processing activities.,Hola,"DataCraft Inc, Global Solutions, Vertex Technologies, Catalyst Ventures","compliance, automation, scalability, monitoring","$34,795",Flagged for review.,825799,Figure 10: Distribution,Email,Updated: Partnership,Mix 2 cups flour with 1 tbsp oil.,email,2020-06-26 07:59:25,Mix 1 cups rice with 1 tbsp oil.,annarobinson59,Needs improvement.,Updated: Policy Change,Figure 7: Distribution,978-7-94827-862-6,Admin,XXXX-XXXX-XXXX-6565,87293.29,Guten Tag,Logan is a CTO with 8 years of experience.,Average experience.,Updated per client request.,NullPointerException at line 1745,The product manages operational metrics.,input -> field_b,PII encrypted at rest,2019-05-30,47-53,HTTP 503 Service Unavailable,tenant-008,Automated processing complete.,Technical Analysis 2021,tenant=2024-01,Figure 1: Comparison,Flagged for review.,440.19,Step 5: Deploy the service.,npm install,Breaking: Product Launch,Resolved — no further action.,"5609 Park Blvd, London",Lucas is a Product Manager with 27 years of experience.,16.09,274 days,mary_lee,v0.14.53: Added support for API.,region=us-east,Brown,The product monitors operational metrics.  The product represents transaction histories.  This record tracks transaction histories.,Breaking: Policy Change,false,high-priority,Great product!,Step 2: Initialize the module.,Figure 2: Timeline,Great product!,pending,Automated processing complete.,0,This paper presents an analysis for data classification.,Step 5: Configure the pipeline.,British Pound,CA,NullPointerException at line 788,api-6.staging.example.net,The customer account represents data processing activities.  The product manages data processing activities.,https://example.com/status/users,This paper presents an analysis for data classification.,10.4175/l916.27,The service represents compliance records.  This record manages operational metrics.,"automation, monitoring, security",The customer account monitors customer interactions.  The service manages customer interactions.  The product tracks data processing activities.  This record tracks data processing activities.,New: Policy Change,Mix 1 cups sugar with 1 tbsp butter.,2026-08-13 11:14:07,Mix 1 cups rice with 1 tbsp water.,"scalability, reporting",Wright,3.11.64,Mix 1 cups flour with 2 tbsp water.,Step 5: Monitor the system.,type,amy_king,liam.martin,Liam is a Designer with 15 years of experience.
experimental,0.6913,A formal definition of compliance.,919.79,"$56,766.49",SELECT * FROM orders WHERE status = '1',[DEBUG] Health check passed,Mix 2 cups flour with 2 tbsp butter.,TX5554425,deprecated,Konnichiwa,Step 3: Monitor the module.,sales.orders,Konnichiwa,978-9-15617-413-0,[INFO] Batch 3460 completed,80.49,SELECT * FROM users WHERE status = '1',The customer account manages data processing activities.  The service tracks data processing activities.  The customer account tracks customer interactions.,Namaste,"Quantum Dynamics, Catalyst Ventures","integration, automation, security, data","$16,510",Resolved — no further action.,159623,Figure 12: Comparison,Email,New: Policy Change,Mix 2 cups sugar with 1 tbsp oil.,id,2020-09-24T12:28:43Z,Mix 3 cups flour with 2 tbsp water.,mason_davis274,Average experience.,New: Policy Change,Figure 4: Overview,978-4-57419-428-5,Editor,XXXX-XXXX-XXXX-9884,92593.98,Bonjour,Sophia is a VP Engineering with 1 years of experience.,Not recommended.,Automated processing complete.,Connection timeout after 307ms,The service includes compliance records.,field_a -> output,Data retained for 7 years,2024-09-28,44-86,Connection timeout after 1009ms,tenant-032,Needs follow-up next quarter.,Annual Report 2025,dt=us-east,Figure 8: Overview,Pending verification.,370.91,Step 2: Monitor the service.,npm install,Updated: Policy Change,Resolved — no further action.,"4243 Oak Ave, Berlin",Emily is a Product Manager with 28 years of experience.,14.302,201 days,sophia_wright,v2.8.82: Removed caching.,region=acme,Williams,The system represents operational metrics.  The system includes data processing activities.  This record monitors data processing activities.  The system represents compliance records.,Breaking: Policy Change,false,deprecated,Average experience.,Step 1: Verify the pipeline.,Figure 10: Timeline,Average experience.,failed,Resolved — no further action.,false,This paper presents a novel approach for entity resolution.,Step 2: Deploy the service.,Swiss Franc,NC,PermissionDenied: insufficient privileges,web-5.prod.acme.com,The system represents operational metrics.  The customer account tracks compliance records.,https://example.com/api/v2/status,This paper presents a framework for entity resolution.,10.9496/a958.11,The system tracks operational metrics.  The customer account monitors data processing activities.,"compliance, security, cloud, monitoring, scalability",This record manages customer interactions.  The system includes customer interactions.  The system manages customer interactions.,Breaking: Product Launch,Mix 1 cups rice with 1 tbsp oil.,2022-08-21T10:38:16Z,Mix 2 cups flour with 2 tbsp water.,"monitoring, scalability, cloud, compliance, integration",King,1.2.19,Mix 3 cups sugar with 2 tbsp water.,Step 4: Deploy the service.,id,harper_moore,logan.martin,Noah is a Product Manager with 1 years of experience.
deprecated,0.2562,A systematic definition of data quality.,440.3,"$62,712.00",SELECT * FROM users WHERE type = 'active',[WARN] Batch 7970 completed,Mix 2 cups rice with 1 tbsp water.,WA6112999,needs-review,Namaste,Step 3: Verify the pipeline.,public.users,Hola,978-9-11562-202-0,[DEBUG] Health check passed,70.74,SELECT * FROM users WHERE id = '1',The product tracks transaction histories.  The service tracks data processing activities.  The service represents compliance records.  The customer account includes customer interactions.,Konnichiwa,"Skyline Partners, Pacific Research Group, Quantum Dynamics, DataCraft Inc","compliance, analytics","$12,537",Needs follow-up next quarter.,828992,Figure 11: Comparison,Social Media,Breaking: Product Launch,Mix 3 cups sugar with 2 tbsp oil.,status,2023-08-10T17:30:24Z,Mix 3 cups rice with 2 tbsp butter.,richard.moore613,Average experience.,Breaking: Partnership,Figure 16: Comparison,978-4-35725-276-8,Owner,XXXX-XXXX-XXXX-3245,"$87,010.21",Namaste,Liam is a Sales Rep with 10 years of experience.,Great product!,Resolved — no further action.,Connection timeout after 4771ms,The system monitors transaction histories.,source_col -> target_col,Data retained for 7 years,2018-09-09,30-70,Connection timeout after 9482ms,tenant-009,Pending verification.,Annual Report 2021,dt=2024-01,Figure 16: Comparison,Updated per client request.,53.88,Step 4: Monitor the service.,npm install,Updated: Product Launch,Flagged for review.,"3567 Maple Dr, Boston",Harper is a VP Engineering with 22 years of experience.,14.371,59 days,mason_thomas,v4.19.10: Improved authentication.,tenant=acme,Lee,This record tracks operational metrics.  The customer account tracks customer interactions.  The customer account tracks compliance records.  The product represents customer interactions.,Updated: Partnership,false,approved,Needs improvement.,Step 1: Deploy the pipeline.,Figure 11: Comparison,Needs improvement.,pending,Updated per client request.,false,This paper presents a framework for entity resolution.,Step 1: Verify the pipeline.,Japanese Yen,TX,NullPointerException at line 5696,app-18.dev.acme.com,The service monitors data processing activities.  This record monitors operational metrics.  The system includes compliance records.,https://api.service.com/status/status/data,This paper presents an analysis for entity resolution.,10.5837/m393.43,This record includes customer interactions.  This record includes data processing activities.  The product manages operational metrics.  The product includes transaction histories.,"scalability, security",This record tracks customer interactions.  The product includes transaction histories.  The system includes transaction histories.  The product includes customer interactions.,New: Policy Change,Mix 2 cups flour with 1 tbsp oil.,2025-06-19 01:15:14,Mix 2 cups rice with 1 tbsp oil.,"performance, compliance",Robinson,1.1.4,Mix 2 cups rice with 2 tbsp butter.,Step 3: Monitor the system.,status,logan_martin,emily.young,Amy is a Designer with 11 years of experience.
deprecated,0.2134,A systematic definition of compliance.,185.55,13597.31,SELECT * FROM orders WHERE id = '1',[ERROR] Retry attempt 9928 of 3,Mix 3 cups sugar with 2 tbsp oil.,NC7665967,stable,Konnichiwa,Step 4: Verify the service.,sales.orders,Konnichiwa,978-9-45419-525-6,[INFO] Health check passed,74.75,SELECT * FROM users WHERE status = 'active',The product manages operational metrics.  The service manages operational metrics.,Guten Tag,"DataCraft Inc, Meridian Health, Vertex Technologies, Pioneer Software, Global Solutions","reporting, monitoring","$40,891",Updated per client request.,632267,Figure 3: Overview,Chat,Breaking: Policy Change,Mix 2 cups flour with 1 tbsp butter.,name,2020-05-19 14:59:48,Mix 2 cups sugar with 1 tbsp oil.,william.jones634,Great product!,New: Partnership,Figure 2: Timeline,978-4-84091-708-8,Owner,XXXX-XXXX-XXXX-1817,"$85,055.13",Bonjour,Sophia is a Data Analyst with 8 years of experience.,Excellent service.,Resolved — no further action.,FileNotFoundError: 2412,The system includes data processing activities.,field_a -> field_b,MFA required for admin,2025-02-04,48-83,HTTP 503 Service Unavailable,tenant-042,Updated per client request.,Annual Report 2021,region=us-east,Figure 13: Timeline,Automated processing complete.,996.24,Step 1: Configure the service.,npm install,New: Policy Change,Reviewed and approved.,"5821 Pine Rd, Sydney",Liam is a Software Engineer with 3 years of experience.,5.412,203 days,oliver_king,v1.9.53: Improved API.,dt=acme,Johnson,This record tracks operational metrics.  The customer account tracks compliance records.  The customer account monitors compliance records.  This record includes data processing activities.,Updated: Partnership,false,experimental,Great product!,Step 5: Monitor the pipeline.,Figure 20: Comparison,Great product!,completed,Updated per client request.,CURRENT_TIMESTAMP,This paper presents a framework for data classification.,Step 4: Initialize the module.,Japanese Yen,FL,Connection timeout after 7560ms,app-11.prod.example.net,The customer account represents compliance records.  The product tracks data processing activities.  The product manages transaction histories.,https://example.com/users,This paper presents an analysis for entity resolution.,10.6381/c871.6,The product represents data processing activities.  The customer account tracks data processing activities.  The system tracks transaction histories.  This record manages operational metrics.,"scalability, automation, monitoring",The system represents transaction histories.  This record tracks data processing activities.  The service represents operational metrics.,New: Partnership,Mix 1 cups flour with 1 tbsp butter.,2018-01-01 22:19:03,Mix 2 cups sugar with 1 tbsp butter.,"compliance, scalability, analytics, automation, integration",Thompson,4.4.25,Mix 3 cups rice with 2 tbsp water.,Step 5: Monitor the system.,status,linda_thomas,emma.jones,William is a Designer with 21 years of experience.
approved,0.7155,A formal definition of risk.,50.71,40231.08,SELECT * FROM orders WHERE id = 'active',[DEBUG] Batch 67 completed,Mix 2 cups sugar with 1 tbsp water.,MA4366171,deprecated,Guten Tag,Step 2: Initialize the module.,analytics.events,Hola,978-4-99917-938-7,[INFO] Cache miss for key 7191,98.09,SELECT * FROM orders WHERE status = 'pending',The service represents operational metrics.  The service manages transaction histories.  The product tracks operational metrics.  This record tracks operational metrics.,Konnichiwa,"Acme Corp, Meridian Health, DataCraft Inc, Pioneer Software, Catalyst Ventures","compliance, data","$23,773",Escalated to management.,813393,Figure 10: Comparison,Phone,Breaking: Partnership,Mix 1 cups rice with 1 tbsp oil.,id,2019-07-26T01:53:04Z,Mix 3 cups sugar with 2 tbsp butter.,loganmartin273,Not recommended.,New: Product Launch,Figure 13: Distribution,978-9-65057-839-9,Viewer,XXXX-XXXX-XXXX-9619,15812.98,Guten Tag,Lucas is a Data Analyst with 10 years of experience.,Average experience.,Flagged for review.,PermissionDenied: insufficient privileges,The service manages data processing activities.,field_a -> target_col,PII encrypted at rest,2021-06-25,43-78,ValueError: invalid literal for int(),tenant-037,Automated processing complete.,Quarterly Review 2020,dt=acme,Figure 7: Distribution,Flagged for review.,120.1,Step 2: Configure the service.,GET /api/users,New: Policy Change,Automated processing complete.,"1082 Park Blvd, Paris",Mary is a Data Analyst with 27 years of experience.,16.22,306 days,sarah_thompson,v1.2.62: Added support for API.,dt=acme,Williams,The service manages data processing activities.  The product monitors compliance records.,Updated: Partnership,false,needs-review,Great product!,Step 4: Deploy the module.,Figure 17: Overview,Not recommended.,completed,Flagged for review.,'',This paper presents a framework for anomaly detection.,Step 2: Initialize the pipeline.,Swiss Franc,IL,Connection timeout after 9999ms,web-4.staging.example.net,The service manages operational metrics.  The product monitors customer interactions.  The system represents customer interactions.,https://acme.org/docs,This paper presents a novel approach for anomaly detection.,10.1775/a801.21,The product monitors operational metrics.  The product represents data processing activities.  The service tracks transaction histories.,"monitoring, automation, compliance",The service represents customer interactions.  The customer account monitors operational metrics.  The customer account includes compliance records.,Breaking: Policy Change,Mix 2 cups rice with 2 tbsp oil.,2021-01-27 17:19:22,Mix 2 cups flour with 2 tbsp butter.,"security, cloud, data, reporting",Miller,2.14.78,Mix 3 cups flour with 1 tbsp oil.,Step 4: Verify the pipeline.,email,michael_clark,oliver.brown,Jennifer is a VP Engineering with 24 years of experience.
stable,0.4908,A formal definition of risk.,738.75,90551.51,SELECT * FROM users WHERE type = 'pending',[INFO] Batch 9226 completed,Mix 1 cups sugar with 2 tbsp water.,PA3721714,approved,Bonjour,Step 5: Initialize the module.,analytics.events,Bonjour,978-1-33485-327-1,[INFO] Health check passed,66.39,SELECT * FROM users WHERE type = '1',The system represents compliance records.  The customer account manages transaction histories.  The system tracks customer interactions.,Hola,"Global Solutions, Catalyst Ventures, Pacific Research Group, Meridian Health","analytics, data, security, scalability","$39,577",Escalated to management.,333167,Figure 20: Overview,Email,Breaking: Product Launch,Mix 1 cups sugar with 1 tbsp water.,name,2023-08-02 15:43:31,Mix 1 cups flour with 1 tbsp water.,robertjackson595,Great product!,Updated: Product Launch,Figure 4: Timeline,978-8-66863-938-0,Owner,6011-2179-9840-7504,91157.24,Hola,Olivia is a Sales Rep with 27 years of experience.,Needs improvement.,Automated processing complete.,ValueError: invalid literal for int(),The product tracks data processing activities.,input -> field_b,MFA required for admin,2023-02-23,19-62,ValueError: invalid literal for int(),tenant-009,Reviewed and approved.,Quarterly Report 2020,region=2024-01,Figure 10: Comparison,Needs follow-up next quarter.,900.57,Step 3: Deploy the service.,GET /api/users,New: Product Launch,Escalated to management.,"7252 Maple Dr, Berlin",Richard is a Product Manager with 12 years of experience.,5.522,248 days,susan_davis,v1.17.55: Fixed bug in caching.,dt=us-east,Johnson,The service manages operational metrics.  The product includes customer interactions.  The system represents transaction histories.  This record includes transaction histories.,Breaking: Policy Change,false,experimental,Excellent service.,Step 1: Configure the pipeline.,Figure 4: Timeline,Not recommended.,failed,Automated processing complete.,0,This paper presents a framework for data classification.,Step 1: Configure the module.,Euro,WA,Connection timeout after 6603ms,web-11.dev.acme.com,The product monitors operational metrics.  The system monitors transaction histories.  The customer account manages transaction histories.  This record monitors operational metrics.,https://api.service.com/users,This paper presents a novel approach for anomaly detection.,10.3016/s103.44,The service manages data processing activities.  The customer account monitors customer interactions.  The service tracks data processing activities.  The customer account includes transaction histories.,"scalability, data, reporting, performance, security",The customer account represents customer interactions.  This record tracks customer interactions.  This record includes compliance records.,Updated: Partnership,Mix 3 cups rice with 1 tbsp oil.,2019-01-23 03:14:17,Mix 1 cups flour with 2 tbsp oil.,"security, performance, analytics, integration",Williams,3.6.45,Mix 3 cups sugar with 2 tbsp water.,Step 4: Verify the system.,amount,william_jones,linda.garcia,Liam is a VP Engineering with 25 years of experience.
experimental,0.3161,A operational definition of compliance.,241.48,"$91,225.24",SELECT * FROM products WHERE type = '1',[ERROR] Connection established to 9259,Mix 1 cups rice with 2 tbsp butter.,MA1339338,approved,Bonjour,Step 1: Monitor the pipeline.,analytics.events,Namaste,978-0-90602-491-5,[WARN] Connection established to 3952,21.85,SELECT * FROM products WHERE type = 'pending',The service includes operational metrics.  The product manages customer interactions.  The customer account monitors compliance records.,Namaste,"DataCraft Inc, Global Solutions, Skyline Partners","data, compliance","$40,486",Updated per client request.,504506,Figure 16: Distribution,Email,New: Policy Change,Mix 3 cups flour with 1 tbsp oil.,amount,2018-12-18 17:09:18,Mix 3 cups sugar with 1 tbsp butter.,sophia.lee892,Great product!,Updated: Product Launch,Figure 16: Distribution,978-3-37751-305-6,Viewer,4078-9045-8403-1836,"$85,783.43",Guten Tag,Aiden is a Software Engineer with 9 years of experience.,Excellent service.,Needs follow-up next quarter.,ValueError: invalid literal for int(),The system represents customer interactions.,input -> field_b,PII encrypted at rest,2019-09-20,15-76,Connection timeout after 4151ms,tenant-032,Escalated to management.,Executive Review 2024,region=us-east,Figure 8: Overview,Reviewed and approved.,175.91,Step 1: Verify the system.,npm install,Breaking: Partnership,Reviewed and approved.,"8379 Park Blvd, Toronto",Michael is a Product Manager with 27 years of experience.,19.709,312 days,noah_jones,v0.20.19: Removed caching.,tenant=2024-01,Miller,The system tracks operational metrics.  The service manages data processing activities.  This record represents data processing activities.,Breaking: Partnership,false,deprecated,Needs improvement.,Step 5: Initialize the system.,Figure 4: Timeline,Excellent service.,inactive,Updated per client request.,1,This paper presents a novel approach for anomaly detection.,Step 5: Monitor the module.,British Pound,CO,PermissionDenied: insufficient privileges,app-1.staging.example.net,The product represents transaction histories.  The service monitors operational metrics.  The system manages operational metrics.,https://data.io/docs/data,This paper presents a novel approach for data classification.,10.9131/b601.8,The product represents operational metrics.  The customer account represents customer interactions.,"performance, security, integration, monitoring",The service tracks data processing activities.  The service includes customer interactions.  The service represents data processing activities.,New: Product Launch,Mix 2 cups sugar with 1 tbsp water.,2020-06-01T06:13:21Z,Mix 2 cups sugar with 1 tbsp water.,"scalability, cloud",Harris,0.4.22,Mix 2 cups flour with 1 tbsp water.,Step 1: Deploy the system.,type,mason_jackson,logan.martinez,John is a Sales Rep with 7 years of experience.
experimental,0.5484,A operational definition of data quality.,695.52,50984.72,SELECT * FROM products WHERE id = 'active',[ERROR] Request processed in 2446ms,Mix 2 cups rice with 1 tbsp oil.,GA7127278,needs-review,Guten Tag,Step 2: Configure the module.,sales.orders,Konnichiwa,978-0-96949-448-8,[INFO] Cache miss for key 1375,35.94,SELECT * FROM users WHERE status = 'active',The system monitors compliance records.  This record manages customer interactions.  The product represents customer interactions.,Namaste,"Meridian Health, Alpine Systems, Global Solutions","cloud, scalability, analytics","$39,065",Updated per client request.,914387,Figure 6: Distribution,Social Media,Breaking: Partnership,Mix 3 cups sugar with 2 tbsp water.,status,2025-07-12T10:59:04Z,Mix 1 cups flour with 1 tbsp water.,patriciawhite100,Great product!,Breaking: Policy Change,Figure 4: Timeline,978-5-39539-731-4,Admin,3739-2908-1670-5205,"$68,907.88",Guten Tag,David is a Designer with 30 years of experience.,Excellent service.,Needs follow-up next quarter.,HTTP 503 Service Unavailable,The customer account manages data processing activities.,input -> target_col,Data retained for 7 years,2020-08-12,28-73,NullPointerException at line 9292,tenant-013,Escalated to management.,Quarterly Summary 2022,tenant=us-east,Figure 11: Distribution,Needs follow-up next quarter.,238.62,Step 2: Monitor the pipeline.,GET /api/users,Breaking: Partnership,Pending verification.,"3517 Maple Dr, New York",Ethan is a Designer with 2 years of experience.,6.899,327 days,david_johnson,v5.10.71: Removed logging.,region=acme,Clark,The product includes operational metrics.  The customer account tracks data processing activities.  The service monitors transaction histories.,New: Policy Change,false,stable,Great product!,Step 4: Verify the system.,Figure 16: Distribution,Average experience.,active,Needs follow-up next quarter.,false,This paper presents a framework for data classification.,Step 1: Deploy the module.,Swiss Franc,WA,FileNotFoundError: 8053,web-8.staging.acme.com,The service tracks customer interactions.  The service includes operational metrics.,https://acme.org/data/data/v2,This paper presents an analysis for entity resolution.,10.8071/z915.30,This record represents compliance records.  This record manages data processing activities.  This record manages operational metrics.  The service monitors compliance records.,"automation, integration, reporting",The system manages operational metrics.  The system includes customer interactions.  The service monitors operational metrics.  The customer account represents transaction histories.,Breaking: Policy Change,Mix 2 cups sugar with 1 tbsp water.,2023-11-01 20:45:18,Mix 1 cups rice with 1 tbsp oil.,"performance, compliance, cloud, automation",Jackson,5.19.56,Mix 2 cups flour with 2 tbsp water.,Step 5: Initialize the system.,email,jessica_davis,sophia.white,Logan is a VP Engineering with 17 years of experience.
deprecated,0.399,A operational definition of data quality.,791.68,50947.04,SELECT * FROM products WHERE status = '1',[WARN] Request processed in 6967ms,Mix 3 cups rice with 2 tbsp oil.,FL9625487,deprecated,Konnichiwa,Step 2: Initialize the pipeline.,public.users,Hola,978-7-24451-946-5,[ERROR] Retry attempt 294 of 3,45.74,SELECT * FROM orders WHERE status = 'pending',The product includes operational metrics.  The customer account manages compliance records.  The system includes operational metrics.,Bonjour,"Pioneer Software, Quantum Dynamics","performance, integration, data, monitoring","$37,879",Updated per client request.,756480,Figure 7: Overview,Mobile,Updated: Partnership,Mix 2 cups flour with 1 tbsp oil.,type,2018-02-22 01:07:16,Mix 2 cups rice with 2 tbsp water.,michaelsmith906,Needs improvement.,Updated: Product Launch,Figure 13: Distribution,978-3-43755-449-9,Editor,6011-4440-5014-9646,4645.06,Hola,Patricia is a Software Engineer with 15 years of experience.,Excellent service.,Reviewed and approved.,PermissionDenied: insufficient privileges,The customer account includes compliance records.,source_col -> target_col,Data retained for 7 years,2019-05-04,35-71,Connection timeout after 6520ms,tenant-034,Reviewed and approved.,Quarterly Review 2021,dt=us-east,Figure 17: Overview,Resolved — no further action.,30.53,Step 2: Deploy the module.,npm install,Breaking: Policy Change,Reviewed and approved.,"4495 Maple Dr, Tokyo",David is a VP Engineering with 8 years of experience.,5.497,81 days,logan_young,v0.16.79: Removed API.,region=2024-01,Davis,The system includes customer interactions.  The customer account tracks customer interactions.,Updated: Product Launch,false,needs-review,Needs improvement.,Step 2: Deploy the system.,Figure 6: Overview,Needs improvement.,approved,Flagged for review.,0,This paper presents a framework for entity resolution.,Step 5: Configure the module.,Swiss Franc,CA,NullPointerException at line 3501,app-4.staging.example.net,The product tracks compliance records.  This record manages transaction histories.  The system represents data processing activities.  The customer account manages data processing activities.,https://example.com/v2,This paper presents a framework for entity resolution.,10.3487/z418.42,The service manages customer interactions.  The system tracks transaction histories.,"cloud, scalability, security",This record includes customer interactions.  This record tracks compliance records.  The service monitors compliance records.,New: Policy Change,Mix 1 cups rice with 1 tbsp water.,2023-07-23T22:30:48Z,Mix 3 cups rice with 1 tbsp oil.,"monitoring, scalability, automation, performance, data",Lee,0.15.15,Mix 3 cups flour with 2 tbsp water.,Step 3: Configure the system.,name,oliver_miller,emily.williams,Michael is a Data Analyst with 6 years of experience.
stable,0.3263,A systematic definition of data quality.,248.93,38931.17,SELECT * FROM orders WHERE id = '1',[DEBUG] Cache miss for key 3108,Mix 2 cups sugar with 1 tbsp oil.,MA8332299,stable,Guten Tag,Step 3: Deploy the service.,analytics.events,Namaste,978-2-63091-266-0,[ERROR] Batch 1150 completed,59.67,SELECT * FROM orders WHERE type = '1',The product tracks operational metrics.  The system monitors transaction histories.,Bonjour,"Quantum Dynamics, Global Solutions, Catalyst Ventures, TechCo Industries","monitoring, reporting, performance, cloud, scalability","$46,272",Flagged for review.,287241,Figure 1: Timeline,Social Media,Updated: Product Launch,Mix 2 cups sugar with 2 tbsp oil.,status,2026-09-12 20:16:13,Mix 2 cups rice with 2 tbsp oil.,jennifermartinez583,Average experience.,Breaking: Partnership,Figure 2: Comparison,978-1-10960-111-6,Owner,XXXX-XXXX-XXXX-8035,50504.73,Guten Tag,Emma is a Designer with 8 years of experience.,Needs improvement.,Escalated to management.,ValueError: invalid literal for int(),The system represents transaction histories.,field_a -> field_b,MFA required for admin,2024-12-03,39-70,Connection timeout after 5208ms,tenant-003,Pending verification.,Technical Summary 2020,region=acme,Figure 17: Overview,Reviewed and approved.,158.04,Step 3: Initialize the module.,GET /api/users,Updated: Partnership,Automated processing complete.,"7836 Main St, Chicago",Anna is a VP Engineering with 20 years of experience.,15.181,359 days,oliver_martinez,v0.18.2: Improved API.,tenant=2024-01,Thompson,The system tracks customer interactions.  The service manages compliance records.  The service represents data processing activities.,Breaking: Policy Change,true,needs-review,Great product!,Step 3: Initialize the pipeline.,Figure 11: Distribution,Average experience.,pending,Resolved — no further action.,null,This paper presents an analysis for data classification.,Step 4: Configure the service.,British Pound,PA,HTTP 503 Service Unavailable,cache-9.dev.acme.com,The service manages customer interactions.  The product includes customer interactions.  The service monitors customer interactions.,https://data.io/status,This paper presents a framework for data classification.,10.3417/l150.3,The service manages transaction histories.  The customer account manages data processing activities.,"scalability, data, integration, compliance",The service monitors data processing activities.  The service tracks transaction histories.,New: Partnership,Mix 1 cups rice with 2 tbsp butter.,2024-02-07 03:43:37,Mix 3 cups flour with 2 tbsp butter.,"reporting, performance, data, scalability",Miller,5.4.99,Mix 1 cups flour with 1 tbsp butter.,Step 3: Configure the pipeline.,id,richard_jones,oliver.martinez,Jessica is a Sales Rep with 25 years of experience.
needs-review,0.0773,A formal definition of risk.,461.1,37706.29,SELECT * FROM orders WHERE status = 'active',[INFO] Health check passed,Mix 3 cups sugar with 2 tbsp water.,TX7987540,high-priority,Konnichiwa,Step 3: Configure the service.,analytics.events,Bonjour,978-6-43304-340-5,[ERROR] Retry attempt 8852 of 3,45.45,SELECT * FROM products WHERE id = 'active',This record manages operational metrics.  The system represents data processing activities.  The service manages data processing activities.  This record monitors customer interactions.,Bonjour,"Vertex Technologies, Skyline Partners","cloud, reporting, automation, analytics, data","$39,327",Updated per client request.,159307,Figure 8: Overview,Web,Updated: Product Launch,Mix 1 cups sugar with 2 tbsp butter.,type,2019-12-03T10:50:07Z,Mix 2 cups sugar with 1 tbsp oil.,amywhite106,Average experience.,Updated: Product Launch,Figure 11: Comparison,978-3-44825-199-3,Guest,3710-0472-9185-9012,73813.24,Guten Tag,Amy is a Sales Rep with 7 years of experience.,Needs improvement.,Resolved — no further action.,HTTP 503 Service Unavailable,The product represents compliance records.,field_a -> target_col,PII encrypted at rest,2018-11-16,36-95,FileNotFoundError: 1624,tenant-038,Flagged for review.,Executive Review 2022,region=acme,Figure 20: Comparison,Automated processing complete.,932.93,Step 4: Configure the system.,kubectl apply,Updated: Policy Change,Escalated to management.,"5470 Pine Rd, San Francisco",Amy is a Sales Rep with 12 years of experience.,5.9,9 days,emily_rodriguez,v4.13.77: Fixed bug in API.,region=2024-01,Rodriguez,The customer account represents compliance records.  This record tracks compliance records.,New: Product Launch,false,high-priority,Needs improvement.,Step 1: Verify the system.,Figure 17: Comparison,Needs improvement.,completed,Pending verification.,null,This paper presents a framework for entity resolution.,Step 4: Initialize the module.,Euro,IL,PermissionDenied: insufficient privileges,web-14.prod.acme.com,The product manages transaction histories.  The product tracks transaction histories.  The customer account includes operational metrics.,https://data.io/v2/api/status,This paper presents a framework for data classification.,10.3543/q212.21,This record manages data processing activities.  The customer account manages customer interactions.,"analytics, performance, reporting",This record tracks operational metrics.  The service monitors transaction histories.  The service represents transaction histories.,Breaking: Product Launch,Mix 1 cups sugar with 2 tbsp oil.,2019-07-27T05:22:38Z,Mix 1 cups rice with 2 tbsp oil.,"compliance, data, monitoring, analytics, reporting",Williams,2.20.39,Mix 1 cups sugar with 1 tbsp water.,Step 5: Verify the module.,status,linda_wright,michael.harris,Ethan is a VP Engineering with 18 years of experience.
approved,0.1259,A operational definition of compliance.,353.46,"$86,177.00",SELECT * FROM products WHERE id = '1',[WARN] Request processed in 6845ms,Mix 3 cups rice with 2 tbsp oil.,NC6778340,needs-review,Hola,Step 4: Configure the module.,analytics.events,Guten Tag,978-2-77741-280-1,[INFO] Connection established to 2424,42.69,SELECT * FROM products WHERE id = 'pending',The system manages data processing activities.  The product tracks compliance records.,Namaste,"Pacific Research Group, Skyline Partners, Alpine Systems","performance, integration, analytics, security","$22,440",Updated per client request.,399687,Figure 19: Timeline,Social Media,New: Partnership,Mix 3 cups rice with 2 tbsp water.,created_at,2019-01-27T20:37:16Z,Mix 1 cups sugar with 2 tbsp butter.,william.clark923,Excellent service.,Breaking: Product Launch,Figure 18: Overview,978-0-59263-222-3,Editor,3749-7871-4898-2660,"$76,031.41",Guten Tag,Olivia is a Designer with 30 years of experience.,Average experience.,Flagged for review.,HTTP 503 Service Unavailable,The product includes compliance records.,field_a -> output,Data retained for 7 years,2024-03-01,50-67,Connection timeout after 2477ms,tenant-010,Updated per client request.,Executive Summary 2023,tenant=2024-01,Figure 19: Timeline,Updated per client request.,171.86,Step 1: Configure the pipeline.,docker run,Updated: Policy Change,Needs follow-up next quarter.,"5461 Cedar Ln, Denver",John is a VP Engineering with 19 years of experience.,8.644,109 days,mason_robinson,v3.11.84: Improved caching.,tenant=us-east,Wright,The customer account manages compliance records.  The customer account represents operational metrics.,Updated: Partnership,true,needs-review,Needs improvement.,Step 1: Verify the system.,Figure 11: Distribution,Not recommended.,pending,Escalated to management.,null,This paper presents an analysis for entity resolution.,Step 2: Verify the system.,Swiss Franc,CO,Connection timeout after 8719ms,db-9.staging.acme.com,The system manages customer interactions.  The product represents operational metrics.  The service represents customer interactions.,https://acme.org/users,This paper presents an analysis for data classification.,10.4175/q198.29,This record includes transaction histories.  The system tracks compliance records.  The service tracks transaction histories.,"security, reporting, scalability, compliance",The service tracks compliance records.  This record tracks transaction histories.  The system represents transaction histories.  The product monitors customer interactions.,Updated: Policy Change,Mix 1 cups sugar with 1 tbsp butter.,2020-11-09 11:48:35,Mix 3 cups rice with 2 tbsp oil.,"integration, data, security, performance, cloud",Anderson,5.7.47,Mix 1 cups rice with 1 tbsp butter.,Step 5: Monitor the system.,amount,michael_king,john.wright,Michael is a Data Analyst with 26 years of experience.
needs-review,0.0255,A formal definition of compliance.,214.75,941.74,SELECT * FROM products WHERE type = '1',[DEBUG] Cache miss for key 6500,Mix 1 cups sugar with 2 tbsp butter.,NY7547871,experimental,Konnichiwa,Step 4: Verify the module.,hr.employees,Guten Tag,978-6-58836-838-6,[ERROR] Retry attempt 4713 of 3,63.04,SELECT * FROM orders WHERE id = 'pending',The product monitors operational metrics.  The service tracks data processing activities.  The service manages transaction histories.,Namaste,"TechCo Industries, Acme Corp, Skyline Partners","compliance, cloud, reporting, performance","$42,636",Escalated to management.,365110,Figure 1: Timeline,Social Media,Breaking: Partnership,Mix 3 cups sugar with 2 tbsp oil.,status,2018-12-06T14:13:26Z,Mix 3 cups sugar with 1 tbsp butter.,oliviajohnson533,Needs improvement.,Updated: Partnership,Figure 1: Timeline,978-2-45720-796-8,Guest,3799-3285-4201-9492,"$57,058.22",Konnichiwa,David is a Product Manager with 18 years of experience.,Excellent service.,Automated processing complete.,Connection timeout after 2719ms,The product monitors compliance records.,field_a -> output,MFA required for admin,2020-06-05,35-59,PermissionDenied: insufficient privileges,tenant-041,Updated per client request.,Quarterly Review 2022,tenant=us-east,Figure 10: Distribution,Pending verification.,125.58,Step 5: Initialize the system.,docker run,New: Partnership,Pending verification.,"9997 Maple Dr, Seattle",Richard is a Designer with 19 years of experience.,5.643,290 days,john_wright,v4.19.80: Improved caching.,region=2024-01,Miller,The service includes data processing activities.  This record monitors customer interactions.  The customer account includes transaction histories.  The customer account represents operational metrics.,Updated: Product Launch,true,high-priority,Needs improvement.,Step 5: Monitor the service.,Figure 14: Timeline,Excellent service.,pending,Escalated to management.,1,This paper presents a framework for anomaly detection.,Step 5: Configure the service.,Euro,MA,NullPointerException at line 4262,db-12.prod.acme.com,The product tracks transaction histories.  This record represents customer interactions.  The service manages operational metrics.,https://example.com/users/v2,This paper presents a novel approach for entity resolution.,10.2463/d706.4,The service includes customer interactions.  The customer account manages data processing activities.  The service manages operational metrics.,"automation, reporting, cloud",The system includes operational metrics.  The service includes operational metrics.,Updated: Product Launch,Mix 3 cups rice with 2 tbsp water.,2025-11-06T07:20:30Z,Mix 3 cups flour with 1 tbsp water.,"scalability, monitoring, reporting, security, data",Thompson,0.8.82,Mix 3 cups rice with 2 tbsp oil.,Step 2: Deploy the service.,type,anna_clark,susan.jackson,Susan is a CTO with 29 years of experience.
approved,0.8046,A systematic definition of data quality.,596.39,23457.36,SELECT * FROM orders WHERE status = 'active',[INFO] Retry attempt 3830 of 3,Mix 2 cups rice with 1 tbsp water.,IL3223664,high-priority,Namaste,Step 5: Configure the pipeline.,sales.orders,Guten Tag,978-8-10672-662-4,[DEBUG] Request processed in 4392ms,27.2,SELECT * FROM orders WHERE type = 'active',The product manages customer interactions.  The product monitors customer interactions.  The system tracks compliance records.  The system monitors customer interactions.,Namaste,"Quantum Dynamics, Global Solutions, Acme Corp","monitoring, reporting, security","$25,561",Reviewed and approved.,757934,Figure 15: Distribution,Web,Updated: Policy Change,Mix 1 cups sugar with 2 tbsp butter.,email,2018-02-22T07:33:46Z,Mix 2 cups rice with 1 tbsp water.,liam_wright332,Not recommended.,New: Partnership,Figure 6: Distribution,978-1-42306-428-4,Admin,XXXX-XXXX-XXXX-5878,"$8,362.81",Bonjour,Olivia is a CTO with 21 years of experience.,Not recommended.,Automated processing complete.,Connection timeout after 6096ms,The system monitors customer interactions.,field_a -> field_b,PII encrypted at rest,2021-03-01,11-91,Connection timeout after 8828ms,tenant-033,Automated processing complete.,Executive Analysis 2026,tenant=acme,Figure 6: Timeline,Reviewed and approved.,208.76,Step 3: Deploy the module.,GET /api/users,Updated: Policy Change,Automated processing complete.,"5604 Oak Ave, Austin",Noah is a Product Manager with 11 years of experience.,9.796,101 days,noah_miller,v5.9.87: Fixed bug in caching.,tenant=2024-01,Robinson,The service monitors data processing activities.  The customer account tracks transaction histories.,New: Product Launch,true,stable,Great product!,Step 2: Monitor the system.,Figure 3: Comparison,Average experience.,inactive,Escalated to management.,'',This paper presents an analysis for entity resolution.,Step 2: Configure the service.,Swiss Franc,NY,PermissionDenied: insufficient privileges,web-12.staging.acme.com,This record includes data processing activities.  The service tracks customer interactions.,https://api.service.com/users,This paper presents an analysis for entity resolution.,10.7249/g272.14,The service monitors compliance records.  The service tracks customer interactions.,"cloud, reporting, monitoring, analytics",The product monitors operational metrics.  This record manages customer interactions.  The product monitors transaction histories.,Updated: Policy Change,Mix 3 cups rice with 1 tbsp oil.,2024-03-09 18:59:48,Mix 2 cups sugar with 1 tbsp oil.,"scalability, performance, reporting, automation, analytics",Jones,3.17.15,Mix 3 cups rice with 2 tbsp oil.,Step 4: Monitor the service.,name,elizabeth_davis,liam.anderson,Susan is a Software Engineer with 17 years of experience.
experimental,0.4543,A operational definition of compliance.,668.65,49895.37,SELECT * FROM orders WHERE type = 'pending',[INFO] Cache miss for key 4759,Mix 1 cups flour with 1 tbsp oil.,TX7535213,high-priority,Guten Tag,Step 4: Configure the service.,hr.employees,Bonjour,978-8-55606-653-5,[DEBUG] Cache miss for key 8561,72.21,SELECT * FROM products WHERE id = 'pending',This record tracks compliance records.  The product manages operational metrics.  The system includes transaction histories.,Hola,"Acme Corp, Alpine Systems, Skyline Partners, TechCo Industries","security, data, compliance","$1,101",Escalated to management.,930152,Figure 17: Comparison,Web,New: Policy Change,Mix 1 cups rice with 1 tbsp water.,created_at,2020-09-23 01:40:29,Mix 1 cups flour with 2 tbsp oil.,aiden.garcia285,Not recommended.,Updated: Policy Change,Figure 2: Distribution,978-7-42433-904-9,Owner,5193-2348-4568-2791,"$15,670.64",Hola,James is a Designer with 11 years of experience.,Excellent service.,Automated processing complete.,FileNotFoundError: 958,The service tracks operational metrics.,input -> field_b,MFA required for admin,2022-06-07,0-73,HTTP 503 Service Unavailable,tenant-019,Updated per client request.,Executive Report 2021,dt=2024-01,Figure 16: Timeline,Needs follow-up next quarter.,495.39,Step 5: Verify the system.,kubectl apply,Breaking: Product Launch,Automated processing complete.,"2329 Cedar Ln, Chicago",Richard is a Data Analyst with 11 years of experience.,19.508,222 days,sophia_lewis,v1.11.3: Added support for caching.,tenant=2024-01,Robinson,The system includes compliance records.  This record monitors customer interactions.  The customer account monitors customer interactions.,New: Policy Change,false,deprecated,Great product!,Step 4: Verify the system.,Figure 11: Timeline,Excellent service.,cancelled,Escalated to management.,CURRENT_TIMESTAMP,This paper presents an analysis for entity resolution.,Step 4: Verify the service.,Swiss Franc,CA,NullPointerException at line 8446,db-17.staging.example.net,This record monitors transaction histories.  The product includes customer interactions.,https://example.com/api,This paper presents an analysis for data classification.,10.4781/y355.35,The customer account represents customer interactions.  The service includes data processing activities.,"monitoring, analytics, performance, data, reporting",The system monitors customer interactions.  The service monitors transaction histories.  The service manages transaction histories.,Updated: Partnership,Mix 1 cups sugar with 2 tbsp oil.,2025-06-04 20:28:13,Mix 3 cups sugar with 2 tbsp water.,"cloud, scalability, data",Thomas,3.5.96,Mix 3 cups rice with 1 tbsp water.,Step 3: Monitor the service.,id,patricia_martin,elizabeth.davis,Patricia is a Product Manager with 16 years of experience.
deprecated,0.1035,A formal definition of compliance.,165.59,"$36,303.22",SELECT * FROM orders WHERE status = 'pending',[WARN] Batch 129 completed,Mix 2 cups sugar with 2 tbsp oil.,PA7142687,deprecated,Konnichiwa,Step 2: Monitor the module.,hr.employees,Namaste,978-3-91423-201-9,[INFO] Retry attempt 4984 of 3,13.71,SELECT * FROM orders WHERE status = 'active',The product includes data processing activities.  This record represents customer interactions.,Guten Tag,"Pacific Research Group, Catalyst Ventures, DataCraft Inc","security, scalability","$11,823",Automated processing complete.,420651,Figure 12: Distribution,In-Store,Breaking: Partnership,Mix 1 cups rice with 1 tbsp oil.,name,2020-10-11T03:26:44Z,Mix 1 cups sugar with 1 tbsp butter.,michael_thompson356,Needs improvement.,Breaking: Policy Change,Figure 10: Timeline,978-2-19456-655-0,Editor,4694-9009-4705-4457,"$47,948.12",Hola,Liam is a Designer with 15 years of experience.,Not recommended.,Resolved — no further action.,Connection timeout after 3420ms,The system includes transaction histories.,field_a -> field_b,PII encrypted at rest,2022-11-08,15-77,Connection timeout after 8734ms,tenant-024,Reviewed and approved.,Executive Summary 2021,dt=2024-01,Figure 14: Overview,Reviewed and approved.,657.21,Step 4: Initialize the pipeline.,POST /api/orders,Breaking: Policy Change,Updated per client request.,"1791 Pine Rd, Chicago",Logan is a Data Analyst with 25 years of experience.,2.2,224 days,aiden_rodriguez,v4.19.61: Improved logging.,tenant=2024-01,Thompson,The product includes customer interactions.  The service monitors transaction histories.  This record represents compliance records.  The customer account represents customer interactions.,New: Policy Change,false,stable,Excellent service.,Step 3: Configure the service.,Figure 8: Overview,Excellent service.,rejected,Flagged for review.,false,This paper presents a framework for anomaly detection.,Step 2: Configure the module.,British Pound,GA,PermissionDenied: insufficient privileges,app-7.dev.acme.com,The service manages operational metrics.  The customer account monitors data processing activities.  The system represents compliance records.  The service includes transaction histories.,https://api.service.com/api/data/docs,This paper presents an analysis for data classification.,10.2314/c658.21,The system represents operational metrics.  The system tracks data processing activities.  The customer account monitors transaction histories.,"automation, analytics, reporting",The product tracks compliance records.  The product tracks transaction histories.,New: Partnership,Mix 1 cups sugar with 2 tbsp water.,2025-02-09T02:42:05Z,Mix 3 cups rice with 1 tbsp water.,"compliance, scalability, data, monitoring",Thomas,1.5.99,Mix 2 cups sugar with 1 tbsp oil.,Step 2: Configure the service.,status,jennifer_smith,patricia.lewis,Olivia is a Software Engineer with 3 years of experience.
high-priority,0.4973,A formal definition of compliance.,751.75,"$64,859.71",SELECT * FROM users WHERE status = 'active',[WARN] Connection established to 4592,Mix 1 cups flour with 2 tbsp oil.,NY2398183,experimental,Konnichiwa,Step 1: Verify the system.,analytics.events,Bonjour,978-8-25537-273-5,[DEBUG] Cache miss for key 4370,3.2,SELECT * FROM orders WHERE status = '1',The service includes transaction histories.  This record includes transaction histories.  The system includes customer interactions.,Hola,"Global Solutions, Skyline Partners","scalability, cloud, automation","$15,661",Pending verification.,282789,Figure 7: Overview,In-Store,Updated: Partnership,Mix 3 cups rice with 1 tbsp butter.,amount,2022-06-25 09:28:56,Mix 2 cups flour with 1 tbsp oil.,aiden.thompson209,Great product!,Breaking: Partnership,Figure 4: Overview,978-4-61970-120-5,Admin,XXXX-XXXX-XXXX-3375,"$7,356.63",Konnichiwa,Emma is a VP Engineering with 10 years of experience.,Needs improvement.,Escalated to management.,Connection timeout after 861ms,The service represents data processing activities.,input -> output,PII encrypted at rest,2022-11-01,33-86,NullPointerException at line 7080,tenant-046,Automated processing complete.,Quarterly Review 2022,dt=2024-01,Figure 5: Timeline,Updated per client request.,263.05,Step 2: Monitor the service.,npm install,New: Partnership,Resolved — no further action.,"8906 Park Blvd, Chicago",Emily is a Sales Rep with 3 years of experience.,3.639,251 days,emily_wright,v5.14.27: Fixed bug in logging.,region=2024-01,Jones,The service monitors operational metrics.  This record includes transaction histories.,New: Product Launch,true,needs-review,Needs improvement.,Step 2: Verify the system.,Figure 19: Overview,Not recommended.,failed,Automated processing complete.,null,This paper presents an analysis for data classification.,Step 1: Verify the system.,Euro,WA,Connection timeout after 2445ms,db-8.prod.acme.com,The customer account represents customer interactions.  This record manages customer interactions.  The customer account tracks data processing activities.  The customer account includes data processing activities.,https://data.io/status/v2,This paper presents a novel approach for data classification.,10.9411/g587.37,The customer account includes customer interactions.  This record includes data processing activities.  The product manages operational metrics.  The customer account manages customer interactions.,"scalability, integration",The product includes compliance records.  The product represents data processing activities.  The service represents customer interactions.  The product includes customer interactions.,New: Policy Change,Mix 3 cups rice with 2 tbsp butter.,2026-12-24T10:32:35Z,Mix 2 cups rice with 1 tbsp oil.,"monitoring, reporting",Martin,2.11.0,Mix 1 cups sugar with 1 tbsp water.,Step 4: Monitor the service.,name,ethan_walker,amy.thomas,Logan is a Product Manager with 29 years of experience.
stable,0.0496,A operational definition of risk.,341.09,52136.03,SELECT * FROM products WHERE type = '1',[DEBUG] Health check passed,Mix 3 cups rice with 1 tbsp oil.,WA6756310,high-priority,Namaste,Step 1: Configure the module.,sales.orders,Namaste,978-2-78789-606-9,[ERROR] Request processed in 9679ms,92.46,SELECT * FROM users WHERE type = 'pending',This record represents data processing activities.  The system manages customer interactions.  The customer account tracks customer interactions.,Bonjour,"Catalyst Ventures, Quantum Dynamics, Meridian Health, Global Solutions","reporting, performance, scalability","$8,897",Resolved — no further action.,417573,Figure 12: Distribution,Phone,New: Partnership,Mix 2 cups sugar with 1 tbsp water.,type,2025-07-10 17:50:46,Mix 1 cups rice with 2 tbsp oil.,noahmoore504,Not recommended.,Updated: Product Launch,Figure 9: Overview,978-9-34494-288-5,Editor,3742-2557-5827-7701,"$20,696.62",Bonjour,Richard is a Designer with 19 years of experience.,Average experience.,Reviewed and approved.,NullPointerException at line 2835,The service tracks customer interactions.,source_col -> field_b,MFA required for admin,2026-06-14,18-63,FileNotFoundError: 4300,tenant-050,Escalated to management.,Quarterly Report 2022,region=acme,Figure 13: Overview,Needs follow-up next quarter.,553.69,Step 4: Configure the system.,POST /api/orders,New: Policy Change,Resolved — no further action.,"9387 Cedar Ln, Berlin",Linda is a VP Engineering with 1 years of experience.,2.163,304 days,michael_robinson,v4.15.85: Removed caching.,tenant=2024-01,Jones,The product represents operational metrics.  The customer account tracks compliance records.  This record monitors compliance records.  The product manages operational metrics.,New: Product Launch,false,approved,Needs improvement.,Step 1: Initialize the pipeline.,Figure 7: Timeline,Excellent service.,rejected,Escalated to management.,null,This paper presents a novel approach for anomaly detection.,Step 2: Monitor the service.,US Dollar,IL,PermissionDenied: insufficient privileges,app-15.dev.example.net,The system includes transaction histories.  The service monitors customer interactions.,https://acme.org/users/api/docs,This paper presents a framework for data classification.,10.3209/c693.22,The system manages customer interactions.  This record manages operational metrics.  The product represents data processing activities.  The system monitors data processing activities.,"performance, reporting, compliance, scalability, data",This record tracks compliance records.  The product represents transaction histories.,Breaking: Policy Change,Mix 1 cups flour with 2 tbsp water.,2025-04-03 09:47:50,Mix 2 cups sugar with 1 tbsp water.,"automation, security, scalability, integration",Moore,3.12.89,Mix 1 cups sugar with 1 tbsp water.,Step 2: Deploy the pipeline.,type,robert_brown,jennifer.white,John is a Product Manager with 1 years of experience.
stable,0.8308,A formal definition of compliance.,754.13,26524.13,SELECT * FROM products WHERE type = 'active',[ERROR] Connection established to 8373,Mix 2 cups flour with 2 tbsp oil.,NC4958846,high-priority,Hola,Step 2: Deploy the pipeline.,analytics.events,Namaste,978-4-54430-359-5,[DEBUG] Batch 4282 completed,0.67,SELECT * FROM users WHERE status = '1',The service manages compliance records.  The product tracks customer interactions.  The service monitors compliance records.,Guten Tag,"Alpine Systems, Global Solutions","monitoring, compliance","$43,825",Resolved — no further action.,501677,Figure 1: Timeline,Chat,Updated: Product Launch,Mix 3 cups sugar with 1 tbsp butter.,created_at,2019-07-02T02:28:33Z,Mix 3 cups flour with 1 tbsp oil.,davidwalker8,Great product!,Breaking: Product Launch,Figure 2: Comparison,978-5-51820-578-3,Admin,6011-6324-0717-2855,67870.43,Guten Tag,Liam is a Data Analyst with 1 years of experience.,Average experience.,Pending verification.,Connection timeout after 3193ms,The customer account tracks operational metrics.,field_a -> output,PII encrypted at rest,2023-12-21,35-78,PermissionDenied: insufficient privileges,tenant-016,Pending verification.,Quarterly Analysis 2023,region=acme,Figure 18: Distribution,Pending verification.,708.74,Step 4: Verify the system.,npm install,Breaking: Policy Change,Needs follow-up next quarter.,"2071 Park Blvd, Denver",John is a Data Analyst with 9 years of experience.,3.208,137 days,susan_miller,v0.14.46: Added support for logging.,region=acme,Miller,The system represents compliance records.  The customer account monitors transaction histories.,New: Policy Change,false,deprecated,Needs improvement.,Step 1: Initialize the service.,Figure 14: Comparison,Needs improvement.,approved,Flagged for review.,null,This paper presents an analysis for data classification.,Step 1: Initialize the pipeline.,British Pound,OH,FileNotFoundError: 4484,web-16.dev.acme.com,The customer account represents transaction histories.  The customer account represents data processing activities.  The customer account tracks transaction histories.  The product includes transaction histories.,https://acme.org/data,This paper presents a novel approach for data classification.,10.9819/u109.26,The customer account monitors transaction histories.  The service tracks operational metrics.  This record represents customer interactions.,"reporting, analytics, automation, performance",This record manages transaction histories.  The customer account manages transaction histories.  This record monitors data processing activities.  The service represents customer interactions.,Breaking: Product Launch,Mix 1 cups sugar with 1 tbsp water.,2024-10-17T22:50:12Z,Mix 2 cups sugar with 2 tbsp water.,"analytics, cloud",King,0.19.77,Mix 3 cups flour with 2 tbsp water.,Step 5: Configure the pipeline.,type,jessica_johnson,robert.robinson,Ethan is a Designer with 23 years of experience.
needs-review,0.8229,A operational definition of compliance.,632.79,"$42,349.03",SELECT * FROM products WHERE type = 'active',[DEBUG] Retry attempt 840 of 3,Mix 2 cups flour with 1 tbsp oil.,FL3969372,stable,Guten Tag,Step 3: Verify the service.,sales.orders,Guten Tag,978-3-34711-776-5,[WARN] Batch 558 completed,38.63,SELECT * FROM orders WHERE id = '1',This record tracks compliance records.  The system tracks transaction histories.,Guten Tag,"Meridian Health, Global Solutions","security, compliance, monitoring, analytics","$5,877",Flagged for review.,358706,Figure 20: Distribution,Mobile,Updated: Policy Change,Mix 3 cups rice with 1 tbsp oil.,amount,2022-08-07 05:00:05,Mix 1 cups flour with 1 tbsp oil.,aiden.davis440,Needs improvement.,Breaking: Partnership,Figure 20: Distribution,978-9-36888-259-5,Admin,XXXX-XXXX-XXXX-2712,"$46,237.43",Guten Tag,Richard is a CTO with 11 years of experience.,Not recommended.,Needs follow-up next quarter.,FileNotFoundError: 9011,This record represents compliance records.,input -> target_col,PII encrypted at rest,2024-07-19,29-74,ValueError: invalid literal for int(),tenant-015,Pending verification.,Quarterly Analysis 2023,dt=acme,Figure 7: Distribution,Resolved — no further action.,594.39,Step 1: Initialize the service.,POST /api/orders,Updated: Partnership,Reviewed and approved.,"9510 Oak Ave, Berlin",Amy is a Software Engineer with 28 years of experience.,6.249,173 days,emma_harris,v2.19.46: Added support for caching.,tenant=acme,Wright,The customer account represents data processing activities.  The service tracks customer interactions.  The customer account manages transaction histories.,New: Partnership,false,needs-review,Great product!,Step 2: Monitor the service.,Figure 13: Timeline,Not recommended.,pending,Resolved — no further action.,false,This paper presents a novel approach for anomaly detection.,Step 3: Monitor the pipeline.,Japanese Yen,NC,FileNotFoundError: 275,web-5.staging.example.net,The customer account manages transaction histories.  The service includes data processing activities.  The customer account represents transaction histories.  The product monitors customer interactions.,https://api.service.com/users/users,This paper presents an analysis for data classification.,10.8103/n333.2,The service tracks compliance records.  The system includes customer interactions.  The customer account manages compliance records.  The service represents compliance records.,"monitoring, automation",The service represents compliance records.  The product tracks customer interactions.,Breaking: Partnership,Mix 3 cups flour with 1 tbsp oil.,2020-07-19T12:14:25Z,Mix 1 cups sugar with 2 tbsp butter.,"automation, security, data, analytics",Martin,1.11.17,Mix 1 cups flour with 1 tbsp butter.,Step 3: Initialize the module.,email,emma_garcia,patricia.harris,Mason is a Data Analyst with 7 years of experience.
deprecated,0.902,A formal definition of data quality.,895.25,"$60,991.59",SELECT * FROM orders WHERE status = '1',[DEBUG] Request processed in 6257ms,Mix 1 cups flour with 2 tbsp water.,WA5722273,needs-review,Namaste,Step 5: Configure the pipeline.,public.users,Guten Tag,978-3-22915-216-3,[ERROR] Request processed in 2124ms,70.37,SELECT * FROM users WHERE id = '1',The service tracks compliance records.  The product tracks transaction histories.,Namaste,"DataCraft Inc, Beacon Analytics","integration, automation, security, data","$10,970",Escalated to management.,530880,Figure 11: Timeline,Web,Breaking: Product Launch,Mix 3 cups rice with 2 tbsp oil.,created_at,2019-12-14T03:54:33Z,Mix 3 cups rice with 1 tbsp oil.,sarah_miller796,Excellent service.,New: Policy Change,Figure 12: Comparison,978-7-25710-524-2,Guest,XXXX-XXXX-XXXX-5151,"$15,743.34",Hola,Amy is a Software Engineer with 8 years of experience.,Average experience.,Resolved — no further action.,Connection timeout after 6854ms,This record tracks data processing activities.,field_a -> target_col,PII encrypted at rest,2025-05-19,50-64,FileNotFoundError: 5125,tenant-043,Needs follow-up next quarter.,Quarterly Analysis 2025,tenant=acme,Figure 2: Comparison,Automated processing complete.,813.35,Step 2: Configure the module.,kubectl apply,New: Policy Change,Escalated to management.,"6829 Oak Ave, Austin",James is a Sales Rep with 21 years of experience.,13.282,235 days,michael_taylor,v4.3.82: Added support for logging.,tenant=acme,Miller,The product manages compliance records.  The product manages compliance records.  The product represents operational metrics.,New: Policy Change,true,stable,Average experience.,Step 1: Deploy the module.,Figure 14: Timeline,Needs improvement.,cancelled,Automated processing complete.,1,This paper presents a framework for entity resolution.,Step 1: Configure the service.,Euro,WA,ValueError: invalid literal for int(),db-1.staging.example.net,The service manages customer interactions.  The system manages operational metrics.,https://api.service.com/status/users/docs,This paper presents an analysis for entity resolution.,10.9128/g852.11,The service manages data processing activities.  The system includes compliance records.  The product tracks compliance records.  This record manages operational metrics.,"monitoring, security, cloud, analytics",The customer account includes transaction histories.  The service manages compliance records.  The product manages compliance records.,Breaking: Product Launch,Mix 1 cups rice with 1 tbsp oil.,2025-11-01T08:43:03Z,Mix 3 cups rice with 2 tbsp water.,"scalability, compliance, data",Young,4.11.1,Mix 2 cups flour with 2 tbsp water.,Step 2: Deploy the system.,type,ethan_anderson,olivia.brown,Jennifer is a Product Manager with 29 years of experience.
needs-review,0.153,A operational definition of compliance.,67.25,"$12,186.56",SELECT * FROM users WHERE id = 'pending',[INFO] Cache miss for key 5473,Mix 3 cups sugar with 1 tbsp oil.,MA4326201,high-priority,Bonjour,Step 3: Configure the pipeline.,hr.employees,Guten Tag,978-4-32457-921-2,[DEBUG] Health check passed,40.1,SELECT * FROM users WHERE id = 'pending',The service represents data processing activities.  The service includes customer interactions.,Bonjour,"Pacific Research Group, Catalyst Ventures, Meridian Health, Global Solutions","compliance, data, automation, scalability, security","$44,796",Needs follow-up next quarter.,804948,Figure 17: Comparison,Chat,Breaking: Policy Change,Mix 2 cups sugar with 1 tbsp oil.,email,2025-05-08 07:26:37,Mix 3 cups flour with 1 tbsp butter.,richard.martin168,Not recommended.,Breaking: Policy Change,Figure 4: Comparison,978-0-97707-758-9,Owner,XXXX-XXXX-XXXX-8250,83096.69,Guten Tag,Elizabeth is a Designer with 2 years of experience.,Great product!,Needs follow-up next quarter.,NullPointerException at line 5543,This record manages customer interactions.,source_col -> target_col,Data retained for 7 years,2025-06-16,19-69,HTTP 503 Service Unavailable,tenant-047,Needs follow-up next quarter.,Annual Summary 2023,region=acme,Figure 13: Distribution,Updated per client request.,925.86,Step 4: Initialize the module.,GET /api/users,Breaking: Policy Change,Escalated to management.,"1520 Maple Dr, Tokyo",Michael is a Software Engineer with 13 years of experience.,15.407,202 days,jessica_miller,v3.6.70: Fixed bug in authentication.,region=acme,Lee,The customer account monitors compliance records.  The system includes transaction histories.  This record manages transaction histories.  The product manages compliance records.,Breaking: Policy Change,false,deprecated,Great product!,Step 5: Initialize the system.,Figure 7: Comparison,Excellent service.,approved,Flagged for review.,false,This paper presents an analysis for data classification.,Step 5: Verify the module.,Japanese Yen,PA,Connection timeout after 9937ms,cache-12.prod.acme.com,The service represents operational metrics.  This record monitors compliance records.  This record monitors data processing activities.,https://acme.org/users/v2/data,This paper presents a novel approach for entity resolution.,10.6928/p675.2,The service includes compliance records.  The system tracks transaction histories.  The product monitors operational metrics.,"integration, scalability, security, reporting",The service tracks compliance records.  The service tracks customer interactions.,New: Policy Change,Mix 2 cups sugar with 2 tbsp butter.,2022-09-28T09:20:41Z,Mix 3 cups sugar with 1 tbsp water.,"compliance, cloud, data",Moore,1.19.26,Mix 1 cups flour with 2 tbsp water.,Step 4: Deploy the service.,status,olivia_miller,john.jones,Aiden is a Data Analyst with 17 years of experience.
deprecated,0.2892,A operational definition of risk.,571.78,46128.81,SELECT * FROM products WHERE status = 'pending',[WARN] Health check passed,Mix 2 cups flour with 1 tbsp butter.,TX1564728,deprecated,Konnichiwa,Step 1: Configure the module.,sales.orders,Konnichiwa,978-5-59607-135-4,[INFO] Request processed in 6990ms,41.24,SELECT * FROM users WHERE type = 'active',The service monitors compliance records.  The product represents data processing activities.  The system tracks transaction histories.,Bonjour,"Pioneer Software, Pacific Research Group, Skyline Partners","security, monitoring","$47,862",Needs follow-up next quarter.,351638,Figure 15: Distribution,Chat,Breaking: Product Launch,Mix 2 cups sugar with 2 tbsp butter.,status,2025-09-16 20:46:54,Mix 2 cups rice with 2 tbsp butter.,loganmoore325,Not recommended.,Updated: Product Launch,Figure 8: Overview,978-5-88594-102-8,Viewer,XXXX-XXXX-XXXX-9473,"$15,103.20",Konnichiwa,Noah is a Data Analyst with 6 years of experience.,Not recommended.,Flagged for review.,ValueError: invalid literal for int(),This record tracks transaction histories.,source_col -> output,Data retained for 7 years,2019-11-16,17-62,FileNotFoundError: 8904,tenant-036,Pending verification.,Annual Report 2021,dt=acme,Figure 9: Comparison,Escalated to management.,133.64,Step 2: Verify the system.,docker run,Breaking: Policy Change,Pending verification.,"401 Park Blvd, New York",Lucas is a Product Manager with 11 years of experience.,3.771,329 days,david_williams,v1.2.3: Fixed bug in logging.,dt=us-east,Davis,The product manages data processing activities.  This record represents data processing activities.  The customer account tracks transaction histories.,Updated: Product Launch,false,high-priority,Excellent service.,Step 5: Deploy the pipeline.,Figure 1: Overview,Excellent service.,active,Updated per client request.,1,This paper presents an analysis for entity resolution.,Step 2: Configure the system.,Japanese Yen,NC,ValueError: invalid literal for int(),app-20.dev.acme.com,The system includes customer interactions.  The product includes transaction histories.  The customer account represents compliance records.,https://acme.org/data,This paper presents a novel approach for data classification.,10.4739/j721.29,The customer account includes data processing activities.  The system tracks operational metrics.  This record manages operational metrics.  The service includes data processing activities.,"reporting, performance, security, compliance",The customer account manages compliance records.  The product manages data processing activities.  The system includes operational metrics.  The system monitors customer interactions.,Updated: Policy Change,Mix 3 cups flour with 2 tbsp butter.,2022-02-27 07:08:19,Mix 3 cups sugar with 2 tbsp butter.,"data, scalability, automation, monitoring, integration",Brown,5.18.26,Mix 2 cups rice with 1 tbsp oil.,Step 3: Monitor the system.,status,william_clark,robert.young,Amy is a VP Engineering with 9 years of experience.
high-priority,0.9763,A formal definition of compliance.,295.01,"$91,031.09",SELECT * FROM products WHERE status = 'active',[DEBUG] Health check passed,Mix 3 cups sugar with 1 tbsp butter.,MA4976740,approved,Hola,Step 1: Verify the module.,hr.employees,Guten Tag,978-1-77174-958-0,[INFO] Retry attempt 6471 of 3,14.9,SELECT * FROM users WHERE id = '1',This record represents operational metrics.  The customer account manages transaction histories.,Guten Tag,"Acme Corp, Meridian Health, Global Solutions, Skyline Partners, Pioneer Software","monitoring, performance, scalability","$21,264",Resolved — no further action.,601236,Figure 11: Timeline,Social Media,Updated: Partnership,Mix 1 cups flour with 1 tbsp butter.,amount,2026-02-23 16:14:54,Mix 2 cups flour with 1 tbsp butter.,jennifer.young827,Needs improvement.,Breaking: Partnership,Figure 13: Distribution,978-6-66414-598-5,Viewer,XXXX-XXXX-XXXX-7649,37853.98,Bonjour,John is a Sales Rep with 5 years of experience.,Excellent service.,Needs follow-up next quarter.,NullPointerException at line 3164,This record manages operational metrics.,source_col -> field_b,PII encrypted at rest,2024-12-28,2-87,Connection timeout after 2002ms,tenant-007,Automated processing complete.,Executive Review 2024,region=2024-01,Figure 9: Timeline,Escalated to management.,750.11,Step 1: Verify the module.,POST /api/orders,Breaking: Policy Change,Resolved — no further action.,"7665 Oak Ave, Atlanta",Emma is a CTO with 1 years of experience.,15.928,270 days,jessica_thompson,v4.17.22: Added support for authentication.,region=2024-01,Martin,The customer account monitors operational metrics.  The product tracks customer interactions.  The customer account monitors compliance records.  This record tracks compliance records.,New: Partnership,false,deprecated,Not recommended.,Step 2: Verify the system.,Figure 4: Overview,Excellent service.,completed,Pending verification.,false,This paper presents an analysis for entity resolution.,Step 1: Deploy the pipeline.,British Pound,MA,NullPointerException at line 6978,web-6.staging.example.net,The customer account monitors operational metrics.  The customer account manages data processing activities.,https://acme.org/users/api,This paper presents an analysis for entity resolution.,10.2392/q483.1,The system tracks customer interactions.  This record monitors data processing activities.  The system includes data processing activities.,"analytics, data, monitoring",The customer account includes data processing activities.  The customer account represents transaction histories.  This record manages transaction histories.,New: Policy Change,Mix 1 cups rice with 2 tbsp butter.,2024-01-01 00:58:19,Mix 1 cups sugar with 2 tbsp oil.,"security, analytics, automation",Johnson,1.5.66,Mix 2 cups flour with 1 tbsp oil.,Step 2: Verify the service.,name,richard_miller,william.lewis,Jennifer is a Sales Rep with 13 years of experience.
needs-review,0.2947,A systematic definition of compliance.,474.02,45467.24,SELECT * FROM orders WHERE status = 'active',[WARN] Batch 7510 completed,Mix 3 cups sugar with 2 tbsp water.,NC5866990,high-priority,Guten Tag,Step 1: Configure the pipeline.,analytics.events,Guten Tag,978-2-40628-503-9,[INFO] Retry attempt 7861 of 3,6.42,SELECT * FROM orders WHERE status = 'active',The product monitors transaction histories.  This record represents transaction histories.,Konnichiwa,"Meridian Health, Alpine Systems, Global Solutions, Quantum Dynamics","integration, analytics, monitoring","$43,671",Automated processing complete.,827,Figure 15: Timeline,Chat,Breaking: Partnership,Mix 1 cups sugar with 2 tbsp water.,name,2022-12-20 15:14:45,Mix 3 cups sugar with 1 tbsp oil.,marywalker170,Needs improvement.,New: Product Launch,Figure 6: Overview,978-8-71242-704-4,Viewer,3742-4501-1583-6754,93120.53,Bonjour,Mason is a VP Engineering with 20 years of experience.,Excellent service.,Escalated to management.,ValueError: invalid literal for int(),The product monitors operational metrics.,input -> target_col,PII encrypted at rest,2026-08-22,35-57,NullPointerException at line 854,tenant-027,Updated per client request.,Executive Review 2024,region=us-east,Figure 18: Overview,Reviewed and approved.,636.54,Step 1: Monitor the pipeline.,docker run,Breaking: Product Launch,Automated processing complete.,"5630 Main St, Phoenix",David is a Product Manager with 13 years of experience.,9.104,235 days,jennifer_martinez,v4.4.58: Added support for logging.,tenant=acme,Harris,This record monitors transaction histories.  The customer account monitors operational metrics.  This record represents customer interactions.  The service includes data processing activities.,Breaking: Product Launch,false,stable,Needs improvement.,Step 3: Configure the pipeline.,Figure 9: Comparison,Average experience.,failed,Escalated to management.,false,This paper presents a novel approach for data classification.,Step 1: Monitor the module.,US Dollar,GA,PermissionDenied: insufficient privileges,web-1.dev.acme.com,This record monitors transaction histories.  The product monitors data processing activities.  The product represents customer interactions.,https://data.io/status/v2/status,This paper presents an analysis for anomaly detection.,10.1126/v153.1,The product includes data processing activities.  This record includes transaction histories.,"analytics, security, automation",The customer account represents data processing activities.  The customer account represents compliance records.,Breaking: Partnership,Mix 2 cups rice with 1 tbsp oil.,2018-02-15 18:37:42,Mix 1 cups flour with 2 tbsp water.,"scalability, monitoring, data",Thompson,4.15.1,Mix 2 cups flour with 1 tbsp water.,Step 2: Deploy the service.,created_at,logan_lee,elizabeth.garcia,Harper is a Data Analyst with 23 years of experience.
approved,0.1368,A formal definition of compliance.,150.03,"$31,735.95",SELECT * FROM products WHERE type = 'active',[WARN] Request processed in 1983ms,Mix 3 cups sugar with 1 tbsp water.,IL3147052,experimental,Guten Tag,Step 3: Configure the system.,analytics.events,Guten Tag,978-0-14762-381-4,[DEBUG] Retry attempt 2983 of 3,8.01,SELECT * FROM orders WHERE type = '1',The system represents operational metrics.  The service includes operational metrics.  The product tracks customer interactions.,Hola,"Skyline Partners, Meridian Health, DataCraft Inc, TechCo Industries","compliance, monitoring, analytics, integration","$17,673",Escalated to management.,677779,Figure 17: Distribution,In-Store,Updated: Partnership,Mix 1 cups rice with 2 tbsp butter.,created_at,2026-12-16 11:20:16,Mix 3 cups flour with 2 tbsp water.,patricia.miller943,Not recommended.,New: Policy Change,Figure 3: Comparison,978-7-35024-391-1,Admin,XXXX-XXXX-XXXX-5064,54969.10,Namaste,Mary is a Designer with 26 years of experience.,Not recommended.,Escalated to management.,ValueError: invalid literal for int(),The system represents customer interactions.,source_col -> target_col,Data retained for 7 years,2025-10-08,47-92,ValueError: invalid literal for int(),tenant-045,Escalated to management.,Annual Report 2021,tenant=acme,Figure 4: Overview,Automated processing complete.,109.43,Step 5: Verify the pipeline.,docker run,Updated: Policy Change,Pending verification.,"9512 Oak Ave, Houston",Jessica is a CTO with 15 years of experience.,1.927,308 days,mason_lewis,v5.14.43: Improved API.,tenant=2024-01,White,The service includes operational metrics.  The service tracks compliance records.  This record monitors customer interactions.,Breaking: Product Launch,true,experimental,Needs improvement.,Step 4: Configure the system.,Figure 18: Comparison,Needs improvement.,completed,Reviewed and approved.,0,This paper presents an analysis for data classification.,Step 1: Verify the service.,US Dollar,CA,NullPointerException at line 3873,app-19.dev.acme.com,The customer account includes transaction histories.  The service includes transaction histories.  The service manages operational metrics.,https://data.io/data/data,This paper presents an analysis for anomaly detection.,10.8203/q276.32,The system manages data processing activities.  The system manages transaction histories.,"performance, compliance, security, data",This record tracks customer interactions.  This record tracks data processing activities.  This record manages customer interactions.,Updated: Policy Change,Mix 1 cups flour with 1 tbsp water.,2026-09-24 03:20:57,Mix 1 cups flour with 1 tbsp oil.,"integration, automation",Moore,0.6.61,Mix 3 cups flour with 1 tbsp butter.,Step 2: Configure the service.,amount,logan_walker,amy.smith,Susan is a CTO with 26 years of experience.
stable,0.1028,A systematic definition of data quality.,420.45,"$6,970.72",SELECT * FROM orders WHERE type = 'active',[ERROR] Cache miss for key 26,Mix 1 cups flour with 2 tbsp oil.,NY5822115,high-priority,Konnichiwa,Step 5: Initialize the system.,sales.orders,Namaste,978-4-61879-339-4,[INFO] Cache miss for key 9682,37.48,SELECT * FROM orders WHERE type = 'active',The service monitors customer interactions.  The customer account includes operational metrics.,Namaste,"Alpine Systems, Skyline Partners, Pioneer Software","compliance, performance","$1,842",Needs follow-up next quarter.,453776,Figure 2: Overview,Web,Updated: Partnership,Mix 3 cups sugar with 1 tbsp water.,id,2021-11-22 23:16:59,Mix 3 cups rice with 1 tbsp butter.,jennifermoore9,Not recommended.,Breaking: Policy Change,Figure 9: Overview,978-2-14569-931-0,Admin,4867-1417-6436-7817,852.73,Namaste,Olivia is a VP Engineering with 17 years of experience.,Excellent service.,Needs follow-up next quarter.,NullPointerException at line 7008,The service represents customer interactions.,field_a -> output,MFA required for admin,2024-06-15,25-69,HTTP 503 Service Unavailable,tenant-047,Escalated to management.,Quarterly Review 2022,region=acme,Figure 7: Comparison,Escalated to management.,806.3,Step 2: Deploy the module.,docker run,New: Partnership,Escalated to management.,"6690 Main St, Berlin",Anna is a CTO with 14 years of experience.,9.496,263 days,lucas_rodriguez,v4.17.30: Improved authentication.,region=acme,Lee,This record includes data processing activities.  The product manages operational metrics.  This record tracks compliance records.,New: Product Launch,false,deprecated,Needs improvement.,Step 3: Deploy the service.,Figure 12: Overview,Needs improvement.,rejected,Updated per client request.,0,This paper presents a novel approach for entity resolution.,Step 5: Configure the pipeline.,Euro,TX,NullPointerException at line 1094,cache-3.staging.acme.com,This record manages data processing activities.  This record includes customer interactions.  The service monitors operational metrics.,https://acme.org/status/v2,This paper presents a framework for anomaly detection.,10.6895/f754.34,The customer account includes transaction histories.  The product tracks operational metrics.  The system manages transaction histories.  The product monitors transaction histories.,"performance, analytics, data, scalability, security",The customer account manages operational metrics.  The service tracks data processing activities.  The product represents customer interactions.,Breaking: Policy Change,Mix 1 cups flour with 1 tbsp water.,2026-07-23 06:26:08,Mix 3 cups flour with 2 tbsp butter.,"security, analytics, reporting, monitoring",Martin,4.0.87,Mix 3 cups flour with 1 tbsp water.,Step 4: Initialize the system.,amount,liam_williams,david.williams,Linda is a Product Manager with 21 years of experience.
approved,0.9108,A formal definition of compliance.,297.64,"$45,900.27",SELECT * FROM products WHERE type = '1',[WARN] Cache miss for key 3773,Mix 3 cups rice with 2 tbsp butter.,NY7555347,approved,Namaste,Step 4: Initialize the pipeline.,sales.orders,Bonjour,978-6-43208-744-9,[DEBUG] Cache miss for key 7604,39.31,SELECT * FROM orders WHERE id = '1',The service represents customer interactions.  The product represents customer interactions.  The customer account monitors compliance records.,Hola,"Beacon Analytics, Global Solutions, Alpine Systems, TechCo Industries","reporting, security, data, monitoring, integration","$33,363",Needs follow-up next quarter.,830041,Figure 2: Comparison,Mobile,New: Policy Change,Mix 3 cups flour with 2 tbsp butter.,id,2021-11-19T19:48:42Z,Mix 3 cups sugar with 2 tbsp oil.,susan_martinez177,Average experience.,Breaking: Policy Change,Figure 20: Overview,978-7-21272-865-6,Editor,3764-1242-0804-5964,70332.44,Bonjour,Anna is a VP Engineering with 15 years of experience.,Great product!,Updated per client request.,Connection timeout after 2222ms,The product manages transaction histories.,input -> target_col,MFA required for admin,2026-02-07,49-91,ValueError: invalid literal for int(),tenant-042,Updated per client request.,Quarterly Analysis 2021,tenant=2024-01,Figure 4: Overview,Resolved — no further action.,332.02,Step 2: Configure the module.,GET /api/users,New: Policy Change,Updated per client request.,"2134 Pine Rd, Berlin",Logan is a VP Engineering with 29 years of experience.,17.799,328 days,john_king,v4.8.58: Removed caching.,dt=2024-01,Harris,The service monitors customer interactions.  The system manages data processing activities.  The service tracks data processing activities.  The customer account manages customer interactions.,Updated: Policy Change,true,approved,Needs improvement.,Step 2: Deploy the pipeline.,Figure 7: Comparison,Great product!,rejected,Reviewed and approved.,0,This paper presents an analysis for data classification.,Step 4: Initialize the pipeline.,Euro,NC,FileNotFoundError: 8511,api-12.dev.acme.com,The service tracks customer interactions.  The product manages compliance records.,https://acme.org/status/api/api,This paper presents a framework for entity resolution.,10.1474/p590.50,The product manages compliance records.  The customer account manages operational metrics.  The system monitors data processing activities.,"compliance, data",The system manages transaction histories.  The system monitors data processing activities.  This record manages customer interactions.,New: Partnership,Mix 2 cups rice with 1 tbsp oil.,2020-10-03 18:14:50,Mix 3 cups rice with 1 tbsp oil.,"scalability, monitoring, performance, cloud",Rodriguez,3.9.14,Mix 3 cups rice with 2 tbsp oil.,Step 5: Verify the system.,email,william_jackson,ethan.brown,Lucas is a Sales Rep with 15 years of experience.
approved,0.7878,A systematic definition of risk.,915.98,"$11,756.37",SELECT * FROM users WHERE id = 'pending',[INFO] Health check passed,Mix 3 cups sugar with 2 tbsp water.,WA8414428,high-priority,Guten Tag,Step 5: Monitor the system.,hr.employees,Guten Tag,978-5-36742-787-2,[WARN] Retry attempt 4721 of 3,13.0,SELECT * FROM products WHERE type = 'pending',The product represents data processing activities.  This record tracks compliance records.,Namaste,"Alpine Systems, Skyline Partners","performance, compliance","$15,145",Resolved — no further action.,736413,Figure 5: Timeline,Mobile,New: Partnership,Mix 3 cups sugar with 2 tbsp oil.,name,2019-12-16T23:15:00Z,Mix 1 cups flour with 2 tbsp oil.,ethan_miller560,Excellent service.,Updated: Policy Change,Figure 10: Distribution,978-4-73015-397-2,Guest,6011-7236-4964-5228,"$41,499.58",Hola,Susan is a Product Manager with 21 years of experience.,Excellent service.,Resolved — no further action.,HTTP 503 Service Unavailable,The product includes operational metrics.,field_a -> output,PII encrypted at rest,2025-04-03,30-77,PermissionDenied: insufficient privileges,tenant-017,Resolved — no further action.,Executive Analysis 2021,dt=2024-01,Figure 12: Overview,Needs follow-up next quarter.,473.44,Step 3: Verify the service.,GET /api/users,Updated: Product Launch,Pending verification.,"2252 Elm St, Miami",Richard is a Software Engineer with 12 years of experience.,13.244,365 days,mary_davis,v3.9.68: Fixed bug in logging.,dt=2024-01,Harris,The service manages compliance records.  The system monitors data processing activities.  This record monitors operational metrics.,New: Partnership,false,stable,Great product!,Step 2: Monitor the module.,Figure 11: Overview,Needs improvement.,approved,Needs follow-up next quarter.,null,This paper presents a novel approach for data classification.,Step 3: Initialize the service.,Japanese Yen,FL,Connection timeout after 9067ms,api-2.prod.acme.com,The service tracks compliance records.  The product tracks compliance records.,https://data.io/api,This paper presents a novel approach for entity resolution.,10.5624/k664.48,This record tracks customer interactions.  The product represents transaction histories.  The product represents transaction histories.  The customer account tracks transaction histories.,"monitoring, integration",The service includes data processing activities.  This record tracks operational metrics.  The product includes compliance records.,Updated: Product Launch,Mix 1 cups flour with 1 tbsp oil.,2026-04-09 19:57:07,Mix 3 cups rice with 1 tbsp butter.,"integration, compliance",Lee,1.8.53,Mix 1 cups sugar with 1 tbsp oil.,Step 5: Verify the pipeline.,created_at,patricia_young,amy.robinson,Robert is a Software Engineer with 1 years of experience.
approved,0.9957,A formal definition of risk.,658.31,189.75,SELECT * FROM users WHERE id = 'pending',[DEBUG] Health check passed,Mix 1 cups flour with 1 tbsp oil.,IL7887030,stable,Hola,Step 4: Configure the service.,hr.employees,Hola,978-0-95109-620-6,[ERROR] Batch 4443 completed,91.98,SELECT * FROM orders WHERE type = '1',The system includes customer interactions.  The customer account monitors compliance records.  The customer account monitors compliance records.,Konnichiwa,"Beacon Analytics, Global Solutions","automation, compliance","$46,383",Flagged for review.,455206,Figure 19: Overview,In-Store,Breaking: Partnership,Mix 1 cups flour with 2 tbsp water.,created_at,2021-04-23 07:05:04,Mix 1 cups sugar with 1 tbsp water.,sophiajohnson455,Great product!,Breaking: Product Launch,Figure 4: Timeline,978-0-30482-634-8,Guest,5448-4445-9182-3641,25275.69,Bonjour,Mason is a Sales Rep with 10 years of experience.,Not recommended.,Resolved — no further action.,ValueError: invalid literal for int(),This record tracks compliance records.,field_a -> output,Data retained for 7 years,2026-08-30,41-73,FileNotFoundError: 1451,tenant-043,Automated processing complete.,Quarterly Analysis 2026,tenant=us-east,Figure 19: Overview,Reviewed and approved.,550.3,Step 2: Monitor the module.,npm install,Breaking: Partnership,Updated per client request.,"1272 Oak Ave, Portland",Sophia is a VP Engineering with 20 years of experience.,17.418,226 days,linda_martinez,v2.0.24: Improved logging.,dt=2024-01,Lewis,The customer account includes operational metrics.  The service tracks compliance records.  The system manages operational metrics.,New: Product Launch,false,deprecated,Average experience.,Step 2: Verify the module.,Figure 1: Overview,Not recommended.,cancelled,Needs follow-up next quarter.,false,This paper presents a framework for data classification.,Step 5: Initialize the service.,Japanese Yen,OH,NullPointerException at line 6566,db-4.staging.example.net,The system manages data processing activities.  The system includes compliance records.  This record monitors operational metrics.,https://data.io/api/data,This paper presents a novel approach for entity resolution.,10.1366/q258.49,The service manages data processing activities.  The customer account includes data processing activities.,"security, monitoring, reporting, automation",The service monitors data processing activities.  This record represents transaction histories.,Breaking: Product Launch,Mix 1 cups flour with 2 tbsp water.,2025-10-24T21:07:41Z,Mix 2 cups sugar with 1 tbsp oil.,"scalability, reporting, security",Rodriguez,5.10.86,Mix 1 cups rice with 1 tbsp butter.,Step 3: Initialize the service.,created_at,elizabeth_miller,aiden.martinez,Harper is a Designer with 29 years of experience.
experimental,0.1852,A formal definition of compliance.,552.16,"$30,397.44",SELECT * FROM users WHERE id = 'active',[ERROR] Retry attempt 4197 of 3,Mix 1 cups flour with 2 tbsp oil.,WA3608663,experimental,Bonjour,Step 4: Configure the system.,sales.orders,Hola,978-4-67569-216-7,[ERROR] Batch 1300 completed,40.66,SELECT * FROM users WHERE id = 'pending',The service represents operational metrics.  This record manages operational metrics.  The service monitors transaction histories.  The service includes data processing activities.,Namaste,"Catalyst Ventures, Acme Corp, DataCraft Inc, Pacific Research Group, Skyline Partners","integration, compliance, scalability, cloud, performance","$39,154",Updated per client request.,637998,Figure 7: Comparison,Social Media,Breaking: Partnership,Mix 3 cups flour with 2 tbsp butter.,type,2022-09-24T00:35:43Z,Mix 1 cups sugar with 1 tbsp oil.,lucasjones539,Average experience.,Updated: Partnership,Figure 8: Comparison,978-6-25916-843-8,Admin,5401-3407-0109-3760,82370.47,Guten Tag,Emily is a Software Engineer with 14 years of experience.,Excellent service.,Needs follow-up next quarter.,ValueError: invalid literal for int(),The customer account represents operational metrics.,field_a -> output,MFA required for admin,2026-01-21,43-64,Connection timeout after 7677ms,tenant-035,Reviewed and approved.,Quarterly Summary 2024,region=us-east,Figure 6: Timeline,Updated per client request.,618.45,Step 5: Configure the pipeline.,POST /api/orders,Updated: Partnership,Needs follow-up next quarter.,"1502 Cedar Ln, Tokyo",Susan is a CTO with 17 years of experience.,18.098,330 days,oliver_davis,v0.14.72: Improved authentication.,region=acme,Davis,The system manages transaction histories.  The customer account includes operational metrics.  The product represents data processing activities.  The service includes compliance records.,Updated: Partnership,false,stable,Not recommended.,Step 4: Verify the service.,Figure 5: Distribution,Excellent service.,inactive,Resolved — no further action.,CURRENT_TIMESTAMP,This paper presents an analysis for data classification.,Step 1: Initialize the system.,British Pound,MA,FileNotFoundError: 2065,cache-7.dev.acme.com,The service monitors transaction histories.  This record represents data processing activities.,https://api.service.com/status,This paper presents an analysis for anomaly detection.,10.3128/c855.25,The customer account includes operational metrics.  The system tracks data processing activities.  The customer account manages customer interactions.  The product monitors compliance records.,"automation, compliance, monitoring",The product monitors data processing activities.  The service monitors data processing activities.,Breaking: Partnership,Mix 2 cups flour with 1 tbsp oil.,2019-06-25 03:52:17,Mix 2 cups rice with 2 tbsp oil.,"monitoring, reporting, cloud, data",Martinez,0.15.47,Mix 1 cups rice with 2 tbsp butter.,Step 5: Deploy the module.,amount,william_thomas,robert.jones,Ethan is a Sales Rep with 24 years of experience.
high-priority,0.0812,A formal definition of data quality.,273.22,25306.68,SELECT * FROM orders WHERE type = '1',[WARN] Connection established to 883,Mix 3 cups rice with 1 tbsp butter.,WA4896124,experimental,Namaste,Step 3: Initialize the pipeline.,analytics.events,Konnichiwa,978-9-53209-728-3,[WARN] Health check passed,34.97,SELECT * FROM orders WHERE type = '1',The product manages operational metrics.  This record manages transaction histories.  The system tracks transaction histories.  The customer account monitors customer interactions.,Konnichiwa,"Alpine Systems, Pioneer Software","compliance, integration, cloud","$4,907",Flagged for review.,897629,Figure 6: Timeline,Chat,Breaking: Partnership,Mix 3 cups rice with 2 tbsp butter.,email,2021-08-02 00:25:30,Mix 2 cups sugar with 1 tbsp butter.,elizabeth.young545,Average experience.,Updated: Policy Change,Figure 13: Timeline,978-3-95402-695-4,Viewer,XXXX-XXXX-XXXX-0246,"$99,424.32",Bonjour,Patricia is a Designer with 15 years of experience.,Not recommended.,Automated processing complete.,PermissionDenied: insufficient privileges,This record includes operational metrics.,field_a -> field_b,Data retained for 7 years,2020-05-12,5-99,HTTP 503 Service Unavailable,tenant-042,Escalated to management.,Quarterly Summary 2025,region=acme,Figure 15: Timeline,Reviewed and approved.,348.74,Step 2: Verify the system.,kubectl apply,Breaking: Policy Change,Escalated to management.,"6824 Park Blvd, Seattle",Anna is a Data Analyst with 26 years of experience.,14.256,350 days,patricia_martinez,v5.13.70: Fixed bug in API.,tenant=acme,Lewis,This record monitors customer interactions.  The system represents customer interactions.  The product tracks transaction histories.  This record represents customer interactions.,New: Partnership,false,deprecated,Not recommended.,Step 2: Initialize the pipeline.,Figure 16: Distribution,Average experience.,active,Flagged for review.,CURRENT_TIMESTAMP,This paper presents a framework for entity resolution.,Step 4: Initialize the module.,Euro,FL,Connection timeout after 4767ms,api-18.prod.example.net,The customer account includes customer interactions.  The system monitors customer interactions.  The system monitors customer interactions.,https://api.service.com/data/docs,This paper presents a framework for data classification.,10.7587/z576.22,The product tracks compliance records.  The system manages data processing activities.  The system manages customer interactions.,"integration, monitoring, compliance, cloud",This record represents transaction histories.  The customer account represents transaction histories.  The product represents operational metrics.  The service tracks operational metrics.,Breaking: Partnership,Mix 3 cups flour with 2 tbsp butter.,2026-05-28 12:49:55,Mix 1 cups rice with 1 tbsp water.,"security, performance, cloud, reporting, automation",Miller,4.18.43,Mix 2 cups sugar with 1 tbsp oil.,Step 4: Deploy the service.,name,oliver_moore,liam.garcia,Mary is a VP Engineering with 8 years of experience.
stable,0.6329,A formal definition of risk.,44.06,"$42,462.86",SELECT * FROM products WHERE status = 'pending',[ERROR] Health check passed,Mix 1 cups flour with 2 tbsp butter.,IL2530224,approved,Namaste,Step 1: Configure the pipeline.,hr.employees,Namaste,978-5-32530-134-3,[INFO] Request processed in 5509ms,35.79,SELECT * FROM users WHERE status = 'active',The product manages data processing activities.  The customer account includes transaction histories.,Bonjour,"Quantum Dynamics, Vertex Technologies, Skyline Partners, Pioneer Software","data, monitoring","$29,418",Pending verification.,218910,Figure 15: Comparison,Social Media,New: Partnership,Mix 3 cups flour with 1 tbsp oil.,name,2026-10-15T10:49:54Z,Mix 1 cups flour with 2 tbsp water.,michael_martin334,Needs improvement.,Updated: Partnership,Figure 15: Overview,978-1-22501-137-5,Viewer,3728-8304-1895-1553,60896.80,Hola,Elizabeth is a Designer with 27 years of experience.,Average experience.,Flagged for review.,PermissionDenied: insufficient privileges,This record manages data processing activities.,input -> target_col,MFA required for admin,2022-07-18,25-74,FileNotFoundError: 1792,tenant-036,Resolved — no further action.,Annual Review 2023,region=us-east,Figure 15: Overview,Resolved — no further action.,836.6,Step 1: Monitor the module.,kubectl apply,Breaking: Policy Change,Escalated to management.,"7287 Elm St, Berlin",Ethan is a VP Engineering with 28 years of experience.,1.759,223 days,aiden_robinson,v3.8.8: Removed API.,region=2024-01,Miller,The service represents data processing activities.  The service includes compliance records.  The service represents transaction histories.  The system includes customer interactions.,New: Product Launch,true,experimental,Great product!,Step 3: Deploy the service.,Figure 16: Distribution,Average experience.,failed,Automated processing complete.,0,This paper presents an analysis for entity resolution.,Step 4: Deploy the pipeline.,British Pound,FL,PermissionDenied: insufficient privileges,db-18.dev.acme.com,The customer account monitors operational metrics.  The service represents compliance records.,https://data.io/data,This paper presents a framework for data classification.,10.5957/f800.23,The product tracks compliance records.  This record manages customer interactions.  The system represents compliance records.  The service monitors compliance records.,"compliance, scalability, analytics, automation",This record includes compliance records.  The product includes operational metrics.,New: Policy Change,Mix 3 cups rice with 1 tbsp butter.,2025-03-14T11:59:47Z,Mix 2 cups flour with 1 tbsp oil.,"integration, performance",Wright,2.7.40,Mix 1 cups rice with 2 tbsp oil.,Step 4: Configure the module.,amount,susan_robinson,john.brown,David is a Product Manager with 3 years of experience.
needs-review,0.192,A systematic definition of compliance.,597.56,"$42,619.33",SELECT * FROM users WHERE type = 'active',[WARN] Retry attempt 509 of 3,Mix 1 cups sugar with 1 tbsp butter.,NC5368703,experimental,Guten Tag,Step 4: Initialize the module.,public.users,Guten Tag,978-0-72777-415-0,[DEBUG] Request processed in 3308ms,82.2,SELECT * FROM orders WHERE type = 'pending',The customer account represents data processing activities.  The product manages transaction histories.,Hola,"Pioneer Software, Global Solutions, Alpine Systems","data, integration","$7,685",Pending verification.,907565,Figure 7: Comparison,Phone,Breaking: Product Launch,Mix 1 cups sugar with 1 tbsp water.,id,2026-04-04T19:45:40Z,Mix 2 cups sugar with 2 tbsp water.,oliver.harris346,Not recommended.,Breaking: Product Launch,Figure 1: Distribution,978-9-12821-756-9,Admin,XXXX-XXXX-XXXX-5722,"$2,537.41",Konnichiwa,Jennifer is a VP Engineering with 24 years of experience.,Needs improvement.,Automated processing complete.,Connection timeout after 4329ms,This record manages compliance records.,input -> target_col,PII encrypted at rest,2026-07-28,22-98,ValueError: invalid literal for int(),tenant-039,Updated per client request.,Annual Report 2020,tenant=acme,Figure 17: Timeline,Resolved — no further action.,189.08,Step 5: Verify the service.,docker run,Breaking: Policy Change,Reviewed and approved.,"4584 Park Blvd, Portland",John is a Software Engineer with 3 years of experience.,3.821,2 days,linda_harris,v0.6.13: Added support for API.,region=acme,Walker,The system manages transaction histories.  This record manages customer interactions.,Breaking: Policy Change,false,needs-review,Needs improvement.,Step 3: Verify the system.,Figure 9: Distribution,Excellent service.,cancelled,Automated processing complete.,0,This paper presents an analysis for entity resolution.,Step 3: Verify the service.,British Pound,TX,Connection timeout after 4557ms,db-9.dev.acme.com,The service represents transaction histories.  This record represents operational metrics.  The system monitors operational metrics.,https://acme.org/api/data,This paper presents a novel approach for data classification.,10.2051/a615.30,The service tracks operational metrics.  The customer account monitors operational metrics.  This record monitors data processing activities.,"performance, automation",The service tracks compliance records.  The product represents operational metrics.  The system represents compliance records.  The system tracks operational metrics.,New: Product Launch,Mix 3 cups sugar with 1 tbsp water.,2020-02-22 19:06:14,Mix 3 cups flour with 1 tbsp butter.,"analytics, security, scalability",Wright,3.1.87,Mix 3 cups flour with 1 tbsp water.,Step 1: Deploy the module.,name,jessica_jackson,linda.martin,Logan is a Software Engineer with 12 years of experience.
approved,0.4316,A operational definition of compliance.,977.56,"$1,219.13",SELECT * FROM users WHERE status = '1',[ERROR] Connection established to 8425,Mix 2 cups flour with 2 tbsp oil.,CO3478037,stable,Konnichiwa,Step 2: Initialize the pipeline.,public.users,Hola,978-9-42194-734-8,[ERROR] Health check passed,14.44,SELECT * FROM products WHERE type = '1',The system includes operational metrics.  The product monitors customer interactions.  This record represents customer interactions.,Namaste,"Alpine Systems, Acme Corp","compliance, data","$34,542",Updated per client request.,725837,Figure 15: Distribution,Email,Breaking: Partnership,Mix 1 cups sugar with 2 tbsp butter.,email,2024-01-14T07:46:51Z,Mix 3 cups flour with 2 tbsp water.,lucas.lewis886,Average experience.,New: Policy Change,Figure 16: Overview,978-8-83579-693-1,Owner,4768-3122-8507-7414,"$49,345.20",Konnichiwa,Emma is a Data Analyst with 29 years of experience.,Not recommended.,Escalated to management.,PermissionDenied: insufficient privileges,This record monitors customer interactions.,input -> target_col,MFA required for admin,2019-11-09,30-60,PermissionDenied: insufficient privileges,tenant-019,Needs follow-up next quarter.,Annual Summary 2025,dt=2024-01,Figure 12: Timeline,Resolved — no further action.,861.58,Step 2: Verify the module.,kubectl apply,Updated: Policy Change,Escalated to management.,"1866 Maple Dr, Phoenix",Noah is a Designer with 27 years of experience.,9.302,265 days,logan_jones,v1.2.81: Added support for authentication.,dt=2024-01,Walker,The system monitors transaction histories.  The service includes operational metrics.  The customer account represents compliance records.,New: Policy Change,true,high-priority,Average experience.,Step 5: Configure the service.,Figure 18: Overview,Average experience.,approved,Automated processing complete.,CURRENT_TIMESTAMP,This paper presents an analysis for data classification.,Step 2: Monitor the service.,Euro,IL,Connection timeout after 7018ms,api-16.dev.example.net,The product monitors operational metrics.  The service manages compliance records.  This record represents data processing activities.  This record represents operational metrics.,https://data.io/api/data/users,This paper presents an analysis for anomaly detection.,10.3293/v130.49,The system manages transaction histories.  The customer account includes data processing activities.  The system represents customer interactions.,"security, integration, reporting",The system manages customer interactions.  The service represents transaction histories.  The customer account monitors compliance records.,New: Policy Change,Mix 3 cups sugar with 2 tbsp oil.,2019-02-20T07:51:50Z,Mix 3 cups sugar with 1 tbsp water.,"data, integration, security, cloud, compliance",Rodriguez,4.4.79,Mix 3 cups rice with 1 tbsp water.,Step 1: Deploy the system.,id,william_smith,james.rodriguez,Mary is a Data Analyst with 3 years of experience.
deprecated,0.9764,A operational definition of compliance.,794.74,32917.96,SELECT * FROM products WHERE status = 'active',[WARN] Connection established to 5288,Mix 1 cups flour with 2 tbsp oil.,CO8902996,needs-review,Namaste,Step 4: Configure the pipeline.,public.users,Namaste,978-5-96029-622-6,[INFO] Retry attempt 6616 of 3,1.75,SELECT * FROM orders WHERE id = 'pending',The product manages data processing activities.  The system includes data processing activities.  The service manages data processing activities.  The customer account represents operational metrics.,Konnichiwa,"Quantum Dynamics, Pioneer Software, Catalyst Ventures, Vertex Technologies, Meridian Health","scalability, reporting","$25,298",Escalated to management.,425181,Figure 9: Comparison,In-Store,New: Partnership,Mix 2 cups flour with 2 tbsp butter.,id,2019-03-04 17:46:53,Mix 2 cups sugar with 1 tbsp butter.,james_moore984,Needs improvement.,Updated: Partnership,Figure 12: Distribution,978-3-81407-268-5,Guest,4054-7569-2779-6529,"$83,190.59",Guten Tag,Noah is a Sales Rep with 17 years of experience.,Great product!,Automated processing complete.,PermissionDenied: insufficient privileges,The service monitors operational metrics.,input -> output,Data retained for 7 years,2026-08-09,37-85,HTTP 503 Service Unavailable,tenant-039,Reviewed and approved.,Executive Analysis 2024,region=acme,Figure 18: Timeline,Needs follow-up next quarter.,652.22,Step 1: Configure the system.,npm install,Breaking: Partnership,Reviewed and approved.,"2255 Cedar Ln, Portland",Sarah is a Sales Rep with 11 years of experience.,9.604,288 days,oliver_thomas,v2.9.11: Fixed bug in caching.,dt=us-east,Smith,The customer account includes operational metrics.  The customer account tracks compliance records.,New: Product Launch,false,approved,Average experience.,Step 1: Verify the module.,Figure 10: Distribution,Not recommended.,approved,Needs follow-up next quarter.,'',This paper presents an analysis for anomaly detection.,Step 3: Monitor the module.,Euro,TX,Connection timeout after 2239ms,cache-3.staging.example.net,The system includes data processing activities.  This record represents data processing activities.  The system manages transaction histories.,https://data.io/docs/docs,This paper presents a framework for data classification.,10.5774/w199.33,The service monitors data processing activities.  The customer account tracks data processing activities.  The system includes data processing activities.,"cloud, data, reporting, integration",The product manages compliance records.  The customer account tracks transaction histories.  The customer account tracks customer interactions.  The system includes data processing activities.,Breaking: Product Launch,Mix 2 cups rice with 1 tbsp water.,2024-08-28 21:13:57,Mix 2 cups sugar with 2 tbsp butter.,"analytics, performance, scalability, data",Moore,4.13.89,Mix 1 cups rice with 1 tbsp water.,Step 3: Initialize the module.,amount,lucas_jackson,susan.wright,Elizabeth is a Sales Rep with 11 years of experience.
deprecated,0.5325,A formal definition of data quality.,437.92,37173.14,SELECT * FROM orders WHERE id = '1',[DEBUG] Request processed in 2203ms,Mix 3 cups rice with 2 tbsp water.,NC3920049,experimental,Bonjour,Step 2: Configure the module.,sales.orders,Bonjour,978-0-47796-923-4,[INFO] Cache miss for key 1691,96.18,SELECT * FROM users WHERE type = 'active',The product includes compliance records.  The system represents operational metrics.  This record represents data processing activities.  The system tracks operational metrics.,Namaste,"Beacon Analytics, DataCraft Inc, Meridian Health","reporting, automation, security","$6,886",Reviewed and approved.,360329,Figure 3: Distribution,Chat,New: Policy Change,Mix 2 cups flour with 1 tbsp butter.,created_at,2021-03-15 09:06:13,Mix 3 cups sugar with 1 tbsp water.,william_walker616,Needs improvement.,Updated: Partnership,Figure 19: Distribution,978-6-45444-270-9,Admin,XXXX-XXXX-XXXX-3298,"$51,941.06",Konnichiwa,James is a Product Manager with 19 years of experience.,Average experience.,Updated per client request.,Connection timeout after 4978ms,This record monitors operational metrics.,source_col -> target_col,PII encrypted at rest,2025-03-12,23-86,Connection timeout after 6209ms,tenant-028,Reviewed and approved.,Executive Analysis 2021,region=us-east,Figure 7: Timeline,Escalated to management.,449.01,Step 4: Verify the service.,POST /api/orders,New: Product Launch,Needs follow-up next quarter.,"5273 Maple Dr, Portland",Emma is a VP Engineering with 4 years of experience.,19.54,152 days,mason_brown,v2.14.73: Added support for caching.,region=2024-01,Davis,The system represents transaction histories.  The system manages operational metrics.,Updated: Policy Change,false,stable,Average experience.,Step 2: Verify the system.,Figure 6: Distribution,Needs improvement.,inactive,Updated per client request.,'',This paper presents a novel approach for data classification.,Step 4: Verify the module.,British Pound,TX,ValueError: invalid literal for int(),app-4.staging.acme.com,The service includes transaction histories.  The system represents operational metrics.  The service tracks operational metrics.  The system tracks compliance records.,https://api.service.com/status,This paper presents a framework for anomaly detection.,10.7591/c622.14,The system includes transaction histories.  The product represents compliance records.  This record represents transaction histories.,"performance, cloud",The system monitors compliance records.  The product represents data processing activities.  This record tracks compliance records.  The product includes compliance records.,New: Partnership,Mix 1 cups flour with 2 tbsp butter.,2024-11-09 14:36:21,Mix 3 cups sugar with 2 tbsp water.,"data, automation",Jackson,5.18.87,Mix 1 cups sugar with 2 tbsp oil.,Step 2: Monitor the service.,id,oliver_thompson,liam.taylor,Noah is a VP Engineering with 5 years of experience.
stable,0.0577,A formal definition of risk.,372.52,"$48,214.97",SELECT * FROM orders WHERE status = '1',[DEBUG] Batch 4966 completed,Mix 2 cups flour with 2 tbsp oil.,NC6947411,needs-review,Hola,Step 4: Configure the service.,hr.employees,Bonjour,978-1-13842-681-0,[WARN] Request processed in 4748ms,72.47,SELECT * FROM orders WHERE status = 'pending',The product represents transaction histories.  The system tracks operational metrics.  The service includes transaction histories.,Bonjour,"Catalyst Ventures, Acme Corp, Global Solutions, Beacon Analytics","integration, analytics, monitoring","$27,124",Escalated to management.,87129,Figure 18: Timeline,Social Media,Breaking: Product Launch,Mix 1 cups rice with 1 tbsp oil.,created_at,2024-02-10 04:48:48,Mix 3 cups flour with 2 tbsp water.,mason_martinez288,Excellent service.,Breaking: Policy Change,Figure 7: Distribution,978-5-87146-126-9,Editor,5725-7761-5638-9646,85369.93,Guten Tag,Anna is a Product Manager with 17 years of experience.,Not recommended.,Escalated to management.,ValueError: invalid literal for int(),The customer account includes transaction histories.,field_a -> field_b,MFA required for admin,2024-01-04,7-59,Connection timeout after 1409ms,tenant-019,Needs follow-up next quarter.,Executive Review 2022,tenant=us-east,Figure 13: Timeline,Needs follow-up next quarter.,425.2,Step 1: Verify the system.,npm install,Updated: Policy Change,Escalated to management.,"9825 Pine Rd, Los Angeles",Mary is a Designer with 7 years of experience.,16.943,236 days,harper_smith,v3.3.44: Fixed bug in authentication.,tenant=2024-01,Martinez,The customer account manages data processing activities.  The system manages transaction histories.  The system manages transaction histories.,New: Policy Change,true,experimental,Average experience.,Step 3: Deploy the system.,Figure 14: Overview,Not recommended.,completed,Reviewed and approved.,null,This paper presents a novel approach for data classification.,Step 5: Deploy the module.,Japanese Yen,WA,NullPointerException at line 5282,web-5.staging.acme.com,The customer account manages compliance records.  The system represents transaction histories.,https://api.service.com/status,This paper presents a novel approach for data classification.,10.2673/a854.2,The customer account monitors customer interactions.  The system includes transaction histories.,"performance, monitoring, analytics, automation",The customer account tracks transaction histories.  The product monitors operational metrics.  The system represents customer interactions.,Updated: Partnership,Mix 2 cups rice with 1 tbsp butter.,2023-01-24 21:16:41,Mix 2 cups flour with 1 tbsp oil.,"performance, scalability",Harris,3.6.33,Mix 1 cups sugar with 1 tbsp water.,Step 3: Initialize the service.,id,noah_jones,patricia.thompson,Jennifer is a Product Manager with 24 years of experience.
deprecated,0.52,A formal definition of data quality.,547.14,"$68,448.60",SELECT * FROM orders WHERE id = 'active',[ERROR] Connection established to 2335,Mix 1 cups sugar with 1 tbsp butter.,PA6713120,deprecated,Namaste,Step 3: Monitor the pipeline.,sales.orders,Bonjour,978-4-94091-929-3,[INFO] Batch 9854 completed,64.55,SELECT * FROM products WHERE type = '1',The service monitors compliance records.  This record represents customer interactions.,Hola,"Quantum Dynamics, TechCo Industries, Global Solutions, Pioneer Software","cloud, scalability","$49,849",Escalated to management.,864386,Figure 20: Distribution,In-Store,Updated: Product Launch,Mix 2 cups rice with 2 tbsp butter.,created_at,2021-11-17 09:37:41,Mix 1 cups sugar with 1 tbsp oil.,aiden_walker464,Great product!,Updated: Product Launch,Figure 2: Distribution,978-6-73663-658-6,Editor,XXXX-XXXX-XXXX-9025,"$48,435.03",Konnichiwa,Michael is a Sales Rep with 23 years of experience.,Average experience.,Updated per client request.,NullPointerException at line 2562,The service includes transaction histories.,input -> target_col,MFA required for admin,2018-09-01,29-90,NullPointerException at line 5759,tenant-029,Pending verification.,Annual Summary 2023,region=acme,Figure 5: Distribution,Needs follow-up next quarter.,830.13,Step 3: Monitor the module.,POST /api/orders,New: Partnership,Automated processing complete.,"8994 Maple Dr, Los Angeles",Lucas is a VP Engineering with 2 years of experience.,19.891,158 days,john_davis,v3.14.79: Removed caching.,tenant=acme,Taylor,The service monitors transaction histories.  The system tracks transaction histories.  The customer account represents customer interactions.  The customer account monitors transaction histories.,New: Policy Change,false,deprecated,Needs improvement.,Step 5: Initialize the system.,Figure 6: Distribution,Needs improvement.,completed,Reviewed and approved.,null,This paper presents a novel approach for data classification.,Step 1: Configure the system.,Euro,CA,PermissionDenied: insufficient privileges,app-5.dev.example.net,The service manages customer interactions.  The customer account tracks operational metrics.,https://example.com/data/status,This paper presents a novel approach for anomaly detection.,10.9474/a723.14,The customer account includes data processing activities.  The service includes operational metrics.  The product tracks customer interactions.  The product includes compliance records.,"security, monitoring, analytics",The product tracks data processing activities.  The product represents customer interactions.  The product manages operational metrics.,Updated: Product Launch,Mix 3 cups rice with 1 tbsp butter.,2021-10-14T03:19:18Z,Mix 3 cups flour with 1 tbsp butter.,"monitoring, data",Anderson,2.8.52,Mix 1 cups flour with 1 tbsp oil.,Step 5: Deploy the service.,id,emma_smith,aiden.jones,Jessica is a Data Analyst with 24 years of experience.
experimental,0.2953,A systematic definition of risk.,810.07,28183.66,SELECT * FROM orders WHERE status = 'pending',[ERROR] Cache miss for key 6411,Mix 2 cups sugar with 2 tbsp butter.,IL2916149,deprecated,Namaste,Step 2: Initialize the service.,analytics.events,Konnichiwa,978-5-36428-226-2,[WARN] Cache miss for key 225,0.29,SELECT * FROM products WHERE type = '1',The product includes customer interactions.  The system manages data processing activities.,Namaste,"Pioneer Software, Pacific Research Group, Global Solutions","performance, monitoring, automation, scalability","$30,050",Resolved — no further action.,549263,Figure 2: Timeline,Social Media,New: Policy Change,Mix 1 cups flour with 1 tbsp oil.,id,2022-03-09T11:17:11Z,Mix 3 cups flour with 2 tbsp oil.,emily.jones86,Needs improvement.,New: Policy Change,Figure 2: Comparison,978-6-65057-601-4,Owner,3783-6433-6809-8517,80240.34,Hola,Harper is a Data Analyst with 11 years of experience.,Excellent service.,Reviewed and approved.,PermissionDenied: insufficient privileges,The system tracks compliance records.,field_a -> target_col,PII encrypted at rest,2025-06-19,3-78,Connection timeout after 7162ms,tenant-046,Reviewed and approved.,Annual Review 2025,tenant=2024-01,Figure 14: Comparison,Pending verification.,636.88,Step 5: Verify the system.,GET /api/users,Breaking: Policy Change,Reviewed and approved.,"2068 Maple Dr, Paris",Aiden is a Product Manager with 30 years of experience.,17.118,315 days,michael_jones,v0.15.93: Fixed bug in authentication.,dt=us-east,Thomas,This record includes customer interactions.  The service monitors operational metrics.  The system monitors data processing activities.  This record monitors data processing activities.,New: Policy Change,false,stable,Average experience.,Step 3: Deploy the pipeline.,Figure 14: Comparison,Not recommended.,rejected,Reviewed and approved.,CURRENT_TIMESTAMP,This paper presents an analysis for data classification.,Step 5: Deploy the pipeline.,Euro,MA,FileNotFoundError: 527,cache-9.dev.example.net,The product represents customer interactions.  The product monitors customer interactions.,https://acme.org/v2,This paper presents a framework for data classification.,10.3673/a445.10,The customer account represents data processing activities.  The system represents customer interactions.,"automation, cloud, scalability, performance, reporting",The product tracks compliance records.  The system represents customer interactions.,Breaking: Policy Change,Mix 3 cups sugar with 1 tbsp oil.,2019-09-18 17:53:30,Mix 1 cups rice with 1 tbsp oil.,"data, compliance, monitoring",Young,4.15.81,Mix 2 cups rice with 1 tbsp oil.,Step 2: Initialize the service.,name,amy_thomas,william.jones,Aiden is a Software Engineer with 15 years of experience.
high-priority,0.476,A formal definition of data quality.,970.89,47735.67,SELECT * FROM orders WHERE id = 'pending',[INFO] Connection established to 6649,Mix 1 cups flour with 1 tbsp water.,TX9414744,stable,Bonjour,Step 3: Verify the module.,sales.orders,Konnichiwa,978-6-24746-546-9,[INFO] Retry attempt 4577 of 3,60.78,SELECT * FROM orders WHERE id = 'pending',This record includes data processing activities.  The customer account manages customer interactions.  The customer account includes customer interactions.  The system includes customer interactions.,Konnichiwa,"Pacific Research Group, TechCo Industries","analytics, data, reporting, security, cloud","$2,919",Escalated to management.,562456,Figure 15: Timeline,Web,Updated: Partnership,Mix 1 cups rice with 2 tbsp oil.,email,2025-07-22 00:49:44,Mix 3 cups rice with 1 tbsp water.,john_lee999,Excellent service.,New: Partnership,Figure 4: Timeline,978-1-35890-418-5,Guest,4146-7725-6804-4458,99741.83,Konnichiwa,Lucas is a Software Engineer with 8 years of experience.,Great product!,Updated per client request.,ValueError: invalid literal for int(),This record represents data processing activities.,input -> output,PII encrypted at rest,2022-02-26,48-86,NullPointerException at line 6799,tenant-009,Escalated to management.,Annual Analysis 2021,dt=us-east,Figure 10: Comparison,Reviewed and approved.,885.3,Step 2: Configure the module.,kubectl apply,Breaking: Policy Change,Escalated to management.,"8728 Maple Dr, Los Angeles",James is a VP Engineering with 26 years of experience.,17.828,72 days,elizabeth_martinez,v4.15.37: Removed logging.,dt=us-east,Johnson,The system represents transaction histories.  The customer account tracks data processing activities.,Breaking: Product Launch,false,stable,Great product!,Step 1: Configure the pipeline.,Figure 16: Overview,Great product!,inactive,Escalated to management.,1,This paper presents a novel approach for entity resolution.,Step 3: Deploy the pipeline.,Japanese Yen,WA,Connection timeout after 2323ms,cache-13.prod.acme.com,The system represents data processing activities.  The customer account manages data processing activities.  The system manages data processing activities.,https://api.service.com/users/api,This paper presents a novel approach for anomaly detection.,10.9878/a979.17,This record manages operational metrics.  The system includes operational metrics.  This record monitors transaction histories.,"cloud, integration, compliance, reporting",The service represents customer interactions.  The customer account tracks operational metrics.,New: Policy Change,Mix 3 cups flour with 2 tbsp butter.,2018-06-07T16:32:17Z,Mix 1 cups flour with 2 tbsp butter.,"monitoring, performance, automation, reporting, data",Johnson,0.17.66,Mix 2 cups flour with 1 tbsp oil.,Step 5: Monitor the service.,created_at,sophia_taylor,elizabeth.taylor,Patricia is a Software Engineer with 18 years of experience.
experimental,0.997,A systematic definition of risk.,823.56,"$48,955.10",SELECT * FROM products WHERE id = 'pending',[INFO] Connection established to 5629,Mix 2 cups rice with 1 tbsp butter.,CA1113925,stable,Hola,Step 3: Configure the pipeline.,analytics.events,Bonjour,978-5-29483-697-0,[ERROR] Cache miss for key 9656,85.69,SELECT * FROM products WHERE type = '1',This record tracks transaction histories.  The system represents data processing activities.  The product includes customer interactions.  The system includes compliance records.,Namaste,"Beacon Analytics, TechCo Industries, Meridian Health, Alpine Systems","security, analytics, data","$36,234",Automated processing complete.,144632,Figure 12: Distribution,Email,New: Product Launch,Mix 2 cups rice with 1 tbsp oil.,created_at,2022-09-02 05:22:25,Mix 2 cups flour with 1 tbsp oil.,oliverthomas274,Excellent service.,Updated: Partnership,Figure 7: Distribution,978-2-46518-647-5,Owner,XXXX-XXXX-XXXX-5692,51203.18,Hola,Sarah is a Designer with 12 years of experience.,Excellent service.,Needs follow-up next quarter.,ValueError: invalid literal for int(),The service tracks data processing activities.,input -> field_b,Data retained for 7 years,2025-11-10,39-83,NullPointerException at line 7972,tenant-042,Reviewed and approved.,Executive Review 2021,region=acme,Figure 19: Timeline,Flagged for review.,190.3,Step 1: Monitor the module.,GET /api/users,Updated: Product Launch,Pending verification.,"7900 Park Blvd, Tokyo",Linda is a VP Engineering with 21 years of experience.,5.003,13 days,olivia_robinson,v2.12.70: Added support for authentication.,dt=us-east,Williams,The customer account tracks customer interactions.  This record manages operational metrics.  The service tracks compliance records.  The product tracks operational metrics.,New: Product Launch,false,approved,Not recommended.,Step 2: Monitor the service.,Figure 16: Timeline,Great product!,completed,Automated processing complete.,CURRENT_TIMESTAMP,This paper presents an analysis for data classification.,Step 3: Monitor the system.,US Dollar,GA,HTTP 503 Service Unavailable,db-17.prod.example.net,The system tracks compliance records.  The customer account manages compliance records.  The customer account includes customer interactions.,https://api.service.com/data/status,This paper presents a framework for data classification.,10.7071/c322.20,The customer account manages data processing activities.  The system tracks operational metrics.  The product tracks operational metrics.  The product manages transaction histories.,"cloud, monitoring, automation, reporting",The system monitors customer interactions.  The service represents transaction histories.  The system manages compliance records.,New: Policy Change,Mix 1 cups flour with 2 tbsp butter.,2024-07-03 08:57:33,Mix 2 cups rice with 2 tbsp butter.,"data, integration, reporting",Wright,5.16.69,Mix 1 cups rice with 2 tbsp butter.,Step 5: Deploy the service.,email,anna_martin,robert.smith,Jessica is a CTO with 1 years of experience.
deprecated,0.4945,A systematic definition of data quality.,76.93,"$70,222.12",SELECT * FROM orders WHERE status = 'pending',[DEBUG] Connection established to 4874,Mix 1 cups flour with 2 tbsp water.,WA9202236,stable,Bonjour,Step 3: Initialize the service.,sales.orders,Guten Tag,978-0-84392-342-3,[WARN] Retry attempt 4362 of 3,85.22,SELECT * FROM users WHERE type = 'active',The product includes data processing activities.  The customer account represents compliance records.,Guten Tag,"Pioneer Software, Skyline Partners, Vertex Technologies, Global Solutions, DataCraft Inc","cloud, analytics","$24,310",Pending verification.,883347,Figure 1: Overview,Chat,New: Policy Change,Mix 1 cups rice with 2 tbsp butter.,email,2024-07-21 06:14:01,Mix 2 cups flour with 1 tbsp butter.,oliver.thomas676,Excellent service.,Breaking: Policy Change,Figure 17: Distribution,978-8-87170-241-7,Viewer,5399-0837-0026-0173,"$77,931.63",Namaste,Logan is a Designer with 11 years of experience.,Great product!,Resolved — no further action.,ValueError: invalid literal for int(),The service includes operational metrics.,source_col -> target_col,Data retained for 7 years,2018-07-25,39-86,HTTP 503 Service Unavailable,tenant-049,Escalated to management.,Annual Report 2024,dt=us-east,Figure 18: Comparison,Resolved — no further action.,494.66,Step 3: Verify the pipeline.,kubectl apply,New: Policy Change,Resolved — no further action.,"9538 Main St, Austin",Amy is a Sales Rep with 2 years of experience.,7.951,233 days,robert_robinson,v1.18.21: Removed authentication.,region=2024-01,Rodriguez,The service represents transaction histories.  The customer account monitors compliance records.,Breaking: Product Launch,true,high-priority,Average experience.,Step 1: Monitor the pipeline.,Figure 1: Comparison,Not recommended.,active,Resolved — no further action.,0,This paper presents a framework for anomaly detection.,Step 2: Deploy the pipeline.,Japanese Yen,WA,HTTP 503 Service Unavailable,web-16.prod.acme.com,The customer account includes transaction histories.  The customer account represents compliance records.  The customer account tracks customer interactions.,https://acme.org/api/v2,This paper presents a framework for anomaly detection.,10.7907/r882.27,The customer account manages compliance records.  The product monitors operational metrics.,"automation, analytics",The service tracks compliance records.  The service represents customer interactions.  The system monitors data processing activities.  The system manages customer interactions.,Updated: Partnership,Mix 2 cups flour with 2 tbsp butter.,2024-09-08T17:07:34Z,Mix 2 cups flour with 2 tbsp butter.,"scalability, performance, security, data",Johnson,4.0.37,Mix 1 cups sugar with 2 tbsp water.,Step 5: Monitor the service.,name,richard_robinson,amy.clark,Amy is a CTO with 6 years of experience.
approved,0.7295,A operational definition of risk.,757.17,"$99,741.30",SELECT * FROM users WHERE status = 'pending',[DEBUG] Connection established to 5198,Mix 3 cups sugar with 1 tbsp oil.,IL7641804,needs-review,Konnichiwa,Step 5: Deploy the pipeline.,analytics.events,Namaste,978-1-11197-845-7,[ERROR] Batch 7040 completed,8.33,SELECT * FROM users WHERE type = '1',The customer account manages transaction histories.  The system represents customer interactions.  This record manages transaction histories.,Guten Tag,"Skyline Partners, Global Solutions","analytics, performance, data, automation, monitoring","$48,239",Needs follow-up next quarter.,494579,Figure 4: Distribution,Social Media,Updated: Product Launch,Mix 1 cups flour with 1 tbsp butter.,amount,2019-01-27T04:02:27Z,Mix 3 cups sugar with 2 tbsp water.,linda_king539,Needs improvement.,New: Partnership,Figure 8: Timeline,978-9-50521-923-1,Admin,XXXX-XXXX-XXXX-8654,12658.94,Konnichiwa,Jennifer is a CTO with 20 years of experience.,Not recommended.,Needs follow-up next quarter.,Connection timeout after 7188ms,The product includes transaction histories.,field_a -> output,Data retained for 7 years,2018-02-27,33-98,Connection timeout after 6952ms,tenant-006,Automated processing complete.,Annual Summary 2021,dt=us-east,Figure 8: Timeline,Automated processing complete.,71.9,Step 1: Verify the pipeline.,POST /api/orders,Updated: Partnership,Escalated to management.,"3049 Elm St, Seattle",Mary is a Product Manager with 16 years of experience.,2.297,333 days,sophia_young,v1.17.15: Fixed bug in API.,region=us-east,Lee,The customer account monitors transaction histories.  The customer account monitors compliance records.,New: Product Launch,false,experimental,Excellent service.,Step 2: Initialize the module.,Figure 20: Distribution,Average experience.,failed,Flagged for review.,1,This paper presents a novel approach for entity resolution.,Step 3: Initialize the service.,Euro,OH,NullPointerException at line 9863,api-10.staging.acme.com,The system tracks data processing activities.  The system manages compliance records.  The service represents customer interactions.,https://data.io/data/v2/docs,This paper presents a novel approach for entity resolution.,10.7810/l260.9,The product tracks data processing activities.  The customer account monitors data processing activities.,"monitoring, analytics",The product represents operational metrics.  The product monitors transaction histories.,New: Product Launch,Mix 2 cups flour with 2 tbsp butter.,2025-02-28 17:48:56,Mix 1 cups sugar with 2 tbsp butter.,"cloud, integration, monitoring, performance, security",Smith,3.13.12,Mix 1 cups flour with 1 tbsp butter.,Step 3: Monitor the module.,status,amy_miller,sophia.jackson,Anna is a Software Engineer with 6 years of experience.
high-priority,0.9996,A operational definition of compliance.,791.57,"$55,864.72",SELECT * FROM orders WHERE status = 'pending',[ERROR] Cache miss for key 1916,Mix 2 cups flour with 2 tbsp oil.,CO1821008,needs-review,Konnichiwa,Step 4: Deploy the module.,analytics.events,Bonjour,978-3-96991-727-8,[ERROR] Request processed in 9244ms,5.13,SELECT * FROM users WHERE status = 'active',The service includes data processing activities.  The system manages customer interactions.  The system manages operational metrics.  The product includes data processing activities.,Konnichiwa,"Acme Corp, Vertex Technologies, Alpine Systems, Meridian Health","cloud, performance, analytics","$24,567",Resolved — no further action.,689020,Figure 5: Comparison,Chat,Updated: Policy Change,Mix 3 cups flour with 2 tbsp water.,email,2022-11-14T23:16:07Z,Mix 1 cups rice with 2 tbsp oil.,davidanderson914,Average experience.,Updated: Partnership,Figure 7: Overview,978-8-89559-115-9,Editor,6011-3334-0349-7485,98228.81,Konnichiwa,Logan is a CTO with 12 years of experience.,Excellent service.,Pending verification.,FileNotFoundError: 8984,The service includes operational metrics.,field_a -> output,MFA required for admin,2020-02-01,29-87,PermissionDenied: insufficient privileges,tenant-024,Updated per client request.,Annual Summary 2022,region=us-east,Figure 14: Comparison,Pending verification.,390.17,Step 1: Configure the module.,POST /api/orders,Updated: Product Launch,Reviewed and approved.,"4365 Main St, Denver",Lucas is a Sales Rep with 18 years of experience.,9.114,19 days,harper_clark,v1.4.39: Fixed bug in logging.,tenant=2024-01,Brown,This record includes transaction histories.  The system tracks compliance records.  The customer account includes transaction histories.,Breaking: Partnership,false,high-priority,Great product!,Step 3: Verify the service.,Figure 14: Timeline,Great product!,failed,Resolved — no further action.,CURRENT_TIMESTAMP,This paper presents a framework for anomaly detection.,Step 4: Initialize the module.,US Dollar,GA,ValueError: invalid literal for int(),web-9.prod.example.net,The system tracks transaction histories.  This record manages operational metrics.  The product includes operational metrics.  The customer account includes compliance records.,https://data.io/docs/v2,This paper presents a novel approach for data classification.,10.3056/p161.6,The system represents data processing activities.  The service represents transaction histories.  This record includes operational metrics.,"scalability, security, automation, monitoring",The service tracks customer interactions.  The system manages operational metrics.,Updated: Partnership,Mix 3 cups flour with 1 tbsp butter.,2024-06-20 02:33:57,Mix 1 cups rice with 2 tbsp water.,"cloud, compliance, integration, scalability, performance",Wright,0.2.17,Mix 1 cups flour with 1 tbsp oil.,Step 1: Verify the module.,type,richard_anderson,anna.anderson,Sarah is a Designer with 13 years of experience.
needs-review,0.2237,A systematic definition of risk.,199.22,"$48,974.59",SELECT * FROM orders WHERE status = '1',[WARN] Retry attempt 7494 of 3,Mix 1 cups flour with 1 tbsp oil.,OH4008858,high-priority,Namaste,Step 3: Configure the module.,sales.orders,Namaste,978-3-61705-420-4,[DEBUG] Retry attempt 3896 of 3,41.83,SELECT * FROM users WHERE status = 'active',The product tracks data processing activities.  The product manages transaction histories.,Bonjour,"Skyline Partners, Vertex Technologies, DataCraft Inc, Alpine Systems, Pacific Research Group","monitoring, compliance","$23,977",Resolved — no further action.,531230,Figure 2: Comparison,In-Store,Updated: Partnership,Mix 2 cups rice with 1 tbsp water.,id,2018-10-24T06:56:27Z,Mix 2 cups rice with 1 tbsp butter.,susanrodriguez40,Great product!,Breaking: Partnership,Figure 2: Timeline,978-6-38873-264-1,Owner,5041-2370-3224-7007,45187.18,Konnichiwa,Patricia is a VP Engineering with 4 years of experience.,Excellent service.,Resolved — no further action.,PermissionDenied: insufficient privileges,This record monitors operational metrics.,field_a -> target_col,Data retained for 7 years,2025-09-03,29-69,FileNotFoundError: 6710,tenant-012,Resolved — no further action.,Executive Report 2020,tenant=acme,Figure 18: Overview,Automated processing complete.,230.25,Step 5: Deploy the module.,kubectl apply,New: Policy Change,Automated processing complete.,"9936 Maple Dr, Tokyo",Lucas is a CTO with 18 years of experience.,9.266,218 days,robert_brown,v0.10.5: Fixed bug in API.,dt=us-east,Wright,The service tracks transaction histories.  The service includes transaction histories.,Updated: Policy Change,false,high-priority,Not recommended.,Step 1: Deploy the system.,Figure 6: Overview,Average experience.,completed,Flagged for review.,'',This paper presents a novel approach for entity resolution.,Step 1: Verify the system.,British Pound,CO,FileNotFoundError: 3021,app-20.dev.example.net,This record represents operational metrics.  The product includes compliance records.,https://acme.org/data/api,This paper presents an analysis for data classification.,10.7028/u848.20,The customer account tracks transaction histories.  The service includes data processing activities.,"monitoring, performance",The service manages operational metrics.  The customer account tracks transaction histories.  This record monitors compliance records.  The customer account tracks transaction histories.,Breaking: Partnership,Mix 3 cups sugar with 1 tbsp water.,2023-10-26T16:54:37Z,Mix 1 cups sugar with 2 tbsp oil.,"compliance, integration, scalability",Lee,4.0.73,Mix 1 cups rice with 2 tbsp butter.,Step 2: Configure the service.,amount,sarah_garcia,robert.davis,Emily is a Sales Rep with 22 years of experience.
high-priority,0.6746,A systematic definition of risk.,395.71,96651.83,SELECT * FROM products WHERE status = '1',[ERROR] Retry attempt 7386 of 3,Mix 2 cups sugar with 2 tbsp oil.,TX8404930,approved,Bonjour,Step 1: Verify the service.,sales.orders,Konnichiwa,978-3-88803-629-5,[INFO] Cache miss for key 9474,87.67,SELECT * FROM orders WHERE status = 'pending',The service monitors transaction histories.  The system includes data processing activities.  The service tracks customer interactions.,Guten Tag,"Beacon Analytics, Quantum Dynamics, Alpine Systems, Pacific Research Group, Acme Corp","monitoring, reporting","$5,961",Resolved — no further action.,146046,Figure 11: Distribution,Mobile,Updated: Product Launch,Mix 1 cups rice with 2 tbsp butter.,id,2025-10-24 02:28:59,Mix 2 cups sugar with 1 tbsp water.,davidthompson790,Great product!,Updated: Partnership,Figure 14: Timeline,978-6-33598-363-8,Editor,6011-0046-8036-5758,"$69,468.31",Guten Tag,Ethan is a Data Analyst with 5 years of experience.,Not recommended.,Resolved — no further action.,Connection timeout after 3646ms,The service includes customer interactions.,source_col -> target_col,Data retained for 7 years,2024-04-03,44-80,Connection timeout after 7013ms,tenant-041,Automated processing complete.,Executive Analysis 2023,region=us-east,Figure 19: Distribution,Automated processing complete.,914.88,Step 1: Verify the module.,GET /api/users,Updated: Policy Change,Flagged for review.,"6949 Elm St, Miami",Lucas is a Software Engineer with 4 years of experience.,17.87,232 days,logan_taylor,v0.5.17: Improved API.,dt=us-east,White,The service represents operational metrics.  The customer account tracks transaction histories.  The product tracks operational metrics.  The system manages customer interactions.,New: Policy Change,false,deprecated,Not recommended.,Step 1: Initialize the module.,Figure 11: Distribution,Needs improvement.,inactive,Needs follow-up next quarter.,null,This paper presents an analysis for entity resolution.,Step 2: Deploy the module.,Swiss Franc,CA,ValueError: invalid literal for int(),web-10.dev.example.net,The product represents transaction histories.  The customer account monitors data processing activities.  The service manages compliance records.,https://example.com/docs/v2,This paper presents a framework for data classification.,10.6230/m263.26,The service tracks compliance records.  The product monitors customer interactions.  The system monitors data processing activities.,"analytics, compliance",This record manages operational metrics.  The system monitors customer interactions.  The product manages customer interactions.,Updated: Policy Change,Mix 1 cups rice with 1 tbsp water.,2026-07-11T06:57:26Z,Mix 1 cups sugar with 2 tbsp oil.,"security, analytics, integration, monitoring, scalability",Garcia,0.6.22,Mix 2 cups flour with 1 tbsp oil.,Step 4: Monitor the pipeline.,status,james_miller,michael.anderson,Susan is a Designer with 4 years of experience.
deprecated,0.6463,A operational definition of data quality.,879.51,76215.35,SELECT * FROM users WHERE type = 'active',[DEBUG] Retry attempt 1927 of 3,Mix 1 cups flour with 2 tbsp butter.,CA4033577,needs-review,Hola,Step 1: Monitor the system.,public.users,Konnichiwa,978-8-40645-311-3,[INFO] Cache miss for key 8599,81.61,SELECT * FROM orders WHERE type = 'pending',The service represents operational metrics.  The service manages data processing activities.  This record includes data processing activities.  The customer account monitors operational metrics.,Bonjour,"Quantum Dynamics, Alpine Systems, Pacific Research Group, Global Solutions","analytics, integration, compliance, cloud","$28,909",Automated processing complete.,864371,Figure 7: Timeline,Email,Breaking: Product Launch,Mix 3 cups flour with 1 tbsp water.,name,2022-06-26T08:25:18Z,Mix 3 cups rice with 1 tbsp water.,mary.king770,Needs improvement.,New: Partnership,Figure 12: Timeline,978-7-49148-809-1,Editor,XXXX-XXXX-XXXX-9750,65716.16,Hola,Amy is a VP Engineering with 4 years of experience.,Needs improvement.,Needs follow-up next quarter.,Connection timeout after 8846ms,This record includes operational metrics.,field_a -> target_col,MFA required for admin,2023-10-15,0-58,ValueError: invalid literal for int(),tenant-015,Pending verification.,Quarterly Analysis 2025,dt=acme,Figure 17: Distribution,Reviewed and approved.,855.35,Step 3: Deploy the service.,GET /api/users,Updated: Product Launch,Pending verification.,"4890 Cedar Ln, Sydney",Olivia is a Product Manager with 14 years of experience.,8.981,165 days,david_young,v2.11.91: Removed API.,dt=acme,Robinson,The system monitors data processing activities.  The customer account represents transaction histories.  The system tracks operational metrics.,New: Policy Change,false,deprecated,Excellent service.,Step 2: Configure the service.,Figure 2: Comparison,Great product!,active,Reviewed and approved.,1,This paper presents a framework for data classification.,Step 4: Monitor the system.,US Dollar,WA,PermissionDenied: insufficient privileges,api-17.staging.example.net,The product tracks compliance records.  The system represents transaction histories.,https://data.io/v2/status,This paper presents a framework for data classification.,10.2474/j131.35,The customer account tracks operational metrics.  The customer account includes customer interactions.  The product tracks customer interactions.,"scalability, automation, compliance, cloud",The product represents operational metrics.  This record manages customer interactions.  The customer account represents operational metrics.,Updated: Product Launch,Mix 1 cups sugar with 2 tbsp water.,2019-01-09T13:19:54Z,Mix 1 cups rice with 2 tbsp water.,"reporting, analytics, security, integration",Taylor,2.15.46,Mix 1 cups sugar with 1 tbsp butter.,Step 1: Deploy the module.,status,william_lee,emma.davis,Anna is a Product Manager with 17 years of experience.
experimental,0.067,A formal definition of data quality.,268.68,53014.54,SELECT * FROM products WHERE type = 'active',[DEBUG] Request processed in 1843ms,Mix 3 cups flour with 2 tbsp water.,WA5398965,experimental,Namaste,Step 5: Verify the module.,public.users,Namaste,978-6-90574-657-8,[DEBUG] Batch 8107 completed,7.81,SELECT * FROM orders WHERE status = 'pending',This record represents transaction histories.  The customer account includes customer interactions.  The product includes data processing activities.,Namaste,"Catalyst Ventures, Quantum Dynamics, Beacon Analytics","reporting, analytics, security, data","$23,224",Resolved — no further action.,998055,Figure 15: Overview,In-Store,Updated: Product Launch,Mix 3 cups rice with 1 tbsp oil.,name,2019-07-12T10:04:14Z,Mix 3 cups rice with 2 tbsp butter.,amy.jackson224,Average experience.,New: Product Launch,Figure 10: Overview,978-9-65906-578-3,Viewer,3734-4634-8792-6903,"$81,277.51",Bonjour,Robert is a Data Analyst with 25 years of experience.,Average experience.,Escalated to management.,NullPointerException at line 3776,This record tracks customer interactions.,input -> target_col,Data retained for 7 years,2024-01-18,31-91,NullPointerException at line 9464,tenant-015,Resolved — no further action.,Technical Report 2025,tenant=acme,Figure 18: Distribution,Pending verification.,821.96,Step 1: Initialize the system.,POST /api/orders,New: Product Launch,Flagged for review.,"8323 Park Blvd, Miami",Elizabeth is a Product Manager with 1 years of experience.,5.332,322 days,anna_white,v1.0.3: Improved API.,dt=acme,Jones,The system tracks compliance records.  The system monitors data processing activities.,Updated: Product Launch,true,needs-review,Excellent service.,Step 4: Configure the pipeline.,Figure 9: Overview,Average experience.,failed,Flagged for review.,'',This paper presents an analysis for anomaly detection.,Step 3: Configure the service.,Japanese Yen,IL,PermissionDenied: insufficient privileges,api-20.dev.example.net,The service tracks operational metrics.  The service tracks customer interactions.  The product manages customer interactions.  The customer account tracks compliance records.,https://example.com/status,This paper presents a novel approach for anomaly detection.,10.9961/l460.47,The service monitors operational metrics.  The customer account monitors data processing activities.,"compliance, security, monitoring, reporting, automation",This record monitors transaction histories.  The product includes compliance records.  The customer account monitors transaction histories.  This record monitors customer interactions.,New: Product Launch,Mix 1 cups sugar with 1 tbsp oil.,2024-12-23 07:14:35,Mix 3 cups rice with 2 tbsp oil.,"monitoring, performance, automation",Thompson,4.1.11,Mix 1 cups rice with 2 tbsp butter.,Step 1: Monitor the system.,email,david_lee,emma.garcia,Richard is a Data Analyst with 15 years of experience.
needs-review,0.3471,A systematic definition of risk.,747.03,76489.40,SELECT * FROM orders WHERE id = '1',[WARN] Retry attempt 2346 of 3,Mix 3 cups flour with 2 tbsp water.,CO4223131,stable,Konnichiwa,Step 3: Configure the pipeline.,hr.employees,Hola,978-8-62748-394-8,[DEBUG] Health check passed,12.39,SELECT * FROM orders WHERE id = 'active',The customer account tracks data processing activities.  The service tracks operational metrics.,Guten Tag,"Skyline Partners, Meridian Health","performance, security, analytics","$47,140",Flagged for review.,635099,Figure 18: Distribution,Phone,Breaking: Product Launch,Mix 3 cups flour with 2 tbsp oil.,type,2023-05-03T18:40:19Z,Mix 3 cups rice with 1 tbsp butter.,noah_wright573,Excellent service.,Breaking: Product Launch,Figure 14: Comparison,978-8-64744-579-8,Viewer,5927-5288-1238-6150,34949.91,Hola,David is a Sales Rep with 6 years of experience.,Great product!,Reviewed and approved.,NullPointerException at line 6522,This record monitors data processing activities.,source_col -> output,Data retained for 7 years,2024-10-21,39-58,ValueError: invalid literal for int(),tenant-026,Automated processing complete.,Technical Summary 2022,tenant=us-east,Figure 11: Distribution,Reviewed and approved.,732.04,Step 1: Verify the system.,npm install,Updated: Policy Change,Reviewed and approved.,"1599 Oak Ave, Boston",Elizabeth is a Software Engineer with 29 years of experience.,15.713,116 days,lucas_lee,v1.15.1: Added support for API.,tenant=us-east,Thomas,The product manages customer interactions.  The system includes compliance records.  The system manages compliance records.  The service includes operational metrics.,Breaking: Partnership,true,deprecated,Not recommended.,Step 3: Monitor the system.,Figure 4: Overview,Needs improvement.,cancelled,Needs follow-up next quarter.,false,This paper presents a framework for data classification.,Step 4: Deploy the module.,Euro,NY,NullPointerException at line 5982,db-16.staging.example.net,The customer account represents transaction histories.  The service monitors compliance records.,https://acme.org/data,This paper presents a framework for data classification.,10.4708/t492.28,The service manages operational metrics.  The system tracks compliance records.  This record tracks compliance records.  This record monitors data processing activities.,"scalability, security",The product includes compliance records.  The product includes transaction histories.  This record manages customer interactions.,Updated: Partnership,Mix 1 cups rice with 2 tbsp oil.,2023-08-22 15:12:03,Mix 3 cups flour with 2 tbsp oil.,"data, analytics, scalability",Robinson,2.17.44,Mix 1 cups flour with 2 tbsp water.,Step 4: Verify the service.,status,elizabeth_miller,emma.moore,Aiden is a Sales Rep with 28 years of experience.
experimental,0.2375,A formal definition of data quality.,846.02,"$85,837.45",SELECT * FROM users WHERE status = 'pending',[WARN] Cache miss for key 854,Mix 1 cups sugar with 2 tbsp butter.,TX9539504,deprecated,Namaste,Step 1: Configure the service.,sales.orders,Guten Tag,978-6-69279-305-9,[ERROR] Connection established to 9088,31.5,SELECT * FROM users WHERE status = 'pending',The product represents compliance records.  The service tracks customer interactions.,Hola,"Alpine Systems, Meridian Health, Skyline Partners, Vertex Technologies, Pacific Research Group","security, compliance, scalability, monitoring, automation","$2,624",Escalated to management.,121711,Figure 3: Timeline,Social Media,Breaking: Partnership,Mix 2 cups sugar with 1 tbsp oil.,name,2026-10-28 17:43:59,Mix 1 cups rice with 2 tbsp water.,sarah.thomas383,Excellent service.,Updated: Partnership,Figure 1: Timeline,978-8-53857-539-1,Admin,4825-2136-8598-3698,"$32,326.18",Hola,John is a Product Manager with 25 years of experience.,Needs improvement.,Needs follow-up next quarter.,HTTP 503 Service Unavailable,The product includes compliance records.,source_col -> target_col,Data retained for 7 years,2019-06-29,15-76,Connection timeout after 2055ms,tenant-031,Reviewed and approved.,Quarterly Review 2021,region=acme,Figure 1: Distribution,Reviewed and approved.,146.61,Step 1: Initialize the service.,POST /api/orders,Updated: Product Launch,Reviewed and approved.,"7551 Park Blvd, Denver",Mary is a VP Engineering with 20 years of experience.,18.723,290 days,aiden_jackson,v2.4.27: Added support for API.,region=acme,Moore,The customer account tracks transaction histories.  The system manages transaction histories.  The product tracks customer interactions.,Updated: Policy Change,false,needs-review,Great product!,Step 3: Monitor the pipeline.,Figure 14: Distribution,Excellent service.,completed,Pending verification.,1,This paper presents a novel approach for anomaly detection.,Step 3: Verify the pipeline.,Japanese Yen,OH,Connection timeout after 1058ms,api-19.prod.example.net,The customer account includes customer interactions.  The service tracks operational metrics.,https://acme.org/users,This paper presents a framework for data classification.,10.3165/y354.26,The service manages transaction histories.  This record manages compliance records.,"analytics, integration, compliance, scalability",The customer account represents compliance records.  The product manages customer interactions.  The system tracks operational metrics.  This record includes operational metrics.,Updated: Partnership,Mix 3 cups sugar with 1 tbsp water.,2021-02-21T16:51:27Z,Mix 2 cups rice with 2 tbsp oil.,"cloud, monitoring, integration, automation",Jackson,1.12.65,Mix 2 cups rice with 2 tbsp water.,Step 5: Verify the module.,id,john_williams,olivia.rodriguez,Mary is a Data Analyst with 9 years of experience.
needs-review,0.7266,A systematic definition of data quality.,422.24,69986.95,SELECT * FROM orders WHERE status = 'active',[WARN] Health check passed,Mix 1 cups sugar with 1 tbsp butter.,FL2325167,needs-review,Namaste,Step 2: Configure the module.,analytics.events,Hola,978-9-72739-246-0,[WARN] Cache miss for key 687,15.76,SELECT * FROM orders WHERE type = 'pending',The customer account monitors compliance records.  This record tracks compliance records.  The customer account manages data processing activities.  This record tracks customer interactions.,Bonjour,"Skyline Partners, Catalyst Ventures, TechCo Industries","performance, security, data, cloud","$8,686",Escalated to management.,678046,Figure 19: Timeline,Phone,New: Policy Change,Mix 3 cups sugar with 2 tbsp oil.,status,2026-08-13T19:42:06Z,Mix 1 cups rice with 1 tbsp water.,emma.johnson593,Excellent service.,Updated: Policy Change,Figure 7: Comparison,978-9-79616-351-2,Owner,4182-2257-7047-2972,"$61,642.32",Guten Tag,Mason is a VP Engineering with 20 years of experience.,Average experience.,Escalated to management.,FileNotFoundError: 4411,The service represents transaction histories.,source_col -> output,PII encrypted at rest,2020-09-21,5-84,NullPointerException at line 1701,tenant-043,Flagged for review.,Annual Summary 2024,dt=acme,Figure 18: Timeline,Reviewed and approved.,179.53,Step 2: Deploy the service.,GET /api/users,Updated: Partnership,Automated processing complete.,"3381 Elm St, San Francisco",Mary is a Designer with 20 years of experience.,0.668,153 days,linda_smith,v4.19.4: Added support for API.,region=2024-01,Davis,This record includes data processing activities.  The customer account manages operational metrics.,New: Product Launch,false,deprecated,Great product!,Step 5: Verify the system.,Figure 10: Distribution,Needs improvement.,rejected,Escalated to management.,null,This paper presents an analysis for data classification.,Step 4: Initialize the module.,Swiss Franc,NY,PermissionDenied: insufficient privileges,cache-12.dev.example.net,The service tracks customer interactions.  The product monitors transaction histories.  This record includes customer interactions.  The customer account represents transaction histories.,https://api.service.com/users/users/v2,This paper presents a framework for data classification.,10.4141/v628.43,This record monitors transaction histories.  The service represents customer interactions.,"integration, data",The customer account includes operational metrics.  The customer account tracks customer interactions.,Breaking: Policy Change,Mix 3 cups flour with 2 tbsp oil.,2024-08-12 05:45:43,Mix 3 cups rice with 2 tbsp butter.,"scalability, analytics, compliance, monitoring",Brown,4.1.86,Mix 3 cups rice with 2 tbsp butter.,Step 5: Monitor the system.,type,jessica_rodriguez,olivia.anderson,Mary is a Designer with 8 years of experience.
experimental,0.3811,A formal definition of risk.,881.71,15780.56,SELECT * FROM products WHERE type = 'pending',[DEBUG] Request processed in 4405ms,Mix 3 cups rice with 2 tbsp oil.,TX7841439,deprecated,Namaste,Step 2: Initialize the pipeline.,hr.employees,Bonjour,978-2-11801-458-4,[DEBUG] Request processed in 3343ms,39.08,SELECT * FROM products WHERE type = 'active',The system tracks data processing activities.  The customer account includes customer interactions.,Konnichiwa,"Catalyst Ventures, Global Solutions, Pioneer Software, Meridian Health, Vertex Technologies","security, compliance","$1,119",Automated processing complete.,442088,Figure 12: Overview,In-Store,New: Policy Change,Mix 1 cups flour with 2 tbsp water.,email,2019-04-27 17:24:18,Mix 2 cups flour with 2 tbsp butter.,sarah_taylor268,Not recommended.,Updated: Policy Change,Figure 16: Timeline,978-8-89540-525-4,Editor,5592-4601-5602-6545,44615.20,Konnichiwa,Robert is a Product Manager with 9 years of experience.,Needs improvement.,Escalated to management.,Connection timeout after 8971ms,The product represents transaction histories.,source_col -> output,PII encrypted at rest,2020-08-24,49-71,PermissionDenied: insufficient privileges,tenant-033,Needs follow-up next quarter.,Technical Summary 2026,region=acme,Figure 13: Distribution,Reviewed and approved.,824.71,Step 5: Deploy the module.,docker run,New: Partnership,Pending verification.,"5332 Pine Rd, London",Noah is a Product Manager with 13 years of experience.,7.111,70 days,william_king,v1.3.97: Improved caching.,tenant=acme,Martin,The system represents customer interactions.  This record includes compliance records.  The service monitors compliance records.  The service monitors operational metrics.,Updated: Partnership,false,approved,Excellent service.,Step 3: Initialize the system.,Figure 20: Overview,Average experience.,pending,Needs follow-up next quarter.,0,This paper presents an analysis for anomaly detection.,Step 1: Configure the module.,Euro,WA,PermissionDenied: insufficient privileges,api-15.staging.example.net,This record tracks customer interactions.  The customer account includes data processing activities.  This record manages transaction histories.,https://acme.org/v2/v2/docs,This paper presents a novel approach for entity resolution.,10.7092/j693.25,The product monitors customer interactions.  The system represents operational metrics.  The system manages operational metrics.,"integration, cloud, automation, analytics, monitoring",The service manages operational metrics.  This record tracks data processing activities.,Updated: Partnership,Mix 2 cups flour with 2 tbsp oil.,2018-09-23T08:13:23Z,Mix 1 cups sugar with 1 tbsp oil.,"performance, monitoring",Robinson,1.14.63,Mix 3 cups sugar with 2 tbsp oil.,Step 4: Verify the pipeline.,email,mason_jones,oliver.davis,David is a VP Engineering with 25 years of experience.
deprecated,0.6388,A systematic definition of compliance.,899.01,44495.71,SELECT * FROM orders WHERE status = 'active',[ERROR] Connection established to 6685,Mix 3 cups rice with 1 tbsp water.,MA3443205,stable,Bonjour,Step 1: Verify the pipeline.,analytics.events,Guten Tag,978-2-76039-815-6,[ERROR] Connection established to 6852,17.5,SELECT * FROM products WHERE status = 'active',The customer account tracks transaction histories.  The system manages data processing activities.  The customer account represents operational metrics.,Namaste,"Pioneer Software, Quantum Dynamics, Beacon Analytics","performance, monitoring","$23,543",Automated processing complete.,691112,Figure 11: Overview,Phone,Updated: Policy Change,Mix 2 cups rice with 2 tbsp butter.,amount,2018-05-26 20:22:58,Mix 2 cups rice with 1 tbsp oil.,oliviaclark850,Not recommended.,Updated: Policy Change,Figure 20: Timeline,978-5-72973-473-8,Viewer,XXXX-XXXX-XXXX-1105,$197.65,Bonjour,Olivia is a Sales Rep with 15 years of experience.,Not recommended.,Automated processing complete.,ValueError: invalid literal for int(),The service manages customer interactions.,input -> target_col,Data retained for 7 years,2026-03-05,44-71,HTTP 503 Service Unavailable,tenant-036,Automated processing complete.,Executive Report 2024,dt=us-east,Figure 5: Timeline,Updated per client request.,744.08,Step 5: Configure the module.,kubectl apply,Updated: Partnership,Pending verification.,"6567 Cedar Ln, Paris",Mason is a Software Engineer with 14 years of experience.,11.243,6 days,james_lewis,v0.4.81: Removed logging.,region=2024-01,King,The system includes compliance records.  The product tracks data processing activities.  The product represents transaction histories.  The product represents compliance records.,Breaking: Partnership,true,deprecated,Needs improvement.,Step 1: Monitor the module.,Figure 4: Overview,Great product!,failed,Automated processing complete.,1,This paper presents a framework for data classification.,Step 2: Monitor the service.,US Dollar,IL,Connection timeout after 9475ms,app-11.prod.acme.com,The product tracks data processing activities.  The product represents operational metrics.  The service includes operational metrics.,https://data.io/status/status/api,This paper presents a framework for anomaly detection.,10.5866/b418.37,The service includes compliance records.  The system tracks customer interactions.,"compliance, scalability, monitoring, reporting, security",The customer account represents data processing activities.  This record tracks compliance records.,New: Product Launch,Mix 1 cups rice with 1 tbsp butter.,2026-04-21 22:44:47,Mix 2 cups sugar with 2 tbsp water.,"data, cloud, reporting",Miller,5.18.64,Mix 3 cups sugar with 2 tbsp butter.,Step 5: Verify the service.,id,emma_thomas,jessica.jones,Noah is a Designer with 18 years of experience.
needs-review,0.2572,A systematic definition of data quality.,378.17,36918.04,SELECT * FROM products WHERE id = 'pending',[INFO] Connection established to 832,Mix 3 cups sugar with 1 tbsp water.,OH1502670,experimental,Konnichiwa,Step 4: Monitor the system.,analytics.events,Hola,978-7-54178-925-9,[DEBUG] Connection established to 9807,40.53,SELECT * FROM users WHERE id = 'active',The service manages operational metrics.  The service tracks operational metrics.  The customer account manages operational metrics.,Namaste,"Global Solutions, Skyline Partners","security, scalability, monitoring, integration","$17,219",Needs follow-up next quarter.,500144,Figure 16: Timeline,Chat,Breaking: Product Launch,Mix 2 cups rice with 2 tbsp butter.,type,2018-12-02T03:09:10Z,Mix 2 cups sugar with 1 tbsp water.,lucas.johnson287,Average experience.,Breaking: Product Launch,Figure 1: Overview,978-1-68716-330-3,Guest,4126-4957-3538-2197,89806.30,Guten Tag,Sarah is a Sales Rep with 13 years of experience.,Great product!,Flagged for review.,Connection timeout after 1002ms,The product represents customer interactions.,field_a -> field_b,PII encrypted at rest,2026-12-03,28-79,PermissionDenied: insufficient privileges,tenant-045,Escalated to management.,Quarterly Report 2024,region=acme,Figure 9: Overview,Flagged for review.,997.94,Step 3: Verify the module.,kubectl apply,New: Policy Change,Updated per client request.,"4043 Cedar Ln, London",Richard is a Sales Rep with 9 years of experience.,16.23,128 days,aiden_taylor,v4.10.49: Removed caching.,tenant=acme,White,The customer account tracks data processing activities.  The customer account manages operational metrics.,Breaking: Partnership,false,approved,Not recommended.,Step 5: Initialize the service.,Figure 4: Overview,Needs improvement.,failed,Escalated to management.,1,This paper presents a framework for anomaly detection.,Step 1: Configure the service.,British Pound,CO,ValueError: invalid literal for int(),app-11.dev.acme.com,The product manages transaction histories.  The service manages compliance records.,https://data.io/docs,This paper presents an analysis for data classification.,10.6769/c638.47,This record tracks customer interactions.  The product manages customer interactions.  The system tracks data processing activities.  The system manages operational metrics.,"scalability, compliance",The product represents operational metrics.  The service tracks operational metrics.  The service tracks customer interactions.,Updated: Policy Change,Mix 3 cups rice with 2 tbsp oil.,2025-12-06T15:54:18Z,Mix 3 cups flour with 2 tbsp water.,"security, monitoring, automation, integration",Moore,3.0.85,Mix 1 cups flour with 2 tbsp water.,Step 4: Verify the service.,created_at,richard_clark,patricia.white,Michael is a Software Engineer with 30 years of experience.
needs-review,0.6093,A systematic definition of compliance.,3.04,"$85,349.29",SELECT * FROM users WHERE type = '1',[WARN] Batch 8434 completed,Mix 2 cups rice with 1 tbsp butter.,MA8000349,deprecated,Hola,Step 5: Verify the service.,public.users,Hola,978-8-52251-608-3,[ERROR] Health check passed,34.1,SELECT * FROM orders WHERE status = 'pending',This record tracks transaction histories.  The service includes operational metrics.  The product represents compliance records.  The product represents operational metrics.,Hola,"Alpine Systems, Acme Corp, Vertex Technologies","monitoring, data, analytics","$42,269",Needs follow-up next quarter.,299880,Figure 7: Comparison,Mobile,New: Partnership,Mix 3 cups sugar with 2 tbsp water.,email,2026-02-18 12:54:28,Mix 1 cups sugar with 1 tbsp butter.,oliver.white439,Needs improvement.,Updated: Partnership,Figure 7: Overview,978-0-95060-824-4,Admin,4378-4103-6738-9315,"$57,318.27",Guten Tag,Anna is a Sales Rep with 16 years of experience.,Great product!,Escalated to management.,NullPointerException at line 2325,The system manages operational metrics.,input -> output,MFA required for admin,2021-08-02,35-53,ValueError: invalid literal for int(),tenant-023,Flagged for review.,Quarterly Summary 2026,dt=acme,Figure 15: Comparison,Needs follow-up next quarter.,24.68,Step 1: Monitor the pipeline.,kubectl apply,New: Partnership,Pending verification.,"3854 Main St, Berlin",Michael is a VP Engineering with 12 years of experience.,13.3,142 days,lucas_martin,v5.17.87: Fixed bug in logging.,region=us-east,Clark,The customer account tracks data processing activities.  The system represents customer interactions.  The customer account includes operational metrics.,New: Product Launch,false,needs-review,Average experience.,Step 3: Verify the service.,Figure 13: Distribution,Not recommended.,cancelled,Updated per client request.,null,This paper presents an analysis for entity resolution.,Step 5: Verify the service.,Japanese Yen,PA,HTTP 503 Service Unavailable,cache-15.prod.example.net,The service manages compliance records.  The system tracks operational metrics.,https://example.com/status/data,This paper presents a novel approach for entity resolution.,10.7325/y800.37,The system tracks transaction histories.  The service manages compliance records.  The service manages compliance records.  The service includes transaction histories.,"cloud, analytics, automation, security, compliance",The system manages transaction histories.  The customer account includes operational metrics.,Updated: Policy Change,Mix 3 cups rice with 2 tbsp water.,2019-05-22 17:54:12,Mix 2 cups sugar with 2 tbsp water.,"reporting, cloud, monitoring, scalability, performance",Anderson,4.15.96,Mix 2 cups rice with 2 tbsp water.,Step 2: Verify the service.,created_at,jessica_brown,aiden.rodriguez,Olivia is a Software Engineer with 4 years of experience.
experimental,0.7543,A operational definition of compliance.,541.41,"$85,707.29",SELECT * FROM products WHERE type = '1',[INFO] Cache miss for key 8623,Mix 3 cups flour with 2 tbsp butter.,CA4102595,deprecated,Guten Tag,Step 1: Configure the pipeline.,hr.employees,Bonjour,978-0-54202-858-2,[INFO] Health check passed,36.04,SELECT * FROM users WHERE status = 'active',This record includes customer interactions.  The service monitors compliance records.  This record tracks operational metrics.  The customer account includes data processing activities.,Guten Tag,"Beacon Analytics, Pacific Research Group, Vertex Technologies, DataCraft Inc","scalability, cloud, reporting","$29,841",Automated processing complete.,146475,Figure 1: Distribution,In-Store,Updated: Product Launch,Mix 1 cups flour with 1 tbsp butter.,type,2025-05-08T10:21:44Z,Mix 2 cups flour with 2 tbsp water.,annarobinson928,Great product!,New: Product Launch,Figure 8: Overview,978-0-76456-921-1,Viewer,XXXX-XXXX-XXXX-9147,"$99,641.94",Konnichiwa,Mary is a Product Manager with 24 years of experience.,Not recommended.,Automated processing complete.,FileNotFoundError: 1292,The customer account includes transaction histories.,input -> target_col,MFA required for admin,2020-02-02,28-71,PermissionDenied: insufficient privileges,tenant-045,Flagged for review.,Quarterly Summary 2023,tenant=us-east,Figure 1: Timeline,Updated per client request.,211.26,Step 4: Monitor the module.,docker run,New: Policy Change,Resolved — no further action.,"3104 Cedar Ln, Phoenix",Emily is a Product Manager with 25 years of experience.,2.001,93 days,amy_martin,v3.0.86: Removed API.,tenant=us-east,Rodriguez,The product represents operational metrics.  The product tracks transaction histories.  This record represents customer interactions.  The product manages customer interactions.,Updated: Policy Change,false,stable,Great product!,Step 2: Monitor the pipeline.,Figure 2: Overview,Great product!,approved,Pending verification.,1,This paper presents a novel approach for entity resolution.,Step 4: Configure the system.,Japanese Yen,IL,ValueError: invalid literal for int(),db-13.dev.acme.com,The service tracks customer interactions.  The system represents operational metrics.  The product includes operational metrics.  The system manages customer interactions.,https://acme.org/status/users,This paper presents a framework for entity resolution.,10.2724/l120.17,The product monitors customer interactions.  The customer account includes compliance records.  The system includes customer interactions.  The service manages operational metrics.,"monitoring, automation, performance",The product represents customer interactions.  This record manages customer interactions.  The product monitors data processing activities.  The service includes customer interactions.,Breaking: Policy Change,Mix 1 cups rice with 1 tbsp water.,2022-02-09T04:15:52Z,Mix 2 cups rice with 1 tbsp oil.,"integration, security, analytics, cloud",Anderson,2.2.26,Mix 1 cups flour with 1 tbsp butter.,Step 2: Verify the service.,type,susan_harris,aiden.jones,Jennifer is a Sales Rep with 27 years of experience.
experimental,0.107,A operational definition of compliance.,402.07,"$48,297.01",SELECT * FROM orders WHERE id = 'pending',[WARN] Health check passed,Mix 3 cups sugar with 1 tbsp oil.,NY8499148,experimental,Bonjour,Step 5: Verify the pipeline.,public.users,Guten Tag,978-1-76138-303-5,[ERROR] Health check passed,85.09,SELECT * FROM products WHERE id = '1',The system represents data processing activities.  The customer account manages operational metrics.,Konnichiwa,"DataCraft Inc, Catalyst Ventures, Alpine Systems","reporting, automation, performance","$48,304",Pending verification.,503408,Figure 10: Distribution,Chat,Breaking: Partnership,Mix 2 cups flour with 2 tbsp water.,name,2024-11-21 23:29:57,Mix 1 cups sugar with 2 tbsp oil.,susanjackson332,Not recommended.,New: Partnership,Figure 8: Timeline,978-9-19640-473-8,Editor,3768-5881-5050-6598,"$95,105.78",Konnichiwa,Elizabeth is a Data Analyst with 15 years of experience.,Excellent service.,Resolved — no further action.,ValueError: invalid literal for int(),This record tracks customer interactions.,field_a -> field_b,PII encrypted at rest,2024-10-16,14-65,Connection timeout after 7737ms,tenant-047,Resolved — no further action.,Annual Review 2020,tenant=acme,Figure 17: Timeline,Updated per client request.,115.35,Step 2: Configure the service.,docker run,New: Partnership,Reviewed and approved.,"2378 Main St, Paris",Sarah is a Sales Rep with 18 years of experience.,1.557,39 days,amy_martinez,v3.7.37: Removed caching.,region=us-east,Thomas,The customer account manages operational metrics.  The product tracks compliance records.,Breaking: Partnership,false,stable,Average experience.,Step 5: Initialize the service.,Figure 14: Comparison,Excellent service.,failed,Updated per client request.,CURRENT_TIMESTAMP,This paper presents a novel approach for data classification.,Step 4: Deploy the pipeline.,Japanese Yen,GA,HTTP 503 Service Unavailable,app-19.dev.example.net,The customer account represents data processing activities.  The system includes operational metrics.  The system includes compliance records.  This record includes transaction histories.,https://example.com/users/api/users,This paper presents a framework for entity resolution.,10.4648/j602.49,The customer account includes compliance records.  The product monitors customer interactions.,"security, analytics",The product manages transaction histories.  The service tracks customer interactions.,New: Product Launch,Mix 3 cups flour with 1 tbsp butter.,2024-11-05T12:51:36Z,Mix 3 cups flour with 1 tbsp oil.,"integration, cloud, compliance, scalability",Jones,2.0.17,Mix 1 cups sugar with 1 tbsp water.,Step 3: Configure the module.,email,james_garcia,oliver.taylor,Emma is a Data Analyst with 1 years of experience.
high-priority,0.3242,A operational definition of risk.,527.65,"$62,692.15",SELECT * FROM users WHERE id = 'active',[ERROR] Request processed in 691ms,Mix 3 cups rice with 1 tbsp water.,PA3275004,deprecated,Konnichiwa,Step 5: Initialize the pipeline.,sales.orders,Guten Tag,978-9-86125-955-7,[INFO] Cache miss for key 3689,52.78,SELECT * FROM products WHERE status = 'pending',The product tracks customer interactions.  The customer account represents customer interactions.,Guten Tag,"TechCo Industries, Vertex Technologies, Beacon Analytics, Pioneer Software","cloud, security","$29,635",Escalated to management.,818172,Figure 16: Overview,Mobile,Updated: Partnership,Mix 2 cups rice with 2 tbsp butter.,amount,2024-03-15 22:26:58,Mix 2 cups flour with 2 tbsp oil.,masonjohnson148,Not recommended.,Breaking: Policy Change,Figure 20: Timeline,978-1-74286-566-1,Editor,4854-7602-1649-4488,"$34,449.08",Guten Tag,Robert is a VP Engineering with 4 years of experience.,Great product!,Resolved — no further action.,PermissionDenied: insufficient privileges,The product monitors transaction histories.,input -> field_b,PII encrypted at rest,2024-01-17,43-65,Connection timeout after 5970ms,tenant-011,Flagged for review.,Technical Analysis 2024,dt=2024-01,Figure 14: Distribution,Pending verification.,119.96,Step 2: Deploy the system.,GET /api/users,New: Product Launch,Reviewed and approved.,"5701 Pine Rd, Denver",Mary is a Designer with 18 years of experience.,12.599,244 days,aiden_taylor,v0.3.5: Fixed bug in caching.,tenant=us-east,King,The service represents data processing activities.  The system monitors customer interactions.  The service includes customer interactions.,New: Product Launch,true,deprecated,Not recommended.,Step 5: Verify the service.,Figure 19: Timeline,Excellent service.,pending,Escalated to management.,'',This paper presents a novel approach for anomaly detection.,Step 1: Verify the system.,Euro,IL,HTTP 503 Service Unavailable,cache-5.dev.acme.com,The customer account monitors compliance records.  The system manages operational metrics.,https://data.io/users,This paper presents a framework for entity resolution.,10.8225/l267.2,The service includes compliance records.  The service manages data processing activities.  The customer account tracks operational metrics.  This record represents operational metrics.,"cloud, performance, automation, reporting",The customer account tracks transaction histories.  The product includes transaction histories.  The service tracks operational metrics.  The service tracks data processing activities.,Updated: Product Launch,Mix 2 cups sugar with 2 tbsp butter.,2022-05-12 23:48:09,Mix 3 cups sugar with 2 tbsp butter.,"performance, scalability",Miller,0.15.51,Mix 3 cups rice with 2 tbsp butter.,Step 2: Verify the service.,name,william_thomas,michael.jackson,Harper is a Software Engineer with 1 years of experience.
needs-review,0.3336,A operational definition of data quality.,423.63,"$45,599.55",SELECT * FROM products WHERE type = 'pending',[DEBUG] Request processed in 214ms,Mix 3 cups rice with 2 tbsp water.,GA6028640,needs-review,Hola,Step 4: Verify the pipeline.,analytics.events,Guten Tag,978-1-53503-876-0,[DEBUG] Connection established to 7729,11.4,SELECT * FROM users WHERE id = 'active',The system includes transaction histories.  The system includes operational metrics.  This record monitors transaction histories.  The system tracks compliance records.,Bonjour,"Skyline Partners, Pioneer Software, Acme Corp","reporting, scalability, cloud, data","$35,200",Updated per client request.,202967,Figure 16: Comparison,Web,Breaking: Partnership,Mix 2 cups rice with 1 tbsp water.,status,2026-05-26T22:54:56Z,Mix 1 cups rice with 2 tbsp butter.,oliver_white526,Excellent service.,New: Policy Change,Figure 13: Comparison,978-6-49787-502-9,Guest,XXXX-XXXX-XXXX-0654,21837.65,Namaste,Susan is a Software Engineer with 15 years of experience.,Not recommended.,Flagged for review.,FileNotFoundError: 7589,The service includes transaction histories.,input -> target_col,MFA required for admin,2023-06-24,6-81,HTTP 503 Service Unavailable,tenant-002,Needs follow-up next quarter.,Annual Review 2020,region=2024-01,Figure 10: Timeline,Needs follow-up next quarter.,678.25,Step 1: Deploy the system.,GET /api/users,New: Partnership,Pending verification.,"8399 Oak Ave, Berlin",Robert is a Sales Rep with 21 years of experience.,1.492,264 days,emily_brown,v4.4.3: Removed caching.,region=2024-01,Garcia,The service represents customer interactions.  The customer account tracks operational metrics.,Updated: Policy Change,true,deprecated,Excellent service.,Step 2: Deploy the module.,Figure 2: Comparison,Great product!,pending,Needs follow-up next quarter.,false,This paper presents a novel approach for data classification.,Step 4: Configure the system.,Swiss Franc,NC,HTTP 503 Service Unavailable,cache-20.prod.acme.com,This record represents customer interactions.  The system includes compliance records.  The system monitors transaction histories.,https://data.io/docs,This paper presents a framework for entity resolution.,10.9320/y109.1,The service manages compliance records.  The service represents operational metrics.,"data, monitoring, cloud, reporting",The system includes data processing activities.  This record monitors transaction histories.,Updated: Policy Change,Mix 3 cups rice with 1 tbsp oil.,2018-05-19T19:54:25Z,Mix 2 cups flour with 1 tbsp water.,"compliance, reporting, integration",Jackson,4.18.60,Mix 3 cups flour with 1 tbsp oil.,Step 4: Monitor the system.,name,noah_taylor,emma.martin,Anna is a Sales Rep with 4 years of experience.
approved,0.7794,A formal definition of compliance.,163.2,"$68,708.58",SELECT * FROM orders WHERE type = '1',[INFO] Connection established to 2582,Mix 1 cups flour with 2 tbsp water.,PA1108242,experimental,Guten Tag,Step 5: Configure the pipeline.,public.users,Konnichiwa,978-7-63900-330-0,[ERROR] Retry attempt 4701 of 3,54.97,SELECT * FROM products WHERE status = '1',The service represents customer interactions.  The service includes customer interactions.,Guten Tag,"Meridian Health, DataCraft Inc, Pioneer Software","automation, scalability, cloud","$30,329",Automated processing complete.,755318,Figure 10: Overview,Social Media,New: Policy Change,Mix 1 cups rice with 2 tbsp water.,id,2026-11-18 01:08:24,Mix 2 cups sugar with 2 tbsp oil.,oliver.garcia406,Average experience.,Updated: Product Launch,Figure 2: Distribution,978-9-62018-181-4,Editor,5506-2702-3944-9125,38222.34,Namaste,Michael is a VP Engineering with 28 years of experience.,Great product!,Updated per client request.,Connection timeout after 3851ms,The customer account represents compliance records.,input -> target_col,Data retained for 7 years,2020-07-07,8-83,ValueError: invalid literal for int(),tenant-023,Pending verification.,Technical Analysis 2025,dt=2024-01,Figure 4: Comparison,Flagged for review.,580.92,Step 5: Configure the pipeline.,docker run,New: Partnership,Reviewed and approved.,"2142 Main St, San Francisco",Logan is a Sales Rep with 15 years of experience.,1.345,126 days,robert_martinez,v5.14.49: Fixed bug in authentication.,dt=2024-01,Jones,This record monitors customer interactions.  The service represents operational metrics.  This record includes operational metrics.,Updated: Policy Change,false,high-priority,Average experience.,Step 5: Configure the module.,Figure 8: Distribution,Excellent service.,approved,Pending verification.,false,This paper presents a framework for data classification.,Step 1: Deploy the system.,Japanese Yen,FL,FileNotFoundError: 6460,db-16.prod.example.net,The customer account includes customer interactions.  The customer account tracks operational metrics.  The service tracks customer interactions.,https://api.service.com/data,This paper presents an analysis for entity resolution.,10.5738/o837.15,The product manages compliance records.  The product manages operational metrics.,"automation, analytics, data",The customer account tracks transaction histories.  The system tracks transaction histories.  This record tracks operational metrics.  The customer account represents operational metrics.,Breaking: Partnership,Mix 1 cups flour with 1 tbsp oil.,2021-09-16 09:54:01,Mix 3 cups sugar with 1 tbsp oil.,"security, compliance, monitoring, automation",Lee,3.5.43,Mix 2 cups sugar with 2 tbsp butter.,Step 5: Verify the pipeline.,id,jessica_garcia,sarah.walker,Aiden is a Sales Rep with 16 years of experience.
approved,0.3072,A formal definition of data quality.,770.09,2036.63,SELECT * FROM products WHERE type = 'pending',[ERROR] Health check passed,Mix 3 cups flour with 1 tbsp water.,IL4657076,approved,Namaste,Step 2: Deploy the module.,sales.orders,Namaste,978-7-86093-290-8,[ERROR] Request processed in 6253ms,92.11,SELECT * FROM products WHERE type = 'active',The system monitors compliance records.  The service monitors operational metrics.  The product monitors transaction histories.  This record manages data processing activities.,Hola,"Catalyst Ventures, Quantum Dynamics","integration, analytics","$42,602",Pending verification.,24086,Figure 12: Comparison,Social Media,Updated: Product Launch,Mix 3 cups flour with 2 tbsp water.,type,2018-06-04 12:38:38,Mix 2 cups rice with 1 tbsp oil.,james_walker313,Great product!,Breaking: Product Launch,Figure 2: Comparison,978-6-35914-638-3,Guest,4213-8898-3364-9984,8337.28,Bonjour,Olivia is a CTO with 16 years of experience.,Average experience.,Pending verification.,PermissionDenied: insufficient privileges,This record manages compliance records.,input -> target_col,Data retained for 7 years,2018-01-14,50-80,Connection timeout after 6518ms,tenant-016,Automated processing complete.,Technical Report 2023,dt=us-east,Figure 2: Comparison,Flagged for review.,309.07,Step 2: Deploy the system.,GET /api/users,New: Product Launch,Pending verification.,"991 Pine Rd, Atlanta",Logan is a Software Engineer with 10 years of experience.,8.716,110 days,mason_martinez,v0.16.87: Fixed bug in caching.,tenant=2024-01,Davis,The product monitors customer interactions.  The product manages operational metrics.  The product includes compliance records.  The service includes operational metrics.,Updated: Partnership,true,high-priority,Average experience.,Step 5: Verify the module.,Figure 11: Timeline,Needs improvement.,active,Escalated to management.,CURRENT_TIMESTAMP,This paper presents a framework for anomaly detection.,Step 4: Monitor the pipeline.,British Pound,NY,PermissionDenied: insufficient privileges,db-13.prod.acme.com,The service monitors data processing activities.  The product tracks data processing activities.  The customer account monitors transaction histories.  The service tracks compliance records.,https://acme.org/users/v2/v2,This paper presents a framework for anomaly detection.,10.5559/e694.7,The service manages data processing activities.  The system includes customer interactions.,"integration, compliance, performance",This record manages compliance records.  This record manages compliance records.  The service monitors customer interactions.,Breaking: Policy Change,Mix 2 cups flour with 2 tbsp oil.,2022-05-28 14:09:40,Mix 2 cups flour with 1 tbsp water.,"security, analytics, cloud, automation, reporting",King,0.4.13,Mix 2 cups rice with 2 tbsp oil.,Step 4: Initialize the service.,name,logan_martin,olivia.white,William is a Designer with 18 years of experience.
stable,0.4994,A operational definition of risk.,849.57,75947.28,SELECT * FROM users WHERE type = 'pending',[INFO] Retry attempt 7603 of 3,Mix 2 cups flour with 2 tbsp oil.,FL9607527,deprecated,Namaste,Step 2: Configure the module.,public.users,Bonjour,978-1-70210-836-9,[WARN] Request processed in 3599ms,6.94,SELECT * FROM orders WHERE id = '1',The service manages compliance records.  The customer account tracks operational metrics.,Konnichiwa,"DataCraft Inc, Alpine Systems, Global Solutions, Quantum Dynamics","compliance, integration","$11,477",Needs follow-up next quarter.,960534,Figure 16: Comparison,Phone,Updated: Policy Change,Mix 2 cups flour with 2 tbsp butter.,name,2022-01-05T20:31:20Z,Mix 3 cups rice with 2 tbsp oil.,oliver_brown698,Average experience.,Breaking: Product Launch,Figure 6: Distribution,978-5-12713-544-6,Viewer,4314-9099-7808-8404,"$69,060.40",Konnichiwa,Oliver is a Sales Rep with 4 years of experience.,Not recommended.,Needs follow-up next quarter.,FileNotFoundError: 3316,The product manages operational metrics.,source_col -> target_col,PII encrypted at rest,2018-01-14,15-75,FileNotFoundError: 8833,tenant-004,Automated processing complete.,Annual Report 2022,tenant=2024-01,Figure 4: Timeline,Needs follow-up next quarter.,514.9,Step 4: Verify the module.,kubectl apply,Breaking: Policy Change,Pending verification.,"6095 Maple Dr, Miami",Michael is a Software Engineer with 13 years of experience.,0.872,320 days,amy_white,v4.9.23: Fixed bug in logging.,dt=acme,Davis,The product tracks operational metrics.  The service monitors compliance records.  The service represents compliance records.  The system represents compliance records.,Updated: Partnership,false,experimental,Needs improvement.,Step 2: Deploy the module.,Figure 15: Timeline,Great product!,rejected,Escalated to management.,'',This paper presents a novel approach for data classification.,Step 4: Monitor the service.,British Pound,NY,PermissionDenied: insufficient privileges,app-10.staging.example.net,The customer account monitors operational metrics.  The service includes customer interactions.  The system tracks transaction histories.,https://data.io/status,This paper presents a novel approach for entity resolution.,10.7161/u996.44,The product manages compliance records.  The customer account manages operational metrics.  The system represents transaction histories.  The system monitors operational metrics.,"compliance, security, automation, cloud",The service manages operational metrics.  This record represents compliance records.,Updated: Product Launch,Mix 2 cups flour with 2 tbsp water.,2020-07-18T22:49:28Z,Mix 1 cups flour with 2 tbsp butter.,"compliance, reporting",Martinez,1.17.13,Mix 2 cups rice with 1 tbsp oil.,Step 4: Deploy the system.,name,jessica_jones,oliver.moore,Jennifer is a CTO with 13 years of experience.
experimental,0.7939,A formal definition of compliance.,776.95,"$80,992.65",SELECT * FROM users WHERE type = 'active',[DEBUG] Connection established to 3720,Mix 1 cups flour with 2 tbsp water.,OH5829134,needs-review,Bonjour,Step 4: Monitor the pipeline.,public.users,Namaste,978-5-91654-886-9,[WARN] Batch 1802 completed,57.25,SELECT * FROM orders WHERE id = '1',The system represents operational metrics.  The system tracks compliance records.,Guten Tag,"Acme Corp, Beacon Analytics, Meridian Health, Vertex Technologies, Catalyst Ventures","monitoring, security, integration, performance, cloud","$33,166",Pending verification.,106201,Figure 1: Overview,Chat,Breaking: Product Launch,Mix 2 cups rice with 2 tbsp oil.,id,2022-05-11 09:09:53,Mix 1 cups sugar with 1 tbsp oil.,anna_taylor471,Not recommended.,Updated: Product Launch,Figure 9: Timeline,978-1-84126-788-8,Viewer,6011-3238-6801-3841,"$77,551.05",Guten Tag,John is a Data Analyst with 12 years of experience.,Average experience.,Resolved — no further action.,PermissionDenied: insufficient privileges,The service manages compliance records.,source_col -> field_b,MFA required for admin,2022-07-27,32-54,Connection timeout after 7621ms,tenant-036,Reviewed and approved.,Executive Review 2023,tenant=acme,Figure 12: Timeline,Pending verification.,599.15,Step 4: Deploy the service.,npm install,New: Product Launch,Flagged for review.,"4976 Oak Ave, Sydney",John is a Software Engineer with 29 years of experience.,0.48,8 days,sarah_lee,v0.7.82: Fixed bug in logging.,tenant=us-east,Harris,The customer account manages operational metrics.  The service monitors compliance records.  This record includes operational metrics.,Updated: Policy Change,false,deprecated,Excellent service.,Step 3: Deploy the module.,Figure 5: Comparison,Needs improvement.,active,Escalated to management.,CURRENT_TIMESTAMP,This paper presents a framework for anomaly detection.,Step 3: Initialize the service.,Euro,IL,FileNotFoundError: 900,cache-8.staging.example.net,The product manages transaction histories.  The customer account includes compliance records.,https://acme.org/users,This paper presents a framework for data classification.,10.7067/f266.4,The service monitors transaction histories.  The product represents data processing activities.  This record manages transaction histories.  The system represents operational metrics.,"analytics, compliance",The product tracks customer interactions.  The service represents operational metrics.  The product represents compliance records.,Breaking: Partnership,Mix 1 cups flour with 1 tbsp water.,2020-01-04 06:53:08,Mix 2 cups rice with 1 tbsp water.,"performance, scalability, cloud",Davis,4.1.21,Mix 3 cups flour with 2 tbsp butter.,Step 3: Monitor the module.,name,robert_walker,olivia.thomas,Sophia is a Software Engineer with 1 years of experience.
experimental,0.876,A systematic definition of compliance.,401.71,"$37,936.20",SELECT * FROM orders WHERE id = 'active',[INFO] Retry attempt 8818 of 3,Mix 3 cups rice with 2 tbsp water.,TX3698122,stable,Bonjour,Step 2: Monitor the module.,public.users,Namaste,978-0-35374-515-1,[ERROR] Request processed in 4840ms,51.2,SELECT * FROM orders WHERE type = 'pending',The system tracks data processing activities.  The service includes compliance records.  The product manages transaction histories.,Bonjour,"Acme Corp, DataCraft Inc, Quantum Dynamics","automation, cloud, data","$5,051",Flagged for review.,308383,Figure 5: Timeline,Social Media,Breaking: Partnership,Mix 3 cups flour with 2 tbsp butter.,name,2020-06-13T02:24:21Z,Mix 2 cups flour with 1 tbsp butter.,annawilliams734,Average experience.,New: Policy Change,Figure 9: Comparison,978-1-16882-263-6,Editor,4230-8693-2464-9328,2805.78,Hola,James is a Sales Rep with 23 years of experience.,Average experience.,Reviewed and approved.,Connection timeout after 7968ms,The customer account monitors customer interactions.,input -> field_b,PII encrypted at rest,2025-09-02,5-81,PermissionDenied: insufficient privileges,tenant-012,Reviewed and approved.,Quarterly Analysis 2023,tenant=acme,Figure 19: Comparison,Reviewed and approved.,340.85,Step 1: Verify the module.,POST /api/orders,Updated: Partnership,Updated per client request.,"1374 Park Blvd, Houston",Richard is a Designer with 3 years of experience.,7.333,20 days,mason_smith,v0.7.61: Improved authentication.,tenant=us-east,Lee,The product tracks customer interactions.  This record represents compliance records.  The product includes customer interactions.,Breaking: Policy Change,false,needs-review,Great product!,Step 1: Verify the pipeline.,Figure 17: Overview,Excellent service.,rejected,Resolved — no further action.,CURRENT_TIMESTAMP,This paper presents an analysis for entity resolution.,Step 3: Configure the pipeline.,Swiss Franc,CO,PermissionDenied: insufficient privileges,app-5.staging.acme.com,The service represents customer interactions.  The product represents customer interactions.,https://api.service.com/users/v2/v2,This paper presents a novel approach for anomaly detection.,10.3825/t244.41,The product represents transaction histories.  The product manages customer interactions.  The system includes data processing activities.,"monitoring, automation, security, reporting",The customer account represents compliance records.  The system manages transaction histories.  The customer account manages data processing activities.  The customer account includes compliance records.,Updated: Partnership,Mix 3 cups sugar with 1 tbsp butter.,2018-10-13T06:18:36Z,Mix 3 cups flour with 1 tbsp butter.,"analytics, performance, monitoring, scalability",Lee,5.0.51,Mix 2 cups rice with 1 tbsp butter.,Step 1: Verify the pipeline.,created_at,james_jones,lucas.robinson,Amy is a VP Engineering with 3 years of experience.
high-priority,0.4266,A formal definition of risk.,770.47,"$39,109.86",SELECT * FROM users WHERE status = 'active',[INFO] Connection established to 42,Mix 3 cups rice with 2 tbsp oil.,OH6385583,experimental,Guten Tag,Step 3: Monitor the service.,public.users,Bonjour,978-4-47674-794-4,[DEBUG] Cache miss for key 3440,11.76,SELECT * FROM users WHERE type = 'pending',The customer account monitors data processing activities.  The system monitors transaction histories.,Guten Tag,"Quantum Dynamics, DataCraft Inc, Pacific Research Group, Vertex Technologies","automation, analytics, performance","$33,561",Pending verification.,183558,Figure 15: Distribution,Web,Updated: Partnership,Mix 1 cups sugar with 2 tbsp butter.,amount,2019-09-05 07:49:51,Mix 1 cups sugar with 2 tbsp oil.,lindaclark154,Great product!,New: Product Launch,Figure 13: Distribution,978-3-82885-330-4,Owner,4237-3927-8454-1502,"$95,739.02",Guten Tag,Emma is a Designer with 26 years of experience.,Needs improvement.,Pending verification.,Connection timeout after 5625ms,The service includes transaction histories.,source_col -> output,Data retained for 7 years,2021-09-21,50-69,NullPointerException at line 5179,tenant-042,Escalated to management.,Technical Review 2021,dt=acme,Figure 1: Distribution,Automated processing complete.,781.62,Step 1: Verify the pipeline.,POST /api/orders,New: Partnership,Needs follow-up next quarter.,"7016 Oak Ave, Boston",Elizabeth is a Designer with 20 years of experience.,17.101,344 days,patricia_miller,v1.10.90: Fixed bug in authentication.,tenant=acme,Martin,The customer account manages transaction histories.  This record monitors operational metrics.  The service tracks transaction histories.,Breaking: Policy Change,true,deprecated,Not recommended.,Step 1: Verify the pipeline.,Figure 8: Overview,Excellent service.,failed,Escalated to management.,'',This paper presents an analysis for entity resolution.,Step 2: Initialize the pipeline.,British Pound,IL,Connection timeout after 2775ms,cache-18.prod.acme.com,The service manages data processing activities.  This record tracks data processing activities.,https://acme.org/status/data/api,This paper presents an analysis for anomaly detection.,10.8168/z650.35,The product represents compliance records.  The system includes transaction histories.  The customer account tracks data processing activities.  This record manages compliance records.,"integration, analytics, automation, scalability, cloud",The customer account monitors compliance records.  The service tracks operational metrics.  The product monitors compliance records.  The customer account manages customer interactions.,New: Partnership,Mix 2 cups flour with 2 tbsp water.,2020-10-25 06:23:50,Mix 2 cups rice with 1 tbsp oil.,"performance, analytics",Thompson,2.2.77,Mix 2 cups flour with 2 tbsp oil.,Step 3: Deploy the pipeline.,amount,oliver_lewis,robert.harris,Robert is a Software Engineer with 29 years of experience.
experimental,0.0439,A formal definition of data quality.,164.37,90559.64,SELECT * FROM orders WHERE type = '1',[ERROR] Cache miss for key 9576,Mix 3 cups flour with 2 tbsp water.,IL2220531,deprecated,Namaste,Step 4: Configure the system.,hr.employees,Hola,978-5-80334-523-1,[DEBUG] Batch 2084 completed,22.14,SELECT * FROM users WHERE status = '1',This record includes operational metrics.  This record includes data processing activities.  The service monitors operational metrics.  The customer account includes compliance records.,Bonjour,"Skyline Partners, Alpine Systems, Catalyst Ventures","scalability, cloud, integration, performance, data","$9,277",Pending verification.,399371,Figure 12: Timeline,Phone,Breaking: Policy Change,Mix 2 cups sugar with 2 tbsp oil.,name,2019-07-07T13:13:07Z,Mix 1 cups rice with 1 tbsp butter.,emily.rodriguez441,Not recommended.,Updated: Product Launch,Figure 12: Timeline,978-8-18968-589-4,Owner,4389-5403-4954-7596,$313.61,Hola,William is a Product Manager with 13 years of experience.,Excellent service.,Flagged for review.,NullPointerException at line 3571,The customer account includes compliance records.,source_col -> field_b,PII encrypted at rest,2023-11-28,32-72,HTTP 503 Service Unavailable,tenant-032,Updated per client request.,Technical Summary 2025,region=2024-01,Figure 3: Distribution,Automated processing complete.,840.39,Step 5: Configure the pipeline.,POST /api/orders,Breaking: Product Launch,Reviewed and approved.,"2406 Oak Ave, Dallas",Olivia is a CTO with 16 years of experience.,13.679,324 days,patricia_king,v3.7.51: Removed logging.,region=acme,Williams,The customer account tracks transaction histories.  The customer account tracks operational metrics.  The service represents compliance records.  This record manages compliance records.,New: Product Launch,true,experimental,Great product!,Step 3: Configure the module.,Figure 7: Overview,Average experience.,completed,Updated per client request.,null,This paper presents a framework for entity resolution.,Step 2: Deploy the system.,Japanese Yen,CO,Connection timeout after 1514ms,db-19.prod.example.net,The system manages data processing activities.  The service monitors data processing activities.  This record monitors transaction histories.  The system tracks compliance records.,https://data.io/status,This paper presents a novel approach for entity resolution.,10.6642/w261.32,This record tracks compliance records.  The service monitors operational metrics.,"performance, cloud, integration, reporting",This record monitors data processing activities.  This record tracks operational metrics.  This record tracks data processing activities.  The service tracks transaction histories.,Updated: Partnership,Mix 3 cups sugar with 1 tbsp butter.,2022-03-06 06:52:53,Mix 2 cups rice with 1 tbsp oil.,"automation, compliance, integration",Garcia,5.18.32,Mix 3 cups sugar with 1 tbsp water.,Step 4: Deploy the system.,amount,amy_moore,lucas.walker,Jessica is a Sales Rep with 3 years of experience.
experimental,0.0111,A operational definition of data quality.,331.14,22405.90,SELECT * FROM orders WHERE type = 'pending',[ERROR] Retry attempt 9655 of 3,Mix 2 cups flour with 1 tbsp oil.,PA3050485,stable,Guten Tag,Step 2: Configure the system.,sales.orders,Konnichiwa,978-9-57025-649-1,[DEBUG] Cache miss for key 830,62.65,SELECT * FROM users WHERE type = 'pending',The service includes operational metrics.  The customer account represents data processing activities.  This record represents transaction histories.,Konnichiwa,"Alpine Systems, Skyline Partners","integration, cloud","$6,390",Reviewed and approved.,493691,Figure 10: Comparison,Email,Breaking: Policy Change,Mix 2 cups flour with 1 tbsp water.,name,2018-11-06 13:51:05,Mix 2 cups flour with 1 tbsp oil.,sarah_robinson325,Average experience.,Updated: Product Launch,Figure 20: Overview,978-9-29979-367-7,Viewer,XXXX-XXXX-XXXX-9307,"$8,585.54",Bonjour,Oliver is a VP Engineering with 27 years of experience.,Needs improvement.,Needs follow-up next quarter.,Connection timeout after 6667ms,The system manages compliance records.,source_col -> target_col,PII encrypted at rest,2022-01-09,6-83,NullPointerException at line 6579,tenant-028,Needs follow-up next quarter.,Executive Review 2021,tenant=2024-01,Figure 1: Timeline,Automated processing complete.,35.04,Step 1: Initialize the system.,GET /api/users,Breaking: Policy Change,Escalated to management.,"946 Cedar Ln, Sydney",Richard is a CTO with 21 years of experience.,15.203,14 days,michael_martinez,v5.0.49: Added support for caching.,dt=2024-01,Martin,The customer account monitors compliance records.  The product manages customer interactions.  This record manages operational metrics.,Breaking: Product Launch,false,approved,Excellent service.,Step 1: Initialize the system.,Figure 15: Distribution,Excellent service.,approved,Flagged for review.,0,This paper presents a novel approach for anomaly detection.,Step 2: Configure the service.,British Pound,FL,HTTP 503 Service Unavailable,cache-15.dev.acme.com,This record monitors operational metrics.  The product monitors compliance records.  The service represents transaction histories.  The product tracks customer interactions.,https://acme.org/data/api/docs,This paper presents a novel approach for data classification.,10.8187/h741.28,The service includes customer interactions.  The service monitors customer interactions.,"cloud, security, analytics, data",The service represents compliance records.  This record includes compliance records.,Updated: Partnership,Mix 3 cups rice with 1 tbsp oil.,2023-10-03T23:14:41Z,Mix 3 cups flour with 1 tbsp oil.,"monitoring, reporting, compliance, cloud",Thomas,0.20.12,Mix 3 cups flour with 2 tbsp oil.,Step 3: Configure the service.,status,david_wright,olivia.taylor,Patricia is a Product Manager with 8 years of experience.
stable,0.3149,A systematic definition of risk.,369.15,"$59,142.52",SELECT * FROM orders WHERE id = 'active',[WARN] Health check passed,Mix 2 cups rice with 2 tbsp butter.,NY9466667,deprecated,Namaste,Step 3: Verify the module.,sales.orders,Bonjour,978-4-41467-711-3,[WARN] Request processed in 4886ms,59.33,SELECT * FROM users WHERE status = 'pending',This record monitors compliance records.  This record monitors customer interactions.  The product tracks data processing activities.  The service represents transaction histories.,Guten Tag,"Global Solutions, Beacon Analytics, DataCraft Inc","compliance, scalability, cloud, reporting","$34,194",Resolved — no further action.,944178,Figure 10: Distribution,Phone,Breaking: Product Launch,Mix 1 cups rice with 1 tbsp oil.,created_at,2021-04-07 10:18:37,Mix 3 cups sugar with 1 tbsp butter.,elizabeth.white577,Excellent service.,Updated: Policy Change,Figure 9: Overview,978-7-16289-126-1,Editor,4585-6894-7254-2581,60930.06,Konnichiwa,Michael is a CTO with 18 years of experience.,Average experience.,Escalated to management.,FileNotFoundError: 7000,The service tracks operational metrics.,input -> target_col,Data retained for 7 years,2018-10-17,41-60,ValueError: invalid literal for int(),tenant-001,Automated processing complete.,Executive Analysis 2026,region=2024-01,Figure 8: Distribution,Escalated to management.,417.27,Step 1: Configure the system.,kubectl apply,New: Policy Change,Reviewed and approved.,"689 Cedar Ln, Houston",Mary is a Product Manager with 12 years of experience.,4.038,84 days,susan_johnson,v1.17.88: Removed caching.,region=us-east,Lewis,The product tracks compliance records.  This record monitors transaction histories.  The customer account represents data processing activities.,Breaking: Product Launch,false,deprecated,Not recommended.,Step 4: Initialize the module.,Figure 2: Overview,Average experience.,pending,Automated processing complete.,1,This paper presents an analysis for data classification.,Step 1: Initialize the service.,Euro,MA,FileNotFoundError: 8043,app-13.dev.acme.com,The product manages operational metrics.  This record tracks operational metrics.  The service tracks data processing activities.,https://acme.org/status/status/status,This paper presents a framework for anomaly detection.,10.8711/b850.7,This record includes operational metrics.  The service represents transaction histories.  The product monitors operational metrics.  The product includes operational metrics.,"monitoring, performance",The system tracks transaction histories.  This record manages operational metrics.  The customer account tracks operational metrics.  The service tracks compliance records.,Breaking: Product Launch,Mix 2 cups flour with 2 tbsp oil.,2020-08-24T07:53:10Z,Mix 2 cups rice with 1 tbsp water.,"monitoring, analytics",Thompson,3.1.87,Mix 3 cups sugar with 2 tbsp butter.,Step 1: Monitor the module.,name,amy_garcia,patricia.walker,Emma is a Data Analyst with 10 years of experience.
stable,0.3847,A systematic definition of risk.,268.93,"$99,819.22",SELECT * FROM orders WHERE status = 'pending',[ERROR] Cache miss for key 8262,Mix 2 cups flour with 2 tbsp butter.,OH3506252,high-priority,Bonjour,Step 2: Monitor the module.,hr.employees,Guten Tag,978-6-10226-432-8,[INFO] Health check passed,98.79,SELECT * FROM users WHERE status = 'pending',The product monitors transaction histories.  The service represents operational metrics.  The customer account tracks operational metrics.,Bonjour,"Meridian Health, Pioneer Software, TechCo Industries, Alpine Systems","integration, automation, compliance, security, performance","$34,063",Escalated to management.,369291,Figure 12: Comparison,Email,Updated: Partnership,Mix 1 cups rice with 1 tbsp water.,amount,2021-08-01 00:14:51,Mix 2 cups rice with 1 tbsp butter.,sarah.thomas958,Not recommended.,Updated: Partnership,Figure 10: Distribution,978-9-39445-900-0,Editor,XXXX-XXXX-XXXX-2844,"$88,084.40",Namaste,Patricia is a Designer with 2 years of experience.,Not recommended.,Pending verification.,Connection timeout after 5976ms,This record includes operational metrics.,input -> target_col,PII encrypted at rest,2019-12-27,13-79,FileNotFoundError: 8869,tenant-009,Updated per client request.,Executive Summary 2025,region=2024-01,Figure 10: Distribution,Pending verification.,300.68,Step 2: Verify the module.,POST /api/orders,New: Policy Change,Updated per client request.,"659 Main St, Portland",Patricia is a Designer with 29 years of experience.,1.416,197 days,david_moore,v3.3.98: Improved authentication.,tenant=2024-01,Rodriguez,The product monitors transaction histories.  The system represents transaction histories.  The product monitors transaction histories.  The customer account tracks data processing activities.,Updated: Policy Change,false,approved,Excellent service.,Step 2: Initialize the module.,Figure 15: Timeline,Not recommended.,active,Reviewed and approved.,null,This paper presents an analysis for entity resolution.,Step 4: Configure the service.,US Dollar,TX,ValueError: invalid literal for int(),cache-6.staging.example.net,The service tracks compliance records.  The service tracks customer interactions.  The customer account monitors data processing activities.  The customer account represents data processing activities.,https://api.service.com/v2/v2/docs,This paper presents a novel approach for anomaly detection.,10.2360/a685.30,The customer account tracks compliance records.  This record manages data processing activities.  This record monitors data processing activities.,"reporting, data, automation, monitoring, integration",The service monitors data processing activities.  The customer account monitors operational metrics.  The product manages transaction histories.  This record tracks transaction histories.,Updated: Product Launch,Mix 1 cups sugar with 2 tbsp water.,2026-06-26T04:05:40Z,Mix 3 cups flour with 2 tbsp butter.,"monitoring, automation, data, reporting, compliance",Anderson,5.16.96,Mix 1 cups rice with 2 tbsp water.,Step 2: Deploy the service.,name,oliver_martinez,patricia.williams,Oliver is a Software Engineer with 13 years of experience.
needs-review,0.4421,A formal definition of risk.,873.1,"$36,982.44",SELECT * FROM users WHERE type = 'active',[INFO] Connection established to 4538,Mix 3 cups flour with 2 tbsp butter.,WA9596569,experimental,Bonjour,Step 2: Verify the system.,public.users,Namaste,978-2-82450-298-8,[ERROR] Health check passed,88.53,SELECT * FROM users WHERE id = 'active',The service manages transaction histories.  The customer account includes transaction histories.  The system includes operational metrics.,Guten Tag,"Pacific Research Group, Meridian Health","integration, data","$32,319",Resolved — no further action.,694528,Figure 15: Distribution,Chat,New: Product Launch,Mix 1 cups flour with 1 tbsp oil.,created_at,2019-03-23T01:50:12Z,Mix 2 cups sugar with 2 tbsp oil.,annaharris660,Not recommended.,New: Policy Change,Figure 8: Overview,978-3-96621-674-9,Guest,3794-1520-0615-3715,60509.41,Guten Tag,Patricia is a Designer with 14 years of experience.,Excellent service.,Pending verification.,ValueError: invalid literal for int(),The service manages transaction histories.,source_col -> output,MFA required for admin,2022-10-09,12-79,ValueError: invalid literal for int(),tenant-020,Resolved — no further action.,Annual Report 2026,dt=acme,Figure 4: Overview,Escalated to management.,355.35,Step 2: Verify the pipeline.,GET /api/users,Updated: Partnership,Needs follow-up next quarter.,"7979 Park Blvd, Austin",Sarah is a Product Manager with 28 years of experience.,19.92,287 days,susan_jones,v3.19.36: Added support for authentication.,tenant=acme,Williams,The service monitors compliance records.  This record represents operational metrics.,New: Policy Change,true,needs-review,Excellent service.,Step 1: Verify the pipeline.,Figure 15: Distribution,Not recommended.,pending,Updated per client request.,null,This paper presents a novel approach for entity resolution.,Step 4: Initialize the pipeline.,British Pound,TX,HTTP 503 Service Unavailable,web-6.prod.example.net,The service monitors transaction histories.  The customer account includes operational metrics.  The service represents compliance records.  This record monitors data processing activities.,https://data.io/docs,This paper presents an analysis for data classification.,10.6196/k473.33,The product represents transaction histories.  The system tracks customer interactions.  The product includes transaction histories.  The system monitors compliance records.,"compliance, performance, integration, monitoring",The customer account represents customer interactions.  The customer account includes transaction histories.  The system represents operational metrics.,New: Policy Change,Mix 3 cups sugar with 2 tbsp oil.,2019-09-13T08:55:13Z,Mix 1 cups sugar with 1 tbsp water.,"compliance, monitoring, security, reporting",Martin,4.1.97,Mix 1 cups flour with 2 tbsp water.,Step 2: Monitor the pipeline.,amount,oliver_thompson,liam.wright,Noah is a Software Engineer with 14 years of experience.
needs-review,0.5857,A formal definition of risk.,328.25,"$35,483.50",SELECT * FROM orders WHERE status = '1',[INFO] Retry attempt 3822 of 3,Mix 2 cups sugar with 1 tbsp water.,FL7286917,experimental,Namaste,Step 3: Verify the service.,analytics.events,Konnichiwa,978-7-90214-586-2,[INFO] Cache miss for key 7718,50.48,SELECT * FROM products WHERE type = '1',The service includes customer interactions.  The system tracks compliance records.,Bonjour,"Alpine Systems, Beacon Analytics, Pioneer Software, TechCo Industries","security, scalability, cloud","$42,520",Resolved — no further action.,720056,Figure 19: Timeline,Chat,Breaking: Product Launch,Mix 1 cups sugar with 2 tbsp water.,type,2019-03-15 13:34:41,Mix 1 cups rice with 1 tbsp butter.,mason.young248,Average experience.,Updated: Policy Change,Figure 9: Comparison,978-3-61164-299-9,Guest,4094-0390-5855-1501,"$77,283.75",Konnichiwa,James is a VP Engineering with 8 years of experience.,Needs improvement.,Escalated to management.,HTTP 503 Service Unavailable,The system includes customer interactions.,source_col -> field_b,PII encrypted at rest,2023-09-02,17-63,ValueError: invalid literal for int(),tenant-037,Flagged for review.,Annual Analysis 2023,dt=2024-01,Figure 10: Distribution,Flagged for review.,152.94,Step 4: Configure the module.,POST /api/orders,Breaking: Partnership,Reviewed and approved.,"3592 Maple Dr, Denver",Liam is a CTO with 16 years of experience.,11.164,216 days,noah_brown,v3.9.65: Added support for logging.,dt=2024-01,Davis,The customer account manages transaction histories.  The customer account monitors data processing activities.  This record manages data processing activities.,Breaking: Partnership,true,experimental,Excellent service.,Step 3: Monitor the service.,Figure 2: Distribution,Excellent service.,rejected,Needs follow-up next quarter.,CURRENT_TIMESTAMP,This paper presents a novel approach for data classification.,Step 2: Configure the service.,British Pound,GA,HTTP 503 Service Unavailable,app-7.dev.example.net,The system represents operational metrics.  The product monitors operational metrics.  The service manages data processing activities.  The system includes compliance records.,https://example.com/users/api,This paper presents a novel approach for data classification.,10.7819/b420.8,This record manages operational metrics.  The product manages compliance records.  The system manages data processing activities.,"cloud, automation, security, compliance",This record includes data processing activities.  The system includes operational metrics.  The customer account monitors operational metrics.  The customer account represents compliance records.,Breaking: Policy Change,Mix 1 cups sugar with 1 tbsp butter.,2023-07-03 01:52:07,Mix 3 cups rice with 1 tbsp butter.,"compliance, integration, analytics, scalability",Jackson,5.2.1,Mix 1 cups sugar with 2 tbsp oil.,Step 4: Configure the system.,email,emma_lewis,harper.rodriguez,Mason is a Product Manager with 28 years of experience.
needs-review,0.8877,A systematic definition of compliance.,105.58,"$82,898.16",SELECT * FROM users WHERE id = 'pending',[WARN] Connection established to 7013,Mix 2 cups sugar with 2 tbsp water.,CO8618907,deprecated,Guten Tag,Step 2: Initialize the module.,analytics.events,Bonjour,978-8-23863-352-9,[DEBUG] Batch 7804 completed,72.47,SELECT * FROM users WHERE status = 'pending',The system monitors transaction histories.  The customer account tracks compliance records.  This record represents compliance records.,Guten Tag,"Alpine Systems, Catalyst Ventures","cloud, data, analytics, compliance, reporting","$8,120",Escalated to management.,898982,Figure 20: Comparison,Social Media,New: Product Launch,Mix 3 cups rice with 2 tbsp butter.,name,2022-09-19 18:30:02,Mix 1 cups sugar with 1 tbsp oil.,elizabeth.king774,Average experience.,Updated: Partnership,Figure 3: Distribution,978-4-65915-260-1,Admin,XXXX-XXXX-XXXX-5968,"$10,984.49",Hola,Michael is a CTO with 17 years of experience.,Great product!,Escalated to management.,NullPointerException at line 7699,The system monitors operational metrics.,field_a -> output,MFA required for admin,2023-04-27,18-87,NullPointerException at line 2760,tenant-009,Updated per client request.,Annual Report 2026,tenant=acme,Figure 13: Distribution,Updated per client request.,679.68,Step 4: Verify the module.,kubectl apply,Updated: Product Launch,Escalated to management.,"1063 Maple Dr, Miami",Noah is a Data Analyst with 28 years of experience.,1.692,189 days,aiden_davis,v4.18.52: Fixed bug in logging.,region=us-east,Smith,The product represents customer interactions.  The customer account includes customer interactions.  The system monitors compliance records.,New: Partnership,false,needs-review,Average experience.,Step 5: Configure the module.,Figure 3: Timeline,Excellent service.,approved,Automated processing complete.,null,This paper presents a framework for data classification.,Step 5: Verify the service.,Japanese Yen,CO,NullPointerException at line 9532,app-10.prod.acme.com,The system monitors operational metrics.  This record monitors customer interactions.,https://api.service.com/status/status/status,This paper presents a framework for data classification.,10.8877/t991.20,The service monitors operational metrics.  The customer account monitors customer interactions.  The system includes compliance records.,"cloud, performance, analytics",This record includes data processing activities.  This record includes data processing activities.  This record monitors customer interactions.  This record tracks operational metrics.,New: Partnership,Mix 2 cups sugar with 1 tbsp water.,2019-10-09T08:41:11Z,Mix 1 cups sugar with 1 tbsp water.,"automation, security, integration, analytics, cloud",King,2.18.60,Mix 3 cups sugar with 1 tbsp butter.,Step 1: Verify the system.,status,linda_king,emily.martin,Elizabeth is a Data Analyst with 30 years of experience.
experimental,0.7256,A systematic definition of compliance.,331.21,"$92,091.67",SELECT * FROM orders WHERE status = 'active',[WARN] Retry attempt 4659 of 3,Mix 3 cups flour with 1 tbsp water.,NY3641790,needs-review,Konnichiwa,Step 4: Verify the pipeline.,analytics.events,Bonjour,978-8-60485-621-0,[WARN] Batch 7227 completed,87.68,SELECT * FROM products WHERE id = 'pending',The customer account monitors data processing activities.  The service monitors transaction histories.  The product represents transaction histories.  The system monitors transaction histories.,Bonjour,"Global Solutions, DataCraft Inc, Vertex Technologies, Alpine Systems","performance, security","$47,748",Reviewed and approved.,450153,Figure 5: Distribution,Web,New: Product Launch,Mix 2 cups sugar with 1 tbsp oil.,status,2024-11-07T08:02:55Z,Mix 3 cups flour with 1 tbsp butter.,emily_lee826,Needs improvement.,Breaking: Partnership,Figure 6: Overview,978-8-38674-896-3,Viewer,3777-5062-9260-0235,49878.44,Konnichiwa,Liam is a Product Manager with 24 years of experience.,Average experience.,Resolved — no further action.,HTTP 503 Service Unavailable,The customer account includes data processing activities.,input -> target_col,PII encrypted at rest,2019-12-07,38-59,FileNotFoundError: 7260,tenant-028,Pending verification.,Executive Analysis 2024,dt=acme,Figure 7: Distribution,Flagged for review.,836.14,Step 4: Deploy the pipeline.,kubectl apply,Updated: Product Launch,Automated processing complete.,"6694 Park Blvd, Los Angeles",Sophia is a Designer with 15 years of experience.,15.46,307 days,oliver_jones,v4.6.41: Fixed bug in logging.,region=us-east,Smith,The customer account tracks compliance records.  The product manages compliance records.  The product manages operational metrics.  The product tracks transaction histories.,Updated: Product Launch,false,needs-review,Great product!,Step 2: Verify the module.,Figure 4: Comparison,Needs improvement.,rejected,Needs follow-up next quarter.,false,This paper presents an analysis for data classification.,Step 1: Verify the service.,Japanese Yen,MA,NullPointerException at line 2843,api-3.dev.example.net,The customer account includes operational metrics.  The system includes compliance records.,https://data.io/api,This paper presents an analysis for entity resolution.,10.6140/f430.35,This record manages data processing activities.  The customer account monitors transaction histories.  The service manages operational metrics.,"automation, reporting, analytics, security, data",The service represents transaction histories.  This record manages compliance records.  The customer account manages transaction histories.  The service represents customer interactions.,Updated: Product Launch,Mix 1 cups flour with 2 tbsp butter.,2018-03-09T10:05:48Z,Mix 2 cups flour with 1 tbsp butter.,"cloud, automation",White,4.16.47,Mix 1 cups flour with 2 tbsp water.,Step 2: Initialize the service.,email,jessica_martinez,susan.smith,Mason is a Product Manager with 13 years of experience.
deprecated,0.0255,A formal definition of data quality.,335.25,"$61,077.15",SELECT * FROM users WHERE status = 'active',[WARN] Retry attempt 289 of 3,Mix 2 cups rice with 1 tbsp water.,NC8079444,approved,Namaste,Step 5: Initialize the system.,hr.employees,Konnichiwa,978-7-16083-812-9,[DEBUG] Request processed in 4921ms,94.03,SELECT * FROM products WHERE status = 'pending',The customer account monitors compliance records.  The service includes transaction histories.  The service represents customer interactions.,Namaste,"DataCraft Inc, Global Solutions, TechCo Industries, Alpine Systems","scalability, monitoring","$47,782",Escalated to management.,803183,Figure 9: Distribution,Phone,Updated: Partnership,Mix 3 cups rice with 1 tbsp oil.,name,2020-06-16T14:58:39Z,Mix 2 cups flour with 1 tbsp water.,liam_walker475,Not recommended.,New: Policy Change,Figure 1: Comparison,978-4-96913-243-3,Admin,5625-0731-4617-4858,"$22,573.58",Namaste,Susan is a VP Engineering with 8 years of experience.,Excellent service.,Needs follow-up next quarter.,PermissionDenied: insufficient privileges,This record includes customer interactions.,field_a -> target_col,MFA required for admin,2023-05-21,50-78,HTTP 503 Service Unavailable,tenant-011,Needs follow-up next quarter.,Annual Analysis 2020,dt=us-east,Figure 20: Timeline,Resolved — no further action.,48.77,Step 2: Configure the service.,POST /api/orders,New: Partnership,Updated per client request.,"2652 Pine Rd, Paris",Jessica is a VP Engineering with 22 years of experience.,11.645,23 days,oliver_walker,v5.7.22: Fixed bug in logging.,tenant=2024-01,Garcia,This record represents operational metrics.  The service represents customer interactions.  This record represents operational metrics.  The product includes customer interactions.,Updated: Product Launch,false,high-priority,Needs improvement.,Step 1: Configure the service.,Figure 13: Distribution,Needs improvement.,approved,Updated per client request.,false,This paper presents a framework for data classification.,Step 4: Configure the service.,Japanese Yen,OH,PermissionDenied: insufficient privileges,cache-18.staging.acme.com,The customer account manages customer interactions.  The service tracks compliance records.,https://data.io/api,This paper presents a novel approach for entity resolution.,10.8411/v635.2,The service tracks transaction histories.  The service manages operational metrics.  The service manages data processing activities.  The system manages data processing activities.,"cloud, integration, monitoring",The product manages compliance records.  The service tracks transaction histories.  This record includes operational metrics.  The service tracks data processing activities.,New: Product Launch,Mix 3 cups rice with 1 tbsp butter.,2018-12-02T22:22:18Z,Mix 3 cups sugar with 2 tbsp oil.,"analytics, scalability, security",Brown,0.16.10,Mix 1 cups rice with 2 tbsp butter.,Step 1: Monitor the pipeline.,amount,lucas_jones,william.jones,Elizabeth is a Designer with 30 years of experience.
high-priority,0.2314,A operational definition of data quality.,733.16,60273.91,SELECT * FROM users WHERE status = 'pending',[INFO] Request processed in 9109ms,Mix 3 cups rice with 2 tbsp butter.,TX5744798,approved,Guten Tag,Step 3: Verify the module.,sales.orders,Guten Tag,978-3-39003-474-8,[ERROR] Health check passed,78.88,SELECT * FROM users WHERE status = '1',The customer account includes data processing activities.  The product manages customer interactions.,Konnichiwa,"Meridian Health, Vertex Technologies, DataCraft Inc","compliance, reporting","$13,578",Automated processing complete.,736462,Figure 10: Distribution,Chat,Breaking: Policy Change,Mix 3 cups rice with 1 tbsp oil.,type,2023-06-15T20:25:28Z,Mix 2 cups sugar with 2 tbsp butter.,jessica.moore16,Great product!,Breaking: Product Launch,Figure 1: Overview,978-1-19972-381-2,Guest,5390-3446-3281-5203,75259.30,Konnichiwa,Patricia is a Product Manager with 23 years of experience.,Not recommended.,Updated per client request.,ValueError: invalid literal for int(),This record manages data processing activities.,field_a -> output,MFA required for admin,2024-08-04,27-93,FileNotFoundError: 6416,tenant-032,Updated per client request.,Annual Analysis 2026,region=2024-01,Figure 11: Distribution,Pending verification.,607.03,Step 3: Initialize the module.,npm install,New: Policy Change,Reviewed and approved.,"896 Pine Rd, Portland",Emma is a VP Engineering with 9 years of experience.,11.924,85 days,mary_miller,v2.15.78: Improved caching.,tenant=acme,Robinson,This record includes customer interactions.  The service includes compliance records.  The service represents compliance records.  The service manages transaction histories.,Updated: Product Launch,true,deprecated,Needs improvement.,Step 4: Configure the system.,Figure 14: Overview,Not recommended.,completed,Pending verification.,1,This paper presents a framework for entity resolution.,Step 4: Initialize the system.,Euro,TX,ValueError: invalid literal for int(),app-1.staging.example.net,The product manages data processing activities.  The system manages customer interactions.,https://api.service.com/data/api,This paper presents an analysis for data classification.,10.8726/i333.33,This record tracks customer interactions.  This record includes compliance records.,"compliance, scalability",The customer account tracks customer interactions.  The service manages compliance records.  The service manages customer interactions.  The service manages data processing activities.,Breaking: Product Launch,Mix 1 cups flour with 2 tbsp oil.,2022-01-11 16:24:50,Mix 1 cups flour with 1 tbsp water.,"automation, compliance",Harris,2.15.42,Mix 2 cups sugar with 1 tbsp oil.,Step 4: Initialize the system.,created_at,harper_brown,robert.young,James is a CTO with 13 years of experience.
stable,0.9762,A formal definition of risk.,20.5,"$62,718.68",SELECT * FROM orders WHERE status = 'pending',[ERROR] Batch 4255 completed,Mix 1 cups flour with 2 tbsp water.,CO5264400,approved,Bonjour,Step 3: Configure the module.,analytics.events,Guten Tag,978-6-67941-442-6,[WARN] Request processed in 8101ms,52.86,SELECT * FROM products WHERE id = 'active',The system manages data processing activities.  The product includes data processing activities.  This record represents operational metrics.  The product manages compliance records.,Namaste,"Quantum Dynamics, Meridian Health, TechCo Industries, Catalyst Ventures, Acme Corp","security, cloud","$36,429",Pending verification.,739687,Figure 1: Distribution,Web,New: Policy Change,Mix 3 cups rice with 1 tbsp oil.,name,2020-09-10 00:08:02,Mix 3 cups rice with 2 tbsp water.,james.wright908,Great product!,Updated: Partnership,Figure 4: Overview,978-1-51203-139-9,Viewer,4853-8485-2190-7423,32779.45,Konnichiwa,Sophia is a CTO with 17 years of experience.,Excellent service.,Reviewed and approved.,PermissionDenied: insufficient privileges,This record monitors transaction histories.,input -> target_col,PII encrypted at rest,2020-02-14,50-94,HTTP 503 Service Unavailable,tenant-041,Automated processing complete.,Annual Review 2026,tenant=acme,Figure 20: Timeline,Escalated to management.,726.53,Step 1: Configure the module.,GET /api/users,Updated: Partnership,Needs follow-up next quarter.,"4196 Main St, Tokyo",Emily is a Designer with 11 years of experience.,10.186,222 days,harper_jones,v4.0.28: Fixed bug in logging.,dt=us-east,Young,The system represents compliance records.  The product represents compliance records.  The customer account tracks compliance records.,New: Policy Change,false,deprecated,Great product!,Step 2: Deploy the module.,Figure 11: Timeline,Not recommended.,cancelled,Needs follow-up next quarter.,1,This paper presents an analysis for anomaly detection.,Step 5: Initialize the service.,Euro,CA,ValueError: invalid literal for int(),web-6.dev.acme.com,The product tracks data processing activities.  This record manages transaction histories.,https://api.service.com/data/api/docs,This paper presents an analysis for anomaly detection.,10.3923/z757.17,The service represents operational metrics.  The product manages transaction histories.  The customer account manages customer interactions.,"monitoring, scalability",The system monitors data processing activities.  This record includes transaction histories.  This record represents customer interactions.,Updated: Policy Change,Mix 2 cups rice with 1 tbsp oil.,2021-04-07 01:38:20,Mix 2 cups sugar with 2 tbsp butter.,"data, performance, analytics, monitoring, reporting",Walker,4.13.0,Mix 3 cups sugar with 2 tbsp water.,Step 2: Configure the module.,amount,elizabeth_wright,james.brown,Logan is a Sales Rep with 28 years of experience.
stable,0.0762,A systematic definition of compliance.,613.95,"$74,669.76",SELECT * FROM products WHERE type = '1',[WARN] Batch 4420 completed,Mix 3 cups flour with 1 tbsp water.,OH4543896,experimental,Namaste,Step 3: Monitor the module.,public.users,Konnichiwa,978-4-56446-276-1,[DEBUG] Cache miss for key 6784,98.53,SELECT * FROM products WHERE status = 'pending',The product monitors customer interactions.  The customer account manages compliance records.  The service monitors operational metrics.  The system manages customer interactions.,Konnichiwa,"Quantum Dynamics, DataCraft Inc, TechCo Industries","cloud, analytics, monitoring, compliance","$49,027",Pending verification.,560712,Figure 9: Comparison,Mobile,New: Policy Change,Mix 2 cups flour with 2 tbsp oil.,id,2020-05-25T00:24:23Z,Mix 1 cups sugar with 1 tbsp oil.,richard.taylor819,Needs improvement.,New: Partnership,Figure 1: Distribution,978-3-45752-665-3,Admin,XXXX-XXXX-XXXX-6720,74948.44,Namaste,Oliver is a Sales Rep with 7 years of experience.,Not recommended.,Automated processing complete.,FileNotFoundError: 1193,The product represents transaction histories.,input -> field_b,Data retained for 7 years,2022-07-09,34-64,HTTP 503 Service Unavailable,tenant-025,Resolved — no further action.,Quarterly Summary 2020,dt=2024-01,Figure 20: Comparison,Resolved — no further action.,741.44,Step 3: Configure the pipeline.,GET /api/users,New: Partnership,Reviewed and approved.,"9244 Cedar Ln, Boston",Patricia is a Software Engineer with 3 years of experience.,6.487,262 days,logan_young,v4.17.41: Fixed bug in caching.,tenant=2024-01,Martinez,The customer account manages customer interactions.  This record tracks transaction histories.,New: Policy Change,false,needs-review,Great product!,Step 1: Configure the service.,Figure 15: Comparison,Not recommended.,rejected,Flagged for review.,0,This paper presents a framework for data classification.,Step 1: Initialize the system.,US Dollar,CO,Connection timeout after 5952ms,app-1.staging.example.net,The service represents operational metrics.  The customer account represents compliance records.  The service includes operational metrics.  The customer account monitors compliance records.,https://api.service.com/data/api/data,This paper presents a novel approach for entity resolution.,10.7119/o383.11,This record monitors transaction histories.  The service tracks operational metrics.  The service represents operational metrics.,"monitoring, automation",The system represents operational metrics.  The service monitors compliance records.,Updated: Partnership,Mix 3 cups sugar with 2 tbsp water.,2021-06-18T13:07:16Z,Mix 3 cups rice with 2 tbsp oil.,"data, scalability, reporting, security",Rodriguez,1.4.99,Mix 3 cups sugar with 2 tbsp oil.,Step 4: Monitor the pipeline.,type,amy_taylor,william.moore,Noah is a Product Manager with 8 years of experience.
needs-review,0.2547,A systematic definition of risk.,263.66,41362.03,SELECT * FROM orders WHERE type = '1',[ERROR] Retry attempt 1278 of 3,Mix 1 cups sugar with 1 tbsp water.,IL8976700,deprecated,Namaste,Step 1: Verify the module.,sales.orders,Bonjour,978-9-25414-726-4,[DEBUG] Connection established to 6239,61.97,SELECT * FROM users WHERE status = '1',This record includes data processing activities.  The service manages customer interactions.,Namaste,"Vertex Technologies, Pioneer Software","data, performance, reporting, security, scalability","$28,289",Reviewed and approved.,121902,Figure 20: Timeline,Phone,New: Partnership,Mix 2 cups rice with 1 tbsp oil.,status,2026-01-28 05:46:12,Mix 2 cups flour with 1 tbsp butter.,olivia_miller135,Great product!,Breaking: Partnership,Figure 7: Timeline,978-5-76644-246-5,Admin,XXXX-XXXX-XXXX-7533,37195.51,Bonjour,Emily is a VP Engineering with 17 years of experience.,Needs improvement.,Reviewed and approved.,ValueError: invalid literal for int(),The customer account manages operational metrics.,field_a -> output,MFA required for admin,2018-08-20,6-75,ValueError: invalid literal for int(),tenant-014,Reviewed and approved.,Quarterly Summary 2022,dt=2024-01,Figure 17: Overview,Flagged for review.,464.25,Step 1: Configure the system.,npm install,New: Partnership,Pending verification.,"4515 Maple Dr, Phoenix",Olivia is a Designer with 2 years of experience.,12.409,301 days,lucas_young,v2.2.31: Added support for logging.,region=2024-01,Garcia,The service represents customer interactions.  This record represents transaction histories.,Breaking: Partnership,false,approved,Not recommended.,Step 5: Initialize the system.,Figure 11: Timeline,Needs improvement.,active,Reviewed and approved.,0,This paper presents an analysis for entity resolution.,Step 3: Configure the pipeline.,US Dollar,IL,PermissionDenied: insufficient privileges,app-11.prod.example.net,The system monitors customer interactions.  The customer account tracks transaction histories.  The service monitors compliance records.,https://acme.org/docs,This paper presents a framework for data classification.,10.5508/h101.45,The product includes customer interactions.  The customer account tracks operational metrics.  The product monitors data processing activities.,"monitoring, reporting, cloud, performance",This record represents customer interactions.  The customer account monitors operational metrics.  The product monitors data processing activities.  This record represents operational metrics.,Updated: Product Launch,Mix 3 cups sugar with 2 tbsp butter.,2022-05-19T06:34:29Z,Mix 3 cups rice with 2 tbsp butter.,"performance, scalability, analytics, data",Walker,4.11.35,Mix 2 cups rice with 2 tbsp oil.,Step 5: Deploy the pipeline.,created_at,sophia_jones,amy.jones,Lucas is a Software Engineer with 21 years of experience.
needs-review,0.204,A operational definition of data quality.,537.69,"$56,361.69",SELECT * FROM users WHERE id = '1',[ERROR] Batch 7836 completed,Mix 1 cups flour with 2 tbsp water.,OH9389254,deprecated,Bonjour,Step 2: Initialize the system.,analytics.events,Bonjour,978-4-46726-462-2,[WARN] Retry attempt 8182 of 3,28.99,SELECT * FROM users WHERE id = 'pending',The customer account manages transaction histories.  The system includes compliance records.  The customer account represents operational metrics.  The system includes operational metrics.,Namaste,"Pacific Research Group, Skyline Partners, Alpine Systems","performance, reporting","$37,227",Updated per client request.,144702,Figure 13: Distribution,Phone,Breaking: Partnership,Mix 1 cups sugar with 1 tbsp butter.,status,2022-05-16 06:51:49,Mix 1 cups flour with 2 tbsp butter.,richard_davis536,Needs improvement.,Updated: Policy Change,Figure 15: Timeline,978-9-57220-385-4,Guest,6011-5125-7112-9062,6670.21,Guten Tag,Emily is a Software Engineer with 9 years of experience.,Needs improvement.,Updated per client request.,NullPointerException at line 7092,This record includes data processing activities.,source_col -> target_col,Data retained for 7 years,2020-01-26,31-68,FileNotFoundError: 1842,tenant-029,Escalated to management.,Annual Analysis 2020,tenant=us-east,Figure 4: Comparison,Automated processing complete.,370.57,Step 2: Verify the system.,npm install,Breaking: Partnership,Reviewed and approved.,"1144 Park Blvd, Tokyo",Amy is a Data Analyst with 26 years of experience.,11.95,112 days,mason_jones,v4.5.37: Added support for caching.,tenant=us-east,Williams,The customer account tracks customer interactions.  The product represents customer interactions.  The product represents compliance records.  The service includes compliance records.,Updated: Product Launch,false,experimental,Average experience.,Step 5: Configure the module.,Figure 6: Comparison,Needs improvement.,rejected,Reviewed and approved.,null,This paper presents a novel approach for data classification.,Step 3: Initialize the module.,Swiss Franc,FL,FileNotFoundError: 1589,db-19.dev.example.net,This record monitors transaction histories.  This record tracks operational metrics.  The product monitors transaction histories.  The customer account includes customer interactions.,https://acme.org/docs/api,This paper presents an analysis for entity resolution.,10.9167/g820.36,The system tracks data processing activities.  The customer account manages customer interactions.,"integration, compliance",This record represents operational metrics.  The system represents operational metrics.  The service monitors transaction histories.  The customer account manages compliance records.,New: Policy Change,Mix 1 cups sugar with 2 tbsp water.,2019-05-18 14:34:56,Mix 3 cups sugar with 1 tbsp water.,"automation, compliance, scalability, reporting",Jones,1.13.29,Mix 3 cups flour with 2 tbsp oil.,Step 4: Monitor the module.,id,james_robinson,robert.martinez,John is a Designer with 12 years of experience.
approved,0.3861,A operational definition of data quality.,519.19,"$68,688.84",SELECT * FROM orders WHERE status = 'active',[ERROR] Batch 7333 completed,Mix 3 cups rice with 1 tbsp oil.,FL8780646,high-priority,Namaste,Step 4: Configure the module.,analytics.events,Guten Tag,978-9-99330-594-1,[ERROR] Cache miss for key 2096,86.96,SELECT * FROM products WHERE id = 'pending',The product represents data processing activities.  The service represents transaction histories.  The system represents transaction histories.  This record monitors transaction histories.,Konnichiwa,"Global Solutions, DataCraft Inc","cloud, performance","$24,890",Flagged for review.,431194,Figure 7: Distribution,In-Store,New: Policy Change,Mix 3 cups rice with 2 tbsp butter.,email,2026-01-14T03:39:42Z,Mix 2 cups sugar with 1 tbsp oil.,michaelmiller290,Excellent service.,New: Policy Change,Figure 17: Comparison,978-7-56719-764-9,Admin,5422-6571-5909-3201,"$84,703.75",Namaste,Jennifer is a Data Analyst with 6 years of experience.,Average experience.,Updated per client request.,ValueError: invalid literal for int(),The customer account includes transaction histories.,source_col -> output,PII encrypted at rest,2024-05-13,49-73,ValueError: invalid literal for int(),tenant-041,Escalated to management.,Executive Analysis 2026,region=acme,Figure 3: Distribution,Flagged for review.,215.52,Step 5: Initialize the pipeline.,POST /api/orders,Breaking: Policy Change,Updated per client request.,"1966 Park Blvd, Dallas",Michael is a Product Manager with 28 years of experience.,17.029,362 days,emma_johnson,v5.9.36: Improved API.,region=2024-01,Anderson,The customer account includes customer interactions.  The customer account manages transaction histories.,Breaking: Policy Change,false,stable,Excellent service.,Step 5: Deploy the pipeline.,Figure 13: Comparison,Great product!,pending,Resolved — no further action.,CURRENT_TIMESTAMP,This paper presents a novel approach for entity resolution.,Step 2: Initialize the service.,US Dollar,NY,HTTP 503 Service Unavailable,app-4.dev.acme.com,The system monitors customer interactions.  The system includes compliance records.  The product represents transaction histories.  The customer account tracks data processing activities.,https://data.io/data/users/docs,This paper presents a novel approach for data classification.,10.3217/c685.25,The customer account monitors customer interactions.  The customer account manages transaction histories.,"cloud, reporting, analytics, monitoring, data",The customer account manages compliance records.  This record represents data processing activities.  The customer account monitors transaction histories.,Breaking: Policy Change,Mix 3 cups sugar with 2 tbsp oil.,2025-01-27 01:10:15,Mix 3 cups rice with 1 tbsp oil.,"scalability, performance, monitoring, integration, cloud",Garcia,2.16.66,Mix 1 cups rice with 1 tbsp water.,Step 3: Initialize the system.,name,emily_johnson,david.anderson,Jennifer is a Product Manager with 25 years of experience.
approved,0.491,A operational definition of data quality.,852.16,85491.56,SELECT * FROM products WHERE status = 'pending',[INFO] Retry attempt 5128 of 3,Mix 1 cups sugar with 2 tbsp water.,CA6334153,experimental,Hola,Step 4: Configure the system.,analytics.events,Bonjour,978-2-87927-946-3,[DEBUG] Cache miss for key 499,56.54,SELECT * FROM users WHERE type = '1',The product monitors operational metrics.  The product represents data processing activities.,Konnichiwa,"Skyline Partners, Catalyst Ventures, TechCo Industries, Acme Corp","integration, analytics, security, automation","$40,349",Automated processing complete.,747444,Figure 19: Overview,In-Store,New: Product Launch,Mix 2 cups sugar with 2 tbsp oil.,name,2021-04-10 04:51:59,Mix 3 cups rice with 1 tbsp water.,liam_miller426,Not recommended.,Updated: Partnership,Figure 14: Overview,978-2-32800-609-0,Viewer,5231-6337-6464-9917,87736.25,Konnichiwa,Sophia is a Sales Rep with 23 years of experience.,Excellent service.,Reviewed and approved.,HTTP 503 Service Unavailable,The product represents operational metrics.,input -> target_col,PII encrypted at rest,2025-03-26,33-82,HTTP 503 Service Unavailable,tenant-008,Needs follow-up next quarter.,Executive Summary 2024,tenant=acme,Figure 9: Comparison,Escalated to management.,878.69,Step 2: Verify the service.,npm install,Updated: Policy Change,Flagged for review.,"8387 Oak Ave, New York",Olivia is a Product Manager with 11 years of experience.,2.678,334 days,oliver_jones,v5.17.73: Added support for API.,dt=acme,King,The system includes customer interactions.  The product manages compliance records.  The product represents operational metrics.  The customer account represents transaction histories.,Breaking: Partnership,true,deprecated,Great product!,Step 1: Configure the module.,Figure 4: Overview,Needs improvement.,inactive,Automated processing complete.,null,This paper presents an analysis for anomaly detection.,Step 2: Deploy the module.,US Dollar,NC,ValueError: invalid literal for int(),cache-18.staging.acme.com,The service includes compliance records.  The system manages customer interactions.  The customer account manages compliance records.  The system monitors data processing activities.,https://example.com/docs/users/api,This paper presents a novel approach for entity resolution.,10.4348/z787.48,This record represents customer interactions.  The customer account includes compliance records.  The product tracks data processing activities.,"security, performance, analytics, scalability, cloud",The customer account represents operational metrics.  The service includes customer interactions.  The service tracks customer interactions.  The product represents customer interactions.,New: Product Launch,Mix 3 cups rice with 2 tbsp oil.,2023-04-26T16:59:39Z,Mix 2 cups rice with 2 tbsp water.,"compliance, security, analytics",Brown,3.0.26,Mix 2 cups flour with 2 tbsp water.,Step 1: Monitor the pipeline.,email,sophia_king,michael.taylor,Logan is a CTO with 20 years of experience.
high-priority,0.2204,A systematic definition of data quality.,333.97,"$41,983.57",SELECT * FROM users WHERE status = 'active',[WARN] Cache miss for key 9623,Mix 1 cups sugar with 1 tbsp oil.,NC9064220,experimental,Namaste,Step 4: Configure the system.,public.users,Hola,978-6-25732-429-1,[WARN] Retry attempt 3388 of 3,99.36,SELECT * FROM users WHERE id = 'pending',The service includes data processing activities.  The system includes customer interactions.  The service includes operational metrics.,Bonjour,"TechCo Industries, DataCraft Inc, Beacon Analytics, Acme Corp","automation, data, security, analytics, cloud","$16,284",Flagged for review.,329581,Figure 18: Distribution,Chat,New: Partnership,Mix 2 cups flour with 1 tbsp oil.,type,2026-06-14 05:49:56,Mix 2 cups sugar with 2 tbsp butter.,richarddavis260,Needs improvement.,Breaking: Product Launch,Figure 2: Timeline,978-5-43319-898-5,Editor,3701-5025-8800-5478,"$48,543.03",Bonjour,Richard is a Product Manager with 16 years of experience.,Not recommended.,Updated per client request.,HTTP 503 Service Unavailable,The service represents customer interactions.,field_a -> target_col,PII encrypted at rest,2021-05-11,50-72,PermissionDenied: insufficient privileges,tenant-010,Needs follow-up next quarter.,Executive Analysis 2025,dt=2024-01,Figure 20: Distribution,Resolved — no further action.,456.76,Step 1: Configure the module.,docker run,New: Policy Change,Pending verification.,"8062 Main St, Miami",Amy is a Sales Rep with 19 years of experience.,15.151,241 days,emily_moore,v4.4.72: Improved API.,region=us-east,Thompson,The customer account manages operational metrics.  The product represents operational metrics.  The system manages operational metrics.,Updated: Product Launch,true,approved,Not recommended.,Step 5: Configure the pipeline.,Figure 6: Distribution,Needs improvement.,cancelled,Reviewed and approved.,0,This paper presents an analysis for anomaly detection.,Step 5: Verify the pipeline.,US Dollar,PA,HTTP 503 Service Unavailable,api-2.prod.acme.com,The service tracks compliance records.  The customer account tracks operational metrics.,https://example.com/api/users/docs,This paper presents a framework for data classification.,10.9231/q296.29,The product monitors operational metrics.  The service manages compliance records.  This record manages data processing activities.,"analytics, integration, compliance",This record tracks transaction histories.  The service tracks compliance records.,New: Product Launch,Mix 2 cups sugar with 2 tbsp water.,2026-11-20 09:09:08,Mix 3 cups sugar with 2 tbsp butter.,"reporting, analytics",Davis,1.2.78,Mix 2 cups sugar with 2 tbsp butter.,Step 2: Deploy the service.,name,emma_wright,michael.lee,Elizabeth is a CTO with 7 years of experience.
stable,0.858,A systematic definition of compliance.,979.04,26866.57,SELECT * FROM orders WHERE status = 'pending',[WARN] Retry attempt 5777 of 3,Mix 2 cups flour with 1 tbsp water.,TX9216191,experimental,Hola,Step 5: Configure the service.,hr.employees,Namaste,978-3-39985-440-0,[INFO] Connection established to 2338,17.28,SELECT * FROM users WHERE id = 'active',The service monitors customer interactions.  The customer account includes transaction histories.  The customer account manages data processing activities.,Hola,"Vertex Technologies, Acme Corp, Meridian Health","cloud, analytics, security","$32,493",Updated per client request.,908966,Figure 11: Distribution,Email,Updated: Partnership,Mix 1 cups sugar with 1 tbsp water.,created_at,2024-08-11 22:10:10,Mix 3 cups sugar with 2 tbsp water.,logan.jackson431,Not recommended.,Breaking: Policy Change,Figure 2: Timeline,978-2-44881-592-8,Editor,6011-9699-4117-1869,"$77,654.60",Guten Tag,Sarah is a Data Analyst with 20 years of experience.,Not recommended.,Automated processing complete.,HTTP 503 Service Unavailable,The product manages data processing activities.,source_col -> output,PII encrypted at rest,2022-06-29,45-61,NullPointerException at line 9616,tenant-044,Reviewed and approved.,Quarterly Review 2022,dt=2024-01,Figure 17: Comparison,Updated per client request.,936.85,Step 4: Deploy the pipeline.,kubectl apply,Updated: Partnership,Updated per client request.,"5698 Pine Rd, Dallas",Emily is a Sales Rep with 22 years of experience.,18.76,345 days,john_lewis,v3.8.1: Fixed bug in logging.,dt=us-east,Smith,The product monitors compliance records.  The system tracks operational metrics.  The product monitors operational metrics.,Breaking: Product Launch,false,high-priority,Average experience.,Step 5: Verify the pipeline.,Figure 19: Distribution,Great product!,inactive,Resolved — no further action.,'',This paper presents a framework for entity resolution.,Step 3: Initialize the pipeline.,Euro,CO,Connection timeout after 8195ms,web-20.prod.acme.com,The service includes operational metrics.  The service monitors transaction histories.  The system tracks data processing activities.  The customer account represents data processing activities.,https://acme.org/status/docs/v2,This paper presents a novel approach for anomaly detection.,10.4569/o437.1,This record represents transaction histories.  This record represents transaction histories.  This record manages operational metrics.,"reporting, security, scalability, data",This record manages operational metrics.  The system represents transaction histories.  The system monitors customer interactions.,Breaking: Policy Change,Mix 3 cups sugar with 1 tbsp oil.,2026-02-19 05:05:42,Mix 1 cups rice with 1 tbsp oil.,"analytics, reporting, compliance, cloud",King,1.10.37,Mix 3 cups sugar with 2 tbsp water.,Step 2: Configure the service.,id,olivia_harris,jessica.thomas,Noah is a Product Manager with 10 years of experience.
experimental,0.6245,A formal definition of compliance.,957.4,"$27,810.44",SELECT * FROM orders WHERE status = '1',[INFO] Cache miss for key 3115,Mix 3 cups sugar with 2 tbsp oil.,CA4337896,deprecated,Bonjour,Step 5: Initialize the module.,sales.orders,Konnichiwa,978-3-83594-172-9,[INFO] Request processed in 2482ms,82.86,SELECT * FROM users WHERE type = '1',The service manages transaction histories.  The service includes customer interactions.,Bonjour,"Alpine Systems, Global Solutions, Beacon Analytics, Skyline Partners","compliance, integration, performance, data, cloud","$26,624",Flagged for review.,642125,Figure 13: Overview,Email,Breaking: Product Launch,Mix 2 cups rice with 1 tbsp oil.,amount,2021-12-04 13:25:30,Mix 3 cups rice with 2 tbsp oil.,amyjohnson54,Great product!,New: Partnership,Figure 18: Distribution,978-2-48003-585-2,Guest,XXXX-XXXX-XXXX-3655,"$44,078.85",Konnichiwa,Jennifer is a CTO with 4 years of experience.,Average experience.,Resolved — no further action.,NullPointerException at line 1342,The system tracks transaction histories.,input -> field_b,Data retained for 7 years,2020-01-11,42-70,FileNotFoundError: 8767,tenant-039,Pending verification.,Technical Analysis 2021,region=acme,Figure 8: Distribution,Updated per client request.,534.03,Step 4: Initialize the system.,npm install,New: Partnership,Automated processing complete.,"9718 Cedar Ln, Houston",Richard is a Software Engineer with 22 years of experience.,6.32,236 days,anna_lee,v3.18.62: Improved authentication.,region=acme,Thompson,The product manages compliance records.  The system represents operational metrics.,Breaking: Product Launch,false,experimental,Great product!,Step 2: Initialize the pipeline.,Figure 19: Comparison,Not recommended.,completed,Needs follow-up next quarter.,'',This paper presents an analysis for data classification.,Step 4: Verify the pipeline.,US Dollar,NY,FileNotFoundError: 6597,app-13.prod.acme.com,The customer account tracks customer interactions.  This record tracks transaction histories.,https://example.com/v2/status/docs,This paper presents a novel approach for entity resolution.,10.5045/w881.36,The system manages customer interactions.  The product represents transaction histories.,"compliance, automation, monitoring, integration, reporting",The system manages operational metrics.  This record represents data processing activities.  This record manages operational metrics.  This record represents customer interactions.,Updated: Policy Change,Mix 2 cups rice with 2 tbsp oil.,2022-09-16T23:55:00Z,Mix 1 cups sugar with 2 tbsp oil.,"cloud, automation, data, monitoring",Walker,1.16.44,Mix 3 cups sugar with 2 tbsp oil.,Step 5: Deploy the module.,name,john_thomas,david.smith,Oliver is a Software Engineer with 27 years of experience.
needs-review,0.6618,A formal definition of compliance.,301.61,"$63,571.16",SELECT * FROM products WHERE id = '1',[DEBUG] Request processed in 3295ms,Mix 3 cups flour with 1 tbsp oil.,GA2949514,approved,Hola,Step 5: Monitor the pipeline.,hr.employees,Bonjour,978-5-84585-266-0,[ERROR] Batch 5379 completed,12.95,SELECT * FROM products WHERE id = 'pending',The system monitors operational metrics.  The service tracks transaction histories.  The service represents compliance records.  The product tracks transaction histories.,Namaste,"Pacific Research Group, DataCraft Inc, Catalyst Ventures, Vertex Technologies, Acme Corp","security, cloud","$28,955",Needs follow-up next quarter.,968197,Figure 11: Comparison,Social Media,Breaking: Partnership,Mix 3 cups sugar with 1 tbsp oil.,amount,2020-04-23T03:02:41Z,Mix 2 cups rice with 1 tbsp water.,harper_taylor445,Needs improvement.,Updated: Policy Change,Figure 3: Overview,978-2-26663-529-5,Guest,6011-3567-9257-9067,14804.15,Bonjour,Richard is a Product Manager with 18 years of experience.,Not recommended.,Automated processing complete.,PermissionDenied: insufficient privileges,This record monitors compliance records.,input -> field_b,PII encrypted at rest,2025-11-30,45-58,PermissionDenied: insufficient privileges,tenant-022,Automated processing complete.,Technical Analysis 2024,region=2024-01,Figure 19: Timeline,Escalated to management.,339.54,Step 2: Monitor the system.,npm install,New: Product Launch,Automated processing complete.,"8289 Oak Ave, Austin",William is a VP Engineering with 15 years of experience.,2.395,67 days,elizabeth_jones,v5.11.0: Fixed bug in API.,dt=acme,Harris,The product represents customer interactions.  The customer account monitors transaction histories.  The product represents transaction histories.,Updated: Policy Change,false,deprecated,Not recommended.,Step 5: Deploy the service.,Figure 4: Overview,Excellent service.,inactive,Pending verification.,false,This paper presents a novel approach for entity resolution.,Step 2: Monitor the system.,Euro,GA,Connection timeout after 7346ms,web-7.prod.example.net,The product monitors operational metrics.  The system tracks operational metrics.  The service tracks customer interactions.,https://data.io/users,This paper presents an analysis for data classification.,10.7336/f708.26,The service monitors customer interactions.  The system manages data processing activities.  The customer account monitors compliance records.  The system manages operational metrics.,"performance, reporting",The customer account includes customer interactions.  The system represents transaction histories.  The service represents data processing activities.,Breaking: Product Launch,Mix 2 cups rice with 1 tbsp butter.,2022-12-03 14:30:28,Mix 1 cups sugar with 1 tbsp butter.,"compliance, integration, security",Garcia,4.10.69,Mix 1 cups flour with 1 tbsp butter.,Step 1: Initialize the pipeline.,name,lucas_anderson,ethan.taylor,Jessica is a Designer with 12 years of experience.
deprecated,0.1498,A formal definition of data quality.,814.35,60967.87,SELECT * FROM products WHERE status = 'active',[WARN] Request processed in 5040ms,Mix 2 cups sugar with 2 tbsp butter.,NC6921291,high-priority,Guten Tag,Step 1: Verify the module.,hr.employees,Namaste,978-7-67578-690-2,[WARN] Request processed in 9272ms,97.24,SELECT * FROM orders WHERE type = 'active',The system represents data processing activities.  The system tracks compliance records.,Konnichiwa,"TechCo Industries, Global Solutions, Acme Corp","performance, analytics, security, scalability, integration","$14,225",Resolved — no further action.,697189,Figure 4: Comparison,Social Media,New: Policy Change,Mix 3 cups sugar with 2 tbsp water.,created_at,2021-03-24T23:53:16Z,Mix 2 cups sugar with 2 tbsp water.,jennifer_thompson635,Great product!,New: Partnership,Figure 11: Timeline,978-7-48437-747-4,Guest,5247-0108-6459-6513,"$42,296.61",Konnichiwa,Richard is a CTO with 15 years of experience.,Excellent service.,Automated processing complete.,FileNotFoundError: 7090,The system monitors operational metrics.,source_col -> output,Data retained for 7 years,2026-02-22,9-72,NullPointerException at line 638,tenant-036,Resolved — no further action.,Annual Review 2024,region=us-east,Figure 16: Overview,Flagged for review.,507.91,Step 2: Deploy the service.,kubectl apply,Updated: Policy Change,Reviewed and approved.,"7075 Main St, Sydney",Mary is a Sales Rep with 28 years of experience.,13.187,161 days,susan_jackson,v3.12.43: Improved logging.,dt=2024-01,Moore,The service represents operational metrics.  The system manages transaction histories.,Breaking: Policy Change,false,high-priority,Not recommended.,Step 1: Verify the pipeline.,Figure 8: Distribution,Average experience.,inactive,Escalated to management.,1,This paper presents a novel approach for data classification.,Step 4: Monitor the module.,US Dollar,NC,PermissionDenied: insufficient privileges,web-17.prod.acme.com,The customer account manages customer interactions.  The customer account includes transaction histories.  This record represents customer interactions.,https://acme.org/v2/docs,This paper presents an analysis for entity resolution.,10.1011/a238.47,The system includes compliance records.  The service tracks customer interactions.  This record represents compliance records.,"compliance, automation",The customer account tracks data processing activities.  The service includes compliance records.  This record manages transaction histories.,Breaking: Partnership,Mix 3 cups sugar with 1 tbsp oil.,2019-09-02T05:12:52Z,Mix 1 cups rice with 1 tbsp butter.,"automation, analytics, integration, data",Miller,4.7.82,Mix 1 cups flour with 1 tbsp butter.,Step 2: Verify the system.,name,noah_davis,oliver.lewis,Oliver is a VP Engineering with 12 years of experience.
needs-review,0.4334,A formal definition of compliance.,865.48,"$3,304.61",SELECT * FROM products WHERE type = '1',[ERROR] Request processed in 772ms,Mix 2 cups sugar with 2 tbsp oil.,IL5309652,high-priority,Guten Tag,Step 3: Verify the service.,hr.employees,Konnichiwa,978-1-65892-742-1,[WARN] Cache miss for key 350,95.89,SELECT * FROM orders WHERE id = 'active',The customer account monitors customer interactions.  The system tracks operational metrics.  The product manages transaction histories.,Guten Tag,"DataCraft Inc, Quantum Dynamics, Beacon Analytics","data, reporting, scalability","$14,735",Needs follow-up next quarter.,636081,Figure 1: Comparison,Web,Updated: Partnership,Mix 2 cups sugar with 1 tbsp butter.,type,2026-11-07 04:26:45,Mix 2 cups sugar with 1 tbsp water.,aiden_johnson649,Not recommended.,Updated: Policy Change,Figure 12: Comparison,978-7-32197-214-6,Guest,5077-5984-4104-7190,$99.14,Hola,Aiden is a Data Analyst with 5 years of experience.,Excellent service.,Needs follow-up next quarter.,NullPointerException at line 8541,The service represents data processing activities.,input -> target_col,Data retained for 7 years,2023-10-25,21-91,PermissionDenied: insufficient privileges,tenant-017,Flagged for review.,Annual Review 2022,tenant=2024-01,Figure 20: Overview,Escalated to management.,452.73,Step 2: Verify the system.,GET /api/users,Breaking: Partnership,Automated processing complete.,"4857 Main St, San Francisco",Lucas is a CTO with 23 years of experience.,15.92,269 days,harper_martin,v4.9.73: Removed logging.,region=us-east,Thompson,This record tracks operational metrics.  The system monitors customer interactions.,Breaking: Policy Change,false,approved,Not recommended.,Step 4: Monitor the pipeline.,Figure 5: Timeline,Average experience.,pending,Updated per client request.,null,This paper presents a novel approach for entity resolution.,Step 3: Configure the service.,Swiss Franc,NC,HTTP 503 Service Unavailable,app-6.dev.acme.com,The service represents data processing activities.  The system monitors data processing activities.  The customer account manages operational metrics.,https://acme.org/api/data/users,This paper presents an analysis for anomaly detection.,10.6784/q604.27,The system represents operational metrics.  The customer account manages compliance records.  The product monitors compliance records.,"automation, security, analytics, scalability",This record represents compliance records.  The service includes compliance records.  The product represents data processing activities.  The product includes operational metrics.,New: Product Launch,Mix 1 cups rice with 2 tbsp butter.,2026-08-21 05:28:09,Mix 2 cups sugar with 1 tbsp oil.,"performance, monitoring, compliance, reporting, automation",Wright,5.2.10,Mix 2 cups flour with 1 tbsp water.,Step 3: Configure the pipeline.,id,linda_moore,mason.jones,Ethan is a Software Engineer with 8 years of experience.
experimental,0.3621,A systematic definition of risk.,284.99,"$25,577.80",SELECT * FROM products WHERE id = 'pending',[INFO] Retry attempt 8844 of 3,Mix 2 cups flour with 1 tbsp oil.,OH3397791,needs-review,Hola,Step 4: Verify the service.,hr.employees,Guten Tag,978-2-10766-425-5,[INFO] Health check passed,98.42,SELECT * FROM orders WHERE id = 'active',This record manages operational metrics.  The product includes customer interactions.  The system monitors customer interactions.  The system includes transaction histories.,Guten Tag,"Catalyst Ventures, Meridian Health","monitoring, security, compliance, data","$3,463",Resolved — no further action.,81596,Figure 5: Comparison,Email,Breaking: Product Launch,Mix 1 cups rice with 1 tbsp water.,created_at,2018-11-02 13:49:14,Mix 2 cups flour with 2 tbsp water.,harper.jackson58,Needs improvement.,New: Product Launch,Figure 7: Distribution,978-0-39745-875-3,Admin,5154-0172-9433-4085,"$31,938.65",Guten Tag,John is a Product Manager with 26 years of experience.,Average experience.,Needs follow-up next quarter.,PermissionDenied: insufficient privileges,The service represents operational metrics.,field_a -> field_b,Data retained for 7 years,2026-09-19,13-77,ValueError: invalid literal for int(),tenant-028,Updated per client request.,Executive Review 2021,tenant=us-east,Figure 15: Overview,Pending verification.,984.87,Step 2: Monitor the module.,docker run,New: Product Launch,Resolved — no further action.,"707 Main St, Toronto",Anna is a Software Engineer with 20 years of experience.,11.045,242 days,william_davis,v5.10.48: Improved logging.,tenant=us-east,Robinson,The system includes compliance records.  The system includes customer interactions.  The product monitors compliance records.  The product manages customer interactions.,New: Partnership,false,deprecated,Average experience.,Step 4: Monitor the pipeline.,Figure 3: Timeline,Excellent service.,rejected,Automated processing complete.,0,This paper presents a framework for entity resolution.,Step 1: Deploy the system.,Euro,WA,FileNotFoundError: 195,web-7.prod.acme.com,The product includes operational metrics.  The service tracks customer interactions.  The service monitors data processing activities.,https://acme.org/api,This paper presents a novel approach for anomaly detection.,10.9298/w886.13,This record tracks transaction histories.  The service includes operational metrics.,"automation, data, scalability, performance",The customer account monitors transaction histories.  This record monitors operational metrics.  The service includes compliance records.  This record manages operational metrics.,Updated: Policy Change,Mix 1 cups flour with 2 tbsp oil.,2022-01-17T09:15:01Z,Mix 1 cups sugar with 1 tbsp butter.,"cloud, reporting, data, analytics",Martin,3.4.95,Mix 2 cups sugar with 2 tbsp oil.,Step 2: Initialize the service.,email,mary_robinson,michael.lewis,Anna is a CTO with 5 years of experience.
approved,0.8109,A systematic definition of risk.,728.33,"$87,218.26",SELECT * FROM products WHERE id = '1',[ERROR] Request processed in 8771ms,Mix 1 cups rice with 1 tbsp butter.,NY7399582,stable,Guten Tag,Step 4: Verify the service.,hr.employees,Namaste,978-9-73337-134-1,[DEBUG] Batch 3566 completed,15.31,SELECT * FROM products WHERE id = '1',The system manages transaction histories.  The system monitors transaction histories.  The service represents transaction histories.,Hola,"Alpine Systems, Vertex Technologies, Global Solutions, Pioneer Software","security, analytics, integration, scalability, cloud","$41,517",Reviewed and approved.,919098,Figure 6: Comparison,Mobile,New: Policy Change,Mix 3 cups flour with 1 tbsp oil.,type,2026-10-07 01:27:36,Mix 2 cups flour with 2 tbsp water.,michael_martinez480,Not recommended.,Updated: Partnership,Figure 4: Comparison,978-6-68433-350-8,Viewer,XXXX-XXXX-XXXX-7830,"$28,902.48",Bonjour,Elizabeth is a Designer with 21 years of experience.,Needs improvement.,Pending verification.,PermissionDenied: insufficient privileges,The product includes data processing activities.,source_col -> field_b,Data retained for 7 years,2023-11-02,22-65,FileNotFoundError: 450,tenant-010,Needs follow-up next quarter.,Technical Review 2021,region=2024-01,Figure 20: Timeline,Reviewed and approved.,953.85,Step 5: Verify the pipeline.,docker run,New: Product Launch,Automated processing complete.,"8982 Elm St, London",Jennifer is a VP Engineering with 3 years of experience.,3.998,226 days,jennifer_martinez,v4.14.53: Removed authentication.,region=us-east,Thompson,This record manages data processing activities.  The product manages compliance records.  The system includes data processing activities.,New: Product Launch,false,deprecated,Excellent service.,Step 3: Monitor the pipeline.,Figure 7: Timeline,Great product!,inactive,Updated per client request.,null,This paper presents an analysis for entity resolution.,Step 4: Deploy the service.,US Dollar,NC,PermissionDenied: insufficient privileges,cache-2.staging.example.net,The product includes data processing activities.  This record manages transaction histories.  The product tracks data processing activities.,https://example.com/users/api/status,This paper presents an analysis for data classification.,10.9953/b868.19,The system tracks data processing activities.  The product includes compliance records.  This record includes data processing activities.,"monitoring, analytics, scalability, automation, cloud",The service monitors transaction histories.  The service tracks operational metrics.,New: Partnership,Mix 3 cups rice with 1 tbsp water.,2022-01-03 09:48:43,Mix 1 cups sugar with 2 tbsp oil.,"analytics, security, integration, performance",Clark,3.9.11,Mix 2 cups sugar with 1 tbsp water.,Step 5: Deploy the system.,amount,emily_thomas,logan.jackson,Susan is a VP Engineering with 7 years of experience.
stable,0.4778,A systematic definition of data quality.,784.64,91644.25,SELECT * FROM users WHERE id = '1',[ERROR] Request processed in 6073ms,Mix 3 cups sugar with 1 tbsp oil.,GA1138826,high-priority,Konnichiwa,Step 1: Deploy the pipeline.,analytics.events,Konnichiwa,978-8-63662-937-3,[ERROR] Cache miss for key 9789,32.49,SELECT * FROM users WHERE id = 'pending',The product includes transaction histories.  The product monitors data processing activities.  The product includes transaction histories.,Bonjour,"Pioneer Software, TechCo Industries, Quantum Dynamics, Catalyst Ventures","integration, data, monitoring","$31,441",Escalated to management.,870894,Figure 10: Comparison,Social Media,New: Product Launch,Mix 1 cups sugar with 1 tbsp water.,created_at,2019-08-20T05:17:25Z,Mix 3 cups flour with 1 tbsp oil.,emma_johnson18,Excellent service.,Updated: Product Launch,Figure 8: Timeline,978-0-19739-282-3,Viewer,3796-9607-3147-7151,"$94,915.50",Namaste,Robert is a Sales Rep with 2 years of experience.,Not recommended.,Escalated to management.,FileNotFoundError: 1059,The service represents compliance records.,source_col -> target_col,PII encrypted at rest,2021-07-02,25-80,ValueError: invalid literal for int(),tenant-006,Resolved — no further action.,Technical Analysis 2023,tenant=2024-01,Figure 1: Distribution,Automated processing complete.,731.74,Step 1: Initialize the system.,POST /api/orders,New: Partnership,Escalated to management.,"8390 Cedar Ln, Sydney",Elizabeth is a CTO with 6 years of experience.,19.014,291 days,susan_king,v5.7.78: Removed authentication.,region=us-east,Clark,This record tracks transaction histories.  The system tracks operational metrics.  The product tracks transaction histories.,Updated: Policy Change,false,high-priority,Needs improvement.,Step 5: Monitor the module.,Figure 11: Distribution,Needs improvement.,rejected,Pending verification.,null,This paper presents a novel approach for data classification.,Step 5: Monitor the service.,Euro,NY,ValueError: invalid literal for int(),cache-13.dev.acme.com,This record tracks operational metrics.  The customer account includes data processing activities.  This record monitors operational metrics.,https://example.com/api,This paper presents a framework for data classification.,10.2867/h920.31,The product tracks customer interactions.  The product tracks data processing activities.  The system tracks data processing activities.  The customer account tracks transaction histories.,"scalability, performance, automation, reporting",The customer account represents compliance records.  The service includes operational metrics.  The customer account tracks data processing activities.,Breaking: Partnership,Mix 3 cups rice with 1 tbsp water.,2022-08-25T01:37:50Z,Mix 1 cups flour with 2 tbsp water.,"integration, cloud, monitoring",Walker,2.14.80,Mix 3 cups sugar with 1 tbsp butter.,Step 2: Deploy the service.,name,john_johnson,emma.miller,Sophia is a CTO with 11 years of experience.
deprecated,0.2281,A operational definition of data quality.,76.33,"$73,959.69",SELECT * FROM orders WHERE id = '1',[ERROR] Cache miss for key 1456,Mix 1 cups rice with 1 tbsp butter.,NY4878837,high-priority,Guten Tag,Step 4: Initialize the system.,public.users,Hola,978-7-83050-231-8,[DEBUG] Connection established to 2410,18.39,SELECT * FROM users WHERE id = '1',The customer account tracks compliance records.  The customer account tracks data processing activities.  The system represents compliance records.  The service includes customer interactions.,Guten Tag,"Pacific Research Group, TechCo Industries","integration, performance, reporting, security, compliance","$32,029",Flagged for review.,87749,Figure 10: Comparison,Phone,New: Partnership,Mix 3 cups rice with 1 tbsp water.,amount,2025-12-02 09:41:25,Mix 2 cups sugar with 1 tbsp butter.,oliviaking285,Excellent service.,Breaking: Partnership,Figure 15: Distribution,978-4-55148-785-6,Guest,3796-3476-6867-4243,"$80,785.58",Hola,Emily is a Software Engineer with 9 years of experience.,Needs improvement.,Updated per client request.,Connection timeout after 5546ms,The service tracks compliance records.,source_col -> target_col,Data retained for 7 years,2019-10-05,20-83,PermissionDenied: insufficient privileges,tenant-029,Flagged for review.,Quarterly Summary 2023,region=2024-01,Figure 19: Distribution,Flagged for review.,259.83,Step 4: Monitor the system.,POST /api/orders,New: Policy Change,Needs follow-up next quarter.,"5606 Cedar Ln, Tokyo",Ethan is a Software Engineer with 4 years of experience.,4.801,120 days,ethan_jones,v0.17.93: Removed caching.,tenant=acme,Lewis,The system manages data processing activities.  The product represents compliance records.  The product manages operational metrics.,Updated: Partnership,true,stable,Needs improvement.,Step 1: Initialize the system.,Figure 8: Comparison,Needs improvement.,completed,Flagged for review.,0,This paper presents an analysis for anomaly detection.,Step 5: Configure the service.,Swiss Franc,TX,PermissionDenied: insufficient privileges,api-1.staging.example.net,The product represents operational metrics.  The service tracks transaction histories.  The product monitors transaction histories.  The service manages transaction histories.,https://data.io/docs/users,This paper presents a framework for anomaly detection.,10.3952/i369.21,This record tracks compliance records.  The product represents operational metrics.  The product includes customer interactions.,"automation, performance, integration, security",The system monitors customer interactions.  The product includes compliance records.  This record represents transaction histories.  The product manages customer interactions.,Updated: Partnership,Mix 1 cups flour with 1 tbsp water.,2021-04-28T14:38:58Z,Mix 3 cups flour with 2 tbsp butter.,"compliance, security, scalability",Wright,1.20.92,Mix 3 cups rice with 1 tbsp oil.,Step 3: Configure the system.,email,david_garcia,anna.moore,Noah is a Product Manager with 18 years of experience.
high-priority,0.7963,A systematic definition of risk.,966.94,44028.58,SELECT * FROM users WHERE id = 'pending',[WARN] Batch 5419 completed,Mix 2 cups rice with 1 tbsp water.,IL9809474,deprecated,Bonjour,Step 4: Verify the module.,public.users,Bonjour,978-6-19755-442-0,[WARN] Connection established to 4864,16.83,SELECT * FROM products WHERE id = 'active',The product represents operational metrics.  The product monitors transaction histories.  The service manages compliance records.  The service monitors data processing activities.,Hola,"Acme Corp, Meridian Health, Beacon Analytics","compliance, analytics, reporting","$10,624",Needs follow-up next quarter.,566113,Figure 7: Timeline,Chat,Updated: Policy Change,Mix 2 cups flour with 1 tbsp butter.,amount,2023-04-04T02:05:13Z,Mix 2 cups sugar with 1 tbsp oil.,mary.garcia375,Not recommended.,New: Product Launch,Figure 15: Distribution,978-0-28510-293-1,Editor,5126-3284-0941-0828,97795.62,Hola,Ethan is a VP Engineering with 11 years of experience.,Not recommended.,Escalated to management.,Connection timeout after 5583ms,The customer account manages customer interactions.,field_a -> target_col,MFA required for admin,2018-11-14,13-80,Connection timeout after 2237ms,tenant-028,Automated processing complete.,Technical Report 2024,region=acme,Figure 8: Timeline,Escalated to management.,599.23,Step 1: Configure the service.,npm install,New: Policy Change,Automated processing complete.,"3736 Cedar Ln, Toronto",Lucas is a Data Analyst with 18 years of experience.,17.698,273 days,mary_taylor,v5.2.98: Fixed bug in logging.,region=us-east,Anderson,This record includes transaction histories.  The customer account manages compliance records.,New: Product Launch,false,deprecated,Average experience.,Step 1: Initialize the service.,Figure 8: Comparison,Excellent service.,pending,Escalated to management.,'',This paper presents a framework for anomaly detection.,Step 5: Initialize the system.,Japanese Yen,GA,NullPointerException at line 8697,web-8.staging.acme.com,The system monitors customer interactions.  The customer account represents data processing activities.,https://api.service.com/v2/v2/api,This paper presents a novel approach for entity resolution.,10.8737/t546.30,The product monitors customer interactions.  This record includes compliance records.,"analytics, cloud, monitoring, performance",The customer account represents data processing activities.  This record manages data processing activities.  The customer account includes compliance records.  This record manages compliance records.,Breaking: Partnership,Mix 3 cups flour with 1 tbsp butter.,2019-11-28 09:24:14,Mix 1 cups sugar with 2 tbsp oil.,"scalability, performance, automation, compliance",Thomas,5.10.24,Mix 2 cups rice with 2 tbsp water.,Step 4: Configure the pipeline.,id,jennifer_harris,david.walker,Ethan is a CTO with 22 years of experience.
high-priority,0.5354,A operational definition of compliance.,839.39,11749.67,SELECT * FROM users WHERE type = '1',[INFO] Retry attempt 8456 of 3,Mix 1 cups rice with 1 tbsp butter.,WA8439058,experimental,Hola,Step 4: Configure the service.,public.users,Hola,978-5-56158-601-5,[ERROR] Cache miss for key 7257,46.37,SELECT * FROM orders WHERE type = '1',The product monitors compliance records.  The customer account includes customer interactions.  The customer account manages compliance records.,Namaste,"Pacific Research Group, Catalyst Ventures","compliance, reporting, performance","$27,197",Automated processing complete.,924987,Figure 13: Timeline,Web,Breaking: Product Launch,Mix 3 cups sugar with 2 tbsp oil.,id,2023-01-07T17:27:50Z,Mix 1 cups flour with 1 tbsp oil.,richardwhite693,Excellent service.,Updated: Product Launch,Figure 4: Comparison,978-3-48736-622-6,Editor,XXXX-XXXX-XXXX-4610,"$82,752.39",Namaste,Richard is a Designer with 3 years of experience.,Not recommended.,Needs follow-up next quarter.,PermissionDenied: insufficient privileges,The system monitors transaction histories.,field_a -> target_col,PII encrypted at rest,2018-04-26,11-60,NullPointerException at line 8476,tenant-018,Escalated to management.,Annual Review 2026,region=acme,Figure 3: Comparison,Needs follow-up next quarter.,90.2,Step 4: Deploy the service.,kubectl apply,New: Policy Change,Updated per client request.,"1963 Main St, Austin",Liam is a Data Analyst with 30 years of experience.,16.355,145 days,mary_jones,v1.12.72: Added support for caching.,dt=us-east,Jones,The customer account manages transaction histories.  This record includes transaction histories.  The system monitors transaction histories.  The product monitors customer interactions.,Updated: Policy Change,false,high-priority,Needs improvement.,Step 2: Initialize the system.,Figure 10: Comparison,Average experience.,active,Updated per client request.,1,This paper presents an analysis for data classification.,Step 3: Deploy the module.,Swiss Franc,TX,NullPointerException at line 6815,cache-18.dev.example.net,This record represents data processing activities.  The service represents compliance records.  The service monitors transaction histories.,https://data.io/status/users/status,This paper presents a novel approach for anomaly detection.,10.8526/y138.14,The system monitors transaction histories.  The customer account includes customer interactions.  The customer account tracks customer interactions.,"reporting, integration, data, automation, performance",The system tracks compliance records.  This record represents compliance records.  The service monitors transaction histories.,New: Policy Change,Mix 2 cups sugar with 1 tbsp butter.,2018-07-20T05:24:30Z,Mix 2 cups flour with 2 tbsp oil.,"integration, cloud, automation",White,4.0.10,Mix 3 cups rice with 2 tbsp butter.,Step 3: Initialize the system.,created_at,michael_king,james.lewis,James is a CTO with 7 years of experience.
