deviceType,length,p_qtu,browserUserAgent,quarter,song_track_title,customer_address_text,SCORE_INDEX,measlum,meta_343,adr_text,dayOfWeek,cgq63,REVENUE_SALES,dim_card_verification_value,required,vws18,year,month,dateTime,BROWSER_USER_AGENT,modified_at,channel,organizationName,dim_plzm,timeOfDay,channel_2,measscore,STATUS_CODE,mrn,startDate,quarter_2,MONTH,rating,cd_verification_value,marital_status,field_mwi,intval,cronSchedule,attr_bro,val_396,dim_score_index,cronval,binaryValue,continent_6,PERIOD_INTERVAL,recurrence,discriminator,QUARTER,score_index_6,f_nnju,DATE_TIME,obwav35,loadTimestamp,comment_note_6,score_index_v2,p_end_,END_DATE,licenseTerms,v_lvp,START_DATE,LOAD_TIMESTAMP,timeval,DATE,channel_3,threshold_limit,qtrval,valrule,field_868,mean_average,raw_cron_schedule,periodval,q2,DEVICE_TYPE,fact_quarter,dtval,devtype,shipping_method,startdt,checksumHash,pricing_strategy,epoch,mobile,monthval,cron_schedule_6,resolution,prescription_field,p_10,severity_level,sourceAttribution,score_index,xejow61,cron_schedule_v2,sourceSystem,timestamp,raw_date_time,dim_cron,quarter_6,dev_type,p_vnim,v_rfle,money_code,LICENSE_PLATE_NUMBER,date,typeClass,quarter_data,x_star,device_type_val,meta_863,scoreIndex,c_394,DELETED_AT
Wearable,702.46,2021-02-05,Firefox,Q2 2026,Bohemian Rhapsody,"9731 Park Blvd, Dallas",4.02,54292.0,+14727376124,"2588 Park Blvd, Seattle",Saturday,59 16 * * *,"$2,702,837",7804,YES,2019-03-16T00:00:00Z,2016,December,2020-06-01T00:00:00Z,Safari,2020-07-04 22:15:23,In-Store,Global Solutions,MATCHES '^[A-Z]+',01:40:21,Email,5.0,active,MRN-374581,2021-06-16,Q4 2024,October,7.99,400,Divorced,10:28:30,4920,34 13 * * 1-5,Safari,22 12 * * 1-5,6.62,1 1 * * 1-5,1,Oceania,2020-2025,6 22 * * *,update,Q1 2026,7.64,"$1,596,941",2021-10-22T00:00:00Z,2002,2022-02-22T16:43:23Z,Needs follow-up next quarter.,1.44,2021-08-30,2024-01-06,CC BY 4.0,In-Store,2022-04-15,2021-11-07T19:31:00Z,14:17:03,2026-11-20,Phone,max=1502,Q2 2022,CHECK (val > 0),2021-10-23,-14.5946,"30 12 * * 0,6",Q1 2024,Q2 2020,Wearable,Q4 2023,2019-11-20T00:00:00Z,Desktop,Overnight,2018-01-01,febee82497c9916fb908a0f661d3eb4ca4cbe4d39e1cee99d79ff5f836063e3d,Market-based,2020-2025,Mobile,April,8 4 * * *,2560x1440,Ibuprofen 200mg,"55 17 * * 0,6",Info,WHO,7.78,Mobile,"19 16 * * 0,6",SAP,2024-01-28T00:00:00Z,2021-02-12T00:00:00Z,"8 20 * * 0,6",Q3 2023,Mobile,GET /api/users,Thursday,USD,POO-2071,2019-10-04,Basic,Q2 2020,2020-05-13,Smart TV,sophia_miller@yahoo.com,5.39,Opera,
Mobile,200.87,2023-09-03,Edge,Q2 2022,Imagine,"4158 Cedar Ln, Boston",5.99,98174.2,(298) 809-8727,"3933 Cedar Ln, Denver",Monday,55 14 * * 1-5,"$5,392,389",6453,true,2020-06-09T00:00:00Z,1996,July,2020-07-22T00:00:00Z,Firefox,2023-11-07T15:58:03Z,Social Media,Skyline Partners,BETWEEN 1 AND 100,16:01:27,In-Store,0.81,active,MRN-721945,2024-09-16,Q1 2025,June,3.55,246,Divorced,20:23:15,2087,39 7 * * *,Safari,"34 16 * * 0,6",0.88,16 17 * * *,1,Europe,FY 2025,"6 14 * * 0,6",update,Q3 2026,4.95,"$3,637,685",2021-05-01T00:00:00Z,1995,2022-07-11 08:03:48,Needs follow-up next quarter.,1.94,2021-12-16,2019-08-07,MIT,Chat,2020-06-21,2018-09-05T18:56:23Z,01:32:31,2018-02-08,Social Media,max=4137,Q1 2024,NOT NULL,2019-01-31,64.1243,2 7 * * 1-5,H2 2023,Q3 2026,Mobile,Q4 2023,2026-11-16T00:00:00Z,Desktop,Freight,2021-12-27,d39093f832e21a261219342e089c9f4b6d347ec9050a330032bdcb7af274ed85,Penetration,Q1 2024,Desktop,February,28 0 * * *,2560x1440,Albuterol 90mcg,"45 22 * * 0,6",High,CDC,1.66,Smart TV,"26 10 * * 0,6",Kafka,2024-11-10T00:00:00Z,2018-09-12T00:00:00Z,30 12 * * 1-5,Q1 2024,Wearable,kubectl apply,Tuesday,GBP,FHC-8917,2025-01-15,Trial,Q4 2021,2021-01-03,Wearable,mary.taylor@yahoo.com,6.01,Safari,
Tablet,523.98,2023-03-04,Brave,Q1 2021,Bohemian Rhapsody,"3808 Elm St, Paris",7.1,94965.9,+17832269206,"9930 Elm St, Paris",Friday,"50 18 * * 0,6","$6,776,830",002,false,2018-09-28T00:00:00Z,1994,February,2020-07-13T00:00:00Z,Opera,2020-10-06T18:09:43Z,Chat,Catalyst Ventures,UNIQUE,09:24:43,Web,5.84,pending,MRN-104602,2018-04-30,Q2 2021,April,9.47,953,Widowed,02:37:49,424,"0 20 * * 0,6",Safari,2 6 * * 1-5,0.96,"59 19 * * 0,6",1,Asia,H2 2023,44 19 * * *,delete,Q1 2022,6.98,"$2,456,444",2019-02-08T00:00:00Z,2009,2022-12-28 13:57:37,Automated processing complete.,5.06,2024-10-06,2019-04-29,Apache-2.0,Web,2024-06-20,2019-02-02T05:23:50Z,18:12:04,2023-01-29,Web,max=6526,Q1 2026,NOT NULL,2020-12-28,18.4046,"39 0 * * 0,6",2020-2025,Q1 2026,Tablet,Q2 2023,2022-06-19T00:00:00Z,Smart TV,Economy,2021-03-24,31311985daa0b12d3dbb2730340c899be659b8afa51f66cdcf58cab7efc71cc9,Value pricing,Q1 2024,Tablet,January,"28 4 * * 0,6",3840x2160,Metformin 500mg,9 13 * * 1-5,Low,Census Bureau,1.57,IoT,"43 4 * * 0,6",PostgreSQL,2019-01-28T00:00:00Z,2018-02-14T00:00:00Z,34 6 * * *,Q2 2021,Desktop,kubectl apply,Tuesday,CAD,XGC-4207,2024-08-14,Free,Q4 2024,2020-01-07,Wearable,anna.brown@company.com,2.28,Safari,2019-05-03 00:33:39
Tablet,766.57,2018-11-01,Brave,Q4 2026,Stairway to Heaven,"4387 Main St, Phoenix",7.18,8843.8,938 841 6346,"5759 Main St, Paris",Friday,46 0 * * 1-5,"$3,240,598",129,true,2018-10-21T00:00:00Z,1997,July,2018-10-04T00:00:00Z,Chrome,2026-08-16 03:43:21,Social Media,Pioneer Software,BETWEEN 1 AND 100,10:55:34,Phone,1.19,completed,MRN-698282,2020-01-27,Q3 2024,November,0.13,096,Widowed,21:31:22,1744,44 18 * * *,Brave,50 3 * * 1-5,3.52,"50 5 * * 0,6",0,Oceania,Jan-Mar,25 5 * * 1-5,update,Q3 2023,4.39,"$1,187,471",2021-12-31T00:00:00Z,2005,2025-07-17T07:10:53Z,Needs follow-up next quarter.,5.17,2026-01-12,2019-01-12,CC BY 4.0,Social Media,2025-08-19,2020-08-24T08:20:32Z,04:18:35,2018-08-04,Social Media,max=7064,Q4 2021,CHECK (val > 0),2024-05-03,36.2389,6 5 * * 1-5,FY 2025,Q1 2025,Tablet,Q1 2020,2018-02-07T00:00:00Z,IoT,Freight,2018-08-19,deb70120369f59d1b67aa38477c05ef62663a7dc3d28a62aba2239d2947a34b2,Cost-plus 25%,Jan-Mar,IoT,March,25 3 * * 1-5,1920x1080,Ibuprofen 200mg,44 11 * * *,Info,Eurostat,8.38,Tablet,54 5 * * *,Salesforce,2026-08-15T00:00:00Z,2026-09-23T00:00:00Z,"28 1 * * 0,6",Q4 2020,IoT,GET /api/users,Thursday,AUD,KBZ-4298,2026-03-17,Enterprise,Q1 2020,2022-10-02,Mobile,harper_garcia@company.com,2.45,Chrome,
Mobile,786.61,2019-10-29,Chrome,Q3 2025,Bohemian Rhapsody,"2104 Main St, Phoenix",1.52,11809.9,941-565-6250,"3982 Park Blvd, Boston",Monday,4 11 * * *,"$7,946,149",693,true,2023-03-15T00:00:00Z,1994,August,2023-09-29T00:00:00Z,Opera,2024-03-13T16:46:38Z,Web,TechCo Industries,NOT NULL,05:58:46,Phone,5.21,rejected,MRN-753386,2021-04-09,Q4 2026,May,3.74,380,Divorced,11:21:48,7846,53 21 * * *,Brave,45 9 * * 1-5,8.12,15 22 * * 1-5,0,Africa,2020-2025,57 15 * * 1-5,delete,Q4 2024,2.32,"$2,518,440",2018-04-02T00:00:00Z,2010,2024-02-18T15:46:10Z,Automated processing complete.,2.75,2020-04-25,2026-11-05,Proprietary,Chat,2024-09-06,2025-04-24T11:53:33Z,06:45:02,2026-05-16,In-Store,min=1291,Q1 2025,NOT NULL,2018-08-03,-8.8353,44 4 * * *,Q1 2024,Q4 2024,Wearable,Q3 2025,2022-09-02T00:00:00Z,Mobile,Same Day,2025-07-23,6e8da080d7f15db35183ff5bf8a66d10d248d2551bee56633eeed8d014f49652,Value pricing,2020-2025,Smart TV,July,20 15 * * *,3840x2160,Omeprazole 20mg,"34 12 * * 0,6",Medium,Eurostat,0.77,Smart TV,"59 13 * * 0,6",Snowflake,2020-05-07T00:00:00Z,2022-02-19T00:00:00Z,23 17 * * 1-5,Q4 2020,Desktop,GET /api/users,Thursday,AUD,GQB-1972,2024-11-30,Enterprise,Q3 2021,2024-10-25,Desktop,susanmartin@acme.org,2.61,Chrome,
Tablet,769.81,2022-09-04,Safari,Q4 2026,Yesterday,"9855 Main St, Chicago",1.2,73364.1,218-588-9101,"85 Pine Rd, Seattle",Tuesday,"44 4 * * 0,6","$7,704,566",2038,YES,2018-03-26T00:00:00Z,2022,October,2020-11-04T00:00:00Z,Firefox,2026-05-15 22:58:25,Chat,Vertex Technologies,BETWEEN 1 AND 100,22:55:19,Mobile,1.81,inactive,MRN-144184,2022-02-17,Q1 2024,October,8.27,342,Widowed,15:33:35,8096,15 15 * * 1-5,Opera,"34 0 * * 0,6",6.36,14 3 * * 1-5,1,Europe,2020-2025,22 1 * * 1-5,upsert,Q1 2026,7.74,"$4,300,822",2026-07-06T00:00:00Z,1993,2026-10-09 01:40:24,Reviewed and approved.,2.05,2020-07-27,2024-04-24,MIT,In-Store,2022-07-05,2024-02-21T13:45:17Z,23:40:41,2022-12-31,Email,warn=1470,Q1 2020,NOT NULL,2022-03-16,92.2314,13 10 * * 1-5,FY 2025,Q4 2021,Desktop,Q1 2025,2022-03-13T00:00:00Z,Smart TV,Same Day,2026-08-06,403b5d45d1cc03327c661d4960824122ed97a81696199afd4acd44dd64e20801,Value pricing,Jan-Mar,Tablet,December,46 6 * * 1-5,2560x1440,Albuterol 90mcg,58 21 * * *,Low,Eurostat,3.32,Smart TV,11 2 * * 1-5,SAP,2022-07-15T00:00:00Z,2020-02-28T00:00:00Z,"12 16 * * 0,6",Q3 2026,Desktop,kubectl apply,Wednesday,JPY,MSD-4249,2023-06-16,Standard,Q4 2021,2021-10-04,Tablet,sophia_brown@gmail.com,8.71,Chrome,
Desktop,548.45,2021-06-12,Firefox,Q3 2025,Yesterday,"7736 Oak Ave, Toronto",3.44,12840.8,+17489181390,"3643 Main St, San Francisco",Friday,31 0 * * *,"$2,843,308",7191,true,2019-07-28T00:00:00Z,2009,August,2023-11-22T00:00:00Z,Edge,2021-12-26T21:55:12Z,Phone,Skyline Partners,MATCHES '^[A-Z]+',00:34:59,In-Store,3.01,active,MRN-343159,2024-01-17,Q1 2025,February,9.73,537,Widowed,03:22:54,7759,13 13 * * 1-5,Opera,"44 15 * * 0,6",6.01,"19 6 * * 0,6",0,North America,H2 2023,2 1 * * *,upsert,Q4 2021,3.76,"$658,087",2022-11-03T00:00:00Z,2016,2020-05-14 15:36:05,Resolved — no further action.,1.41,2018-05-29,2024-09-13,Apache-2.0,Chat,2026-02-12,2020-10-14 04:19:50,00:32:46,2024-02-11,Chat,crit=7762,Q3 2022,NOT NULL,2019-09-27,94.3673,52 15 * * *,H2 2023,Q1 2026,Tablet,Q3 2023,2020-11-28T00:00:00Z,Smart TV,Same Day,2026-02-02,5a437d1200ef97fa73a73432db6d93ae1d12de8fb5ce86c0500a52fc56682adf,Cost-plus 25%,H2 2023,Smart TV,May,"16 12 * * 0,6",2560x1440,Ibuprofen 200mg,"28 3 * * 0,6",Critical,Census Bureau,5.84,Mobile,"44 23 * * 0,6",PostgreSQL,2020-07-15T00:00:00Z,2026-08-04T00:00:00Z,22 4 * * 1-5,Q4 2022,Wearable,npm install,Wednesday,CHF,SEF-1947,2019-11-23,Trial,Q3 2024,2019-03-06,Mobile,emily.anderson@acme.org,1.28,Edge,
Tablet,934.14,2018-12-12,Opera,Q1 2020,Bohemian Rhapsody,"861 Elm St, Phoenix",6.7,50986.6,(654) 725-6167,"3993 Cedar Ln, Houston",Sunday,28 0 * * 1-5,"$5,764,847",0555,NO,2018-07-16T00:00:00Z,2016,February,2022-04-12T00:00:00Z,Edge,2025-01-18 22:46:06,Chat,Skyline Partners,NOT NULL,10:26:04,In-Store,4.68,failed,MRN-206400,2025-08-03,Q3 2020,December,4.67,230,Widowed,07:26:57,6184,23 12 * * 1-5,Chrome,"35 22 * * 0,6",1.36,"34 10 * * 0,6",1,North America,2020-2025,7 3 * * *,insert,Q1 2021,6.99,"$989,779",2021-10-03T00:00:00Z,1993,2026-09-05T22:44:58Z,Reviewed and approved.,9.19,2018-01-28,2026-07-08,MIT,Social Media,2023-08-19,2025-10-01T02:13:51Z,15:15:54,2025-02-02,Chat,max=2451,Q4 2022,NOT NULL,2023-09-16,-95.2507,25 18 * * 1-5,H2 2023,Q2 2025,Mobile,Q1 2025,2025-03-13T00:00:00Z,Mobile,Economy,2026-08-22,4e146bbaad6e753944335b65d0f6cd04f4c4993f6f1566b28d60b90f96f4b897,Value pricing,2020-2025,IoT,June,19 11 * * *,1920x1080,Metformin 500mg,53 2 * * 1-5,High,Reuters,3.76,Desktop,7 19 * * 1-5,Kafka,2023-02-09T00:00:00Z,2018-10-16T00:00:00Z,"10 2 * * 0,6",Q2 2025,IoT,GET /api/users,Friday,EUR,GLB-1941,2022-08-03,Standard,Q4 2023,2024-06-14,IoT,richard_moore@acme.org,8.26,Edge,2025-05-14T15:45:24Z
Tablet,268.94,2022-03-24,Safari,Q1 2021,Hotel California,"5140 Maple Dr, Dallas",3.41,11880.7,316.737.3993,"4183 Pine Rd, Denver",Saturday,58 12 * * *,"$813,375",159,YES,2023-11-29T00:00:00Z,2019,October,2018-11-19T00:00:00Z,Chrome,2026-02-11 11:34:24,Mobile,DataCraft Inc,UNIQUE,18:53:08,Chat,6.39,cancelled,MRN-509422,2025-11-20,Q2 2023,April,6.52,655,Divorced,22:33:06,5744,4 0 * * *,Edge,"13 4 * * 0,6",7.06,"21 22 * * 0,6",0,Oceania,FY 2025,"7 6 * * 0,6",insert,Q4 2026,1.2,"$4,849,249",2020-10-07T00:00:00Z,1993,2023-08-07 03:58:45,Needs follow-up next quarter.,7.54,2019-05-04,2024-11-12,GPL-3.0,Social Media,2024-12-24,2022-09-16T00:07:46Z,21:10:15,2020-11-21,Phone,crit=1276,Q1 2022,UNIQUE,2021-02-12,16.385,57 12 * * 1-5,Q1 2024,Q1 2021,Desktop,Q1 2024,2019-05-26T00:00:00Z,Smart TV,Express,2022-04-17,b780a94e9f445ec4523da20f2116b87c78442d9041047429eb1f97b42b54236e,Penetration,2020-2025,Wearable,November,18 1 * * 1-5,1920x1080,Lisinopril 10mg,45 9 * * 1-5,Critical,Eurostat,4.91,Smart TV,"27 10 * * 0,6",Salesforce,2025-05-31T00:00:00Z,2023-01-01T00:00:00Z,"58 2 * * 0,6",Q4 2020,IoT,docker run,Wednesday,EUR,HKM-9345,2025-01-07,Standard,Q2 2022,2021-10-15,Smart TV,robertmartin@acme.org,3.7,Opera,2023-06-14T20:56:27Z
Mobile,781.69,2026-05-14,Chrome,Q4 2023,Yesterday,"6257 Cedar Ln, Atlanta",7.97,92363.6,400-515-5173,"2405 Maple Dr, San Francisco",Friday,"59 22 * * 0,6","$2,597,926",6814,true,2019-02-23T00:00:00Z,2005,January,2025-03-23T00:00:00Z,Firefox,2023-09-27 18:03:11,Phone,Beacon Analytics,CHECK (val > 0),21:43:49,Social Media,0.56,approved,MRN-137347,2019-12-19,Q4 2020,December,5.76,2097,Married,23:18:23,4998,33 1 * * 1-5,Safari,46 10 * * *,3.65,12 13 * * 1-5,0,Oceania,Jan-Mar,"25 0 * * 0,6",update,Q1 2024,7.71,"$484,756",2026-04-16T00:00:00Z,2011,2021-10-24 01:24:51,Automated processing complete.,6.77,2018-03-18,2021-01-28,Proprietary,Mobile,2021-10-24,2018-07-13 00:26:41,04:57:41,2018-06-25,Chat,crit=760,Q2 2025,MATCHES '^[A-Z]+',2022-04-16,-95.7532,"57 1 * * 0,6",Jan-Mar,Q2 2024,Mobile,Q1 2024,2023-05-05T00:00:00Z,Tablet,Standard,2022-12-19,1104dd3f6aefae545aa5e4efdda9df60b6ba5f56cd1cfe95c2ef501718378641,Cost-plus 25%,Q1 2024,Wearable,March,25 17 * * *,1920x1080,Metformin 500mg,31 3 * * 1-5,Info,Reuters,8.48,Tablet,28 0 * * 1-5,Kafka,2024-02-14T00:00:00Z,2026-01-13T00:00:00Z,"13 11 * * 0,6",Q1 2023,IoT,kubectl apply,Friday,GBP,DTY-6238,2023-06-23,Free,Q4 2026,2020-04-12,Desktop,lindayoung64@outlook.com,6.41,Firefox,
IoT,294.47,2023-09-07,Edge,Q3 2024,Stairway to Heaven,"469 Main St, Paris",2.09,15237.9,368 713 5316,"1472 Park Blvd, Miami",Tuesday,"22 15 * * 0,6","$811,557",7336,false,2023-02-14T00:00:00Z,2023,June,2020-05-04T00:00:00Z,Opera,2019-09-17T08:44:09Z,Mobile,Beacon Analytics,CHECK (val > 0),13:55:34,Email,6.19,cancelled,MRN-316578,2019-04-04,Q4 2020,October,5.33,8524,Married,16:08:49,3683,54 20 * * 1-5,Chrome,"33 19 * * 0,6",4.72,"59 6 * * 0,6",0,Oceania,2020-2025,25 19 * * *,delete,Q2 2020,7.98,"$2,446,055",2025-01-06T00:00:00Z,1999,2018-08-21T19:45:40Z,Resolved — no further action.,0.3,2026-02-23,2018-08-09,MIT,Phone,2025-03-10,2019-02-16 03:39:39,05:42:11,2021-03-05,Chat,crit=348,Q4 2026,UNIQUE,2022-09-22,-74.0731,"34 13 * * 0,6",2020-2025,Q3 2023,Desktop,Q3 2026,2021-04-02T00:00:00Z,IoT,Economy,2020-10-10,8bef2aa74a0e81b212e3f98dbb6b1750103180d37c069a02f01dd442fd694bd1,Value pricing,Jan-Mar,IoT,May,"58 13 * * 0,6",1280x720,Omeprazole 20mg,"40 10 * * 0,6",Info,Census Bureau,7.93,Smart TV,7 0 * * 1-5,Kafka,2025-07-11T00:00:00Z,2023-02-23T00:00:00Z,10 10 * * *,Q2 2021,Mobile,POST /api/orders,Thursday,AUD,IVG-1149,2025-11-13,Enterprise,Q3 2023,2025-10-25,IoT,robert.smith@outlook.com,4.32,Chrome,
Mobile,180.4,2022-10-17,Edge,Q4 2020,Imagine,"1925 Maple Dr, Tokyo",5.01,44063.4,889 844 6845,"175 Elm St, Atlanta",Wednesday,40 9 * * 1-5,"$446,788",253,YES,2021-03-31T00:00:00Z,2020,October,2025-10-26T00:00:00Z,Firefox,2026-08-17 16:10:03,Phone,Skyline Partners,MATCHES '^[A-Z]+',04:31:16,Chat,2.14,failed,MRN-462444,2020-03-11,Q3 2025,June,1.91,8149,Divorced,01:34:55,3754,"40 20 * * 0,6",Chrome,51 19 * * *,7.74,11 14 * * 1-5,1,Antarctica,FY 2025,34 6 * * *,update,Q1 2025,2.61,"$806,275",2019-01-06T00:00:00Z,2019,2019-01-26T18:05:54Z,Pending verification.,5.87,2018-09-30,2022-05-03,Proprietary,In-Store,2018-08-30,2022-12-21 23:09:38,18:22:09,2021-11-28,Email,crit=9986,Q3 2025,BETWEEN 1 AND 100,2024-06-20,57.1382,"21 12 * * 0,6",Q1 2024,Q3 2020,Smart TV,Q3 2025,2022-11-01T00:00:00Z,Mobile,Freight,2019-01-12,bcbd30b8824ecca6e52cf32263580d5170dc50f896d9d56faf4479f442437092,Market-based,Jan-Mar,IoT,March,"48 22 * * 0,6",1280x720,Ibuprofen 200mg,"1 9 * * 0,6",Medium,CDC,1.03,Tablet,42 6 * * 1-5,Salesforce,2021-10-31T00:00:00Z,2023-06-21T00:00:00Z,"18 14 * * 0,6",Q1 2026,Smart TV,kubectl apply,Wednesday,USD,UNB-9377,2025-05-29,Premium,Q1 2024,2023-12-10,Desktop,amy_jones93@outlook.com,5.32,Safari,
Desktop,465.94,2022-08-04,Chrome,Q4 2026,Imagine,"2329 Main St, Denver",3.75,24699.6,801.984.3948,"3455 Cedar Ln, Los Angeles",Thursday,"4 9 * * 0,6","$7,980,513",238,false,2026-10-28T00:00:00Z,1999,February,2025-02-08T00:00:00Z,Firefox,2026-05-12 18:46:41,Mobile,Pacific Research Group,BETWEEN 1 AND 100,05:28:48,Phone,6.24,completed,MRN-434091,2025-08-15,Q1 2025,February,3.05,131,Single,20:40:33,6850,"49 8 * * 0,6",Safari,38 14 * * 1-5,9.83,"59 21 * * 0,6",1,South America,Jan-Mar,35 21 * * *,update,Q4 2026,1.89,"$2,466,175",2021-03-11T00:00:00Z,2005,2023-03-26T11:40:24Z,Needs follow-up next quarter.,5.26,2023-03-17,2024-03-20,Apache-2.0,Social Media,2025-09-13,2018-12-27 17:06:31,11:05:02,2023-10-17,Phone,warn=5220,Q1 2021,BETWEEN 1 AND 100,2022-01-10,47.1861,"14 10 * * 0,6",H2 2023,Q1 2025,Mobile,Q1 2021,2025-10-06T00:00:00Z,Smart TV,Same Day,2020-11-14,f4af5fc841454b4b4a6ff8e581e02a79827426c57a50c653d6e11f95613e8896,Penetration,2020-2025,Mobile,November,5 18 * * 1-5,2560x1440,Lisinopril 10mg,4 22 * * *,Critical,Eurostat,8.41,Wearable,12 4 * * 1-5,Kafka,2026-04-12T00:00:00Z,2018-04-25T00:00:00Z,7 6 * * *,Q1 2022,Tablet,npm install,Tuesday,JPY,EPB-9032,2018-04-22,Trial,Q2 2020,2022-05-12,Wearable,sarah_white@example.com,5.09,Brave,
Wearable,247.41,2018-04-20,Edge,Q3 2025,Bohemian Rhapsody,"1883 Maple Dr, Dallas",6.36,6956.5,415 477 4833,"6122 Pine Rd, Los Angeles",Thursday,30 1 * * *,"$4,538,450",7848,false,2023-12-31T00:00:00Z,2011,November,2025-09-18T00:00:00Z,Brave,2021-08-17T00:46:06Z,Chat,Alpine Systems,NOT NULL,20:56:44,Web,9.94,cancelled,MRN-534884,2024-07-05,Q1 2020,June,5.48,621,Single,19:44:41,6283,"22 3 * * 0,6",Safari,"44 17 * * 0,6",2.61,18 14 * * *,0,Africa,Jan-Mar,"29 9 * * 0,6",insert,Q1 2025,8.8,"$4,891,190",2022-06-07T00:00:00Z,2016,2025-04-18T05:52:17Z,Resolved — no further action.,6.27,2022-03-05,2020-10-19,MIT,Chat,2025-11-28,2020-11-05T00:02:02Z,11:10:06,2019-11-23,Web,crit=3882,Q3 2025,CHECK (val > 0),2019-12-02,4.2812,19 11 * * *,H2 2023,Q2 2023,Desktop,Q1 2022,2018-02-19T00:00:00Z,Wearable,Economy,2021-03-16,c5a6099887d4e69990d127acb8cf9ca73f7e704f55ee8d34f5bde14353118293,Penetration,H2 2023,Mobile,April,41 18 * * 1-5,3840x2160,Lisinopril 10mg,0 6 * * 1-5,High,Census Bureau,2.82,Tablet,32 16 * * *,Snowflake,2019-07-22T00:00:00Z,2019-07-23T00:00:00Z,"32 1 * * 0,6",Q3 2020,Wearable,GET /api/users,Thursday,JPY,EBF-1411,2018-01-12,Premium,Q1 2022,2019-04-23,Wearable,patriciabrown@company.com,5.0,Chrome,2026-11-02 16:52:18
Mobile,165.82,2025-04-27,Chrome,Q1 2024,Imagine,"1477 Cedar Ln, Miami",8.52,22717.0,+14125961228,"9330 Maple Dr, Boston",Thursday,46 15 * * *,"$6,013,888",1281,YES,2023-03-09T00:00:00Z,2021,August,2023-02-21T00:00:00Z,Opera,2022-03-03T18:34:43Z,Chat,Quantum Dynamics,NOT NULL,16:51:31,Chat,8.43,rejected,MRN-717128,2026-06-01,Q4 2023,August,6.41,259,Single,18:10:10,2257,"30 14 * * 0,6",Safari,13 3 * * *,1.94,"59 18 * * 0,6",1,North America,FY 2025,"37 20 * * 0,6",snapshot,Q4 2022,1.33,"$3,117,300",2022-01-14T00:00:00Z,2020,2022-09-20 02:00:55,Needs follow-up next quarter.,3.28,2019-03-28,2025-04-05,Apache-2.0,Email,2022-12-19,2025-05-22T10:31:32Z,01:59:55,2023-08-19,Web,crit=8664,Q3 2020,BETWEEN 1 AND 100,2021-05-28,-46.7191,"59 21 * * 0,6",H2 2023,Q3 2024,Smart TV,Q3 2024,2025-12-02T00:00:00Z,IoT,Standard,2024-09-04,633019d92ecbb38112828a49203ac77373324ebc033de522cc71a3b0247d8afc,Penetration,H2 2023,Wearable,May,37 5 * * 1-5,3840x2160,Lisinopril 10mg,37 4 * * 1-5,Medium,WHO,4.49,Mobile,"49 10 * * 0,6",Kafka,2025-07-22T00:00:00Z,2021-01-03T00:00:00Z,22 3 * * *,Q4 2026,Wearable,npm install,Wednesday,BRL,IFA-1659,2026-07-28,Free,Q4 2026,2019-08-30,Wearable,aiden_martin@acme.org,4.61,Safari,
Mobile,436.83,2021-04-11,Chrome,Q1 2025,Bohemian Rhapsody,"8176 Maple Dr, Paris",7.34,4661.2,565 629 6019,"9877 Main St, Miami",Wednesday,46 10 * * 1-5,"$9,726,720",553,NO,2025-07-03T00:00:00Z,2008,December,2023-08-11T00:00:00Z,Edge,2024-07-15T09:00:28Z,Email,TechCo Industries,CHECK (val > 0),16:00:13,Chat,4.55,completed,MRN-699901,2024-08-17,Q1 2022,January,2.84,244,Married,02:11:49,3341,23 18 * * 1-5,Chrome,37 7 * * 1-5,5.88,6 18 * * *,0,Asia,2020-2025,12 22 * * *,delete,Q3 2023,5.46,"$3,810,512",2026-01-12T00:00:00Z,2019,2026-06-02 01:52:15,Pending verification.,8.58,2026-04-30,2021-09-13,MIT,Mobile,2023-01-31,2020-04-28 15:55:07,01:11:45,2021-08-03,Email,min=2992,Q4 2022,CHECK (val > 0),2020-10-16,-89.7926,47 15 * * 1-5,H2 2023,Q2 2023,Tablet,Q2 2024,2026-06-12T00:00:00Z,Smart TV,Freight,2019-03-18,4824f83e9ec84c116a6948ccdb97656a1ffd99d911fcfe706663d9952a1aaebb,Cost-plus 25%,Jan-Mar,Wearable,May,"14 19 * * 0,6",1920x1080,Albuterol 90mcg,6 15 * * *,High,WHO,2.5,Smart TV,"42 19 * * 0,6",Salesforce,2020-09-16T00:00:00Z,2023-12-25T00:00:00Z,54 5 * * 1-5,Q4 2026,Smart TV,GET /api/users,Friday,INR,WBK-3714,2023-05-22,Premium,Q1 2024,2026-05-07,Wearable,noah.jackson@company.com,0.04,Safari,
Mobile,898.87,2022-06-24,Firefox,Q3 2026,Bohemian Rhapsody,"1121 Main St, Denver",9.19,26875.7,(728) 571-7212,"4570 Pine Rd, Miami",Friday,56 22 * * *,"$2,107,291",255,YES,2018-09-25T00:00:00Z,2006,November,2023-08-26T00:00:00Z,Brave,2022-06-18 22:48:33,Chat,Skyline Partners,BETWEEN 1 AND 100,01:29:09,Email,8.33,inactive,MRN-558528,2020-09-12,Q1 2023,November,7.19,0446,Single,06:59:25,5597,"7 11 * * 0,6",Brave,"19 14 * * 0,6",9.02,25 0 * * 1-5,0,Europe,Jan-Mar,40 3 * * 1-5,delete,Q3 2026,3.64,"$815,854",2023-05-07T00:00:00Z,2005,2022-04-01 14:43:08,Flagged for review.,6.68,2026-02-02,2020-08-26,Apache-2.0,Email,2019-07-29,2023-03-11 07:52:29,19:33:17,2024-10-18,Email,max=9418,Q2 2024,CHECK (val > 0),2026-08-15,-2.0501,21 1 * * *,2020-2025,Q3 2023,Smart TV,Q4 2023,2018-04-14T00:00:00Z,Tablet,Standard,2026-08-07,b409ada807360b3dd4a0cd6b0668ea4abf892512eb2f86f2efd70012baaff48a,Market-based,Q1 2024,Smart TV,July,"23 3 * * 0,6",3840x2160,Ibuprofen 200mg,"26 12 * * 0,6",Info,Eurostat,2.4,Tablet,43 20 * * 1-5,Snowflake,2023-04-05T00:00:00Z,2025-10-21T00:00:00Z,15 12 * * *,Q3 2020,Mobile,npm install,Sunday,CNY,DTT-6530,2026-08-03,Trial,Q4 2022,2023-06-09,Tablet,elizabethmartinez@acme.org,0.37,Edge,
Mobile,925.94,2022-05-20,Opera,Q3 2023,Imagine,"9475 Cedar Ln, San Francisco",7.84,63283.2,729-301-8256,"5709 Oak Ave, Denver",Wednesday,52 16 * * *,"$8,900,950",070,true,2024-07-07T00:00:00Z,2005,October,2021-12-05T00:00:00Z,Edge,2019-02-14T00:51:06Z,Phone,Beacon Analytics,MATCHES '^[A-Z]+',18:29:33,Phone,1.48,approved,MRN-685291,2026-01-20,Q3 2024,May,1.44,7663,Widowed,22:30:35,5309,9 1 * * *,Brave,19 15 * * *,4.07,"56 20 * * 0,6",0,South America,FY 2025,47 11 * * *,delete,Q1 2025,9.67,"$2,883,593",2026-02-15T00:00:00Z,2004,2020-10-28 00:00:19,Flagged for review.,9.17,2025-10-19,2025-02-12,Apache-2.0,Email,2019-12-02,2024-09-21T08:32:58Z,06:42:26,2021-08-08,Email,crit=7752,Q1 2022,CHECK (val > 0),2020-09-18,35.4787,"6 6 * * 0,6",Jan-Mar,Q3 2022,IoT,Q2 2025,2023-12-03T00:00:00Z,IoT,Standard,2025-04-14,bb40c62b1ec331fc1f0c5dc48a90d31ceb9632f89cabf13fd0662c9653f2afa8,Value pricing,Jan-Mar,Smart TV,February,"3 20 * * 0,6",1280x720,Omeprazole 20mg,8 8 * * 1-5,High,Bloomberg,3.27,Desktop,"31 15 * * 0,6",Workday,2020-09-27T00:00:00Z,2025-05-14T00:00:00Z,15 3 * * 1-5,Q2 2024,Desktop,kubectl apply,Monday,AUD,CBD-5411,2025-12-16,Enterprise,Q3 2021,2021-09-09,Desktop,david.jones43@example.com,6.9,Brave,2022-01-11 05:31:41
Desktop,825.94,2022-11-23,Brave,Q3 2025,Hotel California,"6354 Elm St, Houston",2.92,69120.5,+14559836395,"8125 Main St, Los Angeles",Wednesday,53 21 * * *,"$9,579,565",805,true,2025-10-29T00:00:00Z,2005,October,2018-12-19T00:00:00Z,Brave,2025-03-23T09:41:20Z,Social Media,Meridian Health,CHECK (val > 0),17:05:10,Email,4.96,inactive,MRN-455841,2023-11-21,Q2 2023,May,8.99,7219,Married,12:56:43,8370,40 5 * * 1-5,Firefox,6 9 * * *,0.98,"12 5 * * 0,6",1,Asia,H2 2023,52 21 * * *,insert,Q2 2026,8.83,"$897,886",2019-04-07T00:00:00Z,2014,2019-08-18T11:08:54Z,Updated per client request.,5.44,2026-01-22,2025-08-09,MIT,Mobile,2021-06-20,2021-07-02 09:21:57,14:30:01,2025-10-14,In-Store,crit=3129,Q3 2021,MATCHES '^[A-Z]+',2021-07-16,-36.006,12 10 * * 1-5,Q1 2024,Q2 2024,Smart TV,Q4 2021,2025-08-03T00:00:00Z,Smart TV,Economy,2022-05-19,c7c603dd7bd74e15673faf47f927806f5826e928ed8eff7eb56a72feff852625,Premium,FY 2025,Tablet,November,"38 11 * * 0,6",3840x2160,Ibuprofen 200mg,"27 4 * * 0,6",Low,Reuters,3.17,Smart TV,"17 8 * * 0,6",SAP,2019-03-10T00:00:00Z,2023-10-09T00:00:00Z,38 1 * * *,Q2 2024,Mobile,npm install,Sunday,CAD,WYY-2557,2021-02-27,Basic,Q4 2022,2022-06-12,Desktop,oliviathomas@gmail.com,4.57,Brave,
Desktop,722.32,2019-08-10,Chrome,Q4 2024,Bohemian Rhapsody,"4986 Oak Ave, Miami",7.04,88258.0,566 695 1603,"6458 Maple Dr, London",Sunday,46 18 * * *,"$1,727,769",2065,false,2018-07-15T00:00:00Z,1994,September,2022-01-09T00:00:00Z,Firefox,2020-10-03 15:55:48,Social Media,Pioneer Software,NOT NULL,22:39:37,Email,0.74,pending,MRN-181894,2018-05-05,Q2 2022,January,1.67,1989,Single,00:28:26,6196,12 4 * * 1-5,Opera,6 3 * * *,9.39,43 1 * * *,1,Antarctica,FY 2025,37 8 * * *,snapshot,Q1 2026,3.84,"$3,773,076",2019-03-13T00:00:00Z,1996,2022-01-07 03:40:02,Updated per client request.,4.25,2025-09-12,2019-08-17,CC BY 4.0,Mobile,2018-07-07,2022-08-19 05:06:40,08:50:19,2023-09-08,Web,max=716,Q2 2020,UNIQUE,2018-06-11,79.2653,7 9 * * 1-5,H2 2023,Q3 2025,Mobile,Q4 2023,2024-01-12T00:00:00Z,Mobile,Freight,2019-12-17,b67b039c1ca82d7ce421476aeda10f25690d9e0cdc65e4d54456d204c76afff0,Premium,2020-2025,Wearable,November,"0 14 * * 0,6",2560x1440,Lisinopril 10mg,"7 9 * * 0,6",Critical,Bloomberg,6.67,Wearable,47 19 * * *,PostgreSQL,2020-07-04T00:00:00Z,2018-07-19T00:00:00Z,14 0 * * *,Q1 2026,Mobile,npm install,Tuesday,JPY,LKB-4752,2025-02-05,Basic,Q2 2020,2022-11-04,Wearable,richard.thomas@acme.org,7.59,Safari,2019-04-25T11:34:56Z
Desktop,154.76,2024-09-12,Edge,Q2 2026,Imagine,"6758 Maple Dr, Chicago",6.37,48115.9,+14382616553,"6865 Maple Dr, Dallas",Tuesday,"27 12 * * 0,6","$367,312",3555,YES,2025-06-03T00:00:00Z,1994,January,2020-05-25T00:00:00Z,Brave,2021-05-10 14:34:19,Web,DataCraft Inc,MATCHES '^[A-Z]+',05:04:33,Social Media,9.32,active,MRN-780163,2023-09-16,Q3 2020,September,1.75,297,Married,09:23:37,4772,59 2 * * *,Opera,"52 5 * * 0,6",4.46,"21 0 * * 0,6",1,Africa,Q1 2024,23 15 * * *,delete,Q3 2024,8.93,"$3,017,033",2024-09-20T00:00:00Z,2012,2020-02-02T23:45:51Z,Flagged for review.,3.76,2019-07-21,2018-01-24,MIT,Phone,2023-01-14,2023-08-16T22:44:12Z,10:52:15,2026-11-22,Social Media,crit=6711,Q1 2023,CHECK (val > 0),2021-03-03,-53.4647,25 17 * * 1-5,2020-2025,Q3 2021,Wearable,Q3 2022,2021-09-02T00:00:00Z,Mobile,Express,2023-04-23,46e482ddbbf7c76b19c36e4ca7ef1dc87cf99f9b293e39ef48f63ac06a996c19,Penetration,Q1 2024,Smart TV,July,13 15 * * *,3840x2160,Ibuprofen 200mg,10 23 * * 1-5,Critical,Eurostat,1.04,Mobile,21 7 * * *,SAP,2021-09-05T00:00:00Z,2018-05-02T00:00:00Z,37 9 * * *,Q4 2020,IoT,GET /api/users,Tuesday,INR,DXS-6100,2018-06-07,Trial,Q2 2025,2025-03-15,Wearable,mary.garcia5@gmail.com,9.9,Safari,
IoT,71.07,2019-03-04,Brave,Q4 2026,Bohemian Rhapsody,"1523 Elm St, Dallas",1.82,41325.2,768 739 8584,"5175 Cedar Ln, Houston",Tuesday,5 4 * * 1-5,"$4,717,360",697,YES,2018-07-24T00:00:00Z,2022,May,2021-12-26T00:00:00Z,Edge,2024-03-20T17:55:27Z,Chat,Meridian Health,BETWEEN 1 AND 100,12:49:52,Email,8.03,approved,MRN-997004,2024-03-31,Q3 2025,November,3.54,569,Married,00:07:33,5584,"32 9 * * 0,6",Safari,26 15 * * *,5.15,29 3 * * *,0,Antarctica,Q1 2024,0 23 * * 1-5,upsert,Q2 2023,0.31,"$1,447,809",2019-08-09T00:00:00Z,2008,2020-06-08T21:07:59Z,Flagged for review.,4.77,2020-09-02,2022-06-08,GPL-3.0,Social Media,2023-02-12,2019-06-15 15:22:54,14:07:26,2019-03-24,In-Store,min=9445,Q2 2023,NOT NULL,2021-10-13,4.9152,28 12 * * *,FY 2025,Q2 2025,Wearable,Q4 2025,2021-01-04T00:00:00Z,Mobile,Freight,2026-05-20,d507607bd3255fabb268b7cbc00111c445952cf4115faea95418459468b66432,Market-based,FY 2025,Wearable,November,"39 17 * * 0,6",1920x1080,Lisinopril 10mg,"15 13 * * 0,6",Low,Reuters,9.59,Desktop,6 23 * * 1-5,Kafka,2022-02-23T00:00:00Z,2020-08-11T00:00:00Z,7 6 * * *,Q3 2021,Smart TV,docker run,Tuesday,INR,UTO-2550,2022-04-14,Basic,Q1 2021,2020-07-06,IoT,harper.martin28@yahoo.com,2.44,Firefox,
Mobile,860.64,2020-05-08,Opera,Q2 2020,Bohemian Rhapsody,"5189 Park Blvd, San Francisco",8.8,24789.2,566-662-9452,"4718 Maple Dr, Portland",Saturday,52 9 * * *,"$8,554,649",4869,false,2022-09-15T00:00:00Z,2005,May,2024-10-03T00:00:00Z,Opera,2022-03-22 21:55:24,Chat,Pioneer Software,CHECK (val > 0),02:20:05,Web,6.44,failed,MRN-996338,2020-05-17,Q2 2023,December,2.15,242,Widowed,19:14:00,9040,32 5 * * *,Brave,26 8 * * 1-5,7.75,53 1 * * *,0,Oceania,Q1 2024,47 16 * * *,upsert,Q3 2026,2.44,"$1,837,073",2022-05-27T00:00:00Z,2001,2018-08-28T18:58:37Z,Needs follow-up next quarter.,1.43,2023-04-23,2018-08-22,Proprietary,Web,2018-05-18,2023-10-26 10:56:12,21:35:30,2023-08-04,Web,max=2176,Q2 2021,UNIQUE,2024-09-01,99.6753,22 21 * * 1-5,H2 2023,Q2 2026,Tablet,Q4 2022,2022-02-07T00:00:00Z,Desktop,Standard,2019-07-07,291771fb15049d762e8da8905347cb789be865c7ed13d5e853568371ba561a37,Cost-plus 25%,2020-2025,Smart TV,December,"14 13 * * 0,6",2560x1440,Lisinopril 10mg,36 3 * * *,Low,Eurostat,4.26,Tablet,58 10 * * 1-5,Kafka,2023-10-19T00:00:00Z,2020-01-15T00:00:00Z,"25 13 * * 0,6",Q4 2022,Desktop,POST /api/orders,Wednesday,EUR,CAH-4565,2022-09-25,Enterprise,Q4 2026,2019-04-13,Desktop,michael_harris@outlook.com,2.28,Chrome,
Smart TV,676.41,2021-06-07,Chrome,Q2 2026,Hotel California,"2366 Main St, Denver",7.97,73503.5,+15387617901,"8242 Cedar Ln, Portland",Tuesday,36 23 * * *,"$7,890,144",2512,true,2023-03-02T00:00:00Z,2007,February,2020-02-07T00:00:00Z,Chrome,2018-06-19 17:33:31,Web,Skyline Partners,BETWEEN 1 AND 100,15:38:09,Chat,8.35,rejected,MRN-338126,2024-03-01,Q3 2026,December,9.98,2975,Married,14:45:07,9377,18 14 * * *,Chrome,"25 23 * * 0,6",8.88,14 8 * * 1-5,0,Antarctica,Q1 2024,50 15 * * 1-5,snapshot,Q2 2025,6.24,"$2,243,296",2023-06-23T00:00:00Z,1990,2022-01-20T07:26:38Z,Flagged for review.,2.28,2021-08-16,2022-07-18,Proprietary,Chat,2020-06-03,2021-12-10 05:02:54,15:44:57,2022-01-24,Web,max=7010,Q1 2021,NOT NULL,2025-08-09,-47.2317,12 17 * * 1-5,H2 2023,Q2 2021,Mobile,Q1 2023,2018-02-27T00:00:00Z,Smart TV,Standard,2024-11-14,8ec51e72b2148d5a245bf70f50e0dd7ebc87e41d2d9ddd79b7b984c05066ab96,Market-based,FY 2025,Wearable,September,55 21 * * 1-5,3840x2160,Lisinopril 10mg,"18 20 * * 0,6",High,Census Bureau,0.16,Tablet,"27 7 * * 0,6",Salesforce,2022-11-19T00:00:00Z,2024-03-29T00:00:00Z,28 2 * * *,Q1 2025,IoT,docker run,Tuesday,EUR,WHX-5582,2020-03-15,Free,Q4 2023,2019-06-13,Wearable,sophia.young88@example.com,3.83,Safari,
IoT,833.76,2020-01-21,Firefox,Q2 2026,Stairway to Heaven,"7448 Park Blvd, Toronto",5.65,40256.5,326-213-6849,"3773 Pine Rd, Berlin",Wednesday,"48 0 * * 0,6","$9,414,419",976,NO,2026-04-26T00:00:00Z,2004,July,2025-04-13T00:00:00Z,Firefox,2019-09-21 02:32:49,Web,Pioneer Software,CHECK (val > 0),12:22:16,Email,7.43,approved,MRN-405395,2023-02-01,Q1 2026,August,9.11,3566,Widowed,18:58:52,3019,36 20 * * 1-5,Edge,"19 20 * * 0,6",7.21,51 19 * * 1-5,0,Antarctica,Jan-Mar,13 8 * * *,insert,Q3 2022,3.8,"$312,436",2019-03-12T00:00:00Z,2017,2025-02-11 01:00:49,Escalated to management.,9.63,2025-02-18,2019-06-06,MIT,In-Store,2026-08-22,2019-03-05 21:42:44,18:47:41,2018-10-30,Phone,min=9636,Q4 2023,BETWEEN 1 AND 100,2024-07-02,-7.3643,6 11 * * 1-5,Jan-Mar,Q4 2023,Wearable,Q2 2020,2022-07-14T00:00:00Z,Desktop,Economy,2024-06-22,0368033668214b982329b51e76efe9b8417f85a3b02169356e31b815b5738877,Value pricing,2020-2025,IoT,December,"20 15 * * 0,6",2560x1440,Ibuprofen 200mg,"59 17 * * 0,6",Low,Bloomberg,9.98,Wearable,29 14 * * 1-5,Kafka,2026-07-25T00:00:00Z,2026-02-28T00:00:00Z,"9 22 * * 0,6",Q2 2020,Tablet,npm install,Saturday,JPY,RUK-5308,2019-08-01,Trial,Q3 2022,2022-09-04,Mobile,susan.taylor@acme.org,0.47,Firefox,
Mobile,447.64,2020-09-08,Safari,Q4 2024,Bohemian Rhapsody,"8546 Elm St, Los Angeles",1.63,28224.9,982.771.7341,"7659 Elm St, Houston",Sunday,50 14 * * 1-5,"$3,112,680",9332,false,2021-11-24T00:00:00Z,2010,March,2024-04-13T00:00:00Z,Safari,2021-01-25 00:22:37,Phone,DataCraft Inc,MATCHES '^[A-Z]+',14:43:19,In-Store,7.07,cancelled,MRN-285123,2022-03-15,Q1 2024,December,7.24,289,Widowed,21:29:16,8971,2 20 * * *,Firefox,"0 18 * * 0,6",3.11,47 17 * * *,1,Europe,H2 2023,0 2 * * 1-5,update,Q4 2023,4.44,"$1,401,926",2021-11-30T00:00:00Z,2020,2020-11-25T12:52:59Z,Flagged for review.,7.61,2023-09-30,2022-09-16,Apache-2.0,In-Store,2025-12-04,2021-09-15T13:48:18Z,11:25:57,2021-07-05,In-Store,crit=7716,Q1 2025,MATCHES '^[A-Z]+',2021-05-19,-62.3525,31 12 * * *,Q1 2024,Q2 2022,Smart TV,Q3 2022,2021-07-21T00:00:00Z,Desktop,Economy,2024-11-27,2ff6fccb9690d070607d925adad15a3d81ae5b095d7bf9235d33d766d9fa3a7f,Market-based,2020-2025,Mobile,December,33 23 * * *,2560x1440,Metformin 500mg,53 8 * * *,Medium,Eurostat,7.55,Smart TV,20 8 * * 1-5,SAP,2026-08-14T00:00:00Z,2018-12-15T00:00:00Z,11 19 * * *,Q1 2026,IoT,npm install,Thursday,CHF,GNF-2610,2020-08-18,Free,Q4 2022,2024-09-14,Wearable,liamjackson@gmail.com,5.5,Brave,
IoT,765.29,2020-06-12,Safari,Q4 2022,Stairway to Heaven,"2498 Oak Ave, London",9.04,40277.6,883-776-8324,"3792 Oak Ave, Berlin",Thursday,28 2 * * *,"$853,241",2645,false,2024-07-10T00:00:00Z,2005,June,2026-03-13T00:00:00Z,Edge,2026-08-05T04:52:53Z,Chat,Acme Corp,CHECK (val > 0),12:48:36,In-Store,0.92,pending,MRN-930095,2019-04-20,Q1 2020,September,8.9,964,Divorced,22:21:15,4716,"57 10 * * 0,6",Opera,46 15 * * *,1.78,13 16 * * *,0,Africa,2020-2025,"3 1 * * 0,6",insert,Q4 2024,2.92,"$390,722",2020-04-08T00:00:00Z,1999,2019-08-17T16:54:25Z,Updated per client request.,9.66,2022-01-28,2024-09-17,CC BY 4.0,Web,2018-09-23,2021-08-09T12:17:38Z,12:00:45,2026-06-20,Mobile,min=1643,Q3 2022,NOT NULL,2018-01-17,25.7237,"14 16 * * 0,6",Jan-Mar,Q3 2025,Tablet,Q4 2023,2021-12-09T00:00:00Z,Desktop,Freight,2018-05-15,732b99c41f215fa2bc48e1e8edf2c15d82628bc22188994ef85ccd7fb084002c,Market-based,2020-2025,Desktop,July,"24 1 * * 0,6",3840x2160,Ibuprofen 200mg,21 3 * * 1-5,High,WHO,4.42,Tablet,6 6 * * 1-5,Workday,2022-02-01T00:00:00Z,2023-10-09T00:00:00Z,"22 6 * * 0,6",Q3 2025,Mobile,GET /api/users,Tuesday,GBP,TOL-6836,2019-11-01,Standard,Q2 2025,2024-07-02,Mobile,jessicalee45@example.com,7.46,Opera,
Tablet,774.03,2018-10-18,Brave,Q4 2022,Yesterday,"9613 Park Blvd, London",8.1,72800.3,512 989 4550,"8959 Park Blvd, Paris",Saturday,46 12 * * 1-5,"$1,129,151",402,YES,2025-01-08T00:00:00Z,2026,November,2018-02-17T00:00:00Z,Chrome,2026-06-23T20:53:58Z,Social Media,Acme Corp,NOT NULL,08:04:27,Chat,2.61,failed,MRN-451662,2021-07-28,Q2 2026,February,8.29,206,Divorced,00:47:12,9154,18 20 * * *,Firefox,39 16 * * 1-5,0.48,"36 3 * * 0,6",1,Oceania,Jan-Mar,35 6 * * 1-5,insert,Q1 2024,8.88,"$1,531,452",2022-11-21T00:00:00Z,2026,2024-08-12T09:44:34Z,Escalated to management.,4.46,2024-08-19,2020-10-05,Proprietary,Phone,2026-02-26,2019-04-26T04:06:11Z,07:42:41,2021-09-09,Mobile,warn=5535,Q1 2020,BETWEEN 1 AND 100,2025-09-04,82.0496,11 14 * * *,FY 2025,Q2 2023,Tablet,Q1 2023,2023-08-15T00:00:00Z,Desktop,Freight,2024-02-26,9d71a82946e4f565e6a476e50c027c38c67f8edc59cb080b240a3d8e3c3c9212,Premium,H2 2023,Smart TV,December,"36 19 * * 0,6",1280x720,Albuterol 90mcg,50 4 * * *,Info,Census Bureau,3.7,Smart TV,"30 8 * * 0,6",PostgreSQL,2025-01-01T00:00:00Z,2024-01-07T00:00:00Z,16 14 * * 1-5,Q1 2020,Tablet,kubectl apply,Monday,GBP,YWK-4561,2019-05-02,Free,Q2 2025,2019-02-26,Desktop,ethanjohnson@company.com,4.61,Firefox,
Mobile,415.26,2018-12-19,Safari,Q3 2022,Yesterday,"2795 Cedar Ln, Dallas",6.74,62986.2,393-397-2503,"9580 Park Blvd, Boston",Thursday,19 2 * * *,"$4,873,774",676,YES,2020-02-27T00:00:00Z,2013,February,2020-02-17T00:00:00Z,Edge,2022-06-24 20:30:38,In-Store,Pacific Research Group,BETWEEN 1 AND 100,12:47:34,In-Store,0.1,pending,MRN-218349,2018-10-06,Q4 2026,July,7.82,0390,Widowed,18:44:40,2431,48 14 * * 1-5,Brave,1 15 * * *,7.8,24 3 * * 1-5,0,North America,H2 2023,1 17 * * *,snapshot,Q3 2020,4.15,"$3,591,558",2022-08-21T00:00:00Z,1992,2025-03-16 22:02:48,Automated processing complete.,7.15,2020-06-18,2018-12-21,MIT,Social Media,2022-11-15,2023-11-10T02:57:47Z,10:13:31,2025-06-15,In-Store,warn=3667,Q1 2024,UNIQUE,2022-09-18,65.7939,31 20 * * 1-5,2020-2025,Q4 2026,Mobile,Q1 2021,2021-08-19T00:00:00Z,Wearable,Standard,2018-01-04,e3cfe8f52a68ce597ffa260fc3da2e7ed0d2d0e5ecec5eed474965d5103f5ce3,Cost-plus 25%,Jan-Mar,IoT,April,58 1 * * 1-5,1920x1080,Omeprazole 20mg,"56 21 * * 0,6",Critical,Reuters,9.39,Tablet,"17 22 * * 0,6",PostgreSQL,2023-11-20T00:00:00Z,2025-05-16T00:00:00Z,3 18 * * 1-5,Q2 2026,Smart TV,npm install,Tuesday,INR,RTT-8186,2018-10-12,Enterprise,Q1 2024,2019-01-13,Wearable,lindadavis@outlook.com,3.61,Brave,
Mobile,651.98,2021-01-30,Firefox,Q3 2020,Hotel California,"4666 Cedar Ln, Houston",6.46,53988.9,+18339467717,"4457 Oak Ave, Austin",Friday,"4 23 * * 0,6","$9,338,532",4417,NO,2024-08-25T00:00:00Z,2007,October,2019-12-27T00:00:00Z,Firefox,2023-04-27 03:20:04,Chat,Beacon Analytics,MATCHES '^[A-Z]+',04:46:06,Phone,5.41,approved,MRN-596529,2021-04-27,Q2 2025,January,3.13,888,Divorced,20:11:42,652,59 16 * * *,Opera,43 16 * * 1-5,1.54,34 22 * * 1-5,0,Africa,H2 2023,"43 19 * * 0,6",snapshot,Q4 2020,0.5,"$4,978,896",2026-04-14T00:00:00Z,2012,2025-09-05 03:57:04,Updated per client request.,0.24,2020-06-09,2026-03-20,BSD-3-Clause,Email,2024-11-03,2025-03-25T21:05:35Z,14:14:55,2026-03-03,Email,warn=3788,Q4 2020,BETWEEN 1 AND 100,2023-02-23,13.3678,"18 13 * * 0,6",Jan-Mar,Q2 2022,Desktop,Q3 2026,2025-02-23T00:00:00Z,Mobile,Same Day,2024-09-09,2ce40f949fe7e3131c2bfbe634e0e6cbe01c012dacf80c647d54849ceb6f7ae4,Penetration,Jan-Mar,Tablet,March,25 15 * * *,1920x1080,Ibuprofen 200mg,"29 21 * * 0,6",Medium,WHO,9.0,Mobile,"36 8 * * 0,6",PostgreSQL,2018-02-07T00:00:00Z,2019-05-16T00:00:00Z,"16 4 * * 0,6",Q2 2024,Wearable,GET /api/users,Saturday,INR,IAX-7424,2023-09-13,Enterprise,Q1 2023,2023-08-08,Wearable,emmasmith@example.com,0.01,Brave,
Desktop,584.61,2021-11-03,Safari,Q4 2024,Stairway to Heaven,"8762 Cedar Ln, Houston",8.91,68776.6,+16794223078,"4973 Park Blvd, San Francisco",Sunday,35 1 * * 1-5,"$717,095",109,NO,2023-06-24T00:00:00Z,2019,August,2023-10-22T00:00:00Z,Firefox,2021-11-06 06:36:49,In-Store,Meridian Health,MATCHES '^[A-Z]+',02:34:32,Email,0.52,failed,MRN-675983,2025-01-24,Q2 2025,September,7.99,5141,Widowed,05:28:57,4568,"25 2 * * 0,6",Edge,"57 9 * * 0,6",9.6,21 17 * * *,1,North America,H2 2023,"22 18 * * 0,6",insert,Q2 2021,3.76,"$708,349",2026-05-14T00:00:00Z,1999,2025-09-25T03:17:27Z,Escalated to management.,3.81,2022-05-05,2026-08-30,Proprietary,Phone,2021-03-29,2020-11-24 10:20:31,13:32:57,2018-08-28,Email,max=933,Q1 2025,BETWEEN 1 AND 100,2026-09-05,-10.5653,6 7 * * 1-5,H2 2023,Q1 2021,Wearable,Q4 2022,2020-08-25T00:00:00Z,Desktop,Economy,2018-08-25,544cd637498f5ba45287e93ec77ca86318d47437132e247e64da32b183168e06,Penetration,H2 2023,Wearable,December,20 14 * * 1-5,1920x1080,Albuterol 90mcg,42 11 * * *,Critical,Eurostat,8.39,Smart TV,18 6 * * 1-5,Snowflake,2023-08-22T00:00:00Z,2024-06-20T00:00:00Z,53 17 * * 1-5,Q3 2025,Tablet,GET /api/users,Friday,USD,BHL-2247,2018-07-14,Free,Q2 2023,2019-05-02,Desktop,liamsmith@gmail.com,8.65,Chrome,
Wearable,458.53,2018-04-08,Brave,Q4 2021,Hotel California,"9100 Main St, San Francisco",6.94,33659.6,(595) 930-8917,"2974 Main St, Berlin",Saturday,"57 19 * * 0,6","$8,457,746",601,NO,2020-05-22T00:00:00Z,1990,December,2019-11-04T00:00:00Z,Brave,2018-11-26T20:51:40Z,Chat,Acme Corp,UNIQUE,20:03:06,In-Store,2.91,pending,MRN-714124,2022-02-28,Q2 2020,April,6.68,3853,Single,15:18:16,103,34 8 * * *,Edge,"24 8 * * 0,6",5.78,3 9 * * *,1,North America,FY 2025,34 1 * * *,snapshot,Q1 2020,2.24,"$2,062,428",2020-02-23T00:00:00Z,2012,2022-03-09 14:21:33,Updated per client request.,0.3,2019-01-16,2023-11-13,MIT,Web,2021-10-22,2025-12-25T12:19:57Z,10:21:05,2025-09-17,Web,warn=4015,Q1 2025,CHECK (val > 0),2020-02-27,-41.8832,33 17 * * *,Jan-Mar,Q2 2024,Smart TV,Q2 2021,2025-01-16T00:00:00Z,Smart TV,Freight,2024-03-19,f14eeac21782cb2bbb1d4620d60c3f773d8c85a90ea7d694170fe6c839867441,Penetration,H2 2023,Smart TV,July,13 12 * * *,1920x1080,Omeprazole 20mg,31 0 * * 1-5,Critical,Eurostat,0.14,IoT,"54 13 * * 0,6",Snowflake,2023-03-04T00:00:00Z,2018-10-17T00:00:00Z,8 4 * * *,Q3 2020,Wearable,GET /api/users,Saturday,CHF,IQE-9954,2024-01-25,Basic,Q2 2020,2024-01-21,Smart TV,jessica_martin86@yahoo.com,0.47,Opera,
Smart TV,35.36,2022-06-03,Firefox,Q4 2025,Hotel California,"348 Pine Rd, Paris",9.44,38257.5,(357) 840-1257,"6853 Park Blvd, Dallas",Sunday,8 12 * * *,"$6,071,793",7510,true,2022-12-04T00:00:00Z,2002,June,2022-01-06T00:00:00Z,Brave,2023-10-17 16:11:24,Mobile,TechCo Industries,BETWEEN 1 AND 100,01:15:53,Chat,2.04,approved,MRN-673893,2021-04-08,Q3 2025,November,1.6,6923,Married,23:07:02,121,45 8 * * 1-5,Opera,12 15 * * *,5.33,"19 23 * * 0,6",0,Antarctica,2020-2025,33 11 * * 1-5,snapshot,Q4 2023,1.64,"$4,991,802",2020-11-07T00:00:00Z,1990,2021-09-19 20:46:54,Escalated to management.,5.01,2024-08-31,2021-12-17,MIT,Email,2018-07-30,2026-01-10 16:59:31,08:23:03,2022-04-18,Email,max=8285,Q1 2026,CHECK (val > 0),2018-08-03,8.8367,37 2 * * 1-5,Q1 2024,Q3 2025,Smart TV,Q2 2024,2019-11-11T00:00:00Z,Desktop,Standard,2019-09-18,36ac6ea497a5a2783b9291cb10af5765a345c885b56b7260b85443c601eac976,Cost-plus 25%,2020-2025,Mobile,June,18 5 * * 1-5,1920x1080,Albuterol 90mcg,13 8 * * *,High,Bloomberg,5.41,Desktop,11 15 * * 1-5,Salesforce,2018-09-27T00:00:00Z,2019-08-01T00:00:00Z,1 18 * * 1-5,Q2 2021,Tablet,docker run,Saturday,BRL,NOF-1686,2020-11-10,Standard,Q1 2023,2019-06-24,Tablet,oliverthompson@company.com,4.22,Edge,
Tablet,985.79,2020-07-28,Safari,Q2 2021,Hotel California,"9026 Park Blvd, Chicago",2.29,12942.2,(648) 205-3068,"4570 Park Blvd, Paris",Saturday,"32 10 * * 0,6","$1,416,046",906,true,2018-09-13T00:00:00Z,1997,July,2019-02-16T00:00:00Z,Safari,2018-09-25T15:50:35Z,Chat,TechCo Industries,NOT NULL,09:29:45,Chat,6.78,rejected,MRN-710904,2019-01-06,Q1 2021,February,0.67,163,Married,23:14:25,9159,7 17 * * *,Chrome,34 12 * * 1-5,9.91,9 18 * * 1-5,0,Europe,Q1 2024,6 3 * * *,upsert,Q4 2024,9.59,"$1,509,862",2020-02-07T00:00:00Z,2003,2026-07-28 19:09:04,Flagged for review.,6.19,2019-08-25,2018-04-14,MIT,Email,2025-09-24,2019-11-27T21:12:35Z,07:57:48,2018-09-07,Email,warn=2129,Q1 2025,CHECK (val > 0),2020-10-29,85.1363,16 0 * * *,Jan-Mar,Q2 2024,IoT,Q2 2023,2026-10-20T00:00:00Z,Tablet,Standard,2024-04-07,e39f1ee4b761a41d82d283d99ff364209aaca7cdbfd8e494e5739941dca7d38a,Cost-plus 25%,Jan-Mar,Wearable,February,20 6 * * *,2560x1440,Omeprazole 20mg,57 10 * * *,High,Bloomberg,7.17,Desktop,"56 20 * * 0,6",Snowflake,2021-09-16T00:00:00Z,2024-10-15T00:00:00Z,27 20 * * *,Q2 2021,Tablet,GET /api/users,Wednesday,EUR,MZC-5038,2018-07-07,Free,Q2 2026,2026-06-01,Wearable,jessica.thompson@outlook.com,9.61,Firefox,
Mobile,16.5,2025-07-02,Chrome,Q3 2026,Stairway to Heaven,"3205 Pine Rd, Boston",3.04,24322.9,(529) 909-1357,"2721 Main St, London",Monday,56 8 * * *,"$4,671,275",0079,YES,2022-11-11T00:00:00Z,1995,September,2023-09-01T00:00:00Z,Chrome,2018-03-17 23:42:29,Web,Alpine Systems,CHECK (val > 0),02:11:34,Email,6.76,failed,MRN-120523,2025-04-20,Q1 2023,May,2.93,154,Married,17:22:31,3089,"53 22 * * 0,6",Brave,38 4 * * 1-5,3.43,"53 0 * * 0,6",1,Africa,Jan-Mar,"53 12 * * 0,6",delete,Q4 2021,0.51,"$3,787,391",2026-06-09T00:00:00Z,2006,2026-01-26T17:13:27Z,Needs follow-up next quarter.,7.84,2022-02-21,2020-01-10,CC BY 4.0,Phone,2020-03-19,2022-04-05 11:16:09,21:46:11,2021-04-30,In-Store,max=962,Q1 2026,NOT NULL,2020-02-13,88.1864,59 12 * * 1-5,2020-2025,Q4 2026,Smart TV,Q1 2021,2026-10-17T00:00:00Z,Desktop,Same Day,2026-01-19,df664b6845a45b8fe67b93dbe3922c3d60075db3ed9b2dd600ed318b4c2b7cfc,Penetration,Q1 2024,Tablet,February,38 14 * * 1-5,3840x2160,Omeprazole 20mg,"59 15 * * 0,6",Medium,Reuters,6.02,Desktop,"9 17 * * 0,6",Salesforce,2020-05-30T00:00:00Z,2021-02-27T00:00:00Z,2 9 * * 1-5,Q4 2026,Wearable,npm install,Sunday,AUD,PIP-8017,2026-02-02,Standard,Q3 2025,2026-12-13,Mobile,liam.williams@acme.org,6.27,Safari,
IoT,311.32,2018-02-08,Opera,Q2 2023,Yesterday,"2808 Maple Dr, Boston",8.77,27163.2,+13524147347,"9939 Cedar Ln, Boston",Monday,43 1 * * *,"$4,816,664",656,YES,2026-01-13T00:00:00Z,2021,December,2026-05-24T00:00:00Z,Edge,2024-11-11 17:49:47,Chat,Vertex Technologies,NOT NULL,19:30:07,Web,8.98,cancelled,MRN-587477,2020-03-20,Q2 2026,July,1.12,049,Divorced,11:51:28,982,39 20 * * *,Brave,3 15 * * *,8.79,59 11 * * 1-5,1,Asia,H2 2023,"2 7 * * 0,6",update,Q3 2026,0.12,"$3,664,939",2023-08-24T00:00:00Z,1997,2021-05-11 21:58:08,Pending verification.,9.58,2026-02-21,2020-06-09,Proprietary,Email,2023-05-27,2018-10-16T15:23:42Z,02:54:17,2018-03-13,Email,warn=981,Q3 2025,NOT NULL,2025-10-27,12.383,41 15 * * *,Jan-Mar,Q3 2021,IoT,Q1 2026,2024-05-30T00:00:00Z,IoT,Standard,2019-10-27,ed1bb6c9debf2dbcdbcc60e864cfa9ae7534f142001a7bce34445a02c7693712,Cost-plus 25%,Q1 2024,IoT,February,5 3 * * *,2560x1440,Lisinopril 10mg,27 8 * * 1-5,Low,Reuters,7.03,Smart TV,29 16 * * *,Workday,2020-09-26T00:00:00Z,2023-10-04T00:00:00Z,45 15 * * 1-5,Q1 2025,Smart TV,GET /api/users,Sunday,JPY,CHG-8289,2020-04-04,Enterprise,Q4 2021,2021-02-11,Tablet,anna_walker92@acme.org,2.39,Safari,
Desktop,203.46,2025-10-31,Firefox,Q4 2021,Bohemian Rhapsody,"3466 Pine Rd, San Francisco",0.93,42695.0,222.254.1755,"2708 Pine Rd, Paris",Tuesday,"16 18 * * 0,6","$2,925,389",4596,NO,2022-01-22T00:00:00Z,1995,October,2019-02-18T00:00:00Z,Safari,2018-04-04 18:45:16,Phone,Quantum Dynamics,NOT NULL,12:31:14,Mobile,3.25,pending,MRN-295264,2025-06-19,Q1 2024,October,4.84,843,Married,13:43:13,7823,"58 13 * * 0,6",Chrome,"23 12 * * 0,6",2.23,35 9 * * *,0,Asia,FY 2025,40 15 * * *,update,Q1 2021,2.22,"$3,535,166",2019-11-05T00:00:00Z,2015,2019-03-15 08:57:57,Updated per client request.,1.99,2019-03-14,2022-09-07,GPL-3.0,In-Store,2018-05-08,2019-09-18T11:30:27Z,09:25:37,2025-08-24,In-Store,warn=3520,Q4 2021,NOT NULL,2021-07-01,2.964,54 6 * * 1-5,Jan-Mar,Q3 2025,Tablet,Q4 2024,2026-08-21T00:00:00Z,Wearable,Overnight,2024-11-10,c5b42c64fbb90c29dfb17462b43687c8f2c1b356e3ef75f1e200c06547218558,Premium,H2 2023,Tablet,April,54 13 * * 1-5,1920x1080,Omeprazole 20mg,"48 23 * * 0,6",Critical,CDC,9.15,Wearable,34 9 * * *,SAP,2023-01-15T00:00:00Z,2023-12-12T00:00:00Z,"5 12 * * 0,6",Q4 2024,Wearable,kubectl apply,Thursday,INR,UOD-6980,2018-08-25,Trial,Q3 2024,2025-08-24,Tablet,jessicaking@gmail.com,7.31,Firefox,2019-12-02T15:14:20Z
Tablet,603.5,2019-07-04,Safari,Q2 2021,Hotel California,"161 Main St, Boston",7.4,57518.1,621 570 1265,"8054 Oak Ave, Chicago",Tuesday,"16 12 * * 0,6","$9,603,267",738,YES,2022-07-12T00:00:00Z,2025,October,2024-10-08T00:00:00Z,Opera,2019-10-20 07:55:15,Mobile,Quantum Dynamics,BETWEEN 1 AND 100,12:25:02,Email,2.83,pending,MRN-831739,2023-09-09,Q4 2020,October,5.24,552,Single,15:55:00,1238,"20 6 * * 0,6",Brave,46 12 * * *,4.77,43 10 * * 1-5,0,North America,FY 2025,44 14 * * *,snapshot,Q3 2023,7.73,"$643,614",2020-08-05T00:00:00Z,2009,2021-01-23T14:07:33Z,Resolved — no further action.,8.81,2020-10-16,2018-01-23,BSD-3-Clause,Mobile,2020-10-31,2026-09-14T10:18:48Z,18:22:19,2026-01-23,Chat,min=5591,Q4 2024,MATCHES '^[A-Z]+',2019-03-02,-39.7923,59 2 * * *,H2 2023,Q4 2022,Tablet,Q2 2025,2021-07-28T00:00:00Z,Desktop,Express,2025-08-13,c63d27a125dcf30bed99d94c5af9f677459495f36972a621c0bf4adfc8583bee,Value pricing,Jan-Mar,Desktop,June,16 13 * * *,3840x2160,Omeprazole 20mg,17 10 * * 1-5,Critical,Eurostat,3.87,Tablet,30 17 * * 1-5,Workday,2025-10-20T00:00:00Z,2026-12-25T00:00:00Z,"34 4 * * 0,6",Q3 2021,Tablet,POST /api/orders,Sunday,CAD,CBY-7237,2021-10-10,Trial,Q1 2023,2019-12-04,Smart TV,robert.lee@outlook.com,8.28,Chrome,
IoT,610.81,2018-01-09,Opera,Q4 2022,Stairway to Heaven,"7557 Park Blvd, Berlin",3.28,14969.7,+18319601248,"5944 Oak Ave, Houston",Tuesday,34 8 * * *,"$7,431,217",679,YES,2022-05-24T00:00:00Z,2009,October,2025-02-27T00:00:00Z,Opera,2023-02-02 16:58:36,In-Store,Acme Corp,CHECK (val > 0),10:43:55,Social Media,5.34,approved,MRN-138247,2020-04-13,Q3 2021,August,5.77,804,Married,21:56:00,6557,37 14 * * *,Opera,29 11 * * 1-5,9.0,52 15 * * 1-5,0,Asia,H2 2023,30 10 * * *,delete,Q4 2026,5.63,"$4,906,425",2025-09-20T00:00:00Z,1995,2018-03-01 16:32:29,Resolved — no further action.,4.21,2022-03-03,2021-07-17,CC BY 4.0,Email,2023-08-27,2019-12-03 00:39:06,00:48:29,2020-07-18,Web,crit=7498,Q2 2022,UNIQUE,2019-04-08,-92.3645,55 1 * * 1-5,H2 2023,Q2 2020,Smart TV,Q4 2025,2023-05-13T00:00:00Z,Tablet,Overnight,2023-04-25,8b71f8534bda9d96efd2be1199a68dd97adf3bd7c0663b3bd8e292e1f721ae26,Cost-plus 25%,2020-2025,Wearable,October,51 21 * * *,1920x1080,Omeprazole 20mg,11 1 * * 1-5,Low,Reuters,1.7,Desktop,10 2 * * *,Snowflake,2024-12-23T00:00:00Z,2024-08-28T00:00:00Z,14 23 * * 1-5,Q2 2020,Smart TV,docker run,Sunday,CNY,ROB-6099,2019-12-10,Standard,Q2 2024,2024-04-01,Desktop,maryrodriguez@example.com,7.44,Safari,2022-05-11T00:28:32Z
Wearable,949.42,2024-04-06,Brave,Q4 2026,Hotel California,"6242 Elm St, Chicago",4.11,4421.4,979.216.2442,"3503 Main St, London",Friday,33 11 * * *,"$219,428",1289,true,2022-08-24T00:00:00Z,2019,October,2022-04-03T00:00:00Z,Firefox,2026-05-24 07:29:14,Chat,DataCraft Inc,BETWEEN 1 AND 100,13:25:37,In-Store,9.78,completed,MRN-656405,2018-06-25,Q3 2023,May,5.99,861,Divorced,20:25:24,8509,"15 2 * * 0,6",Edge,4 9 * * *,6.78,"55 23 * * 0,6",0,Oceania,H2 2023,39 18 * * 1-5,delete,Q1 2023,9.41,"$4,528,144",2024-10-05T00:00:00Z,2016,2019-05-22T22:10:25Z,Automated processing complete.,2.39,2024-04-14,2026-09-06,Proprietary,In-Store,2025-08-26,2025-11-07T18:46:53Z,23:56:56,2020-03-06,Phone,warn=3643,Q3 2024,BETWEEN 1 AND 100,2019-01-12,-20.4715,55 22 * * 1-5,Jan-Mar,Q4 2022,IoT,Q1 2022,2020-10-12T00:00:00Z,IoT,Standard,2024-11-17,b4b3d65893d42e8112ef06d4c3df2c3e716cd34d7b25615adea99978a3485563,Cost-plus 25%,H2 2023,Wearable,August,"27 8 * * 0,6",2560x1440,Albuterol 90mcg,40 21 * * *,Info,Bloomberg,1.38,Wearable,24 9 * * *,Snowflake,2025-12-19T00:00:00Z,2019-06-19T00:00:00Z,14 6 * * *,Q3 2023,Smart TV,docker run,Saturday,CNY,OWW-8066,2018-11-09,Premium,Q3 2026,2025-04-18,Mobile,richard.thompson15@company.com,1.38,Edge,
Tablet,4.79,2021-03-03,Safari,Q4 2021,Bohemian Rhapsody,"3032 Oak Ave, Denver",2.55,1312.1,438 206 4277,"6427 Pine Rd, Toronto",Sunday,57 6 * * 1-5,"$3,632,451",1666,false,2023-07-24T00:00:00Z,2020,September,2021-01-05T00:00:00Z,Chrome,2020-07-23T02:55:25Z,Mobile,Alpine Systems,UNIQUE,03:19:05,Phone,3.76,rejected,MRN-377771,2020-12-27,Q1 2023,April,2.04,3650,Single,04:36:45,4409,8 3 * * *,Chrome,"42 3 * * 0,6",4.9,35 1 * * 1-5,1,Oceania,Q1 2024,0 4 * * *,insert,Q3 2022,9.17,"$1,212,934",2022-04-14T00:00:00Z,2015,2024-03-27 17:39:19,Updated per client request.,4.65,2023-01-06,2023-11-26,BSD-3-Clause,Email,2022-10-05,2024-08-17T15:55:04Z,16:03:27,2022-12-01,Social Media,min=1299,Q3 2026,CHECK (val > 0),2019-09-15,-92.989,26 21 * * *,FY 2025,Q3 2022,Desktop,Q2 2020,2026-05-20T00:00:00Z,Mobile,Standard,2026-09-20,106e697bb8228a5adbb37d67ca394acb22ce39770d692c459a40e6362336bb61,Cost-plus 25%,Jan-Mar,Smart TV,November,6 19 * * *,1920x1080,Omeprazole 20mg,3 8 * * *,High,Bloomberg,9.62,Desktop,9 2 * * 1-5,SAP,2025-04-28T00:00:00Z,2022-12-12T00:00:00Z,2 8 * * *,Q1 2025,Mobile,POST /api/orders,Thursday,CHF,OCN-7051,2024-09-21,Free,Q2 2025,2019-06-16,Tablet,harperthomas@acme.org,7.79,Opera,2019-01-03 13:06:45
Wearable,521.28,2024-07-03,Chrome,Q1 2020,Stairway to Heaven,"4924 Pine Rd, Portland",5.04,39346.8,999-420-9446,"8870 Elm St, Toronto",Friday,8 20 * * 1-5,"$1,574,931",268,true,2023-07-24T00:00:00Z,1995,February,2020-01-29T00:00:00Z,Brave,2022-09-26T20:54:45Z,Mobile,Pacific Research Group,CHECK (val > 0),13:18:49,Mobile,3.64,cancelled,MRN-619747,2019-04-20,Q3 2024,October,7.45,0679,Single,20:39:54,3757,"14 8 * * 0,6",Opera,"45 10 * * 0,6",6.56,51 6 * * 1-5,0,Oceania,H2 2023,51 10 * * *,delete,Q4 2024,8.33,"$4,854,700",2021-04-30T00:00:00Z,2022,2024-09-21T20:10:50Z,Updated per client request.,3.74,2019-01-05,2024-02-09,Proprietary,Mobile,2020-01-05,2018-10-15 04:13:06,20:41:50,2026-01-03,Web,max=8104,Q1 2026,UNIQUE,2022-05-28,69.425,"50 4 * * 0,6",H2 2023,Q2 2021,Tablet,Q2 2025,2023-12-08T00:00:00Z,Smart TV,Standard,2021-03-13,d08c077bbc5a2bc60dd8e6326db3231d3d2187bf641fcf437f00cf252fcca4d2,Premium,2020-2025,Mobile,August,33 3 * * *,3840x2160,Metformin 500mg,14 14 * * *,High,CDC,1.04,Desktop,38 13 * * 1-5,PostgreSQL,2019-10-03T00:00:00Z,2018-12-09T00:00:00Z,5 22 * * *,Q3 2025,Desktop,npm install,Tuesday,BRL,EVN-2344,2018-01-03,Basic,Q1 2026,2026-09-25,Desktop,mary_young@acme.org,0.56,Edge,2018-01-15T23:39:58Z
Tablet,374.43,2022-04-25,Brave,Q4 2022,Hotel California,"9862 Oak Ave, Seattle",0.02,28850.0,838 324 6214,"12 Maple Dr, Boston",Sunday,59 16 * * *,"$6,451,658",964,YES,2018-01-29T00:00:00Z,2000,March,2024-12-03T00:00:00Z,Chrome,2023-06-22 14:36:25,Chat,Skyline Partners,UNIQUE,10:07:51,Web,2.34,pending,MRN-469098,2026-11-22,Q1 2023,July,6.85,377,Widowed,18:23:30,1657,"53 6 * * 0,6",Brave,5 23 * * 1-5,3.94,44 4 * * 1-5,0,Europe,H2 2023,"4 7 * * 0,6",upsert,Q4 2023,5.82,"$2,992,630",2025-03-06T00:00:00Z,1993,2019-02-22T17:45:02Z,Automated processing complete.,6.6,2018-11-30,2023-06-07,Proprietary,Email,2022-12-15,2020-08-02T14:26:32Z,13:12:32,2018-11-26,Chat,max=3400,Q1 2022,BETWEEN 1 AND 100,2023-07-26,84.9446,16 13 * * *,H2 2023,Q1 2022,Desktop,Q2 2021,2019-11-30T00:00:00Z,Wearable,Economy,2025-02-15,0d37f5384a11e98bd4e2d7d5a4d17abc27e18f0de61d0f4aaf45331fa7541b94,Penetration,FY 2025,Mobile,March,1 23 * * *,3840x2160,Lisinopril 10mg,"53 10 * * 0,6",Info,Census Bureau,7.37,IoT,21 16 * * *,Kafka,2023-12-26T00:00:00Z,2023-04-20T00:00:00Z,58 10 * * 1-5,Q2 2022,Wearable,npm install,Saturday,USD,TJI-5071,2025-02-25,Standard,Q4 2026,2019-11-16,Smart TV,mary_white@gmail.com,7.24,Chrome,
Wearable,444.72,2020-09-24,Chrome,Q3 2023,Stairway to Heaven,"9584 Elm St, Tokyo",7.29,8973.0,+19897832781,"4154 Cedar Ln, Austin",Friday,11 12 * * 1-5,"$5,059,125",700,false,2024-03-28T00:00:00Z,2009,May,2026-03-05T00:00:00Z,Edge,2018-01-16T14:20:48Z,Mobile,Global Solutions,CHECK (val > 0),03:08:14,Web,6.93,pending,MRN-231665,2021-01-14,Q4 2026,April,1.22,314,Single,10:13:13,2252,58 18 * * *,Firefox,24 13 * * 1-5,4.53,27 7 * * 1-5,0,North America,Jan-Mar,"14 16 * * 0,6",snapshot,Q3 2026,9.92,"$4,494,922",2021-09-23T00:00:00Z,2004,2018-07-17 07:59:32,Automated processing complete.,9.36,2024-12-16,2025-11-23,Proprietary,Chat,2026-06-26,2021-05-06 06:21:03,12:44:36,2024-12-31,Web,min=890,Q3 2023,UNIQUE,2022-05-12,-40.7335,19 8 * * *,Jan-Mar,Q4 2022,Tablet,Q4 2024,2023-08-11T00:00:00Z,IoT,Overnight,2024-02-08,72b793b423e842ba18144918e38939dea476ae3cf995ac9b171d78b27e1c9b72,Market-based,H2 2023,Smart TV,July,23 4 * * *,1920x1080,Lisinopril 10mg,6 7 * * 1-5,Medium,Census Bureau,6.1,Tablet,55 18 * * *,Snowflake,2024-12-15T00:00:00Z,2021-08-22T00:00:00Z,48 10 * * 1-5,Q4 2023,IoT,npm install,Friday,EUR,DWW-5002,2018-01-23,Standard,Q4 2025,2026-12-01,Wearable,michael_brown34@outlook.com,8.36,Edge,
Wearable,717.18,2020-08-15,Opera,Q1 2024,Bohemian Rhapsody,"5976 Park Blvd, Chicago",1.13,27178.8,(352) 744-6644,"7653 Main St, Phoenix",Saturday,30 21 * * *,"$3,470,954",888,YES,2026-10-16T00:00:00Z,2019,June,2023-08-03T00:00:00Z,Edge,2021-05-21 19:58:55,In-Store,Global Solutions,NOT NULL,00:34:20,In-Store,7.09,inactive,MRN-506592,2024-09-26,Q1 2026,June,5.3,820,Married,08:50:55,1175,50 13 * * *,Firefox,4 21 * * 1-5,1.23,"12 1 * * 0,6",1,Europe,2020-2025,"45 16 * * 0,6",insert,Q3 2022,7.72,"$846,369",2023-11-01T00:00:00Z,2010,2022-06-19T18:47:20Z,Updated per client request.,9.75,2025-10-13,2026-06-25,Proprietary,Social Media,2019-05-27,2020-04-19T00:05:32Z,20:39:01,2026-12-19,Chat,min=5587,Q1 2026,UNIQUE,2024-10-30,16.9247,19 12 * * 1-5,H2 2023,Q4 2022,Desktop,Q4 2023,2023-11-25T00:00:00Z,Mobile,Economy,2026-08-25,7bd393c4b4cd0a59d7f162c423fffdd82126f50164f266107b1d6dcc5f262d29,Value pricing,Jan-Mar,Smart TV,July,"44 18 * * 0,6",1280x720,Metformin 500mg,56 2 * * *,Info,Bloomberg,3.71,Tablet,43 23 * * *,Kafka,2023-09-24T00:00:00Z,2018-01-18T00:00:00Z,34 7 * * *,Q3 2022,Wearable,POST /api/orders,Thursday,INR,EDI-2259,2018-12-09,Free,Q2 2020,2021-02-16,IoT,olivia_robinson@outlook.com,0.28,Safari,
Mobile,844.24,2020-01-18,Opera,Q3 2021,Bohemian Rhapsody,"8445 Main St, Tokyo",9.07,95028.1,+19392844201,"5959 Cedar Ln, Los Angeles",Friday,27 0 * * 1-5,"$9,395,028",9352,true,2020-12-16T00:00:00Z,2023,August,2024-11-14T00:00:00Z,Safari,2021-06-11 22:57:19,In-Store,TechCo Industries,UNIQUE,11:45:42,Web,6.88,active,MRN-514650,2020-11-23,Q4 2021,March,3.68,919,Married,14:48:49,9714,"6 1 * * 0,6",Firefox,"34 21 * * 0,6",1.38,11 0 * * *,1,South America,Jan-Mar,"23 16 * * 0,6",update,Q4 2020,5.18,"$4,110,006",2023-12-15T00:00:00Z,2014,2021-08-15T13:23:12Z,Reviewed and approved.,5.56,2025-09-30,2025-12-15,MIT,Mobile,2025-09-02,2025-09-25 20:13:50,02:59:51,2021-07-07,Email,warn=3565,Q4 2026,BETWEEN 1 AND 100,2024-10-03,65.2413,46 23 * * 1-5,Q1 2024,Q2 2026,IoT,Q4 2020,2026-09-11T00:00:00Z,Desktop,Express,2024-05-05,131b5a40d261471b1de5b3e4a7472a7600281dc0f613b43344d9d22bd365fb19,Value pricing,H2 2023,IoT,December,34 6 * * *,3840x2160,Lisinopril 10mg,57 1 * * 1-5,Info,Census Bureau,5.58,Smart TV,0 12 * * *,Salesforce,2023-10-11T00:00:00Z,2023-10-21T00:00:00Z,33 9 * * *,Q1 2022,Mobile,kubectl apply,Wednesday,USD,DGP-3815,2019-08-12,Premium,Q1 2022,2021-06-15,Tablet,susanmartinez@company.com,0.5,Brave,
Smart TV,527.51,2019-06-09,Safari,Q1 2024,Stairway to Heaven,"9762 Park Blvd, Berlin",9.01,61165.6,+13948686236,"9535 Elm St, Paris",Monday,29 9 * * *,"$223,844",2544,false,2023-01-02T00:00:00Z,2013,February,2025-07-08T00:00:00Z,Safari,2022-12-03T11:01:09Z,Phone,Pacific Research Group,MATCHES '^[A-Z]+',20:04:53,In-Store,5.23,failed,MRN-225571,2023-12-19,Q3 2026,February,4.82,5947,Married,19:27:06,9,18 6 * * *,Edge,"1 6 * * 0,6",8.09,31 6 * * 1-5,0,Asia,Q1 2024,15 7 * * 1-5,delete,Q3 2026,8.7,"$3,101,274",2022-07-05T00:00:00Z,1996,2025-09-13T15:09:22Z,Pending verification.,7.68,2022-06-17,2024-10-05,Apache-2.0,Phone,2018-10-31,2024-03-10 11:00:57,08:58:41,2021-01-31,Chat,warn=1861,Q1 2026,UNIQUE,2026-08-27,-7.056,"30 10 * * 0,6",Q1 2024,Q3 2025,IoT,Q2 2022,2019-07-21T00:00:00Z,Smart TV,Freight,2022-03-07,197204c4ddb699560d2ec76aa902f7c92421800a807a2556bf1e109a8ea1b6f7,Cost-plus 25%,2020-2025,Desktop,May,"41 7 * * 0,6",2560x1440,Omeprazole 20mg,"32 7 * * 0,6",Info,CDC,4.3,Tablet,37 5 * * 1-5,PostgreSQL,2021-09-13T00:00:00Z,2025-09-24T00:00:00Z,5 13 * * 1-5,Q3 2020,Mobile,POST /api/orders,Monday,BRL,PIL-1768,2024-03-16,Trial,Q4 2023,2023-05-08,Tablet,jamesking@outlook.com,6.96,Chrome,
Tablet,690.51,2020-05-04,Safari,Q2 2024,Bohemian Rhapsody,"3826 Park Blvd, London",4.92,42866.4,341.467.6738,"1550 Elm St, Austin",Sunday,"2 22 * * 0,6","$3,102,929",876,true,2018-12-19T00:00:00Z,2001,November,2021-04-09T00:00:00Z,Edge,2025-01-01 03:41:48,Email,Skyline Partners,CHECK (val > 0),10:14:13,Email,7.1,pending,MRN-880660,2019-09-14,Q1 2025,February,3.02,1089,Married,17:59:40,8712,"37 0 * * 0,6",Edge,49 18 * * *,8.47,50 2 * * *,1,Asia,2020-2025,"6 3 * * 0,6",insert,Q1 2025,8.92,"$1,422,688",2019-12-15T00:00:00Z,2011,2022-08-08T02:51:00Z,Automated processing complete.,7.56,2024-11-17,2024-01-03,CC BY 4.0,In-Store,2026-06-20,2020-02-11T17:28:00Z,09:04:04,2024-10-03,Chat,crit=1201,Q2 2021,MATCHES '^[A-Z]+',2023-04-24,73.9039,16 4 * * *,Q1 2024,Q4 2022,Desktop,Q3 2024,2026-04-19T00:00:00Z,Mobile,Freight,2026-12-25,4d4da83842c7dae46a645edad4cc0a752e262dac6af1caefff1e422e87b526eb,Value pricing,FY 2025,Smart TV,November,"35 2 * * 0,6",2560x1440,Albuterol 90mcg,"23 1 * * 0,6",Info,WHO,5.77,Mobile,14 9 * * 1-5,Snowflake,2021-12-16T00:00:00Z,2020-09-18T00:00:00Z,"49 12 * * 0,6",Q2 2023,Wearable,GET /api/users,Monday,INR,RRE-4549,2019-04-20,Basic,Q4 2025,2019-11-29,Mobile,aidenwilliams@outlook.com,9.3,Edge,
Desktop,180.77,2018-10-21,Opera,Q2 2020,Bohemian Rhapsody,"7708 Main St, Austin",8.88,61818.5,288 887 1177,"8016 Elm St, San Francisco",Wednesday,28 4 * * 1-5,"$1,256,361",501,false,2025-03-18T00:00:00Z,2022,March,2019-02-10T00:00:00Z,Safari,2022-11-10T03:44:50Z,In-Store,Pioneer Software,BETWEEN 1 AND 100,08:08:49,Phone,2.48,rejected,MRN-103185,2018-02-16,Q2 2020,June,9.16,5083,Divorced,20:05:59,3599,"50 14 * * 0,6",Brave,"17 1 * * 0,6",8.36,"58 16 * * 0,6",1,Europe,Q1 2024,41 18 * * 1-5,update,Q3 2026,3.21,"$570,214",2026-04-23T00:00:00Z,2023,2018-02-28T05:50:53Z,Escalated to management.,9.23,2025-02-10,2023-01-23,Proprietary,Chat,2020-07-18,2025-04-17 08:09:16,05:06:36,2019-04-02,Email,crit=7241,Q2 2023,UNIQUE,2026-05-20,12.0737,35 17 * * 1-5,FY 2025,Q1 2024,IoT,Q4 2024,2019-11-17T00:00:00Z,IoT,Overnight,2024-03-24,d2afe40ceff672c9a50a5f28f1c2ac1b957732cdd515a8c19842cc1519e65ea3,Market-based,Q1 2024,Tablet,March,59 18 * * *,1920x1080,Metformin 500mg,0 17 * * 1-5,Critical,CDC,6.59,Wearable,37 14 * * 1-5,SAP,2023-01-31T00:00:00Z,2020-02-05T00:00:00Z,33 10 * * *,Q3 2026,Smart TV,npm install,Wednesday,AUD,KGH-1147,2019-05-05,Basic,Q1 2020,2020-12-15,Wearable,ethanwright@company.com,7.45,Opera,
IoT,357.66,2026-03-10,Brave,Q3 2022,Bohemian Rhapsody,"1077 Park Blvd, Houston",7.07,81251.1,648-235-8362,"7824 Main St, Seattle",Friday,"52 2 * * 0,6","$8,119,297",427,false,2021-02-15T00:00:00Z,2015,January,2024-02-03T00:00:00Z,Opera,2025-07-23 16:42:00,Social Media,DataCraft Inc,UNIQUE,22:45:20,Web,7.65,rejected,MRN-276498,2020-07-08,Q4 2021,May,2.18,942,Married,07:30:20,5216,2 11 * * *,Opera,23 3 * * 1-5,9.41,18 8 * * *,1,North America,Q1 2024,"43 9 * * 0,6",snapshot,Q4 2024,8.64,"$4,343,089",2024-07-04T00:00:00Z,2015,2018-06-22 11:12:54,Updated per client request.,7.16,2019-03-07,2024-04-29,GPL-3.0,Web,2026-09-17,2023-11-12 02:04:05,08:33:17,2019-11-24,Email,max=4922,Q2 2021,MATCHES '^[A-Z]+',2018-01-25,57.6981,17 19 * * 1-5,H2 2023,Q2 2024,Mobile,Q3 2024,2025-07-21T00:00:00Z,Desktop,Economy,2025-03-08,be7ad2d183f4841d8f7f2778f62af42049f853df9377ac5057e627f21d163cfc,Penetration,FY 2025,Desktop,June,"10 2 * * 0,6",1280x720,Albuterol 90mcg,1 15 * * 1-5,Info,Eurostat,3.39,Mobile,35 3 * * 1-5,Salesforce,2024-07-07T00:00:00Z,2026-11-14T00:00:00Z,"36 22 * * 0,6",Q3 2025,Tablet,POST /api/orders,Saturday,INR,BCV-2306,2021-12-10,Standard,Q2 2025,2022-02-12,Wearable,harper.davis@acme.org,2.04,Opera,
Wearable,241.37,2022-07-12,Safari,Q3 2020,Imagine,"7214 Pine Rd, Austin",9.51,59412.7,465 342 1578,"3128 Elm St, Chicago",Friday,13 18 * * 1-5,"$2,987,457",8556,NO,2023-02-23T00:00:00Z,2015,April,2021-08-18T00:00:00Z,Safari,2018-11-12T06:18:19Z,Email,Pioneer Software,NOT NULL,15:02:11,Chat,7.33,pending,MRN-756204,2023-05-30,Q1 2025,June,5.37,6162,Widowed,13:38:46,9042,"2 9 * * 0,6",Safari,"20 0 * * 0,6",6.79,17 18 * * *,1,Antarctica,2020-2025,"29 8 * * 0,6",delete,Q3 2021,5.87,"$2,454,892",2021-10-08T00:00:00Z,2025,2023-04-24 08:09:24,Automated processing complete.,3.25,2024-10-27,2022-03-07,Proprietary,Web,2020-05-25,2019-09-10T22:42:21Z,22:48:09,2022-08-04,Email,max=4324,Q1 2022,MATCHES '^[A-Z]+',2019-07-27,-99.3353,"32 23 * * 0,6",2020-2025,Q2 2020,Mobile,Q2 2022,2026-12-24T00:00:00Z,Smart TV,Overnight,2022-01-07,992408a7d840d880432377d8e661625c6b602fae6d643fa085014e4e3d108b35,Penetration,Q1 2024,Tablet,April,7 15 * * 1-5,1920x1080,Lisinopril 10mg,24 10 * * 1-5,High,Bloomberg,1.13,Wearable,26 16 * * *,Salesforce,2019-12-08T00:00:00Z,2018-05-30T00:00:00Z,57 6 * * *,Q2 2021,Tablet,GET /api/users,Sunday,CHF,MXL-2494,2024-10-19,Free,Q3 2023,2020-10-04,Desktop,james_davis@gmail.com,0.7,Firefox,
IoT,273.26,2021-08-14,Firefox,Q4 2025,Stairway to Heaven,"8027 Main St, Phoenix",4.93,30841.0,335.802.6021,"54 Pine Rd, New York",Monday,2 18 * * *,"$6,537,987",386,NO,2021-02-21T00:00:00Z,2000,July,2021-01-11T00:00:00Z,Opera,2026-02-08 12:06:11,Phone,Pioneer Software,MATCHES '^[A-Z]+',05:58:09,Email,6.68,approved,MRN-689216,2025-12-05,Q4 2021,May,1.06,6164,Widowed,08:40:43,4256,"28 3 * * 0,6",Firefox,36 21 * * 1-5,0.39,21 17 * * 1-5,0,Asia,H2 2023,"20 23 * * 0,6",update,Q4 2024,0.24,"$1,055,084",2019-01-04T00:00:00Z,1995,2025-07-25T02:57:25Z,Pending verification.,7.41,2023-05-09,2024-03-14,Apache-2.0,Web,2018-02-06,2021-10-04 15:23:18,06:35:49,2018-06-29,Phone,max=9041,Q2 2023,NOT NULL,2022-11-13,98.2641,8 5 * * *,2020-2025,Q4 2022,Smart TV,Q2 2024,2018-06-17T00:00:00Z,Mobile,Overnight,2019-09-11,d9c0b802028334c84a173517d67355b82ab993dcc5e1af5670521f40f0fb899d,Penetration,Jan-Mar,Wearable,January,36 20 * * *,2560x1440,Metformin 500mg,27 22 * * 1-5,Info,Eurostat,4.41,Tablet,"41 7 * * 0,6",Kafka,2022-06-23T00:00:00Z,2020-07-30T00:00:00Z,16 21 * * *,Q2 2021,Mobile,npm install,Wednesday,GBP,KTK-9354,2026-10-31,Standard,Q1 2026,2018-05-24,Wearable,john.williams@example.com,6.7,Opera,
IoT,355.5,2021-04-28,Edge,Q4 2025,Stairway to Heaven,"1400 Oak Ave, Los Angeles",7.3,21287.4,706.339.6171,"313 Elm St, Portland",Monday,16 22 * * 1-5,"$5,514,561",1532,true,2018-07-20T00:00:00Z,2023,June,2026-04-03T00:00:00Z,Safari,2024-08-18T09:58:59Z,Mobile,TechCo Industries,MATCHES '^[A-Z]+',00:39:20,Web,7.89,approved,MRN-596584,2021-09-15,Q4 2023,April,1.24,656,Married,07:54:17,5951,27 8 * * 1-5,Firefox,"6 5 * * 0,6",9.21,"2 15 * * 0,6",0,Antarctica,Jan-Mar,45 21 * * *,delete,Q3 2026,2.77,"$4,280,125",2024-05-14T00:00:00Z,1991,2025-11-06 20:34:41,Needs follow-up next quarter.,7.42,2026-07-06,2024-07-15,Proprietary,In-Store,2024-03-14,2021-06-16 07:30:56,04:09:57,2021-11-26,In-Store,crit=5291,Q2 2025,NOT NULL,2021-04-12,50.8894,59 21 * * *,2020-2025,Q1 2023,IoT,Q4 2021,2024-06-18T00:00:00Z,Tablet,Express,2024-12-31,c8afd61e1648592279cc58906f83afc2174004c8f297f07be934421f90d7083f,Market-based,Q1 2024,Tablet,December,"21 14 * * 0,6",1920x1080,Metformin 500mg,20 15 * * 1-5,Info,Bloomberg,9.38,Wearable,"42 14 * * 0,6",Kafka,2022-08-15T00:00:00Z,2024-12-09T00:00:00Z,19 15 * * 1-5,Q4 2021,Desktop,npm install,Monday,EUR,CSR-7180,2026-08-13,Free,Q2 2025,2021-10-11,Desktop,james.thompson@company.com,7.59,Safari,
Smart TV,993.02,2022-01-10,Safari,Q1 2021,Stairway to Heaven,"8381 Cedar Ln, Seattle",9.58,40180.9,+12027038493,"2131 Elm St, Atlanta",Saturday,37 20 * * 1-5,"$9,222,296",806,false,2022-01-29T00:00:00Z,2026,July,2020-11-05T00:00:00Z,Opera,2021-02-08 17:31:22,In-Store,Pioneer Software,NOT NULL,02:36:38,Mobile,2.96,failed,MRN-519665,2021-05-17,Q3 2022,May,3.82,614,Widowed,16:40:45,8313,55 4 * * *,Brave,"40 18 * * 0,6",9.43,"44 8 * * 0,6",0,Africa,FY 2025,57 1 * * *,snapshot,Q2 2026,8.2,"$747,395",2022-12-19T00:00:00Z,2006,2024-10-23T17:05:59Z,Flagged for review.,3.15,2018-12-14,2022-07-09,GPL-3.0,Phone,2019-06-29,2022-08-08T02:09:08Z,16:40:17,2025-03-12,Email,max=3881,Q2 2020,MATCHES '^[A-Z]+',2021-05-11,-49.8233,32 8 * * 1-5,2020-2025,Q4 2021,Wearable,Q3 2021,2021-03-05T00:00:00Z,IoT,Standard,2023-02-08,fb9d784d090e166b368dc242bec1f1b3d2d2b5acdee79e93c1c321c5d2009bec,Value pricing,H2 2023,Desktop,November,16 5 * * *,2560x1440,Ibuprofen 200mg,"28 21 * * 0,6",Medium,Census Bureau,9.77,Wearable,45 3 * * 1-5,Workday,2026-09-10T00:00:00Z,2019-06-22T00:00:00Z,3 19 * * *,Q1 2020,Desktop,kubectl apply,Friday,USD,SNB-3975,2020-11-12,Enterprise,Q4 2023,2023-12-20,Mobile,patriciamartin@example.com,7.26,Safari,2021-08-05T19:08:23Z
Tablet,760.57,2020-10-01,Brave,Q4 2021,Hotel California,"4197 Pine Rd, Berlin",1.19,17769.2,+17327742223,"6221 Pine Rd, Seattle",Thursday,"4 4 * * 0,6","$210,080",4992,true,2023-08-25T00:00:00Z,2018,November,2022-08-18T00:00:00Z,Edge,2021-07-22 12:58:11,Email,Skyline Partners,UNIQUE,22:14:39,In-Store,0.07,inactive,MRN-143418,2023-02-14,Q2 2021,October,2.19,2372,Single,18:31:38,6824,0 10 * * 1-5,Safari,15 20 * * *,8.37,39 17 * * *,0,Antarctica,FY 2025,12 12 * * *,delete,Q3 2024,9.63,"$1,843,670",2023-06-17T00:00:00Z,2021,2019-03-27 08:41:05,Reviewed and approved.,0.13,2021-12-23,2023-07-12,Proprietary,In-Store,2026-09-25,2019-01-28T14:32:13Z,20:14:39,2023-01-16,In-Store,min=8333,Q1 2022,MATCHES '^[A-Z]+',2018-05-05,11.164,3 18 * * *,2020-2025,Q1 2025,Mobile,Q4 2023,2024-10-25T00:00:00Z,Smart TV,Freight,2026-04-23,9d86e16e577b5c3057fbcfb4810d6e3dab1cb39a6bfdd507b2be0b44091eb2b0,Value pricing,H2 2023,Mobile,March,39 14 * * *,2560x1440,Metformin 500mg,"10 5 * * 0,6",High,Bloomberg,4.56,Tablet,17 3 * * 1-5,Snowflake,2019-03-08T00:00:00Z,2026-08-25T00:00:00Z,16 2 * * 1-5,Q4 2025,IoT,POST /api/orders,Tuesday,INR,GFA-1564,2025-01-25,Basic,Q2 2026,2018-09-19,Smart TV,sarah.miller@acme.org,0.51,Chrome,
Wearable,420.09,2026-02-15,Edge,Q4 2025,Yesterday,"3791 Maple Dr, New York",8.65,32464.4,+12113266682,"8678 Maple Dr, New York",Saturday,17 21 * * 1-5,"$9,217,855",113,NO,2024-01-16T00:00:00Z,1993,March,2025-01-17T00:00:00Z,Firefox,2021-03-19T08:24:19Z,Social Media,Global Solutions,MATCHES '^[A-Z]+',04:33:01,Mobile,0.91,completed,MRN-887467,2019-09-28,Q1 2023,January,3.9,7680,Married,15:53:53,690,"41 0 * * 0,6",Edge,"10 14 * * 0,6",0.72,0 22 * * 1-5,1,Oceania,FY 2025,49 15 * * 1-5,update,Q2 2025,6.72,"$111,315",2024-04-01T00:00:00Z,1995,2018-04-03 12:23:05,Resolved — no further action.,4.78,2024-02-09,2025-03-02,MIT,In-Store,2026-10-14,2019-03-20T16:14:44Z,18:30:52,2018-11-26,In-Store,min=5705,Q3 2022,NOT NULL,2024-05-31,81.838,"51 5 * * 0,6",H2 2023,Q4 2023,Tablet,Q1 2026,2022-02-06T00:00:00Z,Tablet,Same Day,2026-04-06,40bb9e9ee60bb168b656c45ca20ec87d4e3f142dd3a1fb4fc9778c8c4a5caf68,Market-based,H2 2023,Tablet,September,12 4 * * 1-5,1280x720,Lisinopril 10mg,45 11 * * 1-5,High,CDC,1.98,IoT,"6 17 * * 0,6",Snowflake,2022-06-18T00:00:00Z,2026-01-10T00:00:00Z,34 18 * * 1-5,Q2 2021,Mobile,npm install,Saturday,USD,IFQ-8457,2018-09-01,Premium,Q3 2024,2019-03-09,Desktop,john_walker@example.com,4.84,Opera,2026-01-17T14:33:43Z
Desktop,424.35,2020-04-02,Opera,Q2 2020,Bohemian Rhapsody,"4649 Maple Dr, Toronto",8.39,37716.7,659 689 9655,"3390 Maple Dr, Chicago",Friday,2 13 * * *,"$4,203,071",285,false,2019-05-04T00:00:00Z,2018,August,2018-04-22T00:00:00Z,Safari,2025-01-02T15:44:07Z,Chat,Acme Corp,NOT NULL,05:45:21,Chat,2.99,approved,MRN-748577,2021-10-28,Q4 2024,October,1.24,5407,Widowed,10:16:26,7297,5 17 * * 1-5,Safari,10 0 * * 1-5,4.97,"5 1 * * 0,6",1,Asia,2020-2025,46 15 * * *,insert,Q4 2025,8.39,"$2,036,380",2021-12-12T00:00:00Z,2015,2026-03-13T19:55:03Z,Needs follow-up next quarter.,6.33,2018-04-17,2019-08-18,Proprietary,Web,2023-01-08,2023-02-26 14:43:21,04:13:02,2022-05-09,Chat,warn=5010,Q4 2021,NOT NULL,2026-02-25,-19.7204,"56 9 * * 0,6",Q1 2024,Q1 2022,Wearable,Q3 2025,2021-04-21T00:00:00Z,Mobile,Overnight,2018-05-26,0742ea0b55092b57b1e1c16e6592b096cd8a7b8aa5312e212ff0d61a2e7f03b9,Premium,H2 2023,Desktop,April,"4 20 * * 0,6",1280x720,Ibuprofen 200mg,43 11 * * 1-5,Info,Bloomberg,6.82,IoT,12 11 * * 1-5,Workday,2022-06-10T00:00:00Z,2020-11-29T00:00:00Z,4 2 * * *,Q2 2022,Tablet,npm install,Thursday,CHF,JWW-9647,2025-08-02,Basic,Q3 2020,2025-08-28,Desktop,linda.brown@yahoo.com,5.4,Firefox,2020-03-15 11:19:30
Smart TV,801.89,2023-03-02,Edge,Q3 2021,Hotel California,"9986 Elm St, Boston",0.98,91914.0,936-317-7772,"6034 Park Blvd, Phoenix",Friday,"18 13 * * 0,6","$9,478,428",237,YES,2022-01-30T00:00:00Z,2010,March,2018-05-09T00:00:00Z,Safari,2026-08-07T23:47:37Z,Web,Meridian Health,CHECK (val > 0),11:43:51,Email,1.13,cancelled,MRN-956927,2024-11-09,Q4 2021,May,1.02,785,Single,03:22:45,9117,34 0 * * 1-5,Firefox,6 5 * * 1-5,6.0,"53 1 * * 0,6",1,South America,Jan-Mar,9 8 * * *,update,Q2 2024,1.34,"$2,567,081",2021-03-15T00:00:00Z,1993,2024-04-15T02:39:41Z,Escalated to management.,2.25,2026-09-01,2025-06-05,BSD-3-Clause,Email,2023-12-20,2026-01-18 04:03:39,08:04:01,2020-05-09,Web,warn=5164,Q4 2024,MATCHES '^[A-Z]+',2024-02-21,64.5947,"4 16 * * 0,6",H2 2023,Q2 2020,Mobile,Q3 2023,2025-02-04T00:00:00Z,Desktop,Express,2021-04-04,b12269c9170aa7dab836c8dcbe00ec08a76f54cd1cceaca8ccc4d626c04f36fe,Value pricing,Jan-Mar,Desktop,April,38 15 * * *,1920x1080,Lisinopril 10mg,"18 22 * * 0,6",Low,CDC,8.32,Desktop,29 20 * * *,SAP,2019-12-31T00:00:00Z,2020-11-28T00:00:00Z,36 18 * * 1-5,Q4 2024,Mobile,POST /api/orders,Saturday,GBP,FAT-6023,2023-07-14,Enterprise,Q4 2023,2023-03-27,Desktop,john.smith36@acme.org,2.9,Opera,
Desktop,993.97,2025-05-02,Firefox,Q2 2026,Bohemian Rhapsody,"399 Main St, Toronto",4.45,80840.0,748.663.8707,"2064 Pine Rd, Austin",Friday,10 16 * * *,"$3,812,716",6971,YES,2020-08-31T00:00:00Z,2004,December,2018-09-13T00:00:00Z,Safari,2022-07-17 05:48:08,Phone,Beacon Analytics,CHECK (val > 0),03:25:47,Social Media,2.69,approved,MRN-708520,2021-11-17,Q4 2021,December,0.82,127,Single,05:52:50,6347,"11 3 * * 0,6",Opera,"32 2 * * 0,6",7.33,26 8 * * 1-5,1,North America,H2 2023,33 21 * * 1-5,upsert,Q1 2025,0.7,"$4,482,235",2019-09-08T00:00:00Z,2021,2025-12-01 20:26:49,Needs follow-up next quarter.,1.71,2020-12-03,2022-10-24,Proprietary,Email,2018-08-18,2019-07-19T11:49:21Z,04:30:55,2020-11-20,In-Store,max=157,Q3 2022,MATCHES '^[A-Z]+',2025-10-12,-60.7179,48 0 * * 1-5,FY 2025,Q1 2026,Tablet,Q2 2022,2021-09-27T00:00:00Z,Desktop,Same Day,2026-12-25,ef678031932a387e674d451e983079515e33ce3b578bd3c81522451a2cd44c07,Market-based,Jan-Mar,Smart TV,June,"44 20 * * 0,6",1280x720,Ibuprofen 200mg,51 19 * * 1-5,Low,Census Bureau,3.07,IoT,"58 21 * * 0,6",SAP,2026-01-06T00:00:00Z,2021-06-03T00:00:00Z,17 4 * * *,Q1 2023,IoT,POST /api/orders,Wednesday,CNY,UAO-9807,2024-05-01,Basic,Q2 2025,2024-05-04,IoT,james.harris@outlook.com,9.63,Edge,
Smart TV,446.49,2020-11-07,Opera,Q2 2020,Hotel California,"3642 Main St, Seattle",0.11,25961.8,544 948 9553,"8589 Oak Ave, Austin",Tuesday,56 13 * * *,"$7,836,033",0997,false,2018-04-11T00:00:00Z,1998,March,2019-01-03T00:00:00Z,Chrome,2026-05-02 13:24:40,Mobile,Catalyst Ventures,UNIQUE,05:00:17,Chat,3.73,approved,MRN-876731,2025-09-16,Q2 2024,June,5.25,254,Widowed,05:35:34,2734,47 1 * * *,Chrome,"6 0 * * 0,6",3.7,"23 23 * * 0,6",0,Europe,Q1 2024,14 18 * * *,delete,Q4 2023,2.29,"$3,641,684",2023-03-29T00:00:00Z,2016,2023-11-02 12:13:07,Needs follow-up next quarter.,6.8,2022-08-13,2022-04-25,GPL-3.0,Email,2021-12-14,2021-12-12 21:25:28,13:58:36,2021-06-28,Email,min=1583,Q3 2024,NOT NULL,2022-01-20,41.0455,8 4 * * *,Jan-Mar,Q3 2021,Desktop,Q4 2024,2026-07-01T00:00:00Z,Mobile,Express,2021-09-14,cf9da9592ca89892e350b23bed691792a43b5eec4267a54b024bc6e9e9fe2442,Value pricing,2020-2025,Wearable,February,"51 2 * * 0,6",3840x2160,Ibuprofen 200mg,"56 7 * * 0,6",Critical,CDC,1.29,Tablet,11 3 * * *,SAP,2019-04-20T00:00:00Z,2025-12-29T00:00:00Z,33 18 * * *,Q1 2021,Wearable,POST /api/orders,Sunday,CHF,VGR-2081,2019-12-15,Premium,Q4 2026,2026-02-08,IoT,lucasmartin@gmail.com,2.41,Brave,
Tablet,809.13,2018-06-01,Edge,Q3 2025,Imagine,"7009 Cedar Ln, Chicago",7.46,73489.9,617.978.5549,"8106 Elm St, Seattle",Sunday,57 20 * * 1-5,"$6,398,960",0690,NO,2024-08-18T00:00:00Z,1997,May,2021-11-23T00:00:00Z,Opera,2025-12-26T11:08:01Z,In-Store,Acme Corp,CHECK (val > 0),05:26:58,In-Store,8.16,completed,MRN-459007,2026-07-07,Q2 2025,July,8.62,067,Single,17:29:39,9091,11 7 * * 1-5,Brave,"19 19 * * 0,6",2.66,29 18 * * *,0,South America,H2 2023,"27 18 * * 0,6",upsert,Q2 2026,2.05,"$2,192,886",2026-05-27T00:00:00Z,2017,2026-03-16T20:11:57Z,Automated processing complete.,9.54,2026-06-16,2026-11-05,GPL-3.0,Phone,2020-09-11,2025-05-26 10:26:42,01:35:49,2023-07-17,In-Store,max=3804,Q3 2022,CHECK (val > 0),2024-11-08,2.9837,28 4 * * 1-5,Jan-Mar,Q3 2021,Mobile,Q2 2026,2024-09-10T00:00:00Z,IoT,Overnight,2018-10-15,7f97b3fcd620984c3936497f181c1f26ff98324539493413b6fdbba43adb3edd,Premium,Q1 2024,Mobile,March,6 0 * * *,3840x2160,Metformin 500mg,"28 6 * * 0,6",Low,Bloomberg,5.49,Wearable,22 14 * * 1-5,PostgreSQL,2018-05-07T00:00:00Z,2022-03-16T00:00:00Z,50 22 * * 1-5,Q1 2026,Wearable,POST /api/orders,Monday,USD,OWL-4261,2025-12-12,Free,Q2 2024,2023-02-03,Mobile,harper_thomas@example.com,9.54,Firefox,
IoT,940.5,2024-09-26,Safari,Q3 2024,Stairway to Heaven,"2074 Oak Ave, Boston",7.63,67576.6,+12287593879,"1629 Oak Ave, Phoenix",Friday,51 22 * * *,"$2,311,438",0972,YES,2023-02-20T00:00:00Z,2010,April,2021-02-15T00:00:00Z,Chrome,2024-09-15 13:10:16,In-Store,Pacific Research Group,UNIQUE,10:54:29,Social Media,4.03,rejected,MRN-446362,2021-02-24,Q2 2024,June,2.25,391,Divorced,06:39:37,8094,28 17 * * *,Chrome,11 10 * * *,5.84,27 4 * * 1-5,1,South America,Q1 2024,"27 6 * * 0,6",upsert,Q1 2021,8.55,"$876,952",2026-02-20T00:00:00Z,2020,2024-06-22T16:24:25Z,Reviewed and approved.,6.17,2026-12-12,2024-12-27,GPL-3.0,Chat,2025-01-24,2021-10-20 21:11:00,18:39:18,2021-07-21,Mobile,warn=1626,Q3 2026,NOT NULL,2026-06-01,-0.3609,45 9 * * *,FY 2025,Q1 2022,IoT,Q1 2022,2025-07-21T00:00:00Z,IoT,Freight,2025-01-22,3ba3c0b2caefa2e23c7ae68af38643a2bf3a51083bbfd4c11756137651b96ceb,Premium,FY 2025,Smart TV,September,48 19 * * 1-5,3840x2160,Omeprazole 20mg,21 16 * * *,Medium,Eurostat,2.6,IoT,54 1 * * *,Salesforce,2023-07-07T00:00:00Z,2021-02-27T00:00:00Z,"11 7 * * 0,6",Q4 2021,Mobile,POST /api/orders,Wednesday,CNY,JRI-2115,2024-05-30,Standard,Q1 2024,2020-05-01,Smart TV,loganjohnson@company.com,2.04,Firefox,2025-09-07 12:03:36
Wearable,105.36,2024-12-17,Edge,Q1 2021,Stairway to Heaven,"3983 Oak Ave, Seattle",2.35,25742.2,790-364-2583,"1056 Maple Dr, Tokyo",Tuesday,"28 17 * * 0,6","$9,618,276",209,true,2026-08-06T00:00:00Z,2022,December,2022-07-04T00:00:00Z,Brave,2026-03-27 12:24:01,Phone,Pioneer Software,UNIQUE,05:13:44,Web,3.58,active,MRN-665077,2020-10-24,Q4 2023,January,8.93,648,Married,12:48:55,3335,"19 8 * * 0,6",Brave,45 23 * * 1-5,1.35,35 12 * * *,0,Oceania,Jan-Mar,44 10 * * *,update,Q4 2026,2.01,"$217,555",2026-10-05T00:00:00Z,2023,2020-05-28T18:24:20Z,Flagged for review.,8.08,2025-07-23,2021-01-19,BSD-3-Clause,Email,2026-09-21,2024-10-18 10:40:14,14:34:30,2021-07-12,Mobile,crit=5197,Q2 2023,BETWEEN 1 AND 100,2018-12-13,7.6402,"15 22 * * 0,6",Q1 2024,Q2 2025,Smart TV,Q1 2023,2024-01-01T00:00:00Z,Tablet,Express,2022-05-13,abd4b560f6aa66c931871ae169d8e2763d9503a615594811e518df224c9bd10d,Value pricing,FY 2025,Desktop,January,47 23 * * *,2560x1440,Ibuprofen 200mg,"22 5 * * 0,6",Low,WHO,8.31,Tablet,44 18 * * 1-5,Salesforce,2019-02-18T00:00:00Z,2021-09-29T00:00:00Z,45 17 * * 1-5,Q2 2020,Desktop,kubectl apply,Sunday,CNY,FKM-8534,2018-01-21,Standard,Q3 2025,2022-03-08,Wearable,aiden.thomas@gmail.com,1.01,Safari,
Smart TV,953.47,2018-11-24,Chrome,Q3 2025,Stairway to Heaven,"6337 Oak Ave, Tokyo",0.54,79494.6,+13187369204,"7984 Oak Ave, Atlanta",Friday,"37 21 * * 0,6","$8,481,504",815,YES,2021-08-30T00:00:00Z,2017,May,2019-09-26T00:00:00Z,Safari,2026-05-27 02:55:51,Mobile,Quantum Dynamics,UNIQUE,07:25:27,Social Media,1.85,failed,MRN-509560,2025-11-28,Q1 2023,December,6.63,121,Divorced,23:12:03,3384,41 14 * * *,Firefox,9 21 * * *,9.31,59 3 * * *,1,North America,Jan-Mar,47 14 * * 1-5,delete,Q2 2023,7.95,"$3,066,353",2026-11-17T00:00:00Z,2007,2024-09-28T14:54:25Z,Escalated to management.,3.25,2022-08-05,2019-10-22,CC BY 4.0,Mobile,2023-12-14,2024-12-26 02:00:28,03:04:05,2022-09-05,Phone,min=2018,Q3 2026,UNIQUE,2020-11-14,-45.4347,"1 4 * * 0,6",FY 2025,Q1 2025,Tablet,Q4 2021,2019-01-25T00:00:00Z,IoT,Overnight,2019-07-02,3629cb4efbbba75a23790adb461f5fb7d30d6075b84629b31e9c5c783e223bf7,Premium,Q1 2024,Desktop,July,44 11 * * *,2560x1440,Omeprazole 20mg,12 15 * * *,Low,Census Bureau,2.61,Mobile,14 12 * * *,Workday,2022-01-29T00:00:00Z,2020-12-28T00:00:00Z,29 20 * * 1-5,Q1 2020,Desktop,npm install,Sunday,CNY,BSX-5560,2022-07-22,Free,Q3 2025,2020-06-04,Tablet,logan_lee@yahoo.com,9.99,Edge,
Tablet,255.2,2020-12-10,Chrome,Q2 2024,Hotel California,"8778 Park Blvd, Austin",3.43,28701.6,(724) 656-3065,"3512 Cedar Ln, Los Angeles",Tuesday,"45 21 * * 0,6","$2,704,964",8703,YES,2023-05-18T00:00:00Z,2022,March,2024-11-06T00:00:00Z,Opera,2025-10-23T05:35:21Z,Email,Acme Corp,MATCHES '^[A-Z]+',08:58:23,Web,4.38,completed,MRN-631478,2020-04-05,Q4 2021,July,5.84,1704,Divorced,04:45:39,2105,21 6 * * *,Firefox,"3 1 * * 0,6",2.63,33 19 * * *,1,Antarctica,H2 2023,26 16 * * 1-5,update,Q2 2023,5.22,"$2,079,529",2018-02-13T00:00:00Z,2002,2023-02-19T19:17:46Z,Resolved — no further action.,9.38,2023-08-19,2024-12-13,Apache-2.0,Social Media,2020-06-27,2018-10-21 04:34:46,11:58:15,2018-07-05,Chat,min=3269,Q1 2026,MATCHES '^[A-Z]+',2025-01-26,88.0118,"14 6 * * 0,6",Q1 2024,Q3 2026,Mobile,Q4 2023,2021-12-17T00:00:00Z,Smart TV,Economy,2020-05-15,c3091c821d5d4dcf21b58569789aefeb66b9a3b40e099fc5faa3c7b09e96c674,Market-based,Q1 2024,Wearable,July,"24 15 * * 0,6",1920x1080,Lisinopril 10mg,53 4 * * *,Medium,Reuters,3.91,IoT,8 9 * * 1-5,Workday,2023-01-29T00:00:00Z,2026-10-29T00:00:00Z,33 6 * * 1-5,Q3 2022,IoT,npm install,Sunday,JPY,KKE-5947,2022-06-28,Standard,Q1 2020,2019-01-29,IoT,michaelmiller@company.com,0.86,Chrome,
Desktop,78.11,2024-10-21,Edge,Q1 2022,Bohemian Rhapsody,"226 Main St, Chicago",6.1,56809.4,(726) 318-9159,"6631 Park Blvd, Toronto",Saturday,10 18 * * 1-5,"$2,516,635",4384,YES,2021-07-15T00:00:00Z,2023,August,2018-11-30T00:00:00Z,Firefox,2022-12-13 18:08:30,Chat,Quantum Dynamics,CHECK (val > 0),02:32:40,Phone,1.76,active,MRN-741225,2022-09-12,Q1 2026,August,2.6,155,Widowed,09:36:43,7195,"10 11 * * 0,6",Firefox,"36 11 * * 0,6",5.59,33 13 * * *,0,South America,Jan-Mar,10 23 * * *,delete,Q4 2021,2.8,"$2,663,130",2018-06-04T00:00:00Z,2006,2020-12-08 23:53:59,Automated processing complete.,2.71,2018-09-27,2019-07-03,MIT,Chat,2025-12-21,2024-07-03 10:08:47,16:57:48,2023-06-09,Email,warn=5576,Q4 2021,NOT NULL,2018-02-05,87.8107,"47 14 * * 0,6",FY 2025,Q4 2025,Smart TV,Q4 2021,2022-10-30T00:00:00Z,Smart TV,Freight,2022-03-23,ec4fbda2781473fd7d227e45e75cbd734b824aa00694ba6dc3985d1ea74fa0af,Premium,2020-2025,Desktop,June,"50 10 * * 0,6",1280x720,Metformin 500mg,26 3 * * 1-5,Medium,WHO,6.3,IoT,51 1 * * *,SAP,2018-10-26T00:00:00Z,2019-03-11T00:00:00Z,8 6 * * 1-5,Q1 2025,Mobile,docker run,Wednesday,BRL,RMM-1282,2022-01-19,Enterprise,Q4 2026,2021-05-04,IoT,sophiamartinez54@example.com,1.65,Safari,
Desktop,886.34,2019-01-18,Edge,Q3 2020,Stairway to Heaven,"858 Maple Dr, Toronto",9.28,84226.1,995.665.6642,"4775 Park Blvd, Denver",Friday,2 16 * * *,"$113,928",3569,true,2018-09-28T00:00:00Z,2004,March,2018-11-03T00:00:00Z,Edge,2021-10-06 11:19:47,Email,Beacon Analytics,NOT NULL,19:27:34,Social Media,4.29,cancelled,MRN-267488,2022-06-06,Q3 2022,February,0.04,465,Single,21:07:17,4472,"27 7 * * 0,6",Safari,38 18 * * 1-5,1.88,"5 0 * * 0,6",1,Antarctica,H2 2023,48 7 * * *,upsert,Q4 2020,8.67,"$1,350,287",2023-06-08T00:00:00Z,2008,2023-01-02T18:15:43Z,Pending verification.,0.81,2025-08-22,2023-08-05,Apache-2.0,Web,2025-05-01,2018-01-27 12:19:48,10:46:09,2024-04-16,Phone,warn=9765,Q4 2020,UNIQUE,2020-05-09,-0.2685,24 4 * * 1-5,Jan-Mar,Q2 2022,Mobile,Q1 2024,2018-01-18T00:00:00Z,Wearable,Economy,2020-08-30,5c6fa0f4cc4f11382124512ac8aa94810136fdc7ac0b9889751fd40a3eb85892,Premium,Q1 2024,Desktop,September,"50 14 * * 0,6",1280x720,Omeprazole 20mg,"52 6 * * 0,6",Low,Census Bureau,8.86,Mobile,43 9 * * 1-5,Workday,2018-07-03T00:00:00Z,2022-03-31T00:00:00Z,57 10 * * 1-5,Q1 2026,Wearable,kubectl apply,Wednesday,INR,SNV-9259,2022-03-14,Premium,Q3 2026,2018-05-06,Mobile,james_wright@outlook.com,9.45,Safari,
Smart TV,239.87,2026-05-29,Chrome,Q4 2021,Hotel California,"8869 Maple Dr, Atlanta",6.38,91637.2,587.757.1232,"4726 Pine Rd, Austin",Saturday,38 12 * * 1-5,"$3,518,927",9313,false,2022-07-18T00:00:00Z,2006,July,2018-11-20T00:00:00Z,Firefox,2019-11-19T13:24:51Z,Chat,Global Solutions,BETWEEN 1 AND 100,08:51:39,Email,6.16,completed,MRN-909513,2022-05-26,Q1 2025,November,5.58,988,Divorced,22:22:20,1014,"46 19 * * 0,6",Safari,"7 13 * * 0,6",8.9,34 18 * * *,0,Asia,Q1 2024,"4 18 * * 0,6",upsert,Q3 2023,1.29,"$3,222,195",2025-11-30T00:00:00Z,1994,2021-04-08 07:29:24,Pending verification.,8.44,2018-09-19,2020-09-13,CC BY 4.0,Social Media,2024-08-27,2021-03-18T15:31:52Z,11:28:09,2026-09-30,Mobile,warn=5905,Q2 2024,MATCHES '^[A-Z]+',2021-08-08,-56.6785,37 15 * * *,Q1 2024,Q2 2022,Desktop,Q2 2020,2025-08-25T00:00:00Z,Mobile,Express,2020-05-10,57c2e1aa0b532baf425e02bbcada1d6af8305005c8c0be00f736f0d7c7a22ff5,Cost-plus 25%,2020-2025,IoT,January,36 21 * * *,2560x1440,Metformin 500mg,37 0 * * 1-5,High,CDC,2.45,IoT,"54 21 * * 0,6",Kafka,2019-01-02T00:00:00Z,2023-08-11T00:00:00Z,"6 19 * * 0,6",Q3 2024,Wearable,POST /api/orders,Friday,CHF,APX-5686,2020-05-25,Free,Q3 2020,2022-07-07,Desktop,aiden.moore@company.com,8.29,Edge,
Mobile,757.35,2024-09-18,Safari,Q3 2026,Yesterday,"1141 Cedar Ln, Dallas",8.44,6362.6,912-637-4774,"326 Park Blvd, Phoenix",Saturday,"16 16 * * 0,6","$5,415,455",693,YES,2019-09-19T00:00:00Z,2001,November,2025-08-27T00:00:00Z,Brave,2021-10-08 19:15:56,In-Store,TechCo Industries,MATCHES '^[A-Z]+',04:53:43,Chat,6.38,failed,MRN-982050,2025-04-18,Q3 2023,September,8.24,5322,Divorced,07:17:47,9479,29 23 * * 1-5,Opera,25 2 * * *,0.21,40 23 * * *,0,Oceania,H2 2023,48 16 * * *,delete,Q1 2026,3.25,"$8,907",2021-10-26T00:00:00Z,2026,2020-07-20 03:46:03,Escalated to management.,6.17,2022-12-28,2021-09-22,GPL-3.0,Mobile,2018-11-17,2024-11-16 05:50:59,04:56:03,2021-04-19,Social Media,max=3172,Q3 2023,CHECK (val > 0),2021-05-20,-56.8377,3 20 * * 1-5,Q1 2024,Q2 2021,Desktop,Q3 2026,2023-02-09T00:00:00Z,Wearable,Express,2023-05-11,8a93dda8c1435cacc82c18ff0f180394c094b0a5e0f790f916d32c9dd800a8af,Value pricing,FY 2025,Mobile,February,57 2 * * 1-5,1920x1080,Albuterol 90mcg,23 8 * * *,High,WHO,9.77,Tablet,19 18 * * 1-5,Kafka,2026-09-01T00:00:00Z,2021-10-07T00:00:00Z,15 16 * * *,Q2 2025,Smart TV,npm install,Thursday,CAD,PYG-4376,2020-04-08,Premium,Q4 2025,2026-06-25,Tablet,oliverbrown@company.com,0.18,Chrome,
Desktop,22.41,2019-07-01,Edge,Q4 2025,Stairway to Heaven,"2700 Main St, Phoenix",1.16,54848.0,+12734927321,"4140 Park Blvd, Phoenix",Saturday,7 6 * * *,"$4,623,048",9450,NO,2022-07-04T00:00:00Z,2008,December,2026-11-27T00:00:00Z,Brave,2019-06-21T07:09:43Z,Chat,DataCraft Inc,CHECK (val > 0),00:16:15,Mobile,6.74,completed,MRN-165255,2021-12-16,Q4 2026,June,2.42,530,Single,13:48:19,1703,43 0 * * *,Firefox,25 5 * * 1-5,3.19,46 19 * * *,0,South America,Q1 2024,"24 19 * * 0,6",insert,Q1 2023,4.79,"$839,880",2025-07-11T00:00:00Z,2025,2025-11-23T16:48:05Z,Automated processing complete.,6.61,2024-02-03,2026-09-26,BSD-3-Clause,Chat,2022-03-01,2026-06-01T03:07:20Z,18:34:31,2025-10-19,Mobile,max=2469,Q1 2021,MATCHES '^[A-Z]+',2021-11-29,-32.6282,"30 18 * * 0,6",Q1 2024,Q2 2026,Desktop,Q4 2021,2025-05-31T00:00:00Z,IoT,Economy,2019-07-23,7840ee56a6146aafa924af555f8fa86e6cf438098c9f5fdcc7834587f1171f6b,Premium,2020-2025,Wearable,July,48 1 * * *,3840x2160,Metformin 500mg,11 12 * * *,Info,Reuters,8.45,Desktop,44 15 * * *,Workday,2020-07-27T00:00:00Z,2023-05-09T00:00:00Z,"53 22 * * 0,6",Q3 2025,Smart TV,kubectl apply,Sunday,JPY,FGA-7390,2023-06-18,Standard,Q3 2020,2018-07-26,Smart TV,harper_lee@yahoo.com,7.42,Opera,
Tablet,155.71,2023-08-11,Safari,Q3 2026,Hotel California,"2651 Oak Ave, Tokyo",5.56,38850.8,+15038713443,"4091 Oak Ave, New York",Wednesday,0 14 * * 1-5,"$5,253,488",415,YES,2023-05-02T00:00:00Z,2000,October,2021-10-11T00:00:00Z,Safari,2022-06-16 14:08:15,Chat,Acme Corp,NOT NULL,12:30:46,In-Store,2.48,inactive,MRN-675193,2025-01-29,Q1 2024,March,4.14,214,Married,13:37:21,283,46 15 * * 1-5,Brave,30 2 * * 1-5,2.71,41 3 * * 1-5,1,Europe,Jan-Mar,43 7 * * 1-5,upsert,Q3 2021,0.86,"$4,449,528",2020-07-05T00:00:00Z,2010,2026-12-02T04:09:17Z,Reviewed and approved.,8.9,2021-06-26,2019-08-22,GPL-3.0,Phone,2026-05-31,2025-12-05 15:01:35,00:54:31,2021-02-23,Chat,min=5449,Q1 2021,BETWEEN 1 AND 100,2025-03-26,-60.8283,44 8 * * 1-5,Q1 2024,Q4 2022,Mobile,Q3 2024,2020-05-12T00:00:00Z,Desktop,Express,2018-12-21,10ab2125ddf00d7bd31c1e6804c6f802c52f68f565021ac3c8c10cd6b605c88a,Value pricing,2020-2025,Desktop,March,8 3 * * *,1280x720,Metformin 500mg,30 13 * * *,Info,Census Bureau,8.71,IoT,"8 1 * * 0,6",Snowflake,2020-03-15T00:00:00Z,2020-09-22T00:00:00Z,"26 4 * * 0,6",Q2 2023,Smart TV,kubectl apply,Wednesday,CNY,FUV-5819,2019-03-23,Enterprise,Q3 2024,2026-10-02,Wearable,robert.king@outlook.com,5.3,Opera,
Mobile,786.48,2025-04-28,Brave,Q4 2023,Yesterday,"8832 Cedar Ln, Los Angeles",6.79,69933.4,+15654367438,"9563 Elm St, San Francisco",Wednesday,17 1 * * *,"$4,369,722",906,YES,2026-11-11T00:00:00Z,2002,February,2021-02-05T00:00:00Z,Brave,2019-11-04T16:21:16Z,Email,Global Solutions,CHECK (val > 0),04:18:43,Email,3.94,pending,MRN-165431,2025-03-15,Q2 2025,September,9.56,475,Divorced,23:38:26,4606,54 21 * * 1-5,Firefox,51 2 * * 1-5,1.59,"2 20 * * 0,6",1,Africa,H2 2023,"17 16 * * 0,6",delete,Q3 2020,1.54,"$288,619",2020-05-10T00:00:00Z,1998,2018-09-19 00:05:06,Resolved — no further action.,8.42,2021-01-01,2023-10-14,MIT,Chat,2022-04-12,2018-10-19 08:45:57,03:44:57,2020-10-26,Social Media,warn=8509,Q4 2021,NOT NULL,2023-02-28,6.0878,"52 12 * * 0,6",FY 2025,Q2 2023,IoT,Q4 2020,2018-10-01T00:00:00Z,Wearable,Economy,2026-09-23,f1fdd5af68ac13dc6e4cf82907bf24bdd7c3239bd30f5eaf19db6171910dec28,Market-based,Jan-Mar,Desktop,December,3 11 * * *,1920x1080,Metformin 500mg,10 7 * * *,High,Reuters,0.42,Smart TV,9 15 * * 1-5,Snowflake,2021-07-22T00:00:00Z,2024-08-07T00:00:00Z,2 19 * * 1-5,Q3 2024,IoT,npm install,Monday,JPY,QEG-1518,2021-10-15,Free,Q3 2022,2022-07-31,IoT,sarah.smith@example.com,0.99,Firefox,2026-10-09 01:35:01
IoT,241.29,2022-04-11,Opera,Q3 2024,Yesterday,"4310 Elm St, Portland",1.19,15409.8,293-888-5835,"3175 Park Blvd, Chicago",Wednesday,"41 3 * * 0,6","$4,101,179",8019,NO,2020-02-06T00:00:00Z,1996,November,2024-08-30T00:00:00Z,Firefox,2026-02-26T00:02:16Z,Chat,Vertex Technologies,NOT NULL,15:25:31,Phone,1.48,active,MRN-385469,2023-06-02,Q4 2026,June,9.93,079,Single,15:49:07,4830,"45 2 * * 0,6",Firefox,"7 20 * * 0,6",7.5,7 6 * * 1-5,0,North America,H2 2023,55 21 * * 1-5,update,Q4 2024,6.82,"$4,347,093",2023-12-21T00:00:00Z,2010,2020-04-19T00:44:20Z,Automated processing complete.,0.25,2019-07-18,2023-10-08,BSD-3-Clause,Phone,2023-02-25,2023-12-25T02:57:02Z,13:09:15,2019-04-02,Social Media,min=9507,Q3 2022,NOT NULL,2018-04-09,-46.6242,44 14 * * 1-5,2020-2025,Q1 2022,Smart TV,Q3 2026,2018-06-07T00:00:00Z,Smart TV,Economy,2022-03-27,5a59addd09d1d1a3f82fb9cf7a9cbf53533ea3cef2a10f9aedf43a6dc2a7cc07,Cost-plus 25%,Q1 2024,Tablet,June,6 23 * * *,3840x2160,Metformin 500mg,5 3 * * 1-5,Critical,Census Bureau,8.9,Smart TV,43 0 * * 1-5,Workday,2025-08-20T00:00:00Z,2025-10-19T00:00:00Z,38 18 * * 1-5,Q1 2026,Desktop,docker run,Sunday,CAD,GPT-2969,2019-02-13,Standard,Q4 2026,2019-09-16,Smart TV,noah.white@acme.org,9.69,Opera,
Mobile,823.29,2022-09-28,Safari,Q2 2022,Stairway to Heaven,"3051 Park Blvd, Austin",6.88,32880.0,937 474 2433,"1804 Oak Ave, New York",Tuesday,22 22 * * *,"$5,329,523",152,NO,2022-05-01T00:00:00Z,2016,December,2023-10-22T00:00:00Z,Opera,2020-12-19 09:37:46,Mobile,TechCo Industries,BETWEEN 1 AND 100,09:55:56,Phone,1.87,inactive,MRN-273533,2023-02-13,Q1 2026,February,9.38,1195,Single,16:44:02,9167,"37 10 * * 0,6",Chrome,"22 22 * * 0,6",4.04,30 0 * * 1-5,0,Africa,Jan-Mar,19 0 * * *,upsert,Q2 2020,8.4,"$183,812",2023-12-15T00:00:00Z,2025,2025-09-23T02:03:48Z,Needs follow-up next quarter.,8.71,2023-01-01,2022-08-12,MIT,Phone,2020-06-21,2023-09-24T03:48:25Z,08:06:55,2022-09-21,In-Store,warn=1116,Q1 2021,BETWEEN 1 AND 100,2023-05-30,63.8262,52 11 * * *,H2 2023,Q4 2026,Tablet,Q2 2024,2024-04-28T00:00:00Z,Desktop,Express,2019-02-16,82b2b34d8d7be1058ffb0f59254a17f90f982d0c9d22ee11818099eae41739f5,Market-based,Q1 2024,Smart TV,November,54 21 * * 1-5,1920x1080,Omeprazole 20mg,22 13 * * *,Info,WHO,1.66,IoT,11 6 * * 1-5,PostgreSQL,2022-06-08T00:00:00Z,2025-12-15T00:00:00Z,41 18 * * *,Q2 2023,Wearable,docker run,Wednesday,INR,KNN-5002,2019-07-08,Trial,Q1 2024,2026-10-16,Tablet,mason.brown5@yahoo.com,2.89,Firefox,
Smart TV,505.84,2020-11-29,Safari,Q4 2021,Stairway to Heaven,"2531 Cedar Ln, Phoenix",0.43,97931.3,411 442 6718,"8210 Oak Ave, Chicago",Wednesday,48 3 * * 1-5,"$6,678,860",596,false,2018-03-23T00:00:00Z,2010,October,2024-11-30T00:00:00Z,Opera,2018-05-07T20:01:41Z,Chat,Pioneer Software,UNIQUE,23:50:47,Mobile,2.76,active,MRN-215582,2018-04-02,Q2 2026,February,3.89,6399,Divorced,07:09:42,4944,11 3 * * *,Opera,14 16 * * *,5.73,46 19 * * 1-5,1,Oceania,FY 2025,21 11 * * *,insert,Q4 2022,3.07,"$800,541",2020-11-26T00:00:00Z,2012,2021-06-14 19:18:51,Reviewed and approved.,0.92,2020-04-25,2023-07-27,Proprietary,Web,2022-06-01,2022-10-21T16:20:04Z,11:17:42,2018-10-11,Phone,max=5556,Q1 2021,NOT NULL,2020-06-18,-37.8556,"0 3 * * 0,6",2020-2025,Q1 2022,Wearable,Q2 2026,2019-04-27T00:00:00Z,Mobile,Standard,2020-01-12,a44337444bc9a969efd31683da1ab70b242cf3d6e4dce9de5c2abbdc540f6cf8,Cost-plus 25%,FY 2025,Desktop,March,"57 0 * * 0,6",1920x1080,Omeprazole 20mg,"30 7 * * 0,6",Critical,CDC,5.31,Wearable,4 21 * * *,Salesforce,2018-03-23T00:00:00Z,2024-06-04T00:00:00Z,17 8 * * 1-5,Q1 2023,Mobile,docker run,Thursday,GBP,MIP-1436,2018-11-23,Basic,Q3 2021,2019-01-11,Desktop,michael.brown10@gmail.com,0.87,Safari,
Smart TV,775.38,2023-10-24,Edge,Q2 2025,Bohemian Rhapsody,"5000 Main St, Toronto",1.0,26905.8,873-788-5665,"1080 Elm St, Houston",Friday,1 7 * * *,"$6,709,629",242,false,2025-12-08T00:00:00Z,2012,April,2021-01-25T00:00:00Z,Firefox,2019-11-22 06:35:03,Mobile,Skyline Partners,CHECK (val > 0),13:55:19,Email,8.9,cancelled,MRN-126442,2024-06-25,Q2 2020,March,1.85,9394,Divorced,16:54:57,9952,40 23 * * *,Opera,"4 1 * * 0,6",0.66,"39 18 * * 0,6",1,Europe,FY 2025,56 3 * * *,insert,Q2 2026,4.12,"$3,719,208",2021-02-18T00:00:00Z,1994,2025-09-13 07:29:48,Escalated to management.,7.19,2024-03-22,2026-08-14,BSD-3-Clause,In-Store,2022-07-18,2022-06-08 20:41:00,11:58:20,2025-05-19,Email,crit=6154,Q1 2020,NOT NULL,2022-05-31,82.3359,57 9 * * 1-5,Q1 2024,Q4 2020,IoT,Q3 2022,2024-10-30T00:00:00Z,Tablet,Economy,2018-12-05,7c80083182c74f6348bb171724744882c34c115b9a8e07058096e7a65a93bc41,Value pricing,FY 2025,Desktop,October,3 6 * * *,1920x1080,Lisinopril 10mg,17 2 * * 1-5,Medium,Eurostat,9.52,IoT,34 23 * * 1-5,PostgreSQL,2024-08-29T00:00:00Z,2018-06-14T00:00:00Z,27 19 * * *,Q2 2021,Desktop,POST /api/orders,Saturday,EUR,GIR-8952,2021-09-17,Trial,Q4 2025,2023-12-07,Mobile,aidendavis@outlook.com,5.92,Safari,
Desktop,217.12,2026-08-07,Edge,Q2 2023,Hotel California,"7626 Main St, Sydney",8.75,97103.8,875 321 6247,"9658 Cedar Ln, Seattle",Saturday,"52 15 * * 0,6","$7,633,203",0594,false,2022-01-08T00:00:00Z,1994,October,2024-08-23T00:00:00Z,Safari,2023-07-04T20:14:41Z,Social Media,Quantum Dynamics,UNIQUE,17:12:13,Phone,9.26,active,MRN-371879,2022-01-23,Q4 2023,July,1.28,4230,Widowed,17:45:16,8284,"29 15 * * 0,6",Opera,"18 12 * * 0,6",8.54,37 2 * * 1-5,1,North America,2020-2025,38 12 * * *,snapshot,Q1 2021,2.18,"$4,588,974",2024-06-04T00:00:00Z,2020,2024-07-06T23:22:22Z,Automated processing complete.,9.35,2026-06-06,2024-11-11,CC BY 4.0,Mobile,2025-03-28,2022-10-16T02:09:57Z,19:30:41,2022-03-09,Email,crit=7340,Q1 2021,CHECK (val > 0),2019-05-17,21.2235,42 13 * * 1-5,H2 2023,Q2 2021,Smart TV,Q4 2024,2020-04-08T00:00:00Z,Wearable,Same Day,2020-01-13,e3f142d406963ba154d6af9ceadb91d18630b4ecf5666675df0f43df31d00e56,Premium,2020-2025,Wearable,July,30 10 * * 1-5,2560x1440,Albuterol 90mcg,46 21 * * *,Medium,Census Bureau,1.24,Tablet,25 8 * * *,PostgreSQL,2025-08-10T00:00:00Z,2026-01-25T00:00:00Z,"14 23 * * 0,6",Q2 2026,IoT,POST /api/orders,Friday,AUD,XGB-5995,2021-08-27,Trial,Q3 2024,2026-04-17,Mobile,linda_young3@yahoo.com,0.96,Edge,
Wearable,545.33,2018-02-17,Firefox,Q2 2022,Yesterday,"3138 Park Blvd, Seattle",0.17,29160.7,852.875.8333,"8526 Cedar Ln, London",Tuesday,13 17 * * *,"$6,182,839",818,true,2024-04-12T00:00:00Z,1998,December,2026-05-05T00:00:00Z,Firefox,2023-11-11T13:23:54Z,Web,Alpine Systems,UNIQUE,20:07:13,Email,3.79,approved,MRN-804470,2024-12-19,Q3 2020,March,8.22,068,Widowed,08:25:03,4887,35 8 * * *,Brave,1 5 * * 1-5,7.98,30 20 * * *,1,North America,Jan-Mar,25 18 * * 1-5,delete,Q2 2026,5.69,"$3,005,843",2022-12-22T00:00:00Z,2001,2024-02-16 10:06:08,Flagged for review.,3.86,2022-08-25,2023-02-20,GPL-3.0,Social Media,2019-02-17,2021-10-03 14:21:18,01:34:09,2022-04-11,Chat,max=351,Q2 2025,CHECK (val > 0),2020-08-07,90.5765,"30 11 * * 0,6",FY 2025,Q3 2024,Tablet,Q2 2020,2024-05-04T00:00:00Z,Tablet,Standard,2026-06-27,e991600a0d79d9f36697ca457b8769633d39bd7167b7428ae824911e24d3fc8c,Penetration,2020-2025,Desktop,September,5 15 * * 1-5,3840x2160,Omeprazole 20mg,"7 21 * * 0,6",Info,Eurostat,6.99,Tablet,11 23 * * *,SAP,2018-04-22T00:00:00Z,2022-05-29T00:00:00Z,11 4 * * 1-5,Q1 2021,Desktop,kubectl apply,Wednesday,BRL,EGS-5668,2021-08-27,Basic,Q4 2021,2021-03-31,IoT,emmajackson32@gmail.com,3.24,Chrome,
Wearable,908.39,2021-08-27,Chrome,Q4 2025,Hotel California,"6094 Cedar Ln, Austin",9.73,71680.3,+15872888996,"6064 Elm St, Berlin",Tuesday,10 2 * * 1-5,"$2,664,387",200,true,2018-05-04T00:00:00Z,2017,June,2023-04-30T00:00:00Z,Firefox,2025-06-18T00:34:54Z,In-Store,TechCo Industries,NOT NULL,22:25:37,Social Media,6.64,pending,MRN-135097,2025-04-14,Q3 2026,June,0.62,0141,Divorced,02:06:45,8286,"43 0 * * 0,6",Edge,"15 21 * * 0,6",3.63,"51 6 * * 0,6",0,North America,H2 2023,56 9 * * *,insert,Q2 2024,7.33,"$2,465,703",2020-12-13T00:00:00Z,2015,2026-10-18 04:08:14,Automated processing complete.,4.63,2025-01-23,2024-03-20,MIT,Phone,2022-10-27,2020-05-02T12:13:01Z,02:03:40,2024-04-11,Mobile,max=1914,Q4 2020,BETWEEN 1 AND 100,2026-03-17,73.7344,53 14 * * *,2020-2025,Q1 2026,IoT,Q3 2022,2019-11-15T00:00:00Z,Desktop,Overnight,2026-07-27,ffb310787703bd69d99aaf4bbc6f839410eb1479ddc6fb7570c8c2e3dc48a6c3,Penetration,2020-2025,IoT,January,39 1 * * *,2560x1440,Lisinopril 10mg,"0 8 * * 0,6",Info,Reuters,9.32,Desktop,50 0 * * 1-5,SAP,2025-06-21T00:00:00Z,2018-01-01T00:00:00Z,48 22 * * 1-5,Q2 2026,Wearable,POST /api/orders,Saturday,AUD,YLX-6122,2023-06-27,Basic,Q1 2022,2019-10-18,Desktop,james.jackson94@yahoo.com,0.68,Edge,
Desktop,318.55,2022-12-18,Firefox,Q1 2025,Imagine,"2658 Pine Rd, Austin",2.66,11580.6,+17952161817,"9749 Oak Ave, Boston",Thursday,7 0 * * *,"$6,424,563",034,false,2024-03-10T00:00:00Z,1997,May,2026-06-29T00:00:00Z,Opera,2026-11-04T15:58:33Z,Phone,Global Solutions,BETWEEN 1 AND 100,22:37:09,Mobile,4.32,completed,MRN-849240,2018-08-10,Q2 2023,March,2.39,1554,Married,03:50:24,6953,49 4 * * 1-5,Firefox,"41 10 * * 0,6",0.11,51 12 * * *,1,Oceania,Jan-Mar,27 15 * * 1-5,update,Q4 2020,7.52,"$3,303,976",2021-01-18T00:00:00Z,2020,2022-09-14 11:35:04,Escalated to management.,3.46,2026-01-24,2020-08-16,CC BY 4.0,Email,2022-04-13,2020-08-14 01:56:32,12:36:43,2018-06-25,Web,warn=2567,Q1 2023,NOT NULL,2023-01-11,-0.1007,"2 13 * * 0,6",2020-2025,Q1 2021,Tablet,Q1 2023,2019-11-29T00:00:00Z,Wearable,Standard,2019-09-20,cb5730163ad2abdfe58cf2d12da53fe8a6d25f72902240a901cf39c837416612,Penetration,H2 2023,Mobile,January,"19 2 * * 0,6",3840x2160,Omeprazole 20mg,5 14 * * 1-5,Critical,Eurostat,6.94,Smart TV,4 8 * * 1-5,Kafka,2019-02-16T00:00:00Z,2021-07-16T00:00:00Z,51 17 * * 1-5,Q2 2023,Tablet,kubectl apply,Monday,USD,EHO-8953,2020-12-28,Free,Q1 2021,2025-09-01,Smart TV,elizabethjones@outlook.com,5.51,Chrome,2020-10-27 14:44:37
Wearable,632.88,2026-01-28,Safari,Q2 2023,Hotel California,"5788 Maple Dr, Tokyo",6.04,8600.3,+16422582190,"2770 Pine Rd, Atlanta",Friday,44 9 * * *,"$3,877,164",5805,true,2023-11-23T00:00:00Z,2011,July,2020-01-24T00:00:00Z,Brave,2020-12-14 19:07:21,Web,Skyline Partners,NOT NULL,20:55:24,Mobile,2.95,completed,MRN-950060,2018-01-27,Q4 2021,January,7.71,851,Married,08:36:51,5094,"56 2 * * 0,6",Firefox,56 16 * * 1-5,3.02,"45 14 * * 0,6",0,Asia,2020-2025,31 8 * * 1-5,delete,Q4 2026,9.95,"$2,697,327",2025-03-25T00:00:00Z,2012,2024-12-05 22:14:04,Resolved — no further action.,5.32,2018-09-20,2024-08-16,CC BY 4.0,Mobile,2018-05-18,2018-04-01 14:43:19,09:51:20,2022-09-19,Web,crit=1128,Q2 2022,UNIQUE,2025-08-23,-94.1314,16 22 * * 1-5,Jan-Mar,Q1 2022,IoT,Q1 2021,2019-08-06T00:00:00Z,Tablet,Overnight,2021-01-21,2be4aa66bcad59b52fa7669ddac243e2f53f82f915f2eb9b943059730587e8ba,Premium,2020-2025,Wearable,May,34 21 * * 1-5,1280x720,Omeprazole 20mg,15 23 * * 1-5,Low,Census Bureau,7.8,IoT,31 10 * * *,Salesforce,2023-11-14T00:00:00Z,2021-06-11T00:00:00Z,14 18 * * *,Q3 2026,Smart TV,kubectl apply,Saturday,CHF,SKL-7998,2022-07-04,Premium,Q2 2024,2019-09-12,IoT,susan.white55@example.com,1.92,Brave,
Mobile,68.35,2026-01-14,Firefox,Q1 2020,Imagine,"9955 Maple Dr, Toronto",3.93,99430.7,(310) 371-2695,"7773 Elm St, Tokyo",Sunday,"12 8 * * 0,6","$9,217,671",843,true,2018-09-29T00:00:00Z,2011,January,2022-02-28T00:00:00Z,Firefox,2018-09-27 23:17:13,Chat,Quantum Dynamics,MATCHES '^[A-Z]+',20:11:17,Email,9.38,pending,MRN-899468,2023-01-22,Q4 2021,May,5.53,2655,Widowed,03:09:55,1672,"32 5 * * 0,6",Brave,28 4 * * 1-5,2.3,"59 21 * * 0,6",1,Antarctica,H2 2023,"58 14 * * 0,6",insert,Q4 2024,2.59,"$4,730,926",2021-05-04T00:00:00Z,1991,2020-04-25 07:15:46,Resolved — no further action.,3.82,2018-07-15,2025-08-05,GPL-3.0,Phone,2024-04-30,2023-06-12T08:38:10Z,04:05:32,2022-10-01,Chat,min=2892,Q2 2025,CHECK (val > 0),2020-12-20,-32.732,"55 15 * * 0,6",FY 2025,Q1 2022,Smart TV,Q3 2023,2021-06-17T00:00:00Z,Wearable,Economy,2026-07-22,0ee9addebf9fa234d5a75e736ed09c284592eba1f771d81d9b9591a15432ca24,Penetration,H2 2023,Smart TV,March,"47 2 * * 0,6",1280x720,Metformin 500mg,30 19 * * *,Medium,Eurostat,7.52,Tablet,8 16 * * *,SAP,2022-02-07T00:00:00Z,2020-05-06T00:00:00Z,24 22 * * *,Q2 2022,IoT,npm install,Thursday,BRL,SGI-8905,2018-11-27,Trial,Q3 2024,2026-06-17,Tablet,mason.davis@yahoo.com,0.63,Safari,2022-06-01 04:20:13
Mobile,509.03,2024-09-08,Chrome,Q1 2020,Yesterday,"6372 Maple Dr, New York",8.25,10756.8,(829) 299-4695,"4178 Maple Dr, London",Sunday,"16 13 * * 0,6","$340,730",2093,true,2022-03-29T00:00:00Z,2001,August,2019-10-05T00:00:00Z,Safari,2018-08-06 15:17:35,Social Media,Acme Corp,NOT NULL,02:17:31,Chat,4.93,pending,MRN-537908,2025-08-03,Q3 2022,April,2.09,1870,Divorced,07:11:19,3430,"51 16 * * 0,6",Edge,54 6 * * *,1.65,19 6 * * 1-5,1,South America,2020-2025,25 2 * * 1-5,insert,Q2 2024,3.69,"$1,323,992",2022-12-05T00:00:00Z,2009,2023-08-27 23:58:29,Needs follow-up next quarter.,6.48,2020-04-25,2018-10-14,CC BY 4.0,Email,2021-02-18,2022-04-28T20:41:22Z,10:31:15,2026-06-05,Email,warn=9984,Q3 2026,UNIQUE,2023-11-19,-6.5938,11 7 * * 1-5,H2 2023,Q2 2021,Desktop,Q3 2021,2020-06-22T00:00:00Z,Desktop,Same Day,2025-05-11,14461ca90161b4db0b331db7758f2cdb8775b44d1932da50ea29c5675af50b2d,Penetration,FY 2025,Mobile,May,45 23 * * 1-5,3840x2160,Omeprazole 20mg,32 14 * * *,Critical,WHO,4.19,Tablet,12 7 * * *,SAP,2018-01-02T00:00:00Z,2022-03-26T00:00:00Z,"19 5 * * 0,6",Q1 2023,Wearable,POST /api/orders,Tuesday,CHF,ZES-9341,2025-05-27,Trial,Q1 2021,2022-02-28,Smart TV,oliver_harris@example.com,0.49,Edge,2023-10-04T07:34:28Z
IoT,949.25,2019-08-27,Edge,Q2 2022,Bohemian Rhapsody,"261 Park Blvd, Phoenix",2.5,11497.7,+19117857605,"4123 Maple Dr, Chicago",Thursday,15 2 * * *,"$9,292,103",620,false,2024-05-03T00:00:00Z,2018,February,2024-02-18T00:00:00Z,Safari,2018-01-25 11:18:19,Web,TechCo Industries,NOT NULL,00:27:13,Phone,4.04,active,MRN-175737,2024-03-22,Q2 2020,May,0.85,215,Widowed,05:33:06,8349,57 5 * * *,Firefox,56 21 * * 1-5,9.87,6 21 * * 1-5,0,Africa,Jan-Mar,0 5 * * 1-5,update,Q2 2020,6.26,"$3,479,043",2021-01-26T00:00:00Z,2026,2021-03-25 16:57:55,Resolved — no further action.,7.15,2018-07-03,2022-03-16,MIT,Mobile,2025-11-30,2018-06-12 18:13:19,10:02:04,2024-11-27,Social Media,max=4154,Q3 2021,MATCHES '^[A-Z]+',2018-07-16,-62.6783,"5 5 * * 0,6",FY 2025,Q2 2023,IoT,Q4 2026,2021-10-11T00:00:00Z,Smart TV,Economy,2025-09-12,f2955f3abf595eb7c07922a4f980af95b785736777893f0beed3ad637c25a7b1,Market-based,FY 2025,IoT,May,27 8 * * *,2560x1440,Lisinopril 10mg,37 2 * * *,Medium,Census Bureau,6.02,Mobile,37 8 * * 1-5,SAP,2021-02-22T00:00:00Z,2019-03-24T00:00:00Z,30 10 * * *,Q1 2021,Wearable,kubectl apply,Monday,CAD,HPQ-6647,2024-03-08,Trial,Q4 2022,2021-02-17,Tablet,mary_jones@company.com,7.29,Safari,2018-09-13T08:45:47Z
Mobile,484.05,2026-08-24,Opera,Q4 2021,Bohemian Rhapsody,"8733 Main St, Berlin",9.38,90993.3,(796) 201-7518,"9582 Pine Rd, Berlin",Saturday,"57 15 * * 0,6","$5,119,009",3682,false,2024-07-26T00:00:00Z,1998,April,2022-12-25T00:00:00Z,Brave,2022-03-21 17:45:39,Phone,Vertex Technologies,MATCHES '^[A-Z]+',04:50:46,Phone,9.06,cancelled,MRN-954514,2025-02-07,Q2 2020,June,0.66,396,Single,20:20:49,1458,"34 21 * * 0,6",Edge,22 11 * * *,2.18,"24 7 * * 0,6",1,Africa,Q1 2024,41 10 * * 1-5,delete,Q3 2023,6.51,"$2,740,944",2024-03-26T00:00:00Z,2007,2020-05-26T20:27:14Z,Flagged for review.,3.31,2026-06-13,2021-11-15,GPL-3.0,Mobile,2022-09-12,2021-03-18 11:09:49,20:42:00,2022-11-25,Phone,warn=9932,Q3 2025,NOT NULL,2025-01-07,-77.9582,"32 23 * * 0,6",2020-2025,Q1 2026,IoT,Q4 2026,2019-02-10T00:00:00Z,Tablet,Economy,2026-09-02,9e12cf268cd79004aff81e956eb671e7bfefb26d5255a1e2ccf597efa311cfff,Market-based,FY 2025,Smart TV,October,"21 11 * * 0,6",2560x1440,Ibuprofen 200mg,33 0 * * 1-5,Low,CDC,9.99,Tablet,"32 19 * * 0,6",Snowflake,2019-09-02T00:00:00Z,2022-01-08T00:00:00Z,56 5 * * *,Q4 2020,Mobile,docker run,Thursday,JPY,SLE-2536,2022-03-16,Trial,Q2 2020,2020-06-13,IoT,davidjones61@acme.org,0.17,Edge,
Wearable,805.82,2021-10-30,Brave,Q1 2022,Imagine,"6842 Elm St, Miami",3.14,43049.5,821-241-1363,"6508 Cedar Ln, Miami",Saturday,48 0 * * *,"$2,689,984",8012,NO,2026-12-08T00:00:00Z,1998,February,2022-11-01T00:00:00Z,Edge,2021-08-08 23:10:59,Phone,Pacific Research Group,CHECK (val > 0),21:31:31,Phone,9.83,inactive,MRN-177387,2020-02-20,Q3 2024,January,4.68,8299,Married,12:27:55,6095,40 18 * * *,Edge,16 11 * * 1-5,3.27,42 21 * * *,1,Oceania,Q1 2024,"5 11 * * 0,6",delete,Q1 2023,9.77,"$4,229,287",2023-12-27T00:00:00Z,2005,2022-03-09T11:24:03Z,Needs follow-up next quarter.,3.3,2019-12-09,2025-04-24,MIT,Social Media,2026-01-23,2025-11-12 22:49:04,10:37:27,2020-01-24,Email,warn=5712,Q1 2024,CHECK (val > 0),2024-04-13,-52.6468,"34 8 * * 0,6",H2 2023,Q1 2023,Smart TV,Q1 2023,2023-02-27T00:00:00Z,Mobile,Freight,2024-06-04,9b4fe6501c6e3628777ffaee0dfce31aa14b2e3a79bb8dfda7e4b3a081e67f44,Value pricing,Q1 2024,Mobile,November,14 1 * * 1-5,3840x2160,Metformin 500mg,"34 5 * * 0,6",Low,CDC,2.19,Desktop,19 23 * * 1-5,Snowflake,2024-01-25T00:00:00Z,2022-04-07T00:00:00Z,"52 7 * * 0,6",Q4 2020,Smart TV,kubectl apply,Sunday,CHF,UGM-5878,2026-01-17,Free,Q4 2025,2023-03-28,Smart TV,patriciarobinson@outlook.com,9.15,Edge,
Mobile,494.31,2026-09-01,Chrome,Q1 2020,Imagine,"88 Cedar Ln, Denver",1.05,90577.9,(219) 767-5380,"7696 Park Blvd, Boston",Thursday,"46 8 * * 0,6","$2,711,778",8350,true,2025-01-06T00:00:00Z,2026,June,2024-01-03T00:00:00Z,Opera,2024-03-02T03:22:49Z,Phone,Meridian Health,NOT NULL,02:06:50,Email,9.46,active,MRN-947324,2019-01-16,Q4 2023,September,8.97,3783,Widowed,05:48:39,5130,26 21 * * *,Edge,"49 8 * * 0,6",9.06,27 6 * * *,0,Asia,Q1 2024,59 17 * * *,upsert,Q3 2022,7.06,"$40,503",2018-04-05T00:00:00Z,2002,2019-04-01 07:36:02,Updated per client request.,0.78,2022-08-22,2019-01-13,CC BY 4.0,Email,2023-01-11,2023-01-21T05:07:43Z,17:28:18,2018-12-19,Mobile,max=182,Q4 2023,MATCHES '^[A-Z]+',2018-07-31,-26.6046,"2 12 * * 0,6",Q1 2024,Q1 2025,Smart TV,Q2 2024,2024-06-23T00:00:00Z,IoT,Express,2025-03-29,c0db848d7dbbd16fd72a96b3f49fe5fd2dfc5bd1c0c04b5e654d383e81a50807,Penetration,Q1 2024,Smart TV,September,"58 18 * * 0,6",3840x2160,Metformin 500mg,3 10 * * 1-5,Low,Census Bureau,3.97,Desktop,11 20 * * 1-5,Workday,2026-01-20T00:00:00Z,2026-08-05T00:00:00Z,58 14 * * 1-5,Q2 2026,Smart TV,docker run,Wednesday,JPY,SLH-9305,2025-09-20,Standard,Q1 2022,2020-08-13,Wearable,aidentaylor@outlook.com,8.53,Firefox,
Mobile,673.04,2026-05-20,Safari,Q3 2021,Stairway to Heaven,"4617 Oak Ave, Sydney",2.96,32625.5,872.295.1845,"7836 Pine Rd, Seattle",Wednesday,25 4 * * *,"$6,250,494",959,false,2021-05-19T00:00:00Z,1998,July,2024-01-10T00:00:00Z,Edge,2021-02-02T22:44:51Z,Email,Quantum Dynamics,NOT NULL,05:31:33,Social Media,6.47,inactive,MRN-138991,2022-08-06,Q1 2024,February,9.26,1770,Divorced,22:52:38,4601,7 1 * * 1-5,Chrome,4 14 * * 1-5,8.63,54 18 * * *,1,Antarctica,2020-2025,28 18 * * *,update,Q3 2021,6.82,"$2,315,809",2026-08-05T00:00:00Z,2004,2026-01-07T17:06:29Z,Resolved — no further action.,7.5,2020-11-25,2018-12-02,Proprietary,Mobile,2024-02-22,2020-08-24 23:14:01,16:40:53,2025-05-17,Web,max=4968,Q2 2026,BETWEEN 1 AND 100,2019-11-24,-51.1218,29 0 * * 1-5,Jan-Mar,Q3 2026,Mobile,Q4 2025,2024-05-10T00:00:00Z,Desktop,Standard,2019-06-22,4c6c554a7fb2fe7fbaedfd1735e5a18587d688eda141d08a55f85bf9653eff1b,Premium,2020-2025,IoT,August,47 14 * * *,1920x1080,Albuterol 90mcg,"21 3 * * 0,6",Info,CDC,1.38,Tablet,6 3 * * 1-5,Kafka,2023-07-05T00:00:00Z,2019-02-12T00:00:00Z,"30 23 * * 0,6",Q3 2024,Desktop,GET /api/users,Thursday,JPY,UFA-3234,2024-02-07,Basic,Q2 2025,2020-03-10,IoT,logan.garcia@outlook.com,5.45,Firefox,2023-10-26 05:57:41
Desktop,231.67,2021-07-16,Firefox,Q2 2021,Yesterday,"4212 Oak Ave, Austin",9.13,77802.9,685-651-1743,"231 Oak Ave, Berlin",Wednesday,15 16 * * 1-5,"$5,220,045",546,NO,2023-01-20T00:00:00Z,2024,April,2026-08-29T00:00:00Z,Brave,2021-02-14 09:05:11,Chat,Alpine Systems,CHECK (val > 0),12:39:24,Chat,0.02,approved,MRN-555351,2021-01-27,Q3 2023,May,7.94,9203,Widowed,23:03:33,7335,"2 20 * * 0,6",Brave,5 9 * * *,2.01,9 7 * * *,0,Antarctica,H2 2023,"33 21 * * 0,6",upsert,Q3 2022,9.93,"$2,586,263",2020-05-09T00:00:00Z,2026,2020-03-12T21:04:25Z,Flagged for review.,6.1,2019-02-01,2023-06-28,GPL-3.0,Web,2018-07-16,2019-06-12 07:39:27,12:44:53,2019-06-27,Email,min=1437,Q4 2021,UNIQUE,2020-08-27,-39.6263,40 0 * * 1-5,2020-2025,Q4 2026,Mobile,Q1 2024,2021-07-24T00:00:00Z,IoT,Freight,2021-12-07,6b6694c62dcfcc9996223144435ce460b0ace4ff9680d140a59d69fe3daf5d35,Cost-plus 25%,FY 2025,Mobile,July,"55 7 * * 0,6",1920x1080,Ibuprofen 200mg,39 9 * * *,Medium,CDC,6.72,Wearable,"17 22 * * 0,6",SAP,2018-11-21T00:00:00Z,2024-08-15T00:00:00Z,47 13 * * *,Q1 2025,Smart TV,GET /api/users,Saturday,JPY,QSC-8848,2020-02-18,Basic,Q1 2021,2025-10-15,Smart TV,jessica.young@outlook.com,2.02,Edge,
Mobile,623.62,2023-03-18,Safari,Q3 2026,Yesterday,"6856 Oak Ave, Houston",8.36,23064.5,+15555006544,"1871 Pine Rd, Sydney",Saturday,17 23 * * 1-5,"$9,031,520",2343,NO,2022-01-29T00:00:00Z,2002,November,2025-05-19T00:00:00Z,Edge,2019-06-02T07:08:50Z,Web,TechCo Industries,BETWEEN 1 AND 100,16:34:48,Chat,1.32,completed,MRN-688799,2021-04-27,Q4 2023,December,9.94,738,Married,19:18:22,3230,58 2 * * *,Edge,27 1 * * 1-5,0.9,"0 9 * * 0,6",0,Antarctica,H2 2023,51 13 * * *,insert,Q1 2024,7.02,"$2,511,895",2023-09-16T00:00:00Z,2008,2020-12-13 00:43:18,Resolved — no further action.,5.99,2019-04-11,2022-06-10,Proprietary,Phone,2018-09-14,2019-09-08T19:55:53Z,18:13:50,2024-01-21,Email,max=5516,Q1 2024,MATCHES '^[A-Z]+',2018-12-08,-46.3521,"12 13 * * 0,6",FY 2025,Q3 2022,Tablet,Q4 2025,2021-04-18T00:00:00Z,Tablet,Express,2021-06-26,3497f9319b090f83d2c20a78250fb3a94e08608ad4a34f2566b330541445b5fb,Value pricing,H2 2023,Smart TV,June,55 19 * * 1-5,1280x720,Albuterol 90mcg,40 16 * * 1-5,Medium,Bloomberg,2.14,Smart TV,"6 1 * * 0,6",Snowflake,2020-08-02T00:00:00Z,2022-10-19T00:00:00Z,"45 11 * * 0,6",Q4 2025,Mobile,docker run,Wednesday,JPY,DCI-3357,2020-07-20,Premium,Q1 2021,2023-12-08,IoT,jamesbrown@yahoo.com,4.28,Opera,
Mobile,864.04,2024-12-31,Edge,Q1 2024,Stairway to Heaven,"4923 Park Blvd, Toronto",6.13,28917.6,403 410 1360,"1946 Park Blvd, Los Angeles",Thursday,"50 17 * * 0,6","$8,066,081",009,false,2022-09-22T00:00:00Z,2021,September,2019-09-25T00:00:00Z,Brave,2022-05-25T12:12:08Z,Web,Pioneer Software,UNIQUE,07:18:13,Phone,0.64,approved,MRN-683841,2018-01-30,Q3 2024,October,7.02,2168,Widowed,15:15:21,2117,29 0 * * 1-5,Safari,18 15 * * *,6.1,"47 6 * * 0,6",0,Europe,FY 2025,47 11 * * *,upsert,Q2 2023,3.35,"$4,317,995",2018-03-29T00:00:00Z,1998,2024-01-14 04:38:49,Pending verification.,1.47,2018-02-15,2022-05-07,MIT,Chat,2024-12-09,2025-02-01T16:58:18Z,18:51:13,2019-01-16,In-Store,min=7877,Q1 2025,CHECK (val > 0),2022-09-05,59.5244,14 11 * * 1-5,FY 2025,Q2 2021,Tablet,Q2 2020,2019-02-25T00:00:00Z,Tablet,Economy,2025-03-26,d0f9dd088ab9b60deae3bfe3b98258475472d4be151acb93054843d9acef6bb0,Market-based,2020-2025,Wearable,May,"8 10 * * 0,6",1280x720,Omeprazole 20mg,"33 15 * * 0,6",Info,CDC,9.16,Desktop,15 22 * * *,Salesforce,2019-09-14T00:00:00Z,2026-09-02T00:00:00Z,"27 1 * * 0,6",Q4 2026,Wearable,GET /api/users,Thursday,AUD,ODP-9141,2026-01-03,Basic,Q1 2026,2026-04-28,Smart TV,sarah.walker@acme.org,4.23,Edge,
Mobile,974.26,2022-08-22,Chrome,Q3 2024,Bohemian Rhapsody,"7524 Oak Ave, Tokyo",8.88,73594.6,773.305.2705,"6133 Cedar Ln, Austin",Sunday,"26 21 * * 0,6","$5,945,168",3272,YES,2023-03-27T00:00:00Z,2007,August,2023-01-30T00:00:00Z,Firefox,2020-08-22T21:59:09Z,In-Store,DataCraft Inc,UNIQUE,11:13:01,Phone,3.45,failed,MRN-301317,2018-05-19,Q4 2024,June,8.91,978,Divorced,23:41:46,9013,15 20 * * *,Safari,51 1 * * 1-5,4.7,"52 10 * * 0,6",1,Oceania,H2 2023,"13 9 * * 0,6",upsert,Q1 2024,5.25,"$3,436,856",2019-02-02T00:00:00Z,2009,2024-05-05T15:35:59Z,Automated processing complete.,3.99,2019-12-08,2022-12-08,CC BY 4.0,In-Store,2020-01-17,2023-01-15T21:40:59Z,14:54:32,2019-12-23,In-Store,min=1280,Q2 2021,MATCHES '^[A-Z]+',2021-09-05,-62.2991,0 2 * * *,Jan-Mar,Q4 2026,IoT,Q1 2020,2024-09-24T00:00:00Z,Tablet,Overnight,2022-08-26,716a62e42ec4447da561e3087e67689a38268262172922a7828090e57943b666,Cost-plus 25%,Q1 2024,IoT,September,11 10 * * *,2560x1440,Ibuprofen 200mg,25 2 * * 1-5,Critical,WHO,5.53,Mobile,"56 4 * * 0,6",Workday,2025-05-17T00:00:00Z,2025-11-04T00:00:00Z,32 8 * * 1-5,Q4 2026,IoT,npm install,Tuesday,CAD,HUD-4146,2022-07-22,Standard,Q1 2020,2026-05-20,Desktop,michaeldavis@example.com,1.27,Chrome,
IoT,198.6,2021-06-22,Chrome,Q2 2022,Yesterday,"581 Main St, Austin",8.11,60925.9,819.200.2091,"2181 Cedar Ln, New York",Friday,11 1 * * *,"$5,747,870",639,true,2023-03-30T00:00:00Z,2018,August,2018-01-31T00:00:00Z,Opera,2018-11-06 03:18:12,Web,Quantum Dynamics,MATCHES '^[A-Z]+',17:20:50,In-Store,8.54,completed,MRN-105479,2022-10-26,Q3 2020,July,0.32,203,Widowed,06:18:46,8287,"22 3 * * 0,6",Brave,"4 10 * * 0,6",3.13,12 19 * * 1-5,1,Asia,Q1 2024,"16 7 * * 0,6",snapshot,Q3 2023,3.59,"$738,164",2025-12-30T00:00:00Z,2007,2026-04-02 13:00:02,Resolved — no further action.,6.74,2019-06-23,2025-10-13,BSD-3-Clause,Social Media,2025-02-10,2019-12-17 19:37:02,01:42:59,2022-06-23,Web,max=1724,Q1 2021,NOT NULL,2020-05-30,-29.412,36 21 * * 1-5,Jan-Mar,Q2 2022,Mobile,Q4 2021,2018-01-20T00:00:00Z,Smart TV,Freight,2024-04-07,c41fa51063f6199f09b1a3b29dd91dba674b224aa519f110395594a245830473,Penetration,FY 2025,Desktop,March,49 22 * * 1-5,2560x1440,Metformin 500mg,40 9 * * 1-5,Medium,Bloomberg,1.14,Tablet,21 16 * * *,SAP,2019-11-20T00:00:00Z,2021-02-17T00:00:00Z,32 15 * * *,Q2 2025,Tablet,npm install,Thursday,INR,VTS-7935,2025-12-31,Enterprise,Q1 2020,2022-07-21,Tablet,oliver_thomas@acme.org,3.12,Edge,
Mobile,800.45,2024-09-19,Chrome,Q2 2026,Stairway to Heaven,"9388 Pine Rd, Paris",5.62,28536.4,210 634 2966,"8464 Pine Rd, Dallas",Thursday,"19 8 * * 0,6","$8,103,644",259,true,2025-06-17T00:00:00Z,2006,January,2019-12-10T00:00:00Z,Opera,2021-12-06T00:01:05Z,Web,Meridian Health,BETWEEN 1 AND 100,10:51:18,Email,9.76,inactive,MRN-874436,2018-08-07,Q1 2025,August,6.06,7242,Married,06:29:12,2488,22 14 * * *,Chrome,"54 11 * * 0,6",5.54,4 6 * * *,1,Oceania,FY 2025,17 0 * * *,insert,Q1 2025,2.83,"$4,360,414",2024-08-13T00:00:00Z,2016,2020-08-07 20:38:06,Needs follow-up next quarter.,3.35,2026-12-17,2026-04-03,Proprietary,Email,2021-06-08,2025-03-21T16:32:11Z,19:57:00,2026-10-28,In-Store,warn=7,Q1 2020,NOT NULL,2023-07-13,10.8559,5 15 * * *,FY 2025,Q2 2023,Wearable,Q3 2022,2021-06-19T00:00:00Z,Wearable,Freight,2024-08-20,9bfb505c3b99dcb5f2ede28f2e5f74ca41bb696cf8d6f9c7305456f6a4863712,Value pricing,Jan-Mar,Wearable,November,"12 0 * * 0,6",2560x1440,Metformin 500mg,11 7 * * 1-5,Critical,Bloomberg,0.85,IoT,21 23 * * *,SAP,2020-06-17T00:00:00Z,2024-07-29T00:00:00Z,38 16 * * *,Q4 2026,Smart TV,POST /api/orders,Thursday,JPY,LQF-8440,2018-04-26,Premium,Q2 2026,2024-11-09,Mobile,patricia_white41@gmail.com,4.71,Safari,2024-04-04T11:57:49Z
IoT,328.46,2020-11-10,Opera,Q1 2023,Stairway to Heaven,"1308 Oak Ave, Phoenix",0.07,93748.1,979 860 4507,"4743 Cedar Ln, Berlin",Monday,51 21 * * *,"$452,125",962,NO,2026-08-06T00:00:00Z,2016,January,2022-05-04T00:00:00Z,Edge,2026-12-13 11:41:44,Email,Beacon Analytics,UNIQUE,19:54:08,Chat,7.51,failed,MRN-514795,2023-10-07,Q2 2021,October,4.03,930,Widowed,18:24:49,1904,33 10 * * 1-5,Firefox,1 5 * * *,1.91,57 3 * * 1-5,0,Antarctica,Q1 2024,5 15 * * *,delete,Q4 2026,3.66,"$1,996,638",2026-09-09T00:00:00Z,1997,2024-10-18 14:55:28,Flagged for review.,6.68,2023-04-16,2026-12-08,Proprietary,In-Store,2019-06-06,2025-09-22T10:19:27Z,06:52:31,2025-08-04,Email,max=5474,Q3 2024,BETWEEN 1 AND 100,2025-12-04,-40.1182,46 16 * * 1-5,FY 2025,Q3 2021,Mobile,Q2 2025,2024-07-07T00:00:00Z,IoT,Economy,2020-02-26,4e83cdb6d9d9ba8f278cb631148b4dbcdc6f12a3a7fef9bd16c3858c54d46034,Value pricing,Q1 2024,IoT,June,"21 18 * * 0,6",2560x1440,Albuterol 90mcg,"3 15 * * 0,6",High,CDC,6.26,Desktop,"17 0 * * 0,6",Kafka,2025-05-25T00:00:00Z,2023-11-14T00:00:00Z,0 13 * * 1-5,Q1 2022,Tablet,POST /api/orders,Wednesday,USD,YXG-4540,2023-11-25,Enterprise,Q2 2025,2021-11-19,Smart TV,olivia_williams@gmail.com,9.8,Opera,
IoT,579.18,2022-05-17,Brave,Q1 2026,Yesterday,"1378 Pine Rd, Seattle",8.08,1829.9,262-522-8347,"7216 Maple Dr, Paris",Wednesday,17 18 * * 1-5,"$1,485,596",529,YES,2025-01-19T00:00:00Z,1992,December,2021-06-16T00:00:00Z,Firefox,2026-12-04 16:27:02,Email,Skyline Partners,NOT NULL,22:59:20,Email,7.6,inactive,MRN-301153,2023-11-05,Q1 2025,June,4.41,011,Married,09:40:12,6561,27 10 * * *,Chrome,13 2 * * *,6.33,9 6 * * 1-5,1,Africa,Q1 2024,19 12 * * *,delete,Q3 2025,6.16,"$907,310",2023-01-13T00:00:00Z,2003,2022-03-09T21:34:37Z,Automated processing complete.,1.26,2020-07-11,2022-05-11,Proprietary,Chat,2021-07-06,2022-06-05T19:03:40Z,13:18:51,2020-08-23,Social Media,warn=4875,Q4 2026,MATCHES '^[A-Z]+',2018-11-10,-72.3322,13 1 * * 1-5,Jan-Mar,Q4 2020,IoT,Q4 2025,2023-07-01T00:00:00Z,Wearable,Overnight,2026-09-08,7b04a1a9b6b3eb4705f08d686345608029b19e51780dbb71360aebea1e1eeb44,Market-based,H2 2023,Mobile,January,"43 6 * * 0,6",1280x720,Metformin 500mg,46 18 * * 1-5,Critical,CDC,8.67,Tablet,54 15 * * 1-5,Workday,2019-09-27T00:00:00Z,2023-05-24T00:00:00Z,9 0 * * *,Q4 2024,Tablet,kubectl apply,Monday,USD,PMU-1259,2025-10-11,Enterprise,Q2 2021,2020-01-29,Mobile,harperjohnson@yahoo.com,0.19,Brave,
Smart TV,529.19,2022-09-04,Firefox,Q4 2021,Yesterday,"1889 Maple Dr, Denver",5.54,93627.1,+15394617447,"6349 Pine Rd, Tokyo",Wednesday,16 8 * * *,"$1,854,217",775,false,2022-05-20T00:00:00Z,2010,June,2019-06-05T00:00:00Z,Safari,2025-01-15T03:35:03Z,Social Media,DataCraft Inc,CHECK (val > 0),01:15:23,Chat,3.32,active,MRN-154644,2020-07-16,Q3 2022,August,9.49,2356,Widowed,14:01:42,2097,"48 17 * * 0,6",Opera,"55 9 * * 0,6",7.58,36 0 * * *,0,Africa,Q1 2024,34 19 * * 1-5,delete,Q1 2024,1.82,"$2,366,899",2024-05-26T00:00:00Z,2017,2026-05-21T21:08:37Z,Flagged for review.,4.0,2023-10-27,2024-06-06,CC BY 4.0,Web,2021-10-26,2020-05-23 10:25:19,05:52:19,2025-08-30,Social Media,warn=4539,Q4 2022,BETWEEN 1 AND 100,2022-11-24,76.4683,46 12 * * 1-5,2020-2025,Q1 2023,Mobile,Q4 2024,2020-08-04T00:00:00Z,Tablet,Economy,2019-03-12,8facf8b53a0b017cbcaa0c953c78d39afc80cba9e9f73523c9e95aad71996dec,Value pricing,Jan-Mar,Smart TV,November,3 2 * * 1-5,3840x2160,Ibuprofen 200mg,21 8 * * *,Low,WHO,7.73,Tablet,46 21 * * 1-5,Snowflake,2022-06-14T00:00:00Z,2021-06-21T00:00:00Z,"8 20 * * 0,6",Q2 2025,Desktop,kubectl apply,Monday,JPY,YTG-2050,2023-01-24,Premium,Q1 2025,2020-12-29,Wearable,anna_young@company.com,0.26,Edge,
Tablet,247.04,2025-08-19,Opera,Q3 2025,Stairway to Heaven,"6875 Pine Rd, Denver",3.65,72376.8,+15294907658,"4669 Maple Dr, Miami",Sunday,"39 2 * * 0,6","$2,755,487",7598,true,2019-02-25T00:00:00Z,2006,August,2022-09-29T00:00:00Z,Firefox,2020-11-21T20:20:53Z,Web,Acme Corp,MATCHES '^[A-Z]+',10:55:05,Web,6.19,completed,MRN-721758,2020-06-10,Q3 2023,January,4.59,887,Single,17:13:32,947,"56 5 * * 0,6",Opera,46 13 * * *,8.82,13 23 * * 1-5,0,South America,Q1 2024,52 13 * * *,snapshot,Q4 2026,2.86,"$2,492,997",2022-05-27T00:00:00Z,2008,2021-05-09 01:45:38,Pending verification.,9.31,2026-03-04,2024-03-10,Apache-2.0,In-Store,2025-05-22,2018-03-08T09:56:28Z,07:44:48,2026-03-08,Chat,min=7142,Q3 2025,BETWEEN 1 AND 100,2019-11-06,-8.1499,"29 17 * * 0,6",Q1 2024,Q2 2023,Mobile,Q4 2025,2024-05-28T00:00:00Z,IoT,Same Day,2026-01-16,33c97fcdfc0adc5c58b967d19823b371f0c2978fa75d9297b37cda846f8ee759,Value pricing,Q1 2024,Tablet,December,"40 1 * * 0,6",3840x2160,Ibuprofen 200mg,6 3 * * 1-5,High,WHO,0.04,Wearable,57 6 * * 1-5,Workday,2025-09-20T00:00:00Z,2022-03-23T00:00:00Z,12 22 * * 1-5,Q4 2023,IoT,npm install,Tuesday,INR,NXZ-1815,2024-08-18,Basic,Q3 2025,2021-10-16,Wearable,patriciarodriguez86@acme.org,4.92,Chrome,2025-12-21 17:56:26
Mobile,624.89,2023-01-30,Safari,Q3 2020,Imagine,"180 Maple Dr, Phoenix",0.59,88880.1,(237) 702-7071,"5491 Oak Ave, New York",Monday,23 18 * * 1-5,"$1,613,670",417,NO,2025-11-03T00:00:00Z,1992,April,2022-11-30T00:00:00Z,Edge,2023-06-01T21:48:07Z,Web,Vertex Technologies,BETWEEN 1 AND 100,12:03:51,Phone,2.71,inactive,MRN-637106,2025-12-04,Q4 2026,March,5.86,584,Widowed,09:01:06,6888,"31 3 * * 0,6",Edge,18 11 * * *,4.83,1 16 * * 1-5,0,Africa,H2 2023,"37 3 * * 0,6",snapshot,Q3 2026,0.25,"$2,805,976",2024-10-12T00:00:00Z,1994,2022-08-12 22:10:46,Needs follow-up next quarter.,3.58,2018-07-24,2021-03-20,MIT,Chat,2020-09-28,2020-09-17T04:12:21Z,11:54:09,2018-12-26,Social Media,warn=399,Q2 2020,UNIQUE,2018-11-28,25.5182,"25 8 * * 0,6",Jan-Mar,Q2 2021,Smart TV,Q4 2024,2022-09-04T00:00:00Z,Mobile,Overnight,2026-06-24,30837506f599466ce0bcb4b19d394669b550f57fff78d57f3a1b1c0300c62f55,Value pricing,Q1 2024,IoT,June,18 3 * * 1-5,1280x720,Omeprazole 20mg,"37 11 * * 0,6",Critical,Reuters,7.59,Smart TV,45 9 * * *,Kafka,2021-02-26T00:00:00Z,2021-08-29T00:00:00Z,"19 11 * * 0,6",Q1 2023,Wearable,GET /api/users,Monday,EUR,DVE-5962,2018-10-25,Enterprise,Q4 2024,2019-09-28,Smart TV,michael.walker@example.com,3.43,Opera,
Tablet,184.07,2026-05-14,Edge,Q1 2026,Yesterday,"3792 Elm St, Toronto",9.73,38054.0,304-291-3851,"2486 Oak Ave, Paris",Wednesday,"14 8 * * 0,6","$9,645,779",709,YES,2022-09-19T00:00:00Z,1991,November,2025-02-05T00:00:00Z,Chrome,2023-07-14 22:49:06,Chat,DataCraft Inc,UNIQUE,15:23:46,Social Media,8.57,inactive,MRN-371218,2022-04-22,Q1 2024,February,7.04,7693,Married,21:29:46,1905,"10 11 * * 0,6",Opera,28 17 * * *,1.78,40 21 * * *,1,Asia,2020-2025,49 0 * * 1-5,upsert,Q3 2024,0.84,"$3,794,515",2018-10-31T00:00:00Z,2002,2018-06-16T13:33:44Z,Updated per client request.,4.41,2023-08-14,2018-10-01,CC BY 4.0,Mobile,2022-12-31,2025-07-01 20:03:54,06:03:08,2023-05-31,Social Media,max=6736,Q3 2026,BETWEEN 1 AND 100,2020-08-05,-26.6235,36 10 * * *,Q1 2024,Q1 2024,IoT,Q4 2023,2018-08-07T00:00:00Z,Wearable,Overnight,2023-01-27,e388de0739dee72c61fbc8eeebbdaec47ec412cc71354729500530900952af92,Value pricing,Jan-Mar,Mobile,January,23 15 * * *,1280x720,Metformin 500mg,5 22 * * 1-5,Critical,Reuters,4.84,Mobile,"39 13 * * 0,6",PostgreSQL,2018-07-15T00:00:00Z,2020-02-22T00:00:00Z,33 23 * * 1-5,Q4 2026,Desktop,POST /api/orders,Sunday,BRL,YUJ-5629,2022-10-03,Standard,Q4 2026,2024-06-12,Wearable,logan_jackson@gmail.com,6.97,Brave,2022-12-23T04:03:51Z
