day_of_week_38,cronSchedule,apprvstat,CRON_SCHEDULE,monthval,gtin,ts,start_date,meascpu,date_time_info,col_bro,src_permission_level,month_number,x_51,day_of_week_v2,c_adv,meta_801,device_type,DATE,src_period_interval,ISO_CURRENCY_CODE,score_index,day_of_week,prescription_54,channel_info,scientific_name,dateval,END_DATE,dim_month,username,enddt,genericIdentifier,dim_153,x_glhl,f_664,user_event_name,START_DATE,user_agent,field_score,deviceType,date,dim_voiceprint,user_date,fact_end_date,SCORE_INDEX,field_angle,quarter,yearval,end_dte,DEVICE_TYPE,c_cooki,NUMERIC_RANGE,devtype,review_text,quarter_2,mjthkc73,maphxg27,dt,startdt,naics,file_path_field,lab_result_46,qft39,risk_level,date_info,end_date_info,vehicle_identification_number,insert_time,effective_date,iot,soft_delete_flag,index,customer_score_index,score_index_70,c_317,cronval,x_ea,vintage,val_jna,color,c_vnnk,x_ih,length,cron,mtr31,month_46,time_of_day,ynefvy1,x_yea,dim_dev,user_gender_pii,month,jvh26,var_bro,nullable_flag_field,date_2,dim_start_date,x_kvmj,channel,score_index_2,dev_type,QUARTER,val_euyv,attr_start,channel_2,passwordHash,CHANNEL,device_type_info,os,p_vw,DATE_2,field_ytc,x_hbg,DATA_LINEAGE,period_interval_38,wordemb,start_date_raw,timeOfDay,val_750,val_nzr,val_kww,period_interval_field,user_created_at,default_value,medium,start_date_2,digital_certificate_46,nxkzfp7,landmark_poi_54,dim_tta
Saturday,"54 8 * * 0,6",Approved,40 16 * * 1-5,July,9823257340781,2022-12-04T12:19:50Z,2025-11-08,37.6,2022-06-27T00:00:00Z,Chrome,Viewer,August,input -> output,Monday,ADV-R165ZNXZUG,2026-09-29,Wearable,2022-09-21,H2 2023,INR,8.09,Tuesday,Metformin 500mg,Chat,Homo sapiens,2022-09-27,2021-03-14,August,richard.martin242,2026-07-31,db5eea62-84a2-4e4c-8ab9-a2551531783a,2023-11-04,XJ5O6VD56BGM5DQZS,2019-05-31,Global Conference 2021,2020-05-17,Edge,5.09,Tablet,2026-09-10,voice_9fef10431a4f7ded.wav,2019-10-08,2018-08-03,7.92,220.23,Q3 2026,2005,2025-07-14,Tablet,_ga=7880597402.7672524,19-68,IoT,Average experience.,Q1 2021,https://example.com/users/7e62778c/profile,9.29,2024-03-30,2026-11-06,360816,/var/config/export_96.xml,WBC: 298.6 K/uL,52-3733815,Critical,2024-07-01,2020-05-28,45L95PIOQAH6WOQAS,2023-01-22 18:30:07,2020-09-22,IoT,false,9.65,9.16,9.85,Census Bureau,49 3 * * *,Oceania,2025,8.34,Brown,2018-06-20,indefinite,586.94,"22 11 * * 0,6",0xfb34ea07a5f25f04d9de9473a276179c1b752858,August,13:05:49,October,2026,IoT,Non-binary,January,BILL-126126,Firefox,NO,2025-07-14,2022-04-24,37 12 * * *,Web,5.02,Wearable,Q3 2021,3766-8676-4735-8365,2021-08-31,Chat,$2b$12$LnC7Uo7xdTYz2NzczovSIRr9R38mwQZueD9HXERoL31nsO26iCpS2,Chat,Smart TV,Chrome OS,4.01,2020-02-23,Phone,Competitor Alpine Systems launched DataSync 3000,curated.users -> analytics,FY 2025,"[-0.733, -0.6994, -1.7279, -1.0136, 1.4732, 0.5549, -0.1274, -2.5698]",2020-08-25,09:15:06,Active,September,October,2020-2025,2025-02-25 23:47:25,CURRENT_TIMESTAMP,In-Store,2022-02-02,"-----BEGIN CERTIFICATE-----
tmISIj6bC/x8CIk6JslE9BGGvnM+YbmSfXefcD0d58yZZNvPY1D4UPtN3oym+lM5
-----END CERTIFICATE-----",IoT,Eiffel Tower,2025-09-16
Wednesday,12 20 * * 1-5,In Review,10 10 * * *,November,5262877858079,2023-12-20T07:37:43Z,2026-01-20,55.3,2021-12-05T00:00:00Z,Safari,Guest,February,source_col -> target_col,Friday,ADV-DPQ5TAODBR,2022-04-22,Wearable,2019-06-23,Q1 2024,INR,1.56,Saturday,Ibuprofen 200mg,Chat,Fe2O3,2020-07-04,2022-04-29,December,jameslee981,2021-09-20,e20be97e-7bcd-4d61-b9af-dc14a05c3318,2023-04-19,F324X7VXR9AJ6T12U,2019-11-09,Data Summit 2021,2025-04-06,Edge,0.43,Tablet,2022-07-23,voice_47acebcd28892c23.wav,2023-09-23,2018-03-16,0.99,6.09,Q3 2023,1995,2018-10-19,IoT,_ga=9181063938.3996613,21-55,Wearable,Needs improvement.,Q4 2025,https://example.com/users/6aa6a802/profile,9.86,2025-03-15,2022-07-27,241286,/var/tmp/batch_934.json,Hemoglobin: 269.0 g/dL,67-1045840,Medium,2022-04-22,2025-08-01,0ASNTUY6PF5E9MIRG,2023-01-26 17:42:37,2020-03-09,Mobile,false,0.61,6.51,0.91,Eurostat,30 3 * * *,Europe,2006,5.33,White,2019-10-24,7 days,233.07,6 21 * * 1-5,0x3329cad365be04713e7f1c9d3f2c2f94278a5ff8,April,14:15:05,August,1998,Desktop,Male,August,BILL-463713,Brave,false,2020-06-07,2018-02-18,"24 7 * * 0,6",Email,1.37,Tablet,Q2 2023,XXXX-XXXX-XXXX-9538,2018-01-05,Social Media,$2b$12$QkWQHT4qhx9q5ivBSNwVIFCqnPyVhZdB3eWK3w9OFRPv6GYGsIb9G,Mobile,Wearable,Windows,0.2,2024-01-24,Phone,Competitor Quantum Dynamics launched CloudGuard,staging.users -> exports,Jan-Mar,"[0.407, 1.0022, -0.2353, -1.582, 0.3857, -1.0974, 1.1392, 0.761]",2025-03-12,04:02:43,Disabled,July,September,Q1 2024,2022-01-09T20:53:53Z,null,In-Store,2026-01-15,"-----BEGIN CERTIFICATE-----
S/7WMZ+N0NfwAOOd23imiyhpTAW91CYEQUFA7u+ehFeHHI874uUIBG3UwmGCCQL3
-----END CERTIFICATE-----",IoT,Statue of Liberty,2024-08-15
Saturday,"7 21 * * 0,6",Approved,46 1 * * *,September,2298564348828,2026-09-22 22:49:25,2020-10-27,59.9,2024-12-31T00:00:00Z,Brave,Editor,October,field_a -> output,Wednesday,ADV-NZFLT7XF45,2022-10-24,Mobile,2018-06-29,2020-2025,GBP,0.79,Sunday,Lisinopril 10mg,Phone,E. coli,2025-03-28,2022-01-18,December,patricia.moore111,2020-04-15,61ba5c08-8307-4897-ae02-61a0a26276c9,2022-08-15,8T0GB55KQK7HQKWYF,2020-12-31,Data Expo 2021,2025-04-02,Firefox,0.61,Tablet,2020-07-14,voice_e8f32a147abd33c9.wav,2023-09-30,2019-12-07,3.46,48.36,Q3 2025,1994,2025-04-24,Tablet,_ga=5663449623.5784998,44-94,Wearable,Not recommended.,Q2 2022,https://example.com/users/07b14b1a/profile,4.85,2020-05-13,2025-11-30,500928,/var/data/daily_658.json,WBC: 211.5 g/dL,96-7434941,Low,2020-09-23,2024-01-07,WRO3LC2WCSWBT2RKP,2024-08-04T10:07:27Z,2018-11-15,Tablet,false,8.11,5.34,1.51,CDC,34 10 * * 1-5,Europe,2026,8.14,Purple,2023-03-06,7 years,688.94,"46 17 * * 0,6",0x636cfcdc3bbe43f0f31ba1eb3ce0aa0b0bcb102d,April,16:20:50,January,2008,Wearable,Male,May,BILL-591411,Opera,true,2020-10-29,2021-02-03,"25 19 * * 0,6",Mobile,6.63,IoT,Q1 2024,5252-0884-5186-3296,2021-06-25,Chat,$2b$12$bpGSDBIEHdDjwMXJtTAbL6VrxUGoLUpgYyJ3jORXs66ARZqHdNQba,Web,Tablet,macOS,5.61,2021-04-14,Social Media,Competitor DataCraft Inc launched FlexPay Platform,staging.orders -> reports,2020-2025,"[1.7638, 1.5706, -0.5794, -0.3314, -0.6384, 1.8498, 0.6542, -1.3278]",2026-06-16,03:24:39,Enabled,April,August,H2 2023,2022-06-18T14:26:56Z,0,In-Store,2018-10-26,"-----BEGIN CERTIFICATE-----
iDbbl0/nofKgcrKUEGtAKBJxGDb0VrPjeGbkyqhbSZmnRGTjZudTkC25jg5RmCBP
-----END CERTIFICATE-----",Tablet,Central Park,2020-06-05
Wednesday,27 15 * * 1-5,Rejected,9 18 * * 1-5,March,0545094504450,2023-08-22 04:01:41,2026-03-01,10.1,2022-03-05T00:00:00Z,Chrome,Guest,May,field_a -> field_b,Wednesday,ADV-GO91QRBN8C,2020-12-23,Smart TV,2021-11-21,FY 2025,JPY,8.05,Friday,Lisinopril 10mg,Phone,C6H12O6,2018-08-06,2021-09-05,December,jameslewis58,2024-02-28,def60ec9-081f-4656-b514-269394fb7a85,2020-06-01,1M5LUQ2QQS619MX7D,2020-05-14,Data Forum 2023,2021-12-18,Firefox,0.51,Desktop,2025-06-08,voice_76f592434c23df5d.wav,2022-09-18,2025-03-01,7.83,204.76,Q2 2022,2005,2018-01-02,Smart TV,_ga=8003949122.7061323,44-63,IoT,Great product!,Q4 2021,https://example.com/users/05b0fa25/profile,4.94,2021-12-15,2019-10-21,152869,/var/tmp/daily_968.parquet,Glucose: 104.8 g/dL,55-2360991,Negligible,2026-02-14,2024-05-24,KXEER1RNY28BF9NEC,2023-03-20T09:48:30Z,2024-07-17,Tablet,false,4.03,8.97,7.17,Census Bureau,"44 10 * * 0,6",North America,2026,5.46,Orange,2024-02-15,7 days,164.3,26 7 * * 1-5,0xaebe96a4dc27e5497193212cff53e4025a66f217,June,11:18:08,May,2005,Tablet,Male,September,BILL-906134,Opera,true,2022-03-31,2018-07-04,55 0 * * 1-5,Chat,6.4,Mobile,Q2 2023,XXXX-XXXX-XXXX-5423,2022-05-01,Phone,$2b$12$KPOwwfMquf23K7sFk64F6LDaQihw2flzMeobQm8jXYzW3MurPAd80,Phone,Tablet,Linux,7.42,2024-08-11,Social Media,Competitor Pioneer Software launched Sentinel Monitor,raw.events -> exports,2020-2025,"[-1.864, -0.0315, -2.2209, 0.8908, -0.0085, -1.0686, -1.1712, -2.0169]",2022-08-23,21:37:08,Disabled,September,December,Jan-Mar,2022-07-28T10:25:10Z,null,Email,2020-10-09,"-----BEGIN CERTIFICATE-----
Vl0YKcY8aIvVnWZ9znckr7ZuWkTqPW6/XsHKcOb2NjpTzz6hOIPRgP7sOzI0co4V
-----END CERTIFICATE-----",Smart TV,Eiffel Tower,2023-07-30
Monday,"41 21 * * 0,6",In Review,"33 18 * * 0,6",January,3546923974983,2018-01-23T21:11:14Z,2021-08-17,36.8,2022-08-31T00:00:00Z,Firefox,Owner,April,input -> output,Saturday,ADV-ZVCYZKKMH7,2026-10-02,Wearable,2019-09-24,2020-2025,CHF,6.57,Saturday,Albuterol 90mcg,Phone,H2O,2022-08-26,2023-02-03,October,david.moore63,2026-11-25,13784da7-6e34-46ad-967f-e1e168ee45d7,2018-04-10,L69JYGD983CDR14Y0,2022-09-03,Annual Forum 2024,2023-09-25,Brave,6.09,Wearable,2023-04-20,voice_410bda130cfb343e.wav,2019-04-20,2023-03-09,1.37,272.24,Q4 2026,2022,2024-04-14,Desktop,_ga=5432184718.6930076,49-82,Mobile,Great product!,Q1 2024,https://example.com/users/65136450/profile,2.26,2022-08-10,2018-07-28,637699,/var/data/batch_483.yaml,Glucose: 190.9 mg/dL,89-7772361,Critical,2026-01-26,2024-08-17,2JNLC5SFT144EE828,2025-11-10 00:17:23,2019-10-25,Mobile,false,5.91,5.53,5.89,Reuters,"39 11 * * 0,6",Asia,2009,1.86,White,2025-12-19,1 year,476.6,32 6 * * *,0x898daac4a52ce207ab657fb4b72d4e938888e342,June,11:23:25,October,1998,Desktop,Female,October,BILL-476949,Brave,false,2024-09-21,2020-12-08,"21 14 * * 0,6",Web,0.35,Tablet,Q1 2024,5169-1912-5201-1284,2020-04-16,Mobile,$2b$12$LyKeGKbBkv5W8KUILEjOE3CO3Rjnr1vbPcVgpX527kL0jjfuAJKQd,Social Media,Mobile,Android,1.89,2023-11-13,Phone,Competitor Catalyst Ventures launched StreamLine ERP,curated.events -> analytics,Jan-Mar,"[-0.0045, -1.0309, 0.417, -1.7408, -1.3107, 0.1746, 1.1923, -0.3232]",2026-05-06,14:35:01,Inactive,June,September,FY 2025,2025-09-18T11:25:56Z,0,Email,2025-05-25,"-----BEGIN CERTIFICATE-----
mWVFnu1GntWK13xRXnBCvEt8BZ9KyJjVEoAbzzZAXYZghgGGSR4ImyWcxlz4fUIB
-----END CERTIFICATE-----",Mobile,Statue of Liberty,2018-09-03
Monday,46 10 * * *,Approved,6 21 * * 1-5,September,0144653183040,2019-03-16T17:14:45Z,2018-06-20,77.4,2025-02-03T00:00:00Z,Chrome,Guest,May,input -> target_col,Tuesday,ADV-AETHXSTMIE,2022-02-09,Wearable,2026-05-25,2020-2025,CNY,7.78,Sunday,Ibuprofen 200mg,Phone,C6H12O6,2023-03-08,2024-02-08,July,williamdavis777,2018-04-06,476c64fb-e1bd-48b7-8721-fd96071b24f3,2022-02-01,6LHUCPR59C7P3FQWD,2021-03-21,Data Expo 2023,2018-06-29,Opera,1.79,Tablet,2019-07-25,voice_0d0018c493c88f23.wav,2018-09-18,2022-08-13,3.8,113.63,Q2 2020,1992,2026-06-30,Wearable,_ga=5671711712.6385231,26-71,Wearable,Average experience.,Q1 2023,https://example.com/users/05e7dd87/profile,6.35,2019-06-04,2018-05-19,618384,/var/exports/daily_702.yaml,Cholesterol: 274.9 K/uL,26-1373938,Critical,2019-06-10,2026-05-06,4H01WT4FBZ7TI8XNH,2023-01-24 14:23:14,2020-03-21,Mobile,false,0.68,2.23,3.29,Bloomberg,22 7 * * *,Oceania,1992,8.11,Orange,2021-12-27,7 years,710.63,5 1 * * 1-5,0x745084457bcea095bc672d7badc740ff7dcf485b,May,16:37:44,January,1999,Tablet,Female,October,BILL-823512,Edge,YES,2022-04-04,2018-08-24,47 14 * * *,In-Store,0.78,IoT,Q4 2026,XXXX-XXXX-XXXX-8360,2018-12-14,Social Media,$2b$12$4qVKW3emgoZtHFSTF1ltTuYmWgvNPP80rfkcvdlYwxEeUU0DMR6ag,Mobile,Mobile,Chrome OS,3.26,2024-09-26,Mobile,Competitor Pacific Research Group launched Sentinel Monitor,curated.orders -> analytics,H2 2023,"[0.9939, -0.2326, 0.4428, -0.6237, -0.3241, -0.9372, 0.3253, 0.1275]",2021-03-26,00:36:04,Active,March,July,Q1 2024,2018-11-24 11:03:22,CURRENT_TIMESTAMP,Phone,2022-01-20,"-----BEGIN CERTIFICATE-----
6WNztCHagEe/ue02qIXRNxfyjy0cweAHPjCruRxZc4E9FxaNXZafN3Ke4pZcOVCH
-----END CERTIFICATE-----",Desktop,Statue of Liberty,2020-09-03
Tuesday,13 6 * * 1-5,Approved,"13 21 * * 0,6",January,0994682548486,2018-12-04T11:10:11Z,2023-06-08,71.1,2022-10-12T00:00:00Z,Brave,Viewer,July,field_a -> target_col,Tuesday,ADV-0Y3VOIC993,2025-12-29,Smart TV,2022-11-05,Jan-Mar,GBP,8.75,Sunday,Albuterol 90mcg,Email,NaCl,2020-01-11,2025-12-24,December,mason_wright894,2019-03-25,655dd88f-b252-467d-b452-902dcaaffc4e,2024-07-29,W4DIBE7NRWJQMQAVI,2023-12-16,Global Summit 2022,2026-07-29,Safari,4.68,Smart TV,2021-02-08,voice_07aa9e86ac9cd9f7.wav,2021-04-02,2021-12-18,7.35,7.35,Q4 2026,2002,2019-06-18,Tablet,_ga=0435163812.4371803,7-100,IoT,Needs improvement.,Q3 2020,https://example.com/users/83de78d9/profile,5.92,2022-08-20,2025-06-29,302972,/var/tmp/export_259.xml,Cholesterol: 202.4 g/dL,47-5427520,Negligible,2021-02-13,2018-06-03,R2OIFX4QPZ8OB4VZP,2021-10-23T05:52:41Z,2023-05-11,Desktop,true,7.38,4.43,0.38,Census Bureau,41 10 * * 1-5,Africa,1992,0.43,Green,2023-01-05,indefinite,739.75,54 22 * * 1-5,0xc25ba0b9688d11e1911379abd63c9b98ff89f614,January,06:53:12,September,1995,Mobile,Female,April,BILL-339884,Chrome,false,2026-03-16,2020-05-11,39 23 * * *,Phone,0.28,Smart TV,Q2 2026,XXXX-XXXX-XXXX-1366,2022-12-24,Email,$2b$12$8t6bnsKHHgnCdidRdL6o5xYc6aVVAU01h0dU6suHNB2biE825HfIF,Web,Wearable,iOS,7.89,2021-03-23,Phone,Competitor Vertex Technologies launched Widget Pro,raw.orders -> exports,H2 2023,"[-1.0916, -2.4457, -0.2915, -1.1752, 0.1559, 0.1476, 0.2229, 0.7029]",2020-09-17,23:11:37,Disabled,July,June,Q1 2024,2026-02-10T06:40:29Z,0,Phone,2020-07-09,"-----BEGIN CERTIFICATE-----
9ssl+UsroehJ9kbRsJmvgPV4baMssLThp5gW43fMfmXov1t8EYPMdYv6XUOZMXiX
-----END CERTIFICATE-----",Smart TV,Eiffel Tower,2020-06-14
Wednesday,"27 20 * * 0,6",Pending,"37 0 * * 0,6",December,6676544400991,2020-11-21 19:27:51,2021-05-04,83.2,2024-12-17T00:00:00Z,Edge,Guest,December,field_a -> output,Friday,ADV-ZAMY3HPO92,2024-01-07,Wearable,2026-03-17,FY 2025,USD,5.48,Wednesday,Omeprazole 20mg,Social Media,E. coli,2023-07-04,2021-04-07,October,mason.davis556,2025-02-03,44ca7bce-02c2-489d-92e6-cde5be7497e4,2026-03-13,RW9TPQ50PVQPF2109,2023-10-17,Annual Summit 2020,2021-04-08,Safari,2.59,Wearable,2018-01-24,voice_be4e2d87f4df407b.wav,2024-01-05,2021-08-09,3.27,175.11,Q3 2023,2007,2020-05-05,Tablet,_ga=9085966462.6671230,12-86,Tablet,Average experience.,Q4 2023,https://example.com/users/30fa7dc1/profile,5.24,2019-02-16,2018-03-20,478161,/var/config/batch_588.csv,Glucose: 70.5 K/uL,90-9954230,Low,2025-10-03,2025-08-19,15TNQ92EBQWX0CDKJ,2019-05-20T01:45:59Z,2024-04-25,Mobile,true,5.61,9.46,6.25,Eurostat,"11 11 * * 0,6",North America,2007,0.4,White,2020-01-27,7 years,779.76,"19 20 * * 0,6",0x614f46df56fcfd624195032ff74c5f4545395993,September,17:45:42,May,2010,IoT,Male,June,BILL-890175,Opera,YES,2025-03-13,2024-08-03,18 19 * * 1-5,In-Store,5.55,Wearable,Q2 2020,4718-0823-5711-6215,2018-05-22,Social Media,$2b$12$Qcn0rirKD1IT7p7NK7NpCoxtVSty3WXLl8a43bznGbG67K49ZtPh7,Email,Wearable,Windows,5.96,2024-02-21,Web,Competitor Meridian Health launched Widget Pro,curated.users -> reports,H2 2023,"[0.32, -1.6174, -0.697, -0.6494, 1.0031, 1.1221, 2.9366, 0.5259]",2025-12-10,06:49:30,Inactive,April,April,H2 2023,2022-01-17T16:40:25Z,null,Email,2024-08-30,"-----BEGIN CERTIFICATE-----
f76z8t7OdEv6yNkMPllAiAsprkz0TIW6Otms0bGvjqRHzSLfGMzq3z25SFCR42X6
-----END CERTIFICATE-----",Smart TV,Big Ben,2023-09-04
Thursday,"46 5 * * 0,6",Rejected,"51 21 * * 0,6",November,6087492880752,2018-10-11 01:51:40,2026-05-04,9.6,2021-03-01T00:00:00Z,Chrome,Owner,November,source_col -> target_col,Saturday,ADV-GTDZ55VPH5,2024-07-03,Smart TV,2023-10-14,FY 2025,BRL,7.68,Friday,Ibuprofen 200mg,Web,Fe2O3,2019-08-29,2019-03-16,January,robert.taylor663,2022-06-19,4b1e9228-5cc2-4b65-968c-0d77064d500b,2018-01-12,LVCUZSQHAV9UD5LOG,2025-05-08,Global Forum 2023,2025-07-09,Chrome,9.63,Smart TV,2019-08-25,voice_04e7136ba8406e07.wav,2019-01-09,2023-05-23,4.96,274.0,Q2 2020,2001,2025-04-27,Desktop,_ga=3259198149.7625666,21-65,Smart TV,Average experience.,Q2 2021,https://example.com/users/117e2a56/profile,8.6,2025-12-15,2020-09-27,247607,/var/exports/daily_152.yaml,WBC: 192.5 mg/dL,73-4944136,Low,2019-03-10,2025-11-12,AWSI5XE17VEY8SNMU,2019-10-11T04:41:09Z,2019-06-04,Wearable,true,0.66,3.17,6.76,Census Bureau,9 20 * * *,Oceania,2020,7.34,Green,2024-05-16,7 days,489.29,"45 10 * * 0,6",0x060c0291eb962e93d3e24a96ef861ae96536a26d,June,02:14:50,October,2026,IoT,Other,November,BILL-108542,Chrome,true,2020-05-17,2025-10-03,56 20 * * 1-5,Email,5.13,Mobile,Q4 2025,XXXX-XXXX-XXXX-5321,2025-05-18,Phone,$2b$12$YxkMiYMyOat2FheoCPcLnL4MTaoSDlDlPj1fdA8QexPXn703fpeqq,Web,Mobile,Windows,8.41,2021-06-11,Mobile,Competitor Beacon Analytics launched DataSync 3000,raw.events -> exports,Q1 2024,"[0.1998, -0.8365, -1.7479, -0.4759, -1.5407, -0.0892, 1.9208, -1.2824]",2025-04-11,04:55:19,Inactive,March,February,Jan-Mar,2025-12-18 07:53:52,null,Mobile,2019-07-15,"-----BEGIN CERTIFICATE-----
PGCRv3MQr2kYCotiETBCv9UMdtOlLbg48gSrhlx5aiAtIR9lT5JI28XB0Mtg4/i3
-----END CERTIFICATE-----",IoT,Golden Gate Bridge,2019-07-09
Wednesday,"18 22 * * 0,6",Pending,"49 22 * * 0,6",April,9923386274491,2019-05-04 15:37:00,2023-04-30,25.5,2022-11-11T00:00:00Z,Chrome,Admin,April,input -> output,Wednesday,ADV-C57HD9KYPA,2021-06-17,Tablet,2020-09-07,2020-2025,GBP,9.02,Thursday,Ibuprofen 200mg,Chat,C6H12O6,2026-10-23,2026-01-16,May,elizabethmartin127,2019-03-19,1762dc0f-886f-4e88-a0b6-06a0b333cb90,2026-08-18,DHQR7XCMD1EMEG9M9,2024-11-06,Tech Summit 2022,2020-07-22,Firefox,3.19,IoT,2022-04-10,voice_6cbf179e469f8939.wav,2024-08-26,2019-01-04,2.55,213.54,Q3 2022,2018,2020-02-18,IoT,_ga=2443134088.8406163,14-98,IoT,Great product!,Q2 2026,https://example.com/users/6e8e9ecc/profile,2.64,2020-10-11,2025-05-29,390005,/var/uploads/batch_709.parquet,Cholesterol: 93.3 K/uL,65-8893374,Critical,2021-04-30,2021-03-10,I9WO2AUXY36TCKGQJ,2025-03-20T19:44:23Z,2020-07-31,Wearable,true,3.7,7.24,1.55,Bloomberg,"28 15 * * 0,6",North America,2020,7.75,Yellow,2021-03-15,30 days,940.2,6 7 * * 1-5,0x55426142f7ff3401c6bcf6022f631a441465dd92,February,05:43:16,June,2002,Tablet,Other,January,BILL-690671,Brave,false,2024-03-23,2018-09-09,0 15 * * *,Mobile,2.41,Wearable,Q2 2025,6011-5720-9340-0453,2023-12-22,Social Media,$2b$12$AFBs3jraoLFnKyIolOVvB3Q7922R4FVaZEaffgLaRoBNGSiIgJ9cV,Social Media,Wearable,Android,1.54,2022-01-06,Email,Competitor Catalyst Ventures launched FlexPay Platform,curated.orders -> exports,H2 2023,"[2.1374, -1.1795, 1.5254, 0.0289, -0.252, 0.4919, -0.0527, 1.2361]",2026-03-15,00:11:27,Active,October,April,2020-2025,2022-11-01T05:18:18Z,'',Phone,2025-02-25,"-----BEGIN CERTIFICATE-----
eIanqB0Ib/QVkrwqPF2YFgvXse56r8Ac6yZN4jpxIESv2WKO9S/AggyX395KjkqP
-----END CERTIFICATE-----",Wearable,Golden Gate Bridge,2020-09-15
Sunday,17 14 * * *,Rejected,"57 22 * * 0,6",December,5720001961905,2025-12-25 08:27:16,2024-12-08,35.8,2025-01-08T00:00:00Z,Firefox,Owner,July,source_col -> field_b,Wednesday,ADV-EGZLQRNU4W,2019-07-20,IoT,2022-02-16,H2 2023,AUD,4.83,Saturday,Albuterol 90mcg,Mobile,H2O,2022-01-04,2019-08-07,August,harper_white9,2020-01-06,ebdd40b7-c668-4e11-bf83-01beb2a52551,2022-09-03,MZSHTHVBNKPIET6Y3,2024-12-01,Annual Conference 2020,2026-10-19,Opera,1.42,Mobile,2026-08-14,voice_9958708d768f27be.wav,2021-03-05,2024-06-05,4.52,70.85,Q3 2020,2024,2018-10-23,Desktop,_ga=9182601848.9214030,5-96,IoT,Not recommended.,Q4 2022,https://example.com/users/2fc72199/profile,4.52,2025-05-05,2026-04-09,198747,/var/data/batch_365.log,Hemoglobin: 226.6 g/dL,58-7360952,Critical,2025-01-22,2019-04-10,R3GB9OZ5ZQ4QKEQUL,2023-03-20T00:55:17Z,2023-11-07,IoT,false,8.05,7.83,3.54,Census Bureau,"35 9 * * 0,6",Asia,2017,3.17,Green,2023-05-10,7 days,608.91,"8 19 * * 0,6",0x727c8d472c8837064f43e9a9104d7e067ec85328,September,17:39:15,January,2004,Desktop,Female,November,BILL-957430,Brave,YES,2022-04-08,2022-11-29,"7 16 * * 0,6",Social Media,8.56,Smart TV,Q2 2026,3740-8372-6937-0544,2022-11-28,Social Media,$2b$12$Q6fBTxeOsALP0WRb6GTb1Bldxk5Q6kKt3k7kgeJHYvRMoYATotryh,Mobile,Wearable,Chrome OS,2.02,2026-09-05,Email,Competitor Acme Corp launched FlexPay Platform,curated.events -> reports,FY 2025,"[-1.2821, -0.1581, 1.2872, -0.2835, 1.0272, -1.2926, 0.7235, 0.2695]",2022-10-29,00:42:52,Inactive,September,February,Q1 2024,2020-11-25 19:08:51,1,Email,2026-03-08,"-----BEGIN CERTIFICATE-----
2tnHmuAKBJETLPN3aPuZo0VP2iUuRTHJ0nXEQ83JpesvuV6/cXTSCTtBaIv+EkWb
-----END CERTIFICATE-----",Wearable,Eiffel Tower,2022-03-07
Wednesday,"37 10 * * 0,6",Pending,"11 9 * * 0,6",March,5580850884812,2018-06-14T07:31:21Z,2022-10-16,48.0,2024-12-28T00:00:00Z,Safari,Viewer,August,field_a -> field_b,Monday,ADV-DGYKCO4GF2,2018-01-04,Desktop,2018-10-28,Jan-Mar,CAD,2.78,Wednesday,Omeprazole 20mg,Email,Fe2O3,2022-03-11,2026-04-20,March,susanrodriguez426,2024-05-31,df1f8ce6-5ead-4a06-992f-e39c4a54f77d,2021-01-02,ZOJTRN5JENXIFEXGR,2022-10-15,Global Forum 2020,2022-04-30,Opera,0.99,Desktop,2022-12-15,voice_e1848788b143b473.wav,2018-03-12,2021-08-07,4.81,183.79,Q4 2024,2000,2021-04-27,Mobile,_ga=7502995173.2675348,31-81,Mobile,Needs improvement.,Q2 2021,https://example.com/users/fadb2ab6/profile,9.27,2020-01-25,2026-05-31,905364,/var/uploads/batch_522.parquet,Cholesterol: 216.0 K/uL,27-4237484,Low,2018-12-03,2025-05-12,G9VVR1G6B6EHVT8VL,2024-02-16 09:37:15,2021-08-06,Tablet,true,5.44,7.97,5.05,Bloomberg,34 1 * * 1-5,North America,2022,5.59,Green,2026-01-03,30 days,931.51,58 17 * * 1-5,0xe0db27ea351b03e49f0a72f5230ccd805308cb81,February,03:27:38,May,2016,Desktop,Female,December,BILL-609861,Chrome,YES,2024-10-15,2020-05-06,"53 14 * * 0,6",Mobile,2.44,Wearable,Q4 2023,XXXX-XXXX-XXXX-6873,2018-12-24,Email,$2b$12$xPyflGK9ACE2MY9ibSwKGrQVePlgmNI5pAN0QyRfJtY5wGq5YUF2a,Web,Smart TV,Chrome OS,1.56,2019-01-05,In-Store,Competitor Meridian Health launched VaultKeeper,staging.orders -> exports,Q1 2024,"[0.8383, 0.148, 1.9261, 0.2248, -0.938, -0.8784, 1.7948, 0.4499]",2018-09-03,15:34:22,Disabled,January,April,Jan-Mar,2020-04-25T09:05:57Z,CURRENT_TIMESTAMP,Web,2023-08-27,"-----BEGIN CERTIFICATE-----
jZDQpJrq3JeS2sPWo7qngVoGY93nGIuB5aeWH3O1Dv9muB3RltFBI5nDi/dmfPLG
-----END CERTIFICATE-----",Mobile,Statue of Liberty,2018-08-18
Saturday,5 8 * * 1-5,Rejected,"1 13 * * 0,6",December,3176921665730,2019-11-24 21:45:02,2025-06-28,69.5,2019-12-12T00:00:00Z,Safari,Admin,December,field_a -> target_col,Friday,ADV-XDGIM97VKY,2024-04-10,Mobile,2020-06-11,FY 2025,JPY,4.68,Wednesday,Albuterol 90mcg,Phone,Fe2O3,2018-03-06,2025-06-28,June,sophia_harris817,2023-04-14,4e865fe7-bf54-47dc-af88-1c6aaae9e28c,2021-11-30,WEVW8T6UVVENZF0CS,2019-07-17,Annual Summit 2020,2020-03-07,Chrome,8.33,Tablet,2023-04-18,voice_62d98841a151dab6.wav,2025-02-27,2022-04-27,9.42,313.91,Q1 2022,2014,2019-03-09,IoT,_ga=6326361659.6658347,8-76,Tablet,Great product!,Q3 2024,https://example.com/users/35998ac6/profile,3.98,2023-09-29,2024-04-23,785393,/var/uploads/batch_376.yaml,Glucose: 115.2 mg/dL,91-7219455,Critical,2021-11-21,2019-05-21,YDLKE4WWAGAX0ZH8A,2026-07-22T22:26:00Z,2021-03-02,IoT,true,2.01,6.54,5.18,Eurostat,"42 21 * * 0,6",Antarctica,2008,9.68,Yellow,2022-05-02,30 days,701.81,5 6 * * 1-5,0xc7c7c347bb78b34301d7cdcd05322e625117992f,January,07:46:19,July,1996,Desktop,Male,July,BILL-450715,Opera,NO,2023-07-01,2019-09-09,36 11 * * 1-5,In-Store,4.4,IoT,Q4 2022,5140-5091-0361-2795,2019-10-30,Mobile,$2b$12$Oth7JKhB8PD99OO1hvMoPSsHzoZsudYZdASjNecCRTupjZLjtnrHX,Phone,Mobile,iOS,0.38,2020-02-13,Mobile,Competitor Vertex Technologies launched SmartHub X1,raw.orders -> analytics,Jan-Mar,"[-0.9551, 0.6935, 1.7768, -0.3731, 0.4562, 0.1998, -0.0095, 0.0987]",2021-09-25,12:17:48,Enabled,May,August,FY 2025,2021-07-14 07:07:33,'',Email,2018-02-14,"-----BEGIN CERTIFICATE-----
uxZlJBnSHjY1UYxPTC/L5koNJFH/9VhU+ACmOJMebZTY1NklJotjrCPNhtt5tnGz
-----END CERTIFICATE-----",IoT,Central Park,2025-10-23
Friday,46 15 * * 1-5,Pending,37 7 * * *,September,6412596044026,2024-11-15T19:48:07Z,2022-01-16,77.0,2024-03-10T00:00:00Z,Chrome,Admin,August,field_a -> field_b,Monday,ADV-9PE37B5W34,2020-04-18,Desktop,2024-09-13,Jan-Mar,AUD,5.22,Tuesday,Ibuprofen 200mg,In-Store,H2O,2019-08-02,2025-04-05,August,oliviarodriguez403,2018-10-23,74e37627-9f4f-4cec-9ab8-68a9e9575ec9,2019-09-13,BRGHDJXXCPEVSHTIU,2026-04-14,Annual Expo 2026,2018-04-19,Chrome,7.68,Tablet,2020-05-19,voice_e0f7ffe362a6d184.wav,2025-09-02,2022-04-02,9.24,218.98,Q4 2022,2000,2019-10-24,Smart TV,_ga=7297524753.8466767,43-62,Tablet,Needs improvement.,Q4 2020,https://example.com/users/e303dd35/profile,4.58,2020-06-08,2021-06-06,673105,/var/exports/batch_99.parquet,Cholesterol: 272.6 K/uL,88-8552904,High,2026-03-29,2022-08-16,RTTK4K6VU9LVP1Q7C,2026-07-21 08:00:44,2024-07-25,Wearable,false,2.45,7.27,2.25,Bloomberg,35 18 * * 1-5,Africa,2001,7.06,Orange,2024-08-15,1 year,141.44,"39 14 * * 0,6",0x0b5b1fb16b36167d59f4102d8999a2d8c4b77234,July,08:17:51,April,2019,Tablet,Non-binary,December,BILL-716802,Firefox,NO,2023-03-19,2024-10-27,16 1 * * 1-5,Social Media,5.53,Tablet,Q1 2026,3732-9321-2487-2952,2020-03-13,Mobile,$2b$12$3b9VpI8e5X1aj6gCAS7DxCBULh8WbwEHVSU60Pp4SqEQXZG9sjnne,In-Store,Smart TV,macOS,0.11,2020-03-04,Email,Competitor Pacific Research Group launched CloudGuard,raw.events -> analytics,FY 2025,"[-0.5053, 0.5586, -0.5424, -1.2821, -0.3985, 0.307, -1.1437, 0.4018]",2019-06-27,01:43:45,Inactive,February,June,H2 2023,2018-09-24 16:57:09,false,Web,2020-10-29,"-----BEGIN CERTIFICATE-----
V5pr/8Bc/YC5rMUJTu+F9uZb5AJ2lbugWrR7XNGOp9mFjBr2aX8krAuPysns56z1
-----END CERTIFICATE-----",Smart TV,Golden Gate Bridge,2019-06-22
Tuesday,29 9 * * 1-5,Approved,13 5 * * *,September,1301815482230,2023-02-13T04:13:53Z,2022-02-24,92.9,2018-10-02T00:00:00Z,Edge,Admin,August,input -> target_col,Tuesday,ADV-2QJL0E4WSY,2022-05-24,Smart TV,2025-01-21,2020-2025,GBP,1.92,Tuesday,Albuterol 90mcg,Mobile,Fe2O3,2021-10-03,2026-04-18,March,david.taylor876,2020-08-16,a4851481-8471-4fb9-95aa-c6fadd89d98a,2023-04-09,7T79X0P0KWVEUVU76,2022-06-20,Annual Forum 2025,2021-10-09,Brave,3.37,Desktop,2022-10-08,voice_8d0ebc3388be8234.wav,2022-06-25,2018-09-05,7.57,325.33,Q2 2022,2009,2026-08-13,IoT,_ga=1725934256.4851140,45-100,Tablet,Great product!,Q1 2025,https://example.com/users/3900158a/profile,2.66,2025-03-24,2026-03-22,551396,/var/data/daily_197.xml,WBC: 106.4 g/dL,20-9044637,Negligible,2020-05-07,2021-09-22,UHEVTM9GRE59QFCVE,2021-08-03 13:28:47,2020-08-14,Mobile,true,1.53,9.5,0.94,Eurostat,44 1 * * 1-5,Oceania,2004,9.78,Blue,2022-01-27,7 years,656.29,"21 1 * * 0,6",0x0496a711ddd5efedd1ffeeb3177d913b2df6f857,December,03:23:20,July,1994,IoT,Male,April,BILL-353590,Safari,NO,2024-02-05,2024-09-18,"48 18 * * 0,6",Web,8.77,IoT,Q3 2024,4025-1140-6956-3312,2026-09-18,Web,$2b$12$IOboUmRyhHhrspoAA9h7pSI0H77MuyKKH5Qjkvjd8rgiAXWZTPzqe,Chat,IoT,Android,5.45,2026-06-03,Phone,Competitor Pioneer Software launched Widget Pro,raw.orders -> exports,H2 2023,"[-0.7324, 0.183, 0.7203, 1.4459, -1.3745, -0.4012, 2.175, -0.3127]",2025-09-05,18:10:50,Enabled,January,June,Jan-Mar,2022-11-08 11:21:15,1,Chat,2019-06-14,"-----BEGIN CERTIFICATE-----
/TyDCMlCGW72lADRmOHhWSlDj8XNl0EK41ksAiVHdwXIdUZNF0bpEqAUWynPJCcL
-----END CERTIFICATE-----",IoT,Central Park,2023-07-06
Friday,15 8 * * *,Pending,"32 22 * * 0,6",November,4218799456370,2026-05-27 22:19:06,2024-11-16,83.4,2020-07-11T00:00:00Z,Brave,Admin,February,field_a -> target_col,Thursday,ADV-R1AZ3I3AWM,2023-10-09,Wearable,2026-02-20,2020-2025,CAD,0.75,Saturday,Lisinopril 10mg,Web,NaCl,2021-03-16,2022-04-13,May,ethan.thompson423,2025-04-26,a80f073a-352a-4e22-b843-ae04ca2463f2,2019-05-27,SBOYZH9XRE5SAGNOX,2026-04-15,Global Forum 2025,2020-11-26,Chrome,3.78,Wearable,2024-02-22,voice_0c5af6a2741ce1d4.wav,2022-03-05,2020-09-19,3.68,0.34,Q4 2022,2005,2019-04-25,Wearable,_ga=4245737086.4222869,42-61,Tablet,Excellent service.,Q3 2023,https://example.com/users/9a7ae0b3/profile,8.87,2020-11-18,2025-04-16,264892,/var/config/export_232.log,Glucose: 106.4 mg/dL,88-6107578,Negligible,2023-12-25,2019-06-18,WOORC2J8RV5GHE9GF,2018-10-09 15:38:46,2024-10-01,Smart TV,false,8.58,9.31,0.29,CDC,2 15 * * 1-5,Oceania,2018,6.19,Orange,2021-07-08,30 days,630.6,"19 18 * * 0,6",0xeeea74f4b5647b96eb248202b9c7bc981762f3b4,July,23:08:48,October,2024,Smart TV,Non-binary,October,BILL-255258,Edge,false,2022-03-23,2021-09-24,20 11 * * 1-5,Social Media,9.76,Tablet,Q2 2024,4073-4395-1439-6216,2025-10-12,Chat,$2b$12$IJtV6VSEhifZXm6BWbV4J44AEMsP0gk685neuR1W43XSpEQUiaOEO,Email,Tablet,Chrome OS,8.2,2022-03-13,In-Store,Competitor Pioneer Software launched Sentinel Monitor,curated.events -> reports,H2 2023,"[-0.9905, -0.1199, -0.9199, 0.7148, 1.4056, 1.1265, -1.0114, -0.1546]",2026-09-12,12:31:27,Inactive,August,June,H2 2023,2019-05-21 11:05:44,0,In-Store,2023-10-17,"-----BEGIN CERTIFICATE-----
r9cWj4+ygqS0kTlxy/nZ+j2LO7juQBjBfRb0UTnMDJhCQs5rJiSR92/pLW8YNaff
-----END CERTIFICATE-----",Tablet,Central Park,2019-02-03
Sunday,25 20 * * 1-5,In Review,15 4 * * *,June,9237190880777,2025-12-17T06:50:20Z,2025-02-19,10.3,2018-08-01T00:00:00Z,Opera,Guest,February,source_col -> target_col,Wednesday,ADV-E253VA3TLI,2025-12-10,Smart TV,2026-03-17,H2 2023,JPY,9.02,Friday,Metformin 500mg,Email,NaCl,2020-05-11,2025-10-08,February,sophiamoore160,2023-05-22,2b453dcb-d891-421e-8b78-f86f7b9e9120,2026-05-20,68IEJ09W1BJ436PXF,2018-04-17,Tech Conference 2023,2019-05-09,Opera,6.32,Desktop,2018-09-11,voice_b69db8532fa70eef.wav,2018-10-06,2025-08-30,1.04,186.14,Q3 2023,1999,2024-02-20,Tablet,_ga=2488396985.1743731,50-75,Smart TV,Great product!,Q1 2022,https://example.com/users/9c4b49b5/profile,5.23,2018-04-26,2020-01-18,769205,/var/exports/daily_717.csv,Hemoglobin: 118.4 g/dL,66-8821120,Critical,2026-03-14,2020-07-08,BDS80J9936L0H1S7F,2020-07-03 09:58:08,2026-06-25,IoT,true,7.41,1.86,2.86,Eurostat,51 21 * * 1-5,Africa,2003,6.71,Brown,2021-03-10,7 days,403.61,"56 0 * * 0,6",0xdd3fc41cab030a1ef74ccc5626c1dcd14f8bfbcf,August,23:32:00,April,2023,Desktop,Male,May,BILL-656549,Chrome,true,2026-09-16,2018-11-14,24 17 * * 1-5,Chat,7.18,Mobile,Q4 2022,3716-4792-8959-9507,2022-01-09,Email,$2b$12$niOxYTAH7POs78ndOoRHF3MpQTbuDZPtVvV9MaTtNMVPF86AaGKWb,In-Store,Tablet,Windows,6.51,2018-07-08,In-Store,Competitor Vertex Technologies launched CloudGuard,raw.orders -> reports,Jan-Mar,"[-0.573, -0.4406, -1.5911, -1.5997, 1.5936, -0.2376, 1.529, -0.3619]",2026-08-22,20:38:44,Enabled,May,June,H2 2023,2020-03-23T14:42:22Z,1,Phone,2023-08-30,"-----BEGIN CERTIFICATE-----
14OZMvymnGUhdQUxbXUDm1r54pN2NR3brVMmo4PWsRiBlGrXyaFYgGuwaMyGFoAH
-----END CERTIFICATE-----",Mobile,Statue of Liberty,2018-11-20
Friday,"41 22 * * 0,6",Rejected,41 17 * * 1-5,January,1993258591840,2026-07-18T16:51:14Z,2020-08-20,85.0,2022-01-15T00:00:00Z,Chrome,Guest,January,input -> output,Thursday,ADV-JTB5OW3KBU,2024-05-06,Tablet,2024-12-29,Jan-Mar,EUR,5.16,Sunday,Lisinopril 10mg,Mobile,Fe2O3,2019-04-17,2024-07-12,July,davidharris65,2022-02-10,2cebc2ca-01bf-4b75-8896-d6c1b80657d3,2018-04-19,M9YVBYR15XGQXOD2O,2019-08-02,Global Summit 2023,2024-07-28,Edge,2.69,Mobile,2024-07-03,voice_8912d9cc12f9a3aa.wav,2023-04-23,2025-08-20,8.68,301.4,Q1 2022,2003,2024-08-25,Wearable,_ga=4547870695.6773489,17-75,Mobile,Great product!,Q4 2021,https://example.com/users/77b990f0/profile,5.72,2022-09-05,2020-07-27,113616,/var/uploads/batch_975.csv,Hemoglobin: 114.0 K/uL,18-5003589,Negligible,2021-10-01,2021-11-19,QCDDCEONULHELXDDS,2021-05-01T12:27:51Z,2019-09-02,Tablet,false,7.9,9.79,0.29,CDC,9 1 * * 1-5,Oceania,1990,2.53,Gray,2020-09-05,1 year,787.21,29 13 * * *,0x9d21eaf8842190cc6802d4556e8dbc5b39ca70de,June,18:49:51,March,2009,Wearable,Male,January,BILL-825499,Opera,true,2026-12-04,2022-03-05,28 16 * * 1-5,Social Media,2.57,IoT,Q4 2020,5252-0448-7780-1422,2020-10-09,In-Store,$2b$12$bsov2NPjJ1fOLKEkWezYx8DYLN7P7RBTpPycWBgOTWDipKvaaBpnK,Web,IoT,Windows,9.36,2024-06-01,Mobile,Competitor Vertex Technologies launched FlexPay Platform,staging.events -> analytics,Jan-Mar,"[0.3427, 0.0911, 0.6592, 1.0737, 1.1601, 0.5514, -0.2623, -0.4067]",2022-03-06,10:50:55,Enabled,February,October,2020-2025,2024-12-28T17:27:36Z,1,Social Media,2023-12-23,"-----BEGIN CERTIFICATE-----
4YyqUGwlYp+md/dEFWUm5BI8fJbazuqV3QiMOKiscfyhr9A3RKkY0RrdUabXByzm
-----END CERTIFICATE-----",Wearable,Golden Gate Bridge,2023-03-18
Monday,53 20 * * 1-5,In Review,3 23 * * *,November,3864416993705,2022-12-14T17:25:50Z,2025-04-08,45.8,2022-11-06T00:00:00Z,Brave,Admin,December,source_col -> field_b,Sunday,ADV-HV9FMEWA25,2019-10-25,Desktop,2023-01-09,2020-2025,CNY,4.94,Wednesday,Albuterol 90mcg,Chat,E. coli,2020-10-18,2025-01-09,December,davidsmith154,2025-07-20,a6cfdfeb-b1ea-40d1-96d0-4f11fbb9361b,2025-03-12,ZU5J3RS3EG7MTG4GW,2023-04-28,Annual Conference 2024,2026-11-01,Brave,7.03,Smart TV,2025-11-12,voice_006139ed3bbeba8e.wav,2020-01-18,2023-11-03,0.87,305.38,Q2 2021,2014,2018-09-14,Smart TV,_ga=0984024492.1119039,37-100,Smart TV,Excellent service.,Q1 2024,https://example.com/users/2ba06282/profile,3.27,2024-09-25,2022-08-17,548165,/var/uploads/daily_343.parquet,Cholesterol: 206.9 mg/dL,85-8405397,Medium,2018-05-02,2025-07-18,K2Q0GCFCIFJQURXSB,2025-09-25 13:38:23,2019-11-01,Tablet,false,1.19,3.73,0.27,CDC,"6 12 * * 0,6",Europe,1999,7.58,Gray,2021-10-07,indefinite,225.39,28 18 * * *,0x91b4ed475669f32b4be1d6277d73bfd6098d8f4c,June,06:17:40,September,2025,Smart TV,Male,October,BILL-279663,Opera,true,2022-02-10,2023-01-25,"54 1 * * 0,6",Email,0.46,Mobile,Q4 2026,3742-5060-1057-0407,2019-11-26,Email,$2b$12$5XuJ5dhiskI1AOyXjE3zbUwqCixOOVFeqnnne6Pct4lV06WODfsC7,Social Media,Smart TV,Windows,0.47,2018-06-15,In-Store,Competitor Alpine Systems launched FlexPay Platform,curated.orders -> reports,Q1 2024,"[-0.8314, -0.6169, -0.404, -0.4412, -0.7362, -0.265, 0.8707, -0.2757]",2024-02-23,00:22:53,Enabled,February,December,H2 2023,2021-02-02 11:12:11,CURRENT_TIMESTAMP,Chat,2024-02-20,"-----BEGIN CERTIFICATE-----
d4btKnIM/jE68MzcBKeHvJiRozXOUs87hPEz2eCEqYO4M8jJG0uuUE7i10VH1v9a
-----END CERTIFICATE-----",Tablet,Central Park,2018-07-01
Friday,"36 23 * * 0,6",In Review,"5 14 * * 0,6",April,5400998662036,2023-07-24T23:41:29Z,2026-02-28,25.7,2025-08-14T00:00:00Z,Opera,Guest,April,input -> target_col,Tuesday,ADV-HK1W8WH2UH,2026-08-10,Mobile,2021-01-20,Jan-Mar,BRL,9.57,Monday,Lisinopril 10mg,Email,Fe2O3,2024-02-22,2021-05-01,October,patricia.miller384,2019-01-22,5bb44a72-680e-445a-9ab4-378535494785,2021-07-20,T6B3JVRXQYLXOEO03,2023-06-12,Global Conference 2025,2023-10-14,Brave,4.58,Mobile,2023-07-16,voice_fc276cdabdea6e45.wav,2019-04-25,2023-10-03,1.06,318.72,Q3 2023,1997,2018-07-06,Desktop,_ga=9063723158.9614604,49-78,Tablet,Needs improvement.,Q2 2024,https://example.com/users/052f65ae/profile,1.66,2018-08-30,2026-12-11,997744,/var/tmp/export_952.yaml,Cholesterol: 145.3 mg/dL,77-3408748,Medium,2025-07-18,2021-11-09,TWSFU0E9EUOPJXZPW,2024-09-22T05:00:34Z,2025-09-17,Smart TV,false,9.93,5.65,3.36,Eurostat,"9 14 * * 0,6",Europe,2006,3.99,Red,2023-12-03,7 years,841.98,53 21 * * *,0x347cb8f99083674555dbaead1ad7ad10c6607ca6,October,09:57:42,June,2001,Mobile,Other,May,BILL-557087,Chrome,true,2023-09-11,2018-12-13,"43 0 * * 0,6",Mobile,3.72,Tablet,Q4 2026,5829-2665-4986-7059,2025-09-30,Mobile,$2b$12$ZkD1iLnYNF1HSOr8TmckA6gX45pWVatt6kwP3IxgDwkhNolZS0Rlx,In-Store,Desktop,Windows,9.14,2019-04-17,Email,Competitor Quantum Dynamics launched NanoCore SDK,raw.events -> exports,H2 2023,"[-0.0907, -0.6136, -0.3145, 3.1576, -0.9192, 0.6963, -0.4676, 0.3762]",2023-02-20,21:28:51,Enabled,May,October,H2 2023,2025-08-05T18:57:13Z,'',Chat,2018-11-20,"-----BEGIN CERTIFICATE-----
GArTMUeldZiStI2U8GajMYSes3YLHH5kzPWDEqmzIpKfOKspFwKVl2rVfmSF4MVg
-----END CERTIFICATE-----",Desktop,Central Park,2021-03-28
Monday,38 4 * * *,Approved,"3 10 * * 0,6",August,4479188661169,2026-02-14 11:12:35,2024-02-09,5.4,2024-06-24T00:00:00Z,Brave,Guest,September,source_col -> output,Sunday,ADV-86V6D8CTO7,2022-04-27,Desktop,2025-05-20,Jan-Mar,CHF,9.41,Monday,Lisinopril 10mg,In-Store,Fe2O3,2025-04-15,2019-04-21,March,johnsmith931,2025-01-31,220a31b7-a4df-4897-8c7b-466e5f8bac71,2026-09-24,0VQ4R29AYBHEXPEQQ,2023-09-19,Annual Expo 2022,2021-04-08,Chrome,6.15,Smart TV,2024-08-23,voice_8516f67250741a45.wav,2022-05-16,2020-04-08,1.93,37.67,Q1 2021,2013,2019-07-31,Mobile,_ga=3424954237.5989884,28-100,Tablet,Needs improvement.,Q1 2023,https://example.com/users/ac3e6416/profile,6.72,2026-01-30,2022-08-24,328606,/var/config/export_103.log,Hemoglobin: 278.4 g/dL,91-5750990,Critical,2022-08-07,2024-08-02,OGLP8VC9GO81TW09F,2022-10-25T22:20:27Z,2026-05-25,IoT,true,3.2,1.77,8.17,Bloomberg,"12 23 * * 0,6",South America,1994,7.9,Orange,2021-04-10,indefinite,129.65,34 16 * * *,0x547f117e2b1f3dc84839de2227323cc85b6b49da,October,14:23:51,January,1994,IoT,Other,June,BILL-647801,Opera,false,2023-06-01,2018-01-22,"12 21 * * 0,6",Mobile,7.25,Mobile,Q4 2020,6011-0156-1793-6357,2026-12-01,In-Store,$2b$12$H2BcRnV53V333DaMwVay0QElbSdBIt9NjyCpIZ4yppLnDbkwQZpll,Mobile,Tablet,Linux,2.71,2022-03-25,Social Media,Competitor DataCraft Inc launched FlexPay Platform,staging.events -> exports,Jan-Mar,"[1.415, -0.8458, -2.3156, 0.114, -0.9689, 0.8972, 0.7778, 0.5938]",2026-04-28,12:24:14,Inactive,March,April,H2 2023,2024-02-24T16:32:01Z,CURRENT_TIMESTAMP,Phone,2024-11-15,"-----BEGIN CERTIFICATE-----
D4bnnQVKh0AZYL3K3apSVU3Kl2bZa1z6+JNsrXwKJs0w/MCrhqr1xR/sDPu6usGF
-----END CERTIFICATE-----",Mobile,Golden Gate Bridge,2019-02-04
Thursday,"26 20 * * 0,6",Pending,"35 16 * * 0,6",June,4651730995716,2026-06-08 00:05:59,2024-06-04,58.6,2026-03-14T00:00:00Z,Edge,Admin,July,input -> output,Thursday,ADV-ZXY58G4RSA,2020-02-19,Desktop,2018-08-18,Q1 2024,AUD,3.19,Monday,Metformin 500mg,Phone,C6H12O6,2023-06-27,2021-04-08,January,noah.white46,2022-11-20,dbe5384f-977c-42ec-a1d2-b2b7a2392747,2020-01-15,Q7CVSUD3WMAGZ3R0A,2018-03-14,Annual Summit 2023,2020-02-11,Opera,9.29,IoT,2025-08-20,voice_26fab54367632688.wav,2022-07-14,2018-07-22,2.04,307.08,Q4 2024,1991,2018-11-26,Desktop,_ga=7478940140.5014625,33-81,Smart TV,Not recommended.,Q1 2024,https://example.com/users/93960b8a/profile,6.58,2018-09-01,2025-04-04,624515,/var/tmp/batch_372.yaml,WBC: 159.0 K/uL,77-9492403,Medium,2018-11-12,2018-04-22,AWZEBLUDAR2MZ76OO,2024-02-25 22:39:49,2023-07-29,Tablet,false,1.34,5.3,5.69,Bloomberg,"28 5 * * 0,6",Oceania,2012,2.63,Brown,2018-02-18,1 year,82.15,9 7 * * *,0x130c9e7521089ea42052b11c82883ecccf7d5b93,May,00:15:33,January,1990,Smart TV,Non-binary,March,BILL-431190,Firefox,false,2022-10-30,2021-04-23,"59 16 * * 0,6",Email,6.06,IoT,Q1 2020,6011-9304-3857-0487,2023-10-19,Web,$2b$12$vJBVbeHyY967Erq49CO0VJBH1MndZYFh2JqqZR47M00ldJpojCQ8l,Mobile,Desktop,Windows,7.3,2020-03-28,Email,Competitor Catalyst Ventures launched VaultKeeper,raw.events -> exports,2020-2025,"[-0.4766, 2.2938, -0.9179, -1.4684, -0.1107, -0.5328, 0.6942, -0.9372]",2022-07-17,07:08:06,Disabled,November,March,2020-2025,2021-02-13 10:23:59,null,Chat,2023-06-17,"-----BEGIN CERTIFICATE-----
Cwk6FMtSAvlksZIeXTmbo+TEmJ3sfGZO6z8g4Ymy+4T6olnTpQxTQp7dhbmTpwmP
-----END CERTIFICATE-----",Mobile,Big Ben,2021-08-13
Monday,"0 12 * * 0,6",Pending,11 21 * * *,November,9231952774393,2024-10-18T11:29:04Z,2026-05-04,57.6,2019-12-24T00:00:00Z,Edge,Guest,March,input -> output,Thursday,ADV-41FIQHRG6P,2019-07-26,Wearable,2023-09-25,Jan-Mar,EUR,1.6,Thursday,Ibuprofen 200mg,Social Media,C6H12O6,2020-10-06,2025-10-15,January,emily_davis431,2018-03-06,2f7d877f-d4bc-4baa-aee2-5457bbe03f79,2018-02-08,OM2R4V5A6JLBEAKNK,2018-12-08,Tech Expo 2023,2026-11-06,Safari,0.98,Desktop,2022-10-13,voice_a529d6220570e393.wav,2018-03-19,2025-09-17,4.88,274.17,Q3 2024,2015,2024-07-09,IoT,_ga=4070069936.4506443,41-69,Desktop,Average experience.,Q3 2021,https://example.com/users/e1f2fb9c/profile,4.66,2023-10-08,2023-02-01,745321,/var/config/daily_691.log,Hemoglobin: 274.8 K/uL,64-1534752,High,2018-12-21,2025-11-18,CDR3OLC985BIR18CP,2026-04-28T09:36:52Z,2026-01-18,Tablet,false,8.56,0.39,9.11,Eurostat,3 23 * * *,North America,2022,5.27,Green,2026-12-20,30 days,426.41,"15 9 * * 0,6",0xf1df0a6dc3947cec46295178f6cda87646e3aa69,January,08:47:52,September,2014,Tablet,Female,July,BILL-911055,Chrome,YES,2022-01-31,2019-11-22,40 19 * * 1-5,Phone,9.6,Mobile,Q1 2023,3742-3074-1924-3633,2024-11-03,Mobile,$2b$12$BMuxvjsktpzoOlWX4NTRvVcTZ3rjCNhkDzH1EZKoNo4VgUZkYmkfU,In-Store,Smart TV,macOS,5.74,2024-05-29,Email,Competitor Meridian Health launched DataSync 3000,curated.orders -> analytics,Jan-Mar,"[-1.5136, -0.7349, -1.6204, -0.6284, -1.538, -0.1067, 0.0072, -0.4332]",2024-03-24,13:54:05,Disabled,September,October,2020-2025,2018-07-24T19:54:30Z,1,Web,2021-01-02,"-----BEGIN CERTIFICATE-----
KC9rPXPlek2BYXDj2CJqF/KWtxoy3nX64ySNIvUyhOlibUULscpTxCN1sbfqsuHV
-----END CERTIFICATE-----",Smart TV,Big Ben,2020-08-30
Wednesday,7 13 * * 1-5,In Review,51 15 * * *,October,7636290152014,2026-06-14T14:03:31Z,2018-05-30,25.6,2020-08-13T00:00:00Z,Firefox,Admin,October,source_col -> target_col,Tuesday,ADV-DPO46XM4EJ,2020-02-29,Smart TV,2026-08-22,Jan-Mar,BRL,8.33,Thursday,Ibuprofen 200mg,Phone,E. coli,2019-11-08,2026-02-18,August,elizabeth_martin288,2018-01-02,67cf9052-b87a-475b-81b5-5834e456bbee,2022-10-19,UYSG996QAMJ856G3J,2022-04-15,Tech Forum 2021,2022-01-21,Opera,2.94,Tablet,2025-11-14,voice_3176b17d9b45fd2c.wav,2018-03-25,2025-09-29,0.27,127.08,Q3 2025,2016,2022-03-02,IoT,_ga=3073628413.1820421,9-77,Wearable,Average experience.,Q3 2024,https://example.com/users/a28e98ce/profile,6.45,2026-08-14,2026-01-17,298577,/var/config/batch_930.xml,Cholesterol: 228.4 K/uL,87-9904261,Critical,2022-06-04,2020-08-22,VTJPYB6DDJHLV2EFW,2023-11-23T12:39:05Z,2023-11-06,Mobile,false,1.18,2.17,3.92,Reuters,7 0 * * *,Asia,2008,4.81,White,2022-09-12,7 years,467.45,57 2 * * *,0xcd806c82599a85bf67ad154cb718907ed13b4638,May,14:08:10,February,2007,IoT,Other,January,BILL-675588,Edge,YES,2020-08-15,2018-11-09,"45 22 * * 0,6",Social Media,6.19,Tablet,Q4 2025,XXXX-XXXX-XXXX-6070,2025-02-01,Social Media,$2b$12$PLBdj6e0x5tYZGRH5JNVJK6AA23ZEkQsBT6xcqUTgT4SFSaFkFA0L,In-Store,Mobile,Linux,8.47,2025-10-06,Email,Competitor TechCo Industries launched DataSync 3000,raw.users -> analytics,2020-2025,"[0.0897, 0.05, 1.1512, 1.3507, 1.1347, 1.3494, -0.3347, 0.607]",2026-11-22,05:56:45,Active,August,May,Q1 2024,2018-12-17 23:31:24,null,Phone,2021-05-21,"-----BEGIN CERTIFICATE-----
Ra1tJdE3QBdtj0tO6D/A0R6MFj6DpyhAHDUCXhtsmfsuK56iVO2XWNghMejVSR1+
-----END CERTIFICATE-----",Mobile,Eiffel Tower,2018-05-18
Monday,41 2 * * *,Rejected,59 7 * * *,March,6197403022822,2020-04-06T15:05:54Z,2021-06-30,40.7,2024-08-24T00:00:00Z,Firefox,Viewer,April,field_a -> output,Tuesday,ADV-5NE347ZNAT,2025-11-25,Desktop,2019-08-03,Jan-Mar,JPY,9.61,Wednesday,Metformin 500mg,Mobile,Homo sapiens,2022-10-31,2026-02-06,March,jessica_martinez86,2019-10-24,927ac7c3-db35-46bb-a78b-4a4333e28ac4,2023-05-01,4I8R9AC7LXT6P24MW,2020-06-03,Tech Expo 2022,2024-06-06,Chrome,8.61,Tablet,2022-10-03,voice_662608f65c14d732.wav,2024-06-17,2022-03-04,8.43,151.77,Q2 2021,2025,2026-09-04,Smart TV,_ga=5661984654.2629882,16-51,IoT,Great product!,Q1 2024,https://example.com/users/5678a3d1/profile,9.2,2026-06-02,2020-01-28,300780,/var/logs/export_421.xml,Glucose: 211.7 mg/dL,75-3186602,Critical,2026-08-01,2021-04-02,DCK1Y489XRLQSD2B4,2024-10-07T12:35:32Z,2026-05-02,Smart TV,true,3.81,7.56,2.45,WHO,46 20 * * *,Oceania,1995,0.28,Gray,2019-04-07,1 year,679.32,7 10 * * *,0xade800ce27af16627e0d2c0a444f7158d6a86daa,October,04:24:46,September,2002,Tablet,Female,July,BILL-551818,Firefox,NO,2023-01-19,2022-06-19,46 8 * * *,In-Store,5.31,Desktop,Q3 2024,5305-7093-7026-9357,2021-10-06,Phone,$2b$12$3ytGqNHAR0Sx23aPsAMK4swSNDDERFwzynmY85JhTvrltkOpFwNur,In-Store,IoT,Chrome OS,0.32,2024-10-06,Web,Competitor Vertex Technologies launched FlexPay Platform,staging.users -> exports,Q1 2024,"[-0.2891, 0.3976, 1.4668, 1.1236, 0.1712, -0.0823, 1.1738, -0.7877]",2020-06-09,14:58:18,Active,December,February,FY 2025,2025-03-17T17:50:04Z,CURRENT_TIMESTAMP,Phone,2022-12-12,"-----BEGIN CERTIFICATE-----
4Wgj8AG4HFfzZtgTifctiTF5PQ40P5vlNHV+sRVtaqx8A0exFJpDEFaYZkaKmbIK
-----END CERTIFICATE-----",Tablet,Eiffel Tower,2019-12-11
Tuesday,"14 17 * * 0,6",Approved,22 18 * * *,April,0368493672759,2019-10-25T09:08:28Z,2026-01-22,48.0,2024-06-22T00:00:00Z,Safari,Viewer,March,field_a -> target_col,Thursday,ADV-54GK6R9WFU,2018-06-19,IoT,2024-10-31,2020-2025,EUR,0.17,Wednesday,Metformin 500mg,Mobile,E. coli,2018-10-12,2025-02-05,November,jennifersmith256,2024-04-03,bc90f098-5615-47b6-ad89-94ba5ebd7eaa,2022-07-03,OSX2ZO6GUIUOF0V1D,2018-05-18,Global Expo 2020,2022-03-09,Brave,7.62,Wearable,2025-04-29,voice_8f2ac2a45cac9903.wav,2026-03-16,2020-11-11,0.15,252.32,Q4 2026,2016,2019-09-11,Mobile,_ga=8214959095.4081795,49-68,Wearable,Average experience.,Q2 2020,https://example.com/users/b30a45cd/profile,1.2,2023-09-14,2019-11-26,181093,/var/config/batch_571.parquet,Glucose: 93.0 g/dL,32-9476612,High,2020-03-11,2020-05-18,5H841Q5SWHTL6LDMM,2019-06-20T13:39:33Z,2018-10-16,Mobile,false,2.62,5.75,9.72,Bloomberg,"26 9 * * 0,6",Antarctica,1995,9.02,Red,2024-04-27,indefinite,53.53,10 9 * * *,0x168813689e5b769bcc1aff44b97a67b2b6ec16fd,January,05:21:05,April,2011,Tablet,Non-binary,November,BILL-471597,Firefox,false,2024-04-18,2023-12-30,18 6 * * 1-5,Social Media,9.05,Wearable,Q3 2026,4861-8488-8899-2293,2024-12-04,Mobile,$2b$12$CQRjtI2uSG9Jrmqnrh4FlZhhHY34IqUuscEZN0v1cS1a6Ag06qaYj,Chat,Wearable,Chrome OS,5.63,2026-05-12,In-Store,Competitor Skyline Partners launched DataSync 3000,raw.events -> reports,Q1 2024,"[-1.6176, -0.3783, -0.477, -0.4498, 0.7204, 0.8407, -0.8003, 0.6198]",2024-02-07,07:27:45,Inactive,January,February,Q1 2024,2018-10-04 06:24:08,1,Social Media,2026-01-08,"-----BEGIN CERTIFICATE-----
aU9O7nJwNve9udHj+hpnuJIdBysLRcZbks+zPp/AVIpMh1TRDqdKJJ4lnU7VWgvY
-----END CERTIFICATE-----",IoT,Golden Gate Bridge,2019-10-30
Friday,"16 9 * * 0,6",Pending,57 9 * * 1-5,September,7667583622344,2021-02-07 07:28:10,2026-02-10,25.7,2023-02-06T00:00:00Z,Chrome,Editor,July,field_a -> target_col,Wednesday,ADV-A1PQSM1SLJ,2020-10-22,Wearable,2025-09-05,2020-2025,GBP,4.75,Sunday,Metformin 500mg,In-Store,Fe2O3,2022-08-04,2020-06-27,November,john.martin299,2022-07-10,f9f9367c-ab46-44c8-954b-6e3a0bf72b3c,2026-05-12,ER91F6WNNUZRZ9HSL,2021-08-14,Global Expo 2023,2020-11-18,Firefox,0.81,IoT,2025-08-02,voice_df665fc8be789e88.wav,2021-02-15,2023-11-11,6.0,260.5,Q3 2022,2005,2023-04-24,Desktop,_ga=4379923953.9280500,19-52,Mobile,Excellent service.,Q2 2022,https://example.com/users/56f7b327/profile,6.72,2020-03-26,2023-01-10,913737,/var/exports/export_629.json,Glucose: 126.1 mg/dL,28-9931232,Critical,2021-09-25,2026-10-30,ZS8J6O8ESN68WGMKT,2021-10-22T13:10:17Z,2026-05-26,IoT,true,5.19,7.65,1.95,CDC,"49 8 * * 0,6",Oceania,2004,2.85,White,2020-09-03,7 days,939.86,58 17 * * 1-5,0xf96d0be424ba5f7ce597771b96566ce07f3f75c1,December,16:04:46,November,1991,IoT,Non-binary,June,BILL-556727,Brave,true,2022-10-13,2022-11-08,16 4 * * 1-5,Mobile,3.99,Mobile,Q2 2022,XXXX-XXXX-XXXX-4593,2020-08-15,Chat,$2b$12$4CHTrusqd1kwix01bdYklIVnP8LgoPcgsav4XZFrrUcSzcpEuPMUQ,Mobile,Smart TV,Windows,5.75,2026-03-03,Social Media,Competitor Meridian Health launched Sentinel Monitor,staging.users -> reports,Q1 2024,"[1.0924, -0.0206, 0.0278, -0.3568, -0.659, -0.6242, -1.2232, 0.8842]",2019-02-02,07:49:48,Inactive,February,November,2020-2025,2022-07-13 03:10:49,'',In-Store,2022-01-18,"-----BEGIN CERTIFICATE-----
dTqD10eB5tLqUa8+3YZr4GyY/CSd76IR5g5zkKx03Q2ebr8Pvdz7YhAIi41xBMCl
-----END CERTIFICATE-----",Smart TV,Central Park,2026-11-28
Monday,"1 8 * * 0,6",Pending,26 5 * * 1-5,September,1382769891442,2019-11-01 10:54:07,2020-12-14,61.1,2019-05-26T00:00:00Z,Brave,Editor,February,input -> target_col,Sunday,ADV-O6O7OB4YEB,2021-11-22,Wearable,2023-10-26,Jan-Mar,CHF,3.26,Wednesday,Metformin 500mg,Email,E. coli,2019-08-13,2023-08-05,January,ethanlee158,2023-09-27,126c653f-e1b3-49cd-bf5e-84b4d15dd748,2023-12-14,QJBTWF4L2PBDK13R5,2024-01-25,Data Conference 2023,2024-08-23,Edge,1.17,Tablet,2026-04-30,voice_5e09b479dd9dafce.wav,2023-02-12,2024-02-07,7.89,115.14,Q2 2021,2020,2026-12-06,Tablet,_ga=9883589587.9370930,31-90,Mobile,Excellent service.,Q1 2025,https://example.com/users/f52ea715/profile,4.49,2025-01-17,2018-09-28,459426,/var/uploads/daily_950.parquet,Hemoglobin: 100.8 K/uL,33-1703509,Low,2023-01-06,2021-12-14,65YOBT5TYN5ACCB14,2020-06-09 10:59:36,2024-09-18,Wearable,true,6.45,7.2,1.94,CDC,20 23 * * 1-5,Africa,1994,8.55,Blue,2018-08-30,1 year,775.02,"37 10 * * 0,6",0x44dfad18b8fbfad81f83d861e61ab38dd8497b81,October,09:12:40,May,1993,IoT,Female,September,BILL-746405,Brave,true,2021-05-03,2018-10-22,"15 13 * * 0,6",Social Media,6.41,Desktop,Q1 2024,5710-2959-3185-9681,2022-11-02,Web,$2b$12$RSACkKSPoirN1D4zaN5cOpOUMHeViLqJwSsUosfz9tswOmmf947AU,Web,Desktop,Chrome OS,1.43,2020-03-08,Phone,Competitor Alpine Systems launched VaultKeeper,curated.events -> reports,Jan-Mar,"[0.6981, -0.3235, -0.2409, 0.7924, 1.183, -1.5717, -0.6974, -0.0937]",2022-11-24,03:37:48,Inactive,August,February,H2 2023,2019-11-20 15:49:27,CURRENT_TIMESTAMP,Email,2026-02-10,"-----BEGIN CERTIFICATE-----
2SuBQCMTvgjcA4IUHxKz5tsO6ZgXZINSQXBdfQDE8vBCLWLXWwx3daQiL4j+DnvN
-----END CERTIFICATE-----",Wearable,Big Ben,2019-07-26
Thursday,55 7 * * 1-5,Rejected,"17 21 * * 0,6",January,2906173373906,2024-11-13 15:20:32,2025-11-20,55.9,2024-03-13T00:00:00Z,Safari,Viewer,August,source_col -> field_b,Friday,ADV-PGYNWD8VVE,2021-08-24,Tablet,2019-07-26,Q1 2024,USD,8.64,Friday,Albuterol 90mcg,Email,Homo sapiens,2018-10-30,2020-11-24,August,harpertaylor475,2025-05-24,9eab10a6-cd36-4f4d-abd7-14dee5f516e8,2023-10-15,2NA7YRV5B88EX1LXG,2023-06-07,Data Conference 2024,2024-04-17,Chrome,7.84,Desktop,2020-02-05,voice_eb275b8597e2b55e.wav,2018-04-20,2022-05-13,2.43,129.87,Q3 2026,1993,2019-10-26,IoT,_ga=2144747219.4865028,12-77,Tablet,Not recommended.,Q3 2025,https://example.com/users/b3c0808a/profile,4.01,2020-01-12,2019-05-08,444094,/var/uploads/batch_512.parquet,Glucose: 73.5 g/dL,72-2775496,Critical,2026-07-05,2021-08-22,GJIBPH28C06PW2PJP,2024-09-22 20:30:47,2026-03-04,Smart TV,false,3.81,1.11,2.75,Census Bureau,25 0 * * 1-5,South America,1992,2.33,Brown,2026-06-05,7 days,174.94,28 11 * * 1-5,0xd40639b1474f972d68e18af6a2c52819dc1d5a6a,December,02:26:48,October,2012,Desktop,Female,March,BILL-532072,Firefox,NO,2019-10-03,2026-09-06,"23 4 * * 0,6",Web,8.0,Desktop,Q3 2023,XXXX-XXXX-XXXX-2640,2026-06-26,Email,$2b$12$XtGL0WkrwpvtAJimko8SjGPtU1aOU3wIN4CnXxYM3e0iA8AiTyy2T,Email,Desktop,macOS,3.68,2024-09-06,Social Media,Competitor DataCraft Inc launched FlexPay Platform,curated.orders -> exports,2020-2025,"[1.2083, 0.2627, 0.8547, -0.614, 0.5523, 1.0754, 0.2807, 0.8189]",2023-10-23,16:25:27,Inactive,December,May,2020-2025,2026-04-13 02:00:48,null,Web,2020-01-16,"-----BEGIN CERTIFICATE-----
3huEyrlzECIEjQEvx163AECC9iX/9pVfMZM+yIAFiqrNexWqt+PG6g/Pac1mRrV1
-----END CERTIFICATE-----",Wearable,Eiffel Tower,2026-10-19
Friday,"6 9 * * 0,6",Rejected,20 4 * * *,January,7501239417352,2018-10-04T22:47:14Z,2019-09-05,69.1,2019-02-02T00:00:00Z,Chrome,Viewer,January,field_a -> target_col,Thursday,ADV-ONM74RWQ5U,2018-06-23,Desktop,2022-10-05,2020-2025,EUR,2.52,Wednesday,Lisinopril 10mg,Email,Homo sapiens,2026-01-25,2024-03-10,May,william.thompson851,2022-07-10,b6695294-8c15-4b63-9047-9fafd33da1c1,2024-03-10,YGT74M5M32TATOHTT,2020-01-24,Tech Conference 2025,2018-12-20,Chrome,5.39,Tablet,2021-03-20,voice_36438b9ae9f96449.wav,2026-09-20,2020-04-07,9.13,344.46,Q3 2026,1995,2026-12-05,Wearable,_ga=1142406359.6563386,30-58,Tablet,Great product!,Q2 2025,https://example.com/users/050ebf36/profile,6.25,2019-01-18,2021-07-06,814316,/var/exports/export_364.log,Hemoglobin: 156.3 mg/dL,75-3924145,Medium,2021-09-12,2019-09-29,BN0GQIW7YUV4LMJVR,2023-05-18 09:07:20,2024-03-25,Desktop,false,0.56,8.15,0.16,CDC,15 22 * * *,Oceania,1997,3.56,Brown,2022-09-23,indefinite,984.17,28 20 * * *,0xf3936ea937bb33e081b89d2e24fbd0d315f58a3d,September,06:46:11,September,1997,Wearable,Male,October,BILL-848506,Brave,false,2020-06-14,2025-12-15,38 14 * * 1-5,In-Store,8.39,Desktop,Q4 2021,5408-9086-3040-2304,2025-04-06,Chat,$2b$12$pJ1YwzBgoyQRbtr5u7iY3ZKtreNMMuFTfR3MmBkbKEXULqDgkgla4,Mobile,Mobile,iOS,3.08,2023-02-21,Social Media,Competitor Quantum Dynamics launched Sentinel Monitor,raw.events -> exports,Q1 2024,"[-0.4413, 1.2756, 1.3604, 0.2049, -0.6171, -0.5548, 0.9397, 0.8347]",2026-03-02,16:13:12,Inactive,August,January,Jan-Mar,2020-07-05T08:13:07Z,CURRENT_TIMESTAMP,Mobile,2020-03-15,"-----BEGIN CERTIFICATE-----
mmT1AcFhsnDawSpbKWceQzzj/6CLrlz4KT4AX4zUA2l6z070IAA43iF6AWVwPwOo
-----END CERTIFICATE-----",Tablet,Big Ben,2020-12-07
Sunday,5 11 * * 1-5,Pending,56 1 * * 1-5,July,1738574859943,2019-11-26 09:57:53,2026-10-08,87.5,2019-09-14T00:00:00Z,Chrome,Admin,August,source_col -> output,Wednesday,ADV-F2VD0DXL21,2025-01-26,Tablet,2018-03-14,2020-2025,CNY,1.32,Monday,Omeprazole 20mg,Mobile,C6H12O6,2025-03-23,2019-05-02,December,sophia_lee739,2023-05-14,0bdc88f1-470d-4d30-ae60-b79b186e5b53,2018-05-31,QGYA27H6PLST4YYIC,2026-09-16,Global Forum 2026,2026-08-13,Edge,0.46,IoT,2018-08-04,voice_7fa10b0779ac26d5.wav,2021-10-03,2025-03-10,8.97,311.55,Q1 2025,1990,2020-08-21,Wearable,_ga=9462998727.7726205,48-82,IoT,Average experience.,Q4 2025,https://example.com/users/88c1ebd4/profile,0.17,2023-08-14,2022-04-21,715385,/var/uploads/export_340.log,WBC: 252.0 g/dL,21-5778567,Negligible,2020-10-09,2020-09-24,RM11144C69MXNPTMW,2023-05-15 23:33:25,2018-10-02,Desktop,true,2.6,4.32,1.78,CDC,11 23 * * *,Africa,2005,1.02,Orange,2025-06-23,7 days,470.42,39 13 * * 1-5,0x691f194afeafb20517acc292bf33ff0c2b7e9fc1,May,08:24:47,February,2015,Wearable,Male,January,BILL-695443,Safari,true,2022-07-11,2025-01-02,"39 20 * * 0,6",Email,2.87,Smart TV,Q1 2023,6011-1196-2811-3996,2019-03-12,Phone,$2b$12$S8uswOZS8x1uSaUz54IMrCyYtKqbazoWxQDUYxGi4RHCHET5Gj3Mv,Web,Tablet,Chrome OS,7.71,2018-10-09,Chat,Competitor Meridian Health launched VaultKeeper,staging.users -> reports,FY 2025,"[-0.3557, 0.8375, -0.1991, 1.1462, -0.6518, 0.4608, -0.5165, -0.491]",2026-02-01,18:19:33,Active,May,December,Q1 2024,2026-02-09T08:45:01Z,false,Phone,2026-12-24,"-----BEGIN CERTIFICATE-----
zyUUChJTWcayu0EKixp1rI3WUGMUjkSp2cXW+0q0zr2+FRsR8GTTk0AhO94nQKzU
-----END CERTIFICATE-----",Tablet,Eiffel Tower,2019-06-16
Tuesday,21 9 * * 1-5,In Review,"32 12 * * 0,6",March,3784327374548,2021-07-12T06:34:47Z,2019-07-02,62.2,2018-09-01T00:00:00Z,Safari,Guest,January,input -> field_b,Saturday,ADV-2V1XQSUFVG,2018-01-17,Tablet,2025-04-22,FY 2025,AUD,6.77,Friday,Albuterol 90mcg,In-Store,Homo sapiens,2022-04-02,2023-02-19,June,amy_miller751,2021-05-13,cf2a3875-ec76-4973-8de5-dc46fafa8ca9,2024-02-18,5MYQ3YGNSA03U9RZH,2018-05-16,Annual Conference 2022,2024-05-01,Chrome,9.3,Mobile,2020-11-12,voice_8982f87f51486ba6.wav,2025-01-12,2019-10-06,8.62,334.09,Q2 2025,1995,2019-11-11,Smart TV,_ga=1618505398.2266166,32-84,IoT,Excellent service.,Q2 2021,https://example.com/users/ce1879b0/profile,0.61,2021-08-17,2020-06-22,587198,/var/data/daily_417.csv,WBC: 216.4 g/dL,98-4886906,Medium,2019-12-28,2020-02-19,MO6F3HF4J5BCMQ6RU,2020-12-28 11:08:42,2024-11-19,Smart TV,false,3.02,5.38,8.46,CDC,"44 0 * * 0,6",North America,2000,4.25,Blue,2022-07-22,7 days,755.28,0 0 * * *,0xc1cda65f81259018fd1a96f98a7b66b755b4d025,May,20:21:07,August,1990,Wearable,Female,June,BILL-300846,Firefox,false,2022-08-10,2026-02-08,26 3 * * *,Chat,0.44,Smart TV,Q2 2023,XXXX-XXXX-XXXX-9957,2026-10-01,Mobile,$2b$12$xV9edUvq8lgbNSVNyCfSuBpxEeklUeSH5C2bdueVdpw69SaD6SgY5,Chat,Desktop,Android,3.35,2025-10-29,Email,Competitor Skyline Partners launched AuditTrail Plus,staging.events -> reports,2020-2025,"[-0.4568, -0.7504, 1.4062, 0.6358, 0.2765, 0.8473, 0.0482, -0.0032]",2024-02-25,05:49:48,Inactive,October,March,Q1 2024,2026-03-24T02:29:44Z,1,Email,2022-01-31,"-----BEGIN CERTIFICATE-----
3NNnNarGeHHaZOcUzgT/z0c5yX8Rl1fFin8rm9EGFpIsheB2s0Aysd41aH+CIKbs
-----END CERTIFICATE-----",Mobile,Golden Gate Bridge,2020-05-31
Monday,59 17 * * *,In Review,25 15 * * *,September,6644008491845,2026-10-12 15:07:26,2018-01-15,71.7,2021-01-08T00:00:00Z,Safari,Guest,April,source_col -> field_b,Monday,ADV-WXHBTLFUFB,2022-05-21,Mobile,2018-04-04,2020-2025,JPY,0.14,Thursday,Lisinopril 10mg,Web,H2O,2023-07-31,2020-12-25,February,sarah.smith944,2026-10-18,1ea8daf5-3920-4c73-a32b-ee58e25a5493,2018-01-18,J5CY5VFPH97HTPYFZ,2021-07-06,Tech Conference 2025,2018-01-01,Safari,7.61,Smart TV,2025-04-02,voice_42708e9db9533f8e.wav,2022-12-19,2025-12-30,7.39,193.4,Q3 2023,2020,2019-05-20,IoT,_ga=3035450112.1907256,5-86,Tablet,Needs improvement.,Q4 2022,https://example.com/users/15b25b2f/profile,9.99,2022-05-30,2019-08-14,333563,/var/logs/daily_656.parquet,Hemoglobin: 192.9 g/dL,33-5966742,High,2018-11-04,2023-01-07,S8H0559WBDUI8DMMW,2023-09-08 09:36:01,2026-04-07,Mobile,false,5.84,0.36,4.07,Census Bureau,11 13 * * 1-5,Europe,2001,5.76,Black,2019-05-19,7 years,735.27,44 13 * * *,0x7a83246e63606161111969304eadc4ad269aa101,August,21:49:50,February,2015,Desktop,Other,September,BILL-457441,Safari,false,2022-05-14,2025-12-08,20 10 * * 1-5,Web,1.81,Desktop,Q4 2024,6011-6257-4393-0213,2020-09-06,Phone,$2b$12$O7zeY3c0UXtybftyvAIg7mPm4aYWsZqmbPdMeeZHD0mBCyprFLNOY,Chat,Mobile,Windows,4.47,2025-01-26,Social Media,Competitor Quantum Dynamics launched DataSync 3000,staging.users -> reports,Jan-Mar,"[-2.0794, 1.101, 0.1819, 0.5488, 0.6317, 0.2892, -2.1486, 0.2728]",2024-02-24,02:46:26,Inactive,May,November,FY 2025,2026-05-17 10:04:00,CURRENT_TIMESTAMP,Phone,2025-01-09,"-----BEGIN CERTIFICATE-----
WPrQfdBnbbT7Ho2fzjaDTzwXyqZPg+IBOJle5DWNcMP6njRrrTQa2P+o3JlP/qC8
-----END CERTIFICATE-----",Smart TV,Eiffel Tower,2026-12-21
Wednesday,22 7 * * *,Approved,"9 2 * * 0,6",April,0567778467237,2020-02-11T05:07:14Z,2025-02-16,86.6,2018-03-25T00:00:00Z,Edge,Owner,November,source_col -> field_b,Sunday,ADV-8DYNHD0IL9,2020-03-10,Mobile,2021-01-31,FY 2025,CAD,2.66,Monday,Ibuprofen 200mg,Phone,C6H12O6,2020-05-22,2020-09-19,April,harper.anderson827,2021-01-29,d1239ef9-3c03-42e7-84ca-d2354c260d4c,2018-02-11,65FFHC2GZVRA1FMZW,2026-04-19,Tech Forum 2022,2022-12-04,Edge,8.4,Smart TV,2025-10-30,voice_0addac6c72fa54b7.wav,2025-05-18,2018-12-05,8.13,73.78,Q1 2026,2013,2024-04-26,Smart TV,_ga=9808398096.5802902,7-86,Smart TV,Great product!,Q1 2024,https://example.com/users/5796fb37/profile,7.84,2023-02-19,2026-08-27,631404,/var/exports/daily_942.xml,WBC: 167.3 g/dL,11-3535307,Critical,2019-07-21,2022-07-15,J657PA60N3160X4AO,2021-06-02 18:49:59,2023-02-21,Smart TV,false,6.74,1.29,1.26,CDC,24 13 * * *,South America,2006,4.28,Green,2020-02-07,1 year,466.04,5 18 * * *,0x30b16aa9c5787090c7dbea8686857eeb90733052,November,23:06:47,June,2004,IoT,Non-binary,September,BILL-363072,Chrome,true,2020-05-01,2018-08-28,49 2 * * *,Mobile,6.71,Tablet,Q2 2023,5954-7345-2802-1620,2026-02-17,Social Media,$2b$12$USiySeXVHyeD11WJpkleMW0WhY5xJ0EpHJGh1vOpsePO8g0WfHR4U,Social Media,Smart TV,Linux,5.56,2021-03-13,Mobile,Competitor Quantum Dynamics launched Sentinel Monitor,curated.users -> exports,FY 2025,"[1.7136, 0.8981, -0.4489, 0.6507, -0.7182, 0.9402, -1.6334, 0.5503]",2020-02-08,17:30:00,Inactive,December,June,Jan-Mar,2019-10-06 06:15:46,1,Social Media,2018-07-10,"-----BEGIN CERTIFICATE-----
Xbyag6kKQSr8EdzwZ8pYVXRe5OmUKAxUrzFTbeCcFs/+nY84o88S3b6Ma6Gk6uAQ
-----END CERTIFICATE-----",IoT,Golden Gate Bridge,2019-12-27
Thursday,"34 11 * * 0,6",In Review,22 17 * * 1-5,July,9176482686355,2024-12-14T21:54:19Z,2023-11-29,23.9,2023-11-18T00:00:00Z,Brave,Editor,August,input -> field_b,Saturday,ADV-AYKNZRWN7Y,2019-04-02,Mobile,2026-05-22,FY 2025,INR,4.32,Saturday,Metformin 500mg,Email,H2O,2019-02-22,2019-01-26,July,amyjones605,2025-03-12,47eddd98-d8bd-4995-9fa1-3ef2c8ee33c5,2020-03-22,VHUVBHLNU6IF94R7V,2022-10-15,Data Summit 2020,2026-08-28,Opera,4.93,Tablet,2019-09-12,voice_2079e614d35a8cdc.wav,2018-09-21,2025-05-25,8.61,90.93,Q3 2020,2022,2019-01-13,Wearable,_ga=8826304934.8385195,47-78,Smart TV,Not recommended.,Q1 2020,https://example.com/users/80164deb/profile,2.61,2024-03-02,2023-04-16,281063,/var/uploads/daily_705.json,WBC: 174.4 K/uL,10-9060556,Critical,2021-08-07,2018-03-01,KKVWHAA16UFEP1ZCT,2024-03-10T08:07:53Z,2025-11-12,Smart TV,true,8.98,2.54,2.13,WHO,32 15 * * *,Antarctica,1996,4.67,Black,2024-08-22,7 days,600.91,"47 19 * * 0,6",0xefd3b1d79b4fa93b6de2282ae0bf3a0f44a415a7,June,12:04:08,February,2005,IoT,Other,October,BILL-128065,Brave,true,2025-10-05,2018-01-25,23 22 * * 1-5,Social Media,4.44,Smart TV,Q2 2026,3760-3304-5873-8476,2026-12-08,Email,$2b$12$yP8Xc9t6A8EufFcfmdiIQPQ9PmeoAXRmihVn7dfSkxzVoBvh3HVN2,Email,Desktop,Linux,6.11,2019-08-07,Social Media,Competitor Pioneer Software launched FlexPay Platform,curated.users -> exports,Q1 2024,"[1.1824, 1.1138, -1.0273, 0.0594, 2.3271, -0.8392, -0.8721, -0.8805]",2025-04-08,11:34:01,Active,December,September,Q1 2024,2023-08-04T19:49:12Z,false,In-Store,2019-03-26,"-----BEGIN CERTIFICATE-----
X10m9gvQP5twAnWzV167hXO/Q6d9TZhLWypVWePOBY3hg449D2DpK6doEZ+KVyUT
-----END CERTIFICATE-----",Mobile,Golden Gate Bridge,2019-03-04
Sunday,31 11 * * 1-5,In Review,51 11 * * *,July,3613767398136,2026-12-07 02:30:19,2021-08-05,27.9,2024-03-10T00:00:00Z,Firefox,Viewer,July,source_col -> field_b,Tuesday,ADV-FQALUFXE9A,2021-12-26,Mobile,2020-09-04,H2 2023,CHF,1.69,Monday,Albuterol 90mcg,Chat,Fe2O3,2022-08-06,2023-02-26,May,mason.garcia949,2026-06-09,ddbbfb11-1fc3-4082-bc53-f5a6d4a5ac81,2020-08-17,6W2C6NJFRXY8H7SWU,2020-10-10,Tech Expo 2020,2019-05-31,Safari,1.79,Smart TV,2023-02-18,voice_61dfc7c7b2ed6ce8.wav,2019-04-23,2018-06-09,6.92,153.97,Q1 2024,2002,2020-04-17,Tablet,_ga=0560941055.8614066,6-93,Tablet,Great product!,Q4 2025,https://example.com/users/c09462ba/profile,8.49,2025-12-12,2023-10-25,414170,/var/uploads/batch_759.json,Glucose: 289.7 mg/dL,27-6105237,Negligible,2022-04-02,2025-05-14,MBKKE3DORZWTQQE29,2021-05-26 23:21:23,2026-10-27,Wearable,true,5.7,9.41,4.12,Bloomberg,3 2 * * 1-5,South America,2014,7.49,Purple,2019-01-29,7 days,907.33,14 0 * * *,0xb3ff1f31c0ea2cd1c2448076404551d035c95e54,July,21:07:48,April,2012,Tablet,Other,March,BILL-568374,Safari,true,2021-07-13,2021-12-22,45 19 * * *,Email,4.25,Desktop,Q1 2024,5969-6298-0760-5684,2026-02-12,In-Store,$2b$12$3fz71sg7TFmu7j379Q5zTpQTbivEuhI4pPhtYmyKB2s2TNgO1CXrJ,Email,IoT,iOS,7.79,2022-10-04,Email,Competitor Vertex Technologies launched FlexPay Platform,raw.events -> exports,2020-2025,"[-1.0832, -1.4068, 1.7386, -0.1383, 1.9721, 2.6471, -0.2054, -0.7413]",2021-12-20,11:13:24,Active,August,December,2020-2025,2021-04-20 17:42:30,null,Email,2019-08-31,"-----BEGIN CERTIFICATE-----
jRVmrYaR/0lYZbNBAR0/i8Dz0JpNNHas8zYPvfFB2CxW+6Y6Dg9IL63qEb+q1ljX
-----END CERTIFICATE-----",Tablet,Golden Gate Bridge,2023-01-12
Wednesday,27 17 * * 1-5,Rejected,42 21 * * 1-5,November,7754407055143,2023-06-15 10:37:06,2026-06-03,57.1,2025-06-10T00:00:00Z,Chrome,Viewer,October,source_col -> output,Wednesday,ADV-A41TMA8POF,2025-07-01,IoT,2022-09-29,H2 2023,CHF,0.27,Monday,Omeprazole 20mg,Mobile,Homo sapiens,2024-08-31,2021-08-21,May,lindalee895,2023-03-08,549280f6-d3c0-4ed8-a0d3-ebb6113204e9,2020-01-11,60QPXPVYXZ280NFBS,2026-01-21,Annual Summit 2024,2024-07-21,Firefox,3.73,Desktop,2023-06-16,voice_e001075a02ff25e0.wav,2021-10-25,2020-04-19,2.62,169.1,Q4 2026,1997,2019-12-14,Mobile,_ga=2116980719.3864270,34-86,Mobile,Great product!,Q1 2026,https://example.com/users/7cc086f5/profile,5.88,2018-07-01,2025-11-08,620833,/var/tmp/daily_817.log,Cholesterol: 57.3 mg/dL,62-9720950,Low,2018-03-31,2023-12-16,H1BBNMLV90WFLYKYL,2025-08-28 08:11:13,2021-04-17,IoT,false,1.39,4.22,6.66,Census Bureau,"13 10 * * 0,6",Europe,2002,0.86,White,2020-06-04,7 years,480.27,"39 19 * * 0,6",0x3582274cf24fd0371f42f7eed2a4787719888dc0,January,20:36:54,November,1997,Mobile,Other,July,BILL-753726,Safari,true,2019-05-07,2026-09-14,21 18 * * *,Chat,4.96,Wearable,Q4 2024,XXXX-XXXX-XXXX-2939,2018-06-24,Mobile,$2b$12$uf0lJEEUKfdk0KVkNrM9kDzCp8lqmu2i6ouewAiP9kclS91P3TbAs,Chat,Tablet,Windows,0.81,2020-02-03,Chat,Competitor Quantum Dynamics launched VaultKeeper,raw.events -> exports,H2 2023,"[0.3524, 2.9542, 0.9939, -0.2102, -0.1359, -0.3081, -0.6796, -0.8486]",2025-11-01,14:55:42,Active,June,June,FY 2025,2023-12-18 17:22:43,1,Email,2018-05-03,"-----BEGIN CERTIFICATE-----
VIi7y7QRxxcyfWw/4AngEq0A8HdNobDzhUvpVxz32O/4R34eLMH0zat29tkG685X
-----END CERTIFICATE-----",Mobile,Statue of Liberty,2023-12-07
Wednesday,32 22 * * *,Approved,8 4 * * *,February,8105847717541,2021-04-26T09:44:45Z,2022-08-17,94.2,2021-01-17T00:00:00Z,Opera,Owner,July,source_col -> output,Saturday,ADV-K9Q1S9IUHW,2025-11-08,Mobile,2022-06-10,Jan-Mar,JPY,3.0,Thursday,Metformin 500mg,Phone,H2O,2023-06-28,2026-11-12,October,harperthompson755,2024-05-09,9e8ecd2e-3d80-420c-954d-06046995b4a2,2022-10-06,948E17KH6DGE1JPLW,2023-04-14,Tech Expo 2022,2018-02-27,Opera,5.45,IoT,2026-06-21,voice_9b8a23902b98bde6.wav,2019-09-14,2024-10-18,8.28,11.32,Q3 2025,2023,2019-09-13,Mobile,_ga=9283512800.4326467,3-72,Mobile,Average experience.,Q3 2024,https://example.com/users/970fc3fc/profile,3.33,2026-09-20,2025-12-27,685671,/var/exports/batch_283.json,Hemoglobin: 263.3 mg/dL,30-4433360,Negligible,2025-01-07,2019-08-14,P0L1958NKP9A329CD,2022-02-21 00:46:02,2023-07-17,Mobile,true,1.28,1.33,6.66,CDC,"32 18 * * 0,6",Africa,2005,1.66,Gray,2020-01-04,indefinite,243.35,56 6 * * 1-5,0xaccc42842b7520956ea7155ee7a3844d0cc6e97b,October,02:13:54,June,2010,Mobile,Female,November,BILL-268591,Opera,false,2019-07-13,2020-03-06,24 16 * * 1-5,Phone,1.19,Mobile,Q2 2026,XXXX-XXXX-XXXX-7331,2025-10-28,Social Media,$2b$12$i4NqQe9n9yJJVWLoqmgQgjkbYxhNrZKlF0jhM50RrZdSqROPB2zGp,Web,Desktop,macOS,1.97,2026-08-14,Mobile,Competitor Vertex Technologies launched VaultKeeper,staging.users -> reports,Jan-Mar,"[0.4768, 1.0914, -0.0333, 0.8111, -0.1051, -0.3583, -0.1381, 0.915]",2019-07-18,05:01:57,Inactive,May,March,Jan-Mar,2021-03-24T12:28:30Z,CURRENT_TIMESTAMP,Email,2023-10-29,"-----BEGIN CERTIFICATE-----
H5OCbaW0CUy0AuldkF5iR8eaGoS6tSm68ocDdrNNSEu5jFuybvVxQxqFpFJJ/+6b
-----END CERTIFICATE-----",Smart TV,Big Ben,2021-05-27
Saturday,3 4 * * 1-5,Pending,6 17 * * 1-5,February,8644862646792,2024-08-04 02:10:47,2025-06-21,31.1,2019-12-13T00:00:00Z,Brave,Owner,January,field_a -> output,Tuesday,ADV-OIYZ86UMDX,2020-09-02,Mobile,2026-11-23,Jan-Mar,JPY,1.35,Monday,Albuterol 90mcg,Mobile,E. coli,2023-07-21,2020-05-16,June,mary.white631,2019-05-23,d48bc98b-15c2-4625-b84b-4796caa71ddf,2023-05-04,65LP34XVZMC59CYMV,2020-02-15,Global Expo 2025,2021-01-08,Chrome,1.81,Desktop,2021-01-23,voice_46e71fce1a6e0edd.wav,2022-09-08,2021-08-26,1.44,53.8,Q4 2024,1998,2018-05-17,Desktop,_ga=1341409434.5575993,50-89,Smart TV,Average experience.,Q2 2025,https://example.com/users/d1d725a1/profile,7.03,2026-07-02,2018-10-27,149223,/var/data/batch_93.parquet,Cholesterol: 79.4 K/uL,86-1886049,Low,2021-07-21,2023-04-29,A1IM0ZK5VS2ZB8T4C,2026-05-27 21:01:08,2025-09-29,IoT,false,2.68,4.86,2.88,Census Bureau,21 8 * * *,Africa,1994,1.72,Yellow,2021-01-29,30 days,238.16,28 23 * * *,0x13ae765409d7d51dde625c88c1a7d6bae07fb7f4,February,01:12:08,November,1994,Smart TV,Other,July,BILL-325391,Firefox,YES,2021-02-08,2019-07-29,"39 8 * * 0,6",Chat,5.76,Wearable,Q3 2025,6011-7232-5878-2825,2025-11-12,In-Store,$2b$12$oD7aedM4IQhceMtb4Nt39LyXOrMAdi0m6fptxTqjbzz51ClKS5KqO,Social Media,Desktop,iOS,0.93,2025-10-14,In-Store,Competitor Quantum Dynamics launched Widget Pro,raw.orders -> exports,Jan-Mar,"[-2.1331, -1.0438, -0.3526, -0.3925, 2.2803, 0.3138, -0.1044, 0.329]",2026-06-17,01:56:49,Inactive,October,July,2020-2025,2022-06-21 20:37:37,0,Phone,2018-02-05,"-----BEGIN CERTIFICATE-----
aGdV8iIaKyPRVViyH9EsyYY3Anqm4jf169aPxZbFIU1SJwstcr+jYfDW34LFkuDb
-----END CERTIFICATE-----",IoT,Eiffel Tower,2025-12-26
Friday,21 12 * * *,In Review,2 16 * * 1-5,September,8202160826877,2021-03-23T15:33:53Z,2022-06-01,90.7,2020-01-05T00:00:00Z,Chrome,Editor,February,field_a -> output,Thursday,ADV-MO2ENOSVQZ,2025-04-08,Smart TV,2018-11-21,Q1 2024,JPY,1.92,Wednesday,Lisinopril 10mg,Web,E. coli,2024-10-21,2023-05-14,October,liam.miller721,2020-02-26,63f8db7d-5591-4f04-ad0a-ac3cd7a62c45,2026-07-18,ZY10XYEPQP9WQESCG,2026-06-24,Global Conference 2022,2022-03-27,Chrome,8.07,Wearable,2024-11-24,voice_68b2e45a283b196e.wav,2021-01-14,2018-09-02,8.92,235.23,Q3 2020,2006,2018-07-16,Tablet,_ga=6062612845.4656402,31-85,Tablet,Needs improvement.,Q2 2022,https://example.com/users/0f2e78ca/profile,7.79,2026-08-14,2018-07-15,589197,/var/exports/batch_85.json,Hemoglobin: 141.0 mg/dL,59-8118651,Low,2022-02-10,2026-05-05,7BUGYYFYJNLZ3SLGH,2019-10-19 17:16:20,2025-10-30,Tablet,false,4.99,1.68,3.39,CDC,36 14 * * *,South America,1996,0.57,Blue,2019-09-24,30 days,212.19,23 20 * * *,0x28ad23aafac5294ed6af92700ac8d9ada71ee535,January,17:37:13,June,2023,Mobile,Female,December,BILL-326962,Brave,YES,2022-10-21,2024-02-12,"26 5 * * 0,6",Social Media,1.53,Wearable,Q3 2025,5191-0360-8736-0164,2026-03-20,Chat,$2b$12$LNfuOy9Tvo2NHrnmydanPwrOoKt234ykbUksCkgZpry9FPkxHrwiD,Web,Tablet,Linux,4.13,2019-11-30,Email,Competitor DataCraft Inc launched StreamLine ERP,staging.users -> exports,Jan-Mar,"[-1.1998, -2.0102, 0.4411, 0.794, -0.9527, 0.7163, -0.1058, 1.3916]",2020-11-08,11:17:13,Disabled,September,June,Jan-Mar,2025-12-07T10:10:05Z,null,Mobile,2018-07-14,"-----BEGIN CERTIFICATE-----
S3obTXdt3RXhphjFb8tcX2RDS5idYffwtzeEBPsBO4hZ09eqKxRv8wlxJG90PkJw
-----END CERTIFICATE-----",Desktop,Central Park,2019-07-08
Sunday,4 8 * * 1-5,In Review,20 3 * * 1-5,January,8608625378954,2023-02-04 03:35:49,2022-09-18,44.6,2018-06-07T00:00:00Z,Edge,Owner,June,input -> target_col,Sunday,ADV-AJLA8SK7NX,2021-12-27,Desktop,2020-02-28,Jan-Mar,CNY,3.9,Wednesday,Albuterol 90mcg,Mobile,C6H12O6,2023-08-12,2020-03-01,March,patricialee997,2026-01-09,2990a253-7396-4a6f-975b-7b4a5e17f3ab,2022-11-10,3LXH8DN1Q9JTLSIXB,2020-09-05,Data Forum 2021,2026-01-27,Firefox,8.36,IoT,2021-12-03,voice_219bf2170bd5c7ba.wav,2024-08-22,2019-01-11,3.18,96.45,Q1 2020,2022,2020-11-16,Smart TV,_ga=3588122951.8675978,10-61,Desktop,Needs improvement.,Q4 2020,https://example.com/users/8ca9a2dc/profile,5.08,2025-08-15,2024-02-29,951737,/var/config/export_305.parquet,Glucose: 229.1 g/dL,98-7791560,Medium,2021-12-10,2023-10-09,UMSY7KA5LA6PK98AY,2018-01-24T19:55:17Z,2018-09-21,Smart TV,false,9.49,6.87,1.39,CDC,17 5 * * 1-5,Oceania,2025,1.2,Red,2020-09-10,7 years,442.86,0 1 * * 1-5,0x20f04803da039f981e8402928baa909fccf10907,January,07:40:15,August,1996,Smart TV,Non-binary,February,BILL-861163,Edge,true,2025-08-20,2025-06-19,22 0 * * 1-5,Chat,7.15,Desktop,Q2 2021,6011-3751-1593-7276,2026-03-14,In-Store,$2b$12$cGvxMEgiMp0iXifvAdqobttaJ1Kmrk5eAM1bUfyK3hbXe7wO6ij21,Social Media,Wearable,Windows,6.86,2019-10-12,Phone,Competitor Pacific Research Group launched DataSync 3000,staging.orders -> reports,Q1 2024,"[0.0678, 0.3059, -0.1024, -1.0415, -0.8404, -1.0532, 0.8574, -1.3654]",2024-11-02,20:47:54,Disabled,August,February,2020-2025,2024-04-12 11:24:03,1,Phone,2024-02-04,"-----BEGIN CERTIFICATE-----
gxqZH1AeSWiZQ9A/yPp9xbcVDxmhri/N0E0k+RN9r7UZ6BDZKOTR8QOdhTR8Vwgj
-----END CERTIFICATE-----",Mobile,Eiffel Tower,2018-08-05
Tuesday,"7 23 * * 0,6",In Review,33 20 * * 1-5,July,1312789986644,2019-07-05 04:03:02,2019-12-10,86.9,2026-05-02T00:00:00Z,Brave,Owner,April,input -> field_b,Friday,ADV-8V17NHYA5Y,2020-07-20,IoT,2020-06-01,Jan-Mar,CNY,9.92,Sunday,Metformin 500mg,Chat,E. coli,2020-12-20,2025-07-22,August,robertwright425,2026-07-14,404ba321-da8c-4f82-aa8c-11e0ab33160e,2018-05-15,OGMQMMPUOC20UZO1F,2023-10-31,Data Expo 2023,2018-07-24,Edge,2.3,Mobile,2025-12-04,voice_e90cbd4d5506a716.wav,2021-02-28,2018-11-08,8.84,92.64,Q3 2020,1995,2024-08-22,Tablet,_ga=8195703180.5496333,26-80,IoT,Not recommended.,Q4 2025,https://example.com/users/236c49a9/profile,8.79,2020-08-09,2026-04-13,484475,/var/uploads/export_113.parquet,Cholesterol: 73.3 g/dL,37-2521843,Low,2025-03-24,2025-04-14,IX03M53BCVLLS1S00,2023-02-23T07:19:27Z,2018-04-12,Smart TV,false,7.45,0.3,9.01,Reuters,"2 16 * * 0,6",South America,1991,5.71,Gray,2025-05-22,indefinite,718.78,"0 22 * * 0,6",0x744b01c4f4f1b0d918d21571492253f6650a40de,August,14:24:49,August,2026,Mobile,Other,September,BILL-977714,Chrome,false,2022-02-01,2025-04-17,28 3 * * 1-5,In-Store,3.23,Wearable,Q3 2023,4680-0888-5659-3598,2018-06-14,Social Media,$2b$12$Ld2qDDkpTqXqd6DO6MPPf7QVxQMW01kkO55W4IkNokKq0WdqYdOEm,Web,Smart TV,Android,1.6,2023-09-29,Mobile,Competitor Alpine Systems launched CloudGuard,curated.orders -> reports,2020-2025,"[-0.3041, -0.1053, -0.2022, -0.8576, 1.3816, -0.3858, 0.077, -0.2026]",2025-07-09,08:44:53,Active,September,March,H2 2023,2025-09-20 07:29:37,null,Mobile,2024-07-02,"-----BEGIN CERTIFICATE-----
jD/49t0J2ekHd7SFqZpeJuyKbEmJUX1e9oUNjlhs4vfdd9sUSgKAeAz944VZdzTF
-----END CERTIFICATE-----",Wearable,Golden Gate Bridge,2021-07-16
Tuesday,33 12 * * 1-5,Rejected,56 23 * * *,October,3680756729739,2025-08-23 09:12:54,2019-02-14,64.1,2024-04-04T00:00:00Z,Firefox,Viewer,April,source_col -> field_b,Thursday,ADV-M5T0QDY9FT,2024-09-08,IoT,2026-01-01,2020-2025,CNY,3.11,Saturday,Metformin 500mg,Social Media,H2O,2022-12-05,2022-08-26,June,jennifer_anderson222,2020-10-29,6a79654c-7959-41db-8e59-3d278ddc5f92,2026-03-05,B881Z3N9M7PI1IAZG,2018-01-02,Global Conference 2023,2021-07-27,Safari,5.6,Tablet,2025-01-19,voice_fd6db09738b48795.wav,2025-09-26,2026-01-22,7.9,283.59,Q2 2023,2000,2022-09-30,Tablet,_ga=3245724319.2489406,35-88,Mobile,Not recommended.,Q4 2023,https://example.com/users/ddddd38d/profile,2.33,2023-05-15,2023-03-04,921273,/var/logs/daily_82.log,Hemoglobin: 141.7 g/dL,51-8775528,Negligible,2019-03-29,2023-03-02,Z6IUYE08B9YHJK9MX,2024-12-13 02:39:59,2025-02-09,Smart TV,false,2.07,6.55,4.59,CDC,10 14 * * 1-5,Antarctica,2019,1.56,Green,2024-03-08,indefinite,469.69,"54 0 * * 0,6",0xee9b87bd710166fb62de25d51edffe1435daa68e,March,15:51:20,April,1990,IoT,Male,February,BILL-275197,Opera,NO,2021-08-08,2020-05-12,"8 11 * * 0,6",Mobile,8.11,Tablet,Q1 2022,6011-8887-2562-1436,2020-06-22,Social Media,$2b$12$Tvb0eub8nw2B9pNjoVqfudvCY7C39RMhc2108FrqNu4Is13tDnsMT,Mobile,Desktop,Android,6.41,2025-07-01,Email,Competitor Pioneer Software launched StreamLine ERP,staging.events -> exports,Jan-Mar,"[-0.585, 0.1231, 2.1206, 0.58, -0.1919, 1.2371, -0.1153, -1.0353]",2019-04-23,17:24:04,Active,August,October,Jan-Mar,2022-03-09T09:48:50Z,false,In-Store,2019-08-04,"-----BEGIN CERTIFICATE-----
S4ZfHYccf3smJCPyY3Ccyz6Ei8cr8OR8cUw2mJCnjMHsGBhKkJlQyrBD2iH+PX9H
-----END CERTIFICATE-----",Desktop,Big Ben,2020-08-28
Sunday,"56 6 * * 0,6",Pending,53 3 * * 1-5,December,9727232070560,2022-01-24 01:06:40,2020-11-01,57.8,2018-04-27T00:00:00Z,Safari,Editor,September,source_col -> output,Thursday,ADV-I3YOEIAVAJ,2025-03-20,Mobile,2021-12-21,FY 2025,USD,2.88,Monday,Albuterol 90mcg,Chat,Homo sapiens,2025-12-12,2020-07-08,September,aiden.jones667,2024-10-19,18fcb848-6f7d-4c5d-8721-e747d0538dcc,2018-12-05,2TUMLSG3CLADB25SF,2018-05-13,Global Forum 2026,2026-07-18,Safari,5.99,Smart TV,2019-08-28,voice_ac2afb8aada499ff.wav,2021-05-07,2019-08-09,2.81,33.49,Q2 2024,2016,2020-04-28,Tablet,_ga=9424644840.2812877,12-80,Tablet,Great product!,Q2 2020,https://example.com/users/1a761eab/profile,7.26,2022-09-04,2021-01-08,556930,/var/uploads/daily_6.yaml,Hemoglobin: 223.8 K/uL,81-2624274,Critical,2021-07-16,2023-08-24,OA9WAWWRO43NCSKPK,2026-05-11T18:48:34Z,2026-11-22,IoT,false,0.66,2.24,1.33,WHO,"51 19 * * 0,6",Asia,1999,6.44,Orange,2022-07-12,7 years,734.8,"39 8 * * 0,6",0xf38e7323522c9c91673f1724f87025d97f807d5e,April,13:22:21,July,2012,Tablet,Other,September,BILL-761322,Safari,false,2018-02-19,2018-04-21,7 7 * * 1-5,Email,1.19,Wearable,Q1 2025,4639-6187-7834-5501,2021-08-21,Mobile,$2b$12$FAlBrtTLPCq5lhgMTcaanjCwytkDwkK8G4WUpUrvUHNVkhk6hrwIK,Social Media,Mobile,Linux,2.83,2023-06-13,Chat,Competitor Quantum Dynamics launched Widget Pro,raw.orders -> exports,2020-2025,"[0.9863, -1.063, -2.0969, -0.5765, 0.3782, -0.0076, 0.829, 0.6986]",2026-02-26,12:26:15,Disabled,January,November,2020-2025,2026-10-25T10:42:07Z,null,Chat,2018-07-05,"-----BEGIN CERTIFICATE-----
mKJPKH+Ftwtkdn6K0yjuk1D05E3erPfu6OLXEX7UGon+JHJoTUsCHJgaPkJrDlHo
-----END CERTIFICATE-----",IoT,Eiffel Tower,2024-04-03
Sunday,"7 23 * * 0,6",Approved,0 21 * * *,August,7888612593464,2021-06-11T17:53:36Z,2018-01-10,27.4,2021-08-31T00:00:00Z,Chrome,Admin,June,field_a -> field_b,Friday,ADV-MYGYBYY85A,2020-07-19,Smart TV,2026-04-21,H2 2023,CAD,2.49,Saturday,Lisinopril 10mg,Mobile,E. coli,2025-09-23,2020-09-26,May,annathomas831,2024-09-14,31d47f20-5fae-4f6d-9b2d-cae71b779e41,2023-08-14,ACQRRWXKIAST56TF0,2018-05-14,Data Summit 2021,2024-03-27,Firefox,1.54,Desktop,2022-02-17,voice_dae4168b9ec39bc6.wav,2023-07-20,2025-07-31,2.93,288.15,Q2 2026,2002,2025-03-27,Wearable,_ga=4679094417.7466757,22-79,IoT,Excellent service.,Q1 2026,https://example.com/users/7009da54/profile,3.4,2024-01-24,2023-07-01,210498,/var/data/batch_933.csv,Glucose: 242.4 g/dL,66-4258801,High,2026-08-30,2024-06-25,9C5JE2X29MJVJFY13,2018-06-21 02:47:58,2026-09-05,IoT,false,8.63,2.44,2.87,Eurostat,"49 16 * * 0,6",Antarctica,2025,7.37,Black,2023-04-03,30 days,794.45,41 18 * * 1-5,0x3b82252713989918da039e09483acfd8b5d41d80,April,20:14:22,October,2023,Smart TV,Non-binary,November,BILL-588953,Brave,true,2024-09-09,2021-07-20,19 23 * * *,Chat,8.89,Mobile,Q3 2024,3755-4349-9192-0328,2022-07-27,Email,$2b$12$3DA0yaK6rwvsQz4toO5I2Q7gJOLoAUtWMnQf4PXH3xhyL9ZlHDxIG,In-Store,Wearable,Android,4.64,2019-12-18,Social Media,Competitor Meridian Health launched SmartHub X1,curated.orders -> reports,FY 2025,"[-0.5247, 0.7434, 0.292, 0.3358, -1.6147, 0.8598, -2.3356, 0.2893]",2025-02-06,07:05:39,Inactive,April,November,2020-2025,2020-10-18 05:24:36,0,Phone,2024-03-14,"-----BEGIN CERTIFICATE-----
OXcD/tufDyiMWdP3u6gGPhq3IevEtKsE/Rp7QcGHoeaWIopSEFKsMd4iINNgzjaA
-----END CERTIFICATE-----",Wearable,Eiffel Tower,2019-10-01
Tuesday,2 18 * * 1-5,Rejected,"31 21 * * 0,6",October,7143595861412,2019-12-02T04:08:44Z,2024-08-21,24.1,2023-10-20T00:00:00Z,Safari,Admin,April,source_col -> target_col,Friday,ADV-6B6IIDCBDR,2026-06-05,Tablet,2019-01-18,Q1 2024,GBP,1.33,Thursday,Omeprazole 20mg,Phone,NaCl,2025-10-09,2021-02-25,November,jameswalker779,2021-03-05,8e24a42f-0a5c-4c77-b9b8-d63eafeab5e3,2018-08-21,C0OEG7AVU3TROQ6C0,2024-11-03,Annual Summit 2024,2019-03-28,Safari,4.31,Desktop,2022-05-11,voice_03175a4a5848d21b.wav,2024-04-02,2024-08-13,1.92,108.3,Q2 2020,1999,2025-12-29,Tablet,_ga=4502937551.8863137,39-55,Smart TV,Average experience.,Q2 2026,https://example.com/users/7b17e7d4/profile,3.76,2021-07-17,2020-06-07,644605,/var/tmp/daily_571.xml,Glucose: 201.3 K/uL,48-3025562,Low,2023-01-23,2020-04-27,XXZFH76TXN9YNF0AQ,2026-04-07 14:23:24,2019-06-16,Wearable,false,6.12,9.18,2.96,WHO,"6 0 * * 0,6",Oceania,1996,9.32,Orange,2020-10-21,1 year,93.48,"42 6 * * 0,6",0x2708f8f6e6b9daaab07660efd28f92e01d571b20,March,23:51:08,November,1998,Wearable,Female,April,BILL-991640,Opera,false,2021-09-29,2020-08-13,25 18 * * *,In-Store,9.77,Mobile,Q1 2022,4291-8508-9841-5653,2021-08-15,Phone,$2b$12$VGWcsI4ytChxzTUQy4tBIHNaXcCUJHFb63SWUicqXf0DmhkEjdKpS,In-Store,IoT,macOS,3.34,2025-09-20,Web,Competitor Vertex Technologies launched VaultKeeper,staging.events -> exports,FY 2025,"[0.1059, -1.1391, 0.0355, -0.1268, 1.0513, -1.1926, 1.4535, 1.7166]",2025-03-25,22:33:59,Active,April,October,FY 2025,2023-01-11T20:53:14Z,CURRENT_TIMESTAMP,In-Store,2022-05-29,"-----BEGIN CERTIFICATE-----
raqzuJ7ZzbF//ARH357M9NYhUWZBeUA9QGBF1RLqWY+sCk+7RFcC0JpwSUvGlaEG
-----END CERTIFICATE-----",Wearable,Eiffel Tower,2021-04-26
Monday,"6 23 * * 0,6",Pending,"0 0 * * 0,6",July,9342880029367,2024-02-20 12:13:50,2020-05-12,30.0,2024-08-15T00:00:00Z,Chrome,Owner,October,source_col -> target_col,Monday,ADV-DVZSMLE9ZG,2021-08-04,Smart TV,2018-09-28,Jan-Mar,CHF,4.49,Sunday,Albuterol 90mcg,Social Media,NaCl,2026-08-20,2020-08-23,February,susan.thomas413,2023-07-31,480ce490-672c-44ee-8a25-516b207b3390,2020-01-11,R4SXY8I2PUJWZE5XN,2019-04-30,Tech Summit 2026,2024-06-06,Opera,3.71,Wearable,2024-01-24,voice_ab8aa71e6525590b.wav,2020-11-23,2026-01-05,0.82,153.14,Q2 2021,2009,2024-09-13,Smart TV,_ga=8172568813.2897693,41-85,Tablet,Great product!,Q2 2026,https://example.com/users/dc73ba4f/profile,6.13,2022-09-17,2026-07-07,924094,/var/logs/daily_168.json,Hemoglobin: 287.2 g/dL,64-1650304,Medium,2025-12-07,2021-04-17,TQNBH0MWGEWONZ96F,2025-07-23 14:52:47,2023-09-05,Tablet,false,9.33,8.24,4.48,WHO,1 7 * * *,South America,2011,3.25,Black,2019-01-30,indefinite,934.52,"34 7 * * 0,6",0x9c27a6e9c81d66553c8387902154d953d5398aff,September,03:47:04,March,1991,Desktop,Non-binary,April,BILL-104969,Safari,NO,2025-12-08,2019-07-22,"45 1 * * 0,6",Email,7.26,Wearable,Q4 2020,XXXX-XXXX-XXXX-5654,2026-01-01,Social Media,$2b$12$tAXj5Gotnt5nLaB2hpyIiozHsCkIFqBWEhFVbsHeudojyezzm4xB2,Chat,Mobile,macOS,5.61,2020-10-23,Web,Competitor Acme Corp launched SmartHub X1,raw.users -> analytics,Jan-Mar,"[0.3535, -0.6085, -1.1069, 0.9716, -0.9857, 1.7302, -1.4927, 0.653]",2026-04-28,09:54:42,Disabled,December,March,Jan-Mar,2023-09-06 02:55:19,null,In-Store,2022-06-29,"-----BEGIN CERTIFICATE-----
tQ7GPPR367iS2PP7hNitFmTNwwrWgJNxHK9CAPmpwGZBc5XgcNz5eVY6MJXIJfri
-----END CERTIFICATE-----",Mobile,Statue of Liberty,2026-07-30
Monday,28 5 * * 1-5,In Review,"54 14 * * 0,6",February,0498439920637,2019-03-05T20:58:25Z,2025-01-14,64.7,2024-02-11T00:00:00Z,Edge,Viewer,July,field_a -> target_col,Wednesday,ADV-6GFO0J2R7C,2018-03-13,Desktop,2024-08-12,Q1 2024,BRL,3.72,Tuesday,Omeprazole 20mg,In-Store,Fe2O3,2021-07-20,2022-07-30,August,oliviadavis736,2024-05-17,019f0b49-b60b-462f-9314-28ccf29ead17,2025-04-19,FLDAJVAW4PWLXHGJV,2019-08-30,Global Forum 2021,2020-03-22,Firefox,9.94,Smart TV,2020-11-28,voice_b47d87f3f4d4b7cb.wav,2023-09-20,2022-02-21,7.38,31.04,Q3 2020,1995,2024-03-15,Mobile,_ga=3406860493.9797068,47-99,Desktop,Excellent service.,Q3 2021,https://example.com/users/c931ecb6/profile,2.43,2018-05-06,2022-01-24,945756,/var/config/daily_288.log,WBC: 139.6 g/dL,94-9956144,Medium,2024-05-23,2023-11-11,Z9SE6VK06JIS5DNEU,2018-03-03 07:06:16,2024-11-23,Mobile,false,1.12,4.53,3.76,CDC,"20 22 * * 0,6",Oceania,1991,4.99,Orange,2021-03-22,1 year,934.84,"15 22 * * 0,6",0x6cdb2979e58e8c44e275630569c8d76688c68397,February,01:17:52,June,2026,Desktop,Non-binary,July,BILL-523239,Brave,YES,2019-07-31,2026-12-13,"3 8 * * 0,6",Chat,6.02,IoT,Q3 2025,6011-6558-4806-4176,2025-11-06,Chat,$2b$12$lJerxRsVJaGqMeNrOVfM4bvqb7hwr2kZQnWjLBtwo1TeOMoc9CxbL,Email,IoT,iOS,3.28,2020-04-08,Email,Competitor Pacific Research Group launched AuditTrail Plus,staging.events -> exports,2020-2025,"[0.5449, -0.2282, -2.2981, -0.424, 1.5978, -0.9981, 1.6108, -0.1173]",2024-03-15,14:08:17,Disabled,May,July,2020-2025,2019-06-02 00:28:21,null,Web,2025-01-14,"-----BEGIN CERTIFICATE-----
K8YeQUSpCFhJOrFSswo3uAFPROmepyOgVigmvfDDyI494b4TngtONmu07UOaX69G
-----END CERTIFICATE-----",Desktop,Central Park,2020-06-03
Saturday,5 18 * * *,In Review,"56 14 * * 0,6",February,9451491706786,2019-07-25 07:42:41,2018-06-23,30.3,2023-10-18T00:00:00Z,Safari,Viewer,May,field_a -> target_col,Friday,ADV-S4UE2AAOE6,2020-11-05,Wearable,2025-12-03,FY 2025,CAD,2.52,Monday,Omeprazole 20mg,In-Store,Homo sapiens,2021-03-24,2020-07-25,April,noah_brown492,2019-07-07,b3724f6b-6f0a-4427-a3fe-811b21b1f161,2018-11-12,EJCBGKW9CSXSJV6H7,2023-12-15,Global Conference 2025,2022-01-28,Brave,7.03,Mobile,2026-11-08,voice_e8edf1673e0a933b.wav,2024-09-09,2025-06-15,4.09,85.97,Q2 2021,2018,2026-02-01,IoT,_ga=2333674349.1739880,43-82,IoT,Excellent service.,Q1 2021,https://example.com/users/32e13b44/profile,6.62,2023-09-30,2024-05-11,677395,/var/uploads/daily_518.csv,Cholesterol: 63.4 g/dL,49-5189332,High,2025-11-28,2025-11-10,7CS0LBP3EL9QFS1CW,2023-04-22 12:43:43,2024-06-30,Desktop,false,1.78,2.33,3.23,Eurostat,"27 22 * * 0,6",Asia,2021,1.26,Blue,2026-04-27,7 years,576.41,10 7 * * 1-5,0x6371c4b2e5731100892c7e6f9a5d6a57289b1543,September,11:00:59,August,2025,IoT,Male,January,BILL-677513,Chrome,YES,2022-08-29,2019-10-20,"57 13 * * 0,6",In-Store,4.56,Smart TV,Q4 2021,5768-6989-8229-9048,2025-12-13,Chat,$2b$12$Yms4kUN9BpbHaXfZKXAuOsWeA2QtlVahgwEAOAjanfL2fo0ubf6f6,In-Store,Desktop,Android,5.24,2024-06-25,Email,Competitor Skyline Partners launched AuditTrail Plus,staging.orders -> reports,H2 2023,"[0.7917, -0.1425, -1.329, 0.2792, -0.189, -0.5472, 0.1939, -0.5436]",2022-04-11,23:59:35,Inactive,April,September,FY 2025,2022-06-02 13:36:29,'',Email,2026-05-12,"-----BEGIN CERTIFICATE-----
4ZhbIbtGS2uT21/0QsmZdgDATG9RYd++yV+1iH5401ItEKnqSQ1qaYq7Eu4TrlDY
-----END CERTIFICATE-----",Mobile,Golden Gate Bridge,2018-11-13
Friday,2 4 * * *,Approved,"59 20 * * 0,6",December,2531608032360,2025-08-06 07:19:15,2026-07-28,24.1,2018-04-11T00:00:00Z,Firefox,Owner,May,field_a -> target_col,Thursday,ADV-ZX9W4HNTOU,2024-02-08,Wearable,2026-02-01,Q1 2024,AUD,1.25,Tuesday,Lisinopril 10mg,Phone,NaCl,2021-04-23,2021-03-24,April,olivia_jackson199,2020-01-25,68246b1d-d43a-4076-9dc9-932cab2fd890,2018-01-27,7L826QL3V0J2NJ6RA,2021-03-12,Annual Summit 2023,2023-03-12,Chrome,3.05,Desktop,2022-08-17,voice_484b83c62033ad62.wav,2019-10-03,2019-06-07,1.34,143.86,Q2 2026,2001,2019-11-20,Tablet,_ga=7197202210.3944400,10-88,Mobile,Average experience.,Q2 2024,https://example.com/users/5d0c61ee/profile,1.87,2021-03-01,2025-01-04,610548,/var/tmp/batch_986.parquet,WBC: 136.6 mg/dL,84-6249069,Medium,2026-08-20,2024-01-18,J6F45BIJLXVABZB1H,2023-01-02 16:36:53,2020-02-24,Mobile,true,2.58,3.01,9.43,CDC,35 1 * * 1-5,North America,1994,3.4,Orange,2023-09-05,indefinite,226.04,"8 10 * * 0,6",0x76309acba95fcce2518b25a3f929648a080896d7,July,16:21:58,February,1994,Wearable,Male,December,BILL-964853,Firefox,true,2018-09-07,2022-06-03,"27 8 * * 0,6",Chat,5.3,Wearable,Q4 2022,6011-6090-1483-6229,2022-03-13,Phone,$2b$12$oMPZfmBsBPyyCjjrkSRudIvnulIHSTILPMMUF5m2Epu0wjh9zq2yH,Mobile,Wearable,Android,9.26,2018-08-22,Mobile,Competitor Beacon Analytics launched Widget Pro,raw.users -> analytics,FY 2025,"[-0.7239, -0.5048, 0.6128, -0.6773, 1.3909, -1.9849, -0.393, 0.3739]",2023-12-23,19:29:18,Disabled,April,March,2020-2025,2021-08-11T23:00:04Z,1,Email,2026-07-14,"-----BEGIN CERTIFICATE-----
C0a+gWurVW+QrMsF5acmesCk6EfH5ljzPAhtNFCjw3GLvnze08cNdpM5Ezf5Wk+8
-----END CERTIFICATE-----",Smart TV,Statue of Liberty,2024-01-29
Sunday,"57 7 * * 0,6",In Review,30 19 * * *,January,3631986103853,2019-10-09T08:47:38Z,2018-01-15,29.2,2019-07-07T00:00:00Z,Chrome,Owner,April,input -> field_b,Saturday,ADV-GLKD62WQYY,2025-11-07,Mobile,2021-04-20,FY 2025,BRL,1.9,Saturday,Albuterol 90mcg,Email,Fe2O3,2020-01-23,2026-08-23,October,aiden.lewis67,2025-06-23,d1333c53-b746-47c3-ae16-84781e45b43f,2020-02-05,3HOC5CK8V9RUCPBY7,2019-01-21,Global Summit 2025,2025-05-04,Opera,3.69,Desktop,2026-12-25,voice_006d0f4c02398562.wav,2025-03-20,2025-11-29,4.57,16.06,Q2 2025,2008,2026-10-02,IoT,_ga=4661326890.4348193,31-52,Tablet,Great product!,Q2 2025,https://example.com/users/18e4d8f0/profile,6.06,2018-12-10,2020-03-28,129993,/var/data/batch_237.yaml,Hemoglobin: 175.6 mg/dL,54-1424596,High,2022-12-26,2026-08-14,60IZ1960KM5QM3OQT,2026-03-10T08:21:10Z,2024-01-14,Mobile,true,6.94,9.92,2.9,Bloomberg,"14 8 * * 0,6",Asia,2001,7.95,Brown,2019-11-12,1 year,694.05,30 7 * * *,0x8f75865dbd522ff4f19980a4218ecd46d8ad70d5,April,10:11:09,February,1992,Tablet,Female,July,BILL-252461,Firefox,true,2023-01-20,2026-10-29,15 9 * * *,Chat,9.63,IoT,Q3 2020,3730-1313-9103-4828,2023-01-27,Phone,$2b$12$2XQZhCAhXVnj4qNj0npSdDShqBpyUR4XxvQu167njymrqSR9TDLol,In-Store,Wearable,Windows,8.85,2022-05-21,Email,Competitor TechCo Industries launched NanoCore SDK,staging.users -> analytics,Jan-Mar,"[-2.163, 0.1441, 0.7603, -0.7945, -0.0746, -1.9914, -1.5875, 0.4183]",2024-07-20,11:26:32,Disabled,June,October,2020-2025,2019-11-20T18:06:53Z,1,In-Store,2020-07-10,"-----BEGIN CERTIFICATE-----
k98MlqANqbQTFuWEpBS077fO1VI8F4F8IvzMol0A/rY/OVeKJnB4gwS7yUoEPTv2
-----END CERTIFICATE-----",Mobile,Golden Gate Bridge,2022-09-09
Friday,42 10 * * *,Approved,10 1 * * *,April,3220367863224,2023-02-12T17:24:08Z,2019-05-23,77.3,2021-02-25T00:00:00Z,Edge,Owner,June,field_a -> target_col,Sunday,ADV-YQARFEXBT6,2023-11-23,Wearable,2018-01-20,Jan-Mar,INR,5.76,Saturday,Metformin 500mg,Social Media,H2O,2018-01-27,2023-10-17,August,davidking647,2019-09-11,1c201d52-6439-4a99-80a3-ed297a750cad,2019-03-12,VKYYUBEGKKVDULC2Y,2024-08-28,Global Summit 2020,2025-01-10,Chrome,3.76,Smart TV,2024-12-29,voice_73aa1ea3ce34cc90.wav,2024-06-05,2024-04-12,1.49,329.76,Q2 2020,2012,2023-01-14,Tablet,_ga=0387515520.4026318,18-70,Mobile,Excellent service.,Q1 2026,https://example.com/users/0ae82556/profile,3.87,2018-10-11,2025-12-19,420308,/var/data/daily_767.yaml,Hemoglobin: 266.6 K/uL,47-1352505,High,2022-07-21,2022-11-03,SX6G9R787MOY32AHE,2022-05-11T18:30:59Z,2024-10-09,Wearable,false,5.42,6.59,6.81,Eurostat,3 11 * * 1-5,Asia,2017,1.31,Yellow,2019-03-04,7 days,890.78,6 19 * * *,0xf66644cc6e3e6edf56d612f55f8254740c2dd5f0,March,04:59:56,February,2014,IoT,Non-binary,May,BILL-757539,Firefox,YES,2022-06-08,2024-03-29,56 8 * * *,In-Store,7.04,Wearable,Q3 2022,4879-9688-8330-5430,2023-03-27,Web,$2b$12$6sZqlHnl4rQOlJ7cgq0mQHc9bjvlE8FNDilzl9rZUH1adO19EjTBD,Email,Mobile,Android,7.36,2022-03-21,Chat,Competitor Catalyst Ventures launched Widget Pro,raw.users -> analytics,2020-2025,"[-1.0561, 1.5221, 0.4023, 0.6351, 1.7144, 0.2695, -0.7877, 0.0252]",2023-08-28,16:47:00,Enabled,August,January,2020-2025,2022-09-22 03:54:32,null,Web,2023-07-31,"-----BEGIN CERTIFICATE-----
8I9i1t0oIscdojBIw6UrpCrwnUWEvz7j25y1QeVI/RfBWj8Aj5sLNbJXDcvqotwu
-----END CERTIFICATE-----",Mobile,Golden Gate Bridge,2019-10-18
Tuesday,9 17 * * *,Pending,5 13 * * *,November,0229114495735,2024-05-24T14:18:59Z,2021-10-15,56.8,2019-09-04T00:00:00Z,Chrome,Viewer,January,field_a -> target_col,Saturday,ADV-U4XTDYKC8X,2020-02-28,Mobile,2022-09-20,Jan-Mar,USD,2.74,Monday,Albuterol 90mcg,Web,H2O,2023-12-02,2024-08-29,February,noah.lee778,2026-05-28,6743984e-dab9-4685-b24e-2e2e8b7dd9d9,2024-09-24,RBL64BQ1JHK7PI0FH,2019-04-05,Data Forum 2024,2021-05-12,Edge,0.71,Mobile,2022-08-31,voice_790ea8796d5f4808.wav,2018-11-02,2023-08-12,2.42,120.86,Q4 2020,2017,2026-11-18,Smart TV,_ga=7077235712.7434608,28-77,Tablet,Not recommended.,Q1 2022,https://example.com/users/198fb715/profile,6.14,2025-12-10,2023-07-28,746229,/var/tmp/batch_353.log,Hemoglobin: 215.2 K/uL,44-2205845,Negligible,2021-04-08,2018-12-24,XV2RA3HTLTNQIZT6Z,2018-03-03T04:26:55Z,2019-07-08,Tablet,false,0.29,3.75,7.2,WHO,19 13 * * *,North America,2010,2.22,Yellow,2024-09-15,7 years,287.51,48 17 * * *,0x25a3c248cce7558b405ac15daef9ab1e6fc46e6e,May,06:17:42,September,2011,Desktop,Non-binary,April,BILL-449881,Safari,NO,2019-09-04,2021-09-23,22 21 * * 1-5,Social Media,4.72,Smart TV,Q4 2024,5490-9238-0290-7251,2022-08-17,Phone,$2b$12$AVjv4G5Y6rvYhNBe5l64fUllrwWxOdFlhqGLdJ1C6e9btR6hQQYVt,Web,Smart TV,Android,0.31,2024-12-23,Mobile,Competitor Catalyst Ventures launched StreamLine ERP,raw.orders -> exports,FY 2025,"[-0.4182, 0.2388, 0.2463, 0.2396, 0.0468, 1.0812, 1.5826, -0.6145]",2026-09-13,09:19:34,Disabled,July,July,Jan-Mar,2021-11-08 09:50:35,null,Mobile,2020-06-30,"-----BEGIN CERTIFICATE-----
2MVWat0gfHIwZ//6zmyv1xsBqcj2TDpx5hIhV69vP9VMwH0qsj16D0geay5tDhQN
-----END CERTIFICATE-----",IoT,Eiffel Tower,2023-05-26
Friday,57 22 * * *,In Review,"55 15 * * 0,6",February,4726111230579,2018-07-23 01:36:05,2018-12-24,17.2,2019-10-05T00:00:00Z,Opera,Owner,September,input -> output,Wednesday,ADV-5BJBGGK7TV,2025-12-04,IoT,2020-12-31,FY 2025,EUR,3.16,Friday,Metformin 500mg,In-Store,Fe2O3,2021-07-23,2023-05-07,May,john.lee730,2020-10-06,fe388b12-aeba-4ce6-bbb8-7d818f7e0198,2018-11-03,DALYWT4U5FHO28TE9,2019-10-13,Annual Forum 2026,2021-09-28,Edge,0.44,Tablet,2024-08-21,voice_40c02425120f8a36.wav,2019-09-17,2019-10-15,4.21,34.55,Q4 2022,1996,2023-04-14,Smart TV,_ga=2201812949.3864238,8-79,Wearable,Not recommended.,Q4 2026,https://example.com/users/a9347ee8/profile,5.14,2024-05-30,2020-05-22,259521,/var/logs/daily_254.json,Cholesterol: 195.9 mg/dL,41-5785876,Low,2026-01-01,2026-02-25,3QG4Q0YRPWM1WY5V3,2022-02-28 07:21:22,2025-01-14,IoT,false,7.18,2.43,4.75,Eurostat,31 9 * * *,Asia,2007,0.38,Gray,2024-01-01,indefinite,146.4,43 12 * * 1-5,0xbee5fd7e310a5c26bdf621d8cf74c05aee8acd5d,March,16:45:36,April,1994,IoT,Other,September,BILL-733522,Chrome,false,2026-06-27,2019-09-11,8 17 * * 1-5,Mobile,1.8,Tablet,Q3 2023,6011-5119-7498-7699,2023-03-25,Social Media,$2b$12$RBBsP6pJjBOpgXv7rcEzFfYTMKDnGLXc57XvcZhVsLgwnaHjJqPFA,Email,Desktop,Windows,3.08,2025-07-31,Chat,Competitor Pioneer Software launched StreamLine ERP,staging.users -> exports,Q1 2024,"[-0.9117, 0.0841, -0.6744, 0.3294, -0.2631, 0.4413, 0.7267, 0.0801]",2022-12-31,15:07:09,Inactive,August,September,Jan-Mar,2020-10-19T18:29:46Z,false,In-Store,2021-08-11,"-----BEGIN CERTIFICATE-----
QglkVjWGcKglOpRNevObOxcaQdXMujF/+y61KAojj3BLsmG90lA+/UPwxYOyEEU6
-----END CERTIFICATE-----",Tablet,Eiffel Tower,2021-09-27
Monday,"17 16 * * 0,6",Approved,"56 14 * * 0,6",February,7359083751620,2021-04-17T08:20:13Z,2025-08-20,93.7,2026-05-07T00:00:00Z,Safari,Owner,April,source_col -> output,Friday,ADV-SSZYOPSRIR,2018-11-12,Wearable,2021-01-17,H2 2023,USD,6.95,Saturday,Metformin 500mg,Phone,C6H12O6,2024-04-25,2021-03-07,April,loganyoung273,2023-06-02,78a19c11-0cbf-476b-88a8-0c8c01e8b35c,2019-09-18,I4UCOYP8GCEEX98W1,2026-06-19,Tech Forum 2024,2026-06-04,Firefox,3.48,Desktop,2018-06-03,voice_557ef6acfa6a2fc5.wav,2024-08-27,2022-10-19,5.36,163.16,Q2 2024,2026,2024-12-03,IoT,_ga=9369442387.8025123,7-90,Smart TV,Excellent service.,Q1 2026,https://example.com/users/29d000ef/profile,9.8,2018-06-24,2019-08-10,250717,/var/tmp/daily_962.xml,WBC: 246.8 K/uL,26-4446131,High,2026-10-19,2024-02-13,0YXO2ZN432V1BBTKO,2020-02-19T02:04:32Z,2024-04-27,Tablet,true,3.63,3.45,6.65,Census Bureau,45 1 * * 1-5,Africa,2003,1.04,Red,2026-06-24,1 year,618.68,"38 21 * * 0,6",0x2d5a013132275686cf58e3fe6b4f57cfe3791043,January,11:07:37,August,2015,Desktop,Female,June,BILL-693947,Safari,NO,2022-10-14,2025-01-07,"51 13 * * 0,6",In-Store,6.65,Smart TV,Q1 2021,6011-3784-1204-7172,2023-01-31,Email,$2b$12$PyqgkBDUR48LS0EYqNBZP27DCnGBW05skrJJjc4mEYL7wicAY4btQ,Web,Desktop,Linux,4.93,2021-06-07,Mobile,Competitor Catalyst Ventures launched VaultKeeper,staging.users -> reports,FY 2025,"[-0.3339, 0.376, 0.5348, 0.8615, 0.4423, 0.1032, -1.2168, 1.2507]",2018-09-30,23:03:23,Enabled,January,October,H2 2023,2021-10-09T03:25:54Z,0,Social Media,2018-11-30,"-----BEGIN CERTIFICATE-----
7P5P57ybADZoCM5107iJrrYmAXob+8TSivrk8kIvdQFRg43JJfzNRvHp8xbN2mle
-----END CERTIFICATE-----",Desktop,Statue of Liberty,2019-04-12
Friday,0 19 * * 1-5,Rejected,"15 21 * * 0,6",February,8460247931763,2020-05-20T18:19:21Z,2018-12-15,25.8,2025-08-21T00:00:00Z,Brave,Viewer,October,input -> output,Tuesday,ADV-J4SEE2B3BD,2024-09-24,Desktop,2019-04-14,H2 2023,JPY,1.62,Sunday,Albuterol 90mcg,Mobile,H2O,2024-08-13,2020-08-31,September,oliverbrown689,2026-01-10,602888e6-ddf3-40d7-be27-50f7fa9521c0,2026-12-05,XU90EDG3PIDGGEHKS,2023-09-25,Tech Summit 2026,2022-07-03,Firefox,7.09,Tablet,2022-06-16,voice_8e53a197cd6fe6f6.wav,2022-02-16,2025-07-06,8.21,280.41,Q1 2026,2003,2024-08-09,Smart TV,_ga=4437086110.4708383,44-75,Tablet,Needs improvement.,Q1 2022,https://example.com/users/dd2076f8/profile,3.2,2018-05-20,2025-03-05,551890,/var/logs/daily_131.yaml,WBC: 83.6 g/dL,10-5980425,Medium,2024-01-18,2023-11-04,L7HSXMS8ODMQMA6J4,2024-08-07 09:29:11,2024-01-17,Smart TV,false,6.5,0.17,8.61,Census Bureau,50 17 * * *,Antarctica,1998,9.22,Green,2023-08-15,30 days,969.73,59 12 * * 1-5,0x67a709da818cd720630dfcdbc484f80aeaf823f6,March,19:50:53,April,2011,IoT,Male,October,BILL-298719,Opera,true,2018-02-04,2020-03-17,"14 15 * * 0,6",Chat,3.17,Tablet,Q4 2023,4152-8546-7075-8958,2021-08-21,Phone,$2b$12$aYAAgL7rSYSTDm8Ax2BtCKKBrsutRhi6l5F4F32DnhZVuwqKJ0G0O,Social Media,Wearable,iOS,7.42,2018-09-20,Web,Competitor Global Solutions launched AuditTrail Plus,raw.users -> analytics,2020-2025,"[0.1803, -0.8853, -0.8125, 0.2782, -2.6055, -0.3888, 0.5588, 1.2201]",2025-04-27,17:02:43,Active,August,July,H2 2023,2026-10-15 01:14:11,'',In-Store,2021-11-21,"-----BEGIN CERTIFICATE-----
gpspdRmNdjk6Y3avYfffeMQzb6/YvhrZrzJVL4gs4BXUA3ZslXP4Q2Ra6MJVYqgH
-----END CERTIFICATE-----",Mobile,Golden Gate Bridge,2020-05-25
Tuesday,"39 21 * * 0,6",Pending,"32 23 * * 0,6",June,3801109315708,2020-09-13T08:24:32Z,2026-01-31,74.7,2018-10-29T00:00:00Z,Opera,Owner,January,field_a -> output,Saturday,ADV-OD2LE67NU5,2022-07-26,Wearable,2023-01-31,Jan-Mar,BRL,9.27,Thursday,Ibuprofen 200mg,Email,Fe2O3,2024-10-12,2022-07-06,September,ethanwhite436,2025-04-22,1e05231b-2050-4176-86b6-6b71edfeee4b,2022-06-01,H8PQR1702RXW7URFB,2026-04-03,Global Summit 2024,2019-07-15,Opera,2.58,Desktop,2023-08-23,voice_d36622e7f414f282.wav,2020-12-29,2024-06-10,2.52,261.64,Q2 2022,2000,2025-09-27,Desktop,_ga=9787067071.4371858,22-84,Tablet,Not recommended.,Q2 2026,https://example.com/users/87757056/profile,2.54,2020-04-24,2020-12-12,207533,/var/data/export_116.json,WBC: 263.7 K/uL,13-3901758,Medium,2019-05-07,2026-05-05,EQVPFQD96UC3NA68Y,2026-03-08T00:45:11Z,2022-12-21,Smart TV,false,5.36,9.68,2.19,Reuters,55 11 * * 1-5,Antarctica,2017,6.58,Yellow,2018-11-09,30 days,471.24,57 18 * * 1-5,0xe609f8422feb554ad8ca31881b047ef906b35bf7,January,14:26:21,October,1992,Mobile,Female,February,BILL-989960,Edge,YES,2026-09-27,2019-03-14,31 13 * * *,Chat,1.06,Tablet,Q4 2020,4973-2291-8099-5898,2025-06-04,Social Media,$2b$12$zCsKvAr5M1lhWH2EVBQSgF4iD4ahzwyBAzdz3JfkejWquobiA38jN,Phone,Wearable,Windows,4.61,2019-10-06,Web,Competitor Beacon Analytics launched SmartHub X1,raw.orders -> analytics,Jan-Mar,"[0.5383, -0.9251, 0.2344, 2.1628, -1.5201, 2.0515, -0.9745, 0.3982]",2020-02-10,04:01:16,Inactive,July,March,2020-2025,2021-05-28 21:48:57,'',Chat,2019-04-09,"-----BEGIN CERTIFICATE-----
RH4Adw0d6FtRUOCIixWxyaSd0oDHeE/+x+UjZA8JBTIM8YPpXa9xYqsrpQzuzhTZ
-----END CERTIFICATE-----",IoT,Statue of Liberty,2019-09-23
Wednesday,"42 10 * * 0,6",Rejected,30 15 * * *,July,8579064595608,2018-04-22 13:53:21,2018-07-29,53.8,2021-10-30T00:00:00Z,Brave,Guest,August,input -> target_col,Friday,ADV-8JLTQIDIQO,2025-04-13,Mobile,2022-06-28,FY 2025,JPY,3.07,Sunday,Omeprazole 20mg,Chat,Homo sapiens,2018-01-23,2019-11-29,January,oliver.king42,2025-01-18,72efd86c-71e5-456d-aa38-41b6569c6d37,2020-10-22,VEJUQUCMPIKEVBE68,2022-07-28,Data Summit 2021,2018-12-29,Brave,3.62,Tablet,2025-11-27,voice_dbb646a2a3bae3bc.wav,2025-10-17,2021-11-20,6.74,117.35,Q3 2024,2001,2019-10-20,Wearable,_ga=2899517878.4432265,40-80,IoT,Great product!,Q1 2021,https://example.com/users/d3b0f370/profile,4.78,2018-07-27,2019-12-11,503488,/var/config/batch_255.yaml,Cholesterol: 128.8 g/dL,57-5005264,Negligible,2023-04-29,2024-10-15,QW7SPYRFL5079EFY1,2019-07-24T04:42:06Z,2024-04-17,Wearable,false,5.4,5.67,1.81,Census Bureau,32 21 * * 1-5,Asia,2015,1.11,Purple,2025-05-04,1 year,192.3,"19 12 * * 0,6",0x4b3ccc13336a14e7e975fcd6af951f8521ff5e46,June,08:42:20,June,2007,IoT,Male,December,BILL-590900,Safari,NO,2018-06-08,2020-12-29,40 16 * * *,Web,4.79,Tablet,Q1 2023,XXXX-XXXX-XXXX-9453,2020-06-10,Social Media,$2b$12$cCFqHEvWWbSfcTTDWCy78jCe1JjuwrM3aPvNLQFqBfarGaEkm68cY,Web,IoT,iOS,2.28,2025-07-13,Phone,Competitor Acme Corp launched AuditTrail Plus,raw.orders -> reports,Q1 2024,"[0.5265, -1.0587, -1.1409, 0.3527, -0.7292, -0.1499, 1.5435, -1.2551]",2018-06-21,20:26:45,Enabled,October,November,Q1 2024,2024-08-03 23:05:20,'',Chat,2021-03-10,"-----BEGIN CERTIFICATE-----
T2zd5TBlUJRaWdUBcLzVRkqkleil3Zx0XLJD26gEKWvNxkV7JM3gjm93GVHEITPO
-----END CERTIFICATE-----",Tablet,Statue of Liberty,2020-05-11
Tuesday,55 15 * * 1-5,In Review,5 7 * * 1-5,October,7202370833585,2019-06-07T20:33:24Z,2022-09-12,92.6,2020-08-07T00:00:00Z,Opera,Admin,January,field_a -> field_b,Monday,ADV-DIAIQD8IHR,2025-11-15,Desktop,2024-06-07,Jan-Mar,CHF,2.09,Saturday,Metformin 500mg,Web,Fe2O3,2025-10-25,2022-09-09,January,lindalewis206,2018-07-15,16b13682-84b0-4e42-b644-f8649f656f89,2020-12-19,D7TMHM34XVLSAPA9H,2021-07-25,Data Expo 2025,2023-05-23,Firefox,7.91,Smart TV,2025-07-28,voice_8190334249214b96.wav,2019-06-05,2020-10-09,2.71,345.76,Q2 2026,2023,2018-01-31,IoT,_ga=0885593428.1035789,10-62,Wearable,Great product!,Q2 2021,https://example.com/users/c8b4d194/profile,3.6,2024-03-29,2018-06-01,727457,/var/data/export_542.csv,Glucose: 129.8 g/dL,78-8431978,High,2018-10-11,2025-10-14,LX6PKD7T3YD92567J,2023-06-25T20:27:41Z,2021-04-19,Tablet,true,7.61,2.76,7.88,Bloomberg,20 19 * * *,Antarctica,2010,2.76,Blue,2025-10-23,1 year,84.71,43 8 * * 1-5,0x56b73135a57b2b3be45c48297f36ab9221f42b18,October,05:38:25,August,1998,Mobile,Non-binary,July,BILL-844586,Brave,false,2020-07-09,2024-02-25,57 22 * * *,Chat,1.46,Tablet,Q1 2021,6011-1072-5027-5825,2018-01-16,Social Media,$2b$12$ivP1pnF7BZwnLRf38EYc1NdxX8HlaU9kTjuoyDE3EHgWbOnJv0NO6,Chat,Smart TV,Android,5.0,2020-06-08,Social Media,Competitor Catalyst Ventures launched AuditTrail Plus,curated.events -> exports,Q1 2024,"[-0.415, -0.2081, 1.4559, 0.6203, 1.2277, -0.2875, 0.2192, -2.0315]",2019-03-01,14:36:40,Active,March,October,FY 2025,2021-06-22 05:18:57,'',Chat,2019-09-23,"-----BEGIN CERTIFICATE-----
u2OyDxM7lCmdYTbXbjVis+xly3X8lAg6h6SGeq8mV0W0SvxGbCASw597YM+iAyUy
-----END CERTIFICATE-----",Tablet,Big Ben,2019-06-15
Saturday,59 5 * * 1-5,Rejected,17 5 * * *,January,5690325019896,2024-10-25T01:40:32Z,2023-05-16,17.3,2025-04-09T00:00:00Z,Safari,Admin,February,field_a -> target_col,Thursday,ADV-R6B7S715XK,2023-01-22,IoT,2019-12-27,FY 2025,USD,7.51,Wednesday,Ibuprofen 200mg,Email,NaCl,2018-12-22,2018-08-06,September,linda.wright885,2025-04-30,7f506356-15cb-4d99-8cb2-6e1b16e7d2fd,2021-05-15,GQTLA0P9WA6KOZII8,2025-11-27,Data Conference 2022,2021-09-15,Opera,2.0,Wearable,2026-12-10,voice_fc21a158cf2f7a52.wav,2025-10-17,2018-05-29,1.85,261.38,Q3 2020,2019,2022-11-20,IoT,_ga=3348886396.5752197,43-53,Wearable,Average experience.,Q2 2025,https://example.com/users/b6d95d2e/profile,6.64,2019-02-24,2022-11-25,460614,/var/logs/export_27.xml,Cholesterol: 150.5 mg/dL,17-4706986,Critical,2018-03-01,2024-03-23,I2AVBECMPAORSCDSV,2025-08-17 10:56:26,2021-01-27,Tablet,false,8.42,1.97,8.72,Reuters,"23 19 * * 0,6",Africa,2022,7.24,Green,2018-03-25,1 year,183.54,52 10 * * 1-5,0x44ff892cfbc734e1caf02b02bbb9449c6cd2a18e,November,08:03:15,January,1998,Desktop,Male,April,BILL-300506,Safari,YES,2019-03-26,2022-09-15,"30 6 * * 0,6",In-Store,1.91,Smart TV,Q2 2024,6011-2345-9266-4666,2023-07-25,Phone,$2b$12$CSLrFmffHI0KaLB3hRs7TGLN7WKAMhMemMMx64uCUgm03qOp2kYh0,Social Media,Desktop,macOS,0.36,2018-01-23,Social Media,Competitor TechCo Industries launched FlexPay Platform,raw.users -> analytics,Jan-Mar,"[-0.2672, -0.2207, -0.4099, 0.4904, -1.0539, 0.2661, 1.368, 0.1003]",2024-05-05,04:31:07,Enabled,January,April,FY 2025,2023-06-09 01:53:48,CURRENT_TIMESTAMP,Mobile,2018-12-28,"-----BEGIN CERTIFICATE-----
UdgjIxtu2fDVHc+qlTTQOAOJvG7TGi0+KICi0WPWDPbuqdhfrsEFyfamxxpGnaeD
-----END CERTIFICATE-----",Tablet,Central Park,2019-02-24
Tuesday,43 11 * * *,Pending,48 3 * * *,November,1791462668486,2023-10-09 04:03:54,2018-10-15,74.6,2024-06-01T00:00:00Z,Firefox,Admin,March,field_a -> output,Saturday,ADV-CASL19OUS3,2021-12-18,Wearable,2022-10-10,FY 2025,AUD,7.04,Friday,Lisinopril 10mg,Chat,NaCl,2018-10-09,2019-10-05,January,patricia.young191,2021-05-11,7f8e491c-fd60-4fc4-807f-04072dfc670a,2019-01-11,7CPP449ELDZZ57G06,2019-08-12,Tech Expo 2026,2024-09-17,Safari,0.7,Tablet,2019-11-20,voice_1a59ac88c52bb877.wav,2022-12-16,2022-12-14,8.39,261.67,Q1 2022,2015,2023-01-16,Mobile,_ga=1152787004.5317770,44-93,Wearable,Great product!,Q2 2025,https://example.com/users/494f0445/profile,9.37,2018-06-06,2021-10-28,809622,/var/exports/batch_742.parquet,Hemoglobin: 239.1 mg/dL,92-2623413,Critical,2018-07-06,2020-03-09,MD4GXFWLDJZ11Z4TR,2026-12-23T02:09:37Z,2022-10-25,IoT,true,8.51,5.27,2.07,Census Bureau,29 13 * * 1-5,South America,2020,8.14,Brown,2021-06-09,1 year,800.8,22 22 * * 1-5,0xadb147f7f472e096ed831374b8c2cc1dc62771ae,August,00:22:54,April,1997,Desktop,Other,November,BILL-548497,Safari,false,2023-10-17,2018-07-14,52 3 * * *,Email,7.13,IoT,Q1 2021,4269-8426-5035-5133,2024-02-05,Email,$2b$12$Q0tBg8KLCFajJBLsoWQFOps2EeAbldi9nClO78QRS50Tdqa5Pcmdk,Phone,IoT,Chrome OS,3.42,2025-10-23,Social Media,Competitor Alpine Systems launched Sentinel Monitor,staging.events -> exports,Jan-Mar,"[-1.6675, -0.1816, -0.2437, 1.0721, -0.1833, 0.0426, -1.5311, -0.4125]",2022-12-13,21:41:33,Inactive,June,March,Q1 2024,2018-06-03 08:11:42,null,Email,2019-01-17,"-----BEGIN CERTIFICATE-----
RQIgvg+TUDKP8pDePapX7bbDfj0JEqvqEVhwc3HPdMSis5/1DsLkwfG9ngEocCrE
-----END CERTIFICATE-----",IoT,Eiffel Tower,2026-02-11
Sunday,41 11 * * *,In Review,"24 6 * * 0,6",January,5644454172275,2019-03-04 01:16:38,2020-07-23,45.0,2025-08-20T00:00:00Z,Brave,Admin,November,source_col -> field_b,Sunday,ADV-1U6PJJRYU9,2022-12-25,Smart TV,2026-02-20,H2 2023,EUR,1.03,Thursday,Metformin 500mg,In-Store,H2O,2023-05-29,2024-12-05,March,richardthomas752,2024-12-04,e73037b4-52cd-476b-b5a9-ed876ee86c53,2025-09-09,BDS5LAQCWUDV91ITK,2019-03-02,Annual Expo 2024,2025-05-18,Firefox,9.09,Desktop,2024-08-25,voice_5011d61fb76da3bf.wav,2021-11-11,2020-03-18,8.17,104.04,Q1 2025,2018,2024-07-05,Smart TV,_ga=2757162759.6756889,3-99,Mobile,Average experience.,Q1 2021,https://example.com/users/f0dc9f72/profile,7.41,2018-02-25,2026-04-11,840459,/var/tmp/export_556.parquet,Glucose: 264.6 mg/dL,96-3538632,Medium,2021-11-10,2021-04-13,GQDNV6U3NN0B4UL2U,2018-09-21T07:18:06Z,2018-02-02,Wearable,false,1.14,1.22,4.93,CDC,50 5 * * *,Antarctica,2022,6.27,Gray,2024-09-28,7 days,194.7,18 10 * * 1-5,0x449fccd10c8e7284e9c6b3dcf34e7d07bd7e9b9c,November,19:39:11,November,1997,IoT,Other,December,BILL-859964,Opera,NO,2023-02-12,2024-04-19,"47 23 * * 0,6",Web,9.76,Desktop,Q2 2025,6011-9454-9650-3291,2018-03-14,Email,$2b$12$IA5VJHHiImeVE4PA0G7Po8GxZU2sQiYZIT6o32jv9uRmQtRGu9NKT,Mobile,Smart TV,Windows,4.03,2020-01-06,In-Store,Competitor Pioneer Software launched FlexPay Platform,raw.orders -> exports,Q1 2024,"[-0.8453, -0.4949, -0.5376, -0.7595, -0.6838, 0.3175, -1.3849, 0.4138]",2025-06-20,21:19:57,Enabled,November,February,Jan-Mar,2022-09-02 00:01:20,CURRENT_TIMESTAMP,Social Media,2023-05-29,"-----BEGIN CERTIFICATE-----
EMRexu0bT2pLBi+ssCUaAPOtDgRuBP0lksM9PoEhy+CPE1IVhGgMdlACYvngVnbk
-----END CERTIFICATE-----",Tablet,Central Park,2026-06-21
Wednesday,"36 0 * * 0,6",Approved,29 9 * * *,August,2467318230247,2019-04-14 12:26:09,2020-09-13,8.7,2019-10-10T00:00:00Z,Opera,Owner,December,field_a -> field_b,Thursday,ADV-CO3O8IN4XJ,2025-06-04,Smart TV,2021-11-28,Q1 2024,CAD,9.94,Wednesday,Albuterol 90mcg,Web,E. coli,2024-01-27,2018-08-06,February,noahdavis801,2018-12-10,0f71c45d-b842-4a59-9523-06ca49c6e7ac,2023-09-12,EA492U9I7TK51NJCO,2021-07-24,Global Expo 2025,2022-08-21,Brave,0.12,IoT,2021-07-21,voice_587b19fa110c9da3.wav,2019-04-24,2024-12-24,4.69,267.54,Q4 2025,2003,2022-12-19,Desktop,_ga=8235730620.7647464,47-56,Tablet,Not recommended.,Q3 2021,https://example.com/users/0bcde26f/profile,6.54,2022-12-21,2020-11-11,624953,/var/exports/batch_325.json,WBC: 231.4 mg/dL,41-3747041,Negligible,2020-05-22,2021-04-18,8RTXL7E6EDQ8I5UXT,2025-02-03T09:23:00Z,2018-05-11,Mobile,true,9.1,8.67,5.04,Eurostat,48 5 * * 1-5,Asia,2021,2.51,White,2024-09-30,1 year,983.43,"40 7 * * 0,6",0x91277ab5a3b742110e4a1c1a93f7540ac2c6a9f4,July,06:29:31,May,1992,Wearable,Other,April,BILL-388246,Brave,YES,2020-10-09,2025-10-22,"2 18 * * 0,6",Email,2.28,Desktop,Q4 2020,4557-9285-4432-1645,2018-01-24,Mobile,$2b$12$XVSeycLoiIGT9xSsew7UKJujZPKheos41AoOOwMJZ5pDdCz2hNfjU,Social Media,Wearable,Linux,6.92,2025-01-22,Web,Competitor Pacific Research Group launched CloudGuard,staging.users -> reports,H2 2023,"[0.995, 1.0106, 0.4397, -0.6571, 0.0932, 0.1574, -0.0299, 0.1458]",2018-09-18,02:20:57,Active,December,January,Jan-Mar,2022-08-12 10:56:08,CURRENT_TIMESTAMP,In-Store,2026-11-01,"-----BEGIN CERTIFICATE-----
IzbuSsm8/4EdZofxxJq7w02Q32fkgLWt2m201dMhodI7O+RXgtg4YaCKx8Sr04La
-----END CERTIFICATE-----",Smart TV,Statue of Liberty,2021-03-07
Saturday,51 0 * * 1-5,In Review,49 5 * * *,November,0873015325841,2021-02-03T21:36:18Z,2021-01-22,75.5,2025-05-26T00:00:00Z,Safari,Owner,December,source_col -> field_b,Wednesday,ADV-R2LQ5EWCOP,2019-10-12,Wearable,2021-08-30,Q1 2024,CAD,7.44,Thursday,Albuterol 90mcg,Email,E. coli,2025-02-21,2022-11-03,March,emma.king903,2020-04-04,fb0b7948-3061-49ea-b28d-78aa55656191,2020-11-25,0KGJRV3KKXSUMRN9D,2023-09-27,Tech Conference 2022,2025-03-17,Chrome,5.02,IoT,2023-05-22,voice_6cd8499080c13f86.wav,2021-11-11,2023-01-27,4.62,326.65,Q2 2021,1997,2026-03-28,Desktop,_ga=6325305702.3999829,27-69,Desktop,Needs improvement.,Q4 2024,https://example.com/users/8c8b994f/profile,1.98,2021-03-09,2021-07-19,924916,/var/logs/batch_286.log,Hemoglobin: 88.9 g/dL,70-5386712,Negligible,2026-03-09,2022-04-13,Y4EDUOHA6S0W0UBVP,2025-08-16T23:27:46Z,2018-02-08,Tablet,false,1.64,9.8,8.15,Reuters,48 11 * * 1-5,Asia,1991,4.74,White,2026-06-25,indefinite,38.46,"31 23 * * 0,6",0xdeb04e3301dbc26845d1e09c341804f80b237a7b,September,22:30:18,May,2022,Smart TV,Female,April,BILL-814343,Edge,NO,2018-08-18,2024-06-14,34 9 * * 1-5,Social Media,6.36,Tablet,Q2 2021,6011-3348-2957-2064,2019-12-18,Chat,$2b$12$zsqma7PAkJwRmc4lrAzZfRTES9whesjuVR5YH3tWo72rJzdA0TAmc,Social Media,Mobile,Android,8.54,2018-01-07,Social Media,Competitor Pacific Research Group launched StreamLine ERP,raw.events -> analytics,Q1 2024,"[-2.2598, 0.8938, -0.565, 0.6789, 1.0886, 0.9275, -1.2607, -0.2178]",2022-08-23,01:34:23,Active,March,March,H2 2023,2026-12-22 23:53:37,null,Phone,2024-06-12,"-----BEGIN CERTIFICATE-----
OlAXErbyvCzD782vQND2EAG49yfZU3TdKFmu+SEtiMilnICA/Z+PqiQYcphDON3T
-----END CERTIFICATE-----",Desktop,Big Ben,2022-03-05
Saturday,2 0 * * 1-5,In Review,"32 10 * * 0,6",August,3507497174417,2019-02-19T15:06:36Z,2019-07-22,80.8,2026-06-07T00:00:00Z,Opera,Guest,October,field_a -> field_b,Saturday,ADV-GA0T4SFJ3D,2022-12-29,Tablet,2025-06-27,Q1 2024,INR,4.17,Wednesday,Ibuprofen 200mg,Phone,NaCl,2022-02-14,2026-09-28,October,susan.moore364,2018-09-21,d80238f9-417f-4717-b39a-5f871e5845aa,2019-11-14,B4ZVJYJHN3WXZ2DNM,2021-11-21,Tech Forum 2026,2025-07-05,Brave,0.9,Mobile,2021-05-31,voice_07fd6d5446f8d8b4.wav,2019-02-27,2022-09-21,0.56,65.7,Q2 2024,2000,2021-12-09,Wearable,_ga=9788302619.2180169,31-52,Wearable,Average experience.,Q1 2020,https://example.com/users/f23506a4/profile,0.65,2021-09-10,2021-11-21,665636,/var/uploads/batch_834.yaml,Hemoglobin: 81.4 K/uL,33-8013838,Low,2020-02-18,2023-12-08,GNVDZ8SZH78WQMZHD,2024-08-24T08:54:22Z,2025-11-28,Desktop,false,8.55,9.27,7.6,CDC,7 11 * * 1-5,Europe,2006,0.85,Purple,2019-04-11,1 year,725.51,18 8 * * *,0xbc40b280a98278d2235f23d1b8b5808aae92de35,March,20:24:43,February,2006,IoT,Female,October,BILL-459084,Brave,YES,2025-10-28,2023-11-15,"57 1 * * 0,6",Chat,4.18,Desktop,Q1 2022,6011-1912-0544-5849,2025-04-21,Mobile,$2b$12$nUqJD4ww93yQ9inCqqoGdj3OBTrTDuEH6ZxMs1pk3OYev6R7iR0yP,Chat,Smart TV,Android,3.45,2021-04-08,In-Store,Competitor Global Solutions launched Sentinel Monitor,staging.events -> analytics,Jan-Mar,"[-0.7758, -1.1965, 0.3109, 0.5625, 0.7797, 0.2504, 0.5982, -0.7772]",2022-06-16,12:11:51,Enabled,February,October,Jan-Mar,2022-06-09T03:53:59Z,false,Phone,2025-06-23,"-----BEGIN CERTIFICATE-----
zUNfnGYYAvD4vSkuBITljOPyy/CWfbcPr2lvkj4cH6eKEMfU8i4MR+vYvwf3o/aG
-----END CERTIFICATE-----",Wearable,Central Park,2018-03-09
Saturday,54 3 * * 1-5,Pending,28 15 * * *,January,5336956917388,2024-11-07 20:54:38,2018-04-11,7.0,2021-02-15T00:00:00Z,Opera,Viewer,October,input -> field_b,Friday,ADV-C7H952S3AG,2024-06-18,IoT,2019-11-09,Q1 2024,GBP,5.06,Monday,Metformin 500mg,Chat,E. coli,2024-01-06,2026-08-02,November,robert_wright814,2025-04-18,d715f3b9-e6ed-4550-a846-874d60857a2a,2025-11-19,8O3AX1WTCJG08J3Q4,2022-12-21,Global Expo 2021,2025-02-20,Firefox,9.86,Wearable,2023-10-25,voice_414b7f1154e84052.wav,2021-01-07,2026-02-10,3.78,30.89,Q3 2026,2014,2019-06-11,IoT,_ga=3575275367.7388015,42-73,Wearable,Excellent service.,Q4 2022,https://example.com/users/79c521c0/profile,9.25,2020-12-03,2024-07-28,817368,/var/uploads/daily_696.csv,Hemoglobin: 159.5 g/dL,43-8773176,Critical,2018-04-01,2020-05-23,KH0YY9QBDJDZDATYK,2026-09-27 02:49:54,2023-11-26,Wearable,true,9.46,3.36,8.32,Census Bureau,47 22 * * *,South America,1991,4.7,Orange,2020-02-28,7 years,822.44,55 14 * * 1-5,0x65d579b822521ed67caef517ce456f1c0d0484fd,January,06:08:31,November,1995,Wearable,Female,November,BILL-743039,Firefox,false,2026-01-31,2021-01-10,42 12 * * *,Web,8.77,Desktop,Q4 2024,3787-0280-6459-4978,2023-02-09,Social Media,$2b$12$dVTvcNYh5EiXvwFia041kQi97EX4T2e5UYUw04LoKCWcyu0Hkn6QV,Chat,Smart TV,Windows,7.33,2026-06-04,Web,Competitor Pacific Research Group launched StreamLine ERP,staging.events -> analytics,H2 2023,"[-1.0857, -0.8728, -0.1674, 0.3944, -0.7549, 0.6521, -1.7996, 0.1577]",2022-03-29,20:54:38,Active,May,January,H2 2023,2019-05-01T20:20:20Z,CURRENT_TIMESTAMP,Phone,2026-10-21,"-----BEGIN CERTIFICATE-----
M++4W/Z76fowc7Tm0LON/zxqXfbidTxYSb00KzGc+nw4Yv3LWfxx4FhDJ0UPupvP
-----END CERTIFICATE-----",Smart TV,Big Ben,2019-08-21
Friday,"0 13 * * 0,6",Pending,16 21 * * *,August,5055322148188,2024-11-01 04:33:20,2023-06-01,26.8,2026-06-25T00:00:00Z,Brave,Guest,November,field_a -> target_col,Sunday,ADV-MTAZDBF5G4,2023-01-01,Tablet,2024-02-14,2020-2025,EUR,2.8,Saturday,Metformin 500mg,Email,NaCl,2018-03-18,2021-09-13,July,mason.thompson217,2026-10-01,c4485d27-fdb2-42a2-8a6d-80844a89bb73,2020-01-28,XE2RRHQJOQEPIX5HF,2023-01-09,Tech Forum 2022,2026-07-29,Chrome,2.28,Desktop,2025-06-23,voice_7929af251818143b.wav,2022-12-27,2026-11-03,5.68,165.15,Q1 2021,2019,2026-03-10,Desktop,_ga=7263205307.8416588,22-87,Smart TV,Excellent service.,Q2 2023,https://example.com/users/44ff74f9/profile,7.69,2023-09-27,2026-05-23,916090,/var/config/batch_768.json,WBC: 244.5 g/dL,19-3376172,Critical,2022-08-01,2023-11-05,ZR74ON3R0GGZVF5Z6,2024-08-11 08:54:23,2018-02-02,IoT,false,9.83,6.88,8.45,CDC,"1 23 * * 0,6",Oceania,2025,6.41,Purple,2020-03-30,7 days,289.2,"50 11 * * 0,6",0xaf1c600cd7cde08864f2a4eba7c043bf858b176b,May,23:44:27,February,1994,Smart TV,Other,February,BILL-404730,Safari,true,2024-10-12,2020-07-24,55 9 * * 1-5,Email,2.09,Desktop,Q4 2024,XXXX-XXXX-XXXX-0582,2025-11-08,Phone,$2b$12$TQ1YPpBuBJXo5Lsv0egmt7zTsiCtBmZgP6sB0v8XNmmStKg2dPxAg,Mobile,IoT,iOS,2.45,2022-06-22,Mobile,Competitor Vertex Technologies launched StreamLine ERP,staging.orders -> exports,FY 2025,"[-0.0458, 0.0611, 0.0737, 0.7806, 0.0448, -0.503, -1.2262, 0.456]",2025-04-16,21:58:46,Inactive,December,December,2020-2025,2024-02-12T09:29:24Z,'',Social Media,2023-11-10,"-----BEGIN CERTIFICATE-----
3ZdjOwSSgJNFXvJhrF1IxmYR0+tEYtsI7UnjyX4DyGjUUlkWOIP8f6sXh33/WlU0
-----END CERTIFICATE-----",Mobile,Big Ben,2018-07-17
Friday,"0 3 * * 0,6",Approved,"12 3 * * 0,6",May,8427870381461,2019-07-19T11:20:03Z,2026-09-04,57.5,2025-08-21T00:00:00Z,Edge,Editor,April,field_a -> field_b,Sunday,ADV-J5CQGSB4QJ,2018-01-28,Tablet,2020-05-26,Q1 2024,CNY,8.1,Sunday,Lisinopril 10mg,Mobile,Fe2O3,2020-12-04,2021-03-14,November,amy.rodriguez444,2025-12-22,a9f6537b-9e0e-4f9d-9a94-65ef14352953,2022-06-14,R2UJXV0CXMY0YRNH9,2018-08-01,Global Expo 2024,2020-09-08,Brave,6.91,Desktop,2022-12-28,voice_7d2581f0ceb29301.wav,2023-07-31,2022-10-24,6.0,108.62,Q4 2024,2018,2026-05-03,Smart TV,_ga=8794895008.9310765,0-95,Desktop,Great product!,Q2 2021,https://example.com/users/89e43415/profile,5.84,2020-02-15,2026-02-25,402210,/var/uploads/batch_522.csv,Hemoglobin: 273.0 g/dL,18-5394550,High,2023-02-05,2024-03-01,AYDR41CILGUXF1O7I,2019-02-22 18:53:36,2026-02-04,Desktop,false,4.48,4.25,5.68,Eurostat,6 15 * * *,Oceania,2006,1.59,Blue,2021-11-28,indefinite,309.06,57 0 * * 1-5,0xff56a8e549340689e2747b3a26c1810038dc4013,March,08:17:33,July,2011,Tablet,Other,April,BILL-543278,Safari,NO,2023-12-12,2018-06-14,52 5 * * 1-5,Mobile,7.57,Tablet,Q3 2023,5465-6552-9645-0528,2020-08-12,In-Store,$2b$12$KIs1wrtP20GgVY03jfr2ZZ7hjpD9cVZklXRduG43eQeCAuP7MjhuH,Chat,Smart TV,iOS,0.69,2025-05-19,Social Media,Competitor Pioneer Software launched Sentinel Monitor,raw.users -> reports,Jan-Mar,"[-0.6991, -0.6436, 0.2266, 1.2453, 1.5622, 0.1448, -0.5164, -1.1574]",2021-09-11,03:17:42,Active,January,March,FY 2025,2021-06-24T10:08:35Z,CURRENT_TIMESTAMP,Email,2021-01-17,"-----BEGIN CERTIFICATE-----
Ie6dZLUz0Yi+78zIjQI1Z098L2GxgBrOYtXMQtjZAD8gdqEi5qT4sjk29pWndjqN
-----END CERTIFICATE-----",Desktop,Central Park,2019-06-26
Thursday,10 1 * * 1-5,Approved,8 6 * * 1-5,July,1123724528861,2024-12-20 01:53:58,2025-10-30,68.7,2024-01-24T00:00:00Z,Chrome,Admin,December,input -> output,Tuesday,ADV-FSBWIZ2RDP,2020-12-10,Smart TV,2023-06-12,Jan-Mar,CNY,5.27,Wednesday,Metformin 500mg,Mobile,Homo sapiens,2023-02-18,2026-05-02,July,masonyoung468,2024-01-26,fefb56c2-b394-466e-80a4-1c92ca689aa9,2023-05-20,VZFFNHF7INE78P4XL,2020-10-06,Annual Conference 2024,2022-07-24,Safari,6.79,Mobile,2025-05-08,voice_e7a629aa53f7c1d1.wav,2024-07-24,2026-11-22,5.61,242.18,Q3 2022,1999,2022-12-30,Mobile,_ga=0178111389.7456841,50-57,Wearable,Great product!,Q2 2026,https://example.com/users/ba64baed/profile,2.95,2019-06-04,2020-11-25,855786,/var/config/daily_53.csv,Hemoglobin: 80.2 g/dL,69-5399144,Low,2020-06-04,2026-10-08,97Q0B2T8LZD896P9F,2018-01-11 04:30:49,2022-08-28,Wearable,false,5.09,7.54,4.35,CDC,"38 11 * * 0,6",Antarctica,2015,7.21,Red,2020-11-29,7 days,162.09,17 6 * * 1-5,0x2f6ff841fab7946d8276931f9d2f9025c290968f,November,20:22:29,August,2012,Tablet,Other,April,BILL-388429,Brave,NO,2025-03-17,2021-12-24,2 21 * * 1-5,In-Store,0.86,Wearable,Q3 2024,4922-6621-7277-4094,2020-03-28,Web,$2b$12$iTPcA8MRkpkagIiKCrAp9tSaM2DCJRmb9GjWrxzS8DpA2TME4d8zH,Phone,Smart TV,Android,5.43,2026-05-15,Web,Competitor Quantum Dynamics launched SmartHub X1,curated.orders -> exports,H2 2023,"[1.346, 1.2955, 0.8681, 0.5059, 0.7968, 0.3123, 0.9682, -0.412]",2018-10-25,05:13:56,Enabled,January,October,Jan-Mar,2020-10-13T00:35:26Z,CURRENT_TIMESTAMP,Mobile,2023-04-03,"-----BEGIN CERTIFICATE-----
Yi4DBqBQJuA7vC7M0kXrAT0BdBPt6Xmua3TnWBka1qfFoQtbwrfvqZI2a8SURb/5
-----END CERTIFICATE-----",Wearable,Golden Gate Bridge,2022-10-09
Monday,"43 11 * * 0,6",Rejected,36 15 * * 1-5,August,1568967174863,2023-04-02T22:49:02Z,2021-12-18,92.5,2019-02-13T00:00:00Z,Chrome,Editor,June,input -> field_b,Sunday,ADV-R5CWMV8TVR,2018-08-05,Mobile,2021-11-08,2020-2025,CHF,6.18,Monday,Ibuprofen 200mg,Email,Fe2O3,2024-11-01,2020-05-27,November,john.robinson39,2024-02-06,b466fbef-adb7-4ffe-8883-807a2f2a6b2f,2022-07-14,Z00O9DXC2KVWKXAD1,2023-07-26,Global Conference 2021,2020-02-29,Opera,2.62,Tablet,2021-12-11,voice_3b47234c20d31f99.wav,2023-04-14,2020-02-19,8.69,278.3,Q3 2020,2019,2021-02-22,Desktop,_ga=8712143993.4209260,49-80,Desktop,Not recommended.,Q1 2026,https://example.com/users/65f65106/profile,7.66,2024-04-19,2018-10-24,135725,/var/exports/export_632.json,Cholesterol: 92.9 mg/dL,56-4419141,Negligible,2023-11-01,2019-12-09,MVN80VTCBABM8XWLL,2026-11-04 17:23:14,2018-06-29,IoT,true,2.23,5.02,4.94,CDC,34 23 * * *,South America,2021,2.79,Red,2023-12-13,30 days,21.98,"28 19 * * 0,6",0xb8615a2848ea2162d7ac9e096b07fd5b2074c6ce,August,04:32:03,January,2003,Desktop,Non-binary,January,BILL-835921,Safari,NO,2026-08-08,2026-10-21,40 15 * * *,Social Media,8.89,Desktop,Q4 2024,XXXX-XXXX-XXXX-0825,2025-06-21,Phone,$2b$12$TG8LU2S5qcmFOPQfewy7WD3bn26OaW5IJHtEKwdlpcoAIxMIACZCg,Phone,Desktop,Chrome OS,7.08,2025-03-23,Social Media,Competitor TechCo Industries launched NanoCore SDK,curated.events -> analytics,2020-2025,"[1.3974, -0.5313, 1.0597, 1.0482, 1.347, -0.5261, -0.3349, -0.8527]",2018-08-18,20:20:40,Active,February,February,2020-2025,2022-10-20 18:36:44,'',In-Store,2018-09-09,"-----BEGIN CERTIFICATE-----
L96M+xRaR4dbwnRBGMd4nO5uRQ0NIWePK3d/WDw75U8dkdTlvJhzjbNQb9O8aWdQ
-----END CERTIFICATE-----",Mobile,Golden Gate Bridge,2018-10-10
Thursday,"36 9 * * 0,6",Pending,"16 11 * * 0,6",April,6622536218337,2018-03-10T16:11:04Z,2023-07-15,12.6,2022-07-22T00:00:00Z,Edge,Viewer,February,source_col -> field_b,Monday,ADV-YZ3R2YGP4V,2019-01-22,Smart TV,2022-02-03,Jan-Mar,GBP,9.07,Saturday,Metformin 500mg,Social Media,Fe2O3,2024-04-29,2025-03-28,September,elizabeth.young583,2024-11-03,d354d92e-7138-4a90-933f-efdbd3ac200d,2021-05-12,G3EL6OCO9PPGBIOFN,2023-10-20,Annual Expo 2022,2025-08-07,Firefox,2.93,Tablet,2026-05-14,voice_c9d0647716f11cb8.wav,2022-04-20,2022-10-08,0.6,272.02,Q2 2026,2001,2021-09-25,IoT,_ga=5846736005.7514560,5-56,Mobile,Great product!,Q3 2025,https://example.com/users/a3d5f9cb/profile,2.04,2023-09-21,2018-05-30,697761,/var/tmp/batch_331.xml,Glucose: 271.9 mg/dL,46-7218348,Low,2018-01-23,2026-03-12,HYTR6IKLWPI0GQBEZ,2020-02-26 00:39:45,2020-10-27,Desktop,false,4.08,2.33,4.15,Bloomberg,21 22 * * 1-5,Asia,2008,9.45,Orange,2021-10-07,7 years,400.82,40 5 * * *,0x08c8014672bf9ff23636041e698e829e1da62b68,November,17:15:35,October,2012,IoT,Non-binary,December,BILL-132722,Firefox,NO,2023-08-29,2020-09-11,49 20 * * 1-5,In-Store,6.33,Desktop,Q4 2025,4385-8154-8283-6393,2023-01-03,Email,$2b$12$RCAGtE28M70qp9BtoS3mzyb4qyOBUp9RgFP2knwy6orbAOSjSNhzO,Mobile,Wearable,Windows,2.98,2018-12-18,Email,Competitor Skyline Partners launched Widget Pro,staging.orders -> reports,Q1 2024,"[1.1916, -1.0843, 0.7409, -0.0506, 0.21, -0.0118, 0.6862, -0.1088]",2021-03-06,08:31:10,Inactive,December,January,H2 2023,2018-04-03 17:01:15,null,Web,2022-09-19,"-----BEGIN CERTIFICATE-----
TiiBS3giXujKLAYEl0Ycy+BGY1Gq+Svpr5dbY4Al6kofLc8Ogab/8aUi57Mh9eHM
-----END CERTIFICATE-----",Mobile,Central Park,2021-04-11
Monday,39 9 * * 1-5,Rejected,"52 14 * * 0,6",June,2635145959476,2018-01-24T22:04:13Z,2024-04-06,59.4,2019-12-04T00:00:00Z,Firefox,Viewer,September,field_a -> target_col,Sunday,ADV-PG302VNVLZ,2022-07-10,Wearable,2023-11-10,FY 2025,INR,7.73,Sunday,Albuterol 90mcg,Email,H2O,2026-05-04,2022-08-02,December,anna.walker700,2021-07-17,f96f5055-2792-495f-aadb-75c8380aab71,2023-03-29,WFRNZW1WNQG85QU0K,2019-03-29,Global Expo 2021,2021-05-05,Brave,3.78,Mobile,2020-08-07,voice_7b500666ad714f33.wav,2019-07-31,2018-07-12,0.73,220.19,Q3 2025,2006,2024-05-13,Desktop,_ga=5311382939.8679537,47-72,Tablet,Excellent service.,Q1 2022,https://example.com/users/e7400f33/profile,2.54,2026-04-21,2021-08-13,304402,/var/uploads/export_956.csv,Hemoglobin: 174.1 g/dL,36-3842359,Low,2023-02-18,2021-08-16,5H590ODC5Z3IX240R,2019-02-11 03:22:58,2023-04-18,Wearable,false,3.59,4.89,0.57,Bloomberg,25 14 * * 1-5,Asia,2012,2.05,Gray,2022-06-07,1 year,397.42,50 2 * * 1-5,0x6b808cc6b1dd7b72892c98c070859e737d5e5491,April,18:53:47,July,2024,Smart TV,Non-binary,August,BILL-536665,Chrome,NO,2023-11-26,2026-04-26,3 20 * * *,Mobile,3.31,Tablet,Q2 2024,6011-8216-5596-8301,2019-06-27,Web,$2b$12$ObSHMGTTQQEKqPiey6iCL2GvL91FoR3M5cWjqKUInk75smTCw9SNB,Social Media,Smart TV,macOS,2.6,2022-10-09,In-Store,Competitor Beacon Analytics launched SmartHub X1,curated.users -> reports,FY 2025,"[1.1033, -0.5859, 0.6622, 1.1522, 1.6841, -0.7836, 0.1148, 1.2384]",2019-08-05,02:10:04,Disabled,October,June,2020-2025,2018-09-25T00:13:57Z,'',Email,2026-06-03,"-----BEGIN CERTIFICATE-----
en/xWooZD+iJ+Ax0oHLEG7beGCSyTuHujEiwjZLasaN5kdU2I0qzIr3YoLJIsidB
-----END CERTIFICATE-----",IoT,Golden Gate Bridge,2026-07-26
Wednesday,"42 23 * * 0,6",Pending,11 22 * * 1-5,July,3842438543602,2019-11-22 18:13:11,2024-05-19,82.3,2018-08-08T00:00:00Z,Opera,Viewer,October,input -> output,Thursday,ADV-XPUJTLEF7O,2022-11-29,Mobile,2018-10-06,Q1 2024,CHF,4.57,Saturday,Metformin 500mg,Mobile,NaCl,2026-07-25,2019-11-29,November,oliverrobinson389,2021-01-06,387fb57b-7ba8-4dcf-a860-c98cc00a4c4f,2026-03-28,DU9R01I3X2GZB8ZBY,2024-06-21,Data Conference 2023,2026-03-22,Safari,2.82,Smart TV,2019-11-05,voice_a60ab919bae6a99e.wav,2018-07-10,2020-11-08,3.24,223.0,Q2 2022,2009,2025-07-24,Tablet,_ga=2187534309.9776918,20-58,Wearable,Excellent service.,Q2 2024,https://example.com/users/3acd89b4/profile,2.37,2018-04-13,2019-03-11,276511,/var/logs/daily_953.log,Hemoglobin: 175.3 mg/dL,96-9777463,Critical,2022-08-13,2021-06-05,C9Q94VY8RFDRNUZRT,2019-07-27 12:21:36,2025-11-19,Desktop,true,6.01,1.48,6.03,WHO,"18 6 * * 0,6",North America,2000,4.27,Black,2021-08-08,7 years,997.92,25 16 * * *,0xbfefad8a035051de9eecc8895c2a72caea4bdd61,August,15:40:44,August,2004,Mobile,Non-binary,February,BILL-128492,Opera,NO,2018-08-26,2018-05-20,"3 1 * * 0,6",Phone,9.96,IoT,Q3 2021,3767-9919-0605-4667,2019-12-29,Email,$2b$12$ZLDzwrdrC8vDg8Gy1Ukcsm0o6FZGRMPUm3IqmmjUG2MrlAC93db00,Chat,Wearable,Linux,1.47,2022-10-22,Email,Competitor Acme Corp launched StreamLine ERP,raw.users -> exports,FY 2025,"[1.4651, 0.8206, -0.3299, 0.6324, -1.7861, -0.8606, -0.4426, -0.8553]",2021-11-17,14:19:55,Inactive,August,December,Jan-Mar,2025-04-27 18:17:44,null,Chat,2025-12-07,"-----BEGIN CERTIFICATE-----
d1c7NROZEtzBIN/f3khhR7jhYiQQq3YUHAGEa3xQyLXl5lV86xi/t7OCqtzPFICw
-----END CERTIFICATE-----",Tablet,Central Park,2020-09-15
Wednesday,"34 17 * * 0,6",Approved,"5 13 * * 0,6",August,1358046918428,2023-04-05T16:56:36Z,2023-10-24,46.9,2024-02-24T00:00:00Z,Opera,Owner,November,input -> field_b,Monday,ADV-TN1I3NJ22A,2020-03-16,Desktop,2019-11-11,2020-2025,USD,2.48,Thursday,Ibuprofen 200mg,Phone,Fe2O3,2018-06-18,2021-05-05,December,ethan_jones299,2021-11-14,9ea44075-b624-4aa6-9ec1-0f64b811f0f1,2020-05-30,F151YEGV46QPB4SRY,2022-02-27,Tech Expo 2025,2025-08-19,Firefox,5.1,Mobile,2022-02-21,voice_c26fe6eedc7c5487.wav,2023-12-30,2018-09-30,7.66,4.37,Q2 2020,2016,2018-12-04,Smart TV,_ga=6334110013.8310911,25-95,IoT,Needs improvement.,Q1 2023,https://example.com/users/58761c81/profile,2.92,2026-08-27,2025-01-19,862195,/var/uploads/daily_638.log,Glucose: 53.1 mg/dL,99-2657048,Negligible,2021-06-09,2023-12-19,N77CSZ4F1X23UKOQ5,2019-12-06 03:03:05,2026-08-10,IoT,false,9.02,5.07,4.19,Bloomberg,21 14 * * 1-5,Antarctica,1995,7.87,Yellow,2022-07-07,7 years,77.84,"33 10 * * 0,6",0xe04488eb1df5581d6eaf53367b8f79ee55db607a,March,15:11:24,February,2021,IoT,Female,September,BILL-968173,Firefox,false,2019-04-17,2021-06-10,44 20 * * *,Chat,8.23,Tablet,Q2 2025,3711-6130-4047-7700,2022-01-29,Social Media,$2b$12$6rfyr2NOuZDhIT8ok5yjVOi3TUVzaX207WGY4h0Wppq5TB3Pr6v6m,Social Media,Smart TV,iOS,8.04,2018-04-23,Web,Competitor Acme Corp launched CloudGuard,raw.orders -> reports,H2 2023,"[0.0812, -0.2773, -0.5349, 0.3277, -0.7083, -1.8148, 0.034, 0.579]",2022-10-03,07:57:58,Active,May,August,Jan-Mar,2025-10-02 21:54:58,0,Mobile,2019-04-24,"-----BEGIN CERTIFICATE-----
Ohf/hnZoOEtHohpxJ3krSIDvNdLgpwaYE3tSKtUOHjOMWi6jEFp7JpUv9QJ35IPj
-----END CERTIFICATE-----",Smart TV,Big Ben,2018-12-29
Tuesday,30 10 * * 1-5,In Review,7 3 * * *,January,1294098311153,2021-02-27T03:14:44Z,2025-01-23,87.8,2022-09-08T00:00:00Z,Firefox,Admin,September,source_col -> output,Tuesday,ADV-OLR2FM6KTS,2025-06-25,Desktop,2024-10-12,Jan-Mar,CAD,3.88,Sunday,Albuterol 90mcg,Email,Homo sapiens,2026-02-12,2026-11-14,May,sarah_anderson283,2021-07-06,da20d0d9-9bdc-4fb7-9664-9c32d62478c5,2023-01-09,UN7QTLFYUHFTE8Y4R,2019-03-01,Tech Forum 2026,2025-12-15,Brave,9.43,Mobile,2026-01-17,voice_250d7136ac65c882.wav,2021-05-23,2024-01-10,1.51,167.92,Q4 2020,1995,2018-03-03,Mobile,_ga=6579033153.4483239,10-58,Tablet,Great product!,Q4 2025,https://example.com/users/a0f51c25/profile,1.14,2026-04-27,2021-08-30,313657,/var/uploads/batch_609.json,Hemoglobin: 81.8 K/uL,61-7458593,Low,2018-09-11,2022-08-02,70BNE0YHJN25SFQ7S,2026-06-24T11:57:00Z,2024-07-26,Smart TV,false,7.96,3.57,7.89,CDC,54 23 * * 1-5,Antarctica,2017,4.43,White,2023-05-03,7 days,406.0,49 22 * * *,0xfa72daaaf5298d5898b0b35946100af695abe57f,May,20:07:35,January,2007,Mobile,Male,February,BILL-659437,Edge,true,2019-12-18,2020-01-16,"1 7 * * 0,6",In-Store,7.62,Tablet,Q4 2024,5818-5214-6074-3454,2022-11-21,Mobile,$2b$12$KEnFX6OzsFpDHJyaSpXgFC9NgCw0maFi565rpnOztCyOmBjOlSYMV,Chat,Mobile,Chrome OS,0.74,2020-05-22,Chat,Competitor Vertex Technologies launched Sentinel Monitor,staging.events -> exports,FY 2025,"[-0.7997, -0.1404, 0.8092, -0.2155, 0.1974, -0.179, 0.2072, 0.2941]",2024-09-28,05:56:41,Disabled,July,December,2020-2025,2025-01-25 23:23:18,'',Phone,2023-02-24,"-----BEGIN CERTIFICATE-----
rMNFBO3qlLdSrzn3rR6GxlFWHUeWXw14SbBaB+x/s1q8oOPmp0ZMxRyoKpI6olTO
-----END CERTIFICATE-----",Wearable,Central Park,2021-10-20
Friday,22 15 * * 1-5,In Review,25 17 * * 1-5,May,1802727077327,2021-03-22T07:13:56Z,2021-11-29,18.4,2023-03-22T00:00:00Z,Firefox,Editor,March,source_col -> field_b,Monday,ADV-EJZX5BU3OG,2024-07-04,IoT,2026-08-08,Q1 2024,GBP,6.21,Tuesday,Omeprazole 20mg,Email,Fe2O3,2023-12-18,2018-09-18,August,susan.robinson458,2021-12-30,2f38d893-f51b-4531-ac69-452cd3054e79,2020-06-02,DVWLUDTSXMOSYVEST,2021-02-08,Global Summit 2021,2026-12-17,Safari,6.51,Wearable,2020-02-08,voice_88d5d086b6a62ad7.wav,2022-10-26,2019-10-22,1.75,164.22,Q1 2025,1992,2023-07-26,Smart TV,_ga=8569866473.1944357,10-80,Wearable,Average experience.,Q2 2024,https://example.com/users/7cce0b6d/profile,8.65,2022-01-07,2021-08-24,138166,/var/tmp/export_276.json,Glucose: 159.3 K/uL,31-6523037,Negligible,2023-08-02,2025-03-12,3N6BVI3R17CR9F4YG,2026-12-11T08:58:19Z,2018-10-17,Tablet,true,1.67,4.07,9.35,Bloomberg,49 6 * * 1-5,Antarctica,2004,1.52,Blue,2021-05-25,7 days,192.8,6 12 * * *,0x2c59941a5e59d278ab77e345669fac8b1ebebf9c,March,20:49:54,February,1992,Wearable,Other,April,BILL-155607,Brave,YES,2025-03-05,2025-01-09,49 11 * * *,Phone,5.78,Desktop,Q4 2026,5141-3295-3885-7602,2018-09-18,Web,$2b$12$mwngXzOxr9XfiZ5t1QiqgscscmfqODvW984BYl3qBQjBya2qHGjbQ,Social Media,Wearable,Windows,8.08,2022-03-26,In-Store,Competitor DataCraft Inc launched VaultKeeper,raw.events -> exports,Jan-Mar,"[-0.4555, -0.8685, 0.8063, -0.4719, 0.2526, -0.8564, -0.1371, -0.2521]",2024-12-27,08:08:04,Active,January,July,H2 2023,2022-01-06 10:41:47,false,Mobile,2026-11-02,"-----BEGIN CERTIFICATE-----
0o7PJLHanquUKD6R0gRPC7HtXKW0ILx8WUWmYKBFqmNpYCo1wkZi8mY8RgJaapcj
-----END CERTIFICATE-----",Desktop,Eiffel Tower,2018-12-25
Thursday,33 1 * * *,Rejected,24 5 * * *,February,7422013322711,2025-05-27T21:15:14Z,2024-03-24,27.3,2018-02-20T00:00:00Z,Edge,Viewer,February,field_a -> output,Sunday,ADV-6NUY1QAP4A,2020-08-30,Mobile,2026-10-14,2020-2025,EUR,2.84,Wednesday,Lisinopril 10mg,Web,E. coli,2023-04-08,2024-06-21,November,oliver.king738,2024-09-04,795b5bfb-120a-4edb-bd94-2b4e49b3bff0,2026-04-21,AF01QNUXZA73RGCFQ,2021-01-07,Global Forum 2021,2022-07-04,Chrome,8.0,Desktop,2026-11-18,voice_d067324478980a1e.wav,2023-01-13,2025-03-14,8.26,342.6,Q3 2026,2006,2021-06-24,Desktop,_ga=3082836830.9807147,48-64,Smart TV,Not recommended.,Q3 2021,https://example.com/users/efe0354b/profile,2.74,2020-07-05,2025-08-18,251517,/var/tmp/export_394.xml,WBC: 127.4 K/uL,22-2101568,Medium,2019-01-26,2022-12-08,QSW00P0OMLLCIYUAS,2024-09-13T12:44:35Z,2021-09-05,Smart TV,false,9.77,3.76,7.44,Census Bureau,7 5 * * *,North America,1993,0.0,Purple,2024-03-08,7 days,887.74,59 18 * * 1-5,0x4ec8a3e2dc3985b01bc29685878ac4961affa7f9,September,20:01:02,December,1992,Smart TV,Male,April,BILL-257781,Chrome,true,2025-06-22,2026-07-23,25 22 * * *,Social Media,2.72,Mobile,Q1 2021,5461-1507-5240-4506,2025-02-06,Web,$2b$12$twemVu4z6ra32ybcdsNl3bjuCaBA0f8bnJrrZfJlwdBf2xn8B8TSv,Chat,Desktop,Linux,9.93,2021-01-09,Email,Competitor Vertex Technologies launched DataSync 3000,raw.users -> exports,H2 2023,"[-0.2967, -2.2841, 0.5311, -0.4001, 0.3119, -0.4, -0.1181, 0.9829]",2021-02-01,19:32:16,Inactive,December,June,Q1 2024,2023-10-16T04:56:58Z,false,Mobile,2020-04-09,"-----BEGIN CERTIFICATE-----
PENa2bR2e4ZfIwdQ1+EWZOTRyz7tGW7LirgMQJEtXtsXzSihMM9RnG6mXW+lGg29
-----END CERTIFICATE-----",Desktop,Statue of Liberty,2018-02-01
Sunday,36 0 * * *,Pending,49 12 * * *,June,8840037629273,2022-04-23T13:41:23Z,2021-12-12,97.9,2024-08-09T00:00:00Z,Opera,Editor,May,field_a -> field_b,Monday,ADV-ZUGQ0XINZJ,2018-09-27,Smart TV,2025-02-28,2020-2025,BRL,6.94,Tuesday,Metformin 500mg,Web,Homo sapiens,2024-11-14,2022-06-07,February,richard.rodriguez948,2021-05-18,4e0bd8fe-930f-487f-9797-5bcdfef71fb0,2025-03-25,D53LGG1179EFRFPTI,2019-03-28,Tech Expo 2020,2023-02-16,Chrome,9.24,IoT,2026-11-16,voice_e0bb4ef70c5bbe73.wav,2024-11-28,2025-06-11,4.51,205.23,Q3 2026,2003,2019-03-31,Mobile,_ga=4192608762.4849038,21-56,Desktop,Not recommended.,Q4 2023,https://example.com/users/59b7572e/profile,7.06,2022-10-06,2020-10-28,693161,/var/data/batch_18.csv,Cholesterol: 142.2 K/uL,13-4594001,Negligible,2021-03-01,2025-05-31,ZCIIAS8T6HWWWXCM6,2023-08-11 18:15:19,2020-06-16,Wearable,false,7.17,9.05,6.16,Census Bureau,55 17 * * 1-5,Antarctica,2004,5.2,Purple,2025-11-04,30 days,524.4,"36 18 * * 0,6",0xf66f86a9d22cf6166d69a95970efafc7e4fd532c,May,17:54:21,May,2020,Mobile,Non-binary,November,BILL-874461,Firefox,YES,2025-07-26,2025-10-08,"29 1 * * 0,6",In-Store,7.92,Desktop,Q4 2020,4237-2207-4454-0427,2023-09-24,Web,$2b$12$YQU6hF2hHIIZiuazQ7qhIOpvAF7y27cehlM6tv60wkIOB6uPUDnbS,Mobile,IoT,iOS,6.79,2025-02-24,Email,Competitor Beacon Analytics launched StreamLine ERP,staging.users -> reports,H2 2023,"[-1.102, 0.5039, -0.8248, -1.993, -0.3505, 0.553, -1.1414, 0.8607]",2021-05-12,10:55:08,Inactive,May,February,Q1 2024,2026-09-25 03:39:54,1,Chat,2019-01-13,"-----BEGIN CERTIFICATE-----
aOz/qZjRz0zDkee3JBN2m03G+f0ZNotgcs8SMcFak4xttKdNuFvWKcLWhAbmefhB
-----END CERTIFICATE-----",IoT,Golden Gate Bridge,2024-01-27
Thursday,10 19 * * *,Approved,"52 19 * * 0,6",April,0975282518512,2025-11-01T11:59:49Z,2021-10-27,21.8,2022-05-14T00:00:00Z,Edge,Guest,July,field_a -> target_col,Wednesday,ADV-WFDOUEKH39,2022-06-11,Desktop,2026-05-16,2020-2025,USD,4.7,Saturday,Lisinopril 10mg,Phone,E. coli,2018-05-02,2026-09-22,February,elizabethanderson813,2021-02-09,1b27c9cb-3810-4d31-8257-b54806f37f82,2023-10-20,IYWDF7L30X6HYOJST,2019-07-30,Tech Conference 2025,2024-07-04,Edge,8.76,IoT,2025-03-21,voice_0912d64296c46d47.wav,2025-09-04,2024-03-14,5.22,322.43,Q4 2022,2016,2022-02-17,Tablet,_ga=1645465701.8176193,5-77,Desktop,Great product!,Q4 2025,https://example.com/users/e32e0ef4/profile,4.01,2023-11-11,2020-11-22,350316,/var/tmp/batch_762.xml,Glucose: 213.3 mg/dL,44-6359796,Medium,2019-04-11,2022-09-28,0FJ0M0YG09ASEXAXD,2022-07-08T02:06:35Z,2025-11-03,Tablet,false,0.95,7.94,6.41,Census Bureau,18 7 * * 1-5,Oceania,1996,3.11,Black,2023-08-29,indefinite,194.05,"49 7 * * 0,6",0x5e5299411e28c6777719d223dc69ff7f7be028f3,September,22:48:24,September,2017,Smart TV,Male,January,BILL-397671,Edge,YES,2019-07-08,2021-06-27,24 16 * * 1-5,Email,4.63,Mobile,Q1 2024,6011-7456-8900-1978,2021-10-20,Chat,$2b$12$sA9redCZrT14oenfrh1YueeoImRRzTNnQP8Jet8p50xEUMDP0o2EW,Web,Wearable,Android,9.97,2024-04-07,Mobile,Competitor Beacon Analytics launched CloudGuard,staging.events -> exports,FY 2025,"[0.0163, -0.7177, -2.4975, 1.9367, -2.0128, -0.3957, -0.9609, -0.7801]",2022-11-16,11:44:36,Disabled,September,February,FY 2025,2022-04-02 23:09:08,'',Social Media,2024-08-05,"-----BEGIN CERTIFICATE-----
+2YV860rSht5Cec7laQevaVSlgqnbYA8AopwGh8i0u3kWXs0dSirbHoYJsx0csZQ
-----END CERTIFICATE-----",Smart TV,Central Park,2024-02-25
Monday,"16 6 * * 0,6",In Review,"15 7 * * 0,6",January,7318541637783,2024-12-17 21:07:13,2019-04-09,30.6,2025-01-27T00:00:00Z,Edge,Owner,November,source_col -> output,Thursday,ADV-JUZEAZKY8A,2022-01-31,IoT,2026-01-06,H2 2023,AUD,9.12,Tuesday,Ibuprofen 200mg,Email,NaCl,2026-02-12,2018-07-22,November,sarah.lee427,2018-03-07,7baedfd2-e14d-4cf4-84f3-201d630d277b,2021-08-05,X3BNZR6FLOTRKI3OL,2026-03-25,Global Expo 2022,2019-04-12,Firefox,1.38,Tablet,2026-06-29,voice_fcfcb935ef0c56b3.wav,2022-08-23,2020-10-04,3.99,216.66,Q1 2026,2010,2026-09-23,IoT,_ga=1946751588.7764332,10-68,Tablet,Needs improvement.,Q1 2020,https://example.com/users/2c3933b6/profile,7.52,2020-03-22,2019-02-27,742946,/var/tmp/batch_533.xml,WBC: 169.5 K/uL,65-5829866,Medium,2026-08-28,2023-06-30,QPQXR49CUUGU8HXCY,2022-05-06 19:24:12,2021-02-05,Smart TV,true,7.88,8.74,7.36,WHO,14 21 * * 1-5,South America,1995,0.05,White,2020-03-05,7 years,375.57,32 5 * * *,0xa47fe39c1f8765725cc2bb8cfcc6f8176d8ae49a,June,02:35:48,September,1990,Mobile,Non-binary,March,BILL-881441,Brave,YES,2023-11-17,2018-02-09,49 13 * * *,Phone,1.76,Desktop,Q1 2022,XXXX-XXXX-XXXX-7354,2026-11-07,Chat,$2b$12$IOL6DRtQiUqq2r4wUWow031ClHyoG0dunTex22hkZQxnglf62Ydiq,Phone,Smart TV,Linux,4.74,2019-09-10,Chat,Competitor Acme Corp launched SmartHub X1,staging.orders -> analytics,H2 2023,"[0.2933, 0.1493, -1.3018, 1.0436, -0.2612, -1.7945, 0.1406, 0.2422]",2020-03-16,07:49:10,Enabled,June,June,H2 2023,2026-05-13T07:01:25Z,0,Web,2022-06-01,"-----BEGIN CERTIFICATE-----
TwyPLN2QDvs5AxG2lnmwzoZ7bXNUuZVvUXw6TelI1/wFW9DJcvYUum+UmG79GxfD
-----END CERTIFICATE-----",Desktop,Central Park,2022-06-06
Tuesday,27 13 * * *,In Review,12 22 * * *,November,4723999989438,2026-06-21 05:30:36,2026-06-22,18.2,2023-02-08T00:00:00Z,Brave,Viewer,December,source_col -> field_b,Friday,ADV-DRBDSMHZ1D,2021-08-11,Tablet,2020-08-16,FY 2025,INR,8.01,Thursday,Lisinopril 10mg,Phone,Homo sapiens,2023-03-30,2020-06-24,January,harper.young131,2021-07-21,306f2233-cfa6-471e-a858-b22f91a33e7a,2025-02-18,02QS329Z2IPWUTN88,2024-05-04,Annual Forum 2023,2020-05-05,Safari,9.2,Tablet,2020-06-17,voice_addb70d14248d52b.wav,2020-06-11,2018-02-21,4.15,58.69,Q3 2025,1997,2019-12-03,Mobile,_ga=1787622366.6328886,21-95,IoT,Average experience.,Q1 2026,https://example.com/users/7dc2620b/profile,9.69,2020-07-17,2023-03-21,529903,/var/tmp/batch_14.parquet,WBC: 165.4 mg/dL,82-9771355,High,2018-11-28,2023-01-21,C6DKTX63MJDZ30M05,2019-10-20T22:50:46Z,2021-11-21,Desktop,false,4.67,4.89,8.39,Bloomberg,35 9 * * 1-5,Antarctica,2022,7.64,White,2023-02-12,indefinite,636.24,56 10 * * *,0x2642eb2cb1019fa90e6dd91e0c3051acebd0976f,September,15:57:43,March,2026,Smart TV,Male,August,BILL-773500,Opera,true,2018-01-23,2020-11-15,9 22 * * 1-5,Web,0.17,Smart TV,Q3 2021,XXXX-XXXX-XXXX-1931,2020-07-29,Web,$2b$12$pWGJKsHK9GPkoR4OgegEfwBRAyZHVstealM9Sqb766L4MBa0sZb4k,Social Media,Wearable,macOS,7.09,2025-11-04,Email,Competitor Meridian Health launched AuditTrail Plus,raw.users -> analytics,H2 2023,"[0.4042, -0.2075, 1.1704, 0.7189, 1.9505, -0.5698, 0.0913, 0.6579]",2018-07-06,04:42:48,Inactive,July,November,FY 2025,2022-10-04 20:32:40,null,Email,2024-03-18,"-----BEGIN CERTIFICATE-----
PKEiu1ENP+MOYUIfX452pyDiG9HIwPcSjey/U0uIDKxaB2kq6Pq48vmj7Hc6zdgf
-----END CERTIFICATE-----",IoT,Golden Gate Bridge,2020-09-19
Wednesday,10 17 * * 1-5,Approved,1 7 * * 1-5,December,0595696230649,2026-11-07T14:54:16Z,2020-04-27,23.6,2024-05-14T00:00:00Z,Edge,Owner,May,input -> target_col,Monday,ADV-LAVXE13MJP,2018-03-26,Desktop,2025-12-31,H2 2023,CHF,3.95,Wednesday,Lisinopril 10mg,Chat,C6H12O6,2018-12-19,2018-06-16,September,jennifer.harris387,2021-09-07,e40f7631-e740-4ab3-a39e-5bbc1a06d338,2019-12-19,P4J49AKA0NA5CXZOH,2025-03-06,Data Conference 2024,2022-10-08,Safari,3.54,IoT,2025-03-16,voice_f4f344e131da8a81.wav,2025-05-21,2022-07-02,8.43,170.18,Q2 2026,2021,2024-05-15,Tablet,_ga=9401196511.5351353,0-52,Tablet,Not recommended.,Q1 2024,https://example.com/users/bfe10303/profile,8.92,2018-12-09,2022-09-19,153689,/var/exports/daily_506.xml,Cholesterol: 225.9 mg/dL,60-8423873,Low,2023-06-05,2018-03-27,LPYKSU6S2MXD5X8ZZ,2022-07-25T20:24:44Z,2026-04-09,Mobile,true,3.1,1.61,1.12,Reuters,"37 9 * * 0,6",Asia,2014,5.58,Purple,2026-02-10,7 days,838.07,0 9 * * *,0x577c7cb1a960e76d13fa50270faa7521794d8ef4,November,17:26:44,February,2011,Mobile,Female,January,BILL-618631,Chrome,NO,2021-09-08,2025-03-26,"15 12 * * 0,6",In-Store,3.35,IoT,Q4 2021,XXXX-XXXX-XXXX-3579,2025-10-08,Email,$2b$12$Tk928X8DG0UAeL7GWnJnhHDz1dtENlIcOXWBrSW53yieQMoT5yEI4,Phone,Smart TV,Windows,1.06,2018-06-27,Email,Competitor Pioneer Software launched CloudGuard,curated.orders -> reports,FY 2025,"[-1.0008, 0.3419, 1.4398, -1.6705, -0.2832, 0.0833, 0.4452, -0.0273]",2020-07-06,13:02:22,Enabled,September,December,2020-2025,2020-09-06 09:06:44,false,Email,2024-07-12,"-----BEGIN CERTIFICATE-----
nsN0oGTATw2W0LkQP0DBXK7BsaXcfM2saW8cGCs/DXlK/oQM6crMH/t9MZ4iELxN
-----END CERTIFICATE-----",Smart TV,Statue of Liberty,2021-01-08
Tuesday,"37 20 * * 0,6",Approved,17 8 * * *,July,6542357907884,2024-05-21 20:50:10,2020-10-30,83.3,2019-03-13T00:00:00Z,Brave,Viewer,July,field_a -> target_col,Thursday,ADV-N985NCQL1E,2018-02-26,Smart TV,2022-06-28,2020-2025,INR,0.13,Wednesday,Ibuprofen 200mg,Email,H2O,2023-02-09,2021-06-18,October,olivia_johnson667,2026-06-23,7b07fae8-88d0-4021-bfe5-ec8bf5c7f093,2018-05-15,E69LXCV7BCH9PBMEO,2019-11-18,Tech Forum 2023,2019-11-25,Safari,6.86,Wearable,2022-11-27,voice_3ec95d383e7e93c0.wav,2025-10-04,2026-08-27,3.29,169.26,Q2 2022,2012,2020-01-28,Mobile,_ga=9562940847.8487826,49-54,Desktop,Needs improvement.,Q4 2021,https://example.com/users/8178faaa/profile,6.47,2020-03-12,2023-11-19,947338,/var/config/export_992.parquet,Glucose: 250.9 g/dL,72-1147038,Low,2019-08-20,2026-03-28,TB3ZTZDQ6QS6C2MST,2019-04-09T05:28:13Z,2019-04-14,Wearable,true,4.85,8.15,0.77,Reuters,26 22 * * *,Oceania,2013,0.53,Green,2026-04-17,indefinite,20.77,"54 0 * * 0,6",0x3f269a968def60f027a4da7e4194abc752d27a41,April,12:38:52,September,2020,Wearable,Male,April,BILL-551093,Brave,true,2025-12-22,2019-05-16,"41 22 * * 0,6",Email,3.43,Desktop,Q1 2020,6011-4305-8706-7132,2025-06-19,Email,$2b$12$xheTV9VA0NvkVi2juBcMFcfAZQnYyq7Y4nQFlf4WgdvtKJb1mcmiY,Mobile,Tablet,Android,2.87,2018-08-19,Email,Competitor Alpine Systems launched DataSync 3000,curated.orders -> reports,Jan-Mar,"[-1.9598, -0.2044, 1.9573, -1.5091, -1.694, 1.0103, 0.478, 0.0746]",2024-05-27,20:37:55,Active,October,October,Jan-Mar,2020-09-14 12:39:28,false,Chat,2023-04-03,"-----BEGIN CERTIFICATE-----
uxY02m6WhX96t0g0/VLKYELnBVNhBCwxOxnprJtf1YstZyIhkRv938OSXRRSYu8j
-----END CERTIFICATE-----",Smart TV,Big Ben,2026-11-17
Sunday,"21 19 * * 0,6",Rejected,13 17 * * *,February,0285783179141,2018-12-06T03:51:39Z,2022-02-28,99.6,2025-07-16T00:00:00Z,Edge,Guest,October,source_col -> target_col,Wednesday,ADV-QR33NJS9CQ,2026-06-19,Wearable,2021-01-16,FY 2025,AUD,0.74,Thursday,Lisinopril 10mg,In-Store,H2O,2019-03-15,2022-09-20,June,masonjones165,2026-05-26,1d64c571-2852-467e-8240-8637b5105b2f,2021-10-03,1SPCOZEO0750GK23A,2026-01-13,Data Expo 2024,2019-01-06,Firefox,6.92,Smart TV,2018-10-07,voice_5364cffcdf437dc2.wav,2021-07-05,2025-08-09,1.48,92.53,Q1 2025,2002,2023-11-11,Desktop,_ga=3112605635.6971632,36-53,Smart TV,Great product!,Q4 2022,https://example.com/users/5801b326/profile,8.19,2021-08-30,2024-03-30,552897,/var/data/daily_187.json,Hemoglobin: 264.5 K/uL,12-1305062,Critical,2019-10-18,2020-05-13,G6A9W7QPY1YSMRW7R,2020-01-05T22:17:59Z,2024-08-27,Smart TV,false,7.39,9.07,7.79,CDC,53 10 * * 1-5,Oceania,2006,6.9,Purple,2021-12-19,30 days,339.33,17 4 * * 1-5,0xcb3339663f47e50d4e962bee2b033d47c6c4dbc1,June,08:22:50,November,2013,Desktop,Male,May,BILL-478665,Safari,false,2024-01-31,2025-03-13,"23 17 * * 0,6",Mobile,7.73,Wearable,Q1 2022,5263-9181-0802-5277,2018-12-06,Social Media,$2b$12$EHJiUin2EvHET2v9dK6DuBDndrKxnZhr1KnDnqA8Fe2lrdIJv7LF9,Mobile,Mobile,macOS,5.58,2019-08-10,Social Media,Competitor Quantum Dynamics launched Widget Pro,staging.orders -> analytics,2020-2025,"[-1.7187, -0.8122, -0.8215, -0.8858, -0.1627, 1.2112, 1.2228, 0.4531]",2025-12-03,15:04:41,Disabled,November,June,2020-2025,2025-07-23 21:28:41,CURRENT_TIMESTAMP,Mobile,2020-04-17,"-----BEGIN CERTIFICATE-----
Pxp9JADcPU0jTQrHELRaqdHgWsY+iGYBCkoKrIqgk4L0+JKfLDTz2pgpuABOGz8S
-----END CERTIFICATE-----",Desktop,Central Park,2025-04-17
Friday,"10 11 * * 0,6",Rejected,21 22 * * *,June,9003501143599,2019-11-16 16:47:06,2022-07-27,26.6,2026-10-14T00:00:00Z,Edge,Admin,June,field_a -> field_b,Friday,ADV-GHELALURJI,2020-05-30,Desktop,2018-08-05,H2 2023,BRL,10.0,Sunday,Albuterol 90mcg,Email,Homo sapiens,2018-07-08,2026-07-23,December,logan.clark134,2022-07-26,8274d99e-0038-4a6e-9005-6b0be73051ab,2020-07-15,POPWI7G9TWZRLJP9J,2022-07-20,Annual Summit 2021,2026-09-25,Firefox,2.15,Wearable,2023-03-26,voice_9aa64e48f6e89705.wav,2020-12-06,2021-02-08,7.98,114.26,Q1 2024,1992,2018-04-28,Desktop,_ga=2522782254.9003743,13-69,IoT,Excellent service.,Q3 2023,https://example.com/users/4a82c0de/profile,2.19,2026-06-08,2018-04-07,958047,/var/uploads/daily_915.csv,Glucose: 293.7 K/uL,77-5601385,High,2022-01-29,2020-09-03,9K4GQOJ94E0LMWDAJ,2023-02-26 23:43:26,2023-01-07,IoT,false,6.79,1.59,5.91,Bloomberg,26 14 * * *,North America,2000,3.0,Yellow,2021-08-13,1 year,538.94,44 12 * * 1-5,0x1d56973463b93aaa41295016d344173aeb6bcb17,February,10:10:54,April,2009,Desktop,Male,November,BILL-788509,Chrome,false,2019-07-15,2020-06-30,"29 16 * * 0,6",Email,8.65,IoT,Q2 2023,3721-7381-2133-6992,2020-08-20,Web,$2b$12$1YyoDGLBukyO2sSDvmh4jnEwTgzCYF5KxVFtdfUtu7w7xYdtOSl2O,In-Store,IoT,Chrome OS,4.27,2021-05-25,Mobile,Competitor Beacon Analytics launched VaultKeeper,curated.events -> exports,Q1 2024,"[-1.2238, -0.3347, 0.0843, 0.8267, 0.0623, -1.1096, -0.4062, 0.0387]",2022-05-22,15:07:07,Disabled,January,October,2020-2025,2025-05-14 20:26:07,null,Social Media,2018-12-26,"-----BEGIN CERTIFICATE-----
raihr45B/+Jo1bucO3EGHDp4/Ylkx8jsjQBU/iz5QMsPhEaXZk/ofjvSinR03fv2
-----END CERTIFICATE-----",Desktop,Eiffel Tower,2019-09-14
Thursday,4 4 * * *,Pending,"58 10 * * 0,6",October,2420365049469,2019-09-27 22:43:45,2023-08-07,66.8,2018-08-06T00:00:00Z,Opera,Admin,April,field_a -> field_b,Tuesday,ADV-FFRHIQNCLK,2020-04-22,Mobile,2020-04-20,Jan-Mar,AUD,5.15,Monday,Ibuprofen 200mg,Web,NaCl,2018-11-18,2018-11-20,December,william_young888,2019-06-02,a43cf8e5-1693-4117-8e4f-03ff27d05b3b,2019-01-13,6P1ZI2FBH9CKRO69H,2020-03-05,Tech Forum 2021,2019-07-19,Chrome,2.18,Tablet,2025-10-25,voice_a5b7c809593307d7.wav,2022-02-25,2018-09-30,5.27,4.01,Q2 2024,2010,2024-06-27,IoT,_ga=5947999771.6294202,40-63,Smart TV,Needs improvement.,Q1 2025,https://example.com/users/810e1413/profile,2.85,2022-03-16,2025-09-17,570471,/var/uploads/export_648.json,Glucose: 65.5 g/dL,34-9598791,Critical,2020-06-25,2023-02-21,QK0CVZ5MRLP6BVROT,2026-09-11T07:17:10Z,2026-11-15,Wearable,true,4.21,7.45,6.28,Bloomberg,25 17 * * *,Africa,2003,3.89,Red,2019-11-19,1 year,274.78,38 17 * * *,0x3a3a98735932f2022a4a9cc6b5f2dbba48082d21,July,20:29:44,January,2017,Mobile,Female,January,BILL-393374,Opera,false,2024-09-25,2022-08-08,"15 11 * * 0,6",Email,0.97,Tablet,Q3 2020,XXXX-XXXX-XXXX-5817,2019-11-03,Social Media,$2b$12$kPAcVFu0gPEIJs7cd86Hrjxgbapx37Kbk34GvEpUBxaYod4lWojKR,Mobile,IoT,iOS,0.16,2025-07-09,Web,Competitor TechCo Industries launched NanoCore SDK,raw.orders -> analytics,Jan-Mar,"[-1.4344, -0.6826, -2.5788, -0.0779, -2.2679, -0.0165, 0.0701, 0.6961]",2023-08-16,07:30:08,Enabled,January,May,FY 2025,2020-05-04 12:41:15,1,Chat,2024-04-16,"-----BEGIN CERTIFICATE-----
T/o+RWE1ApnoDFrz5SJo4tZBqB10p2aeNAfjjo5+ijBzuVeQ5ibyYW/J5WLS+dvw
-----END CERTIFICATE-----",Desktop,Big Ben,2022-10-01
Thursday,39 20 * * *,Pending,54 13 * * 1-5,November,3852424616234,2020-01-06T07:10:12Z,2025-05-16,10.6,2023-03-04T00:00:00Z,Brave,Guest,February,input -> field_b,Saturday,ADV-JUM6HSF5JE,2021-11-08,Tablet,2018-12-31,H2 2023,BRL,6.59,Tuesday,Omeprazole 20mg,Social Media,E. coli,2025-07-22,2020-05-08,December,aiden.johnson708,2024-02-20,48bba98f-cef7-4709-baa7-bb69bc58a1b2,2026-06-08,L5KLZZ97GHLF7AT5W,2018-01-10,Annual Expo 2021,2025-05-12,Firefox,4.72,Smart TV,2024-09-03,voice_b9de5e9b1761e333.wav,2019-11-03,2024-09-20,7.5,168.39,Q1 2025,2020,2026-08-04,Desktop,_ga=3745601141.3680770,21-88,IoT,Average experience.,Q4 2025,https://example.com/users/6b4d088b/profile,8.7,2019-01-03,2019-03-10,910787,/var/uploads/batch_654.yaml,Cholesterol: 184.5 K/uL,85-5919484,Critical,2025-03-26,2019-02-14,BQZX5RQRNO8J9DQA7,2020-03-03 04:12:14,2019-08-27,Mobile,false,1.02,8.27,7.42,Census Bureau,3 19 * * 1-5,Europe,2014,5.96,Yellow,2023-03-21,1 year,968.49,"54 2 * * 0,6",0x9f61ba34e77df831b2f45f4dbc1e94567d577271,October,00:15:53,January,2022,Smart TV,Other,August,BILL-754813,Brave,NO,2021-04-30,2023-09-09,36 23 * * 1-5,Mobile,8.5,IoT,Q2 2024,XXXX-XXXX-XXXX-1729,2025-11-05,Chat,$2b$12$aDlAY2nrRXUxqKlnl7WaXiQ7KWYE7U1utG7OEFBGSQfbnbky7W44q,In-Store,Tablet,Windows,4.67,2026-02-17,Phone,Competitor Skyline Partners launched CloudGuard,staging.events -> exports,2020-2025,"[-1.1061, 0.0992, -0.9901, 0.3886, 3.8971, 1.0383, -0.7302, -1.1043]",2020-06-08,15:41:03,Disabled,April,September,Jan-Mar,2019-02-07T23:37:37Z,null,In-Store,2020-03-02,"-----BEGIN CERTIFICATE-----
rZDNMPnI8qQIF39DUXPW5OiSfDdhBBfEhRANcctP7YGQ0uS4pGvHG8TF1NgcJctU
-----END CERTIFICATE-----",IoT,Eiffel Tower,2024-01-27
Wednesday,"15 4 * * 0,6",Pending,"1 2 * * 0,6",June,6245832394550,2023-07-11 23:42:03,2024-11-20,79.9,2019-05-16T00:00:00Z,Opera,Editor,March,field_a -> output,Tuesday,ADV-NLC8ZY9ZHD,2018-06-17,Mobile,2026-05-06,Q1 2024,CAD,6.5,Tuesday,Lisinopril 10mg,In-Store,Fe2O3,2022-12-12,2019-03-21,June,amy_miller77,2021-01-06,3fd58376-773c-4b3b-865d-1a91ce50bd3f,2019-06-22,T9M3F4SMYHMQGQW4I,2022-07-17,Annual Forum 2021,2025-09-12,Safari,3.6,Wearable,2026-05-06,voice_10af7f59ec515eed.wav,2019-11-16,2024-03-07,3.13,185.93,Q2 2022,2022,2026-03-05,Mobile,_ga=6236629000.6113686,48-63,IoT,Needs improvement.,Q2 2024,https://example.com/users/9b607847/profile,6.43,2018-12-15,2019-04-10,867580,/var/data/export_701.parquet,Glucose: 165.0 K/uL,67-3293196,High,2018-06-21,2019-10-04,BIKWG15LJ1WFYY52I,2018-09-23T21:43:34Z,2022-06-02,Desktop,false,5.97,5.62,4.15,CDC,"7 10 * * 0,6",Asia,2026,4.98,Yellow,2024-08-02,7 days,809.14,29 2 * * 1-5,0xf86c3f82cbf2888dafc4c4141a7de81f4c556f00,December,05:39:32,January,2014,Desktop,Other,May,BILL-150466,Edge,NO,2026-04-16,2023-10-16,23 16 * * 1-5,Phone,2.65,Desktop,Q4 2026,3763-7804-8772-3486,2022-02-17,Chat,$2b$12$9aZdhm6MM0JV0Q3LrSxvoTmAMToI4uHcH6WBsqZFwHWHIuXLQ1342,Mobile,Mobile,Chrome OS,3.4,2023-03-28,Chat,Competitor Quantum Dynamics launched SmartHub X1,curated.events -> analytics,Q1 2024,"[1.2, 0.8276, 1.8473, -1.1521, -1.1226, -0.6116, 0.6292, 0.5549]",2022-09-05,17:51:01,Active,January,March,Q1 2024,2019-05-05 03:08:21,CURRENT_TIMESTAMP,Phone,2025-07-12,"-----BEGIN CERTIFICATE-----
hMMf33z9wqwVQQp5YnVMaEElO8mXpVyesbj4Sl/zw5fdTMcStGOQtAxR45JPHb0c
-----END CERTIFICATE-----",Mobile,Eiffel Tower,2020-04-08
Sunday,"12 13 * * 0,6",In Review,17 6 * * *,March,4752307038109,2026-04-01T12:46:51Z,2025-07-29,2.0,2025-02-03T00:00:00Z,Safari,Admin,November,field_a -> target_col,Monday,ADV-7V7E8PH5TR,2026-11-11,Mobile,2021-01-27,Jan-Mar,EUR,8.67,Monday,Lisinopril 10mg,Social Media,H2O,2018-07-15,2026-12-25,September,williamjackson274,2021-09-18,820f99f7-705c-4168-8435-838a0d2adc02,2022-12-25,M5F41MT0ZWVZEKX6V,2024-03-04,Tech Summit 2024,2023-06-03,Opera,2.05,Smart TV,2024-03-06,voice_67ee48fbfff7f9e5.wav,2022-08-06,2023-04-18,1.68,325.76,Q2 2020,2020,2019-05-05,Smart TV,_ga=1762405500.6019331,33-89,Smart TV,Average experience.,Q2 2023,https://example.com/users/b3c8a88f/profile,8.12,2026-07-10,2021-04-30,862797,/var/uploads/daily_190.xml,Hemoglobin: 132.0 g/dL,25-3006702,Low,2019-05-20,2018-06-21,R8EY46RRH9I2URCIH,2024-08-09 06:29:13,2020-08-05,Mobile,false,7.03,2.02,8.31,Census Bureau,22 13 * * 1-5,Oceania,2008,6.43,White,2018-06-22,30 days,899.48,23 7 * * *,0xd65df5cef8ec7eed349c8a8e858c18adcd7f6b4a,August,12:41:02,February,2025,IoT,Non-binary,September,BILL-551886,Brave,false,2024-08-06,2023-02-21,"49 12 * * 0,6",Mobile,1.06,IoT,Q3 2025,5578-0631-7185-8245,2025-12-17,Chat,$2b$12$CcgnNUmuvWbyG4MUx3cUzihtZg4YyXgepNvHknCkBTjsRIrQ81Rog,In-Store,IoT,iOS,5.64,2021-12-20,Social Media,Competitor DataCraft Inc launched StreamLine ERP,curated.users -> reports,Q1 2024,"[-0.5651, 0.0096, -1.7331, 0.3409, 0.6973, -0.0313, -0.2771, 0.2535]",2020-03-12,12:06:42,Disabled,July,March,Jan-Mar,2026-03-08 21:07:22,0,Social Media,2021-11-25,"-----BEGIN CERTIFICATE-----
nRPtWFo6gslKsjSHtjG/DEqk1s5EHxLSW58UWS0B3a8GP8anTkPRYndcnJaI+I3B
-----END CERTIFICATE-----",Mobile,Central Park,2026-11-28
Wednesday,"23 12 * * 0,6",Pending,"32 5 * * 0,6",February,1568028761643,2020-04-10 16:10:31,2025-09-30,87.4,2024-09-17T00:00:00Z,Edge,Editor,September,source_col -> field_b,Tuesday,ADV-7KP7QCSIUF,2022-09-15,Smart TV,2026-01-27,FY 2025,USD,4.98,Tuesday,Omeprazole 20mg,Mobile,Homo sapiens,2024-02-29,2023-06-28,July,harper_martin13,2020-02-28,25d43079-2963-40a7-9a82-46d3885abed2,2018-09-04,R0TILSJZG2DY76UMX,2020-11-12,Global Summit 2025,2024-10-06,Safari,2.47,Smart TV,2025-08-25,voice_4030c8f3f9f18e63.wav,2022-03-15,2023-02-18,9.95,251.44,Q3 2024,2000,2021-09-30,Wearable,_ga=2614389777.5810478,46-83,Tablet,Not recommended.,Q2 2020,https://example.com/users/d1435469/profile,4.12,2025-01-16,2025-09-09,997616,/var/data/export_939.yaml,Hemoglobin: 293.4 K/uL,94-7301978,Critical,2020-12-14,2026-06-28,D31TVVG8CQY3F6CE6,2019-05-14T23:07:24Z,2023-08-30,Mobile,false,2.53,2.49,2.81,CDC,"48 20 * * 0,6",Africa,1998,6.31,Orange,2021-02-21,indefinite,539.45,"57 2 * * 0,6",0xf994bd01cc6cee9ad143f8189fa1117eb0f50c2f,October,10:34:24,May,2022,Wearable,Female,September,BILL-597194,Opera,YES,2020-07-27,2024-07-29,"44 18 * * 0,6",Phone,0.92,Smart TV,Q4 2022,6011-4158-2888-1761,2025-10-24,Social Media,$2b$12$tLgaEpnjWflGP4FqZvxsk59XlqCoruNLGBoGQHcQZ5k8cbRfHUKQ0,Email,IoT,macOS,5.46,2024-05-02,Email,Competitor Beacon Analytics launched NanoCore SDK,staging.events -> reports,2020-2025,"[-1.5102, -1.3768, -1.0574, 0.3492, -1.3855, 0.1765, 1.7843, -0.9364]",2022-04-22,12:18:14,Inactive,April,November,FY 2025,2021-05-21 12:23:33,0,Chat,2019-03-28,"-----BEGIN CERTIFICATE-----
7R3fnls0XiMk13jEJviNvzy4Y9Rh0IV/HN8m+vvDnCvAeoqZ8qpOO+j4B9I7WHAy
-----END CERTIFICATE-----",Desktop,Statue of Liberty,2018-12-10
Sunday,45 6 * * *,Rejected,26 13 * * *,November,5635269651378,2018-08-27 09:34:48,2026-09-27,2.6,2023-04-08T00:00:00Z,Opera,Editor,September,source_col -> output,Friday,ADV-81BC15965O,2021-12-23,Wearable,2021-11-06,H2 2023,USD,1.19,Monday,Albuterol 90mcg,Phone,Fe2O3,2023-04-20,2023-05-26,June,olivergarcia35,2023-12-03,12d60375-b086-4c79-ba45-4c6b298c35c2,2019-02-08,2N6OTWSRQWJFEWE2T,2019-03-30,Data Expo 2021,2024-01-03,Brave,2.76,Smart TV,2021-05-10,voice_23e4e8a36bb820f2.wav,2021-11-11,2021-07-06,7.98,301.02,Q2 2024,2022,2025-05-19,IoT,_ga=8285732477.7619683,50-52,Wearable,Great product!,Q1 2021,https://example.com/users/a095a1d4/profile,8.61,2019-04-30,2026-07-19,892540,/var/uploads/batch_766.csv,WBC: 179.0 mg/dL,43-5550699,High,2020-06-11,2024-04-06,UJCVTNZPTB0NGUADZ,2025-04-26 06:10:04,2021-09-02,Smart TV,false,6.97,0.62,8.98,Census Bureau,31 14 * * 1-5,Africa,1993,4.08,Orange,2018-12-16,1 year,909.78,"15 1 * * 0,6",0x102e384b84dbebc3e3beb213b121405ebab51d16,April,07:16:45,November,2007,Desktop,Other,January,BILL-755637,Edge,false,2025-09-19,2021-07-09,"27 10 * * 0,6",Mobile,7.03,IoT,Q2 2024,XXXX-XXXX-XXXX-5813,2020-05-21,Mobile,$2b$12$7HSQ4Sqa77VS3YoDQNHOJ3K8JOU50mwWjTnKG2Mxax8hLCm48uAYX,In-Store,Smart TV,Android,2.77,2018-10-14,Mobile,Competitor Vertex Technologies launched Widget Pro,raw.users -> exports,FY 2025,"[0.641, 1.3716, 0.7699, 0.4443, 0.2752, 1.0252, 0.7072, 1.8803]",2026-11-21,10:54:58,Inactive,June,June,H2 2023,2025-09-18 10:31:43,null,Chat,2021-01-25,"-----BEGIN CERTIFICATE-----
W4nTFydr1Ccc1OGSO34fk28IrdUrAbYvg8ds9GEdWYeDanfzuGyh3/VEt33oBA5x
-----END CERTIFICATE-----",Desktop,Eiffel Tower,2018-08-02
Sunday,10 15 * * 1-5,Pending,"59 5 * * 0,6",April,4664102862936,2019-05-11T20:50:02Z,2022-03-08,2.8,2022-07-03T00:00:00Z,Safari,Admin,February,source_col -> field_b,Sunday,ADV-NO71FFN2ME,2021-08-16,Mobile,2019-09-07,H2 2023,GBP,5.63,Wednesday,Metformin 500mg,Email,E. coli,2022-04-25,2020-12-27,December,ethan_anderson765,2023-11-13,d51374e3-b356-460b-9bc1-ebdd19d1a892,2019-12-05,IDL95I5FECUXBU55H,2023-07-05,Data Conference 2024,2019-10-13,Brave,6.0,IoT,2023-11-15,voice_eee0d5e914e74478.wav,2021-12-13,2024-10-07,1.24,14.48,Q1 2025,2020,2026-03-10,Mobile,_ga=9258586594.7894810,31-80,IoT,Average experience.,Q2 2021,https://example.com/users/f94066be/profile,5.78,2022-01-23,2025-09-17,117062,/var/tmp/daily_20.parquet,Glucose: 255.8 mg/dL,64-5165962,High,2021-04-22,2023-01-21,HTFW88KOA6ZA8A982,2019-04-03 19:49:27,2025-02-26,Tablet,true,3.38,6.88,3.69,Reuters,"17 1 * * 0,6",Africa,1999,0.06,Blue,2022-03-03,7 years,596.25,"2 4 * * 0,6",0x5f07207362bd8567b42403a4169430d4a1548143,April,19:27:50,June,2023,Wearable,Female,May,BILL-723019,Chrome,false,2024-08-05,2022-11-09,3 12 * * 1-5,Phone,6.2,Smart TV,Q1 2026,6011-3797-7375-0415,2019-11-07,Mobile,$2b$12$JSHi1kQF1AwNyBBBriW4hLvfWPIeCc0955lbbqEXZynYKQiK1liJg,In-Store,Mobile,Linux,3.52,2025-10-14,Social Media,Competitor Alpine Systems launched CloudGuard,curated.orders -> analytics,2020-2025,"[1.0469, 1.6107, -0.3454, -0.4883, -0.4413, -0.2032, -0.8537, 0.8543]",2026-04-05,11:22:56,Inactive,March,February,H2 2023,2023-02-22 16:21:39,0,Mobile,2025-09-25,"-----BEGIN CERTIFICATE-----
DojudpA5CGXavHfbESlpUue1CWZ3ut8lElpqxWaOpAD51NNtumBFAS20lEO04atW
-----END CERTIFICATE-----",Smart TV,Big Ben,2022-08-25
Saturday,"49 19 * * 0,6",In Review,23 11 * * 1-5,March,5693188253738,2019-01-27T01:19:25Z,2022-06-26,22.4,2019-01-19T00:00:00Z,Opera,Editor,June,source_col -> field_b,Wednesday,ADV-80BPUDATZU,2020-04-12,Mobile,2020-06-28,2020-2025,USD,4.14,Tuesday,Albuterol 90mcg,Phone,C6H12O6,2026-04-25,2021-06-09,January,liam.king875,2019-07-12,87244128-8431-4200-8a47-230461b4da87,2025-01-10,URTFOJ0ZNYF52WF41,2023-04-16,Data Forum 2026,2019-03-25,Safari,5.7,IoT,2019-08-21,voice_bba562df86154392.wav,2019-01-21,2019-03-02,3.09,22.86,Q4 2022,2026,2021-12-19,Tablet,_ga=3877134200.2268156,15-89,Desktop,Great product!,Q3 2026,https://example.com/users/f669d6c9/profile,4.07,2025-10-30,2022-10-12,908881,/var/config/export_321.json,Glucose: 53.6 mg/dL,18-4414838,Negligible,2024-06-20,2025-02-22,NBBNFTQIOH5SIVLSX,2026-08-15T01:48:18Z,2022-03-27,Tablet,true,5.32,5.3,6.02,WHO,"58 18 * * 0,6",North America,1999,7.58,Black,2024-02-13,7 days,195.75,11 9 * * 1-5,0x010a3599fdd57f67369808529551d9b3cfaa832c,December,15:18:32,September,2013,Smart TV,Non-binary,April,BILL-614328,Edge,false,2024-05-29,2022-12-05,"46 16 * * 0,6",Mobile,9.26,IoT,Q4 2025,4756-4300-5959-5032,2024-02-11,Phone,$2b$12$4GMw6ZQm9fZnkilk7Bo8MoOalBEpNg69e70NX98NfBHyNMR0Slr1m,Web,Tablet,Android,6.86,2018-07-27,In-Store,Competitor Acme Corp launched SmartHub X1,raw.users -> analytics,Q1 2024,"[0.6995, -1.6767, 0.0031, -0.3093, -0.7176, -1.2675, -1.4115, 1.5415]",2021-02-17,12:20:40,Inactive,December,March,Jan-Mar,2023-04-12 00:54:00,'',Mobile,2026-04-22,"-----BEGIN CERTIFICATE-----
rowIXnnDdNG0OJE576sIpKTBF6rvq69gjX3VdNvqxt68nOHNg4Dk5KQ9Tf5/NnY+
-----END CERTIFICATE-----",Mobile,Eiffel Tower,2019-10-12
Wednesday,11 12 * * 1-5,Pending,26 21 * * 1-5,June,9894361517478,2026-01-20 08:25:02,2026-01-18,35.9,2020-01-20T00:00:00Z,Opera,Guest,March,source_col -> output,Friday,ADV-OVNG7TF7XM,2024-10-15,IoT,2025-06-10,2020-2025,JPY,5.08,Wednesday,Ibuprofen 200mg,Mobile,NaCl,2020-04-18,2021-10-16,August,robert.king357,2026-03-28,b3fc958d-7a04-42ac-b292-9e83ff7b7c62,2024-08-23,LACNAB61VR1W9BDL9,2020-04-29,Data Summit 2025,2022-08-21,Opera,3.69,Wearable,2022-11-19,voice_642d86baac7c9f21.wav,2019-08-16,2022-07-20,0.47,76.77,Q4 2024,2024,2026-02-05,Tablet,_ga=8815639748.7952386,18-52,IoT,Not recommended.,Q3 2020,https://example.com/users/5dd1d8f4/profile,4.48,2026-08-03,2023-08-01,680754,/var/config/daily_717.csv,WBC: 243.8 mg/dL,99-8387734,Medium,2023-03-11,2024-11-08,PT7SP16QA9F89RU0O,2018-10-26 16:06:59,2023-01-13,Desktop,false,1.95,2.84,3.5,WHO,15 3 * * *,Europe,2013,5.22,Black,2021-07-21,7 days,989.08,"50 11 * * 0,6",0xb0345a58d5794994701ed48a411cbd7747d770f6,September,10:12:08,August,2015,Tablet,Female,September,BILL-173443,Edge,YES,2023-01-14,2025-03-03,49 9 * * 1-5,Phone,2.62,Mobile,Q3 2024,4978-6032-7526-2474,2019-04-16,Web,$2b$12$mctWBfHGEjfVZTD4N9WyYJKEFhd1H1nWT0fNZLV1tWgYb1GeCzkjp,Web,Wearable,iOS,1.3,2025-01-16,Phone,Competitor Beacon Analytics launched Sentinel Monitor,staging.events -> analytics,2020-2025,"[-0.769, -1.1245, 0.0659, -0.0301, -1.571, -0.4537, -0.6916, 0.1163]",2022-10-23,11:09:37,Inactive,March,June,Jan-Mar,2023-10-06 11:55:16,false,Email,2019-08-20,"-----BEGIN CERTIFICATE-----
hRTW8Asu9iPxjQUeQmjYCT67XKJXIowzzfxpYTe/U8fYQgQ8zhG4atS2wQS3whSU
-----END CERTIFICATE-----",IoT,Central Park,2022-01-30
Wednesday,17 14 * * *,Rejected,31 19 * * *,October,9787054996436,2018-07-05T08:54:41Z,2025-03-11,90.6,2021-12-27T00:00:00Z,Firefox,Editor,September,input -> target_col,Sunday,ADV-VUCWG9NB31,2026-04-12,Tablet,2018-01-30,H2 2023,CHF,7.98,Saturday,Omeprazole 20mg,Chat,E. coli,2018-08-07,2021-04-16,August,jennifer_thompson650,2018-09-19,6ed228aa-9f34-4f97-aab9-5b361c394357,2024-08-05,HM97KSBA4S5FXT7HD,2024-09-27,Annual Conference 2022,2026-09-22,Brave,1.67,Mobile,2026-04-13,voice_060002cf0375fae7.wav,2023-12-13,2018-09-06,2.02,13.21,Q2 2024,2023,2024-09-20,Tablet,_ga=1037128350.4959510,8-84,Wearable,Excellent service.,Q4 2021,https://example.com/users/3d4049cb/profile,8.43,2026-06-05,2024-09-25,238422,/var/exports/batch_304.csv,Cholesterol: 157.3 g/dL,64-7669904,Negligible,2019-10-25,2020-01-19,F2PWK17XCOCJA1KW7,2026-03-11 20:03:32,2024-03-24,Smart TV,false,3.68,7.65,4.46,Eurostat,27 14 * * *,Africa,2017,9.65,Yellow,2023-06-10,7 days,649.25,14 19 * * *,0x6d35ba6f047651e007e9c712ae2b2c510df9915c,December,11:04:56,February,1998,Mobile,Other,May,BILL-384482,Safari,YES,2020-06-19,2018-12-19,13 21 * * *,Web,6.45,Tablet,Q1 2021,6011-6894-4367-8188,2019-02-09,Chat,$2b$12$DJSN6KV74U3BVseQYzFo4rCj2gpg06n39JYS6DBgex62Aw1C6MsdT,Chat,IoT,iOS,0.47,2023-08-16,Chat,Competitor Catalyst Ventures launched NanoCore SDK,staging.events -> analytics,Jan-Mar,"[0.063, 1.6679, 0.7245, -1.2518, 1.0878, -0.1091, 1.245, 0.8167]",2018-12-13,11:11:43,Enabled,May,January,FY 2025,2022-05-06T15:14:04Z,'',Social Media,2024-07-11,"-----BEGIN CERTIFICATE-----
n82GMe4WZfeNI+NuSXqQXwL9FdKPCIYo1MAmwEHIxPW+eBQF6Ritp12OomMz8DVZ
-----END CERTIFICATE-----",IoT,Eiffel Tower,2019-06-26
Friday,"24 20 * * 0,6",In Review,15 2 * * 1-5,October,0585603918427,2022-02-11 13:56:49,2023-06-27,80.1,2025-09-25T00:00:00Z,Brave,Admin,July,input -> output,Friday,ADV-K5LP8ON5YU,2022-12-18,Smart TV,2023-02-16,FY 2025,EUR,8.88,Tuesday,Lisinopril 10mg,Social Media,Fe2O3,2026-02-14,2018-01-05,September,william.harris496,2026-03-12,8f95fab6-a7ab-40a6-a678-f1eb0c09de94,2018-03-17,SOJS9OJJYZ7D6YF7M,2026-03-08,Data Summit 2023,2021-12-26,Edge,7.11,IoT,2019-06-22,voice_5accef3187e6f781.wav,2026-12-14,2026-04-08,2.72,253.89,Q1 2021,1996,2025-05-20,Smart TV,_ga=3396780555.2458022,41-86,Mobile,Great product!,Q4 2020,https://example.com/users/834c41fb/profile,5.2,2019-07-01,2025-08-07,738882,/var/uploads/daily_984.csv,Hemoglobin: 247.8 K/uL,11-2527688,High,2025-07-10,2022-01-22,NVOTTWIOEGMAYL6G7,2023-02-15T12:04:15Z,2020-03-14,Smart TV,false,7.8,0.11,9.95,CDC,3 15 * * 1-5,Oceania,2015,7.74,Black,2021-12-10,7 years,529.88,33 22 * * 1-5,0x3df83233e9efd7f015b0315648b5c0c1a4fbbed5,November,02:44:45,May,2004,Wearable,Other,October,BILL-146900,Chrome,YES,2019-03-27,2022-09-19,"58 3 * * 0,6",Web,3.21,Smart TV,Q1 2023,5076-6541-4346-7603,2026-08-30,Phone,$2b$12$N7oJcMDai2CsYbLH14aP101Z62aL2QcpoowWQ08yE2AB4j2Xrlz1Y,Web,Smart TV,iOS,4.69,2019-12-28,In-Store,Competitor Catalyst Ventures launched VaultKeeper,staging.users -> exports,H2 2023,"[1.0267, 0.7427, 1.4, 0.3748, -0.3701, -0.3337, 1.4706, 0.7479]",2022-07-09,11:22:40,Disabled,September,August,2020-2025,2026-07-10T02:39:53Z,'',Social Media,2021-03-05,"-----BEGIN CERTIFICATE-----
RHAUesvO7YgJXijTIUyaNW8uLLKBMXwIVpZM7JEVCyZYpi+XDT5aH6YoBATVdoks
-----END CERTIFICATE-----",Wearable,Big Ben,2022-03-21
Saturday,42 11 * * *,Approved,"4 13 * * 0,6",May,4437741075634,2023-12-07T19:25:59Z,2022-10-27,41.3,2022-12-07T00:00:00Z,Firefox,Viewer,March,input -> output,Tuesday,ADV-T4FB1TIMLT,2019-10-25,IoT,2019-04-01,H2 2023,AUD,5.21,Monday,Ibuprofen 200mg,Chat,NaCl,2025-08-27,2019-05-18,August,richard.thomas359,2021-01-29,91cf3118-15b5-425d-88c8-6cb73a261456,2018-08-21,VWTBARTD28RXH2N0M,2023-04-29,Annual Conference 2025,2018-10-11,Edge,7.37,Mobile,2021-09-30,voice_48d2b7cf4b07bddb.wav,2026-03-12,2024-04-13,8.53,252.85,Q3 2026,2006,2018-07-26,Tablet,_ga=8016722108.9653409,26-53,Desktop,Needs improvement.,Q4 2022,https://example.com/users/2e3e4d28/profile,9.85,2018-10-17,2020-07-22,445948,/var/config/export_815.log,WBC: 194.6 g/dL,12-2816293,Low,2024-06-10,2021-01-03,H0STURPHDDV689BDA,2018-05-15 23:03:20,2020-11-28,Desktop,false,9.21,2.53,0.57,CDC,"22 23 * * 0,6",Oceania,2005,0.38,Red,2025-02-22,1 year,755.48,"5 6 * * 0,6",0xf84944dec3c28cf4389b1e53b3bb4d1ccbcd209c,April,07:33:22,November,1995,IoT,Female,January,BILL-843407,Edge,true,2020-11-15,2021-10-02,"59 19 * * 0,6",Phone,7.51,Smart TV,Q3 2023,6011-5650-8903-9269,2023-08-08,Phone,$2b$12$dI98huOYJmzYxIctFmpWKLUm4UDWoIGsLsPOfjnMIV0DgOY8cbQ3c,In-Store,Tablet,Linux,5.97,2025-01-22,In-Store,Competitor Pioneer Software launched FlexPay Platform,raw.orders -> exports,H2 2023,"[-1.5463, -0.9369, -0.5522, -1.7262, -0.6113, -0.7958, 0.4361, -1.3981]",2018-04-14,09:27:24,Enabled,August,January,2020-2025,2020-02-22T13:47:20Z,'',Web,2019-07-29,"-----BEGIN CERTIFICATE-----
08o+sSSPFot2rvm6t1PnP/nkyrC2fwtzZAd0dpNfdxQsMaj6IQKy/e+3jOAInS3Y
-----END CERTIFICATE-----",Desktop,Central Park,2026-06-01
Sunday,"22 11 * * 0,6",In Review,"19 18 * * 0,6",October,7660712928982,2023-10-06T00:46:47Z,2023-04-03,75.8,2024-09-09T00:00:00Z,Edge,Admin,April,source_col -> target_col,Tuesday,ADV-XCPT9GDU1T,2022-02-14,Desktop,2020-04-22,2020-2025,JPY,2.49,Tuesday,Lisinopril 10mg,In-Store,Fe2O3,2021-05-26,2023-08-11,October,patriciajackson983,2019-01-15,47193a94-ebff-40a5-a311-d22236878ac1,2018-07-07,K0R8OPKYI5OU8ZTC0,2022-05-22,Tech Summit 2023,2018-11-08,Brave,2.51,Wearable,2025-02-03,voice_63a606d0829162eb.wav,2021-05-29,2022-11-25,2.92,228.18,Q3 2022,1996,2018-12-17,Wearable,_ga=6627185638.2741445,43-74,Wearable,Not recommended.,Q4 2025,https://example.com/users/7ec6b08c/profile,4.61,2026-03-21,2024-01-20,652491,/var/exports/daily_218.json,Glucose: 238.8 g/dL,74-6518969,Low,2026-10-23,2022-09-09,BSGF4MI3S84D89MY1,2022-05-16T20:48:47Z,2018-03-21,Wearable,false,0.24,5.25,9.24,WHO,47 16 * * 1-5,South America,1992,5.93,Black,2020-02-21,1 year,967.25,1 5 * * *,0xb303979a34d360601911ad78638f30a032ac8d74,April,05:41:10,May,2026,Mobile,Other,January,BILL-700108,Safari,NO,2024-06-23,2025-05-11,56 10 * * 1-5,Email,5.26,Smart TV,Q3 2023,3753-1128-9667-5281,2022-09-14,Phone,$2b$12$GbWSDLtkmtdog6vkGIqlVeE4P6ZyN2zTEdTMIUv4UtDPx5QKKX1SS,Web,Tablet,macOS,0.33,2020-02-11,Email,Competitor Catalyst Ventures launched AuditTrail Plus,staging.orders -> analytics,Jan-Mar,"[2.8933, -0.1694, -0.8494, 0.1405, -1.0215, -0.3605, 1.1402, -0.7395]",2021-11-21,00:20:20,Active,August,November,H2 2023,2023-07-04 23:49:28,null,Phone,2023-02-21,"-----BEGIN CERTIFICATE-----
GrDmgDdbjetfl99Qb2KFoRsbeAjLbsZH76lksHWO2KMEy8ScMhY/1jbhApXqWU+s
-----END CERTIFICATE-----",Tablet,Central Park,2024-07-17
Wednesday,2 2 * * 1-5,Rejected,"30 18 * * 0,6",October,6150008929122,2020-06-20T14:39:35Z,2018-03-17,22.5,2024-03-01T00:00:00Z,Brave,Editor,April,input -> target_col,Friday,ADV-X9RIXQ59YE,2022-09-16,Smart TV,2026-06-12,Q1 2024,CAD,4.71,Thursday,Ibuprofen 200mg,Email,C6H12O6,2021-06-19,2018-05-11,March,masonwilliams410,2021-03-30,901d4a13-c7e4-4662-a4cf-50958ac8fb1d,2019-09-29,37YGT13NVA3XKELD3,2018-04-16,Data Expo 2023,2020-05-21,Firefox,7.68,Smart TV,2023-06-20,voice_e58840bdecef4cb4.wav,2026-11-17,2022-10-06,2.04,351.4,Q3 2022,2014,2019-05-19,IoT,_ga=9723992455.1157306,27-94,IoT,Average experience.,Q1 2026,https://example.com/users/d3a51d5f/profile,0.77,2023-02-03,2026-09-13,873845,/var/tmp/export_833.csv,Hemoglobin: 247.3 K/uL,28-8086733,Critical,2026-07-19,2018-01-29,M6O1WKBRJ0VK9P9XY,2025-06-01 01:17:10,2022-12-09,Desktop,false,4.96,0.98,9.95,WHO,53 18 * * *,Africa,2018,8.55,Purple,2026-05-22,1 year,505.83,"33 0 * * 0,6",0xf81933becaf12bb753a8a4d682e18ce5979e689d,September,07:21:22,August,1995,Tablet,Female,September,BILL-217669,Safari,false,2022-06-03,2022-09-22,24 23 * * 1-5,Email,6.74,Smart TV,Q4 2021,4993-7873-8932-6776,2022-01-04,Web,$2b$12$srsHhbm1qgyQLPrX62qN3UJKBE6lUsF8sI7mo3Jn6tsFyaWd3Lun4,Mobile,Smart TV,Chrome OS,2.43,2025-03-19,Phone,Competitor Pioneer Software launched NanoCore SDK,raw.users -> analytics,H2 2023,"[0.057, 1.396, 0.0448, -0.5954, -0.0817, 0.2718, -0.9786, -1.3042]",2022-03-11,12:22:25,Inactive,August,March,Q1 2024,2021-02-24 06:04:00,'',In-Store,2023-11-16,"-----BEGIN CERTIFICATE-----
P5MqUturhYN17JudUTUxKvgBpVUPyA+zkhJTPUQXprpoJFEEb9/h7+qoE4uIgIma
-----END CERTIFICATE-----",IoT,Central Park,2021-01-24
Sunday,20 2 * * *,Rejected,10 5 * * *,December,9271954682463,2021-05-08 06:45:13,2025-09-26,87.0,2019-07-31T00:00:00Z,Opera,Viewer,October,field_a -> output,Sunday,ADV-E5K9N7JAMG,2019-04-18,IoT,2023-03-24,Q1 2024,JPY,4.62,Sunday,Albuterol 90mcg,Web,Fe2O3,2018-08-25,2024-02-17,August,mason.anderson613,2025-08-28,5aa0ad8d-9086-4e1d-a6ff-ad2dc6331092,2024-11-24,ROM7PB27EQ97CZTSI,2025-01-08,Global Expo 2024,2022-10-08,Safari,4.96,Smart TV,2021-11-27,voice_476d692acdcf85d4.wav,2023-08-24,2022-07-29,6.94,356.73,Q4 2021,1992,2023-03-24,Desktop,_ga=2127952352.1371527,5-70,Smart TV,Average experience.,Q2 2020,https://example.com/users/16ece963/profile,1.92,2026-08-02,2025-11-16,590666,/var/tmp/daily_247.yaml,Glucose: 136.8 K/uL,93-3910559,High,2022-08-07,2022-09-27,UCHM0RRFCPCB84AO6,2019-02-19 20:03:25,2018-07-16,Smart TV,false,6.11,7.47,0.71,WHO,58 23 * * *,Antarctica,2014,7.59,Gray,2018-10-22,7 years,686.91,3 4 * * 1-5,0xea60bd94ea7ced2fed2e3c75e15e469e8734d3d8,December,01:18:43,December,1998,Desktop,Female,February,BILL-821029,Firefox,true,2019-04-16,2020-09-01,41 9 * * *,Phone,8.94,Tablet,Q3 2020,XXXX-XXXX-XXXX-3026,2026-02-09,Mobile,$2b$12$mJAWvDyubnyCXzutsJ2G8b8jpx8PtlNPe9ubq6YDb95mmkN9TAEQf,Chat,Smart TV,Android,6.12,2021-04-29,Phone,Competitor Pioneer Software launched FlexPay Platform,raw.events -> analytics,2020-2025,"[0.1623, 1.8229, 0.5002, 0.4252, 0.6949, 0.9183, -1.4865, -1.4796]",2021-10-29,09:51:12,Active,June,December,FY 2025,2026-07-13 05:03:01,'',Web,2025-06-28,"-----BEGIN CERTIFICATE-----
+ET8N3mvNcitC02mA2y7Gkuj5vBTPRW0FuESON13MiT1bLEEr+xsCF4Dz0C4Cgum
-----END CERTIFICATE-----",IoT,Statue of Liberty,2019-02-18
