postalcd,corr,subject_line,ise74,decimal_float_raw,energy,lbpoq47,customer_feature_vector,ALLERGY,sciname,MODIFIED_AT,caption,decimal_float,encoding_6,dim_numeric_range,attr_word_,fact_data_lineage,association,feature_vector_6,nullable_flag_v2,feature_vector_field,raw_correlation,word_embedding_6,val_corre,employeeRecord,image_embedding,CRYPTOCURRENCY_ADDRESS,word_embedding_v2,ordinal_position_v2,SSH_KEY,latitude_data,attr_zi,field_featu,DIGITAL_CERTIFICATE,mean,ohccdp37,SONG_TRACK_TITLE,correlation_raw,f_mbto,dim_integer,gender_pii_data,fact_category,src_length,v_ixgu,attr_issn,raw_iso_currency_code,RISK_LEVEL,nullable_flag,v_su
BZ8 4MR,-0.2429,Executive Review 2020,"[-0.4061, 0.1084, -0.3245, 0.3866, 0.1064, -0.0688, -0.0186, -0.482]",4699.5177,24534.1,36.3855,"[0.5716, 0.701, 0.7108, 0.4935, 0.9117, 0.7477, 0.9064, 0.7359]",Latex,E. coli,2020-02-16 04:04:29,Figure 8: Overview,4577.3767,UTF-8,48-64,"[-0.4832, 0.1591, -0.1981, -0.4078, -0.51, -0.5131, 0.3954, 0.9417]",staging.orders -> reports,-0.4164,"[0.1315, 0.8231, 0.0766, 0.0111, 0.8626, 0.8507, 0.4687, 0.4151]",NO,"[0.8516, 0.6364, 0.9999, 0.929, 0.8936, 0.0258, 0.8087, 0.9578]",0.8423,"[0.2016, 1.8663, -0.4475, 0.0655, -0.4075, -0.323, 1.6021, -1.2398]",0.2761,EMP-10404,"[0.4, 0.2936, 0.0085, 0.356, -0.4935, 0.0073, -0.1028, -0.7209]",0xa5c990d7bf43614df0c40786864ddbbc917fb5d7,"[0.1717, -1.6757, 1.2987, -0.1143, 2.5747, -0.1029, -2.357, 1.0139]",99,ssh-rsa psbAW+/Z2tsAVWw3lN6bzJEKL0xQ5eAE5Ug+a7r9T/Ra=,72.498651,64.7703,"[0.3376, 0.4155, 0.3616, 0.5584, 0.1828, 0.9002, 0.1858, 0.2653]","-----BEGIN CERTIFICATE-----
mFmUkbT2hXo1m1mCkUHdcDkdI/DiNW1DPgyRiyoHkDVgAnKC4SKoVB4XndqrPtQJ
-----END CERTIFICATE-----",-63.9353,"[-0.5528, 0.4519, 0.6212, -0.2384, -0.2249, 0.6079, 0.2281, 0.4618]",Imagine,-0.913,21,7694,Non-binary,Hardware,647.64,18-68,1050-2440,AUD,High,NO,"[0.5426, -0.4306, -0.2423, -0.1807, -0.2888, -0.9912, 0.3012, -0.1353]"
UR6 6QT,-0.0909,Executive Review 2023,"[0.4401, -0.1827, -0.224, 0.9466, -0.0064, -0.0498, -0.3716, 0.2195]",8265.8978,68618.5,38.1947,"[0.6718, 0.9696, 0.7985, 0.8062, 0.6233, 0.5968, 0.4181, 0.3642]",Pollen,E. coli,2023-04-04 10:33:36,Figure 9: Timeline,4847.4577,UTF-16,22-74,"[1.3394, -1.5805, -0.1624, -0.0327, 0.2347, -0.259, 0.3202, 1.4094]",raw.users -> reports,0.1588,"[0.3335, 0.9704, 0.5254, 0.3984, 0.1823, 0.4321, 0.6378, 0.2214]",YES,"[0.0907, 0.8697, 0.5142, 0.8155, 0.7502, 0.1106, 0.3106, 0.0135]",-0.8438,"[-1.075, 0.3375, -0.4095, 0.8279, 1.6785, -1.2108, 1.3233, 1.9572]",-0.5981,EMP-17383,"[-0.2277, -0.1532, -0.0751, 0.3729, 0.0893, 0.2161, -0.0257, 0.8235]",0x0675432e9f30cb4bf6ed90c05369d63a94f43d33,"[0.9881, -1.0072, 0.0092, -0.6507, 0.2827, 2.289, -0.2871, 0.3736]",278,ssh-rsa YQlXJlAzEzT1+zvT4mX6aFW0x293bKD4UFQKMF68YMA5=,-36.052201,-90.8815,"[0.7528, 0.2021, 0.8095, 0.6686, 0.0242, 0.0085, 0.689, 0.3388]","-----BEGIN CERTIFICATE-----
9RxSsv7Y+H3F+sFFwJhQNS3D+9NWV1wcyRIliUwsDKPNkV3NQMLa3/jzLKicIB4h
-----END CERTIFICATE-----",-1.936,"[0.2148, 0.3756, -0.2283, 0.6648, 0.1686, -0.2699, -0.1452, 1.3221]",Bohemian Rhapsody,0.9059,747,4723,Female,Electronics,949.59,0-59,1792-3642,AUD,High,false,"[-0.9048, 0.3301, 0.1914, 0.3241, 0.3158, 0.0143, 0.3156, -0.1099]"
24600,-0.2545,Quarterly Review 2026,"[-0.4834, 0.1169, 0.448, -0.3155, -0.4741, 0.583, 0.5551, -0.4994]",1947.4942,42588.0,38.808,"[0.253, 0.1309, 0.5604, 0.6168, 0.8294, 0.3522, 0.7135, 0.8795]",Pollen,H2O,2026-06-20 16:29:03,Figure 18: Timeline,4727.359,ISO-8859-1,50-60,"[1.3757, 0.69, 0.2412, -1.6478, 0.6458, 0.6705, -0.2852, 1.3971]",staging.orders -> exports,-0.9753,"[0.712, 0.8769, 0.7691, 0.0394, 0.8261, 0.7616, 0.9561, 0.7106]",false,"[0.9138, 0.3798, 0.1442, 0.3193, 0.2177, 0.9564, 0.381, 0.6069]",0.1823,"[-0.6225, 0.2627, 0.6647, -1.2895, -0.7904, -0.5086, 1.666, 1.2877]",-0.4531,EMP-64605,"[-0.2298, -0.2144, 0.652, 0.4435, 0.8948, -1.5804, 0.0184, 0.937]",0x220b46ba5e5be7c497d3090a80d9f039734feac1,"[0.2426, 0.9481, -0.1885, -0.9524, -1.0283, 0.1158, 0.3768, 1.0301]",812,ssh-rsa 5hzCzuGCh0uvS6KZg4cFG2XsX13aJ6Ej2iEDxErsN25P=,-60.936195,94.5316,"[0.5184, 0.2884, 0.5222, 0.2095, 0.0376, 0.2577, 0.1833, 0.8653]","-----BEGIN CERTIFICATE-----
NhAgTRC+7tTFNyNT6aswlengmOy+ixEA6ikBGkVeoUo6BgPB7CB9RGyzTVj6/can
-----END CERTIFICATE-----",65.3857,"[0.6173, 0.7237, 0.3169, -0.0272, -0.5451, 0.1049, -0.3072, -0.0399]",Yesterday,0.5809,521,8093,Other,Software,264.92,10-98,3929-6198,EUR,Low,YES,"[0.0053, -0.0792, -0.0168, 0.8104, -0.6747, 0.2511, 0.6713, -0.4695]"
KS5 3NS,0.1021,Technical Review 2020,"[-0.2365, -1.1874, -0.5797, 0.46, 0.4621, 0.482, -0.0366, -0.7981]",3106.6126,33141.9,26.5051,"[0.3808, 0.6068, 0.4262, 0.6498, 0.9826, 0.4176, 0.7127, 0.9174]",Penicillin,H2O,2022-07-25T21:06:42Z,Figure 15: Overview,1344.0599,ISO-8859-1,20-68,"[1.9096, 0.229, -0.8297, 1.4885, -0.9873, 1.6092, 0.4705, 0.2844]",curated.users -> exports,-0.0734,"[0.1192, 0.953, 0.4187, 0.9499, 0.8575, 0.4225, 0.4522, 0.0517]",NO,"[0.9963, 0.881, 0.6447, 0.6552, 0.3793, 0.3908, 0.2529, 0.7174]",0.5539,"[-0.1187, 0.6329, 1.6163, 1.9053, -0.0248, 1.886, 0.0914, -0.6619]",0.1697,EMP-13827,"[-0.1415, -0.0678, -0.3012, -0.027, -0.3651, 0.3208, 1.6235, -0.2332]",0x4dbf59a50dae149d36bc4f26c0f5153ac6655740,"[-0.2068, -2.0214, 0.1903, 0.8894, -0.8934, -0.8448, -2.4006, -0.6383]",78,ssh-rsa fJ3iMCcWggGj94uaiPsgBWBR10IlhIupkf1yxDp6E4NI=,-7.263966,-89.1531,"[0.1431, 0.1484, 0.4026, 0.8375, 0.8929, 0.7149, 0.2567, 0.5363]","-----BEGIN CERTIFICATE-----
0GF9fQlgjyT2EDF+H5gyiFvsZ84MKwfaReK8j3Eg9pcoB8v8CE+SyaSN6an8jEPL
-----END CERTIFICATE-----",61.5002,"[0.1308, -0.2486, 0.1673, 0.0236, 0.3775, 1.1386, -0.5437, -0.2892]",Hotel California,-0.4939,685,1714,Non-binary,Hardware,718.71,47-66,7591-3762,USD,High,NO,"[-0.3653, 0.3499, -0.0599, -0.3834, -0.6061, -0.291, -0.5222, -0.4141]"
99203,0.7796,Quarterly Review 2022,"[-0.0564, 0.5605, 0.6432, 0.3008, -0.5991, 0.0254, 0.8744, 0.5908]",3967.8592,91738.2,7.1918,"[0.4977, 0.4648, 0.386, 0.714, 0.2639, 0.3957, 0.6287, 0.9097]",Shellfish,C6H12O6,2022-09-14 16:03:16,Figure 20: Overview,4662.9213,ASCII,12-100,"[0.6705, -0.5536, 1.3618, -0.3295, -1.2201, 1.1057, 1.0021, -1.4856]",staging.users -> analytics,-0.8663,"[0.1431, 0.1874, 0.554, 0.024, 0.9662, 0.2279, 0.7833, 0.5917]",YES,"[0.6526, 0.5862, 0.9082, 0.6764, 0.3478, 0.522, 0.8826, 0.6891]",-0.603,"[-0.0316, -0.2864, -0.0702, 0.1127, -1.291, 0.5842, -0.6178, -0.4691]",0.8238,EMP-40577,"[0.8565, -0.2339, 0.3887, 0.4817, 0.4058, -0.3968, 0.031, 0.3744]",0xef6fc41cc21c93083371e011a999b1c924c5e276,"[-1.3922, 0.6066, 2.4312, -0.5999, 0.3078, -2.452, -0.7063, 1.4388]",858,ssh-rsa iChkSL41E2PvWr0nrbKEIFHQqHXbvoDVLrEn5uByX1W0=,-3.978943,-99.7458,"[0.0159, 0.9557, 0.6641, 0.5657, 0.0887, 0.505, 0.3738, 0.8855]","-----BEGIN CERTIFICATE-----
dO74dMwoKcaYMTIrKvEFZcoG1h4PgcKYtK5ViULmuA4cVljwiQ1REqe48vYihR2t
-----END CERTIFICATE-----",77.0271,"[-0.2928, 1.0791, -0.233, 0.0487, 0.254, 0.7642, -0.7052, 0.1732]",Stairway to Heaven,0.9247,149,1845,Female,Services,383.85,6-78,3580-4046,JPY,High,NO,"[0.009, -0.0826, 0.3628, 0.6273, 0.6067, 0.5884, 0.2249, -0.2655]"
13270,0.7521,Technical Summary 2024,"[0.7246, -0.9652, 0.3053, -1.0401, -0.6614, 0.0811, 0.0424, 0.5594]",5107.6488,43845.8,30.311,"[0.1607, 0.4235, 0.8986, 0.1996, 0.6898, 0.6711, 0.6947, 0.4516]",Peanuts,H2O,2024-03-06T05:19:30Z,Figure 7: Overview,4956.4432,ASCII,19-67,"[-0.7598, 0.3237, 0.9676, 0.6559, 0.7418, -0.7155, -1.2072, 0.6134]",curated.users -> reports,-0.1756,"[0.9127, 0.8278, 0.326, 0.8891, 0.9651, 0.9767, 0.4556, 0.3139]",YES,"[0.1446, 0.2863, 0.5881, 0.2293, 0.9987, 0.1543, 0.5409, 0.913]",0.8337,"[0.7856, -1.4135, -0.9486, 0.5156, -1.0926, -0.6509, 1.5127, -2.0297]",0.1805,EMP-97142,"[0.2973, -0.4545, -0.8906, 0.1101, -0.1793, 0.5846, 0.1423, 0.2568]",0xa2006303660513a791c5ee2c4abd87a096c353ec,"[0.2105, 0.7898, -0.5926, 1.3821, 0.7865, 0.7698, 0.2598, -1.2638]",689,ssh-rsa vYRNWmCWvipQRD2brx1qeEM1J7/vCo0ztvYLE3f8oFCH=,-41.858421,50.0786,"[0.2828, 0.8277, 0.196, 0.5822, 0.7699, 0.7186, 0.4418, 0.6456]","-----BEGIN CERTIFICATE-----
gziLj4fFS3N6atoGf81UYroZLm+lZG/D66ZWurTP06Wm+tRO4pJl28Re9DQbqu/F
-----END CERTIFICATE-----",62.4848,"[0.3285, -0.1436, 1.2509, 0.3944, -1.029, -0.524, -0.6442, 0.3948]",Imagine,0.9073,512,5244,Male,Food,30.12,7-76,5071-1388,CNY,Low,true,"[0.7474, -0.8679, -0.4002, -0.4372, -0.3967, 0.6733, 0.0918, 0.1683]"
XH7 1GD,-0.4578,Annual Report 2025,"[-0.2544, 0.3364, -0.3279, -0.3325, -0.7904, -0.5423, -0.061, 0.5843]",1097.7113,86147.7,15.1778,"[0.3353, 0.1875, 0.2751, 0.2478, 0.54, 0.5811, 0.5917, 0.5946]",Penicillin,Fe2O3,2021-05-07T10:50:30Z,Figure 17: Timeline,218.0322,ASCII,18-69,"[0.0274, -1.3877, 1.3316, -0.0242, 0.3574, -1.5308, 0.0246, -0.4705]",staging.events -> exports,-0.6307,"[0.8183, 0.8899, 0.755, 0.6261, 0.7463, 0.9032, 0.3895, 0.6771]",YES,"[0.5344, 0.305, 0.9781, 0.5274, 0.485, 0.9029, 0.0091, 0.2255]",0.6929,"[-1.3896, 0.0091, -1.425, 1.0564, -0.7685, -0.6368, -0.3921, 0.611]",0.2353,EMP-12712,"[0.686, 0.2595, 0.6915, -0.1603, -0.3778, -0.6623, 0.7461, -0.7745]",0xf2c1f74861cfd2b760166281501ab2106b8e18ef,"[-0.2559, 0.8575, 1.3782, 0.9442, -1.8702, -1.041, -0.5478, -0.6811]",537,ssh-rsa Sv0xRzWuSo/b7SXAzJhj7MmsI1tNXbGbkzBjVOw4Gogb=,-3.366481,-64.268,"[0.5376, 0.669, 0.7862, 0.6245, 0.3975, 0.1101, 0.4733, 0.1799]","-----BEGIN CERTIFICATE-----
I8CdyQpnizlFdM7j+0VPtVxPNbr9ME/ZETXU6cf6uz+a+XaMEmejJoTNr8v+4X+e
-----END CERTIFICATE-----",82.8243,"[-1.2006, -0.3524, -0.1437, 0.5738, 0.449, 0.2463, -0.0824, 0.4201]",Imagine,-0.2473,435,7270,Male,Services,111.52,44-96,6704-6397,EUR,Negligible,true,"[0.9789, 0.1747, 0.1656, -0.264, -0.7747, 0.8041, -0.3557, 0.2716]"
64784,-0.5839,Executive Report 2020,"[-0.0939, 0.463, 0.0537, -0.3613, 0.1013, -0.4321, 0.7301, 0.1327]",5306.7954,18497.4,33.8823,"[0.657, 0.1173, 0.1385, 0.4709, 0.0158, 0.4711, 0.4323, 0.466]",Penicillin,H2O,2025-05-23T15:00:23Z,Figure 18: Timeline,5600.8342,UTF-8,17-65,"[0.3221, -0.622, 0.5296, -0.9827, -0.1427, 0.1899, 1.1543, -0.8753]",raw.orders -> exports,0.3226,"[0.5377, 0.1628, 0.2851, 0.5577, 0.9062, 0.7966, 0.0038, 0.922]",false,"[0.9704, 0.4726, 0.1695, 0.4639, 0.1845, 0.1767, 0.7141, 0.453]",-0.1208,"[-0.4545, -0.0815, -0.7451, -1.641, -0.315, -0.6819, 0.8985, 0.6211]",-0.7474,EMP-90366,"[0.4731, -0.2287, -0.3229, -0.013, 0.4416, 0.7381, 0.5037, 0.2572]",0xf09b45c15cb890ddfea3adb9a9d38e56ddc82fae,"[-0.505, -1.6662, -0.5411, -0.4991, 0.7873, -0.1103, -0.8644, 0.7548]",30,ssh-rsa LkteBG8fNIHgPs1tm/YPriMlIOaNNhQRu3AlinzbSjxJ=,86.94251,69.6879,"[0.2377, 0.6831, 0.0168, 0.3852, 0.2877, 0.0304, 0.9272, 0.2061]","-----BEGIN CERTIFICATE-----
zDQp+6qXE4xE0UGqu0XpMB1GQ70W+nB9SQDnc47KYb7QYBe/xyLMI43507Fm+OYl
-----END CERTIFICATE-----",81.1279,"[0.3647, 0.5046, 0.0571, 0.3228, -0.4953, 0.3986, 0.2387, 1.06]",Stairway to Heaven,-0.5967,941,2350,Male,Food,963.27,1-68,9655-1603,CNY,Low,NO,"[0.2042, -0.3014, 0.0795, 0.8924, 0.5571, -1.1204, 0.8303, 0.4913]"
35610,-0.7631,Annual Review 2022,"[-0.7091, -0.6712, -0.2812, -0.2438, 0.922, -0.1595, -0.1992, -0.0871]",5237.9038,54186.0,28.098,"[0.2856, 0.5825, 0.672, 0.1797, 0.8466, 0.1769, 0.7149, 0.9574]",Peanuts,NaCl,2019-07-03T04:32:40Z,Figure 7: Timeline,6368.3141,ASCII,21-83,"[1.6936, -1.4662, -0.2269, 0.3359, -1.9829, -0.0062, 0.239, -1.4929]",raw.users -> analytics,0.6857,"[0.5088, 0.4498, 0.282, 0.5856, 0.4014, 0.3305, 0.9851, 0.1867]",YES,"[0.3747, 0.0042, 0.3697, 0.2461, 0.4635, 0.8488, 0.9742, 0.3669]",-0.1024,"[0.3126, 1.168, -0.5862, 0.5888, -1.6918, 0.4619, 0.9351, -0.2998]",0.798,EMP-11585,"[0.6554, 0.4201, 0.1706, 0.2639, -0.0645, -0.1603, 0.9918, -0.4193]",0x99ebb3ef7e62ea51da3f3ed3bd2cca5435aa5070,"[-1.8112, -1.308, 0.3622, 0.7771, -0.7333, 0.6534, 0.0534, 0.3626]",16,ssh-rsa uriAWahXb9wVuy8vdZaT5gFXfpPawr711GTw35HvirOJ=,48.625038,-55.6099,"[0.0134, 0.8806, 0.704, 0.0234, 0.1434, 0.4305, 0.1864, 0.8537]","-----BEGIN CERTIFICATE-----
MyV2zhaVkSbMaZQ3IFlho8E8+raFVSalQf6twi86C0eMRoKQ3UDAm64JqR5y/j33
-----END CERTIFICATE-----",8.5033,"[0.5377, -0.2581, 0.1465, 0.5192, -0.5959, -0.3086, -0.0393, 0.4135]",Imagine,-0.5013,784,3469,Other,Electronics,195.55,21-57,8759-1864,GBP,Critical,true,"[0.3159, -0.6213, 0.6084, 0.0933, -0.5696, 0.7389, 0.0884, -0.8233]"
EE5 8RO,0.0094,Executive Summary 2021,"[-0.7044, 0.9398, 0.3627, -0.5437, 0.0801, 0.535, -0.0783, 0.6005]",110.9976,8307.9,1.3882,"[0.3882, 0.4785, 0.0613, 0.151, 0.2987, 0.1664, 0.6479, 0.4699]",Shellfish,H2O,2019-04-27 23:00:44,Figure 15: Overview,3285.6445,UTF-16,32-58,"[-0.8049, -0.5265, -0.1368, 0.2706, -0.0831, -1.5513, 1.9727, 2.0273]",curated.users -> exports,0.7039,"[0.0707, 0.4482, 0.8643, 0.9249, 0.2544, 0.835, 0.3671, 0.6485]",false,"[0.5919, 0.1435, 0.3872, 0.4204, 0.1717, 0.1103, 0.0368, 0.9562]",0.9409,"[0.4227, -0.4227, 0.2035, 0.4448, 1.2658, 0.7988, -0.0045, 0.1854]",-0.8621,EMP-51396,"[0.338, -0.3431, 0.1456, 0.2506, 1.2086, -0.967, 0.7894, -0.2082]",0xf724d7a7e3c3a3c023a7e37e6de2852a0de7e04b,"[-0.4422, -0.5169, 0.6286, -1.1788, 2.3525, -0.4603, 0.8589, -1.427]",923,ssh-rsa u3V7h0medwqkidbencrT+Bmvk9JqKHtryFveX1WZcbyf=,60.381404,-48.3058,"[0.506, 0.4536, 0.5569, 0.5378, 0.7379, 0.9242, 0.688, 0.6123]","-----BEGIN CERTIFICATE-----
8AiBbWzX1b/a86HprNheJYHms4KaEJ4Va7VF8TncHxKbgUxx+FNDr4CM9IghSBrr
-----END CERTIFICATE-----",-8.2813,"[-0.9568, 0.567, -0.2209, -0.0185, 0.3914, 0.4802, 0.4262, -0.4137]",Stairway to Heaven,0.8778,897,2725,Male,Electronics,904.52,34-51,7407-7472,AUD,Negligible,NO,"[0.0274, 0.0129, 0.6729, -0.3842, 0.7421, -0.4856, -0.186, 0.2325]"
71712,0.2436,Executive Analysis 2022,"[-1.204, 0.2254, -0.5407, 0.151, 0.5621, -0.0583, 0.3652, 0.4509]",3751.0622,80056.6,40.0606,"[0.978, 0.0165, 0.8216, 0.2118, 0.4313, 0.787, 0.1811, 0.3547]",Latex,H2O,2025-01-14T20:59:56Z,Figure 8: Timeline,7532.6087,ASCII,23-70,"[-0.3778, -0.4778, 0.5359, -0.4754, -0.8761, 0.115, 0.1225, 0.7259]",raw.orders -> analytics,-0.7521,"[0.1953, 0.671, 0.4367, 0.2799, 0.0869, 0.078, 0.6103, 0.7565]",false,"[0.2072, 0.6783, 0.8184, 0.4596, 0.7966, 0.8446, 0.6434, 0.0013]",0.3378,"[-0.4873, 0.3368, -0.3549, 0.1525, 1.9005, -0.5385, 0.0116, -0.6766]",-0.4549,EMP-45246,"[0.1283, -0.7629, 0.8191, 0.611, 0.3723, 0.1749, 0.3369, 0.5016]",0x2624754c2418d74d6038b31affbb8d41689d940c,"[-0.2337, 0.2685, -0.8369, 0.1895, -0.7188, -1.4789, 0.808, -0.3708]",670,ssh-rsa nbuF/UbI2nNTO2ZtHGLa/V/YZjgaqxYa2QYGuV3M4o+X=,41.079583,-65.887,"[0.91, 0.9391, 0.9824, 0.5726, 0.7179, 0.2168, 0.8506, 0.5872]","-----BEGIN CERTIFICATE-----
3mJc1PCYKhQuQ/yW1tM3CAvs329L6aHk7VzprDrbXgmNFGPtCOU+z/dJuM58blF6
-----END CERTIFICATE-----",95.2452,"[-0.9258, -0.8075, -0.3004, 0.088, -0.4109, 0.3076, 0.955, -0.7238]",Bohemian Rhapsody,-0.7221,181,3997,Non-binary,Clothing,402.5,15-87,9510-8674,AUD,Critical,YES,"[0.2397, -0.0846, 0.3044, 0.329, 0.2536, -0.3219, -0.7536, 0.6711]"
76333,-0.8897,Executive Summary 2023,"[-0.2006, 0.5897, 0.1649, 0.6268, -0.5985, -0.3424, 0.7222, -0.5687]",1964.0182,68680.2,29.7303,"[0.9914, 0.1173, 0.0041, 0.4768, 0.8158, 0.2651, 0.9531, 0.223]",None,Homo sapiens,2018-09-04T11:38:30Z,Figure 11: Distribution,3075.0712,ISO-8859-1,43-66,"[-0.9297, -0.7174, -0.7479, 2.6328, -1.2209, -0.9784, -0.4294, -0.9405]",staging.events -> analytics,-0.9902,"[0.2083, 0.4961, 0.5962, 0.7186, 0.0964, 0.7026, 0.8432, 0.5363]",true,"[0.0987, 0.6486, 0.645, 0.4889, 0.5107, 0.0015, 0.5531, 0.7062]",-0.3909,"[-1.249, 1.1227, 0.2141, -0.3944, 1.5729, -0.5162, 0.2722, 1.0467]",0.6975,EMP-71326,"[-0.2094, -0.6681, -0.538, 1.0654, -0.415, -0.1444, 0.3617, 0.3553]",0x97ebf3214966c97b187694c68d23e3600cfb0b8c,"[0.462, -2.3481, -1.6995, 0.0529, -1.1543, 1.0186, 0.0657, -0.0816]",697,ssh-rsa 1K0AJ6KvJVdmH4H/69QsinZ3QoNWllO9xTGp82vr7uUQ=,50.421932,89.332,"[0.6398, 0.133, 0.7582, 0.8071, 0.4144, 0.0204, 0.4689, 0.3212]","-----BEGIN CERTIFICATE-----
jwDEwTya479b0RXhec3jY/5XFxCmpbddJJlssUjxYFIALP2KoL+yu3V6M/OxDcup
-----END CERTIFICATE-----",47.9802,"[1.0987, 0.7986, -1.1838, 0.2886, 0.3951, -1.0409, 0.7312, -0.1504]",Yesterday,0.5874,294,293,Non-binary,Clothing,52.45,17-52,5572-3161,CAD,Negligible,NO,"[-0.1254, -0.2756, -0.1955, 0.5806, 0.1131, -0.2189, -0.5428, 0.3145]"
NG1 1QA,-0.6341,Annual Summary 2026,"[-0.3135, -0.2377, 0.8354, -0.4428, -0.8448, 0.6074, 0.0202, 0.3677]",14.9065,36701.8,17.9722,"[0.2798, 0.6916, 0.2752, 0.4287, 0.7527, 0.2241, 0.6001, 0.6897]",Pollen,E. coli,2018-04-08 14:53:49,Figure 14: Timeline,-461.5785,Latin-1,47-54,"[-0.1429, -0.2091, 1.6592, -1.4903, 0.0628, -0.2046, -0.2968, 1.0147]",raw.users -> analytics,0.5826,"[0.23, 0.0598, 0.3345, 0.0824, 0.6202, 0.0452, 0.6891, 0.7927]",true,"[0.2398, 0.9945, 0.3685, 0.6586, 0.3879, 0.727, 0.9583, 0.0869]",0.1716,"[-0.2233, -1.0952, 0.8686, 1.1253, 1.0598, -0.7673, 1.473, -0.4053]",-0.5084,EMP-87944,"[-0.6936, 0.3025, -0.3174, -0.0228, 0.7554, 0.4932, -0.6436, -0.6306]",0x48a99a06cda9d1c31a340cfce7b8e7d47423376b,"[-2.4267, 0.1948, 1.1578, 0.3142, 0.0839, -1.0083, -0.5261, 1.3706]",383,ssh-rsa IJXTmIeO7rR1ZAp02XCz04y6n0zbBwPkVqefTW69fwX5=,73.015533,-89.0778,"[0.7618, 0.1935, 0.4935, 0.7137, 0.9715, 0.1573, 0.6113, 0.9119]","-----BEGIN CERTIFICATE-----
aRxI4qEXlrPujR2/Lsc4EuNWJAK24MYhKuzPb/NEl/20H+eu/XT7jr7CoXgzFYE0
-----END CERTIFICATE-----",-65.3143,"[-0.7917, 0.0174, 0.0608, -0.1149, -1.1904, 0.0201, -0.4839, 0.4456]",Imagine,-0.7405,934,3253,Female,Food,714.8,40-68,2814-6108,CNY,Critical,false,"[-0.2876, -0.4095, -0.441, -0.4588, 0.5253, 0.8012, 0.7245, 1.1508]"
81667,0.9935,Technical Analysis 2022,"[-0.8609, 0.3677, 0.5835, 0.1129, 0.0995, -0.0068, -0.618, -0.7639]",5426.5697,88762.4,18.0718,"[0.4387, 0.0798, 0.526, 0.1133, 0.5551, 0.5136, 0.6223, 0.8423]",Pollen,Homo sapiens,2024-11-03 08:37:54,Figure 1: Timeline,-644.4467,ASCII,39-86,"[-1.4702, -1.7059, 0.7297, -0.7131, 1.1245, -2.1373, -0.0144, 0.8298]",staging.orders -> exports,0.8584,"[0.6477, 0.6732, 0.9905, 0.1525, 0.0214, 0.2435, 0.1897, 0.935]",false,"[0.1092, 0.1091, 0.2487, 0.1341, 0.5789, 0.6511, 0.9107, 0.0019]",-0.7306,"[-0.7963, 0.1357, -1.3254, -0.3091, 2.0061, 0.7328, 1.2467, 0.036]",-0.9573,EMP-48629,"[-0.6553, -0.1108, -1.0338, 0.0979, -0.0891, -0.1638, -0.3121, 0.4007]",0x03f35fa620958673180f0d087c4c55f2ffecf97d,"[1.4635, -0.9621, -1.4891, 0.7782, 0.5391, -1.0713, 0.1117, -0.8655]",834,ssh-rsa blaS3DmO9WNGL460giXpmF7fpCD1USS57kDy73Ao1p7n=,63.492922,-57.8806,"[0.38, 0.3484, 0.0576, 0.6195, 0.3773, 0.4474, 0.3299, 0.2496]","-----BEGIN CERTIFICATE-----
iRamHSdfQqGcyqnaJj/7i5KxkayNuPG2H0WIhZIM813804p9PZgU6ZRDdCNUqmGM
-----END CERTIFICATE-----",-25.5671,"[-0.0598, -0.3343, 0.6258, 0.5599, -0.8535, 0.3333, -0.2813, 0.3084]",Bohemian Rhapsody,0.5421,869,5834,Non-binary,Food,149.32,42-86,6196-9222,CNY,Negligible,YES,"[-0.8002, -0.6771, 0.3751, 0.9018, -0.1918, -0.2348, -0.5883, 0.4929]"
TV6 2UJ,-0.8699,Annual Review 2023,"[0.1532, -0.2603, -0.068, -0.1825, 0.2488, -0.2057, 0.1434, -0.0336]",8057.694,49430.1,46.7244,"[0.4425, 0.7954, 0.0072, 0.7699, 0.5799, 0.2457, 0.0707, 0.8147]",Shellfish,E. coli,2019-06-09T03:23:41Z,Figure 7: Overview,8370.2526,ASCII,1-65,"[0.6336, 0.6139, -0.6306, -1.5631, -0.3967, -0.5387, -0.7293, 2.0477]",curated.orders -> exports,0.1454,"[0.8427, 0.902, 0.4085, 0.2836, 0.0324, 0.2726, 0.198, 0.1229]",NO,"[0.1567, 0.4651, 0.6121, 0.0095, 0.5385, 0.8336, 0.3463, 0.8655]",0.6403,"[1.0239, -0.2606, -0.6504, -2.6186, 0.0475, 1.1305, 0.6003, 0.4574]",-0.5702,EMP-98147,"[-0.0479, -0.3284, 0.5457, -0.816, 0.688, 0.1658, 0.582, 0.0462]",0xb21d3acb95e9c42b73431961d04fa4988f3ab9e5,"[1.5281, -0.8296, 1.7676, 1.3454, 0.2797, 1.7551, 0.3637, 0.9446]",744,ssh-rsa 1LNE4GeAtMRO25SuXu8PeiYa0x1VubiQP4AevZE7gf+Q=,-48.425676,-23.7741,"[0.7305, 0.5914, 0.2447, 0.6288, 0.9166, 0.8333, 0.1738, 0.5985]","-----BEGIN CERTIFICATE-----
vnstWzneCRSJT4WqOzM1ATcNnrP96EW+DFwEqHK0O1bVpJ41OwdVJhaE6ayXJ0BB
-----END CERTIFICATE-----",23.1209,"[-0.6603, 0.4234, 1.0864, -0.8113, 0.195, -0.1441, -0.2897, 0.013]",Bohemian Rhapsody,-0.9627,74,7405,Male,Hardware,772.05,29-74,8034-3435,EUR,Negligible,false,"[1.0484, -0.1166, -0.488, 0.252, -0.108, -0.258, -0.402, 0.6284]"
50225,-0.9409,Annual Analysis 2022,"[0.4416, -0.8429, -1.1864, -0.3903, 0.3805, 1.1705, 0.9717, 0.4515]",5338.1307,67752.6,1.6169,"[0.724, 0.8268, 0.4512, 0.8941, 0.0439, 0.7489, 0.2784, 0.0131]",Latex,NaCl,2018-12-16T06:33:09Z,Figure 18: Timeline,9372.9369,UTF-16,46-98,"[-2.8728, -0.0098, 0.2569, -1.0332, 1.3567, 0.3972, -0.9853, -1.6842]",staging.events -> analytics,-0.2552,"[0.9755, 0.5636, 0.6864, 0.2208, 0.8144, 0.7787, 0.0413, 0.3821]",false,"[0.4975, 0.1241, 0.8369, 0.0841, 0.442, 0.7481, 0.9689, 0.8402]",0.2012,"[0.1435, 0.0602, 0.2448, 0.523, -0.1207, -0.3245, -2.1713, 0.849]",-0.7702,EMP-12626,"[0.3134, -0.2289, 0.4996, 0.3934, 0.6137, 0.848, -0.0899, 0.4288]",0xea159d9513d445f887f081631c9e4f82b2d31587,"[0.546, -0.9184, 0.657, 1.0208, 0.0733, -0.1497, 0.9622, 0.0176]",41,ssh-rsa V6jrsCunLqWby+Q+qYoyNeoqB+HgcN+g/nA+NW3dmP8F=,-38.809871,53.2881,"[0.08, 0.8661, 0.6346, 0.1123, 0.4965, 0.1303, 0.633, 0.7473]","-----BEGIN CERTIFICATE-----
XglOdZgQuoT/33trvclIEC4J3B3xsIZ8iYDe/4iGCx+1SPSP0LappWg9IUIOMeQx
-----END CERTIFICATE-----",-41.1966,"[-1.6016, 0.0871, -0.0891, -0.2562, -0.5947, -0.1416, -0.0308, 0.2244]",Yesterday,-0.234,758,5051,Male,Clothing,766.47,6-73,8704-9681,AUD,Medium,YES,"[-0.2341, -0.1572, 0.2088, -0.123, 0.1737, 0.3671, -0.1169, 0.2236]"
51727,0.8053,Executive Report 2020,"[0.0212, -0.2628, 0.4562, -0.5982, 0.6254, -0.0046, 0.1196, -0.3496]",3505.9571,21845.5,0.5015,"[0.0171, 0.3523, 0.3441, 0.6083, 0.742, 0.7651, 0.2916, 0.2764]",Latex,C6H12O6,2024-07-07 07:49:07,Figure 15: Overview,6095.7338,ISO-8859-1,7-62,"[-0.4176, 0.217, 0.0046, -0.4423, 0.8207, -0.9649, 0.4987, 1.247]",curated.users -> reports,0.4622,"[0.389, 0.7928, 0.0473, 0.7152, 0.447, 0.1536, 0.5976, 0.1542]",true,"[0.6273, 0.9411, 0.909, 0.3636, 0.7015, 0.5722, 0.5617, 0.5577]",-0.5145,"[0.7257, -1.9141, -2.2223, -1.0432, -0.9056, -0.0338, 1.4769, -0.4108]",0.3383,EMP-56949,"[0.3776, 0.0235, 0.3272, -0.1001, 0.0833, 0.3682, -0.4759, -0.5652]",0xc6b5239feffe7507b59ec85e41dfd59174f7bf26,"[-0.0112, 0.9532, 1.0775, 0.628, -1.5921, 0.3385, -0.7415, -1.229]",100,ssh-rsa 8wm0vslFE2TcMGvJ59mTP9HYq8VO4wFGwHIFeiosPrjk=,-38.545209,36.9129,"[0.784, 0.3131, 0.555, 0.764, 0.8511, 0.5475, 0.9808, 0.9443]","-----BEGIN CERTIFICATE-----
wqJ9q2noOT1Z3PysU64xG2bHb2LrGheQQqqURI9gxwaWKsRmGCYgWssrx8RFn1Zv
-----END CERTIFICATE-----",7.7442,"[-0.3417, 0.231, -0.3819, 0.5787, -0.5253, -0.0872, -0.3602, 0.3218]",Stairway to Heaven,0.3147,947,4064,Non-binary,Electronics,276.2,26-60,8672-7338,EUR,Negligible,false,"[0.2761, -0.0947, -0.1297, -0.1345, 0.3771, -0.638, -0.2204, -0.212]"
90566,-0.3865,Quarterly Report 2022,"[-0.2205, 0.2406, -0.7548, -0.1796, 0.2539, 0.3961, 0.3092, -0.1254]",-732.3092,8388.8,44.2152,"[0.6211, 0.0678, 0.3506, 0.9914, 0.7043, 0.4603, 0.7381, 0.2777]",None,E. coli,2024-08-27 04:19:52,Figure 10: Overview,5794.8989,UTF-16,18-62,"[-0.3428, -1.6327, -1.161, 0.0835, -0.4325, 0.1855, -0.4136, -0.7182]",staging.users -> analytics,0.9745,"[0.5817, 0.1806, 0.1327, 0.7433, 0.8787, 0.9096, 0.4827, 0.8325]",false,"[0.8119, 0.9826, 0.5237, 0.943, 0.0861, 0.9557, 0.0093, 0.8981]",-0.1818,"[1.0184, 0.267, 1.5201, 0.2357, -0.3078, -0.447, 0.641, 0.0678]",-0.1234,EMP-57804,"[-0.3706, 0.7656, -0.0422, -0.2935, -0.4743, -0.5529, -0.1434, -0.609]",0xc6c2bf05c4061605552ac994918b1d508f9b3428,"[-0.6074, -1.7692, 0.689, -1.0964, -0.746, 0.6247, 0.4089, -0.2335]",818,ssh-rsa 9PDkqUAIfqrYg8v4O4mQAnT6SKCydrWEHKw1lQPqEpAn=,16.289401,-26.7747,"[0.7197, 0.8083, 0.1863, 0.3412, 0.7207, 0.3388, 0.5413, 0.5569]","-----BEGIN CERTIFICATE-----
XBrz9jlcmrv/X1gRITYa2SCXplCaZIeIBKCizOImcanChy8846ugc5cVLrmBxwk4
-----END CERTIFICATE-----",14.7716,"[-0.3297, 0.6208, -0.2262, 0.6154, 0.6047, 0.537, 0.252, 0.4831]",Stairway to Heaven,-0.8693,627,4941,Non-binary,Electronics,761.25,37-100,2044-9383,AUD,Low,YES,"[0.1441, 0.3069, -0.5356, -0.3462, -0.0024, 0.8104, 0.2354, 0.3176]"
11847,0.945,Annual Review 2026,"[0.3332, -0.9767, 0.0132, 0.3769, -0.6087, -0.9053, -0.0389, -0.4826]",2705.0608,10381.0,39.7272,"[0.1245, 0.6068, 0.8316, 0.6481, 0.0421, 0.8145, 0.5779, 0.8086]",Latex,E. coli,2024-12-01 13:59:17,Figure 19: Timeline,-72.2037,Latin-1,50-61,"[-1.6591, -0.5286, 0.1857, 0.467, 0.1746, -0.2136, 0.4911, 1.2341]",curated.users -> analytics,0.8672,"[0.1222, 0.978, 0.1234, 0.1678, 0.7624, 0.4629, 0.2182, 0.6772]",true,"[0.9192, 0.0843, 0.1888, 0.0723, 0.7486, 0.8475, 0.5105, 0.6592]",-0.1099,"[-0.8778, -0.9907, 1.1224, -0.8958, -0.7846, -0.3273, 0.2725, 0.1398]",-0.6468,EMP-49095,"[0.2671, 0.4943, 0.7245, -0.2834, -0.5154, 0.5582, -0.377, -0.4479]",0x733352d5970772be04fc85cc3ecfae054f6cd7ab,"[0.5969, 0.9861, 0.218, -0.2744, 0.2899, -1.1162, 0.4856, -0.4231]",379,ssh-rsa BT+8EtUPbsdkW1GWednnl5mENjI9oNBcgHg9U+FtNc9L=,-21.993173,-3.8261,"[0.201, 0.0769, 0.2663, 0.4093, 0.0923, 0.8253, 0.5625, 0.5869]","-----BEGIN CERTIFICATE-----
kOVDy5Kuam01K/jqiWtwIid2EOnsIWp+Ge/d/sp4YYM45wCto08w8A3sE74t8Rt8
-----END CERTIFICATE-----",94.3816,"[-0.7229, 0.6276, -0.3225, 0.6879, 0.2913, -0.1713, 0.1221, 0.2436]",Bohemian Rhapsody,-0.2085,876,508,Non-binary,Electronics,395.57,3-79,7583-9006,CAD,Medium,true,"[0.9129, -0.4599, -0.4872, -0.2375, 0.2266, -0.4724, -0.6706, 0.0691]"
SV9 5GG,0.2461,Executive Report 2026,"[0.3341, -0.3844, 0.2025, 0.2485, 0.1974, -0.7583, -0.2272, 0.3929]",9891.1942,9246.8,26.2433,"[0.5794, 0.2076, 0.8923, 0.5462, 0.5229, 0.376, 0.8717, 0.8957]",Latex,NaCl,2026-02-23 19:12:28,Figure 2: Distribution,5921.6218,Latin-1,6-55,"[1.3736, 0.5244, -0.2897, -1.1201, 1.1938, 0.4033, -1.4403, -0.1879]",raw.users -> reports,0.2132,"[0.4104, 0.5266, 0.9739, 0.8468, 0.9019, 0.7828, 0.8757, 0.3701]",YES,"[0.7671, 0.6747, 0.2969, 0.2574, 0.5858, 0.8465, 0.5486, 0.8816]",-0.682,"[-0.9095, 1.1393, -0.1021, 1.7375, 0.4509, -0.8601, -1.2902, 0.1661]",-0.2964,EMP-66645,"[0.2725, 0.9817, 0.171, 0.0743, 0.8119, -0.0127, 0.6465, 0.3393]",0x28e880d8ede5d67425a65412c181dda9749eb5ae,"[-2.1152, 0.1867, 1.0398, 0.2228, -0.9377, -1.5179, 0.0264, 0.8737]",537,ssh-rsa TlInpKy+I1T2uVkU7PAXgo+jISp9TUfyP6VTSpHz1XV/=,8.506168,94.3856,"[0.3087, 0.4069, 0.8027, 0.4832, 0.5574, 0.2519, 0.4636, 0.8482]","-----BEGIN CERTIFICATE-----
2bTj5GRrSvU5OGlXYVBzdjZtsiajKKnjLfcyv84giRPP1di8+7UlF10KVkpaNBnk
-----END CERTIFICATE-----",-72.5895,"[0.8093, 0.6122, 0.4334, -0.0435, 0.3987, 0.8307, 0.6685, -0.2822]",Stairway to Heaven,-0.0971,720,9321,Other,Clothing,827.49,49-95,2036-6313,CHF,Negligible,YES,"[-0.3298, -0.7999, 0.8895, 0.5967, -0.1286, -0.5257, -0.4727, 0.4004]"
77523,-0.4395,Quarterly Summary 2020,"[-0.8779, -0.3057, 0.0543, -0.5643, -0.7552, -0.3023, -0.1346, -0.2411]",2970.9605,57381.1,16.5408,"[0.3163, 0.7663, 0.1986, 0.1339, 0.0175, 0.7495, 0.1335, 0.6427]",Penicillin,Homo sapiens,2023-05-14T13:28:52Z,Figure 4: Overview,5730.0961,UTF-8,17-87,"[0.7778, 0.3495, -0.8127, 0.7449, 0.4478, 0.4323, 3.0479, -0.1573]",curated.events -> analytics,-0.5302,"[0.953, 0.7533, 0.6533, 0.3022, 0.2609, 0.3921, 0.5235, 0.5795]",false,"[0.7284, 0.4584, 0.9129, 0.0448, 0.2496, 0.4597, 0.2234, 0.6178]",0.4661,"[0.461, -2.3042, -2.2456, -0.2141, -0.6834, -0.614, -1.2416, 0.2689]",0.0016,EMP-39012,"[-0.0429, -0.7057, -1.0427, 0.7386, -0.7664, 0.6272, 0.1299, 0.5543]",0xac4a648931380a62e35888ffc49d6225a17e7487,"[-0.8807, -2.401, -1.4487, -0.794, 1.0453, -1.5928, -1.4201, 0.6305]",418,ssh-rsa EtFWG0r4fISErbflBZWqIRNJ7FtXw8C8YsLxtcb7ceTw=,18.550222,97.1836,"[0.5751, 0.7889, 0.9328, 0.3814, 0.9255, 0.3839, 0.1785, 0.3851]","-----BEGIN CERTIFICATE-----
djv/iKGyusOWMTpjaKkzgh509a7hb/hWXcPv5CzI697KRVPKA0+sJbq3W+aP8NQZ
-----END CERTIFICATE-----",-6.7757,"[0.2211, -0.3536, -0.628, 0.3445, 0.2248, -0.112, 0.2922, -0.2117]",Yesterday,0.3067,982,2859,Non-binary,Hardware,675.93,12-62,6801-3376,BRL,Medium,true,"[0.1594, -0.0111, -0.6802, -0.1903, 0.1173, 1.0466, -0.6982, -0.3168]"
OB1 1HP,0.3151,Executive Summary 2024,"[0.4458, -0.3615, -0.3712, -0.3406, -0.288, 0.3765, 0.5437, 0.14]",6357.4108,74815.9,38.7617,"[0.0258, 0.9036, 0.4345, 0.1741, 0.3792, 0.2124, 0.4051, 0.1017]",Latex,H2O,2024-01-20T23:36:11Z,Figure 9: Overview,2715.9081,UTF-16,1-98,"[0.9023, 1.7742, -0.7534, 0.0811, 2.2787, -0.5782, 0.1963, -0.7633]",curated.users -> exports,-0.3665,"[0.8925, 0.1629, 0.8627, 0.4313, 0.6797, 0.9717, 0.4827, 0.6022]",false,"[0.6963, 0.6132, 0.7187, 0.7471, 0.0228, 0.4971, 0.3738, 0.9557]",-0.0611,"[1.5206, -0.1009, 1.5123, -1.5901, 0.084, 0.2467, 1.4644, -0.7501]",-0.793,EMP-96734,"[-0.6358, -0.0244, -0.1247, -0.1173, 0.3308, -0.3698, 0.4158, -0.5065]",0xc43dbdb0dc4fb87adfae4b630b0dc2cd33394c36,"[1.192, 0.442, -0.9437, -0.1623, 0.9035, -1.3568, 0.537, 0.7441]",101,ssh-rsa dNziknGo94v+uObwgk4i8iFM2UqNitiZ144MprdxPGfT=,77.89319,64.1044,"[0.9883, 0.8066, 0.8666, 0.425, 0.8942, 0.9598, 0.9214, 0.954]","-----BEGIN CERTIFICATE-----
k3szTiKMVJ2iOWEmMRdP45dfSdxGOkbfSM8VZlvdJdpi1J3Qjsq6cu7mVPx5bMKS
-----END CERTIFICATE-----",-56.7938,"[-0.5123, -0.1438, 0.0497, -0.3047, 0.0548, -0.7124, 0.3128, -0.3895]",Bohemian Rhapsody,0.3918,918,9443,Other,Food,462.36,30-90,2804-3650,CHF,Critical,YES,"[0.7295, 0.082, 0.1493, 0.6465, -0.7104, -0.679, 0.2484, 0.0443]"
KZ7 3RB,-0.081,Quarterly Summary 2026,"[-0.567, -0.2359, -0.1364, 0.2658, 0.76, 0.4227, 0.5291, -0.4508]",9179.3122,69124.6,48.6139,"[0.9775, 0.0573, 0.0919, 0.5426, 0.4903, 0.7129, 0.931, 0.019]",None,Homo sapiens,2024-05-26 03:50:09,Figure 2: Timeline,-904.8877,Latin-1,41-68,"[0.7172, -0.9886, -1.2393, 0.5604, 0.1301, -0.3531, -0.0998, -0.1721]",staging.orders -> analytics,0.0282,"[0.8093, 0.8365, 0.7809, 0.3299, 0.6345, 0.505, 0.4459, 0.0209]",NO,"[0.8346, 0.0821, 0.9061, 0.4674, 0.3165, 0.4901, 0.6902, 0.3151]",-0.1792,"[0.7556, -3.4228, 0.0573, -0.8215, 0.607, -0.145, 0.5187, -0.9627]",0.4723,EMP-98544,"[0.768, -0.3082, -0.16, 0.8549, -0.6254, -0.0302, 0.4319, -0.5778]",0xc36e30a5213dc6e3144df2d55f064fbc667ed19e,"[-0.5992, 1.2651, -1.0535, 0.4417, 0.5246, 0.7367, 0.4151, -1.1658]",162,ssh-rsa CCxkl4UBkob/Of9VUgrfnVR3LThGq9Y47ZHJDgceeV8B=,63.826988,21.6714,"[0.5073, 0.3265, 0.5304, 0.406, 0.322, 0.0476, 0.3967, 0.5968]","-----BEGIN CERTIFICATE-----
/CHfp3QlmrBO1dnGFWza7+QFNc1iHtLw295MxHKGkz6HmoKM4W2T/05kGcUuURLa
-----END CERTIFICATE-----",17.1979,"[-0.1626, 0.2763, 0.0029, -0.5573, 0.174, -0.189, -0.4844, 0.5116]",Bohemian Rhapsody,-0.2228,556,4291,Other,Hardware,638.22,44-98,6703-2921,JPY,Negligible,false,"[0.4036, 0.2476, -0.1999, -0.4556, -0.3768, 0.3659, -0.9068, -0.3736]"
56920,-0.7842,Technical Analysis 2021,"[0.2018, -1.3935, -0.2422, 0.2885, -0.335, -0.1227, 0.7715, -0.1474]",8545.9436,72139.8,16.392,"[0.6502, 0.5458, 0.0045, 0.4933, 0.2959, 0.4456, 0.7517, 0.9495]",None,Homo sapiens,2026-05-18T06:14:17Z,Figure 15: Timeline,9257.9232,ISO-8859-1,40-71,"[-0.1629, -0.7062, 0.1576, -0.8177, 0.061, -1.6946, -0.2464, -0.0045]",curated.events -> exports,-0.1047,"[0.8513, 0.4592, 0.1929, 0.7109, 0.9188, 0.3001, 0.3633, 0.5838]",YES,"[0.1322, 0.3496, 0.2728, 0.4719, 0.4274, 0.8216, 0.7936, 0.8814]",0.5541,"[-1.0321, -2.0627, -0.8817, 0.4913, -2.1652, 0.5635, 0.4419, -0.3718]",0.1512,EMP-20250,"[0.3409, -0.8816, 0.4143, 0.6127, -0.2217, 0.4315, 0.2607, 1.206]",0x812fb9692d420e9fa9315ba4048d994c18ab917a,"[0.3957, 1.4481, -1.2366, -0.8105, 2.1061, 0.1371, 0.7989, -0.9991]",291,ssh-rsa 7GFZniVaVrEg4z3AXoffE5N0z8thSLnIkD69fS+327kW=,-81.651978,-12.7814,"[0.6214, 0.4952, 0.6093, 0.408, 0.0137, 0.5133, 0.4344, 0.2589]","-----BEGIN CERTIFICATE-----
tOledJMjTl7oScqzVmFS+d7DS9e0/UXCTV6YWcae/4qvBvhgXlNx+vLGv1GFQ12a
-----END CERTIFICATE-----",92.2823,"[0.6632, -0.346, -0.2614, 0.1028, -0.4202, -0.4397, -0.328, -0.7669]",Hotel California,-0.4872,332,4565,Male,Electronics,924.46,45-90,8132-9124,CAD,High,false,"[-0.2809, 0.3964, 0.508, 0.1058, -0.5008, -0.2855, -0.3975, -0.3409]"
44494,0.0062,Technical Summary 2023,"[-0.6289, 0.1377, -0.1588, 0.7377, 0.2201, 0.0491, -0.0072, 0.3471]",7552.9971,27912.9,36.2406,"[0.9714, 0.9408, 0.5745, 0.6734, 0.2476, 0.2806, 0.6429, 0.3029]",None,Homo sapiens,2019-10-22 20:08:47,Figure 16: Overview,4214.679,ISO-8859-1,45-72,"[0.7702, -1.0879, -1.1846, -0.6389, 0.3837, -0.6727, -0.7702, -0.1529]",staging.orders -> analytics,-0.2374,"[0.3077, 0.9139, 0.0308, 0.85, 0.6529, 0.8648, 0.1252, 0.6606]",false,"[0.7508, 0.6548, 0.1687, 0.8221, 0.2621, 0.6611, 0.6366, 0.2256]",0.6764,"[-0.2455, -0.2942, -0.7803, -0.1078, -0.6643, -0.1621, -1.7253, -0.8268]",0.9921,EMP-10778,"[0.1056, -0.6201, -0.5767, -0.479, 0.3813, 0.1682, 0.6868, 0.649]",0x436c0b1c32ad30f7e6cf74dbec9e1ee2858789ff,"[-1.0203, -0.1006, 0.8887, 2.068, 1.4565, -0.5363, 0.9093, 0.8961]",907,ssh-rsa DorWQNI8+YoEVK7jzVttDpiEUldHoq65iyjLnA0TCaLF=,87.080323,28.1349,"[0.0988, 0.6719, 0.2133, 0.278, 0.8621, 0.6681, 0.2657, 0.5005]","-----BEGIN CERTIFICATE-----
no9HeY8WA3GXvxsDdvVsdbRU7QGyXO1FdowlRkW0Qdom6sU55nKzJSYuywF7aMAX
-----END CERTIFICATE-----",-7.5394,"[-0.8111, 0.3812, -0.938, -0.5525, 0.4511, -0.6527, 0.1677, -0.7925]",Imagine,-0.2521,979,6003,Female,Software,957.15,43-60,6930-8280,CNY,High,NO,"[-0.0862, 0.5564, 0.6615, 0.2772, 0.1312, -0.1113, -0.1609, -0.5715]"
73804,-0.0429,Quarterly Analysis 2025,"[0.0529, 0.3733, 0.1137, -0.1067, 0.7363, 0.4611, -0.4184, 0.0892]",3357.0591,8597.6,5.7321,"[0.7288, 0.013, 0.8472, 0.6246, 0.0256, 0.5542, 0.0187, 0.6952]",None,Fe2O3,2024-07-11T12:40:17Z,Figure 11: Comparison,5376.0537,UTF-8,43-65,"[-1.722, -0.2973, 1.1806, 0.8902, -0.7305, -0.3202, -0.3849, -0.6106]",curated.events -> exports,-0.3646,"[0.3502, 0.1825, 0.0278, 0.3278, 0.894, 0.0419, 0.8048, 0.5323]",NO,"[0.7736, 0.8495, 0.3973, 0.6879, 0.4772, 0.6591, 0.6557, 0.2104]",-0.7772,"[0.1001, 0.0133, -0.17, -0.3565, -0.0662, 0.3668, -0.6107, -0.3276]",0.3787,EMP-45554,"[-0.3701, -0.59, -0.0934, -0.8058, -0.0732, -0.0819, 0.1438, 0.1237]",0x5d9d47ce756879654caf5db5c79d3c2895e9d9d2,"[1.554, 0.2229, -2.5745, 1.3989, 0.1527, 1.1686, -0.8694, 0.5591]",419,ssh-rsa TESPNJ9PI5MkCrD9BlGe0cQ6r8kGxm3drnNFdoCkM6FK=,65.912257,68.9823,"[0.7024, 0.533, 0.353, 0.2749, 0.7669, 0.5365, 0.4675, 0.0988]","-----BEGIN CERTIFICATE-----
irimaWIQNNTdscOCcCDrdfU72kI4mTJgLBQKprCLm4SYcfmJvNsp1rDRDwttle5y
-----END CERTIFICATE-----",50.0111,"[-0.0961, -0.4171, -0.3829, -0.1997, -0.0686, -0.2066, -0.3962, 0.0496]",Imagine,-0.1691,410,1634,Other,Services,909.49,37-65,3644-5276,BRL,Medium,YES,"[-0.1053, -0.1122, -0.0972, 1.2753, 0.4106, 0.6803, 0.8866, 0.1287]"
93239,-0.8394,Technical Report 2021,"[-0.1545, -0.8015, -1.0546, -0.1291, 0.4171, 0.2082, 1.0358, 0.2785]",8889.6842,6918.1,41.5532,"[0.352, 0.5845, 0.0023, 0.8771, 0.2736, 0.3659, 0.7107, 0.5553]",Peanuts,E. coli,2023-04-28 10:57:58,Figure 3: Overview,941.1695,ASCII,17-76,"[-0.9265, 0.3327, -1.7086, -0.0291, -0.1065, -0.4157, -0.606, 0.6932]",raw.orders -> reports,-0.2546,"[0.1491, 0.9933, 0.8243, 0.8038, 0.6881, 0.7738, 0.5357, 0.8444]",YES,"[0.5063, 0.1181, 0.7821, 0.6522, 0.8231, 0.3415, 0.8043, 0.6575]",-0.6342,"[0.1726, -1.32, 0.307, 0.0767, 1.1618, 0.8394, -0.7364, 0.9046]",0.7824,EMP-99156,"[0.2419, -0.0637, 0.4733, -0.3549, -0.0771, -0.8558, 0.7027, 0.0257]",0x55a7b26e80dd5938993fcab0cdbb73e926b82573,"[1.6593, 0.6876, -0.8204, 1.5352, -0.8761, 0.0585, 0.9328, 0.568]",184,ssh-rsa 4d91Gcey8a5uDNYxCQ9g8yPs/iNiPHOt2Pfd+ktyVjZx=,15.501873,69.4878,"[0.5506, 0.9642, 0.0736, 0.333, 0.5608, 0.1418, 0.7094, 0.849]","-----BEGIN CERTIFICATE-----
YbABx4+jMKqap6Fnso6DrnFYfbVb4ttV2r+psVtH19rNYMIqG2496s2HVi1uIbBd
-----END CERTIFICATE-----",87.696,"[0.3835, -0.7674, -0.1527, 0.3365, 0.7608, -0.0522, 0.1328, -0.2636]",Bohemian Rhapsody,0.7734,941,1686,Non-binary,Clothing,198.04,33-64,9435-7986,CAD,Low,NO,"[0.2017, 1.1809, 0.0601, -0.1143, 0.0061, -0.2913, -0.4061, 0.7316]"
42449,0.4428,Quarterly Analysis 2026,"[-0.6379, 0.7708, -0.4048, -0.371, -0.2892, -1.15, 0.1224, -0.626]",9720.2942,75659.4,44.417,"[0.3989, 0.2066, 0.5094, 0.7173, 0.7131, 0.6164, 0.9943, 0.1964]",Pollen,E. coli,2024-07-19T06:00:28Z,Figure 5: Distribution,-237.1713,ASCII,0-70,"[-1.1236, 0.453, -1.157, 2.0061, -0.6757, -0.1022, 0.1496, -0.9882]",staging.users -> exports,-0.1607,"[0.5512, 0.1855, 0.8165, 0.4471, 0.4286, 0.1446, 0.1692, 0.542]",NO,"[0.2395, 0.1055, 0.4367, 0.2975, 0.3174, 0.395, 0.4882, 0.4271]",-0.7487,"[-1.5891, -2.2807, 0.7921, -0.524, 0.7634, -1.6971, -1.1373, 0.5929]",0.0366,EMP-64839,"[0.0388, -0.3715, 0.3884, -0.0359, 0.0233, 0.1579, 0.7205, 0.026]",0x6dff4ed3ccb2681e14a86846edf545e467d89649,"[-1.3418, 1.0473, -0.9846, 0.6116, 0.1275, 0.2557, -0.6693, 0.3887]",235,ssh-rsa ZCOkl9VnLH+NiMHuSNSllzcH0JNLerIXv3Him8zpQs82=,7.562405,42.7972,"[0.4198, 0.9218, 0.0564, 0.0545, 0.0255, 0.6725, 0.5284, 0.357]","-----BEGIN CERTIFICATE-----
yzri95NWagPF4uXLJveoOjD+1xEqM2s6Is3bi8arAoyvL9dCKkkxDQGgJHfcP2Y0
-----END CERTIFICATE-----",1.269,"[0.4312, -0.0455, 0.2612, 0.6251, -1.0294, -0.0932, -0.3885, -0.3318]",Hotel California,0.9008,31,5916,Male,Food,794.45,5-80,6780-9924,CHF,Medium,false,"[0.4417, -0.9179, -0.6076, -0.7544, 0.1041, 0.9364, -0.2291, 0.0703]"
77122,-0.423,Technical Analysis 2023,"[0.4872, -0.1898, -0.0174, 0.6729, 0.4764, 0.0691, 0.1477, -0.4327]",6740.7811,28876.6,20.5663,"[0.7051, 0.6337, 0.8065, 0.3174, 0.2204, 0.1297, 0.3753, 0.1471]",Penicillin,E. coli,2020-03-21 15:53:42,Figure 2: Overview,1113.6446,UTF-8,46-60,"[0.5505, -1.4251, 0.0035, -0.8041, 2.1791, 0.5168, -0.2082, 0.9461]",curated.orders -> exports,0.284,"[0.2487, 0.9006, 0.551, 0.7405, 0.1176, 0.5636, 0.1506, 0.3425]",YES,"[0.4869, 0.987, 0.6355, 0.0446, 0.1287, 0.6083, 0.2801, 0.2263]",0.3852,"[0.172, -1.5658, -0.1404, 0.6232, 0.1141, 1.526, 0.0331, -0.3809]",-0.4473,EMP-63918,"[0.3138, 0.24, -0.2691, 0.7435, 0.0074, 0.0208, -0.2226, 0.4842]",0xb0a3c17738a663ae089ca21b3e8bf59906ed870f,"[0.2819, -0.6549, -0.4181, 0.692, -0.35, 0.8509, -1.1105, -1.8069]",385,ssh-rsa M77gFLL3Puhc09ATmzNpuvdtsIpqEVm5NeJQYWXcB/QM=,-86.135822,-49.9958,"[0.4174, 0.6424, 0.5777, 0.8748, 0.8344, 0.7655, 0.8885, 0.7233]","-----BEGIN CERTIFICATE-----
Rpy6m1QhZFsblc4RyVffqueOgLwEe08J6LUCYtJVY2tycyR4HaumkjNZSKjfZ16U
-----END CERTIFICATE-----",33.4508,"[0.6201, 1.0222, 0.5072, 0.0765, -0.5942, 0.1497, 0.6126, -0.1176]",Hotel California,-0.1443,363,4778,Male,Services,36.32,25-86,6545-1522,JPY,High,YES,"[-0.6508, -0.1589, -0.376, 0.6022, -0.4243, -0.4057, 0.1803, -0.0676]"
DU5 8BF,-0.3396,Executive Summary 2022,"[-0.1135, -0.4006, 0.3206, 0.3519, 0.4394, 0.0531, -0.2932, -0.1441]",9377.3282,92342.8,49.7306,"[0.5898, 0.4561, 0.8103, 0.1871, 0.5704, 0.509, 0.64, 0.6375]",Shellfish,NaCl,2025-04-05T20:20:31Z,Figure 11: Timeline,201.6567,ASCII,32-86,"[0.1034, 0.0466, -0.0053, -1.2227, 0.9665, -0.2761, 0.3501, 0.1335]",curated.users -> exports,-0.9347,"[0.4461, 0.1721, 0.2371, 0.1961, 0.0078, 0.3268, 0.4965, 0.9074]",true,"[0.5565, 0.5543, 0.5704, 0.9121, 0.341, 0.152, 0.0665, 0.7947]",-0.9649,"[0.2493, -0.8796, -1.7008, 0.8953, -0.6965, -0.9747, -0.2732, 1.8169]",0.8366,EMP-79271,"[-0.2199, 0.61, 0.3822, 0.282, -0.2938, -0.228, -0.6015, -0.035]",0x819a59ce804726aa7479ae36f427b60f34b36c99,"[-0.2558, 0.6795, 0.2002, 1.0017, 0.1037, 0.6461, 0.364, 0.2264]",969,ssh-rsa 564Q6HSESQi1Ng4xNLDkpmAD5ul95vVyyWQcvKpEALJH=,-34.275402,-5.7495,"[0.3635, 0.8526, 0.5623, 0.4317, 0.4359, 0.6574, 0.9516, 0.6409]","-----BEGIN CERTIFICATE-----
y2ygLl1ebD0lanTKT0nIbJGdbpvkzVGXOYlUKe9jFrgrBVaNxIzkLLqIhSqsrpx6
-----END CERTIFICATE-----",41.3703,"[0.3224, -0.3257, -0.3836, -0.2014, 0.6601, 0.4541, 0.1753, -0.1418]",Imagine,-0.1514,188,6542,Female,Services,720.01,49-65,2490-2299,USD,Low,YES,"[0.9714, 0.0884, 0.7906, 0.3424, -1.0894, 0.0758, 0.3537, -0.1399]"
86833,0.6329,Executive Summary 2020,"[0.2499, -0.657, 0.0494, -0.8549, -1.2767, -0.1149, -0.2585, -0.8203]",1695.0182,83260.7,34.8981,"[0.6324, 0.068, 0.4174, 0.2816, 0.98, 0.6883, 0.3339, 0.4025]",Pollen,C6H12O6,2026-08-22 03:42:10,Figure 3: Timeline,5339.0249,Latin-1,19-71,"[1.8921, 2.2329, 0.5271, -0.3322, -0.5199, 1.1876, -0.3962, -0.7848]",raw.events -> analytics,-0.6525,"[0.9833, 0.7954, 0.5113, 0.3413, 0.9179, 0.4729, 0.061, 0.5101]",true,"[0.7885, 0.4477, 0.0182, 0.7864, 0.8073, 0.565, 0.7328, 0.0768]",-0.0569,"[-0.8868, 0.1689, 0.3469, -0.108, 0.5427, -1.7536, 1.5629, 1.2818]",0.5025,EMP-55756,"[0.296, 0.5833, 0.2291, 0.0057, 0.4164, -0.3982, 0.0974, 0.5575]",0xb540a4368446efd8ce5e758fc7ae7753ea12a8b7,"[1.7705, -2.2166, -0.5093, 0.7436, -0.1243, -0.1382, -1.4639, -0.8189]",876,ssh-rsa vonZFhWBv1fb/VUrCmbdmIgDceP2fXtPrZ1/zgi1GX2v=,54.484338,25.8009,"[0.7027, 0.4722, 0.8961, 0.7289, 0.7878, 0.6625, 0.5561, 0.6]","-----BEGIN CERTIFICATE-----
dSEWSQY5zL1bqOqQD6VxdKI2/Xsb1h5sTbVK3NySOml1hAG7ANAmFFTY0+SzXRR+
-----END CERTIFICATE-----",-25.0014,"[-0.1444, -0.0481, 0.513, 1.0517, -0.8546, 0.0955, 0.1328, 0.1857]",Imagine,-0.8435,956,364,Male,Clothing,33.68,37-69,4101-1920,AUD,High,YES,"[-0.1965, 0.2761, 0.391, -0.6697, 0.3668, -0.4472, 0.2369, 0.3847]"
31210,-0.0777,Executive Report 2026,"[1.3358, -1.0466, -0.0475, -0.5734, 0.4439, 0.3576, 0.7491, -0.9478]",885.0131,90845.2,24.1537,"[0.0869, 0.0118, 0.4642, 0.8203, 0.5627, 0.3494, 0.7335, 0.112]",Latex,Homo sapiens,2025-05-19 06:24:15,Figure 18: Timeline,5752.0803,UTF-16,26-92,"[-0.2834, -0.6545, -0.0503, -0.1074, 0.3358, 0.1675, 0.5617, 0.8665]",curated.users -> exports,0.062,"[0.7449, 0.9553, 0.8254, 0.6704, 0.3547, 0.3554, 0.3011, 0.7507]",NO,"[0.9673, 0.1625, 0.8516, 0.676, 0.6908, 0.9439, 0.2036, 0.1813]",0.2092,"[-0.8411, 0.0962, -0.2973, -1.2207, -0.201, 0.9934, -0.4671, -0.3461]",-0.1981,EMP-70344,"[-0.1442, -0.1546, 0.5788, -0.8474, -0.1173, 0.0278, 0.2102, 0.1855]",0x01b8c699dcfb332c52e01f23d762fd4fac3f25bd,"[0.8341, -1.5926, -0.928, 0.7441, -0.0052, -0.166, 0.2307, 0.8748]",300,ssh-rsa 1xNlFvAHzX1iVlBSjDYoWVx2/dWEma3IUmuVg222ap1m=,19.813144,-46.3769,"[0.869, 0.1954, 0.2305, 0.7732, 0.2751, 0.9833, 0.9585, 0.8057]","-----BEGIN CERTIFICATE-----
0/YgeV9C7E4VWVk6PgiSK/0bo/o6Fl3GM///f0/hLZ3F4u9tfRRHMYGGTkPvGgn2
-----END CERTIFICATE-----",-97.92,"[0.4671, 0.7778, -0.0561, -0.7231, 0.1529, 0.6241, 0.2244, 1.2319]",Hotel California,0.3476,659,155,Non-binary,Electronics,973.63,19-92,8714-1606,CAD,Negligible,NO,"[0.3937, -0.4409, -0.7667, -0.3613, -0.2704, 0.4604, 0.9327, -0.4941]"
MC2 2TX,0.7934,Technical Analysis 2022,"[0.6761, -0.1059, -0.7085, -0.4389, -0.5111, -0.5673, -0.9369, 0.6728]",34.2649,88542.4,13.6497,"[0.2036, 0.829, 0.338, 0.4402, 0.6373, 0.5769, 0.8733, 0.6083]",Penicillin,C6H12O6,2020-05-06 15:57:08,Figure 6: Comparison,3731.9398,UTF-16,35-100,"[0.2866, -0.8275, 0.2354, 0.9802, -0.8644, -0.5438, 0.9029, -1.6662]",staging.orders -> reports,0.412,"[0.0191, 0.0411, 0.6185, 0.6344, 0.0552, 0.4385, 0.1893, 0.8874]",false,"[0.1165, 0.0322, 0.8777, 0.7281, 0.2484, 0.5139, 0.5231, 0.3011]",0.5639,"[-0.7781, 0.6186, -0.6765, -0.4544, -0.1256, -1.125, 0.6739, 0.1473]",-0.7998,EMP-41839,"[-0.1904, 0.0899, -0.4248, -0.9014, 0.5019, 0.6149, 1.0595, 0.9498]",0x27f8634951c67f43e8637400052c3b6aa572cded,"[1.6758, 1.3327, -0.6741, -0.4637, 0.731, -1.8732, 1.3601, -0.8072]",190,ssh-rsa kGFo9P8wHhgv7XhDxr9gpnXT2t1ZDVehCEA89ebec2ys=,69.719389,-34.2378,"[0.0496, 0.8367, 0.4912, 0.2316, 0.4135, 0.0088, 0.755, 0.4183]","-----BEGIN CERTIFICATE-----
M4OJTlaPgaE/ClTtVpKXTp/Z/AYFDGslLJ5CNZ7P2Xc0GvRttcUDzor++49Aqk+E
-----END CERTIFICATE-----",-27.1955,"[-0.1274, -0.0588, -0.059, -0.4184, 0.0848, 1.1488, -0.4139, -0.7501]",Bohemian Rhapsody,-0.807,249,2671,Male,Software,813.1,12-58,1202-1782,AUD,Low,false,"[0.209, -0.0365, -0.1629, -0.2261, -0.9824, -0.3235, -0.2591, -0.0512]"
JP1 6AV,-0.5203,Quarterly Summary 2025,"[-0.3571, 0.6515, -0.4599, 1.338, 0.3594, 0.2284, 0.0771, 0.3229]",7407.7201,67005.9,3.0849,"[0.0853, 0.3662, 0.4767, 0.5805, 0.772, 0.2914, 0.5222, 0.2686]",Pollen,H2O,2024-02-20T21:31:41Z,Figure 13: Comparison,4415.6544,Latin-1,33-98,"[-1.0613, 0.8398, 1.2178, 0.9339, 0.1589, -0.2575, -0.2981, -0.3464]",staging.users -> analytics,-0.557,"[0.2241, 0.3695, 0.6447, 0.2218, 0.7072, 0.7383, 0.4865, 0.4565]",NO,"[0.8408, 0.6254, 0.0157, 0.3561, 0.0281, 0.5376, 0.5834, 0.607]",-0.9729,"[-0.3648, -0.4515, 0.6213, 0.1917, 0.0435, -0.9359, -0.5677, -1.6581]",-0.7428,EMP-96145,"[0.2634, 0.4043, 0.847, -0.1397, 0.525, 0.5257, 0.4418, 1.4097]",0x1fad30538e5a8eca68ef21693d5727fc8219ba18,"[-0.3337, -0.1593, -1.5494, 0.737, -0.8614, -0.1786, -0.3929, 0.4623]",408,ssh-rsa ITquf/mACIrGtrCgpOViM5MQzWxaT+e7O9HikmtLADQa=,-19.195147,4.0459,"[0.8504, 0.9529, 0.2401, 0.6527, 0.9493, 0.2038, 0.046, 0.3001]","-----BEGIN CERTIFICATE-----
JLnmLbLAo8ll0iZPzwVGzgN+alRsNAgUdyATF8abB0bBQxsPRE3Hh2N+pmFBcw5I
-----END CERTIFICATE-----",13.5372,"[0.0588, -0.0677, -0.7646, -0.1935, -0.3432, -0.3035, -1.0524, -0.2604]",Hotel California,-0.893,993,173,Male,Food,882.08,30-94,3541-6154,EUR,Critical,true,"[-0.7045, 0.9026, -0.7335, -0.0128, -0.4146, 0.18, 0.3613, 0.0162]"
BM6 7LE,-0.7244,Annual Report 2024,"[-0.4286, 0.6346, 0.4787, -0.0314, -0.0222, 0.2329, 0.1864, 0.6436]",3690.2418,42280.3,35.0599,"[0.0249, 0.4872, 0.006, 0.8247, 0.737, 0.3688, 0.5896, 0.5448]",Peanuts,C6H12O6,2020-07-08T05:09:07Z,Figure 20: Comparison,9786.8737,Latin-1,19-76,"[-0.6385, 0.151, 0.3767, 1.2792, 0.5286, 0.0639, 1.2111, -0.1318]",raw.users -> exports,0.6721,"[0.0709, 0.6771, 0.6846, 0.098, 0.6465, 0.9425, 0.8873, 0.6355]",NO,"[0.6432, 0.1023, 0.0275, 0.0337, 0.7484, 0.0714, 0.3772, 0.0338]",0.8447,"[-0.2244, -1.0812, -1.4199, -0.2082, 0.0112, 2.2139, 0.2371, -1.3391]",0.1145,EMP-45635,"[0.0763, 0.0439, -0.594, -0.7303, -0.194, -0.6243, 0.312, 0.099]",0x4f24c3c607d9e8d32a97b4539ec5323c0202ad55,"[-0.4299, -0.1992, 1.3409, -0.657, -1.3524, 0.5594, 0.521, 0.5395]",850,ssh-rsa TXungdTcLcjGxzpCF0h3HF3O8rvlKNRlOM1//tULyt14=,79.254518,-91.8774,"[0.0111, 0.8885, 0.0858, 0.1433, 0.6832, 0.4745, 0.9038, 0.626]","-----BEGIN CERTIFICATE-----
R9xgQA+2SivqahODSw9mTjQw0vK28z+CUubthpJLvHY9KmOjvRvlc2dYC2fm86/5
-----END CERTIFICATE-----",24.7015,"[-0.6953, -0.8312, -0.1895, 0.9194, -1.5301, 0.4831, 0.0671, -0.0224]",Imagine,-0.6814,780,3273,Male,Clothing,53.56,7-100,5547-8891,INR,Low,NO,"[-1.0771, 0.7655, -1.1052, -0.8888, -0.349, -0.5562, 0.6422, -0.507]"
94756,-0.1826,Executive Review 2025,"[-0.1992, -0.5257, 0.176, 0.4628, 0.6692, -0.8027, -0.7363, 0.3419]",-54.7912,88429.9,32.5032,"[0.8526, 0.0579, 0.3088, 0.3114, 0.2592, 0.009, 0.0225, 0.3093]",Peanuts,NaCl,2019-12-27 22:55:34,Figure 3: Distribution,3699.7005,ASCII,25-81,"[-0.4672, 0.7521, 1.3447, 0.006, 0.0905, -0.1515, 0.4251, -0.511]",staging.events -> analytics,-0.8934,"[0.7566, 0.8326, 0.3435, 0.9409, 0.1986, 0.6991, 0.0372, 0.7861]",false,"[0.0138, 0.6176, 0.7442, 0.1587, 0.4931, 0.4032, 0.2833, 0.278]",0.1671,"[0.2957, -0.1238, -1.837, -0.4007, 0.1003, 0.0936, -1.6842, -0.3957]",0.2773,EMP-78161,"[-0.1709, -0.5318, -0.1364, 0.4951, -0.3838, -0.9664, -0.028, -0.512]",0x8508c1d2a6938ac4fb87bf02f8510c1decfb47bc,"[0.8715, 0.5356, 0.5129, -0.6603, 1.3819, -0.0829, -1.5877, -0.3261]",939,ssh-rsa hlPDUWApB1YuOGDzUn6njwIZNsEeTkU7Rs5mvqrYWXXV=,15.595814,51.7975,"[0.9047, 0.5071, 0.4437, 0.2265, 0.5868, 0.7455, 0.8445, 0.3798]","-----BEGIN CERTIFICATE-----
TzI1WhiagFehG1dnS4iFYukdwerbKLXmJmKpk1DKJMf2WG3OIsZ31GmEZed/wVdv
-----END CERTIFICATE-----",79.0022,"[-0.0587, 0.0201, 0.2915, -0.0757, 0.8564, -0.8747, -0.2278, 0.3618]",Yesterday,-0.6736,948,5401,Non-binary,Food,718.25,26-55,3700-6783,BRL,Critical,NO,"[0.3626, -0.2829, -0.6425, -0.8602, -0.6134, -0.1331, 0.372, 0.6519]"
43593,0.2043,Annual Analysis 2025,"[-0.1521, 0.5195, 0.3418, 0.339, 0.7347, -0.8343, 0.1442, 0.0712]",4079.5645,5654.4,12.7379,"[0.9841, 0.278, 0.1648, 0.7256, 0.8708, 0.2344, 0.8148, 0.8426]",Penicillin,H2O,2025-10-14 03:55:58,Figure 2: Comparison,2584.367,UTF-16,25-95,"[-0.2183, -1.5242, -0.0471, 1.7371, -0.1689, 0.2493, 1.7736, 0.833]",raw.orders -> exports,-0.1011,"[0.1063, 0.3612, 0.9887, 0.8187, 0.2618, 0.0229, 0.9056, 0.912]",true,"[0.3927, 0.9631, 0.1401, 0.3198, 0.0094, 0.9964, 0.0885, 0.4945]",0.7306,"[0.1492, -0.4206, 0.8859, -1.1303, -0.1359, -0.4462, -1.9431, 0.7263]",0.4668,EMP-66137,"[-0.0982, -0.5359, 0.7985, -0.2198, 0.1831, -0.8577, -0.2466, -0.0399]",0x4a18bdf1c064eae77448e1b5cc191a643cf900e7,"[-0.5088, -0.2097, 0.9308, 1.921, 0.847, -1.0473, -0.1808, -0.829]",117,ssh-rsa lqpNM9pXCEZo2c9qb77Ib1LOYAqhqzgFzcLwrWCDWu+c=,38.359358,43.9314,"[0.5743, 0.8032, 0.5366, 0.9107, 0.2468, 0.4452, 0.0079, 0.3786]","-----BEGIN CERTIFICATE-----
fFB4sI/TZNhHCj/SlAvMOhg792CMm/Ktl4oL/zWfY9s5U6QRIIN7kxLItxFRNl3I
-----END CERTIFICATE-----",-69.4059,"[0.5754, -0.0683, -0.1793, -0.5881, 0.8779, 0.4395, 0.1577, -0.0718]",Imagine,-0.5499,595,6317,Female,Clothing,180.65,1-63,5362-7540,GBP,Critical,NO,"[0.5049, 0.524, -0.5508, 0.8699, 0.3252, 0.1982, 0.5267, 0.1453]"
48840,-0.4611,Executive Summary 2020,"[-0.3068, -0.7083, -0.2605, -0.2769, 0.3798, -0.4045, 0.1659, -1.5289]",2886.7239,38005.2,48.8071,"[0.5802, 0.8877, 0.4417, 0.0645, 0.5293, 0.654, 0.9513, 0.6847]",Peanuts,Homo sapiens,2019-02-19T07:34:36Z,Figure 16: Comparison,4565.159,ASCII,25-87,"[1.7783, 0.5696, 0.3128, 1.7381, 0.0531, 1.5727, -1.2668, -0.3495]",staging.orders -> exports,-0.9851,"[0.9545, 0.6237, 0.5257, 0.9962, 0.4901, 0.1796, 0.3914, 0.8835]",true,"[0.697, 0.8742, 0.9384, 0.297, 0.5129, 0.9115, 0.9906, 0.265]",0.252,"[1.1445, -0.2512, 1.0093, -0.4461, -1.2101, 0.4379, 1.6524, -1.171]",-0.1594,EMP-95458,"[0.0043, 0.1829, 0.3998, -0.6118, 0.0559, -0.4508, 0.5467, -0.8816]",0xaf84ada59c4b11091bfd1311ca70ca0a67ef6fe2,"[-0.0101, 0.9923, 0.2112, -0.5421, 0.3684, 1.8132, -1.7974, 0.6206]",819,ssh-rsa llUBknJk1c1XMiFJl9ShOJYhqasqfKqRCDU8vX720nAe=,-67.498982,-26.5857,"[0.1911, 0.5191, 0.6447, 0.4832, 0.699, 0.8741, 0.7359, 0.6536]","-----BEGIN CERTIFICATE-----
9Fk3pw3fY7mSdRaGKrueJMX7XmDzKIdTvnBSamtGn44F5HbJSbilRwrsQcpJAyT8
-----END CERTIFICATE-----",10.0332,"[0.1699, 0.9017, 0.0463, 0.2692, 0.6291, 0.0952, 0.4866, 0.741]",Stairway to Heaven,0.3847,300,718,Non-binary,Software,8.9,24-54,5081-2716,INR,High,YES,"[0.0293, -0.0813, -0.5721, 0.015, -0.6448, 0.2664, -1.5666, 0.5979]"
97126,-0.0295,Technical Report 2022,"[-0.0837, 0.4582, -1.274, -0.263, -0.7988, -0.052, -0.3193, 0.4329]",-803.2953,92091.0,21.1081,"[0.3973, 0.6521, 0.0812, 0.7604, 0.4322, 0.0383, 0.5851, 0.0346]",Peanuts,E. coli,2018-02-05T02:14:06Z,Figure 5: Distribution,2364.9839,ISO-8859-1,12-81,"[-0.0875, -1.7473, -0.4317, 1.7078, -1.0563, -0.1814, -0.5774, -2.4117]",curated.users -> reports,0.354,"[0.6613, 0.2421, 0.5866, 0.3196, 0.655, 0.0973, 0.57, 0.9015]",false,"[0.9691, 0.197, 0.7994, 0.681, 0.0597, 0.3336, 0.7445, 0.8674]",0.6341,"[0.5536, 1.2859, 1.0239, -0.4401, -0.1527, -0.6352, -1.9659, -0.7599]",-0.6854,EMP-56509,"[0.1142, -0.6148, -0.7948, 0.7113, 0.5068, 0.6618, -0.4324, -0.6349]",0x433db2561a300c3d7c5cc3637382858773b5d95d,"[-1.7604, -0.6475, 2.7045, -2.0492, -0.2731, -0.313, -0.4124, 0.3067]",631,ssh-rsa lLOJhYDxExHqwO1yKJyJHMe8xbvTZ+l67Y16ZI7gJaVZ=,-79.621485,28.6769,"[0.4155, 0.4088, 0.8658, 0.2022, 0.7755, 0.6755, 0.2977, 0.9605]","-----BEGIN CERTIFICATE-----
1CUgkct1RIut92U95MX7EXkjfXfRKr/goNMynDXqhTcVEXFOGDnBef1Ixut6wUud
-----END CERTIFICATE-----",-14.0298,"[0.3902, 0.169, 0.7142, 1.2126, -0.4144, -0.8801, 0.3733, 0.5437]",Yesterday,0.5371,695,1658,Non-binary,Hardware,311.2,15-91,5244-4946,CAD,High,NO,"[0.6042, -0.2462, 0.16, 0.2028, -0.1867, -0.3434, 0.1513, 0.4062]"
ZR6 9SZ,0.4238,Executive Analysis 2022,"[-0.4009, -0.2943, 0.334, 0.0038, 0.1774, -0.0309, -0.2713, -0.838]",4860.3786,52956.6,6.6307,"[0.622, 0.9926, 0.54, 0.8453, 0.8202, 0.2944, 0.2073, 0.7978]",Peanuts,Homo sapiens,2024-07-23 07:00:16,Figure 12: Overview,1974.2357,ISO-8859-1,3-64,"[0.6724, -0.2571, 0.9247, -0.9808, 0.5592, -1.0009, 1.2613, -1.7047]",curated.orders -> reports,0.611,"[0.0399, 0.5875, 0.1745, 0.6674, 0.2736, 0.7161, 0.0723, 0.662]",NO,"[0.5647, 0.1675, 0.6264, 0.1177, 0.8019, 0.4998, 0.6938, 0.7723]",0.5298,"[2.9848, -1.2655, -0.7644, 0.6665, 1.1435, 0.4736, 0.3258, 0.9174]",0.1119,EMP-62206,"[0.5903, -0.5873, -0.0143, 0.0584, -0.5912, 0.0296, 0.8291, 0.2083]",0x5d694691ab184dadee32f4e64e1d8d3e78294529,"[-0.2058, 0.3208, -0.6366, 0.6396, -0.1103, 1.3807, -0.7064, -1.1762]",271,ssh-rsa YdOlfSy5/VUxrZI+jxbgIRU8iKZUZci0GyQcTFJc5T4v=,-31.243872,-53.0705,"[0.6903, 0.7331, 0.6462, 0.0728, 0.2072, 0.5372, 0.8834, 0.8983]","-----BEGIN CERTIFICATE-----
f+Yg8YKnJBctPANB7oJiXB33lM9pcKN16U5b+sNt5T/Fo7NJWliH0LicuZHOBmJw
-----END CERTIFICATE-----",-60.1093,"[0.1428, 0.837, 0.127, -0.1687, 0.1987, -0.817, -0.7035, -0.1422]",Bohemian Rhapsody,-0.2615,724,4058,Other,Services,394.85,28-97,8922-8746,CHF,Negligible,false,"[0.8253, 0.1152, -0.1501, 0.5101, -0.3433, -0.2411, -0.0111, -0.3165]"
65440,0.7135,Quarterly Review 2020,"[-0.3965, 0.5276, 0.4513, 0.0439, -0.6695, -0.1308, -0.6584, -0.1072]",9303.4239,55495.9,2.8586,"[0.4532, 0.3064, 0.0525, 0.2403, 0.0612, 0.3038, 0.7299, 0.628]",None,Homo sapiens,2021-09-25T14:47:15Z,Figure 1: Comparison,5903.0089,ASCII,33-55,"[-1.0683, -0.0851, -1.0303, -0.3888, -0.4718, -1.6775, 1.8726, -0.2487]",curated.users -> exports,-0.4637,"[0.9678, 0.6611, 0.2216, 0.3045, 0.9, 0.0283, 0.0359, 0.2121]",NO,"[0.8621, 0.2496, 0.2306, 0.9754, 0.5384, 0.207, 0.4981, 0.9694]",-0.5769,"[0.133, 0.955, -1.239, -0.4291, 0.3139, 0.0327, -1.0716, -0.1299]",-0.0452,EMP-89939,"[0.1113, -0.6153, 0.1326, 0.349, -0.7847, -0.0759, 0.0357, 0.8105]",0xdac30ae455000b14b0141a85ab60b59bc578e8b0,"[0.242, 0.4309, -0.8852, -0.6423, -0.3372, 0.5802, 2.1442, -2.2617]",538,ssh-rsa ARDCn5C1Hw0B8IGVZVdcCgfPl7YmEV/x+R2ox5eWHTLm=,65.346073,-51.3558,"[0.0536, 0.4602, 0.988, 0.5241, 0.4221, 0.0033, 0.9011, 0.4658]","-----BEGIN CERTIFICATE-----
jwC7yZjNAHT4lzayChTauLQ0RxoOJPoWtDcmaNN+iOew/Vv58A3p1khh1J+8un1+
-----END CERTIFICATE-----",72.8538,"[0.3885, 0.1818, -0.1523, -0.1822, 0.2359, 1.1581, 1.1349, -0.2283]",Bohemian Rhapsody,-0.5756,571,7814,Female,Food,164.65,43-56,2746-5856,CHF,Critical,NO,"[-0.2044, -0.3136, -0.4565, 0.0519, -0.3106, -0.7679, 0.1805, -0.5289]"
ID1 8KT,-0.1642,Annual Analysis 2024,"[-0.5724, 0.3487, -0.4725, -0.4488, 0.3484, 0.5456, 0.4474, -0.0332]",-702.0697,41166.6,17.5376,"[0.0663, 0.5951, 0.4449, 0.603, 0.0087, 0.2572, 0.6483, 0.8545]",Peanuts,Homo sapiens,2022-06-26T13:50:14Z,Figure 12: Distribution,232.9899,UTF-16,11-97,"[-0.8451, 0.7866, -1.2296, 0.4379, 0.0497, 1.119, -0.7277, 0.4365]",staging.orders -> exports,0.0861,"[0.816, 0.8215, 0.7454, 0.3425, 0.7432, 0.8517, 0.2571, 0.2457]",YES,"[0.8296, 0.3133, 0.3277, 0.1717, 0.0463, 0.1584, 0.0006, 0.4814]",0.1422,"[-1.7829, -0.4633, -0.5507, -0.2706, 1.056, -0.8567, -0.4961, 0.3514]",-0.305,EMP-27257,"[-0.0933, -0.3378, -0.0403, 0.662, -0.0175, 0.4051, 0.1292, 0.194]",0xf3e93a837716ecd965b24633d484fd00227e40c7,"[0.9638, 1.3285, -1.1578, -1.1594, -0.3508, -0.9021, 1.12, 0.4083]",721,ssh-rsa ABhMITvddtFa7S/VfH//0y1ys1hRtLArQ1c21G3aNn5U=,69.056983,-71.6519,"[0.1658, 0.1585, 0.8379, 0.8912, 0.4121, 0.2102, 0.4584, 0.3125]","-----BEGIN CERTIFICATE-----
bCZCjb+aSRf1ahmdZxtbRIt6W5pSG7QRF8yELSLMr6cPzHXzmXFtRmOl56aVMP98
-----END CERTIFICATE-----",30.5019,"[0.4911, -0.015, -0.0367, -0.474, -0.1375, 0.2175, -0.3178, -0.7454]",Hotel California,-0.8056,314,8367,Male,Clothing,492.19,37-70,5638-5405,INR,High,YES,"[1.0879, -0.7933, 0.5879, -0.5885, 0.0641, 0.1164, 0.085, -0.3464]"
73403,0.4601,Executive Analysis 2025,"[-1.3764, -0.0138, -0.5793, 0.4985, 0.2401, -2.1448, -0.0158, -0.3315]",7109.8451,54028.2,16.0969,"[0.3285, 0.1189, 0.9254, 0.0179, 0.5224, 0.6993, 0.1, 0.5229]",Penicillin,E. coli,2019-02-18T03:42:25Z,Figure 8: Comparison,6667.4058,Latin-1,23-83,"[-0.055, 0.9543, -0.5142, -0.8499, 0.157, 0.3882, -2.0254, -0.462]",staging.events -> analytics,-0.2909,"[0.7759, 0.9976, 0.7396, 0.873, 0.083, 0.0412, 0.4294, 0.4773]",false,"[0.51, 0.3836, 0.7974, 0.0429, 0.2811, 0.8295, 0.3223, 0.5572]",0.9832,"[-0.1036, -0.2191, -2.2515, -0.3737, -0.2274, 0.2338, -0.2003, 0.4476]",0.9553,EMP-54934,"[-0.2969, 0.0022, -0.2785, -0.9629, 0.5415, 0.2606, 0.5927, 0.2414]",0x7465041f20495672962bfd0b04fc044f4896f013,"[0.587, 0.963, 0.3248, 0.2897, -1.9301, 0.5382, 0.1337, 0.1868]",590,ssh-rsa S6f37FcXYfyAwJUHQMez8fLK5bG3vV/mczsSS4KcbC9B=,-29.34006,-13.5211,"[0.9916, 0.2496, 0.4902, 0.795, 0.0603, 0.693, 0.6937, 0.2554]","-----BEGIN CERTIFICATE-----
ifiSGC/diOvT86ySNvb0/UxEn7eQEbA7x4/eWtkipqq+t/0uSc31rb8sQz8ihLhy
-----END CERTIFICATE-----",21.9405,"[0.1421, -0.7509, 0.0916, 0.0074, 0.2902, 0.1865, 0.03, -0.4402]",Hotel California,0.7562,434,9966,Other,Software,232.12,22-73,9463-6462,CHF,Critical,true,"[-0.749, 0.1172, 0.4, -0.2412, 0.0135, -1.3525, 0.6759, 0.2318]"
11851,-0.1233,Executive Analysis 2025,"[0.2658, -0.5334, -0.7194, -0.3013, 0.3784, 0.3265, 0.3372, 0.4278]",4718.0904,67389.6,2.4311,"[0.4191, 0.3896, 0.2051, 0.3708, 0.8048, 0.8062, 0.6042, 0.7785]",None,C6H12O6,2025-08-05 05:47:39,Figure 14: Distribution,8982.0862,Latin-1,15-80,"[-0.116, 0.1676, -0.7392, -0.7557, -1.1456, 1.1387, -0.7742, 0.3471]",curated.users -> analytics,0.8356,"[0.1736, 0.8226, 0.1234, 0.1063, 0.1824, 0.0542, 0.8584, 0.9151]",YES,"[0.4472, 0.5708, 0.6469, 0.6083, 0.0586, 0.4583, 0.7693, 0.1963]",0.4672,"[0.3053, 0.5946, -1.3441, -0.016, -1.6893, -0.4483, -1.0729, -0.1233]",-0.1906,EMP-20223,"[0.3495, -0.1242, 0.6993, 0.0447, 0.0499, 0.6965, -0.8403, 0.154]",0x8942daf25a2e3ac97385932d5df58a287f33d241,"[-0.9942, 3.416, -0.7496, -0.7788, -1.4374, 0.2383, 1.7796, -1.233]",255,ssh-rsa lD8Wb7Ict+9bt4LlOLocXkUe+QooGWBgBhRrcZOdY+B+=,22.241039,-45.3848,"[0.3773, 0.2393, 0.755, 0.6931, 0.0409, 0.7795, 0.3248, 0.3934]","-----BEGIN CERTIFICATE-----
qIkQy8LeCcbYoApAqOyRuez/1LCO4UscVWg8s2Hig6KW/CDt/5gwr55/NHIfwnZe
-----END CERTIFICATE-----",-90.6575,"[0.2187, -0.0701, -0.2796, -0.0549, 0.0882, 0.8606, 0.4144, 0.6056]",Stairway to Heaven,-0.7487,381,1550,Male,Food,376.54,28-59,1594-9947,CAD,Critical,YES,"[0.1511, -0.3536, 0.8782, 0.351, -0.1222, -0.8663, 0.3546, 0.2144]"
NS5 1OM,-0.728,Annual Review 2021,"[0.4441, -0.1421, 0.635, 0.1566, -1.0008, 0.3088, 0.2308, 0.0141]",3127.4196,11527.4,32.9568,"[0.1376, 0.6116, 0.868, 0.365, 0.508, 0.2038, 0.9469, 0.5363]",Pollen,H2O,2023-07-24T07:51:24Z,Figure 12: Timeline,5824.0798,ASCII,33-52,"[0.6808, -0.105, -0.5242, -0.5752, -0.6754, -1.5208, 0.8119, -0.4549]",curated.orders -> analytics,-0.2905,"[0.3431, 0.6161, 0.4972, 0.0264, 0.5035, 0.5653, 0.9793, 0.1077]",NO,"[0.4578, 0.4825, 0.5543, 0.2744, 0.4555, 0.246, 0.4167, 0.9291]",-0.856,"[-0.2455, -0.5521, -0.7895, -0.2666, -0.9866, -0.1926, 0.754, 0.5]",0.3887,EMP-36755,"[0.9117, -0.733, -0.0572, -0.0489, -0.1563, -0.3278, 0.2475, 1.0355]",0xe3b236b61e61acb1b46918e662c2d80bc4386965,"[0.8396, -0.3059, -0.2983, -0.3787, -0.5758, -0.4465, 0.2405, 1.0975]",301,ssh-rsa HaI0Zm5kSRh4pZp7FpqXGoTJdUuJjkEvxIq6Q2BI2Lku=,20.731111,49.3685,"[0.018, 0.2522, 0.2545, 0.1256, 0.9913, 0.6743, 0.5451, 0.7879]","-----BEGIN CERTIFICATE-----
ZgQutn4+Neb3PGZ9tRuf6VCc2aQJlOV4E/f8CZpGLxNjVHgw0sAgDTeVxU4PEQQD
-----END CERTIFICATE-----",-36.6785,"[-0.3509, 0.2671, -1.3069, 0.0354, 0.5347, -0.3159, -0.0795, -0.6943]",Stairway to Heaven,0.6816,372,1116,Other,Clothing,903.6,36-97,6847-1483,GBP,Low,false,"[-0.3649, 0.1004, -0.273, 0.0556, -0.0196, -0.41, -0.5675, -0.119]"
74036,-0.5907,Executive Report 2021,"[-0.6803, -0.3513, -0.0098, 0.611, 0.4471, 0.5224, -0.0486, -0.633]",3250.0529,71155.9,41.3906,"[0.3526, 0.3864, 0.8914, 0.3689, 0.64, 0.6124, 0.1615, 0.9829]",Latex,Fe2O3,2026-04-15 20:50:39,Figure 5: Timeline,-731.1851,UTF-8,16-57,"[-0.7792, 0.1173, 0.0039, 0.217, -0.7445, 0.8933, -0.564, -1.1566]",raw.events -> analytics,0.7591,"[0.074, 0.8707, 0.626, 0.0903, 0.4265, 0.0316, 0.6695, 0.2088]",YES,"[0.9685, 0.0742, 0.9297, 0.6767, 0.8196, 0.478, 0.081, 0.222]",-0.9858,"[-0.6224, 0.3756, 1.9924, 0.8905, 0.4948, -0.6769, -0.4922, 0.9417]",-0.0543,EMP-51161,"[0.3685, 0.2163, 0.237, -0.601, 0.3007, 0.2989, -0.4902, 0.2192]",0x301378cd16a6d479f6cc92de81be9e7e1d9a01bb,"[-0.0255, -0.1639, -0.7975, 1.3244, -1.2339, 1.5732, -0.5603, 0.848]",789,ssh-rsa 9t8CrFekyu+oRAXKr0choY1rCmiJ7o37C1vHENytkJ2W=,-69.285535,60.2794,"[0.4095, 0.4094, 0.6533, 0.1679, 0.0587, 0.3938, 0.2801, 0.0093]","-----BEGIN CERTIFICATE-----
gMP2Jaojk32G/LvrNy6hzExcsyA9DEohV9BHXLtTSoS1zvvuewT/kDQ3JtOOyhUd
-----END CERTIFICATE-----",75.0623,"[-0.4001, -0.8622, -0.4386, -0.2075, -0.576, -0.585, 0.3207, -0.5723]",Yesterday,-0.9387,64,3686,Female,Hardware,580.58,16-65,3374-4024,JPY,High,NO,"[0.1753, -0.5467, -1.0174, -0.1917, -0.5824, -0.6723, -0.0903, -0.5007]"
99960,0.1986,Executive Summary 2020,"[-0.6921, 0.1812, -0.0496, 0.6963, 0.1198, 0.7995, -0.3336, 0.3902]",7374.5063,55920.6,18.1368,"[0.9976, 0.1918, 0.8939, 0.9489, 0.0881, 0.0771, 0.1258, 0.6726]",Shellfish,C6H12O6,2018-03-12T16:33:36Z,Figure 19: Timeline,122.3009,UTF-8,29-95,"[-0.7345, -0.2602, -0.4821, -1.225, 1.0396, -1.4316, -1.6728, 1.5022]",curated.events -> analytics,-0.0949,"[0.6182, 0.1516, 0.717, 0.4566, 0.1496, 0.6706, 0.3906, 0.3183]",YES,"[0.118, 0.9865, 0.7902, 0.7016, 0.1257, 0.2643, 0.5326, 0.4194]",-0.3218,"[-1.2515, -1.1481, -0.7391, 0.5687, 1.3221, -0.9479, 1.8446, 0.5233]",0.4967,EMP-46603,"[0.5371, -0.2734, 0.1096, 0.6771, 0.0194, -0.645, -0.1349, -0.2731]",0xbba5cc15c4de7d751dc2fd313e06656f122e4b4a,"[-1.01, -0.2992, 0.3611, 2.4342, -1.9623, -0.8164, 0.417, -0.4291]",823,ssh-rsa DpB+laZdFk3KfOEAlKjpBPWHuqAFjTmtCEo/ZEAhGtf0=,-10.312595,24.3196,"[0.9202, 0.1581, 0.499, 0.2869, 0.6781, 0.8762, 0.3154, 0.7541]","-----BEGIN CERTIFICATE-----
nmj0hwyqL30Le+6zryyhRG0hpchbpvRTk1thFGhlFFwf9fwCYWMv6OytTW26QO3U
-----END CERTIFICATE-----",19.1562,"[-0.6798, 0.5332, -0.2119, 0.1169, -0.0722, 0.3472, -0.8257, -0.6211]",Bohemian Rhapsody,0.2748,793,9315,Non-binary,Food,973.55,25-96,5342-9379,INR,High,false,"[0.181, 0.0029, -0.8199, -0.2088, 0.9234, -0.0768, 0.0286, 0.5412]"
OW6 2QN,0.1363,Technical Review 2024,"[-0.3026, -0.1567, -0.0315, -0.7159, 0.6798, -0.4241, 0.4697, -0.0996]",4378.0142,25938.9,22.7602,"[0.7326, 0.5516, 0.724, 0.8519, 0.7629, 0.0057, 0.9367, 0.5989]",Pollen,NaCl,2020-09-05 00:04:39,Figure 13: Timeline,6588.5996,UTF-8,40-51,"[1.094, -0.7118, -2.0552, 2.0135, 1.3774, -0.543, -1.2958, 0.484]",curated.orders -> reports,-0.3854,"[0.2553, 0.8729, 0.4634, 0.5907, 0.5465, 0.4962, 0.4086, 0.7542]",false,"[0.8352, 0.8698, 0.4038, 0.042, 0.581, 0.9762, 0.4901, 0.5262]",-0.9916,"[-1.0695, -0.5302, 1.8159, -1.5083, -1.0525, -1.0094, 0.1287, 0.0123]",0.1237,EMP-70820,"[0.9556, -1.1497, -0.064, -0.2428, -0.5302, 0.1946, -0.5421, -0.4056]",0x1c91aec110ba5210f33fb4d1ed728a77e26a8006,"[1.7256, 1.9315, 0.5704, -0.3071, -0.5878, -1.2594, 1.1332, -0.8798]",571,ssh-rsa EeO+pyYkMwU21MambmT72bXXRQeleBWJU9E8adj9DiFS=,7.604674,51.0055,"[0.1862, 0.5131, 0.7231, 0.1646, 0.0002, 0.2858, 0.9378, 0.134]","-----BEGIN CERTIFICATE-----
EiSD1zjlZ+jPPVQ8kCEvvFiKi+ACd7Ep+M+GUxZWmuUQlcVTh6xcvsUJOhU52bVF
-----END CERTIFICATE-----",-98.4678,"[0.2047, -0.0267, 0.0187, -0.0329, 0.8813, 0.4339, -0.2792, 1.0502]",Hotel California,-0.6504,441,8315,Male,Hardware,882.22,30-68,8132-9305,GBP,Critical,false,"[0.0844, -0.3951, -0.1075, -0.1993, -0.4454, 0.3906, 0.0565, 0.2938]"
93667,0.5225,Executive Report 2020,"[-0.7319, 0.595, 0.2693, 0.0856, 0.299, 0.4293, -0.6347, -0.5129]",6963.6347,61638.0,23.6342,"[0.3202, 0.2075, 0.302, 0.4716, 0.9583, 0.3625, 0.3968, 0.6097]",Peanuts,E. coli,2019-06-17 19:48:01,Figure 12: Distribution,5747.534,ISO-8859-1,3-99,"[-1.8011, -0.6037, -1.6093, 0.9206, -1.0178, 0.3224, 0.0121, -0.029]",raw.orders -> exports,-0.8999,"[0.0085, 0.6747, 0.9834, 0.0641, 0.274, 0.1384, 0.8958, 0.4738]",false,"[0.3928, 0.1904, 0.2537, 0.712, 0.2804, 0.545, 0.6538, 0.5947]",0.3189,"[-1.2509, -0.3497, 0.1464, 1.2588, 1.1838, 0.5533, 0.0365, -0.7516]",-0.6807,EMP-17167,"[-0.0256, 0.216, 0.0156, -0.3131, -0.7078, -0.8705, 1.0507, 0.3861]",0x3900638f96caeb5c43537d0fc7fa4e8a3d997d15,"[1.0267, 0.1232, 0.4646, 0.3765, 0.6559, 0.0099, -1.6369, 0.0514]",880,ssh-rsa 03J01grjiOLG4I5G3VuRivgz9V++2y7orQLWmfwa4cra=,-28.35609,-68.6723,"[0.2588, 0.0145, 0.2288, 0.5614, 0.5485, 0.5527, 0.044, 0.6869]","-----BEGIN CERTIFICATE-----
QRPyMVYhmb+SbvGC0ltjbMZaVwNEPSHQciBcC1wI8UI4BvnTTaljai+GTLug+0+O
-----END CERTIFICATE-----",-59.0155,"[-0.5893, 0.6022, 0.4604, 0.6345, -0.5148, -0.0898, -0.0701, 0.3886]",Hotel California,0.6484,395,1034,Non-binary,Clothing,505.47,23-63,9820-3773,CHF,Medium,YES,"[-0.2642, -0.4987, -0.1987, -0.3463, -0.1926, -0.3594, 0.2031, 0.3935]"
48377,-0.8372,Quarterly Review 2022,"[0.1222, 0.3352, 0.0059, 0.2343, 0.2659, -0.4739, 0.6864, -0.5419]",309.8106,14786.1,13.3951,"[0.1877, 0.5536, 0.2982, 0.8428, 0.3106, 0.0907, 0.0819, 0.1624]",Penicillin,C6H12O6,2020-10-25T09:20:12Z,Figure 19: Comparison,403.8452,UTF-16,29-55,"[0.7089, 0.0466, 0.6656, 1.6211, 1.0178, -0.2337, 0.8289, -1.3691]",curated.events -> reports,-0.0976,"[0.1261, 0.0515, 0.6983, 0.1881, 0.2823, 0.088, 0.9944, 0.7063]",true,"[0.6534, 0.5186, 0.7098, 0.7813, 0.5443, 0.1419, 0.8036, 0.5707]",-0.9377,"[-0.0305, -0.239, -0.1183, 0.7025, -0.1764, -1.2626, -0.8176, -1.6567]",-0.96,EMP-88796,"[0.5547, -0.5268, -0.2039, -0.6501, 0.0926, -0.2328, 0.4176, 0.2406]",0x9dac559a64aa184a6e7db457d4478d185364e17a,"[0.1837, -0.7763, 0.2734, -1.9869, -0.4891, 1.376, -0.6261, -0.105]",927,ssh-rsa 0OVOVTNZPK/fVtCVP0rOk82WAKOC7eVaT9q+l3LQfCa0=,21.85102,-54.8193,"[0.3322, 0.6429, 0.7199, 0.0471, 0.4044, 0.8032, 0.6651, 0.5789]","-----BEGIN CERTIFICATE-----
7TW8NZH9UkznvKGXlb+5zUKb+79Ja8c5Jgdg8BJR677ZBwCONUQVejsOMiyq/Y3v
-----END CERTIFICATE-----",-10.567,"[-0.0576, 0.227, -0.1158, 0.1759, -0.1388, -1.6977, -0.0148, -0.149]",Hotel California,-0.4391,866,8938,Male,Software,151.85,2-81,5917-2472,GBP,Critical,false,"[-0.0172, -0.0277, 0.1753, 0.2976, -0.2249, -0.654, 0.751, -0.2219]"
YV9 4MF,-0.1671,Executive Review 2024,"[0.4747, -0.4797, 0.0677, -0.1923, 0.2216, -0.791, -0.5351, 0.5728]",9750.0319,40973.1,3.6071,"[0.6921, 0.7975, 0.5775, 0.8887, 0.247, 0.428, 0.2425, 0.0527]",Peanuts,C6H12O6,2026-03-14T23:31:01Z,Figure 2: Distribution,1295.4786,ISO-8859-1,20-97,"[-0.7866, 0.2876, -0.2628, 0.9165, -0.1706, -1.0847, -0.525, 1.083]",staging.users -> exports,0.1629,"[0.9424, 0.4655, 0.4254, 0.8475, 0.6235, 0.0617, 0.8501, 0.2903]",false,"[0.2257, 0.251, 0.863, 0.6417, 0.7845, 0.9912, 0.3424, 0.2369]",-0.2139,"[1.0927, -1.0282, -0.0542, -0.7425, 1.6912, -1.1861, 0.3022, -1.3173]",-0.6575,EMP-79398,"[-0.5679, 0.4047, -1.3502, -0.6682, -0.6147, -0.5494, 0.4809, 0.6247]",0xb9d4a9b8cc0fbd4b88f0780574968066ad2472d9,"[-1.0143, -1.5498, 1.3059, -0.4634, 0.1986, -1.0275, 0.5317, 0.9934]",603,ssh-rsa sPanQGnR1UwcqJI51LoAUAdSrOgiHZgvIvq2CMRPDFUc=,-13.088875,-25.3877,"[0.8715, 0.0903, 0.2242, 0.4493, 0.7439, 0.8047, 0.6933, 0.7741]","-----BEGIN CERTIFICATE-----
93KeY7hOE/l1JaHI1xUVRAxnYUQG91ShpYvNcLQ7Y5u6MyIhth5YHOSGUqVdIfrd
-----END CERTIFICATE-----",-82.3532,"[-0.0006, 1.1383, 0.7566, 0.158, 0.7391, -0.1046, 0.0926, -0.3772]",Yesterday,0.4901,729,350,Other,Hardware,495.94,48-96,8797-8794,CAD,High,true,"[-0.8501, 0.1059, -0.1347, -0.2778, 0.1092, -0.0899, -0.227, 0.3831]"
LG1 9ZZ,-0.4472,Quarterly Analysis 2020,"[-0.1447, 0.6049, -0.6839, 0.4864, 0.0737, -0.761, 0.2316, -0.3527]",8663.6063,15775.6,7.938,"[0.2768, 0.6878, 0.6449, 0.3808, 0.185, 0.3195, 0.9767, 0.1374]",Shellfish,E. coli,2019-08-14 19:51:28,Figure 6: Comparison,4120.417,ASCII,2-72,"[-0.6888, -2.0899, -0.3486, -0.4964, -0.3809, 0.3022, -0.1, -0.4197]",staging.users -> exports,0.3243,"[0.7891, 0.9372, 0.5649, 0.1714, 0.3471, 0.9328, 0.0477, 0.5079]",NO,"[0.4957, 0.8832, 0.9716, 0.196, 0.8262, 0.2475, 0.246, 0.7336]",0.7523,"[0.0627, 1.0675, -0.6681, 0.4394, 0.0491, 0.4704, 0.8996, -0.2721]",-0.7751,EMP-97623,"[-0.415, 0.153, 0.3788, -0.1027, -0.2682, 0.0201, -0.3053, 0.9978]",0xa1d779664d9c8a815c9378f580ec317dc74938ce,"[0.0238, 0.0776, -1.4262, 0.9096, -1.6233, 1.3997, 0.9284, 2.1566]",95,ssh-rsa vI3PhHgkk7RgD2/Y8uL1WK2G+dtLpODRM7FfOzoxfivZ=,-13.18783,-46.515,"[0.9453, 0.5327, 0.4161, 0.8399, 0.0023, 0.3142, 0.4678, 0.8082]","-----BEGIN CERTIFICATE-----
GKTfrDMe7m7TW5MXfBM0V1Zqnez4RN7M2PneccRoc2VAgIErTveq04O5YR9AtDQN
-----END CERTIFICATE-----",-92.2831,"[-0.5363, -0.1999, 1.1456, -0.9389, -0.3545, -0.361, 0.0189, -0.277]",Yesterday,0.9409,44,5821,Male,Software,249.71,21-56,4664-3400,BRL,Low,true,"[0.2545, -0.4198, -0.1882, -0.0249, 0.3453, -0.4045, -0.0439, 0.0715]"
27064,-0.5135,Annual Report 2023,"[0.9809, -0.0594, -0.1704, -0.2185, 0.0548, 0.2757, 0.2534, -0.3088]",2180.2291,21746.9,7.5934,"[0.4034, 0.0132, 0.0227, 0.5033, 0.1079, 0.3432, 0.8967, 0.352]",Penicillin,C6H12O6,2019-07-24T08:23:35Z,Figure 20: Timeline,9632.263,ASCII,18-64,"[-0.0402, 0.1396, 0.2375, 0.1152, 2.5652, -0.3988, 0.5282, 0.4137]",raw.events -> analytics,-0.7596,"[0.0496, 0.4041, 0.3221, 0.4411, 0.6871, 0.0741, 0.1049, 0.1558]",true,"[0.7051, 0.6351, 0.5941, 0.1726, 0.6112, 0.3446, 0.7811, 0.2346]",-0.3232,"[1.1452, -0.1044, -0.4658, -0.4623, -0.6335, -2.1122, 0.4521, 0.4151]",0.7597,EMP-26660,"[-0.1032, -0.5996, -0.5601, -0.0492, 0.2106, 0.1166, 0.2606, -0.1368]",0x7530efc612adc3cdc7fbf764a908b9c214ac330a,"[-1.3141, -0.0365, 0.5613, 0.7405, -0.8685, -0.4903, -1.5463, 1.4195]",448,ssh-rsa oXd/SGXDQ6NMjegFuVvOdqagDZUQEMIlYFMM0IQilKQo=,-46.751077,-72.8644,"[0.1907, 0.7375, 0.4252, 0.497, 0.2504, 0.697, 0.0299, 0.0468]","-----BEGIN CERTIFICATE-----
Zgo720Iocf9ii1WFiyHDKAOVLsCTi1XUR+3SSl2VMMbWIRjLLbbakqOLKnKkEwQN
-----END CERTIFICATE-----",53.1408,"[0.7927, -0.4823, -1.1991, -0.3983, -0.3066, 0.8741, 0.2434, -0.4492]",Yesterday,-0.637,543,1034,Male,Clothing,491.64,46-69,6008-1959,INR,Negligible,false,"[-0.3177, -0.6075, -0.2294, 0.0308, -0.6009, -0.7692, -0.2683, 0.6089]"
66659,0.8349,Annual Analysis 2023,"[0.5817, 0.1286, -0.1249, -0.2819, -0.9478, 0.6878, -0.0109, 0.1659]",7902.2227,21499.9,30.7076,"[0.9854, 0.0013, 0.9195, 0.0283, 0.1629, 0.5783, 0.5836, 0.3671]",Penicillin,C6H12O6,2020-01-01 18:34:03,Figure 3: Distribution,6607.2686,UTF-8,33-98,"[-1.6344, 1.3853, 0.2137, -2.2696, 0.8957, -0.1332, 0.2128, -1.8556]",raw.events -> reports,-0.9637,"[0.7297, 0.803, 0.5734, 0.5657, 0.7722, 0.9618, 0.4139, 0.1701]",NO,"[0.4858, 0.1452, 0.0167, 0.0128, 0.5308, 0.7679, 0.3072, 0.5807]",-0.4806,"[1.0076, -1.2707, 2.7661, -2.2765, 1.3603, -1.0106, -0.9523, 0.407]",0.1176,EMP-23121,"[0.1924, 0.8776, 0.1015, 0.3771, -0.3201, 1.1612, -1.0055, -0.2903]",0xf216c22d64f985531870af5e50d258ef21b42a7e,"[0.9876, 1.0425, -0.515, -0.9156, 0.014, 0.3838, -0.545, -0.8793]",59,ssh-rsa bIiSnNqpU3PzSjQj9m1GFPfGCTFEUg5zy/sE1nVmVAKC=,47.172101,-20.6592,"[0.7206, 0.4597, 0.0826, 0.0562, 0.5059, 0.3389, 0.4628, 0.3677]","-----BEGIN CERTIFICATE-----
A5uqL9mT1h5fGQ0igDieJsuSxjJekytjW2yglIYP4CvmXeccv4LkucBfqADNknO7
-----END CERTIFICATE-----",46.7931,"[-0.2988, 0.821, 0.4064, -0.4576, 0.2582, -0.3093, -0.2846, 0.7023]",Stairway to Heaven,0.61,189,9412,Non-binary,Services,393.4,26-97,6735-9320,GBP,Critical,true,"[0.8641, 0.1678, -0.4264, 0.4745, 0.0563, -0.2293, -0.034, 0.0581]"
13145,-0.3748,Executive Analysis 2021,"[-0.6775, 0.0449, -0.2377, 0.7823, -0.2183, -0.3906, 0.0458, 0.6073]",4624.6236,37973.9,1.7163,"[0.9715, 0.3291, 0.867, 0.8292, 0.4098, 0.4186, 0.4954, 0.6042]",Pollen,NaCl,2022-08-20 05:45:28,Figure 13: Comparison,8068.4945,Latin-1,29-61,"[0.1966, 0.0989, 0.6049, -0.3817, -1.85, -0.6516, -0.2777, -1.2129]",curated.users -> reports,0.6097,"[0.99, 0.7643, 0.7607, 0.4497, 0.9137, 0.5625, 0.4478, 0.2714]",false,"[0.6235, 0.9552, 0.9272, 0.9879, 0.9456, 0.2113, 0.9865, 0.7342]",0.3884,"[0.005, 0.2251, 0.9943, 0.8057, -0.1786, -0.793, 0.8857, 1.6018]",-0.2257,EMP-61321,"[0.4925, -0.1635, 0.2385, -0.5494, -0.2381, -0.119, 0.8312, -0.9854]",0x7fe4f41f9354891f9f64e4253d15283445391999,"[0.2807, -1.8019, -0.295, -0.1735, 1.4071, 0.9866, 0.4513, 2.3002]",659,ssh-rsa OGXVG4rRRa6ygEbNkZ9qYbNAZjU3UJ2MsyQ2gWherzMO=,-55.914342,-64.0812,"[0.2517, 0.1174, 0.7863, 0.0921, 0.5515, 0.9715, 0.6988, 0.1253]","-----BEGIN CERTIFICATE-----
zKjc3uU23gIc3oA5pFjVECWiEO7druPNX4sV4P+qGo07U1U4NQaaAlCzRmiXeulL
-----END CERTIFICATE-----",99.9253,"[-1.0159, -0.8164, -0.3194, 0.2398, 0.3735, -0.0078, 0.565, 0.606]",Stairway to Heaven,-0.2919,429,6057,Female,Electronics,152.07,30-74,9456-7852,JPY,Negligible,NO,"[-0.1345, -0.1293, 0.4775, 0.406, -0.2013, 1.2942, 0.1212, 0.288]"
46740,-0.2246,Quarterly Summary 2023,"[-0.6374, 0.5111, -0.4882, -0.1084, 0.2269, 0.7218, -0.0651, 1.0903]",8189.7343,91569.6,39.2334,"[0.086, 0.4436, 0.8606, 0.5159, 0.6385, 0.354, 0.3141, 0.1873]",Peanuts,H2O,2020-09-06 04:55:57,Figure 6: Timeline,5000.4493,ASCII,13-57,"[0.8557, -1.899, 0.4424, 0.079, -0.2111, -0.2739, 0.0632, 0.2245]",staging.users -> exports,0.2073,"[0.9433, 0.8153, 0.7083, 0.068, 0.2243, 0.1073, 0.4369, 0.0983]",NO,"[0.6174, 0.0612, 0.7893, 0.9756, 0.8806, 0.3532, 0.6219, 0.1358]",-0.3646,"[-0.9401, -1.3959, -0.0749, -0.0631, -1.2338, -1.9067, -0.9445, 1.1638]",0.3822,EMP-46684,"[-0.1642, -0.033, 0.3172, 0.8426, 0.1822, -0.1521, 0.1555, -0.2099]",0x73a6b6c65140aed0ae4e6767669f181190fbb741,"[-1.2084, -0.7848, 0.7957, 3.335, -2.4688, -0.1442, 0.2638, 1.3275]",982,ssh-rsa OWCrg7K3NnoO6TTY5kI1AFhrxXuwjc9Pzy/5wTAEbyCn=,75.385861,54.2895,"[0.1289, 0.6011, 0.3534, 0.5425, 0.3688, 0.2643, 0.2608, 0.9846]","-----BEGIN CERTIFICATE-----
EkXlLSlm0CpYYCI0IQL/aZNDmxJkz9c6tmaQAmjPVdlNhIAa7iVpfA/SpKjhRD9W
-----END CERTIFICATE-----",-55.2838,"[-0.6231, 0.0539, 0.8479, -0.5793, 0.3833, 0.3295, 0.2665, -0.9904]",Stairway to Heaven,-0.5799,514,888,Female,Electronics,787.35,32-59,3778-3175,EUR,Negligible,YES,"[-0.1203, 0.5692, 0.2738, 0.056, -0.4993, -0.1414, 0.0284, -0.8206]"
14173,0.8477,Executive Report 2025,"[-0.3191, -0.3096, -0.6006, -0.2006, 0.4237, -0.3587, -1.2304, 0.9391]",4719.9979,68331.0,34.9408,"[0.777, 0.1581, 0.7695, 0.1744, 0.0866, 0.3327, 0.1479, 0.754]",Shellfish,C6H12O6,2024-07-21T10:01:07Z,Figure 1: Distribution,2148.9677,UTF-16,13-52,"[0.0526, -0.8334, 0.5631, 0.6974, -0.2263, 1.2929, 0.0567, 0.8256]",staging.orders -> analytics,0.4118,"[0.4345, 0.4397, 0.8826, 0.7401, 0.8858, 0.9843, 0.1314, 0.3547]",true,"[0.291, 0.0793, 0.2437, 0.7642, 0.1392, 0.6852, 0.8061, 0.2573]",-0.6673,"[-0.2879, -0.411, 1.9963, 1.1803, -1.5378, -0.3234, -0.337, 1.178]",-0.7555,EMP-19936,"[-0.4746, 0.8585, -0.1926, 0.0674, -0.4037, 0.4356, 0.5738, 0.1821]",0x0e23911209c323e5cfa9e8eaa78b7cda5a77a0ac,"[2.7242, 0.3118, 0.5494, 0.0595, 1.4972, 1.2273, -0.4605, 1.3107]",367,ssh-rsa be6i8Xqy9xcvYm/DCBufzFNKfonaxN7nELyyenV9IPSC=,-22.205751,1.6205,"[0.4455, 0.973, 0.2345, 0.799, 0.2227, 0.0758, 0.2702, 0.7902]","-----BEGIN CERTIFICATE-----
lgJaMshr6JcmpPNVXauFgbwUtA5iXfwjgFdMS2e2ZXs7bDyeklBuvuzxbKqHKz//
-----END CERTIFICATE-----",-72.7903,"[0.2492, -0.0805, 0.4299, -1.094, -0.993, 0.8143, -0.1439, -0.9738]",Imagine,0.5822,629,9450,Non-binary,Food,968.12,11-72,2169-1638,INR,High,NO,"[-0.0892, -0.4465, 0.6544, 0.7568, -0.2235, 0.0175, 0.5307, 0.4258]"
48183,-0.5511,Annual Review 2023,"[0.2016, -0.0656, 0.3174, 0.3864, -0.9891, 0.7633, -1.0245, -0.0794]",1982.1966,57657.4,19.4693,"[0.1655, 0.1851, 0.7169, 0.3996, 0.877, 0.4682, 0.3621, 0.939]",Penicillin,NaCl,2018-05-18T08:10:38Z,Figure 3: Comparison,1462.9124,UTF-16,20-94,"[-0.5504, 0.463, -0.6784, -0.9626, -0.0852, -0.6692, 0.0948, -0.3679]",staging.events -> analytics,-0.6074,"[0.0264, 0.3264, 0.7335, 0.8663, 0.7914, 0.3115, 0.0193, 0.1624]",YES,"[0.5059, 0.358, 0.0546, 0.9262, 0.9844, 0.3965, 0.1359, 0.391]",0.2564,"[-0.3335, 2.1716, -0.5228, -0.8103, -0.7149, -1.8648, 1.1692, 0.5036]",-0.7702,EMP-84801,"[-0.7351, 0.3479, 0.3506, -0.1296, -0.8165, 0.2073, 0.3276, -0.1768]",0xa78424f4dd2116e7f7af8bc54e3d954456659a26,"[-0.8751, -1.1803, 0.8781, -0.3068, 0.617, -0.3412, 1.7501, 0.3407]",317,ssh-rsa n+9iQ7+NgdsoaT0A/CWXyIfNQKsjty60qDtcm90+0xsP=,-31.899592,-32.5855,"[0.9686, 0.3229, 0.6535, 0.4459, 0.4862, 0.3088, 0.673, 0.1112]","-----BEGIN CERTIFICATE-----
AXcYEvAtLSnJcjdecCLDPSK3YcXZl5kGiObEi9SeYWv3aN1P7y3mgMGIhnIJav7W
-----END CERTIFICATE-----",49.5857,"[0.9821, 0.2085, -0.396, -0.1584, -0.0182, -0.1953, -0.0429, 0.1616]",Imagine,-0.6905,622,9334,Male,Hardware,232.7,23-91,1567-6102,AUD,High,YES,"[-0.3023, 0.062, -1.2933, 0.9849, -0.3226, 0.7034, -0.1492, -0.2712]"
FA6 6ON,-0.3969,Executive Report 2022,"[-0.5188, -0.3179, 0.6416, 0.0378, -0.0518, 0.5022, 1.2248, 0.6499]",5975.2153,61829.0,19.4221,"[0.3368, 0.7826, 0.7422, 0.3388, 0.3456, 0.3075, 0.7808, 0.1717]",Pollen,C6H12O6,2025-11-22 22:36:52,Figure 6: Timeline,856.7719,UTF-8,44-74,"[0.0602, -0.5095, -0.9798, -0.707, 0.1552, 0.1858, 0.5273, 0.7428]",curated.orders -> analytics,0.7532,"[0.6574, 0.5344, 0.4538, 0.5156, 0.4575, 0.6565, 0.2495, 0.9189]",false,"[0.3997, 0.3054, 0.9753, 0.7588, 0.343, 0.5172, 0.9535, 0.9312]",-0.3884,"[-0.7635, 0.417, -0.0783, -0.1411, 1.2086, 1.137, -0.3402, 0.2287]",-0.4233,EMP-11893,"[-0.3459, -0.62, 0.347, -0.1166, -0.3222, -0.3406, 0.5079, -0.2708]",0x7c57cd34874021dd3ea29f322e2481f909f7ee9a,"[-0.3028, -1.7787, 0.8572, -0.0568, 0.5095, 1.0153, 0.2145, -0.2421]",308,ssh-rsa gkym/Iec0Gq81xcF6wzI5IzcYmLJBoYIQRKIN/VpAYby=,45.794833,10.5005,"[0.7851, 0.8156, 0.4481, 0.539, 0.0031, 0.4683, 0.0869, 0.8094]","-----BEGIN CERTIFICATE-----
l2OyY21J3P7wAIhDSd/fI1dY2uZ9mq4rxDhZARHoCSTs8FBGcfx/8ROiFh9F0FR1
-----END CERTIFICATE-----",-95.6234,"[0.6883, 0.6707, -0.8705, 0.5981, -1.0066, -1.1275, 0.5213, 0.4984]",Stairway to Heaven,-0.9446,122,740,Non-binary,Software,752.02,23-96,2716-4879,CNY,Critical,true,"[0.3039, -0.5265, -0.6791, -1.218, -0.2749, 0.6637, -0.0475, 0.6746]"
WM9 7EM,-0.678,Executive Review 2021,"[0.1883, 0.2526, -0.0662, 0.0438, -0.4227, -0.0293, 0.1039, 0.3082]",8329.6038,15774.1,46.3996,"[0.6162, 0.7527, 0.6007, 0.8626, 0.543, 0.2486, 0.8319, 0.2075]",Shellfish,C6H12O6,2018-05-27T01:18:05Z,Figure 6: Overview,9206.8231,UTF-8,45-87,"[-1.013, -1.8084, -1.3223, -0.4779, -0.4578, 1.1384, 0.4178, 0.601]",raw.events -> analytics,-0.0078,"[0.143, 0.7106, 0.1195, 0.8175, 0.7207, 0.7208, 0.0151, 0.3412]",false,"[0.5221, 0.6059, 0.0421, 0.316, 0.2567, 0.1655, 0.768, 0.9693]",-0.615,"[-1.6168, -1.3074, 0.0266, -0.088, -0.3121, 0.2731, -0.0445, 0.8884]",-0.1893,EMP-39641,"[0.1794, 1.094, 0.3692, -0.3378, -0.6032, 0.1563, 0.2798, 0.8678]",0x705f9bcfbb0408b5b19ac90eaebac7f3ff46734c,"[-0.8825, 0.4677, 0.4874, -1.0961, -2.1307, 0.5048, 0.2312, 0.2444]",556,ssh-rsa skRT3rqL3pwCSbc99agi34RdqWQegoq8F42G5522zKNp=,-74.444452,2.1297,"[0.9397, 0.5997, 0.1103, 0.9706, 0.3146, 0.6954, 0.4998, 0.9349]","-----BEGIN CERTIFICATE-----
vqZ+NADoD34w7gYPJj9K0ZyP9BZIiM8J5APwGHnzovyabh0nPu5lwa7QluuPKYBG
-----END CERTIFICATE-----",-54.0854,"[0.4585, 0.182, -0.2358, -0.7151, -0.1933, -0.1974, -0.078, -0.1793]",Stairway to Heaven,0.4693,857,617,Non-binary,Food,774.02,9-90,2703-8808,CHF,Medium,NO,"[-0.448, -0.4296, -0.0481, 0.744, -0.4633, -0.1063, 0.2878, 0.2689]"
81371,-0.6975,Executive Review 2021,"[-0.2161, -0.0403, 0.1675, 0.0193, -0.0684, -0.2125, 0.4659, -0.347]",4540.8004,97367.9,11.9441,"[0.2968, 0.4534, 0.2012, 0.6672, 0.0168, 0.6991, 0.6138, 0.073]",Peanuts,H2O,2018-10-14 07:51:19,Figure 7: Comparison,5706.6093,ISO-8859-1,28-91,"[0.6877, -0.58, 0.5484, -0.9159, -1.0974, -1.3256, 1.2703, 0.0124]",staging.orders -> reports,-0.021,"[0.1381, 0.3414, 0.668, 0.9678, 0.0117, 0.35, 0.6668, 0.9282]",false,"[0.2245, 0.5655, 0.002, 0.7554, 0.8429, 0.0944, 0.0121, 0.281]",-0.8146,"[0.4896, -0.0216, 1.0943, -0.4561, 0.6041, 1.1388, 0.3789, -0.0354]",-0.8106,EMP-11102,"[0.555, 0.423, 0.7053, -0.8443, 0.1672, -0.5016, -0.8856, 0.158]",0x55a859e115f3a96cd6e6e455d75546bf582c2b54,"[0.0964, -1.8585, -0.6638, 1.259, 0.5058, -0.532, -0.9051, -0.4298]",632,ssh-rsa qUXetLr8L1Gv6Z8kj5+AviIsy/0IqyQ4RYEG8N65+Wkk=,38.559217,-74.3385,"[0.6125, 0.0168, 0.823, 0.0532, 0.7227, 0.2395, 0.6993, 0.8548]","-----BEGIN CERTIFICATE-----
55CjT4QF9ZspRcY+WMzeP9Nk3mUN44uVqBxfQj/DDgBxTw84LgzRP0gKJ1tynUez
-----END CERTIFICATE-----",-72.0833,"[-0.0614, 0.4025, 0.3048, -0.0118, 1.2064, -0.1259, 0.4033, 0.2857]",Bohemian Rhapsody,0.7036,429,7159,Male,Food,586.98,42-77,3460-9958,AUD,Medium,NO,"[1.3544, 0.2363, -0.2221, -0.6684, 0.3466, -0.6941, -0.4361, 0.9427]"
EH5 7XK,0.9492,Annual Analysis 2022,"[0.4524, -0.0501, -0.2015, -0.2916, -0.1276, 0.0308, -0.0049, 0.369]",7237.8631,61166.7,43.8814,"[0.9044, 0.2511, 0.0468, 0.9065, 0.6148, 0.992, 0.9665, 0.5674]",Peanuts,Homo sapiens,2022-08-17 13:08:22,Figure 9: Overview,1938.5821,UTF-16,30-70,"[-0.4315, -0.1519, 0.5112, -1.1458, -1.3256, 0.0114, -0.1775, -0.3403]",curated.users -> exports,-0.2744,"[0.534, 0.3236, 0.9844, 0.8722, 0.7577, 0.7682, 0.2763, 0.185]",false,"[0.7668, 0.7911, 0.9295, 0.0128, 0.057, 0.6533, 0.0542, 0.1045]",-0.1985,"[-1.4034, -0.7896, 0.337, -1.0604, 1.3818, -1.6505, -1.5996, 0.4849]",-0.7091,EMP-21672,"[0.5379, 0.907, -0.0234, -0.2812, 0.0244, 0.5555, -0.4373, -0.1003]",0x7323b50b4876096ba1cb6fb57a2fa90668520c13,"[0.5908, -0.3246, 0.502, 1.2316, -1.9689, -0.3795, -0.0426, 1.5159]",826,ssh-rsa wZgY8HAWvn2VzgKPFBaXSYbV30U3Rlje6zpq3y4UF6NP=,-77.573568,-49.0823,"[0.4337, 0.5804, 0.6254, 0.7442, 0.7017, 0.3964, 0.3853, 0.8387]","-----BEGIN CERTIFICATE-----
1zidS2lD1+CUJD9fuAEQmJAK6ROucE4Ly99CJc7gWgW9lRs8bODc91NXnEZXMYVC
-----END CERTIFICATE-----",-59.8261,"[-0.0685, -0.2987, 0.5842, 0.2976, -0.3558, 0.5176, 0.286, 0.2405]",Yesterday,-0.1034,348,9290,Non-binary,Electronics,91.2,29-64,6667-9152,CAD,Low,NO,"[-0.1043, 0.517, 1.0526, 0.6842, 1.0062, -0.5368, 0.0527, -0.5777]"
38564,-0.1978,Quarterly Report 2022,"[0.3945, -0.8165, -0.6023, 0.0055, 0.3225, -0.2842, 0.1212, 1.159]",-942.1909,11506.8,17.8734,"[0.8406, 0.6603, 0.4738, 0.3721, 0.2645, 0.3882, 0.8072, 0.698]",Penicillin,C6H12O6,2021-04-15 04:30:30,Figure 15: Timeline,5557.4293,ISO-8859-1,15-62,"[0.0479, 0.0123, 1.7462, -0.8061, 1.2502, -0.8256, -0.2399, -0.5699]",staging.events -> exports,0.305,"[0.7987, 0.157, 0.497, 0.4853, 0.1644, 0.318, 0.2706, 0.6716]",true,"[0.0315, 0.0547, 0.8065, 0.0586, 0.5661, 0.7714, 0.3679, 0.8046]",-0.9637,"[-0.6542, 0.0957, -1.6934, 1.0295, -0.5614, 0.1714, 0.3468, 0.963]",0.0435,EMP-54508,"[-0.7161, 0.2571, -0.8984, 0.1909, -0.8095, 0.4945, -0.0208, 0.3631]",0x41e08834208c5bf7ee24ff39ff8b23915e7df2a4,"[1.3661, -0.6468, 0.315, 0.2591, 0.9995, 0.513, -0.7394, 1.8946]",142,ssh-rsa XY5JHMCm/2KlFEHwFvecC7CZf+/bU4Ztwlc9X6GghbXC=,11.771438,44.6648,"[0.6762, 0.339, 0.8111, 0.4669, 0.7571, 0.6621, 0.3544, 0.6246]","-----BEGIN CERTIFICATE-----
iaTlPFPUenBr4nvJjuZcyZUG7RaDKbaPyCRGCVA7LoR8eM2RwDbeTRIYLHtpgPT7
-----END CERTIFICATE-----",-9.9727,"[0.1124, -0.9675, 0.0344, -0.7372, -1.0876, 0.143, 0.7734, 0.0168]",Hotel California,-0.9282,293,7565,Male,Food,27.63,3-98,8249-4553,USD,Medium,false,"[-0.1663, 0.3451, 0.4514, 0.7796, 0.084, 0.3981, 0.7418, 0.6843]"
98494,-0.9621,Quarterly Review 2020,"[-0.6973, -0.2643, 0.6279, -0.499, 0.2312, -0.4672, 0.6235, -0.5615]",625.3022,95051.1,13.8676,"[0.1836, 0.4425, 0.1259, 0.0415, 0.4333, 0.7183, 0.5923, 0.6301]",Penicillin,C6H12O6,2018-07-26 21:40:55,Figure 16: Timeline,9297.4939,Latin-1,40-76,"[-0.1048, 0.3285, 0.0226, 0.4356, -1.8307, -1.1366, 0.2291, -1.1157]",curated.users -> reports,0.1445,"[0.1523, 0.9312, 0.2992, 0.8217, 0.2161, 0.8388, 0.1262, 0.18]",true,"[0.5339, 0.6669, 0.9307, 0.4907, 0.3824, 0.5533, 0.7441, 0.1741]",0.8726,"[0.5265, 0.3825, -0.7085, -0.98, 0.326, 0.6264, 0.5803, 0.4201]",-0.6287,EMP-17830,"[1.1934, -0.7676, 0.9903, 0.1414, 0.617, -0.7225, 0.0798, -0.3024]",0xed2dca86a5fc071c464a6915bba5b97c6f319de0,"[0.2069, 0.7891, -0.61, 0.9438, 0.3611, 0.9739, 1.6242, -1.382]",678,ssh-rsa ZMJ6BPFeCL6E90dyfxF8w4CpsD465QEaiTIxP80w3kpB=,6.145157,-97.174,"[0.3162, 0.515, 0.6338, 0.0372, 0.7326, 0.248, 0.1451, 0.2881]","-----BEGIN CERTIFICATE-----
kRAsNJEF+XpJn7AfIvcoipIuGO7X9OXV8MpZtXdImCaW0l32oRARGWOdHK+31He/
-----END CERTIFICATE-----",43.4965,"[-0.1976, -0.1392, -0.4608, -0.1571, 0.5488, -0.0561, -0.2041, 0.3109]",Stairway to Heaven,-0.1224,520,7451,Male,Electronics,257.91,10-74,7249-2394,INR,Critical,NO,"[0.1002, 0.1763, -0.3007, -0.3587, 0.0418, 0.1544, 0.1459, -0.1821]"
OC7 1ZT,0.3713,Executive Report 2024,"[0.2029, -0.0858, -0.6898, -0.6595, -0.2666, -0.0714, 0.2484, -0.2186]",3092.1678,90894.8,23.0283,"[0.2754, 0.2054, 0.5861, 0.6001, 0.592, 0.2049, 0.5238, 0.9299]",Latex,E. coli,2026-05-06 17:22:56,Figure 3: Timeline,8681.0391,ASCII,33-91,"[1.062, -0.4238, 1.4831, -1.0734, 1.6795, 0.6913, -0.5703, 0.9045]",curated.users -> reports,0.5201,"[0.4343, 0.4269, 0.1737, 0.7911, 0.8707, 0.589, 0.0052, 0.4357]",YES,"[0.1605, 0.9217, 0.9951, 0.7753, 0.2622, 0.1708, 0.099, 0.4197]",0.4343,"[-0.6003, -0.7351, 0.1317, -0.1409, -0.628, -0.0879, 0.8328, 2.3923]",0.3284,EMP-53967,"[0.5178, 0.439, 0.4197, 0.3765, 0.9722, 0.1068, 0.8946, 0.1756]",0x86a6888cba650356397dfd8171226fc02802ffa1,"[-0.0043, 0.7964, 0.1486, -0.2726, 0.7789, 0.2724, -1.0019, -1.4858]",558,ssh-rsa uNFvn+ImhOMgZ0qUK/2CTXF1qamb9OQrD6h0SzBqPm2z=,-39.675231,-15.1242,"[0.0189, 0.0112, 0.3553, 0.253, 0.5267, 0.3371, 0.4381, 0.6072]","-----BEGIN CERTIFICATE-----
0XnwiCV3vHleva1w2yasjytfeUAnNul9UFljRAPB76YORcp+gF3ho944Wpkk3PCE
-----END CERTIFICATE-----",-7.8708,"[-0.0719, 0.0948, 0.1263, -0.2865, 0.4916, 0.4558, -0.2465, -0.1029]",Stairway to Heaven,-0.6021,356,6238,Female,Electronics,417.67,37-81,5175-4048,INR,Negligible,NO,"[-0.2526, 0.8185, 0.047, -0.1095, -0.0971, 0.1714, -0.7143, 0.1592]"
97473,0.1791,Quarterly Review 2020,"[-0.4052, -0.0744, 0.8137, -0.4661, -0.7483, -0.5447, -0.1523, -1.3275]",6487.4913,16777.8,29.7427,"[0.8538, 0.8343, 0.998, 0.5529, 0.7602, 0.5094, 0.2303, 0.027]",Pollen,Homo sapiens,2024-04-27 10:46:28,Figure 10: Comparison,6471.7738,UTF-8,14-69,"[-0.2077, -0.468, -1.1532, -0.7795, 0.1466, -0.6032, 0.1877, 0.4835]",raw.events -> exports,0.1038,"[0.8492, 0.953, 0.0837, 0.2937, 0.7677, 0.9285, 0.1338, 0.7803]",true,"[0.5758, 0.6617, 0.9834, 0.4056, 0.2745, 0.2895, 0.8365, 0.93]",-0.5395,"[-0.7748, -0.9466, -0.9023, -0.6632, 0.1484, -0.382, 0.299, 0.3696]",0.2758,EMP-45256,"[1.0704, -0.2344, 0.0138, -0.0707, -0.1294, 0.6033, 0.9379, -0.0963]",0x18c4852de70c52a972ba157c350b0663c8b03a0c,"[-0.2701, 2.0101, 0.1624, -0.8153, 0.3477, 0.2007, -1.101, -0.5124]",329,ssh-rsa JuvQwyESj3fZmOW6vVbnecajWK83v3bqZcoMFXHzA+ed=,62.970341,88.0158,"[0.7721, 0.6154, 0.4423, 0.0658, 0.4302, 0.1132, 0.4229, 0.6805]","-----BEGIN CERTIFICATE-----
K9XkGuTTb0JZPupUWTjJUznoW3N34jrgiRDRBjjlhCRfqmBkU5EDwi9FaWUl+W2q
-----END CERTIFICATE-----",89.1797,"[-0.487, -0.0058, 0.7263, 0.4164, -0.2246, -0.292, -0.5371, -0.2766]",Bohemian Rhapsody,-0.0817,99,5197,Female,Hardware,302.0,16-65,4879-3611,JPY,Negligible,YES,"[-0.6605, 0.4093, 0.5255, -0.4369, -0.6131, -0.1807, 0.7186, -0.1309]"
65444,0.2857,Technical Review 2025,"[-0.0648, 0.7756, -0.2407, 1.2773, -0.5494, 0.6357, -0.0826, -0.257]",7069.2337,34624.5,4.8618,"[0.7118, 0.7672, 0.9085, 0.0564, 0.9817, 0.9599, 0.7344, 0.7196]",Latex,H2O,2021-07-17T16:02:44Z,Figure 1: Overview,2.7819,ISO-8859-1,9-88,"[1.4127, -0.6881, 0.2174, 1.055, 0.4327, -0.1599, 0.1563, -1.2513]",raw.users -> analytics,-0.5614,"[0.1175, 0.4892, 0.7308, 0.5336, 0.0383, 0.7877, 0.4527, 0.5304]",false,"[0.7471, 0.7052, 0.7024, 0.919, 0.9588, 0.3892, 0.8524, 0.1616]",-0.1576,"[1.8087, 0.827, 1.4458, 0.7722, 1.0666, -0.5132, 0.2499, -0.3876]",0.2607,EMP-64251,"[1.054, 0.8527, 0.4244, 0.0647, -0.1562, -0.47, 0.1375, -0.1766]",0x6338697de892ceeb60d3cbf4b2853b1686e2bccb,"[-2.1601, -0.4581, -1.5986, -0.4256, 0.0938, 0.2788, -1.2073, 0.9767]",93,ssh-rsa 8NHLZVadKnNGqZrJqLU8tp+x7zDuZuGiCbuwdpsDmYBF=,52.919962,6.2693,"[0.2728, 0.8749, 0.4327, 0.773, 0.3685, 0.0982, 0.5043, 0.9931]","-----BEGIN CERTIFICATE-----
PywrijAwY22pjwWyNppJEI6HZylhEGVvK+w+Vhxjn983nmQGQtJpcyJ11EkT0HMT
-----END CERTIFICATE-----",62.2293,"[0.0621, 0.7412, 0.0037, 0.0411, 1.5055, -0.6302, 0.1403, -0.6957]",Yesterday,-0.3397,610,1193,Other,Clothing,609.06,8-76,3650-5961,BRL,Critical,NO,"[0.8319, -0.2859, -0.5052, 0.1682, -0.0046, -0.1705, -0.2503, -0.1406]"
YN4 8FB,0.3858,Executive Review 2020,"[-1.1601, -0.0429, -0.1212, -0.287, -0.0084, -0.7165, 0.1218, -0.4227]",746.3161,77116.7,27.7497,"[0.1743, 0.5546, 0.5206, 0.9222, 0.2879, 0.2888, 0.5914, 0.0724]",Penicillin,H2O,2021-03-01T05:39:20Z,Figure 20: Comparison,5350.8492,UTF-8,44-72,"[-0.5342, -0.1609, -0.2639, -0.6382, -0.6877, 0.0347, -0.0125, 0.2503]",staging.orders -> reports,-0.2855,"[0.4318, 0.3509, 0.3645, 0.5224, 0.488, 0.8617, 0.43, 0.9721]",true,"[0.4851, 0.2546, 0.6021, 0.1724, 0.9871, 0.793, 0.9216, 0.2599]",-0.7376,"[0.4844, -1.4947, 0.8311, 1.1743, 0.5794, -0.1018, 0.5101, 0.4922]",-0.0685,EMP-20707,"[0.101, 0.0208, -0.2709, -0.2971, -0.4381, 0.1741, 0.2192, -0.8171]",0xaa0c084e96fddd6e2c869f04eb01d7839ba128a7,"[0.3304, 0.4658, -0.0639, 1.6005, -0.2944, -0.5985, 0.3222, -0.4165]",135,ssh-rsa ltShWtEpckFKHJJRngxWD7MfYnm3CjSakwqp73AebM/e=,22.691757,-92.6621,"[0.8692, 0.4701, 0.9344, 0.1537, 0.3784, 0.171, 0.6016, 0.304]","-----BEGIN CERTIFICATE-----
0vZDMmd2j3XdPUNLULaU2r+k8dItDKlPCWR4bT338YtKeGyP8TC7BIsoqYKhZmin
-----END CERTIFICATE-----",0.0044,"[-0.1012, 0.3088, 0.4745, -0.1975, 0.105, -0.0592, 0.5244, -0.2662]",Stairway to Heaven,-0.8379,342,259,Other,Hardware,916.73,33-81,4547-6002,JPY,High,YES,"[0.9317, -0.6344, -0.9712, 0.506, -0.4626, -0.4076, 0.2052, 0.1343]"
GR3 6SI,-0.6104,Technical Analysis 2020,"[0.9652, -0.4379, 0.9221, 0.0598, 0.4379, 0.2565, -0.1675, -0.0859]",6508.6196,93100.6,47.2496,"[0.4114, 0.0932, 0.968, 0.9203, 0.136, 0.1972, 0.7678, 0.6458]",Latex,E. coli,2026-07-19 19:39:46,Figure 11: Timeline,3753.1432,UTF-8,15-82,"[0.736, 0.3321, 0.7997, -0.1037, -0.3132, -1.2326, -0.7814, -0.2376]",raw.events -> reports,-0.5614,"[0.9368, 0.9795, 0.0406, 0.3996, 0.4546, 0.4231, 0.0023, 0.3955]",false,"[0.8964, 0.8577, 0.9707, 0.0362, 0.6031, 0.7573, 0.5163, 0.9469]",-0.6261,"[-1.4083, 0.1334, 0.5351, -0.511, 0.006, -0.8244, -1.1729, 0.7829]",-0.6791,EMP-31223,"[0.6656, 0.4727, -0.3467, -0.2475, 0.2516, 0.3355, 0.0876, 0.5947]",0xf533285a049ae82573431d44a95f4efd2892184e,"[0.4466, -1.4288, 0.4997, 0.5344, -1.0369, 0.1147, -0.9909, 0.247]",494,ssh-rsa zA1cTJGR5aCbgOFyBEBNE5wLo8jJNM8cDgQxL6q8Lr3R=,54.979921,-31.2671,"[0.3069, 0.1778, 0.1567, 0.8337, 0.1632, 0.561, 0.3748, 0.3172]","-----BEGIN CERTIFICATE-----
Lrp/D3qQuqQ/Gego0LMEwlLA2hdIsafiJEdYHpjRmzyrnMe22zF9AyQ8IbsWiSNi
-----END CERTIFICATE-----",4.2591,"[0.0005, 0.745, 0.0614, 0.0802, -0.6637, -1.1627, -0.4006, -1.0715]",Bohemian Rhapsody,0.6073,967,8784,Male,Clothing,907.92,24-91,9139-7186,CHF,Critical,true,"[-0.7514, -0.5328, 0.3728, -0.3003, -0.0071, 0.4332, 0.1833, -0.0105]"
34337,0.8386,Technical Analysis 2020,"[-0.2854, 0.44, -0.4065, -0.7257, -0.1675, -0.0543, 0.2218, -0.304]",8852.3288,26100.5,7.1078,"[0.7593, 0.7728, 0.0665, 0.9607, 0.1552, 0.4454, 0.8207, 0.382]",Latex,Fe2O3,2021-04-08T03:02:52Z,Figure 8: Comparison,8609.4282,UTF-16,19-57,"[0.7622, 0.2783, -0.5358, -0.0009, -1.2229, -0.3857, -1.5653, -0.0344]",raw.orders -> reports,-0.3226,"[0.824, 0.4959, 0.1377, 0.6009, 0.0861, 0.74, 0.6379, 0.3702]",true,"[0.442, 0.3387, 0.3047, 0.7422, 0.1542, 0.0917, 0.9181, 0.0021]",-0.8056,"[-0.7933, 0.7131, -0.4245, -0.0491, -1.557, -0.1835, -1.5972, -0.2375]",-0.322,EMP-68265,"[0.1785, -0.3801, -0.4572, 0.8755, 0.1115, 0.5268, 0.7057, 0.5146]",0x391dc29c56357cef585def39572144ddb0f32192,"[1.0944, -0.4733, 1.0073, 1.1609, -0.4386, -0.9911, 0.1059, -0.2002]",964,ssh-rsa So3DVBiPNtuuvLlp2ZXn6lu8DF7zroSwwoErVQUz31s6=,-65.45953,66.2669,"[0.1334, 0.3622, 0.1213, 0.7529, 0.3674, 0.8769, 0.0084, 0.6969]","-----BEGIN CERTIFICATE-----
jq5ETg5tGay2NGOjRmSrTVd9OHyFXEzAB5jfNnO/L2oj5T+5ef6YjCTaKoWPH4Ky
-----END CERTIFICATE-----",-99.1137,"[-0.3973, 0.6034, 0.4507, 0.6814, 0.5747, -0.7224, -0.371, 0.8682]",Stairway to Heaven,0.8887,394,7440,Non-binary,Food,185.08,26-100,9629-2539,INR,Negligible,NO,"[0.4883, -1.2957, -0.5994, 0.3463, -1.0185, 0.2666, 0.2118, -0.0285]"
65176,0.3117,Technical Review 2022,"[-0.5578, -1.1544, 0.8374, 0.0372, -0.6563, -0.4379, 0.2603, 0.7206]",-452.9166,27959.5,15.3513,"[0.5707, 0.5588, 0.7274, 0.3361, 0.9524, 0.8431, 0.3515, 0.8091]",Penicillin,Fe2O3,2026-03-24T14:43:15Z,Figure 10: Distribution,8173.8285,UTF-16,9-62,"[-2.8942, -0.0199, 1.5124, -0.5263, -0.0262, -0.3305, -2.5052, 2.3325]",staging.events -> analytics,-0.6494,"[0.5773, 0.1012, 0.505, 0.4066, 0.4998, 0.8973, 0.8806, 0.8729]",YES,"[0.4646, 0.8088, 0.5242, 0.4253, 0.6195, 0.8124, 0.4725, 0.4798]",0.1011,"[0.3452, -0.2545, -0.1568, -2.5562, -0.6848, -0.4709, 0.5389, 0.3668]",-0.8176,EMP-16275,"[0.6083, 0.1917, -1.1067, -0.9403, 0.3348, -0.3255, -1.1861, -0.6376]",0x295b0fc4faaed90dfde7a1a9e78982e85b5f5d45,"[0.9996, 1.4209, 0.9741, -0.1668, 1.6546, 1.2409, 0.3292, 0.6623]",648,ssh-rsa iSGVQTWWZ8AGa/teGcpExStlBBdzGKGrsFiE2qLjwvdu=,63.009294,88.4581,"[0.9136, 0.2615, 0.0691, 0.7261, 0.3971, 0.729, 0.6737, 0.7751]","-----BEGIN CERTIFICATE-----
Gw26dalHlZNbSzf7X7zluZ/nLcaIxPHuSwcFkgOdx2jQJucr+ZuBaLr5QO5YeGJe
-----END CERTIFICATE-----",42.6343,"[0.6677, 0.203, 0.6112, 0.0592, 0.8034, -1.0247, 0.2719, 0.568]",Stairway to Heaven,-0.3392,424,5152,Male,Services,829.16,39-93,8660-7025,JPY,Low,false,"[0.0526, -0.5094, 0.9467, 1.2511, 0.6948, 0.2619, -0.2497, 0.2445]"
42745,0.1284,Quarterly Report 2025,"[0.3047, -0.8059, 0.3814, -0.5067, -0.1491, 0.0862, 0.1986, 0.1324]",1278.9845,34904.7,37.1738,"[0.4254, 0.3389, 0.458, 0.3823, 0.9119, 0.1302, 0.4914, 0.567]",Peanuts,H2O,2020-04-04T10:26:38Z,Figure 3: Distribution,7320.8653,ASCII,11-67,"[-0.7261, 0.5759, -0.0726, 1.0224, -0.7655, 1.391, 0.7382, -0.3271]",curated.orders -> exports,0.6759,"[0.501, 0.3631, 0.9, 0.7938, 0.5352, 0.7076, 0.8271, 0.4528]",YES,"[0.4941, 0.7791, 0.3292, 0.1784, 0.7997, 0.8297, 0.275, 0.1628]",0.3327,"[-0.3033, 0.9092, 0.6721, 0.9574, -1.6079, 2.0927, 2.3496, -0.896]",0.1717,EMP-13777,"[-0.5946, -0.0682, 0.4253, -0.8496, -0.8464, -0.2954, -0.187, -0.9257]",0xa3d4eead74ed93439fd3b58dcd6ade7e4d014cfe,"[-0.0636, -1.0201, -1.8315, -1.2003, 1.126, -0.591, 1.5141, 0.9693]",987,ssh-rsa FQNJzMDUX1+QAk/lzUmwDjyxEf6Q+CswC4NnAQqc5S2s=,36.581187,70.0875,"[0.2357, 0.3085, 0.5785, 0.0511, 0.5009, 0.845, 0.6359, 0.0613]","-----BEGIN CERTIFICATE-----
542H7V+kSE+odPz9LaRqX/OvQfMDXz+DvlJo+TeHnL+FtY9Qxr4kIZ9M9Ec6ATYA
-----END CERTIFICATE-----",-57.2176,"[-0.2015, -0.0348, 0.1572, 0.5837, -0.6874, 0.2241, 0.5841, 0.0184]",Stairway to Heaven,-0.8434,803,9275,Non-binary,Electronics,846.16,45-89,8378-5096,AUD,Critical,false,"[-0.7238, 0.6243, 0.0697, -0.328, -0.212, 0.074, 0.0204, 0.4944]"
64485,-0.6043,Annual Review 2024,"[0.0128, -0.4566, -0.8332, -0.0991, -0.2395, -0.6506, -0.524, 0.2968]",6378.2213,81203.4,33.9842,"[0.7514, 0.2254, 0.8814, 0.4987, 0.3877, 0.5865, 0.1707, 0.9319]",Penicillin,Homo sapiens,2019-11-28T00:03:23Z,Figure 3: Overview,1543.783,UTF-16,45-90,"[-0.8429, -0.4105, 2.1245, 1.1851, 0.1125, -0.1076, 1.9217, 0.0222]",curated.events -> analytics,0.9035,"[0.6044, 0.0529, 0.8669, 0.7463, 0.3781, 0.5976, 0.7289, 0.2962]",true,"[0.0098, 0.7189, 0.0339, 0.173, 0.2018, 0.447, 0.1233, 0.839]",0.5792,"[1.2784, -0.7159, -0.4727, -0.1816, 0.4682, -0.0838, 0.5855, 1.3569]",-0.2851,EMP-95036,"[-0.4347, 0.363, 0.3286, 0.4554, -0.4854, 0.4875, 1.5771, 0.2127]",0x1639ee719c3f81ae2099310a23693122ecc5eedb,"[1.0814, 0.0277, -0.1948, 0.4411, -0.1068, 0.5879, 0.7509, 0.1337]",918,ssh-rsa 56BCozJUF4yemorJw5dcu/tXEytOSX8FwiMDKErMJwCY=,-15.752737,66.1161,"[0.9673, 0.1905, 0.292, 0.0876, 0.742, 0.0747, 0.5178, 0.2581]","-----BEGIN CERTIFICATE-----
7EVFFyka4Msz/pBmm2WYLoQC1+6TMrSZVwCEfE0+rtg9iXA4y741KLXd0HFtxTPA
-----END CERTIFICATE-----",-75.9688,"[-0.2093, 0.4559, 0.3184, -0.0673, -0.178, 0.4072, -0.4794, -0.7078]",Imagine,0.0858,50,6603,Other,Food,245.93,43-94,6798-3914,GBP,Critical,NO,"[-0.3461, -0.4334, -0.7697, -0.5922, -0.0749, 0.0753, -0.0482, -0.8004]"
61729,0.7249,Annual Summary 2022,"[-0.1462, -0.31, 0.2116, -0.2689, 0.015, -0.2871, 0.4047, 0.4221]",5402.1037,66507.8,8.7374,"[0.1669, 0.0725, 0.1543, 0.5613, 0.4446, 0.159, 0.5314, 0.8644]",Latex,Homo sapiens,2019-08-27 16:13:54,Figure 7: Distribution,2253.4054,Latin-1,6-66,"[0.0456, -0.1252, -0.2638, -0.676, -0.6858, 0.5195, 1.5021, 0.7458]",curated.events -> reports,-0.371,"[0.7394, 0.5279, 0.537, 0.9718, 0.2323, 0.1394, 0.9227, 0.8118]",true,"[0.4219, 0.3465, 0.102, 0.069, 0.5532, 0.3759, 0.168, 0.3562]",0.881,"[-1.7236, -0.3031, 0.0716, -0.1439, -1.7921, 0.6371, 0.7384, 0.5092]",0.0289,EMP-55115,"[-0.5573, 1.0279, 0.2675, 0.0919, -0.557, 0.1224, -0.5181, 1.2087]",0x6f6704ab78962896d232c92829ad2d671f87ff4d,"[-0.4707, -0.4172, 1.665, 0.9668, -1.5307, 1.1344, 0.0453, -0.4788]",405,ssh-rsa UTemCcw36bRTjwhoZuqkBlkx6Ce4SL6SMdHr57Vz2bzc=,16.178247,37.7963,"[0.8736, 0.5527, 0.8717, 0.2108, 0.2891, 0.2817, 0.2849, 0.2725]","-----BEGIN CERTIFICATE-----
ruawiczORPaMgPjE1bZ8hMGh/0fbSWua1nWqzn6+CfiNFrFKZPF5Igx25u5axLfF
-----END CERTIFICATE-----",-24.3245,"[-0.1483, -0.9347, -0.2246, 1.3608, -0.4921, -0.1228, -0.7953, 0.9037]",Stairway to Heaven,-0.831,135,3066,Male,Services,912.94,5-67,1760-9295,CAD,Critical,NO,"[0.4982, 0.5983, -0.0072, -1.4995, 0.2796, -0.9455, 0.1197, 0.5419]"
PC3 6HM,-0.2255,Technical Analysis 2022,"[-0.1691, -0.2999, -0.3219, 0.3442, 0.213, 0.7572, 0.1759, -0.4138]",9444.5065,93230.9,29.8237,"[0.4958, 0.5817, 0.0854, 0.4243, 0.4035, 0.4058, 0.8513, 0.2204]",Pollen,C6H12O6,2021-07-09 20:03:27,Figure 6: Comparison,3518.8434,Latin-1,43-58,"[-0.0162, 0.912, 0.0265, -1.4048, 0.3063, -0.89, -0.3446, -0.3667]",curated.events -> exports,0.5439,"[0.7984, 0.2044, 0.6117, 0.7721, 0.2339, 0.2662, 0.2631, 0.9034]",true,"[0.9942, 0.7542, 0.7693, 0.7558, 0.5768, 0.7341, 0.7775, 0.4965]",-0.9235,"[0.712, 0.9003, 1.1023, 0.8018, -0.4457, -1.6352, -0.8311, 2.0199]",-0.3233,EMP-60182,"[-0.7102, -0.4666, 1.141, 0.2241, 0.1459, 0.5355, -0.3023, 0.1044]",0xc6665168d47964b18c12faff39e8660658f2d3d7,"[0.1889, 0.7918, -0.3536, -1.0666, -0.3075, -0.6538, -1.685, -0.0291]",278,ssh-rsa ClCx0vZZrKuURsxdRH3HNEe/BlUHBxnBNCzZiwR7D0jY=,20.617445,91.668,"[0.5909, 0.9975, 0.611, 0.1678, 0.9755, 0.6247, 0.7041, 0.5828]","-----BEGIN CERTIFICATE-----
XXz7YzLdbKpCy16LcF3pzlw8YyGAf9UmzL/tSQfjPytD8XQIzI5LLzckWAc40q43
-----END CERTIFICATE-----",25.5817,"[0.1816, 0.8421, -0.9382, -0.2001, -0.4783, 0.3679, -0.3499, -0.3701]",Stairway to Heaven,0.5808,817,3443,Male,Hardware,341.05,2-72,5673-3697,USD,Critical,YES,"[0.2783, 0.5049, -0.6956, -0.2664, 0.3641, 0.5324, -0.4414, -0.5393]"
92171,-0.1266,Annual Analysis 2023,"[-0.0503, 0.4454, 0.5002, 0.6778, -0.803, -0.1552, -0.6794, -0.1765]",1251.111,1885.1,6.6884,"[0.6458, 0.3933, 0.7888, 0.5704, 0.4071, 0.1693, 0.9196, 0.7508]",Pollen,E. coli,2018-06-27T11:41:15Z,Figure 20: Comparison,-419.5442,ISO-8859-1,30-100,"[-1.2792, -0.0989, 0.3553, -0.7396, 0.4559, -0.7054, -0.4583, -1.6308]",curated.events -> reports,0.8053,"[0.2549, 0.151, 0.2176, 0.5541, 0.0279, 0.7428, 0.196, 0.8022]",false,"[0.6913, 0.7898, 0.604, 0.4866, 0.875, 0.8434, 0.657, 0.0461]",0.7484,"[-0.9285, 1.3749, -1.8162, 0.2907, 0.9075, -1.7999, -0.0957, -0.4168]",0.7071,EMP-95716,"[-0.5062, -0.4519, -0.1225, -0.0292, -0.1192, -0.032, 0.0949, -0.0698]",0x433df81945950db7eb9c9204483a13f130eb293b,"[-0.874, 0.0098, -0.7606, -0.2412, -0.2372, -0.5846, -0.7305, -0.4096]",737,ssh-rsa W/stDXRv1/38ZeBx/1+khCK8G0Gr62XI95iQv5nKQIIs=,83.067666,73.5173,"[0.7015, 0.3546, 0.908, 0.5695, 0.7779, 0.3266, 0.0493, 0.6289]","-----BEGIN CERTIFICATE-----
Og2kNbRnjwR39jnUrkpb2iaSUV3Hldg8cp4+OSre+kduJ5Kmho0gVDAkK0RhaO4h
-----END CERTIFICATE-----",-47.9059,"[0.0455, 0.3293, 0.1667, 0.064, 0.9383, 0.3424, 0.2126, 0.1346]",Hotel California,-0.52,769,1347,Non-binary,Software,166.0,23-88,5915-6097,EUR,Low,false,"[-0.9141, -0.1141, 0.2612, 0.2629, -0.072, 0.2803, 0.0998, 0.0925]"
51220,0.5835,Quarterly Analysis 2022,"[-0.3944, -0.2633, -0.2724, -0.8463, -0.9333, -0.4893, -0.4506, -0.2196]",4228.7574,97928.4,16.3085,"[0.0539, 0.7243, 0.0715, 0.2563, 0.4813, 0.8037, 0.0152, 0.3042]",Peanuts,E. coli,2019-11-26T10:37:27Z,Figure 10: Overview,3326.9673,Latin-1,12-97,"[-1.6472, -0.1853, -1.4897, 0.2777, -0.3952, -1.0762, 0.1728, -1.3467]",raw.events -> reports,-0.9304,"[0.4665, 0.832, 0.2217, 0.202, 0.2373, 0.4391, 0.3936, 0.4526]",false,"[0.353, 0.1483, 0.9743, 0.3847, 0.7478, 0.7326, 0.4748, 0.4191]",0.0463,"[0.2568, -0.0369, -0.4148, 0.0704, -0.7429, -1.7636, -1.5158, 1.764]",-0.7027,EMP-65382,"[-0.242, -0.9505, -0.1154, 0.0425, -0.2122, -0.585, -0.2617, -0.7666]",0x4972159b137a64574d787092780002383d565c14,"[-1.926, 2.3883, -0.8367, 1.0942, -0.45, -1.5077, 0.5813, -1.1567]",631,ssh-rsa B4PVIKBMJ5UyYDXiVZf1942F+HqSf42IXMvgUWfSL0P+=,-75.058203,-41.8622,"[0.5366, 0.3795, 0.3823, 0.8051, 0.3371, 0.182, 0.3, 0.0395]","-----BEGIN CERTIFICATE-----
xvkxKnYAXGuzzd7LYEdirOS6r0BbSHWzpQ2Q1h4XjNJTll6V2lZqFU1hhGbHhxPC
-----END CERTIFICATE-----",-40.9795,"[0.7534, 0.2614, -0.8682, 0.0148, -0.3715, 0.1645, 0.5105, 0.3034]",Yesterday,0.6297,388,3581,Non-binary,Software,139.25,28-73,5506-4882,CAD,Critical,YES,"[-0.7279, -0.7272, 0.0845, -0.6178, -0.3629, -0.4882, -0.2804, -0.2222]"
24521,0.7088,Quarterly Summary 2023,"[-0.1438, -0.7041, 0.226, 0.484, 0.1151, 0.3018, -0.1168, 0.838]",7207.1089,2813.7,30.7837,"[0.8522, 0.7311, 0.0361, 0.8975, 0.5858, 0.7645, 0.0898, 0.154]",Penicillin,Homo sapiens,2020-12-02 13:36:26,Figure 10: Timeline,7787.7494,UTF-8,9-72,"[0.9635, 1.4907, 0.2878, -1.259, -1.3103, 0.7415, 2.0389, 0.3707]",staging.events -> reports,0.1818,"[0.1721, 0.0055, 0.163, 0.0214, 0.6554, 0.2042, 0.726, 0.1469]",true,"[0.9684, 0.1018, 0.4455, 0.8691, 0.1622, 0.3457, 0.0483, 0.3418]",0.1853,"[0.507, 0.7356, 0.7884, -0.7359, -1.0128, 0.5634, 0.1094, -1.7338]",-0.7578,EMP-83584,"[-0.2198, -0.1193, 0.2237, -0.0233, -0.4068, 0.1064, -0.2001, -0.4351]",0x4bc4f3135ccf4d14d3541e4721772b4cef427993,"[0.0204, -1.561, 2.1669, -1.0602, -2.077, -0.0929, 1.5732, 0.552]",553,ssh-rsa J66hQ7+na3HtLf/kmRasWrTOGZ1sg9QhYv+Pb7F440qU=,31.969632,7.1829,"[0.8603, 0.248, 0.1845, 0.8191, 0.7136, 0.7178, 0.7763, 0.4408]","-----BEGIN CERTIFICATE-----
B9hn1tH3xMAof3FWzJ3Q7jT6nbxQawpJ8KGNmKaKjV74bOeN5KICFf8Eriqe9YVn
-----END CERTIFICATE-----",-77.1924,"[0.2946, 0.3299, 0.3269, 0.1862, 0.0599, 0.0928, -0.3958, -0.4648]",Imagine,-0.7205,10,3250,Female,Electronics,234.67,14-74,2648-9087,GBP,Critical,YES,"[-0.2814, 1.2489, -0.5173, -0.3045, -0.4216, -0.1777, 0.2276, 0.8351]"
66663,-0.5558,Executive Report 2024,"[-0.0382, 0.3462, -0.1761, 0.3672, -0.4804, -0.4578, -0.6244, 0.6705]",7142.2362,21269.2,25.8931,"[0.0767, 0.5292, 0.8232, 0.171, 0.6127, 0.4831, 0.5028, 0.6092]",Shellfish,Fe2O3,2018-01-05 00:59:46,Figure 4: Comparison,-201.9439,ASCII,37-96,"[-0.0615, -0.7054, 1.4319, -0.3771, 1.7423, 1.4969, 1.1245, -0.9538]",curated.users -> exports,0.3978,"[0.409, 0.3453, 0.3622, 0.0472, 0.0869, 0.4209, 0.1677, 0.7024]",false,"[0.7349, 0.8975, 0.6277, 0.2038, 0.8984, 0.5388, 0.0138, 0.133]",0.09,"[0.2753, -1.2071, -0.3162, -0.9049, 0.6358, 0.8952, 1.4265, 0.8438]",-0.9962,EMP-10164,"[0.4679, -0.2609, -0.0106, 0.5497, -0.616, 1.0605, 0.4299, 0.3203]",0x16df4c231c5316d7b7b1de61f15b69c7f8bf5da5,"[0.5881, -1.7277, -0.2334, 0.1582, -0.8456, 1.9178, 0.2207, 0.2055]",944,ssh-rsa /3od6aiznXIxOZ5VaD34Cfu9EpNpaRao8Bn3BKWlG70c=,-55.373158,65.2989,"[0.2936, 0.0683, 0.4076, 0.7025, 0.7191, 0.6833, 0.4257, 0.6876]","-----BEGIN CERTIFICATE-----
5c0Uo4Lvi6yNY0iQtJWJ18+ZoPqLrpyY2NgmZYcNGUVSvEFrFnlmrbi96xNfLx+/
-----END CERTIFICATE-----",18.8893,"[0.2338, 0.1857, 0.242, -0.5211, 0.2171, -0.0958, -1.1747, 0.7758]",Bohemian Rhapsody,0.0795,716,144,Female,Services,942.95,13-85,8283-6813,EUR,Medium,true,"[0.1198, -0.5592, 0.3893, -1.0349, -0.4339, -0.4451, -0.6578, 0.4632]"
19528,0.1858,Executive Analysis 2021,"[0.1678, 0.1039, 0.5877, 1.3328, -0.4003, -0.1141, -0.3818, 0.5365]",8286.7107,24299.6,10.0017,"[0.9095, 0.3461, 0.8853, 0.5948, 0.623, 0.1164, 0.6716, 0.3616]",None,Homo sapiens,2022-10-27 15:37:48,Figure 1: Overview,1164.6063,UTF-8,47-86,"[-2.4275, 0.0981, 0.1152, -0.6805, -0.5761, 1.2402, 0.7196, -0.1214]",staging.events -> exports,-0.3481,"[0.5665, 0.1638, 0.6909, 0.0882, 0.8661, 0.0942, 0.693, 0.8256]",true,"[0.9778, 0.164, 0.9921, 0.552, 0.3217, 0.8334, 0.3035, 0.9098]",-0.2881,"[0.4715, -1.2611, -0.3749, 0.3167, 0.2857, 0.3833, -1.3977, -1.0787]",0.1221,EMP-92207,"[0.3261, -0.1502, -0.9532, -0.1736, 1.3441, -0.4529, 0.12, 0.5206]",0xa330015cffad643997d3daf48970238c825e9a82,"[-0.3607, 1.099, -0.5053, 1.3949, 1.5104, -0.2715, -0.22, 1.3483]",385,ssh-rsa ZxhVxQ8jGEIxfbLgBtVcdYqFn8ubswNBGjUd7/Fo49Y+=,-55.276386,-28.4595,"[0.0107, 0.8345, 0.5636, 0.4029, 0.5952, 0.0261, 0.3195, 0.1451]","-----BEGIN CERTIFICATE-----
h/a4uDz2nCsDproBjpx5OHSlCcDJnzAaAiZ3tpcitB6qOC6rOlPSiIS68ALeP+Iw
-----END CERTIFICATE-----",81.3551,"[-0.1387, -0.2393, -0.1194, -0.3863, 0.3808, -0.7112, -0.6014, 0.4413]",Stairway to Heaven,-0.5147,27,6128,Male,Electronics,238.92,27-57,3074-4737,CAD,Low,false,"[0.6227, 1.3606, -0.0345, 0.9348, -0.058, 0.4736, -0.9018, -0.6096]"
RH4 9FJ,0.4355,Technical Summary 2020,"[0.4761, -0.952, 0.1702, 0.3533, 0.4954, 0.5516, 0.1761, 0.4369]",-7.7913,97321.0,3.7811,"[0.8675, 0.1876, 0.5824, 0.1053, 0.7034, 0.5114, 0.9152, 0.1862]",Penicillin,C6H12O6,2024-08-24T08:31:45Z,Figure 11: Distribution,5084.3087,UTF-16,46-78,"[-0.9749, 0.4996, -0.4669, -1.254, -0.9195, -0.4576, 0.8653, 1.6941]",raw.orders -> reports,-0.83,"[0.7161, 0.1275, 0.6735, 0.7498, 0.6333, 0.9435, 0.9494, 0.0746]",YES,"[0.4236, 0.2224, 0.379, 0.1558, 0.3471, 0.3433, 0.467, 0.3207]",-0.6615,"[-0.7333, -1.5405, 1.1802, 1.7969, 0.6298, 0.5241, 0.4305, 0.5528]",0.692,EMP-37330,"[-0.0412, -0.1594, -0.26, -0.3243, -0.212, -0.205, -0.9362, -0.8993]",0x21fc82006cb2177603fbf1a758e2cf1916a92faf,"[-0.5155, 0.8147, 0.8047, -0.913, 0.6879, -1.0006, 1.3591, 0.261]",24,ssh-rsa /bTWQQoR7OFgIIbmxZSCg3mWUuCqvRYSzTqz8DzSyP5i=,-4.330889,55.1494,"[0.6724, 0.8693, 0.5508, 0.3314, 0.0459, 0.0377, 0.7919, 0.004]","-----BEGIN CERTIFICATE-----
YdiBgCSz4JlqPqe0emAPaq4M903bXehVMnKn19z+T7sasdBVlkM7TzDVt3wGwlrs
-----END CERTIFICATE-----",-98.8577,"[-0.1506, 0.4059, -0.4738, 0.3025, 0.9855, 0.5149, -0.529, 0.2288]",Bohemian Rhapsody,-0.1048,190,9234,Female,Electronics,107.84,34-91,5472-5825,CHF,High,false,"[-0.8791, -0.0647, 0.2336, 0.3786, 0.131, 0.804, 0.4318, 0.4755]"
ET6 8XP,-0.867,Technical Report 2021,"[-0.6338, 0.3069, -0.053, -0.4448, -0.6918, 0.1364, -0.182, 0.87]",7734.0332,12690.5,42.1909,"[0.6874, 0.7932, 0.1315, 0.9231, 0.1783, 0.9451, 0.7142, 0.3632]",None,E. coli,2018-05-25 09:01:56,Figure 15: Timeline,1786.4231,ISO-8859-1,46-54,"[-0.96, 1.4255, -0.9352, 0.7253, 2.6358, 0.4993, 0.3268, -0.3544]",curated.events -> reports,0.3206,"[0.6356, 0.3695, 0.0314, 0.1749, 0.6797, 0.0818, 0.2911, 0.8572]",false,"[0.4915, 0.3731, 0.1989, 0.3507, 0.0732, 0.9099, 0.3865, 0.0468]",0.0554,"[1.3082, -0.6874, -0.09, -1.1414, 0.7892, -0.1408, -2.0915, -2.1513]",0.3949,EMP-28258,"[0.4164, -0.4662, 0.5649, 0.5713, 0.6827, -0.6177, -0.4698, 0.4579]",0x9aa371a8569b8792fa7d49cd1957e6592e5df2ab,"[-0.8941, -1.6517, 1.8706, 0.5754, -0.5061, 0.8549, 0.1665, 0.1951]",872,ssh-rsa KwNJLR5DfgRI9eGRRTP2D3zIO/rk2xGxypk9ASwXOgjY=,57.772849,-97.4506,"[0.8427, 0.4559, 0.4977, 0.8617, 0.5538, 0.0942, 0.1541, 0.5044]","-----BEGIN CERTIFICATE-----
TEGFBC4lkO5mkx3T8KBBDvlyA91m8MD0F+gHqXIoqtYiFI8CPKZ3VsN9Z5v1P8Wi
-----END CERTIFICATE-----",-25.365,"[-0.0359, 0.5929, -0.6277, -0.6985, -0.2192, -0.2715, 0.3051, 0.5532]",Imagine,-0.7885,521,2016,Female,Electronics,72.98,47-79,3797-2788,AUD,Low,false,"[0.6371, 0.5607, 0.0755, -0.2995, 0.3228, 0.4001, -0.6047, 0.1851]"
70200,0.8774,Annual Summary 2022,"[0.7846, 0.528, -0.7974, 0.0558, 0.2378, -0.4406, -0.58, -0.0734]",5465.8917,22791.8,48.686,"[0.3757, 0.4733, 0.0893, 0.2812, 0.9022, 0.853, 0.4109, 0.9122]",Shellfish,Homo sapiens,2023-11-15 17:08:42,Figure 1: Timeline,4479.4141,ASCII,30-76,"[0.3143, -1.4215, 0.9795, 0.4783, 0.1203, -0.3717, 0.6702, -0.0819]",raw.events -> reports,0.4158,"[0.6918, 0.5798, 0.6688, 0.6982, 0.1752, 0.5936, 0.56, 0.8484]",NO,"[0.8543, 0.1723, 0.1136, 0.3195, 0.4011, 0.9379, 0.8653, 0.5416]",-0.2368,"[-1.4384, 1.6271, -0.7136, -0.9925, -0.5088, -0.2022, -0.086, -0.6738]",-0.0011,EMP-13892,"[-0.5205, 0.5317, -0.1996, 0.1105, -0.1832, 0.0583, 0.0925, 0.0809]",0xd4d9c2bb4f0a796032572a6d1b128404dfc86ee9,"[-0.6181, 1.5337, -0.5676, -0.6325, 1.3081, -0.3879, -0.1824, -1.6694]",189,ssh-rsa lokXJAUOn3uM76NtaSiswO0GaPbBabiEi4wbUVNXEHoI=,13.924806,-98.0137,"[0.5432, 0.7065, 0.024, 0.1792, 0.3101, 0.9831, 0.9017, 0.8313]","-----BEGIN CERTIFICATE-----
PWNF4FIsBNZu+6sVd+A0WfFX1y7UMUqJqV4lhZKX7IUEhQ5OW8a2T9UWEmKZHky2
-----END CERTIFICATE-----",-57.5474,"[-0.5476, -0.7215, -0.1157, -0.0995, -0.1777, -0.1992, 0.7224, 0.5843]",Imagine,0.4866,381,5433,Female,Clothing,128.79,17-86,2645-3089,AUD,Critical,YES,"[0.3688, -0.9631, -0.3363, 0.247, -0.3033, -0.421, -0.5822, 0.5245]"
DM1 9NW,0.3327,Executive Summary 2021,"[0.1967, -0.828, 0.2595, -1.1404, -0.2281, -0.9132, -0.5376, -0.4469]",2459.0089,23904.8,35.6774,"[0.0246, 0.4369, 0.9703, 0.81, 0.5879, 0.256, 0.9699, 0.9447]",None,H2O,2022-12-17T20:28:35Z,Figure 9: Distribution,-373.1162,ISO-8859-1,33-75,"[-0.4615, -0.5775, 1.9616, -1.7808, 2.1827, -0.9581, -0.464, -0.9914]",staging.events -> reports,0.7266,"[0.649, 0.1888, 0.3941, 0.7621, 0.8935, 0.2784, 0.9724, 0.3065]",true,"[0.0383, 0.9331, 0.0881, 0.0521, 0.3741, 0.8869, 0.0056, 0.0087]",0.0163,"[-0.5811, 0.0736, -0.9833, -0.9975, 0.1522, 0.7444, -0.8604, 0.0228]",-0.3751,EMP-15226,"[-0.2429, 0.0299, 0.3889, -0.4753, -0.64, -0.61, -0.3088, -0.1594]",0xae5ffd0fe85141be8e5b0bdcd2b5981d6f85ed33,"[-1.78, -0.1491, 0.2443, -0.3887, -0.9227, -0.6866, -0.0778, 1.5043]",124,ssh-rsa Ba6pmgXoeLRqISJ0NdtK84GKgFJ5lKJtjIjKWks4uHa7=,-59.352775,-72.5884,"[0.9632, 0.791, 0.8338, 0.9377, 0.3415, 0.3804, 0.2039, 0.6886]","-----BEGIN CERTIFICATE-----
nsSiGMOMlX1R5+vxM4314TXPqQvlmyXk+9dCZz3bgwJ9JHkzmPW4Comp5FYR8Y3X
-----END CERTIFICATE-----",-17.5474,"[0.2418, -0.0655, -0.2078, -0.0134, -0.6103, -0.3819, -0.1858, 0.475]",Yesterday,-0.8717,662,1958,Other,Food,774.26,28-93,3102-8364,GBP,Critical,YES,"[0.1228, -0.7565, -0.058, -0.3656, -0.4743, -0.2323, 0.0265, -0.4212]"
61305,0.5031,Annual Report 2020,"[0.5448, 0.6277, 0.265, -0.2398, 0.5856, 0.5319, -0.2827, -0.44]",-295.0569,20165.6,6.5862,"[0.9655, 0.3881, 0.2507, 0.9172, 0.5929, 0.5845, 0.1145, 0.1259]",Pollen,H2O,2026-08-11 16:10:40,Figure 20: Overview,1095.485,UTF-8,26-57,"[0.955, 0.3451, -1.626, 0.1692, -0.1462, 0.1563, -0.7219, 0.6407]",curated.users -> analytics,-0.1225,"[0.1529, 0.0309, 0.3936, 0.0389, 0.9909, 0.3402, 0.0497, 0.3043]",NO,"[0.7634, 0.4617, 0.86, 0.1418, 0.2, 0.7965, 0.0855, 0.0913]",-0.5511,"[-0.8791, -1.0671, -1.0916, -0.2163, 0.1184, -1.0408, -1.7456, 0.3949]",0.8134,EMP-94554,"[0.3873, -0.3446, 1.231, 0.0063, -0.322, -0.0653, -0.3962, 0.9501]",0xb69b28fe6996680ff56f3681f12bd97e6455e83c,"[-0.5842, 0.0585, 1.6331, 2.2855, 0.7565, 1.006, 0.0244, 0.0018]",128,ssh-rsa uCmKrmKBvxltB5z2JS5zI3CpnUz+CbOneXyNtf2V+67b=,3.750979,-48.2564,"[0.9403, 0.6296, 0.6245, 0.7191, 0.8908, 0.5224, 0.5143, 0.6864]","-----BEGIN CERTIFICATE-----
+WAjFszCKf1bx15Y3Kmbtdg4ZeEO4qUNaHw0Ui3l4M5jHUh8Y9UaZcyRKKrKcZoF
-----END CERTIFICATE-----",27.4836,"[0.4488, -0.5834, -0.397, -0.3014, 0.148, -0.2878, -0.4219, -0.0429]",Bohemian Rhapsody,0.3148,988,8012,Non-binary,Clothing,550.43,34-57,7245-4810,INR,Negligible,true,"[-0.0042, 0.3318, 1.4407, -0.6122, 0.0008, -0.0669, 0.0894, 0.039]"
70020,-0.9018,Technical Analysis 2024,"[0.6719, 0.4132, -0.5032, 0.5483, 0.1972, 0.2003, 0.1055, -0.2152]",9087.1208,60506.8,26.1492,"[0.1395, 0.262, 0.5598, 0.4376, 0.0155, 0.6073, 0.2695, 0.0474]",Penicillin,NaCl,2024-11-02T12:43:10Z,Figure 1: Distribution,4030.5004,Latin-1,32-56,"[-0.133, 0.5165, 0.6312, 0.0387, -0.6182, 1.0874, -0.3494, -0.1271]",curated.users -> analytics,0.4001,"[0.425, 0.6552, 0.6078, 0.8048, 0.8568, 0.8444, 0.7597, 0.8556]",NO,"[0.2373, 0.2544, 0.061, 0.6222, 0.211, 0.7564, 0.6778, 0.7886]",0.6874,"[0.2597, -1.1745, 0.2452, 0.3088, -0.151, -1.3009, -1.4197, -0.3321]",0.652,EMP-90651,"[0.222, 0.8518, 0.0192, -0.2623, -0.3485, -0.2325, -0.5753, 0.768]",0x9b675ab5766176bb7de5acbaeba4de558813a7b2,"[-0.1663, 0.4359, -0.4727, -0.6322, -0.9542, -0.2426, -0.7463, 0.4115]",809,ssh-rsa DB5QcFTwufBdGZ/z9uNDQW6Xp443VN/wCDsmeGaVAB59=,-17.572026,-78.1502,"[0.6003, 0.6573, 0.3589, 0.4844, 0.9951, 0.1057, 0.4832, 0.0277]","-----BEGIN CERTIFICATE-----
nyk96U13ts6IOjADKTmbMEmBwyfendh9iPpHV2VvmVq3efEAbwt1YBHHFcMUEvWJ
-----END CERTIFICATE-----",-65.8151,"[0.4303, 0.5237, 0.0358, 0.2201, -0.5692, 0.6312, 0.0607, 0.207]",Imagine,-0.9138,325,7636,Male,Food,844.58,8-80,1176-5836,EUR,Medium,YES,"[0.8563, 0.4026, 0.0778, -0.6418, -0.9006, 0.4243, 0.1916, -0.4125]"
98591,-0.2876,Quarterly Review 2025,"[1.081, 0.4076, 0.0102, 0.1897, -0.1996, 0.6513, 0.6553, -0.4947]",-224.046,83867.3,15.454,"[0.6851, 0.567, 0.4478, 0.3012, 0.1882, 0.8744, 0.6651, 0.6054]",None,Fe2O3,2026-05-15 04:07:11,Figure 13: Overview,6719.8805,ASCII,28-63,"[-0.1121, 0.7361, -0.3001, 1.0392, -0.7647, 0.8668, 1.2438, -0.5383]",raw.orders -> exports,0.6073,"[0.6286, 0.5147, 0.0182, 0.7527, 0.0715, 0.5869, 0.969, 0.8177]",false,"[0.4388, 0.4316, 0.093, 0.1243, 0.657, 0.9412, 0.4985, 0.8632]",-0.3941,"[-1.3132, 0.4147, -0.3575, 1.6845, 0.229, 1.5619, 0.1541, 1.0581]",-0.2596,EMP-37963,"[1.3102, -0.8118, 0.0184, 0.5571, 0.3552, -0.6573, 0.0619, -0.5921]",0x672fff5660f47f7546330f4ae20eb22453dd2c3a,"[-0.4398, 0.2507, -0.1467, -0.2495, 0.5974, -0.3042, -1.4019, 1.2439]",774,ssh-rsa O2zCzoDJTUS0a+MO0Fy8lKepSAH2Hh7BRrI+x9jf/VPO=,22.102349,-53.6944,"[0.5408, 0.3807, 0.7785, 0.7537, 0.549, 0.8988, 0.0398, 0.687]","-----BEGIN CERTIFICATE-----
3U28oiqqofucxMkaoD9MIAo0NVbyv08iDt2HlJzUdmxUEfEtkdQxU4o1xgfLsSv3
-----END CERTIFICATE-----",-57.0036,"[-0.2991, -0.2341, 0.2937, 0.1295, -0.3203, 0.7859, -0.2126, 0.1196]",Stairway to Heaven,-0.4863,269,9562,Other,Software,34.53,14-55,8708-4788,GBP,Low,NO,"[-0.0946, -0.3101, 0.3062, 0.1535, -0.1578, 0.4193, 0.1081, -0.5433]"
FD4 9NV,-0.322,Technical Review 2021,"[0.1849, -0.0016, -0.4341, -0.1759, -0.553, -0.4626, -1.1214, -0.4011]",3451.595,50677.6,47.1122,"[0.67, 0.9856, 0.0327, 0.5201, 0.1378, 0.6986, 0.9754, 0.9598]",None,H2O,2024-10-10T03:06:45Z,Figure 14: Comparison,3519.7829,Latin-1,28-92,"[1.0245, 0.3551, 1.5629, -0.2737, 0.8509, 2.3721, -0.6799, 1.1681]",staging.users -> reports,0.018,"[0.7554, 0.0195, 0.3604, 0.902, 0.967, 0.7298, 0.2473, 0.8318]",true,"[0.6002, 0.6026, 0.0459, 0.6259, 0.2676, 0.4453, 0.0981, 0.7368]",0.5345,"[0.8685, 0.1494, 2.0024, 1.7172, 2.0693, 0.5282, -0.5011, 0.1901]",-0.7183,EMP-39779,"[-0.4521, -0.4313, 0.238, 0.8361, -0.7116, 0.1752, 0.0871, -0.6895]",0xc5e236b04a49032bd435548767e17b4669c27388,"[-0.3831, -0.1786, -1.0071, -0.6271, 0.7969, 0.5812, -1.0872, -0.2166]",497,ssh-rsa 34+5c812WQsiFOpYcb+0JoYAYV2WOAZ3vVZ//56mb2km=,-2.847687,38.2612,"[0.4167, 0.8725, 0.9724, 0.6355, 0.2021, 0.0426, 0.8586, 0.8449]","-----BEGIN CERTIFICATE-----
Y3fAsJJpDXrSynkcO+R9izWiu8LpXq/kaZgTJr+dV2XhhNmTYOhSaDFiAp3cMHLY
-----END CERTIFICATE-----",42.845,"[0.2468, 0.5782, 0.8026, -0.2451, 0.1472, -0.2448, 0.315, 0.1192]",Yesterday,-0.5288,897,3677,Other,Electronics,277.54,22-85,9524-5587,AUD,Critical,NO,"[-0.2689, -0.3088, -0.1409, -0.2331, -0.3854, 0.057, -0.0201, 0.4598]"
PV6 5ZD,-0.0876,Quarterly Analysis 2023,"[0.8, 1.3893, -0.1382, -0.698, 0.3472, 0.0022, 0.5694, 1.0213]",3537.888,45178.0,5.0369,"[0.7736, 0.1743, 0.8651, 0.5854, 0.6109, 0.3434, 0.2174, 0.8796]",Penicillin,Fe2O3,2023-02-12 15:07:46,Figure 7: Distribution,2379.9984,UTF-8,3-87,"[0.0624, -0.4443, 0.8808, -0.0119, -0.9755, 1.7453, 0.3267, 2.0266]",curated.orders -> exports,-0.7248,"[0.2631, 0.5594, 0.0223, 0.9715, 0.2401, 0.0233, 0.8894, 0.1564]",false,"[0.6509, 0.4325, 0.5632, 0.3904, 0.9791, 0.9241, 0.747, 0.3711]",0.9489,"[-0.1993, -1.6519, -1.0031, -0.7637, 1.1482, 0.6115, 0.7338, 0.4816]",-0.8566,EMP-14784,"[0.2489, 0.1684, 1.016, -1.102, -0.1112, -0.9007, 0.1893, 0.5761]",0xb1793770eb4765d16b94191b78c311bb54f00a5f,"[-0.4876, 0.9049, -0.781, 0.486, 0.4136, -0.0347, -1.3471, 0.3707]",715,ssh-rsa 5LFEiHD88jYj/OyhLeUH6FIWfhRvYWBdPjomAL+FyP9f=,-85.477419,35.949,"[0.3835, 0.0626, 0.2159, 0.0369, 0.0467, 0.7075, 0.4678, 0.7232]","-----BEGIN CERTIFICATE-----
u38GtC5znmflAgvn+JDLm+O+HD+5bOIVAwDaEzXThzbbjuI5idpNrKVJrNfTd4vv
-----END CERTIFICATE-----",-71.6388,"[-0.0896, 0.0058, -0.0917, 0.6126, -0.6832, -0.0906, -0.0595, 0.0464]",Stairway to Heaven,-0.6314,290,5427,Male,Electronics,82.03,35-56,1383-5135,AUD,Negligible,YES,"[0.6012, 0.1162, -0.577, -0.1005, 0.213, 0.335, -0.4398, -0.3331]"
NW6 8SS,-0.2873,Executive Summary 2022,"[-0.3227, 0.3407, 0.0309, 0.3249, -0.483, -0.543, -0.0777, 0.4678]",3111.2394,8006.3,5.1784,"[0.0068, 0.1217, 0.1576, 0.9382, 0.9077, 0.6924, 0.6006, 0.5016]",Peanuts,NaCl,2025-03-18 06:54:24,Figure 6: Timeline,3469.5881,UTF-8,36-59,"[0.5159, -1.2046, 0.0543, 0.7016, 0.6408, -1.7795, -0.9705, 0.2829]",staging.events -> reports,0.2075,"[0.574, 0.9551, 0.3069, 0.3236, 0.2103, 0.3492, 0.6724, 0.6212]",true,"[0.1451, 0.2048, 0.4498, 0.9885, 0.3308, 0.1196, 0.1216, 0.9716]",0.795,"[1.0864, -1.3357, -3.1841, 0.171, -0.6405, 0.8655, 1.1128, 0.1863]",-0.5469,EMP-38293,"[0.3659, -0.2867, 0.3359, 0.5596, 0.2068, 0.0908, -1.5242, -1.8026]",0xf66fae13dfa774087a2e7ed100717bb60137dbb9,"[0.1519, 0.1062, 0.5142, -0.2353, 0.0686, -0.8814, -0.768, -1.6721]",343,ssh-rsa vKSNutsWCCEtyCJSREsVldJ1pvxGhvXw85qdMg2KW1ds=,-50.073046,-52.5668,"[0.1836, 0.0419, 0.5116, 0.8758, 0.3043, 0.2429, 0.7914, 0.2193]","-----BEGIN CERTIFICATE-----
vJii0P6xklK22cRPKseIg7nHWNlZbl9Xk0iDT94XdOzKgRp5qBXDn59/wVV5j5oX
-----END CERTIFICATE-----",-36.8454,"[-0.0614, 0.558, 0.3005, 0.0296, 0.3105, 0.7689, -0.9104, -0.4714]",Yesterday,0.5173,677,5701,Male,Software,173.71,24-60,9801-7781,USD,Negligible,YES,"[-0.3062, -0.2751, -0.9936, 0.4442, -0.4835, -0.4074, -1.1137, -0.0386]"
56130,0.1005,Technical Summary 2021,"[-0.2644, -0.8714, 0.2271, -0.0119, 0.225, -0.0963, -0.3397, 0.0129]",2555.5775,59990.7,3.74,"[0.3178, 0.8738, 0.3089, 0.1609, 0.5706, 0.5946, 0.4185, 0.1691]",Pollen,C6H12O6,2023-09-25 09:33:51,Figure 17: Comparison,3168.755,UTF-16,17-85,"[0.5338, -0.7387, -0.7839, 2.2771, 0.8843, -1.499, 0.215, -0.005]",curated.orders -> reports,-0.0882,"[0.9953, 0.4971, 0.0523, 0.8809, 0.3375, 0.8962, 0.8683, 0.1678]",YES,"[0.2261, 0.2863, 0.8279, 0.1934, 0.0915, 0.2387, 0.9516, 0.7409]",-0.5668,"[2.807, -0.5055, 0.6153, -0.9942, -0.5724, 1.2191, -0.2415, 1.8521]",0.3274,EMP-57854,"[0.534, -0.0047, -0.1045, -0.7585, -0.4834, 0.0314, -0.0436, -0.5913]",0x99a13ddac65da84725971e29d2ec27f5b5cc0a36,"[-1.8643, 1.0533, -0.8613, -0.763, 0.6041, -0.7726, 0.7178, 0.8672]",792,ssh-rsa PMtHmghHBkaMZGwNkp+5jOKP3uebDhRxxNPzF8TAeHHR=,-80.317425,2.6357,"[0.1071, 0.9594, 0.9822, 0.6347, 0.0269, 0.9045, 0.9526, 0.3599]","-----BEGIN CERTIFICATE-----
4BBX2mdEytrdgVQR5OR0xfIs0/llEit29W+tUdxHWqP17wRIGmzxhEBpc/J7G8vQ
-----END CERTIFICATE-----",41.1593,"[0.5944, 0.1987, 0.8775, -0.0444, -0.3069, -0.3842, -0.5841, -0.4895]",Stairway to Heaven,0.9993,791,2729,Other,Clothing,211.51,1-86,1524-1556,INR,High,false,"[-0.5498, 0.4975, -0.5633, 0.495, 0.3981, -0.2638, -0.5391, -0.1031]"
91609,-0.3224,Technical Review 2023,"[-0.0346, -0.2992, -0.2422, -0.305, 0.0961, 0.3925, 0.2216, -0.3271]",1021.7044,31957.0,35.7807,"[0.4409, 0.6495, 0.7848, 0.1824, 0.8547, 0.7094, 0.4174, 0.8012]",None,Fe2O3,2026-01-15T12:32:20Z,Figure 17: Distribution,8014.4903,ISO-8859-1,37-91,"[0.5194, -0.5572, -0.2206, 1.4396, -0.9349, 0.3997, -0.6162, -1.2276]",curated.orders -> exports,-0.3314,"[0.7636, 0.8348, 0.4812, 0.0082, 0.6599, 0.9564, 0.9249, 0.1913]",true,"[0.9613, 0.458, 0.8357, 0.0685, 0.8081, 0.437, 0.2344, 0.8563]",-0.1174,"[0.576, -1.6956, -0.7062, 0.5228, -0.8659, 1.3194, -0.3986, 0.0187]",0.3218,EMP-69102,"[-0.99, 0.2641, -0.1668, -0.5069, -0.6954, 0.0184, -0.6986, -0.4008]",0x7649266bc716b5c5d12f9a519304f5f5a70a607f,"[-1.2594, -1.159, -0.2316, -0.6852, -0.0489, 0.3537, -0.8383, 0.8826]",881,ssh-rsa mcI0BVPOh8zDA9kRLF1He/DvDUfVVYN6EB2ghRGGCu+3=,-51.762021,-78.5938,"[0.8727, 0.5688, 0.634, 0.2984, 0.7024, 0.9484, 0.8863, 0.913]","-----BEGIN CERTIFICATE-----
aKspmVaHakvGK5U62TGnJakBbKRFx2JRYikTLzjEuj+UKaiIxwAtKXVFeVoGg4nv
-----END CERTIFICATE-----",-0.029,"[0.083, 0.4012, 0.6208, 0.5192, 0.0049, -0.1545, -0.4988, 0.44]",Imagine,0.4895,354,870,Other,Clothing,104.19,26-99,5806-4213,EUR,Low,NO,"[0.6605, -0.0862, -0.1731, 0.7077, -0.1857, 0.1281, -0.0092, -0.2604]"
65493,-0.6232,Quarterly Report 2022,"[-0.7491, -0.5844, 0.0242, -0.2715, -0.1075, -0.2241, -0.449, -0.022]",3559.2239,81680.3,0.877,"[0.3545, 0.6602, 0.24, 0.2121, 0.9836, 0.9509, 0.4525, 0.4424]",Shellfish,E. coli,2023-04-28 06:43:03,Figure 15: Comparison,8351.1775,UTF-16,29-82,"[0.4009, -2.3637, -0.0287, 0.8041, 1.1376, -0.7459, 1.5943, 1.4785]",staging.orders -> analytics,-0.8273,"[0.8341, 0.1942, 0.918, 0.2004, 0.1512, 0.8589, 0.0085, 0.3565]",NO,"[0.1545, 0.2631, 0.1513, 0.0205, 0.7604, 0.1736, 0.817, 0.1142]",-0.7303,"[0.4555, 1.5627, -0.0202, -0.8902, -0.2774, 0.7312, 0.4664, 0.7346]",0.579,EMP-43956,"[0.0421, -0.1621, 0.4995, -0.2255, 0.3306, -0.1123, -1.031, -0.9752]",0xa719e593baa42fa8bcc6854e4d8b2d2fd2e6350e,"[-1.025, 0.2618, 0.405, 0.253, 0.903, 0.6966, -0.1824, 0.2606]",901,ssh-rsa OUXw0WlZbq316caBUNpo/lkga7WBfJx/zb2TRa4t6FcD=,-40.538272,63.0512,"[0.2634, 0.6879, 0.2797, 0.9314, 0.6924, 0.4841, 0.9369, 0.4138]","-----BEGIN CERTIFICATE-----
S1kRfw80xnOPWaJwItkAfb11t+lRZuhofysxmSZHKvnqjp263mkUMJuWOos8zPOn
-----END CERTIFICATE-----",-56.9014,"[0.2876, 0.3334, 0.5239, -0.2658, -0.7553, 0.6735, 0.4384, 0.1236]",Yesterday,0.7138,353,5727,Female,Services,320.74,15-83,3215-1632,USD,Medium,NO,"[0.6121, 0.1202, 0.2969, -0.432, -0.1459, 0.306, 0.0013, 0.4657]"
XZ7 2GI,-0.8946,Technical Report 2023,"[0.1368, 0.86, -0.0894, -0.0623, -0.511, -0.4415, -0.5783, -0.3203]",6805.209,24225.4,17.6175,"[0.7147, 0.9942, 0.0069, 0.9951, 0.1588, 0.0404, 0.8543, 0.9073]",Shellfish,NaCl,2025-04-21T04:01:27Z,Figure 12: Timeline,4482.7606,ASCII,23-95,"[0.4543, -2.1998, 0.8777, 0.0544, -0.1461, 0.6549, 0.2883, 0.0959]",raw.users -> reports,0.1124,"[0.9692, 0.3644, 0.8696, 0.2233, 0.5658, 0.4998, 0.66, 0.0223]",NO,"[0.3693, 0.6602, 0.3937, 0.0536, 0.7926, 0.6046, 0.5935, 0.8456]",0.6786,"[-1.514, -0.0258, 2.3501, 0.5383, 1.487, -2.1415, -0.669, 0.1759]",0.2244,EMP-27251,"[0.1166, -0.016, -0.7707, 0.22, 0.0885, -0.0049, -0.2791, -0.6277]",0x7ab78090f7793a47cf39cd3480a0d9b2bdc83326,"[0.6239, 1.9756, 0.5984, -0.5044, -0.2272, -1.0382, 0.1283, -0.1081]",546,ssh-rsa RWs9niZHQbDz9AE+uCaxEHrGkTdHGDgm/767KEYN+/rX=,-66.932672,-86.784,"[0.2133, 0.5629, 0.0968, 0.499, 0.0285, 0.9541, 0.6506, 0.9969]","-----BEGIN CERTIFICATE-----
zSn+uMUnJIKxjraozDJtxeFchu5YiNM3HwQz3HK1mWl7fzGjJ30Z76mtGkxpWcpt
-----END CERTIFICATE-----",-69.3086,"[-0.4938, 0.2918, -0.4219, -0.963, 0.0688, -0.1546, -0.1144, 0.3326]",Imagine,-0.3353,67,5093,Male,Services,19.47,7-97,3084-4259,CHF,Negligible,YES,"[0.176, -0.4697, 0.6198, 0.0736, -0.1197, -0.3156, -0.2007, 0.3208]"
KR3 1LP,0.7339,Quarterly Review 2023,"[0.7309, -0.3232, -0.1494, 0.1339, -0.3083, 0.9232, -0.9437, -0.4271]",7586.6066,44048.5,13.6532,"[0.7586, 0.6422, 0.4997, 0.2477, 0.7582, 0.7846, 0.9554, 0.1348]",Shellfish,C6H12O6,2025-05-07T05:52:50Z,Figure 17: Timeline,2329.4959,ISO-8859-1,17-71,"[0.6469, -0.6252, 0.3452, 1.2316, -0.2841, 1.439, 0.2428, -0.4643]",staging.users -> exports,-0.6643,"[0.0848, 0.6985, 0.808, 0.959, 0.9061, 0.9962, 0.5487, 0.5899]",true,"[0.8821, 0.9022, 0.1773, 0.013, 0.5422, 0.8323, 0.0996, 0.2493]",0.4362,"[0.1395, 0.0665, -1.1736, -1.1348, 0.0348, 0.1042, -0.1429, -0.8893]",0.5213,EMP-36839,"[-0.3177, 0.717, 0.763, -0.2208, -0.7274, -0.7054, 0.2788, -0.0002]",0xc40ce5be1b6415515d1cea017b9ccc13cf498d2d,"[1.0733, 0.4152, -1.7976, 1.3917, -0.1043, 0.2851, 1.0724, 2.043]",822,ssh-rsa jgDCSnhBsyObVDaX3qn0z+drjUmRFs9Mn+nBBOt+M2mR=,-34.561122,86.7221,"[0.367, 0.1828, 0.0095, 0.9973, 0.3993, 0.349, 0.4243, 0.0105]","-----BEGIN CERTIFICATE-----
2AKEeU+j6MFrV3IaqmUKLkvXp7ZM8DZvG7ykI2hcoc7fdNpgIbR8iCmKLDtahGX4
-----END CERTIFICATE-----",-98.7072,"[0.1877, -0.4446, -0.6627, -0.3011, 0.485, -0.3106, -0.3273, -0.549]",Stairway to Heaven,0.4412,168,2597,Female,Electronics,988.85,18-65,1100-7050,JPY,Critical,YES,"[-0.9182, -0.1165, -0.4492, 0.5999, 0.1269, 0.3282, -0.0995, 0.2073]"
LO4 7QL,-0.4577,Technical Report 2025,"[0.0959, 0.1398, -0.129, 0.8846, -0.7507, -0.1085, -0.6762, 0.0441]",2965.0581,79328.2,12.911,"[0.133, 0.8374, 0.6108, 0.816, 0.273, 0.1268, 0.5583, 0.7656]",Latex,NaCl,2023-08-02T21:44:11Z,Figure 1: Comparison,1422.0693,ISO-8859-1,21-100,"[-0.8136, -1.2867, -0.3767, 1.4658, 1.1371, -0.5695, 1.241, -0.4942]",staging.orders -> analytics,-0.7329,"[0.4178, 0.4116, 0.551, 0.2835, 0.9941, 0.2188, 0.0689, 0.351]",false,"[0.7694, 0.1235, 0.097, 0.5806, 0.3122, 0.3565, 0.4623, 0.2506]",-0.2058,"[1.1551, 0.5267, 0.6699, 0.5438, -2.1172, -0.2822, 0.8286, 0.591]",-0.1104,EMP-61465,"[0.0246, 0.0564, 0.2084, -0.655, -0.0223, 0.2075, -0.1303, -0.6128]",0xf0018bca50cfe2a211b0015c417667ecfc976c8f,"[1.0709, -1.4467, 0.6679, -2.1278, -0.543, -0.3669, -1.3429, 1.0193]",741,ssh-rsa 2+sgeDOIJoTvSstUem8cSWaP6MrrwW+6OFokk6aCajQn=,35.213113,50.6804,"[0.6509, 0.6022, 0.0143, 0.6564, 0.4011, 0.35, 0.4227, 0.6814]","-----BEGIN CERTIFICATE-----
j3yWpqD+IqCX0IemIwGn1HB9hAbN0PajbB8MI9xmsEDjqwlRrDi+Yp/ZnK7/su1k
-----END CERTIFICATE-----",14.764,"[1.3171, -0.6872, -0.3619, 0.2857, -0.294, 0.7505, 0.6161, 0.1304]",Stairway to Heaven,-0.4083,108,3863,Non-binary,Electronics,548.34,43-56,6976-3306,BRL,Medium,NO,"[-0.6944, 0.9073, 0.46, 0.5825, -0.4929, -0.4231, -0.0356, -0.4276]"
GH6 7WR,0.6399,Annual Analysis 2020,"[0.2569, -0.078, 0.3555, -0.4019, 0.9086, -0.0004, 0.6158, 0.1108]",1203.0476,76793.8,11.257,"[0.7338, 0.1245, 0.0284, 0.521, 0.7575, 0.6607, 0.3328, 0.0306]",None,Fe2O3,2020-12-10T02:04:52Z,Figure 15: Comparison,7937.6565,ISO-8859-1,49-93,"[-0.6861, 0.0073, -1.8153, 0.7613, 0.6351, -1.5965, -0.4375, 1.2489]",staging.events -> reports,-0.7987,"[0.3101, 0.6536, 0.2506, 0.0866, 0.2208, 0.6587, 0.1014, 0.1754]",true,"[0.2348, 0.7049, 0.0285, 0.9084, 0.8526, 0.0101, 0.1099, 0.8441]",-0.364,"[1.0452, -0.4282, -0.0272, -0.9965, -0.6042, 0.6111, 1.1749, -1.9772]",-0.168,EMP-81351,"[0.1002, 0.8817, -0.0946, -0.4582, 0.0458, -0.3283, -0.2761, -0.4695]",0xf85448a0853248d03b9503d6672b6ff20b2b62c6,"[-2.0868, 1.5331, 0.4609, 0.2925, 0.1773, -0.9102, 0.2184, 0.8403]",38,ssh-rsa MeU9tUHjTsao6iwgEwaXjnWr35TFx5G2q1FntPSEQzNk=,-22.451584,-79.1528,"[0.2924, 0.5564, 0.3449, 0.7034, 0.88, 0.5302, 0.3798, 0.7008]","-----BEGIN CERTIFICATE-----
fuZ8QpkqJl9F72I1IiiIhVUBOvdT3BDJkIj9LO79YMo2OstR0NaHnto5jPAszqv0
-----END CERTIFICATE-----",40.7415,"[-0.6084, 0.3948, -0.4872, 0.632, 0.5472, 0.1109, 0.3471, -0.7032]",Imagine,0.694,98,8752,Other,Clothing,757.77,1-71,7625-5762,GBP,High,true,"[1.2361, -0.066, 0.3281, -0.1128, -0.5663, 0.2148, -0.2953, -0.5621]"
78311,0.6475,Technical Summary 2025,"[-0.3203, -0.4401, -0.5331, -0.2842, -0.387, -0.061, 0.2241, -0.1366]",7630.6618,65377.3,14.2278,"[0.728, 0.7337, 0.7475, 0.8465, 0.4903, 0.9366, 0.9969, 0.2776]",None,Homo sapiens,2019-02-03 10:14:32,Figure 18: Overview,8480.7323,UTF-8,25-78,"[1.624, 2.2472, -0.8504, -2.925, 1.224, 0.5542, -0.7205, 0.0748]",raw.events -> reports,-0.2832,"[0.443, 0.756, 0.4335, 0.0905, 0.981, 0.6411, 0.0569, 0.034]",NO,"[0.7749, 0.9738, 0.3313, 0.0548, 0.5206, 0.7829, 0.9107, 0.0845]",-0.4088,"[-1.9776, -0.8963, -1.3166, -1.2929, -1.8667, 2.6663, -1.067, -1.4654]",0.0749,EMP-35235,"[-0.4453, 0.1335, -0.4933, 0.3483, 0.3196, -0.3284, -0.6487, 0.1122]",0x95e03c1eb0f8b96ee00a869db17e17d0cf7b875e,"[0.1963, 0.5912, 1.3784, 0.0904, -0.0185, -0.8479, 1.0748, 0.077]",992,ssh-rsa Wytjf/KA9QJC4xOD0ZKsZd1BI7v5woJFpObpy4Wxr0OQ=,-70.281222,-6.2671,"[0.3514, 0.4619, 0.2016, 0.5875, 0.6819, 0.7458, 0.7941, 0.1727]","-----BEGIN CERTIFICATE-----
/qMAEdHyo+S63XwJEwSOypx0NvA+baN+x3Rb8XjBm0toX3xPVE8Cdbc5Z/TS/Tel
-----END CERTIFICATE-----",75.1156,"[0.2391, 0.5416, -0.0576, 0.5666, 0.6737, -0.3514, -0.3276, 0.0196]",Hotel California,-0.6375,359,5993,Male,Software,856.9,8-71,9969-1095,CAD,Low,false,"[0.0942, -0.7597, 0.563, 0.59, 0.89, 0.6494, 0.322, 0.0835]"
WX9 1EZ,0.4697,Quarterly Report 2021,"[-0.5926, -1.2964, 0.2214, 0.6994, -0.4474, 0.0987, -0.7306, 0.0494]",9871.9812,21699.3,31.1454,"[0.4127, 0.6709, 0.4014, 0.6794, 0.1132, 0.763, 0.218, 0.7894]",Pollen,C6H12O6,2018-11-07T08:19:32Z,Figure 18: Distribution,8165.6643,UTF-8,18-83,"[1.4376, -0.1028, 0.5549, 0.1851, 0.8201, -1.0561, 2.2322, 0.1154]",staging.users -> reports,0.971,"[0.7061, 0.2814, 0.499, 0.8778, 0.4907, 0.5593, 0.8718, 0.0849]",false,"[0.5598, 0.894, 0.0302, 0.7072, 0.7897, 0.5087, 0.957, 0.7828]",-0.7261,"[-1.2736, 0.737, 0.5864, -0.5825, -1.1655, -0.6026, -0.0816, 0.7854]",-0.0854,EMP-54214,"[0.369, -0.211, 0.0229, -0.4714, -0.7424, 0.1597, -0.4229, -0.253]",0x266d9a1589531be894dd3f61539671ff89642798,"[-0.6185, -0.342, 0.7229, 0.9249, -0.6308, -0.7078, 0.1045, -1.9986]",112,ssh-rsa 9n5bYN/cp6fIgLYTYVTFVgM3UC+P5LZyZwV2XcWSE9hn=,-52.715918,-92.7112,"[0.332, 0.9397, 0.8888, 0.2562, 0.1547, 0.916, 0.602, 0.0383]","-----BEGIN CERTIFICATE-----
NQMc/bHxl1Qceivm/vrqbZAabeVX0nh5aexfVWg1ClXS3YQ3F/IceTckkbUzQK57
-----END CERTIFICATE-----",-64.1121,"[-0.5481, -0.3749, 0.4583, 0.6637, 0.2789, 0.301, 0.1047, -0.7753]",Hotel California,0.5636,990,427,Other,Hardware,748.18,23-98,8273-3552,BRL,Negligible,true,"[0.1344, 0.001, -0.51, 0.276, -0.5211, 0.1842, 0.2727, 0.2727]"
59063,-0.2854,Technical Summary 2024,"[0.2357, 0.3205, -0.1991, 0.2935, -0.0796, -0.9764, 0.0085, 0.1742]",6898.5845,25639.7,10.2969,"[0.3779, 0.2473, 0.5144, 0.4217, 0.7916, 0.1269, 0.3947, 0.0981]",Pollen,NaCl,2023-12-05T18:12:35Z,Figure 8: Comparison,4789.0009,ISO-8859-1,14-85,"[-0.9851, -0.5162, 0.1386, 1.0757, -1.0003, 0.2353, 0.2285, -1.4719]",curated.orders -> reports,-0.5335,"[0.8854, 0.547, 0.823, 0.736, 0.1744, 0.6606, 0.5834, 0.5936]",false,"[0.8779, 0.3685, 0.8008, 0.5708, 0.0686, 0.3959, 0.2487, 0.8728]",-0.6981,"[0.8027, -0.8264, -0.9298, 0.2327, -0.1943, -0.4701, 1.6774, 0.7261]",-0.6958,EMP-26626,"[0.7287, 0.0923, -0.0166, 0.1217, -0.5026, 0.3483, -0.0624, -0.5575]",0x766f1403d7831d243805b75eb4708fbb98e1b000,"[-1.7836, -0.9079, 0.3019, 0.5426, -0.1147, -1.0269, -1.207, 0.0594]",522,ssh-rsa 5WbdqZ48N4hLb2xXT93jQd+SWUuzB9CRR+yMf+sgrCSE=,85.246883,-89.8516,"[0.9482, 0.8657, 0.1925, 0.3104, 0.4518, 0.1232, 0.0939, 0.6871]","-----BEGIN CERTIFICATE-----
LjsrVy1UsZttBrDVCgfZRe+3d20hXDp/2ZmsEOrXoDCI53CtFD7nvj7K1DnpBpFr
-----END CERTIFICATE-----",91.0192,"[-0.202, 1.1687, -0.2001, 0.3263, 0.5408, 0.8468, 0.0927, -0.1258]",Stairway to Heaven,0.3604,773,4411,Non-binary,Hardware,417.5,41-88,3340-7566,CHF,Low,false,"[-0.863, 0.1395, -0.444, 0.0793, 0.2075, 0.8096, -0.2489, 0.736]"
