opfh6,MEDICAL_PROCEDURE,blood_type_6,version_number,sound_level,time_of_day,industry_sector,x_dhvm,dim_diag,var_520,PRESCRIPTION,template_pattern,blood_type_val,disabil,blood_type,f_zm,allergy,sfm47,drug_medication_nm,heivmv94,diagnosis,bloodType,dim_allergy,vital,mdzp35,duration,medical_rec_number,p_du,insclaim,customer_diagnosis,record_identifier,col_jiv,c_977,medical_record_number_raw,disease_nm,val_ins,middle_name,lab_result,ada,disease_name_v2,prescription,payment_card_number,d_721,f_831,soft_delete_flag,kyeup16,tenant_identifier,drug_medication_name_val,LAB_RESULT,ixs20,BLOOD_TYPE,disease_name,bazulv85,description,medproc,diagnosis_v2,diagnosis_2,attr_diag,d_wf,education_level,medical_record_number,status_state,d_djb,approval_status,performance_review,phone_number,treatment,bldtype,dim_246,drug_medication_name,column_field_name,fact_vital_sign,abo,vital_sign_6,user_prescription,src_medical_procedure,validation_rule,vital_sign_data,customer_disability_status,port_harbor,disability_stat,c_proc,disability_status_data,prescription_6,DISEASE_NAME,fraud_score,drugMedicationName,DIAGNOSIS,allergy_v2,format_specification,insurance_claim_v2,platform_os,biography,diag,medicalRecordNumber,disname,time_to_live,disability_status,condition,magnetic_stripe_data,meta_jqj,encoding,insurance_claim,DATA_LINEAGE,azl95,date,DRUG_MEDICATION_NAME,medical_procedure_info,drugname,riskLevel,MEDICAL_RECORD_NUMBER,raw_diagnosis,insuranceId,raw_disease_name,disabilityStatus
Cholesterol: 63.1 K/uL,Blood Draw,AB+,5.1.76,64.5,18:58:31,Education,None,Asthma,Chicago,Omeprazole 20mg,Hello {{name}},AB-,None,O-,Latex,Pollen,The customer account monitors compliance records.,Amoxicillin,Latex,Anxiety,B-,Shellfish,BP 127/76 HR 92,None,4223,MRN-914776,COVID-19,CLM-320835,Hypertension,ID-598605,COVID-19,Metformin 500mg,MRN-726456,Diabetes Mellitus,CLM-727280,J,Hemoglobin: 268.5 K/uL,Visual,Influenza,Lisinopril 10mg,5949-0637-0298-7173,199-58-5071,Asthma,false,Hemoglobin: 216.7 K/uL,tenant-015,Aspirin,WBC: 107.4 K/uL,BP 134/70 HR 105,AB-,Diabetes Mellitus,Sales,The service represents operational metrics.,Physical Exam,Hypertension,Asthma,Depression,Diabetes Mellitus,PhD,MRN-234756,active,CLM-927499,Rejected,Exceeds expectations,206 995 9796,Physical Exam,A+,CLM-461140,Ibuprofen,id,BP 118/105 HR 102,B+,BP 102/91 HR 102,Albuterol 90mcg,ECG,NOT NULL,BP 169/85 HR 86,Visual,Hamburg,Mobility,Colonoscopy,None,Ibuprofen 200mg,Malaria,20.9,Lisinopril,Migraine,None,W3C Date,CLM-536477,macOS,Harper is a Data Analyst with 7 years of experience.,Hypertension,MRN-833651,Influenza,175 days,Visual,Anxiety,%B2253075276131282^WILLIAMS/JOHN^2704,INS-923236,ASCII,CLM-215313,raw.events -> reports,Diabetes Mellitus,2018-12-31,Metformin,MRI Brain,Ibuprofen,Low,MRN-555133,Hypertension,INS-405791,Tuberculosis,Hearing
Glucose: 245.5 mg/dL,MRI Brain,B-,3.6.98,126.0,06:57:25,Healthcare,Peanuts,Anxiety,Dallas,Ibuprofen 200mg,Dear {{customer}},O+,Cognitive,O-,Peanuts,Pollen,The service tracks operational metrics.,Lisinopril,Shellfish,Hypertension,AB-,Peanuts,BP 151/70 HR 111,Penicillin,69500,MRN-760149,COVID-19,CLM-889869,Arthritis,3194221,COVID-19,Omeprazole 20mg,MRN-448837,Tuberculosis,CLM-439415,P,WBC: 199.1 g/dL,None,Tuberculosis,Albuterol 90mcg,3742-6443-9382-1564,734-36-7596,Type 2 Diabetes,true,WBC: 89.6 K/uL,tenant-033,Metformin,Hemoglobin: 150.3 g/dL,BP 102/83 HR 68,O-,COVID-19,Finance,The service includes compliance records.,Blood Draw,Migraine,Asthma,Anxiety,Influenza,Associate's,MRN-694023,failed,CLM-998605,In Review,Exceeds expectations,+14039691600,MRI Brain,B+,CLM-798879,Lisinopril,id,BP 167/90 HR 79,B+,BP 113/74 HR 89,Ibuprofen 200mg,ECG,NOT NULL,BP 90/80 HR 108,None,Shanghai,Mobility,MRI Brain,Cognitive,Lisinopril 10mg,COVID-19,82.4,Ibuprofen,Hypertension,None,ISO 8601,CLM-622692,Windows,Patricia is a VP Engineering with 14 years of experience.,Arthritis,MRN-953004,COVID-19,12 days,Mobility,Asthma,%B4201803229565725^LEWIS/MICHAEL^2409,INS-597920,ISO-8859-1,CLM-817122,curated.users -> exports,Malaria,2026-02-07,Metformin,Blood Draw,Ibuprofen,High,MRN-867466,Depression,INS-596299,Malaria,Mobility
Cholesterol: 202.4 g/dL,MRI Brain,O+,4.14.61,113.3,14:24:00,Finance,None,Arthritis,Toronto,Omeprazole 20mg,Hello {{name}},B+,Mobility,O-,Pollen,Shellfish,The product represents customer interactions.,Ibuprofen,Shellfish,Asthma,AB+,Pollen,BP 140/69 HR 83,Pollen,43824,MRN-442869,COVID-19,CLM-634214,Depression,TXN-420456,COVID-19,Metformin 500mg,MRN-282081,COVID-19,CLM-692595,C,WBC: 185.2 g/dL,Hearing,Tuberculosis,Lisinopril 10mg,XXXX-XXXX-XXXX-3345,781-40-4125,Asthma,false,Hemoglobin: 298.0 mg/dL,tenant-042,Aspirin,Cholesterol: 210.2 K/uL,BP 126/98 HR 109,B-,Malaria,Operations,The product includes operational metrics.,Blood Draw,Arthritis,Type 2 Diabetes,Arthritis,Tuberculosis,Bachelor's,MRN-247608,active,CLM-635168,Approved,Needs improvement,748 323 6586,ECG,AB-,CLM-187425,Metformin,amount,BP 114/95 HR 97,O+,BP 175/83 HR 84,Metformin 500mg,Blood Draw,NOT NULL,BP 152/105 HR 85,Mobility,Shanghai,Visual,X-Ray Chest,Mobility,Metformin 500mg,Diabetes Mellitus,89.4,Metformin,Arthritis,Shellfish,W3C Date,CLM-754836,Windows,Susan is a VP Engineering with 29 years of experience.,Hypertension,MRN-986239,COVID-19,246 days,Hearing,Asthma,%B1514280583237809^THOMPSON/LINDA^2601,INS-775559,ASCII,CLM-120515,curated.events -> exports,Malaria,2024-04-06,Metformin,MRI Brain,Ibuprofen,Negligible,MRN-232618,Depression,INS-441076,Diabetes Mellitus,Cognitive
Glucose: 239.2 g/dL,ECG,B-,2.4.76,87.1,08:08:35,Energy,Shellfish,Anxiety,Seattle,Albuterol 90mcg,Dear {{customer}},B-,Mobility,A+,Latex,Penicillin,The customer account tracks compliance records.,Ibuprofen,Pollen,Depression,A+,Pollen,BP 157/86 HR 77,Pollen,43561,MRN-504147,Tuberculosis,CLM-762721,Migraine,5500386,Tuberculosis,Omeprazole 20mg,MRN-680393,COVID-19,CLM-826539,V,Hemoglobin: 280.7 g/dL,None,Influenza,Lisinopril 10mg,4524-1109-1743-2775,XXX-XX-3053,Anxiety,true,Hemoglobin: 143.5 g/dL,tenant-026,Lisinopril,WBC: 239.9 g/dL,BP 118/73 HR 108,O-,Malaria,Operations,This record monitors operational metrics.,X-Ray Chest,Migraine,Anxiety,Anxiety,Tuberculosis,Master's,MRN-380453,failed,CLM-951294,Approved,Meets expectations,274-952-7801,Blood Draw,B-,CLM-849211,Aspirin,status,BP 134/104 HR 84,AB+,BP 144/67 HR 71,Omeprazole 20mg,Blood Draw,MATCHES '^[A-Z]+',BP 167/101 HR 106,Hearing,Port of LA,None,X-Ray Chest,Hearing,Omeprazole 20mg,Influenza,29.3,Lisinopril,Asthma,Latex,ISO 8601,CLM-326405,macOS,William is a Data Analyst with 18 years of experience.,Anxiety,MRN-509306,Tuberculosis,8 days,Cognitive,Anxiety,%B6198498857483811^JONES/HARPER^2908,INS-485202,ISO-8859-1,CLM-842788,raw.events -> analytics,Diabetes Mellitus,2025-01-11,Amoxicillin,Blood Draw,Amoxicillin,Medium,MRN-285601,Type 2 Diabetes,INS-860958,COVID-19,Visual
Glucose: 248.0 K/uL,X-Ray Chest,O-,5.11.34,113.3,18:24:17,Education,Peanuts,Anxiety,Tokyo,Ibuprofen 200mg,Hello {{name}},AB-,Hearing,AB+,Peanuts,Latex,The product tracks customer interactions.,Amoxicillin,Peanuts,Depression,AB+,Latex,BP 118/84 HR 118,Shellfish,76899,MRN-551819,COVID-19,CLM-547144,Migraine,USR-448471,Influenza,Omeprazole 20mg,MRN-118647,Tuberculosis,CLM-755180,N,Hemoglobin: 223.3 mg/dL,None,Tuberculosis,Lisinopril 10mg,XXXX-XXXX-XXXX-7552,555-90-5210,Arthritis,false,Cholesterol: 176.6 K/uL,tenant-045,Aspirin,WBC: 271.5 g/dL,BP 103/105 HR 63,O+,Diabetes Mellitus,Engineering,The system tracks compliance records.,ECG,Arthritis,Migraine,Depression,COVID-19,Master's,MRN-730726,failed,CLM-223100,In Review,Outstanding,(286) 968-4398,MRI Brain,O-,CLM-408578,Lisinopril,type,BP 167/76 HR 88,B-,BP 164/90 HR 112,Omeprazole 20mg,Physical Exam,NOT NULL,BP 92/93 HR 65,Mobility,Shanghai,None,MRI Brain,Mobility,Metformin 500mg,COVID-19,59.4,Ibuprofen,Arthritis,Shellfish,IEEE 754,CLM-125054,iOS,Anna is a Sales Rep with 10 years of experience.,Hypertension,MRN-708383,COVID-19,141 days,Cognitive,Arthritis,%B8340497655991496^SMITH/ROBERT^2911,INS-390178,UTF-8,CLM-680899,raw.orders -> exports,Diabetes Mellitus,2025-06-12,Lisinopril,Blood Draw,Amoxicillin,Critical,MRN-981422,Anxiety,INS-188389,Influenza,Visual
Hemoglobin: 169.9 K/uL,X-Ray Chest,AB-,1.12.63,20.0,02:50:28,Retail,None,Migraine,Tokyo,Albuterol 90mcg,Order #{{id}},A-,Cognitive,AB-,Peanuts,None,The system monitors compliance records.,Aspirin,Peanuts,Anxiety,AB-,Latex,BP 152/89 HR 87,None,32026,MRN-104341,Malaria,CLM-494217,Arthritis,2232070,Influenza,Metformin 500mg,MRN-350596,Diabetes Mellitus,CLM-100929,Q,Cholesterol: 194.9 K/uL,Mobility,Diabetes Mellitus,Lisinopril 10mg,5950-4582-4067-4628,145-32-4836,Arthritis,false,Hemoglobin: 253.4 mg/dL,tenant-030,Lisinopril,Hemoglobin: 206.4 g/dL,BP 107/87 HR 66,O-,COVID-19,Engineering,The system manages operational metrics.,X-Ray Chest,Type 2 Diabetes,Migraine,Type 2 Diabetes,Influenza,Associate's,MRN-539251,pending,CLM-926468,In Review,Outstanding,545 575 9763,MRI Brain,O-,CLM-481093,Metformin,type,BP 132/75 HR 113,O+,BP 100/76 HR 82,Albuterol 90mcg,Blood Draw,BETWEEN 1 AND 100,BP 107/65 HR 90,Cognitive,Rotterdam,Cognitive,Colonoscopy,None,Lisinopril 10mg,Malaria,62.8,Amoxicillin,Hypertension,Pollen,ISO 8601,CLM-490476,Android,Anna is a VP Engineering with 30 years of experience.,Type 2 Diabetes,MRN-528805,Tuberculosis,72 days,Mobility,Asthma,%B6143386201547953^DAVIS/JENNIFER^2811,INS-156163,ISO-8859-1,CLM-678296,raw.users -> exports,Influenza,2023-11-12,Aspirin,Blood Draw,Aspirin,Critical,MRN-991458,Hypertension,INS-530311,Malaria,Visual
WBC: 294.1 g/dL,Blood Draw,B-,4.6.44,109.7,12:02:08,Finance,Peanuts,Migraine,Dallas,Lisinopril 10mg,Hello {{name}},O+,None,A+,Penicillin,Pollen,The service manages data processing activities.,Amoxicillin,None,Type 2 Diabetes,B+,Pollen,BP 163/105 HR 119,Penicillin,36712,MRN-853762,Influenza,CLM-208274,Hypertension,TXN-302192,Influenza,Metformin 500mg,MRN-368572,Diabetes Mellitus,CLM-818796,W,Cholesterol: 158.2 K/uL,Mobility,Diabetes Mellitus,Omeprazole 20mg,5678-7137-3591-0035,555-10-2112,Asthma,true,WBC: 159.1 K/uL,tenant-018,Amoxicillin,Hemoglobin: 235.4 mg/dL,BP 110/86 HR 108,A-,Influenza,Marketing,The system tracks transaction histories.,Physical Exam,Type 2 Diabetes,Arthritis,Type 2 Diabetes,Tuberculosis,Master's,MRN-910184,approved,CLM-564085,Approved,Exceeds expectations,857 748 5173,ECG,B+,CLM-947041,Metformin,email,BP 110/80 HR 113,O+,BP 117/95 HR 55,Omeprazole 20mg,Physical Exam,CHECK (val > 0),BP 174/103 HR 110,Hearing,Singapore,Cognitive,Physical Exam,Hearing,Lisinopril 10mg,COVID-19,63.6,Lisinopril,Depression,Penicillin,POSIX,CLM-418643,Windows,Emma is a Designer with 5 years of experience.,Depression,MRN-559172,Tuberculosis,289 days,Visual,Arthritis,%B4500238654165243^JONES/AIDEN^2504,INS-547703,UTF-16,CLM-704870,staging.orders -> exports,Tuberculosis,2018-10-01,Amoxicillin,MRI Brain,Metformin,High,MRN-986462,Asthma,INS-407875,Tuberculosis,Cognitive
Glucose: 274.0 g/dL,Colonoscopy,AB+,3.13.14,32.0,02:42:23,Finance,Pollen,Type 2 Diabetes,New York,Lisinopril 10mg,{{date}} - {{event}},B+,Hearing,A+,Peanuts,Pollen,The service represents operational metrics.,Amoxicillin,Penicillin,Hypertension,O+,Pollen,BP 100/70 HR 103,Shellfish,37538,MRN-875891,COVID-19,CLM-726837,Asthma,1153413,COVID-19,Ibuprofen 200mg,MRN-676974,COVID-19,CLM-609968,K,Cholesterol: 260.6 mg/dL,Hearing,Diabetes Mellitus,Metformin 500mg,5843-6364-4376-9951,XXX-XX-8345,Depression,false,WBC: 116.1 K/uL,tenant-035,Metformin,Cholesterol: 257.6 mg/dL,BP 177/78 HR 64,AB+,Influenza,Legal,The system represents transaction histories.,Colonoscopy,Anxiety,Asthma,Hypertension,Tuberculosis,High School,MRN-296751,active,CLM-431967,In Review,Needs improvement,+15846101415,Physical Exam,O+,CLM-299606,Lisinopril,id,BP 147/94 HR 85,AB-,BP 120/103 HR 72,Omeprazole 20mg,X-Ray Chest,NOT NULL,BP 165/72 HR 102,None,Rotterdam,Hearing,X-Ray Chest,Visual,Metformin 500mg,Diabetes Mellitus,90.6,Ibuprofen,Depression,Latex,ISO 8601,CLM-804837,Linux,Lucas is a VP Engineering with 11 years of experience.,Hypertension,MRN-274232,COVID-19,277 days,None,Depression,%B9598256507126570^GARCIA/MICHAEL^2810,INS-746883,ASCII,CLM-823532,raw.events -> reports,COVID-19,2019-09-09,Ibuprofen,Colonoscopy,Amoxicillin,Medium,MRN-634668,Migraine,INS-213827,Diabetes Mellitus,Hearing
WBC: 270.5 K/uL,MRI Brain,AB+,2.18.25,101.5,14:59:28,Manufacturing,Latex,Depression,Tokyo,Ibuprofen 200mg,Order #{{id}},B-,Cognitive,A+,Pollen,Latex,This record monitors transaction histories.,Metformin,Latex,Asthma,O+,Shellfish,BP 159/65 HR 58,Peanuts,21592,MRN-731474,Tuberculosis,CLM-449928,Asthma,7543571,COVID-19,Albuterol 90mcg,MRN-938237,Influenza,CLM-443908,D,Cholesterol: 194.7 g/dL,Visual,Diabetes Mellitus,Ibuprofen 200mg,4920-9637-6467-3636,340-78-1415,Type 2 Diabetes,false,Hemoglobin: 52.9 mg/dL,tenant-044,Ibuprofen,WBC: 219.2 mg/dL,BP 100/97 HR 113,B-,Malaria,Engineering,This record represents data processing activities.,MRI Brain,Type 2 Diabetes,Asthma,Depression,Malaria,Master's,MRN-626425,completed,CLM-609452,Pending,Outstanding,(645) 628-1152,Physical Exam,AB+,CLM-406175,Metformin,type,BP 131/100 HR 63,B-,BP 161/97 HR 100,Lisinopril 10mg,Blood Draw,BETWEEN 1 AND 100,BP 124/61 HR 94,Mobility,Hamburg,Hearing,Blood Draw,Cognitive,Omeprazole 20mg,Malaria,74.1,Aspirin,Anxiety,Peanuts,ISO 8601,CLM-157873,Linux,Olivia is a Product Manager with 18 years of experience.,Hypertension,MRN-181811,Influenza,355 days,Hearing,Migraine,%B4391399726859675^WILLIAMS/LUCAS^2404,INS-554937,UTF-16,CLM-387532,raw.events -> exports,Influenza,2018-10-11,Metformin,Colonoscopy,Lisinopril,Critical,MRN-648955,Anxiety,INS-379782,Diabetes Mellitus,Hearing
WBC: 188.7 K/uL,ECG,B-,2.4.29,97.1,01:56:07,Healthcare,Pollen,Hypertension,Austin,Metformin 500mg,Order #{{id}},AB+,Cognitive,AB+,Pollen,None,The product manages data processing activities.,Lisinopril,Penicillin,Anxiety,O+,Latex,BP 123/72 HR 115,Penicillin,60076,MRN-126552,COVID-19,CLM-560593,Arthritis,TXN-964857,Tuberculosis,Omeprazole 20mg,MRN-733868,Diabetes Mellitus,CLM-266114,V,Cholesterol: 187.8 K/uL,None,Influenza,Omeprazole 20mg,6011-7164-9898-3944,532-46-6062,Type 2 Diabetes,false,Cholesterol: 158.3 g/dL,tenant-028,Amoxicillin,WBC: 187.5 mg/dL,BP 104/78 HR 98,A-,Tuberculosis,Operations,The customer account includes customer interactions.,Physical Exam,Migraine,Migraine,Arthritis,COVID-19,Bachelor's,MRN-737902,inactive,CLM-549493,In Review,Outstanding,(912) 527-4534,Physical Exam,A-,CLM-389775,Lisinopril,status,BP 149/67 HR 82,A+,BP 180/83 HR 102,Metformin 500mg,Colonoscopy,MATCHES '^[A-Z]+',BP 112/93 HR 96,Hearing,Port of LA,Hearing,X-Ray Chest,Cognitive,Ibuprofen 200mg,COVID-19,60.6,Metformin,Asthma,None,RFC 3339,CLM-112005,iOS,Noah is a CTO with 12 years of experience.,Hypertension,MRN-399222,Tuberculosis,23 days,Visual,Depression,%B4004197520014322^MARTINEZ/DAVID^2411,INS-564588,ISO-8859-1,CLM-838465,staging.users -> analytics,Tuberculosis,2022-08-13,Amoxicillin,X-Ray Chest,Ibuprofen,High,MRN-103528,Asthma,INS-587454,Influenza,Mobility
Hemoglobin: 59.1 mg/dL,X-Ray Chest,AB-,0.8.7,85.5,20:49:54,Manufacturing,Pollen,Hypertension,Houston,Metformin 500mg,Order #{{id}},O+,Cognitive,AB+,Pollen,Peanuts,This record monitors customer interactions.,Amoxicillin,Shellfish,Depression,A+,None,BP 103/93 HR 93,Shellfish,40302,MRN-727429,Diabetes Mellitus,CLM-757068,Type 2 Diabetes,7599370,Tuberculosis,Albuterol 90mcg,MRN-345945,COVID-19,CLM-920256,R,Glucose: 265.4 K/uL,Hearing,Diabetes Mellitus,Albuterol 90mcg,XXXX-XXXX-XXXX-2344,XXX-XX-6549,Anxiety,false,Cholesterol: 88.7 K/uL,tenant-042,Aspirin,Hemoglobin: 218.7 K/uL,BP 119/81 HR 81,B+,COVID-19,HR,The system tracks operational metrics.,Colonoscopy,Depression,Arthritis,Type 2 Diabetes,COVID-19,PhD,MRN-562163,completed,CLM-407173,In Review,Exceeds expectations,834.210.2578,ECG,O-,CLM-989187,Ibuprofen,amount,BP 121/87 HR 77,B+,BP 142/78 HR 108,Metformin 500mg,Colonoscopy,UNIQUE,BP 160/79 HR 83,Visual,Shanghai,Mobility,X-Ray Chest,Hearing,Lisinopril 10mg,Tuberculosis,24.9,Metformin,Depression,Shellfish,IEEE 754,CLM-945959,Windows,James is a Data Analyst with 9 years of experience.,Asthma,MRN-178473,Tuberculosis,185 days,Hearing,Migraine,%B9249036455061483^ROBINSON/AMY^2504,INS-534538,ISO-8859-1,CLM-935690,curated.events -> reports,Malaria,2022-03-10,Aspirin,MRI Brain,Amoxicillin,Low,MRN-908213,Type 2 Diabetes,INS-589714,COVID-19,None
Hemoglobin: 178.7 mg/dL,X-Ray Chest,B-,1.19.95,46.8,08:36:19,Healthcare,Pollen,Type 2 Diabetes,Houston,Ibuprofen 200mg,{{date}} - {{event}},O-,None,AB+,Pollen,Penicillin,This record tracks data processing activities.,Lisinopril,Peanuts,Asthma,O+,Shellfish,BP 116/68 HR 84,Pollen,81726,MRN-212028,COVID-19,CLM-525431,Hypertension,ID-378392,Diabetes Mellitus,Metformin 500mg,MRN-106893,COVID-19,CLM-381722,V,Hemoglobin: 140.0 mg/dL,Mobility,Diabetes Mellitus,Metformin 500mg,3729-3900-0023-9902,XXX-XX-3345,Asthma,false,Cholesterol: 81.4 g/dL,tenant-012,Lisinopril,Cholesterol: 222.2 mg/dL,BP 167/92 HR 92,O-,COVID-19,Finance,The system manages compliance records.,MRI Brain,Arthritis,Type 2 Diabetes,Type 2 Diabetes,Malaria,PhD,MRN-626410,inactive,CLM-937180,Pending,Outstanding,849.459.3228,ECG,O+,CLM-686064,Amoxicillin,name,BP 122/89 HR 90,AB-,BP 98/70 HR 92,Albuterol 90mcg,Colonoscopy,CHECK (val > 0),BP 115/101 HR 73,Cognitive,Singapore,Hearing,Physical Exam,Visual,Ibuprofen 200mg,Influenza,70.4,Lisinopril,Type 2 Diabetes,Penicillin,ISO 8601,CLM-619490,iOS,Linda is a Software Engineer with 16 years of experience.,Arthritis,MRN-249220,Tuberculosis,32 days,Cognitive,Depression,%B0403071889234632^LEE/EMMA^2510,INS-333398,Latin-1,CLM-131374,raw.events -> reports,Diabetes Mellitus,2020-01-24,Metformin,X-Ray Chest,Metformin,Medium,MRN-390409,Hypertension,INS-886618,COVID-19,Cognitive
Glucose: 133.1 mg/dL,MRI Brain,O+,0.9.64,14.8,06:36:08,Technology,Shellfish,Asthma,Denver,Ibuprofen 200mg,{{date}} - {{event}},O+,Hearing,A+,Shellfish,None,The product represents data processing activities.,Metformin,Penicillin,Asthma,B-,None,BP 93/90 HR 106,Latex,23879,MRN-646516,Influenza,CLM-399176,Hypertension,7402213,Influenza,Metformin 500mg,MRN-164582,Malaria,CLM-337097,H,WBC: 265.6 K/uL,None,Influenza,Albuterol 90mcg,XXXX-XXXX-XXXX-7235,776-85-8048,Anxiety,false,WBC: 146.6 K/uL,tenant-014,Ibuprofen,Glucose: 129.2 K/uL,BP 144/95 HR 99,O+,Malaria,Finance,The product tracks compliance records.,Physical Exam,Type 2 Diabetes,Depression,Type 2 Diabetes,Influenza,PhD,MRN-972717,active,CLM-439918,In Review,Outstanding,(660) 949-7201,Physical Exam,AB+,CLM-340929,Lisinopril,created_at,BP 146/79 HR 83,AB-,BP 146/60 HR 67,Omeprazole 20mg,ECG,NOT NULL,BP 122/65 HR 63,Visual,Rotterdam,Visual,MRI Brain,None,Metformin 500mg,Influenza,36.5,Amoxicillin,Asthma,Peanuts,RFC 3339,CLM-859560,iOS,Elizabeth is a CTO with 8 years of experience.,Migraine,MRN-144429,COVID-19,88 days,None,Depression,%B9457805012437197^BROWN/OLIVER^2702,INS-113819,Latin-1,CLM-738680,staging.users -> reports,COVID-19,2018-03-05,Ibuprofen,Colonoscopy,Metformin,Medium,MRN-620989,Hypertension,INS-858489,Malaria,Hearing
Glucose: 195.7 K/uL,Colonoscopy,B-,2.19.53,103.3,14:30:42,Healthcare,Peanuts,Hypertension,Phoenix,Ibuprofen 200mg,Order #{{id}},B-,Hearing,AB-,Penicillin,Latex,This record manages transaction histories.,Aspirin,Shellfish,Type 2 Diabetes,B-,Peanuts,BP 180/81 HR 97,Latex,46926,MRN-183205,Tuberculosis,CLM-436940,Arthritis,752757,Influenza,Omeprazole 20mg,MRN-305455,COVID-19,CLM-319523,Q,Cholesterol: 76.4 g/dL,Cognitive,Malaria,Ibuprofen 200mg,6011-0065-3117-0836,669-70-5898,Depression,false,Cholesterol: 190.7 g/dL,tenant-013,Ibuprofen,WBC: 157.3 K/uL,BP 134/79 HR 109,AB-,Influenza,Engineering,The product monitors customer interactions.,MRI Brain,Depression,Depression,Arthritis,COVID-19,Associate's,MRN-231113,inactive,CLM-780455,Pending,Needs improvement,591 872 9449,MRI Brain,B+,CLM-689610,Metformin,status,BP 98/82 HR 82,O-,BP 164/97 HR 115,Metformin 500mg,X-Ray Chest,MATCHES '^[A-Z]+',BP 178/100 HR 95,Cognitive,Port of LA,Hearing,MRI Brain,Cognitive,Lisinopril 10mg,Malaria,67.4,Lisinopril,Arthritis,Penicillin,W3C Date,CLM-429576,iOS,Jessica is a Designer with 5 years of experience.,Hypertension,MRN-133173,Tuberculosis,205 days,Cognitive,Hypertension,%B9136591702875029^WILLIAMS/SARAH^2701,INS-925650,UTF-16,CLM-146938,staging.orders -> exports,Tuberculosis,2021-08-30,Metformin,ECG,Amoxicillin,High,MRN-238467,Depression,INS-311442,Influenza,Visual
WBC: 292.2 K/uL,Blood Draw,B-,0.3.17,77.0,16:39:54,Technology,None,Anxiety,Tokyo,Omeprazole 20mg,Order #{{id}},A+,Mobility,AB-,Peanuts,Pollen,The system tracks data processing activities.,Aspirin,Penicillin,Anxiety,A+,Pollen,BP 156/68 HR 96,None,82046,MRN-836572,COVID-19,CLM-662593,Type 2 Diabetes,TXN-817106,Tuberculosis,Omeprazole 20mg,MRN-955445,Diabetes Mellitus,CLM-821608,D,Cholesterol: 134.5 mg/dL,Visual,COVID-19,Metformin 500mg,3766-7351-4704-2208,823-75-1879,Hypertension,false,Glucose: 92.6 K/uL,tenant-009,Aspirin,Hemoglobin: 122.5 g/dL,BP 121/61 HR 105,B+,Tuberculosis,Legal,This record manages customer interactions.,Blood Draw,Type 2 Diabetes,Depression,Hypertension,Tuberculosis,Master's,MRN-151986,cancelled,CLM-265181,Pending,Needs improvement,841 993 3542,X-Ray Chest,O-,CLM-944104,Ibuprofen,amount,BP 155/63 HR 67,O-,BP 156/66 HR 97,Ibuprofen 200mg,Blood Draw,CHECK (val > 0),BP 177/104 HR 56,Hearing,Port of LA,Cognitive,ECG,Visual,Omeprazole 20mg,COVID-19,85.1,Amoxicillin,Hypertension,Peanuts,RFC 3339,CLM-841836,Chrome OS,Liam is a Product Manager with 11 years of experience.,Hypertension,MRN-257390,Influenza,27 days,Visual,Type 2 Diabetes,%B6617935958347443^THOMPSON/MARY^2803,INS-319595,UTF-8,CLM-931446,raw.users -> exports,COVID-19,2023-10-29,Metformin,Blood Draw,Metformin,Negligible,MRN-117019,Arthritis,INS-278050,COVID-19,Hearing
Glucose: 232.3 K/uL,MRI Brain,B+,5.15.72,45.6,18:01:51,Healthcare,Latex,Migraine,Austin,Omeprazole 20mg,{{date}} - {{event}},O+,None,AB-,Latex,Penicillin,The service represents compliance records.,Lisinopril,Penicillin,Hypertension,O+,Penicillin,BP 131/94 HR 59,None,75182,MRN-771211,Malaria,CLM-875511,Arthritis,USR-934276,Influenza,Omeprazole 20mg,MRN-561668,Tuberculosis,CLM-786162,R,Glucose: 296.1 mg/dL,None,Malaria,Metformin 500mg,4045-9192-3168-3831,349-51-4775,Depression,false,Hemoglobin: 263.5 mg/dL,tenant-047,Ibuprofen,Glucose: 297.8 mg/dL,BP 145/72 HR 89,O+,COVID-19,Sales,This record tracks compliance records.,X-Ray Chest,Arthritis,Migraine,Anxiety,Tuberculosis,Associate's,MRN-738134,pending,CLM-405366,Rejected,Needs improvement,554 625 2388,X-Ray Chest,O+,CLM-477191,Metformin,created_at,BP 134/103 HR 56,O-,BP 143/91 HR 90,Metformin 500mg,X-Ray Chest,UNIQUE,BP 106/94 HR 115,Visual,Singapore,Hearing,Colonoscopy,Mobility,Ibuprofen 200mg,COVID-19,24.0,Amoxicillin,Hypertension,Penicillin,W3C Date,CLM-600775,Windows,Linda is a Data Analyst with 12 years of experience.,Anxiety,MRN-172163,Tuberculosis,229 days,Cognitive,Depression,%B3300868003155780^WRIGHT/HARPER^2405,INS-960727,UTF-8,CLM-852953,curated.events -> reports,Tuberculosis,2026-03-21,Ibuprofen,Blood Draw,Ibuprofen,High,MRN-633619,Migraine,INS-308230,Tuberculosis,Hearing
Cholesterol: 250.7 g/dL,ECG,O-,0.13.20,94.4,05:38:38,Retail,None,Type 2 Diabetes,Paris,Omeprazole 20mg,Order #{{id}},O+,Visual,B-,Pollen,Penicillin,The product tracks data processing activities.,Amoxicillin,Penicillin,Arthritis,AB-,Pollen,BP 179/108 HR 64,Penicillin,37639,MRN-320935,Tuberculosis,CLM-834869,Arthritis,ID-850050,Tuberculosis,Omeprazole 20mg,MRN-574105,COVID-19,CLM-266645,R,Glucose: 125.2 mg/dL,Cognitive,COVID-19,Ibuprofen 200mg,3710-2937-6990-8617,479-98-9686,Type 2 Diabetes,false,Glucose: 161.1 K/uL,tenant-021,Aspirin,WBC: 162.0 K/uL,BP 117/103 HR 74,B+,Diabetes Mellitus,Legal,This record manages data processing activities.,X-Ray Chest,Migraine,Migraine,Migraine,COVID-19,Associate's,MRN-818470,failed,CLM-399302,In Review,Needs improvement,(224) 291-8740,Blood Draw,A+,CLM-429473,Lisinopril,amount,BP 148/78 HR 88,O-,BP 100/107 HR 100,Omeprazole 20mg,Colonoscopy,CHECK (val > 0),BP 142/106 HR 113,Cognitive,Busan,Visual,MRI Brain,Visual,Metformin 500mg,Malaria,82.0,Amoxicillin,Asthma,Pollen,POSIX,CLM-427299,Android,Emma is a Software Engineer with 25 years of experience.,Anxiety,MRN-259710,Malaria,238 days,Hearing,Asthma,%B3106438730263395^GARCIA/EMILY^2705,INS-210912,ISO-8859-1,CLM-418395,raw.events -> reports,Tuberculosis,2018-01-07,Lisinopril,Blood Draw,Lisinopril,Critical,MRN-420455,Arthritis,INS-793975,Diabetes Mellitus,Hearing
Hemoglobin: 136.1 mg/dL,MRI Brain,A-,3.10.52,75.0,16:23:10,Energy,Latex,Arthritis,Atlanta,Metformin 500mg,Order #{{id}},A-,Visual,O+,Peanuts,Pollen,This record represents transaction histories.,Lisinopril,Latex,Asthma,A-,Latex,BP 129/77 HR 120,Pollen,36256,MRN-851120,Tuberculosis,CLM-874883,Hypertension,2531015,COVID-19,Lisinopril 10mg,MRN-660460,COVID-19,CLM-262197,P,WBC: 60.1 K/uL,Mobility,COVID-19,Omeprazole 20mg,5030-0544-4622-9899,157-68-8304,Depression,false,WBC: 208.1 g/dL,tenant-026,Aspirin,Glucose: 100.6 mg/dL,BP 180/83 HR 64,B+,Diabetes Mellitus,Operations,The product monitors compliance records.,ECG,Depression,Anxiety,Arthritis,Diabetes Mellitus,PhD,MRN-116021,rejected,CLM-704917,Pending,Exceeds expectations,(916) 363-3163,MRI Brain,B-,CLM-387502,Ibuprofen,amount,BP 111/65 HR 100,B-,BP 125/99 HR 89,Omeprazole 20mg,X-Ray Chest,NOT NULL,BP 162/76 HR 117,None,Singapore,Mobility,ECG,Visual,Ibuprofen 200mg,Diabetes Mellitus,44.9,Metformin,Type 2 Diabetes,Shellfish,ISO 8601,CLM-113006,iOS,Logan is a CTO with 17 years of experience.,Migraine,MRN-864964,Influenza,93 days,Cognitive,Anxiety,%B6550017458801407^KING/SOPHIA^2406,INS-616115,ASCII,CLM-510754,staging.orders -> exports,Influenza,2026-08-03,Lisinopril,MRI Brain,Lisinopril,High,MRN-877939,Asthma,INS-814816,Influenza,None
Glucose: 229.0 g/dL,MRI Brain,B+,2.9.42,6.8,08:47:47,Retail,Penicillin,Hypertension,Phoenix,Lisinopril 10mg,{{date}} - {{event}},AB-,Cognitive,O+,Latex,Pollen,This record tracks transaction histories.,Amoxicillin,Latex,Depression,O-,Shellfish,BP 173/86 HR 74,Shellfish,25552,MRN-780876,Tuberculosis,CLM-370832,Arthritis,5591864,Malaria,Lisinopril 10mg,MRN-311744,Malaria,CLM-265358,C,Hemoglobin: 135.2 mg/dL,Hearing,Malaria,Ibuprofen 200mg,5801-2870-5989-8282,XXX-XX-7166,Asthma,true,Cholesterol: 272.4 g/dL,tenant-044,Ibuprofen,WBC: 260.8 g/dL,BP 129/105 HR 60,O+,Tuberculosis,Sales,The service includes customer interactions.,ECG,Asthma,Migraine,Hypertension,Diabetes Mellitus,Associate's,MRN-861771,completed,CLM-844590,Rejected,Outstanding,(803) 203-7428,ECG,A-,CLM-819601,Metformin,id,BP 138/64 HR 105,AB-,BP 119/103 HR 62,Lisinopril 10mg,Colonoscopy,UNIQUE,BP 131/67 HR 99,Mobility,Busan,Visual,Blood Draw,Visual,Albuterol 90mcg,Tuberculosis,60.6,Aspirin,Arthritis,Latex,IEEE 754,CLM-543602,Android,Sophia is a Product Manager with 7 years of experience.,Asthma,MRN-711663,Tuberculosis,242 days,Hearing,Type 2 Diabetes,%B9097559824695998^MARTINEZ/JAMES^2511,INS-326558,ASCII,CLM-628387,staging.orders -> exports,Diabetes Mellitus,2019-07-12,Lisinopril,Colonoscopy,Ibuprofen,Medium,MRN-605031,Depression,INS-701810,Diabetes Mellitus,None
Glucose: 132.5 mg/dL,X-Ray Chest,A-,3.8.5,48.9,19:00:23,Finance,Peanuts,Depression,Sydney,Omeprazole 20mg,Hello {{name}},A+,Mobility,AB-,None,None,The customer account tracks customer interactions.,Metformin,Pollen,Hypertension,B-,Pollen,BP 179/107 HR 96,Pollen,53857,MRN-413997,Tuberculosis,CLM-908361,Depression,6937986,Malaria,Lisinopril 10mg,MRN-948203,Tuberculosis,CLM-312633,R,WBC: 197.9 g/dL,Hearing,Diabetes Mellitus,Albuterol 90mcg,6011-5506-0880-0609,664-54-8845,Arthritis,false,Glucose: 238.4 K/uL,tenant-021,Ibuprofen,Hemoglobin: 224.4 K/uL,BP 155/100 HR 108,O-,Malaria,Support,The product monitors customer interactions.,Colonoscopy,Type 2 Diabetes,Anxiety,Asthma,Tuberculosis,PhD,MRN-348017,failed,CLM-483712,In Review,Outstanding,559.230.3444,Physical Exam,O-,CLM-566305,Lisinopril,amount,BP 147/87 HR 60,B+,BP 153/99 HR 105,Omeprazole 20mg,Colonoscopy,MATCHES '^[A-Z]+',BP 97/84 HR 83,Mobility,Busan,None,Colonoscopy,Mobility,Metformin 500mg,Influenza,69.9,Metformin,Depression,Penicillin,RFC 3339,CLM-244084,macOS,Amy is a CTO with 19 years of experience.,Hypertension,MRN-955999,Malaria,278 days,Hearing,Depression,%B3155076061397853^WALKER/SOPHIA^3011,INS-607919,UTF-8,CLM-111061,raw.orders -> exports,Influenza,2018-06-17,Aspirin,Physical Exam,Metformin,Low,MRN-452278,Hypertension,INS-583281,Diabetes Mellitus,None
Cholesterol: 93.1 g/dL,Colonoscopy,B+,0.2.16,85.3,22:03:03,Healthcare,Penicillin,Hypertension,New York,Ibuprofen 200mg,Hello {{name}},A+,Cognitive,AB-,Penicillin,Penicillin,The customer account monitors transaction histories.,Aspirin,Shellfish,Type 2 Diabetes,A-,Penicillin,BP 101/100 HR 97,Pollen,20363,MRN-135956,Malaria,CLM-131029,Arthritis,REC-242506,COVID-19,Lisinopril 10mg,MRN-841603,Influenza,CLM-805073,L,Cholesterol: 190.8 K/uL,Visual,COVID-19,Metformin 500mg,4903-7730-7097-2275,571-65-9341,Anxiety,false,Cholesterol: 236.9 g/dL,tenant-047,Metformin,Cholesterol: 61.9 g/dL,BP 143/70 HR 119,A-,COVID-19,HR,The system manages operational metrics.,Physical Exam,Migraine,Hypertension,Migraine,Diabetes Mellitus,High School,MRN-340430,approved,CLM-749625,In Review,Exceeds expectations,(945) 238-3441,Blood Draw,B-,CLM-910915,Amoxicillin,id,BP 167/81 HR 105,A+,BP 92/67 HR 73,Omeprazole 20mg,MRI Brain,NOT NULL,BP 169/68 HR 60,Cognitive,Busan,None,Blood Draw,Visual,Albuterol 90mcg,Tuberculosis,97.2,Metformin,Anxiety,None,IEEE 754,CLM-539382,Chrome OS,Liam is a Data Analyst with 11 years of experience.,Asthma,MRN-870243,Influenza,214 days,None,Depression,%B3634625003548443^HARRIS/AIDEN^2510,INS-121716,UTF-8,CLM-780909,staging.orders -> reports,Tuberculosis,2024-04-23,Aspirin,Physical Exam,Aspirin,Medium,MRN-221453,Hypertension,INS-298711,Influenza,Cognitive
Hemoglobin: 50.9 mg/dL,Blood Draw,AB-,2.11.11,107.3,05:23:26,Healthcare,Shellfish,Asthma,Sydney,Metformin 500mg,Order #{{id}},A+,Cognitive,O-,Peanuts,Latex,The system represents compliance records.,Metformin,Peanuts,Depression,O+,Penicillin,BP 110/64 HR 109,Penicillin,46789,MRN-875422,COVID-19,CLM-768282,Hypertension,USR-418633,Tuberculosis,Metformin 500mg,MRN-157830,Influenza,CLM-699395,A,WBC: 55.0 K/uL,None,COVID-19,Ibuprofen 200mg,5695-5071-9208-4642,219-34-3150,Hypertension,true,Hemoglobin: 169.4 g/dL,tenant-022,Metformin,WBC: 182.4 g/dL,BP 172/83 HR 68,O+,Tuberculosis,Engineering,This record tracks transaction histories.,MRI Brain,Depression,Type 2 Diabetes,Arthritis,COVID-19,Associate's,MRN-733824,cancelled,CLM-291045,Rejected,Outstanding,944-461-9138,X-Ray Chest,O-,CLM-666730,Metformin,created_at,BP 136/92 HR 75,AB-,BP 117/107 HR 109,Albuterol 90mcg,MRI Brain,CHECK (val > 0),BP 168/60 HR 87,Cognitive,Singapore,Cognitive,ECG,None,Ibuprofen 200mg,Diabetes Mellitus,18.3,Aspirin,Asthma,Latex,POSIX,CLM-788495,macOS,Richard is a Product Manager with 2 years of experience.,Depression,MRN-666017,Influenza,351 days,Visual,Asthma,%B2776260114642298^JONES/MICHAEL^2410,INS-185391,UTF-16,CLM-417506,curated.events -> exports,Tuberculosis,2019-04-26,Aspirin,Colonoscopy,Lisinopril,Critical,MRN-437743,Type 2 Diabetes,INS-406279,Diabetes Mellitus,Hearing
Glucose: 235.6 g/dL,X-Ray Chest,AB+,2.14.16,23.7,08:42:44,Technology,Shellfish,Hypertension,Atlanta,Omeprazole 20mg,Hello {{name}},A+,Visual,O-,Shellfish,Shellfish,The customer account tracks data processing activities.,Aspirin,Pollen,Depression,A-,Shellfish,BP 95/109 HR 58,Latex,11192,MRN-383964,Diabetes Mellitus,CLM-917803,Type 2 Diabetes,7388411,Malaria,Lisinopril 10mg,MRN-241197,Malaria,CLM-387696,V,WBC: 69.6 mg/dL,Mobility,COVID-19,Ibuprofen 200mg,4790-9720-5022-7669,182-49-4347,Arthritis,false,Glucose: 281.9 g/dL,tenant-036,Ibuprofen,WBC: 54.5 K/uL,BP 131/91 HR 100,B+,Influenza,Finance,The service manages compliance records.,MRI Brain,Asthma,Arthritis,Anxiety,Malaria,Associate's,MRN-172725,inactive,CLM-776955,Rejected,Needs improvement,801.540.8095,MRI Brain,A-,CLM-761514,Aspirin,status,BP 150/71 HR 85,O+,BP 103/71 HR 64,Albuterol 90mcg,Blood Draw,BETWEEN 1 AND 100,BP 146/97 HR 101,Hearing,Port of LA,Mobility,ECG,Cognitive,Albuterol 90mcg,Diabetes Mellitus,54.3,Metformin,Depression,Latex,IEEE 754,CLM-290043,Windows,Jennifer is a Designer with 13 years of experience.,Asthma,MRN-868290,Malaria,110 days,Visual,Anxiety,%B8969895656177415^HARRIS/AIDEN^2905,INS-307244,Latin-1,CLM-476957,staging.orders -> reports,COVID-19,2020-06-09,Lisinopril,ECG,Lisinopril,Medium,MRN-933690,Asthma,INS-665510,COVID-19,Hearing
Glucose: 155.4 g/dL,Blood Draw,AB+,0.3.1,30.9,13:31:16,Healthcare,None,Arthritis,Dallas,Albuterol 90mcg,Hello {{name}},O-,Cognitive,AB-,Pollen,Peanuts,The service includes compliance records.,Metformin,Latex,Anxiety,O+,Peanuts,BP 156/65 HR 68,Latex,35242,MRN-518205,Influenza,CLM-103749,Type 2 Diabetes,USR-125864,Influenza,Omeprazole 20mg,MRN-309521,Tuberculosis,CLM-673994,R,Glucose: 237.6 g/dL,Cognitive,Diabetes Mellitus,Metformin 500mg,6011-4586-9805-6931,XXX-XX-5137,Hypertension,true,Cholesterol: 203.4 g/dL,tenant-044,Lisinopril,Hemoglobin: 203.4 g/dL,BP 90/75 HR 91,AB-,Tuberculosis,Marketing,The product represents operational metrics.,Colonoscopy,Depression,Asthma,Anxiety,COVID-19,Associate's,MRN-339816,inactive,CLM-643158,Approved,Needs improvement,+19682142070,Colonoscopy,B+,CLM-642871,Lisinopril,status,BP 140/66 HR 86,B-,BP 116/74 HR 80,Lisinopril 10mg,Colonoscopy,CHECK (val > 0),BP 153/105 HR 106,Cognitive,Shanghai,Visual,Physical Exam,Visual,Metformin 500mg,Malaria,52.0,Lisinopril,Type 2 Diabetes,Shellfish,RFC 3339,CLM-354793,Chrome OS,Olivia is a Data Analyst with 21 years of experience.,Depression,MRN-137696,Diabetes Mellitus,122 days,Visual,Anxiety,%B9317373361079022^DAVIS/MASON^3008,INS-510117,ASCII,CLM-357748,raw.orders -> analytics,Tuberculosis,2024-10-19,Lisinopril,Physical Exam,Metformin,Low,MRN-143060,Migraine,INS-568989,COVID-19,Mobility
Cholesterol: 117.5 g/dL,Colonoscopy,B+,2.3.30,56.1,05:48:20,Manufacturing,Shellfish,Hypertension,Tokyo,Ibuprofen 200mg,Hello {{name}},AB+,Hearing,O-,Peanuts,None,This record tracks data processing activities.,Amoxicillin,Pollen,Arthritis,AB+,Shellfish,BP 121/64 HR 60,Penicillin,72527,MRN-972855,Diabetes Mellitus,CLM-409955,Arthritis,8250982,Malaria,Albuterol 90mcg,MRN-414887,Tuberculosis,CLM-987622,V,Hemoglobin: 223.6 mg/dL,None,COVID-19,Metformin 500mg,6011-2356-0911-7246,372-66-9795,Hypertension,false,Cholesterol: 129.1 mg/dL,tenant-037,Amoxicillin,WBC: 87.2 K/uL,BP 142/65 HR 59,AB+,Influenza,Finance,The system manages compliance records.,X-Ray Chest,Migraine,Anxiety,Migraine,Tuberculosis,Master's,MRN-205573,active,CLM-394683,Pending,Meets expectations,712 746 9852,Physical Exam,AB+,CLM-237771,Aspirin,created_at,BP 166/107 HR 78,AB+,BP 170/76 HR 120,Lisinopril 10mg,Blood Draw,UNIQUE,BP 116/71 HR 75,Visual,Singapore,Hearing,X-Ray Chest,Mobility,Omeprazole 20mg,Tuberculosis,90.2,Aspirin,Type 2 Diabetes,None,ISO 8601,CLM-159962,Windows,Linda is a CTO with 4 years of experience.,Depression,MRN-820752,COVID-19,147 days,Visual,Hypertension,%B3692683851037220^MILLER/MASON^2507,INS-389054,UTF-16,CLM-802458,staging.events -> analytics,COVID-19,2026-12-01,Aspirin,X-Ray Chest,Aspirin,Low,MRN-425209,Anxiety,INS-558813,Diabetes Mellitus,Mobility
Hemoglobin: 268.9 mg/dL,Colonoscopy,B-,5.3.88,107.4,10:35:30,Healthcare,Penicillin,Anxiety,New York,Albuterol 90mcg,Dear {{customer}},A+,Visual,B-,Peanuts,Peanuts,The product manages customer interactions.,Lisinopril,Shellfish,Migraine,B-,None,BP 142/61 HR 81,None,61087,MRN-963321,Diabetes Mellitus,CLM-466288,Depression,8387083,COVID-19,Albuterol 90mcg,MRN-669054,Diabetes Mellitus,CLM-157708,U,Hemoglobin: 130.4 mg/dL,Hearing,COVID-19,Albuterol 90mcg,3734-2868-7493-0962,XXX-XX-5882,Hypertension,false,Cholesterol: 123.4 K/uL,tenant-015,Aspirin,Cholesterol: 244.9 K/uL,BP 135/79 HR 101,O-,Diabetes Mellitus,Marketing,The system manages customer interactions.,Blood Draw,Migraine,Type 2 Diabetes,Hypertension,Diabetes Mellitus,Master's,MRN-921849,rejected,CLM-489278,In Review,Meets expectations,931-602-1131,Blood Draw,O-,CLM-381947,Aspirin,email,BP 149/102 HR 116,B-,BP 115/80 HR 56,Ibuprofen 200mg,MRI Brain,MATCHES '^[A-Z]+',BP 147/101 HR 108,Visual,Port of LA,Cognitive,ECG,Cognitive,Lisinopril 10mg,Malaria,81.0,Ibuprofen,Arthritis,Peanuts,ISO 8601,CLM-314994,iOS,Emma is a Data Analyst with 2 years of experience.,Depression,MRN-270594,Malaria,54 days,Visual,Depression,%B8968050906997442^MARTIN/JAMES^2609,INS-577353,UTF-16,CLM-203950,staging.users -> exports,Diabetes Mellitus,2025-02-06,Amoxicillin,Physical Exam,Aspirin,Critical,MRN-745095,Type 2 Diabetes,INS-697778,Malaria,Mobility
Cholesterol: 213.6 g/dL,Blood Draw,O-,0.9.86,76.3,00:47:20,Manufacturing,Penicillin,Anxiety,Miami,Albuterol 90mcg,Dear {{customer}},B-,Visual,O+,Penicillin,Pollen,The product manages data processing activities.,Aspirin,None,Type 2 Diabetes,B-,Latex,BP 141/87 HR 87,Pollen,55211,MRN-384950,Tuberculosis,CLM-826030,Asthma,ID-928593,Influenza,Lisinopril 10mg,MRN-242191,Influenza,CLM-413914,E,Hemoglobin: 143.3 mg/dL,Hearing,COVID-19,Metformin 500mg,XXXX-XXXX-XXXX-6548,XXX-XX-4248,Type 2 Diabetes,false,WBC: 283.5 mg/dL,tenant-034,Ibuprofen,Hemoglobin: 289.9 K/uL,BP 112/88 HR 65,A+,Tuberculosis,HR,The service manages compliance records.,MRI Brain,Migraine,Hypertension,Hypertension,Malaria,Associate's,MRN-472677,pending,CLM-597017,Pending,Meets expectations,929 217 7872,ECG,O+,CLM-992906,Aspirin,email,BP 110/81 HR 55,B+,BP 175/73 HR 97,Albuterol 90mcg,Blood Draw,CHECK (val > 0),BP 98/88 HR 60,Cognitive,Hamburg,Visual,Physical Exam,Visual,Lisinopril 10mg,Diabetes Mellitus,92.8,Metformin,Asthma,None,W3C Date,CLM-697787,macOS,Anna is a CTO with 28 years of experience.,Migraine,MRN-928273,Influenza,310 days,Mobility,Hypertension,%B4883372204539490^GARCIA/AIDEN^2510,INS-664357,Latin-1,CLM-667435,staging.users -> analytics,Malaria,2025-04-27,Lisinopril,X-Ray Chest,Metformin,Medium,MRN-281006,Hypertension,INS-968546,COVID-19,Mobility
Hemoglobin: 133.2 g/dL,MRI Brain,O+,5.9.29,24.7,22:37:38,Technology,Pollen,Depression,Sydney,Lisinopril 10mg,{{date}} - {{event}},O-,Mobility,O+,Shellfish,Pollen,This record manages customer interactions.,Aspirin,Peanuts,Arthritis,AB+,Latex,BP 99/66 HR 119,None,2618,MRN-646241,Diabetes Mellitus,CLM-288734,Migraine,USR-566067,Influenza,Metformin 500mg,MRN-711395,Tuberculosis,CLM-114833,W,Glucose: 102.3 K/uL,Cognitive,Tuberculosis,Ibuprofen 200mg,4818-8643-2277-1967,XXX-XX-4567,Anxiety,false,Hemoglobin: 187.8 mg/dL,tenant-027,Lisinopril,Glucose: 111.3 mg/dL,BP 179/100 HR 103,B-,Tuberculosis,Support,The customer account represents customer interactions.,X-Ray Chest,Hypertension,Hypertension,Depression,Tuberculosis,Master's,MRN-610930,inactive,CLM-485410,Pending,Needs improvement,615.464.6286,Colonoscopy,O+,CLM-109781,Lisinopril,created_at,BP 145/103 HR 74,O-,BP 148/74 HR 76,Metformin 500mg,MRI Brain,MATCHES '^[A-Z]+',BP 157/93 HR 111,None,Port of LA,None,Physical Exam,Hearing,Omeprazole 20mg,Malaria,71.3,Aspirin,Migraine,Penicillin,W3C Date,CLM-607080,macOS,Elizabeth is a Data Analyst with 28 years of experience.,Type 2 Diabetes,MRN-960876,Malaria,93 days,None,Asthma,%B8755604999724693^DAVIS/DAVID^2511,INS-244839,UTF-8,CLM-549890,staging.orders -> exports,Tuberculosis,2018-11-11,Metformin,Physical Exam,Ibuprofen,Low,MRN-901909,Migraine,INS-520784,COVID-19,Cognitive
Glucose: 130.3 g/dL,MRI Brain,B-,3.2.30,80.3,16:15:05,Finance,None,Migraine,Berlin,Ibuprofen 200mg,Order #{{id}},A-,None,AB-,Pollen,None,The system manages data processing activities.,Aspirin,Shellfish,Anxiety,O-,None,BP 177/110 HR 112,Latex,83425,MRN-850393,COVID-19,CLM-514319,Migraine,ORD-109217,Malaria,Ibuprofen 200mg,MRN-113706,Malaria,CLM-801142,R,WBC: 108.1 g/dL,None,Malaria,Ibuprofen 200mg,XXXX-XXXX-XXXX-9427,319-96-7994,Asthma,true,WBC: 70.2 g/dL,tenant-036,Aspirin,WBC: 284.5 mg/dL,BP 128/82 HR 57,B-,Influenza,Sales,The system represents customer interactions.,Colonoscopy,Asthma,Asthma,Anxiety,Diabetes Mellitus,Master's,MRN-379841,active,CLM-186425,Rejected,Needs improvement,+17684069929,X-Ray Chest,AB+,CLM-584929,Lisinopril,status,BP 91/85 HR 86,AB-,BP 141/109 HR 55,Lisinopril 10mg,ECG,BETWEEN 1 AND 100,BP 157/85 HR 62,Mobility,Singapore,Visual,X-Ray Chest,Visual,Omeprazole 20mg,Influenza,15.3,Aspirin,Hypertension,Latex,IEEE 754,CLM-128232,Android,Anna is a Data Analyst with 28 years of experience.,Type 2 Diabetes,MRN-561653,COVID-19,35 days,Visual,Asthma,%B6732678449926041^WILLIAMS/MICHAEL^2902,INS-726709,Latin-1,CLM-107119,staging.events -> exports,COVID-19,2022-07-10,Lisinopril,Blood Draw,Aspirin,Negligible,MRN-713425,Migraine,INS-272617,COVID-19,Visual
Hemoglobin: 67.6 K/uL,X-Ray Chest,B+,1.16.66,61.9,07:26:29,Manufacturing,Penicillin,Migraine,Berlin,Ibuprofen 200mg,Order #{{id}},O-,Hearing,AB-,Shellfish,Latex,The product manages compliance records.,Ibuprofen,Pollen,Arthritis,O+,Penicillin,BP 102/93 HR 96,None,30799,MRN-231600,Malaria,CLM-292253,Anxiety,TXN-750675,Malaria,Albuterol 90mcg,MRN-931431,Tuberculosis,CLM-141326,S,WBC: 171.5 K/uL,Cognitive,Diabetes Mellitus,Albuterol 90mcg,4122-8029-2723-0541,445-43-5018,Type 2 Diabetes,false,Cholesterol: 160.9 mg/dL,tenant-036,Ibuprofen,Cholesterol: 257.3 g/dL,BP 156/67 HR 117,B-,Influenza,Finance,This record represents customer interactions.,X-Ray Chest,Arthritis,Migraine,Type 2 Diabetes,Tuberculosis,Bachelor's,MRN-586470,rejected,CLM-615094,Rejected,Outstanding,663 572 1094,X-Ray Chest,AB+,CLM-489158,Metformin,name,BP 174/85 HR 112,AB+,BP 147/105 HR 81,Metformin 500mg,ECG,NOT NULL,BP 148/95 HR 94,Visual,Shanghai,Cognitive,Colonoscopy,None,Albuterol 90mcg,COVID-19,36.5,Lisinopril,Depression,Shellfish,RFC 3339,CLM-659427,iOS,Mason is a Data Analyst with 10 years of experience.,Migraine,MRN-987855,Influenza,278 days,Visual,Anxiety,%B2868137196292270^LEE/NOAH^2907,INS-637127,Latin-1,CLM-466144,raw.orders -> reports,Tuberculosis,2025-06-14,Metformin,MRI Brain,Amoxicillin,Medium,MRN-116217,Migraine,INS-744942,COVID-19,Hearing
Hemoglobin: 240.5 K/uL,ECG,B+,2.0.5,62.3,00:25:39,Finance,None,Migraine,Seattle,Omeprazole 20mg,Dear {{customer}},AB+,Hearing,AB+,Shellfish,None,The system represents data processing activities.,Ibuprofen,None,Arthritis,B-,Shellfish,BP 113/89 HR 119,Penicillin,15047,MRN-972678,Diabetes Mellitus,CLM-857373,Hypertension,ORD-598972,Diabetes Mellitus,Omeprazole 20mg,MRN-367972,Malaria,CLM-786443,K,WBC: 211.1 g/dL,Hearing,Diabetes Mellitus,Metformin 500mg,3788-7774-4882-4226,883-86-1712,Hypertension,false,Cholesterol: 217.7 mg/dL,tenant-019,Ibuprofen,Hemoglobin: 295.4 K/uL,BP 179/81 HR 62,O-,Diabetes Mellitus,HR,The system monitors customer interactions.,ECG,Migraine,Hypertension,Depression,Diabetes Mellitus,PhD,MRN-994326,completed,CLM-302831,Rejected,Meets expectations,927.668.1871,X-Ray Chest,A-,CLM-829730,Aspirin,created_at,BP 114/62 HR 93,AB+,BP 171/65 HR 96,Omeprazole 20mg,Colonoscopy,MATCHES '^[A-Z]+',BP 101/108 HR 98,Hearing,Shanghai,Visual,ECG,Hearing,Lisinopril 10mg,Malaria,77.7,Lisinopril,Hypertension,None,POSIX,CLM-716830,Linux,Anna is a Sales Rep with 15 years of experience.,Depression,MRN-201679,Tuberculosis,325 days,Cognitive,Depression,%B8310348252322054^ANDERSON/MARY^2510,INS-562056,UTF-8,CLM-934254,curated.events -> analytics,Tuberculosis,2024-12-19,Aspirin,MRI Brain,Ibuprofen,Negligible,MRN-570605,Anxiety,INS-440082,Influenza,Visual
Hemoglobin: 107.4 mg/dL,Colonoscopy,A-,5.12.36,45.1,23:15:16,Retail,Pollen,Arthritis,Atlanta,Ibuprofen 200mg,Hello {{name}},O-,Hearing,B-,Shellfish,Shellfish,The service includes operational metrics.,Ibuprofen,None,Asthma,O+,Peanuts,BP 91/69 HR 88,Penicillin,48129,MRN-858358,Diabetes Mellitus,CLM-362924,Hypertension,USR-698228,Diabetes Mellitus,Ibuprofen 200mg,MRN-696271,Malaria,CLM-909473,K,Glucose: 260.5 g/dL,Hearing,COVID-19,Lisinopril 10mg,6011-2955-1642-5077,XXX-XX-1003,Arthritis,false,WBC: 122.2 mg/dL,tenant-042,Lisinopril,Glucose: 141.1 K/uL,BP 144/100 HR 70,B+,Diabetes Mellitus,Finance,The system monitors compliance records.,X-Ray Chest,Anxiety,Anxiety,Depression,COVID-19,High School,MRN-958103,inactive,CLM-813143,Pending,Needs improvement,(521) 411-6698,MRI Brain,B-,CLM-947515,Metformin,id,BP 109/69 HR 59,B+,BP 151/82 HR 119,Lisinopril 10mg,Blood Draw,UNIQUE,BP 157/73 HR 107,Cognitive,Busan,Hearing,Colonoscopy,Visual,Metformin 500mg,Malaria,79.4,Aspirin,Type 2 Diabetes,Penicillin,POSIX,CLM-649688,Linux,Patricia is a Sales Rep with 9 years of experience.,Anxiety,MRN-629990,COVID-19,115 days,Cognitive,Hypertension,%B5343881612890904^BROWN/HARPER^2707,INS-504442,UTF-16,CLM-447143,staging.orders -> exports,Tuberculosis,2024-06-12,Ibuprofen,X-Ray Chest,Amoxicillin,Medium,MRN-728386,Migraine,INS-254808,COVID-19,Mobility
Hemoglobin: 211.6 K/uL,Colonoscopy,B-,1.18.71,10.9,18:37:01,Healthcare,Peanuts,Depression,Phoenix,Albuterol 90mcg,{{date}} - {{event}},A-,Hearing,AB-,Penicillin,Pollen,The customer account tracks compliance records.,Lisinopril,Penicillin,Anxiety,A-,Peanuts,BP 177/105 HR 89,Shellfish,30048,MRN-831810,Tuberculosis,CLM-219386,Asthma,8772348,Diabetes Mellitus,Metformin 500mg,MRN-344447,Influenza,CLM-193123,M,WBC: 54.5 K/uL,Hearing,COVID-19,Ibuprofen 200mg,XXXX-XXXX-XXXX-8614,122-99-2385,Hypertension,false,Cholesterol: 194.7 mg/dL,tenant-040,Aspirin,Hemoglobin: 251.6 g/dL,BP 159/78 HR 117,AB+,Diabetes Mellitus,Finance,The system manages operational metrics.,ECG,Migraine,Depression,Type 2 Diabetes,COVID-19,Bachelor's,MRN-697121,rejected,CLM-362507,In Review,Exceeds expectations,864 898 5228,Colonoscopy,A-,CLM-411358,Metformin,status,BP 145/81 HR 56,AB+,BP 125/74 HR 86,Omeprazole 20mg,X-Ray Chest,BETWEEN 1 AND 100,BP 170/94 HR 86,Visual,Shanghai,None,ECG,Cognitive,Ibuprofen 200mg,Diabetes Mellitus,62.6,Lisinopril,Migraine,Peanuts,IEEE 754,CLM-877181,Windows,Emma is a Data Analyst with 19 years of experience.,Arthritis,MRN-136235,Influenza,125 days,Cognitive,Arthritis,%B0493829821738140^WRIGHT/SOPHIA^2410,INS-128202,UTF-8,CLM-195351,curated.users -> exports,Influenza,2023-04-17,Aspirin,MRI Brain,Amoxicillin,Critical,MRN-749200,Migraine,INS-464964,COVID-19,Mobility
Cholesterol: 200.6 g/dL,Colonoscopy,AB-,5.10.75,64.2,09:23:07,Retail,Pollen,Migraine,Boston,Lisinopril 10mg,Hello {{name}},B+,Cognitive,A-,Pollen,Penicillin,This record includes transaction histories.,Lisinopril,None,Depression,A-,Latex,BP 140/86 HR 108,Shellfish,65395,MRN-350704,Influenza,CLM-861719,Depression,5642304,Diabetes Mellitus,Ibuprofen 200mg,MRN-224905,Influenza,CLM-439589,A,Hemoglobin: 214.2 K/uL,Hearing,Tuberculosis,Albuterol 90mcg,3702-7351-2289-0244,XXX-XX-3441,Type 2 Diabetes,false,WBC: 196.6 mg/dL,tenant-043,Amoxicillin,Cholesterol: 257.4 g/dL,BP 123/67 HR 90,O+,Malaria,Legal,The customer account represents data processing activities.,Physical Exam,Depression,Type 2 Diabetes,Migraine,Malaria,Associate's,MRN-359250,approved,CLM-171106,Approved,Needs improvement,(763) 975-3590,ECG,A-,CLM-604158,Amoxicillin,created_at,BP 133/86 HR 73,A-,BP 135/97 HR 86,Albuterol 90mcg,Colonoscopy,BETWEEN 1 AND 100,BP 115/95 HR 68,Visual,Port of LA,Visual,MRI Brain,Hearing,Metformin 500mg,Influenza,96.4,Ibuprofen,Migraine,Peanuts,RFC 3339,CLM-895261,Android,Anna is a Designer with 13 years of experience.,Arthritis,MRN-560339,COVID-19,232 days,Visual,Hypertension,%B7060578044438464^WALKER/SUSAN^2403,INS-567280,UTF-16,CLM-125244,staging.events -> reports,Tuberculosis,2021-02-18,Ibuprofen,MRI Brain,Amoxicillin,High,MRN-719778,Hypertension,INS-113223,Malaria,Visual
Hemoglobin: 176.4 K/uL,Blood Draw,A+,2.16.20,125.1,23:10:46,Finance,Shellfish,Migraine,Paris,Metformin 500mg,Dear {{customer}},AB-,Mobility,AB-,Latex,Shellfish,The product includes compliance records.,Amoxicillin,None,Depression,O-,Peanuts,BP 129/100 HR 60,Penicillin,52349,MRN-543122,Diabetes Mellitus,CLM-691264,Asthma,8292321,COVID-19,Albuterol 90mcg,MRN-757680,COVID-19,CLM-923349,O,Hemoglobin: 113.2 K/uL,Mobility,Malaria,Albuterol 90mcg,4371-3721-5570-4305,XXX-XX-7221,Type 2 Diabetes,false,Hemoglobin: 92.8 K/uL,tenant-037,Lisinopril,Hemoglobin: 139.5 mg/dL,BP 179/73 HR 68,B-,COVID-19,Engineering,The customer account represents data processing activities.,Physical Exam,Hypertension,Arthritis,Hypertension,Influenza,Associate's,MRN-208618,active,CLM-556523,Pending,Outstanding,(935) 479-5042,X-Ray Chest,B-,CLM-697550,Metformin,amount,BP 92/77 HR 94,B+,BP 113/105 HR 97,Metformin 500mg,X-Ray Chest,CHECK (val > 0),BP 161/62 HR 80,None,Port of LA,Hearing,X-Ray Chest,Mobility,Albuterol 90mcg,COVID-19,44.3,Lisinopril,Migraine,Shellfish,POSIX,CLM-969645,macOS,Amy is a Product Manager with 2 years of experience.,Migraine,MRN-593683,Influenza,359 days,Visual,Depression,%B7798625010937797^GARCIA/AIDEN^2609,INS-566815,Latin-1,CLM-636055,staging.orders -> reports,Malaria,2018-08-13,Aspirin,ECG,Aspirin,High,MRN-223600,Migraine,INS-711099,Tuberculosis,None
WBC: 182.9 g/dL,X-Ray Chest,AB-,1.6.32,59.9,23:16:18,Energy,Shellfish,Migraine,Berlin,Omeprazole 20mg,Dear {{customer}},A+,Hearing,AB-,None,None,The system represents data processing activities.,Ibuprofen,None,Anxiety,O+,Latex,BP 135/100 HR 115,Shellfish,5572,MRN-218684,Tuberculosis,CLM-407880,Depression,USR-915434,Malaria,Lisinopril 10mg,MRN-184821,Tuberculosis,CLM-903338,O,Cholesterol: 76.5 g/dL,Mobility,Diabetes Mellitus,Ibuprofen 200mg,XXXX-XXXX-XXXX-4380,410-98-6560,Type 2 Diabetes,false,Hemoglobin: 189.5 K/uL,tenant-004,Aspirin,WBC: 246.0 K/uL,BP 140/107 HR 67,AB+,Tuberculosis,Sales,The product monitors customer interactions.,ECG,Depression,Hypertension,Arthritis,COVID-19,PhD,MRN-762831,pending,CLM-159109,Pending,Needs improvement,(294) 386-6102,Colonoscopy,AB-,CLM-249382,Aspirin,name,BP 151/65 HR 89,B+,BP 118/70 HR 118,Omeprazole 20mg,MRI Brain,MATCHES '^[A-Z]+',BP 131/104 HR 77,Visual,Port of LA,None,ECG,Hearing,Albuterol 90mcg,Diabetes Mellitus,20.0,Aspirin,Type 2 Diabetes,Shellfish,RFC 3339,CLM-614118,iOS,Michael is a CTO with 9 years of experience.,Arthritis,MRN-965180,Malaria,225 days,Cognitive,Arthritis,%B8399145163775028^THOMPSON/OLIVIA^2912,INS-846036,UTF-8,CLM-861836,staging.events -> exports,Diabetes Mellitus,2023-10-10,Amoxicillin,Colonoscopy,Aspirin,Medium,MRN-318045,Type 2 Diabetes,INS-377367,Influenza,Visual
Glucose: 99.3 K/uL,ECG,B-,2.11.64,127.1,07:56:45,Retail,Penicillin,Arthritis,Houston,Ibuprofen 200mg,Order #{{id}},AB-,None,A-,Peanuts,None,The product includes operational metrics.,Lisinopril,Penicillin,Type 2 Diabetes,AB+,Latex,BP 94/101 HR 85,Pollen,2670,MRN-127375,Diabetes Mellitus,CLM-505417,Asthma,ID-357191,Diabetes Mellitus,Omeprazole 20mg,MRN-986461,Malaria,CLM-259744,V,Cholesterol: 274.0 g/dL,None,Malaria,Omeprazole 20mg,5422-8730-6639-6002,XXX-XX-4902,Type 2 Diabetes,false,Glucose: 269.4 g/dL,tenant-008,Amoxicillin,Cholesterol: 133.1 mg/dL,BP 95/79 HR 114,B-,Diabetes Mellitus,Engineering,The product manages data processing activities.,Physical Exam,Type 2 Diabetes,Hypertension,Asthma,Tuberculosis,Bachelor's,MRN-319347,rejected,CLM-456744,In Review,Outstanding,213-478-5275,X-Ray Chest,B-,CLM-656874,Ibuprofen,type,BP 134/72 HR 73,B-,BP 122/89 HR 115,Lisinopril 10mg,ECG,NOT NULL,BP 145/102 HR 94,Visual,Shanghai,None,ECG,Mobility,Omeprazole 20mg,Malaria,72.3,Amoxicillin,Arthritis,None,IEEE 754,CLM-571965,macOS,Jessica is a Product Manager with 1 years of experience.,Type 2 Diabetes,MRN-208743,Diabetes Mellitus,211 days,Visual,Anxiety,%B7043154674610088^GARCIA/LIAM^2507,INS-536359,ISO-8859-1,CLM-535706,curated.orders -> reports,Influenza,2024-09-02,Amoxicillin,MRI Brain,Aspirin,Medium,MRN-687918,Hypertension,INS-690881,Tuberculosis,Visual
WBC: 296.1 mg/dL,ECG,A+,2.17.68,114.4,10:59:35,Finance,Pollen,Asthma,Tokyo,Omeprazole 20mg,Dear {{customer}},A+,Mobility,A-,Peanuts,Shellfish,The customer account monitors customer interactions.,Metformin,Shellfish,Hypertension,AB+,Penicillin,BP 132/75 HR 96,None,76051,MRN-483765,COVID-19,CLM-868650,Asthma,5936925,Diabetes Mellitus,Lisinopril 10mg,MRN-720966,Tuberculosis,CLM-748871,F,WBC: 296.6 mg/dL,None,COVID-19,Omeprazole 20mg,5990-2867-0172-2643,798-53-6102,Anxiety,false,WBC: 247.6 g/dL,tenant-037,Lisinopril,Hemoglobin: 142.4 mg/dL,BP 175/103 HR 103,AB-,COVID-19,Marketing,The system represents operational metrics.,ECG,Type 2 Diabetes,Depression,Migraine,Tuberculosis,Associate's,MRN-234963,active,CLM-367363,Rejected,Outstanding,712.847.4651,Colonoscopy,AB+,CLM-395146,Aspirin,created_at,BP 138/69 HR 70,A-,BP 111/103 HR 80,Metformin 500mg,ECG,NOT NULL,BP 132/75 HR 100,Hearing,Singapore,Visual,Blood Draw,Visual,Omeprazole 20mg,COVID-19,65.7,Aspirin,Arthritis,Penicillin,IEEE 754,CLM-760200,macOS,Anna is a Designer with 1 years of experience.,Anxiety,MRN-521618,Diabetes Mellitus,205 days,Hearing,Migraine,%B0666741249828397^JOHNSON/OLIVIA^2812,INS-867185,ASCII,CLM-403668,staging.events -> exports,Tuberculosis,2019-04-20,Lisinopril,Blood Draw,Metformin,Low,MRN-798954,Arthritis,INS-836587,Diabetes Mellitus,Mobility
WBC: 87.6 g/dL,X-Ray Chest,O+,5.10.31,14.0,22:34:36,Energy,None,Type 2 Diabetes,Tokyo,Metformin 500mg,{{date}} - {{event}},O-,Hearing,AB-,Pollen,None,The customer account manages customer interactions.,Metformin,Latex,Arthritis,AB-,Shellfish,BP 170/62 HR 57,Peanuts,39375,MRN-729771,Influenza,CLM-965056,Arthritis,9224700,COVID-19,Ibuprofen 200mg,MRN-647232,Diabetes Mellitus,CLM-260655,W,Cholesterol: 287.2 K/uL,None,Tuberculosis,Albuterol 90mcg,6011-6608-4172-2217,XXX-XX-6257,Asthma,false,Cholesterol: 74.4 K/uL,tenant-007,Lisinopril,Hemoglobin: 181.6 K/uL,BP 139/79 HR 60,O-,Tuberculosis,Sales,The system represents compliance records.,MRI Brain,Depression,Hypertension,Migraine,Influenza,Master's,MRN-981035,failed,CLM-266403,Approved,Meets expectations,538-201-9132,X-Ray Chest,B+,CLM-137590,Ibuprofen,created_at,BP 136/66 HR 77,AB+,BP 141/80 HR 102,Ibuprofen 200mg,MRI Brain,CHECK (val > 0),BP 115/100 HR 89,Hearing,Shanghai,Cognitive,X-Ray Chest,Mobility,Ibuprofen 200mg,Influenza,87.5,Metformin,Asthma,Pollen,IEEE 754,CLM-431189,Windows,William is a Data Analyst with 12 years of experience.,Arthritis,MRN-865736,Influenza,134 days,Cognitive,Arthritis,%B6554376759366587^CLARK/MARY^2407,INS-789553,Latin-1,CLM-604681,curated.events -> reports,Malaria,2025-03-08,Lisinopril,Blood Draw,Aspirin,Medium,MRN-981756,Hypertension,INS-320030,Tuberculosis,Hearing
Cholesterol: 222.0 K/uL,Colonoscopy,AB+,0.5.75,101.5,16:35:43,Retail,Latex,Migraine,Phoenix,Omeprazole 20mg,Hello {{name}},B-,Visual,O+,None,Shellfish,This record tracks data processing activities.,Lisinopril,Latex,Asthma,B+,Peanuts,BP 90/63 HR 58,Latex,55238,MRN-274163,Diabetes Mellitus,CLM-510672,Hypertension,USR-628754,Malaria,Metformin 500mg,MRN-448764,Influenza,CLM-600057,F,Cholesterol: 141.6 g/dL,Visual,COVID-19,Omeprazole 20mg,4924-4552-2366-2153,XXX-XX-4938,Migraine,false,Hemoglobin: 90.8 mg/dL,tenant-043,Ibuprofen,WBC: 74.9 g/dL,BP 163/65 HR 81,AB-,Influenza,Marketing,The product tracks compliance records.,Physical Exam,Arthritis,Anxiety,Type 2 Diabetes,Influenza,High School,MRN-592912,rejected,CLM-256293,In Review,Meets expectations,261.493.2100,ECG,A+,CLM-341851,Aspirin,created_at,BP 168/62 HR 59,AB-,BP 166/95 HR 60,Ibuprofen 200mg,X-Ray Chest,BETWEEN 1 AND 100,BP 137/62 HR 104,Hearing,Rotterdam,None,X-Ray Chest,Cognitive,Omeprazole 20mg,Tuberculosis,85.7,Aspirin,Arthritis,Pollen,RFC 3339,CLM-503165,Chrome OS,Lucas is a VP Engineering with 7 years of experience.,Asthma,MRN-203874,Tuberculosis,114 days,None,Depression,%B3834277986702102^LEE/SARAH^3009,INS-375083,ASCII,CLM-545072,staging.events -> reports,Influenza,2019-09-09,Lisinopril,ECG,Amoxicillin,Critical,MRN-635976,Anxiety,INS-962278,Diabetes Mellitus,Cognitive
Hemoglobin: 58.7 g/dL,X-Ray Chest,A-,2.14.22,85.7,11:59:04,Finance,Latex,Migraine,Phoenix,Ibuprofen 200mg,Order #{{id}},A-,Cognitive,O-,Shellfish,Shellfish,This record manages data processing activities.,Ibuprofen,Peanuts,Asthma,AB-,Shellfish,BP 118/64 HR 64,Pollen,15157,MRN-816716,Influenza,CLM-429797,Asthma,7308229,Diabetes Mellitus,Omeprazole 20mg,MRN-635847,Influenza,CLM-487019,R,Glucose: 174.9 mg/dL,None,Influenza,Metformin 500mg,XXXX-XXXX-XXXX-6933,123-22-1033,Asthma,true,Glucose: 287.8 g/dL,tenant-028,Metformin,Cholesterol: 146.0 K/uL,BP 118/82 HR 80,A+,Diabetes Mellitus,Legal,The customer account monitors transaction histories.,Blood Draw,Arthritis,Anxiety,Migraine,Tuberculosis,Bachelor's,MRN-167227,cancelled,CLM-365417,Pending,Meets expectations,978.309.5141,Physical Exam,AB-,CLM-101335,Metformin,amount,BP 154/91 HR 62,O-,BP 179/104 HR 55,Albuterol 90mcg,Blood Draw,BETWEEN 1 AND 100,BP 169/87 HR 83,Visual,Busan,Mobility,MRI Brain,Visual,Ibuprofen 200mg,Tuberculosis,17.5,Ibuprofen,Asthma,Pollen,W3C Date,CLM-999760,Windows,Amy is a Designer with 5 years of experience.,Type 2 Diabetes,MRN-843288,Tuberculosis,47 days,Hearing,Anxiety,%B2098181425053392^WHITE/OLIVIA^3011,INS-232862,ASCII,CLM-821502,curated.events -> analytics,Diabetes Mellitus,2023-06-19,Ibuprofen,MRI Brain,Metformin,Negligible,MRN-755900,Migraine,INS-866922,Tuberculosis,None
WBC: 60.2 mg/dL,X-Ray Chest,A-,3.10.85,30.1,17:18:10,Retail,Penicillin,Anxiety,Phoenix,Omeprazole 20mg,{{date}} - {{event}},A+,Hearing,AB+,Pollen,Penicillin,This record represents operational metrics.,Lisinopril,Penicillin,Asthma,O-,Peanuts,BP 145/75 HR 106,Pollen,50639,MRN-965288,Influenza,CLM-346723,Arthritis,3394768,Influenza,Metformin 500mg,MRN-688003,Malaria,CLM-708944,E,Cholesterol: 138.8 K/uL,Cognitive,Diabetes Mellitus,Metformin 500mg,XXXX-XXXX-XXXX-4569,828-63-5100,Hypertension,false,Hemoglobin: 243.2 g/dL,tenant-032,Aspirin,Hemoglobin: 64.1 K/uL,BP 154/106 HR 85,A+,Diabetes Mellitus,Marketing,The product represents data processing activities.,Physical Exam,Anxiety,Hypertension,Hypertension,Influenza,Master's,MRN-609477,rejected,CLM-735287,Approved,Meets expectations,(430) 575-2434,ECG,B-,CLM-252368,Metformin,created_at,BP 152/90 HR 91,O-,BP 167/100 HR 81,Omeprazole 20mg,Blood Draw,UNIQUE,BP 126/82 HR 68,None,Singapore,None,X-Ray Chest,None,Lisinopril 10mg,Diabetes Mellitus,79.7,Lisinopril,Asthma,Pollen,POSIX,CLM-986569,Windows,Ethan is a CTO with 23 years of experience.,Asthma,MRN-521390,Diabetes Mellitus,153 days,Visual,Depression,%B8124430397723969^JOHNSON/LIAM^2910,INS-957411,ASCII,CLM-346390,staging.orders -> exports,COVID-19,2024-04-30,Amoxicillin,ECG,Aspirin,Critical,MRN-420970,Migraine,INS-234829,Malaria,Cognitive
Glucose: 82.3 K/uL,X-Ray Chest,B+,2.2.25,77.9,20:33:10,Finance,Pollen,Arthritis,Denver,Metformin 500mg,Hello {{name}},B+,Mobility,A+,Pollen,Penicillin,The system includes transaction histories.,Aspirin,Peanuts,Anxiety,B-,Pollen,BP 122/71 HR 76,Shellfish,70212,MRN-396110,COVID-19,CLM-921240,Anxiety,7241365,Malaria,Omeprazole 20mg,MRN-145918,Influenza,CLM-636408,J,Cholesterol: 162.1 g/dL,Mobility,Malaria,Omeprazole 20mg,4192-6503-2650-1027,859-73-7227,Anxiety,true,Hemoglobin: 188.9 mg/dL,tenant-022,Aspirin,Glucose: 226.3 K/uL,BP 103/90 HR 67,A-,Tuberculosis,HR,The product tracks compliance records.,X-Ray Chest,Type 2 Diabetes,Anxiety,Type 2 Diabetes,Diabetes Mellitus,Associate's,MRN-435521,cancelled,CLM-348087,Rejected,Outstanding,659 512 1539,Colonoscopy,AB-,CLM-999563,Lisinopril,id,BP 101/98 HR 77,A+,BP 122/104 HR 80,Lisinopril 10mg,ECG,BETWEEN 1 AND 100,BP 111/87 HR 59,None,Shanghai,Mobility,X-Ray Chest,Cognitive,Omeprazole 20mg,Influenza,97.3,Metformin,Depression,Shellfish,POSIX,CLM-262979,macOS,Linda is a Software Engineer with 10 years of experience.,Type 2 Diabetes,MRN-350948,Diabetes Mellitus,145 days,Cognitive,Anxiety,%B7514441546663810^ANDERSON/SOPHIA^2504,INS-582930,ISO-8859-1,CLM-373315,staging.users -> reports,Tuberculosis,2025-11-09,Lisinopril,Physical Exam,Amoxicillin,Low,MRN-824971,Hypertension,INS-590233,Influenza,Mobility
WBC: 95.5 mg/dL,Blood Draw,B-,2.19.10,44.4,20:05:19,Energy,None,Hypertension,Los Angeles,Omeprazole 20mg,Order #{{id}},A+,Visual,O-,Shellfish,None,The system tracks compliance records.,Metformin,Latex,Arthritis,AB+,Penicillin,BP 169/72 HR 114,None,84215,MRN-566813,Tuberculosis,CLM-716051,Asthma,TXN-110981,COVID-19,Albuterol 90mcg,MRN-896685,COVID-19,CLM-231994,U,Cholesterol: 85.3 mg/dL,Mobility,Tuberculosis,Metformin 500mg,4526-9305-4584-6875,XXX-XX-8519,Type 2 Diabetes,true,Glucose: 144.3 g/dL,tenant-012,Metformin,WBC: 175.9 mg/dL,BP 100/93 HR 76,O+,COVID-19,Sales,The customer account manages customer interactions.,Colonoscopy,Arthritis,Anxiety,Arthritis,Malaria,PhD,MRN-235639,active,CLM-534056,Pending,Meets expectations,952 793 5781,MRI Brain,AB-,CLM-676816,Lisinopril,type,BP 151/86 HR 111,B+,BP 154/102 HR 115,Lisinopril 10mg,ECG,CHECK (val > 0),BP 112/63 HR 57,Mobility,Busan,Cognitive,Physical Exam,Hearing,Metformin 500mg,Tuberculosis,10.9,Metformin,Asthma,None,IEEE 754,CLM-320958,Linux,Robert is a Product Manager with 28 years of experience.,Migraine,MRN-573534,Diabetes Mellitus,104 days,Hearing,Asthma,%B3853758927774026^WILLIAMS/ANNA^2810,INS-626186,ISO-8859-1,CLM-337074,raw.users -> exports,Malaria,2022-11-03,Aspirin,MRI Brain,Amoxicillin,Critical,MRN-735878,Type 2 Diabetes,INS-570869,COVID-19,Mobility
Glucose: 239.0 g/dL,Blood Draw,O+,5.7.4,20.2,11:27:45,Finance,Peanuts,Depression,Paris,Omeprazole 20mg,Dear {{customer}},AB-,None,B-,None,Penicillin,This record represents operational metrics.,Metformin,None,Depression,AB+,Peanuts,BP 108/62 HR 116,Penicillin,68397,MRN-446151,Influenza,CLM-381905,Anxiety,4574073,Diabetes Mellitus,Lisinopril 10mg,MRN-154722,Tuberculosis,CLM-916310,I,Glucose: 92.4 K/uL,Hearing,Diabetes Mellitus,Omeprazole 20mg,3752-7097-9242-2489,530-14-9068,Arthritis,true,Hemoglobin: 125.1 g/dL,tenant-023,Amoxicillin,Cholesterol: 240.7 g/dL,BP 179/87 HR 109,AB-,Tuberculosis,HR,The system tracks compliance records.,MRI Brain,Depression,Anxiety,Arthritis,COVID-19,Associate's,MRN-926573,cancelled,CLM-799705,In Review,Exceeds expectations,+12148879161,MRI Brain,A-,CLM-219467,Ibuprofen,email,BP 146/88 HR 101,AB-,BP 139/84 HR 68,Ibuprofen 200mg,Blood Draw,UNIQUE,BP 172/94 HR 66,Visual,Busan,Cognitive,Blood Draw,Cognitive,Albuterol 90mcg,COVID-19,87.0,Lisinopril,Anxiety,Shellfish,W3C Date,CLM-494395,iOS,Linda is a Sales Rep with 7 years of experience.,Type 2 Diabetes,MRN-570531,Malaria,12 days,Cognitive,Arthritis,%B6472007459201115^JACKSON/SOPHIA^3001,INS-632033,UTF-8,CLM-551059,curated.events -> reports,Tuberculosis,2026-04-17,Aspirin,Colonoscopy,Amoxicillin,Low,MRN-326740,Hypertension,INS-219771,Influenza,Cognitive
WBC: 248.8 g/dL,X-Ray Chest,B-,5.19.13,124.6,00:53:38,Healthcare,None,Hypertension,London,Metformin 500mg,Order #{{id}},O-,None,AB+,None,Penicillin,The product tracks data processing activities.,Lisinopril,Peanuts,Type 2 Diabetes,O-,Pollen,BP 180/63 HR 93,Pollen,52439,MRN-186197,COVID-19,CLM-215252,Migraine,6358559,Influenza,Omeprazole 20mg,MRN-322026,Tuberculosis,CLM-353757,J,Hemoglobin: 224.8 g/dL,Visual,Tuberculosis,Ibuprofen 200mg,5594-3667-4467-8955,293-10-9611,Type 2 Diabetes,true,WBC: 180.0 mg/dL,tenant-045,Ibuprofen,Cholesterol: 242.8 g/dL,BP 148/73 HR 107,A+,Malaria,Marketing,The product tracks transaction histories.,Colonoscopy,Asthma,Anxiety,Hypertension,COVID-19,Master's,MRN-424213,inactive,CLM-600140,Pending,Meets expectations,(244) 375-8717,Physical Exam,O-,CLM-942397,Lisinopril,id,BP 99/61 HR 120,O-,BP 100/91 HR 104,Lisinopril 10mg,ECG,NOT NULL,BP 91/94 HR 115,Visual,Port of LA,Mobility,ECG,Mobility,Ibuprofen 200mg,COVID-19,60.0,Ibuprofen,Asthma,Peanuts,W3C Date,CLM-104690,Chrome OS,Emma is a VP Engineering with 15 years of experience.,Type 2 Diabetes,MRN-980867,COVID-19,204 days,Cognitive,Depression,%B9934079156666893^JACKSON/ELIZABETH^2412,INS-487682,ISO-8859-1,CLM-791027,raw.users -> analytics,COVID-19,2025-10-24,Ibuprofen,MRI Brain,Lisinopril,Low,MRN-515644,Hypertension,INS-181977,Influenza,Visual
Cholesterol: 103.7 mg/dL,Physical Exam,AB-,5.3.7,114.5,00:41:28,Technology,Latex,Type 2 Diabetes,Portland,Lisinopril 10mg,{{date}} - {{event}},AB-,Hearing,A+,Latex,Penicillin,The product includes customer interactions.,Lisinopril,Latex,Arthritis,A+,None,BP 92/64 HR 107,Penicillin,53963,MRN-573245,Malaria,CLM-544212,Type 2 Diabetes,USR-229296,COVID-19,Albuterol 90mcg,MRN-960200,Malaria,CLM-452135,B,Cholesterol: 222.7 g/dL,Mobility,Diabetes Mellitus,Albuterol 90mcg,3796-1199-3529-4813,XXX-XX-4375,Asthma,false,Glucose: 216.8 K/uL,tenant-015,Metformin,Hemoglobin: 275.1 K/uL,BP 112/108 HR 109,A-,Diabetes Mellitus,Support,The service manages operational metrics.,Physical Exam,Arthritis,Hypertension,Arthritis,Influenza,PhD,MRN-439277,cancelled,CLM-346545,Pending,Exceeds expectations,+15106398499,Colonoscopy,AB+,CLM-254649,Amoxicillin,email,BP 173/79 HR 63,O-,BP 107/68 HR 66,Lisinopril 10mg,X-Ray Chest,BETWEEN 1 AND 100,BP 140/107 HR 120,Mobility,Singapore,Hearing,Blood Draw,Mobility,Lisinopril 10mg,Tuberculosis,22.0,Ibuprofen,Hypertension,Latex,ISO 8601,CLM-876037,Windows,Lucas is a CTO with 24 years of experience.,Migraine,MRN-955939,Tuberculosis,20 days,Hearing,Type 2 Diabetes,%B4839210579239167^SMITH/ROBERT^2703,INS-503776,UTF-8,CLM-724785,raw.events -> analytics,Tuberculosis,2023-06-16,Aspirin,MRI Brain,Metformin,Low,MRN-474818,Hypertension,INS-226887,COVID-19,Mobility
Cholesterol: 163.4 g/dL,Colonoscopy,A+,0.11.86,57.0,11:23:25,Healthcare,None,Anxiety,Portland,Lisinopril 10mg,Dear {{customer}},AB-,None,A-,Peanuts,Penicillin,The product represents operational metrics.,Lisinopril,Latex,Anxiety,O-,None,BP 150/64 HR 116,Peanuts,9717,MRN-183386,Influenza,CLM-493515,Arthritis,5904491,Tuberculosis,Ibuprofen 200mg,MRN-952368,Diabetes Mellitus,CLM-980389,X,WBC: 199.1 K/uL,Cognitive,Tuberculosis,Ibuprofen 200mg,XXXX-XXXX-XXXX-5137,469-94-3310,Anxiety,false,Cholesterol: 208.3 K/uL,tenant-049,Metformin,Cholesterol: 263.9 mg/dL,BP 95/72 HR 69,B+,Diabetes Mellitus,Legal,The customer account manages transaction histories.,ECG,Type 2 Diabetes,Anxiety,Depression,Influenza,Master's,MRN-935781,pending,CLM-649604,In Review,Exceeds expectations,977-873-1349,Blood Draw,O-,CLM-864224,Aspirin,email,BP 105/90 HR 58,O+,BP 112/76 HR 93,Omeprazole 20mg,Physical Exam,BETWEEN 1 AND 100,BP 178/109 HR 57,Visual,Busan,Cognitive,ECG,Mobility,Lisinopril 10mg,COVID-19,81.4,Ibuprofen,Arthritis,Penicillin,ISO 8601,CLM-910319,iOS,Aiden is a Data Analyst with 24 years of experience.,Depression,MRN-742883,Tuberculosis,297 days,Mobility,Hypertension,%B0712197418914523^LEWIS/ROBERT^2904,INS-456623,ASCII,CLM-397894,curated.events -> exports,Malaria,2020-10-08,Amoxicillin,X-Ray Chest,Aspirin,Negligible,MRN-406354,Migraine,INS-276566,Influenza,Cognitive
Cholesterol: 220.1 mg/dL,Physical Exam,AB+,3.5.21,83.2,15:07:01,Retail,None,Asthma,London,Omeprazole 20mg,Order #{{id}},A-,None,O-,Penicillin,Pollen,The service includes transaction histories.,Lisinopril,Latex,Migraine,A+,Penicillin,BP 170/76 HR 65,Pollen,67627,MRN-587503,COVID-19,CLM-243252,Hypertension,731817,Tuberculosis,Albuterol 90mcg,MRN-475918,Influenza,CLM-613513,Q,Cholesterol: 275.9 mg/dL,Mobility,COVID-19,Ibuprofen 200mg,XXXX-XXXX-XXXX-5992,XXX-XX-1817,Arthritis,false,WBC: 190.2 g/dL,tenant-046,Aspirin,Cholesterol: 92.5 mg/dL,BP 138/75 HR 82,AB-,Diabetes Mellitus,Finance,The system represents customer interactions.,Blood Draw,Anxiety,Arthritis,Arthritis,Malaria,Associate's,MRN-647184,inactive,CLM-628799,Approved,Needs improvement,+17977202875,X-Ray Chest,A+,CLM-687808,Metformin,status,BP 167/81 HR 104,O-,BP 172/63 HR 59,Ibuprofen 200mg,Colonoscopy,BETWEEN 1 AND 100,BP 132/102 HR 85,Visual,Port of LA,Visual,X-Ray Chest,Hearing,Ibuprofen 200mg,Diabetes Mellitus,94.5,Amoxicillin,Migraine,Shellfish,W3C Date,CLM-348738,Chrome OS,Michael is a VP Engineering with 27 years of experience.,Hypertension,MRN-602890,Diabetes Mellitus,67 days,Cognitive,Hypertension,%B3856983347421557^ANDERSON/AIDEN^2903,INS-852045,ASCII,CLM-163870,curated.users -> analytics,Malaria,2023-11-22,Aspirin,Blood Draw,Ibuprofen,Critical,MRN-391178,Arthritis,INS-748129,Influenza,Visual
Glucose: 60.3 K/uL,Colonoscopy,A-,4.3.40,127.5,15:49:38,Retail,Penicillin,Depression,Chicago,Lisinopril 10mg,Dear {{customer}},AB+,Cognitive,B+,Penicillin,None,The product monitors customer interactions.,Ibuprofen,Penicillin,Type 2 Diabetes,O+,None,BP 94/105 HR 120,Pollen,69967,MRN-425817,Diabetes Mellitus,CLM-919758,Asthma,1451512,Tuberculosis,Ibuprofen 200mg,MRN-560037,COVID-19,CLM-157513,C,Cholesterol: 261.2 mg/dL,None,Tuberculosis,Metformin 500mg,6011-2096-0895-9167,108-42-6415,Depression,false,Cholesterol: 145.8 K/uL,tenant-027,Amoxicillin,Hemoglobin: 295.1 mg/dL,BP 154/95 HR 70,B-,Influenza,HR,This record tracks data processing activities.,Blood Draw,Hypertension,Hypertension,Anxiety,Tuberculosis,Associate's,MRN-770976,inactive,CLM-292075,Approved,Meets expectations,427 234 5912,ECG,B-,CLM-524906,Aspirin,email,BP 161/87 HR 114,B-,BP 176/60 HR 111,Ibuprofen 200mg,X-Ray Chest,CHECK (val > 0),BP 116/80 HR 88,Hearing,Hamburg,Cognitive,MRI Brain,Cognitive,Ibuprofen 200mg,Malaria,34.1,Aspirin,Migraine,None,IEEE 754,CLM-351579,Windows,Linda is a Software Engineer with 6 years of experience.,Anxiety,MRN-897715,COVID-19,210 days,Hearing,Arthritis,%B0342984341455534^JACKSON/AMY^2906,INS-663454,Latin-1,CLM-934222,curated.orders -> exports,Malaria,2022-09-29,Ibuprofen,X-Ray Chest,Metformin,Critical,MRN-131257,Type 2 Diabetes,INS-213814,Influenza,Mobility
Hemoglobin: 135.6 mg/dL,MRI Brain,AB+,2.16.89,112.4,00:06:26,Manufacturing,Penicillin,Asthma,Phoenix,Ibuprofen 200mg,Dear {{customer}},A-,Visual,O-,Penicillin,Penicillin,The customer account manages transaction histories.,Amoxicillin,Peanuts,Hypertension,A+,Shellfish,BP 152/109 HR 104,Latex,29214,MRN-604870,Malaria,CLM-330662,Depression,9374339,Diabetes Mellitus,Lisinopril 10mg,MRN-298268,Influenza,CLM-767776,Y,Cholesterol: 129.8 K/uL,Cognitive,COVID-19,Albuterol 90mcg,5513-6377-0697-0454,812-87-9717,Depression,true,Cholesterol: 113.7 K/uL,tenant-013,Ibuprofen,Hemoglobin: 118.0 K/uL,BP 129/105 HR 59,O-,Malaria,Legal,The product tracks data processing activities.,ECG,Hypertension,Asthma,Migraine,Influenza,Associate's,MRN-965004,rejected,CLM-150397,In Review,Exceeds expectations,(857) 293-8306,MRI Brain,O-,CLM-987070,Aspirin,type,BP 160/75 HR 67,AB-,BP 132/91 HR 96,Metformin 500mg,Colonoscopy,UNIQUE,BP 97/96 HR 55,Cognitive,Shanghai,Cognitive,ECG,Visual,Metformin 500mg,COVID-19,67.7,Aspirin,Hypertension,Penicillin,W3C Date,CLM-773571,Windows,Aiden is a Sales Rep with 6 years of experience.,Migraine,MRN-396135,Diabetes Mellitus,60 days,Visual,Depression,%B5991973152082745^LEWIS/JAMES^2809,INS-674986,Latin-1,CLM-238604,staging.orders -> analytics,Influenza,2019-03-18,Aspirin,Physical Exam,Lisinopril,Negligible,MRN-894497,Migraine,INS-384163,Influenza,Visual
Cholesterol: 81.4 g/dL,Colonoscopy,A+,1.10.7,120.7,11:22:58,Healthcare,None,Hypertension,Chicago,Ibuprofen 200mg,Hello {{name}},A+,Hearing,A-,Pollen,Shellfish,This record manages transaction histories.,Amoxicillin,Latex,Hypertension,O+,Latex,BP 163/70 HR 86,Peanuts,78670,MRN-844144,Malaria,CLM-149119,Depression,3019033,Diabetes Mellitus,Albuterol 90mcg,MRN-457603,Diabetes Mellitus,CLM-460033,V,WBC: 290.3 K/uL,None,Diabetes Mellitus,Lisinopril 10mg,6011-9606-6930-5959,328-87-1436,Hypertension,false,Hemoglobin: 212.6 mg/dL,tenant-008,Ibuprofen,Cholesterol: 87.9 K/uL,BP 150/63 HR 112,O-,Diabetes Mellitus,Support,The customer account includes data processing activities.,Physical Exam,Type 2 Diabetes,Depression,Migraine,Malaria,High School,MRN-845042,active,CLM-357695,Approved,Outstanding,672 513 6032,MRI Brain,AB+,CLM-672076,Metformin,id,BP 93/83 HR 67,A-,BP 157/85 HR 115,Albuterol 90mcg,X-Ray Chest,CHECK (val > 0),BP 114/90 HR 82,Mobility,Hamburg,Mobility,MRI Brain,Visual,Lisinopril 10mg,COVID-19,32.0,Lisinopril,Migraine,None,RFC 3339,CLM-329520,Android,Lucas is a VP Engineering with 25 years of experience.,Migraine,MRN-540369,COVID-19,219 days,Hearing,Anxiety,%B0155409753454188^MARTIN/AMY^2704,INS-289114,UTF-16,CLM-607206,curated.orders -> reports,Diabetes Mellitus,2020-02-18,Ibuprofen,Colonoscopy,Metformin,Critical,MRN-489515,Anxiety,INS-959709,Tuberculosis,Cognitive
WBC: 205.2 g/dL,Blood Draw,O+,2.13.95,35.4,08:48:08,Energy,Shellfish,Migraine,Sydney,Albuterol 90mcg,Dear {{customer}},A+,Visual,B+,Shellfish,Shellfish,The system tracks operational metrics.,Ibuprofen,None,Type 2 Diabetes,AB-,Shellfish,BP 113/105 HR 63,Penicillin,34862,MRN-442169,Diabetes Mellitus,CLM-649981,Anxiety,3405685,Tuberculosis,Omeprazole 20mg,MRN-395204,COVID-19,CLM-312594,N,Glucose: 142.0 mg/dL,Hearing,Tuberculosis,Omeprazole 20mg,XXXX-XXXX-XXXX-9150,712-18-6036,Anxiety,false,WBC: 164.7 K/uL,tenant-008,Amoxicillin,Glucose: 113.8 mg/dL,BP 159/86 HR 83,AB+,COVID-19,Sales,This record manages compliance records.,Blood Draw,Depression,Arthritis,Arthritis,Tuberculosis,PhD,MRN-785400,inactive,CLM-737560,In Review,Needs improvement,356 756 1764,Blood Draw,O-,CLM-982424,Aspirin,email,BP 154/88 HR 62,B-,BP 157/110 HR 89,Ibuprofen 200mg,Blood Draw,BETWEEN 1 AND 100,BP 136/67 HR 96,Visual,Rotterdam,Mobility,Physical Exam,Visual,Metformin 500mg,Malaria,47.4,Aspirin,Anxiety,Penicillin,IEEE 754,CLM-736451,Linux,Sophia is a Sales Rep with 5 years of experience.,Arthritis,MRN-708226,COVID-19,85 days,Hearing,Depression,%B8212542779261653^YOUNG/OLIVIA^2606,INS-671152,UTF-16,CLM-907183,curated.orders -> analytics,Influenza,2020-07-06,Amoxicillin,ECG,Ibuprofen,Medium,MRN-375115,Hypertension,INS-134413,Influenza,Mobility
WBC: 172.1 mg/dL,Colonoscopy,O-,1.15.29,17.5,19:11:23,Healthcare,Peanuts,Arthritis,Tokyo,Albuterol 90mcg,Hello {{name}},A+,Cognitive,O-,Peanuts,Peanuts,The customer account monitors operational metrics.,Amoxicillin,Penicillin,Depression,A-,Shellfish,BP 125/63 HR 58,Latex,52962,MRN-425056,Tuberculosis,CLM-265859,Asthma,ORD-244398,Influenza,Ibuprofen 200mg,MRN-317271,Diabetes Mellitus,CLM-527394,S,Cholesterol: 79.6 K/uL,Visual,Tuberculosis,Metformin 500mg,XXXX-XXXX-XXXX-8368,205-16-2209,Hypertension,false,WBC: 297.8 g/dL,tenant-015,Amoxicillin,Glucose: 56.2 g/dL,BP 180/94 HR 72,B+,Diabetes Mellitus,Legal,This record monitors compliance records.,Blood Draw,Migraine,Migraine,Type 2 Diabetes,COVID-19,PhD,MRN-743751,completed,CLM-353854,Rejected,Meets expectations,(220) 924-3038,Blood Draw,AB-,CLM-154852,Ibuprofen,email,BP 97/70 HR 63,A-,BP 117/72 HR 68,Omeprazole 20mg,Blood Draw,MATCHES '^[A-Z]+',BP 97/105 HR 107,Cognitive,Shanghai,Cognitive,Physical Exam,Hearing,Omeprazole 20mg,Diabetes Mellitus,12.7,Lisinopril,Depression,Peanuts,IEEE 754,CLM-282982,Android,Aiden is a Data Analyst with 10 years of experience.,Asthma,MRN-442499,Diabetes Mellitus,7 days,Hearing,Arthritis,%B7906860715730604^THOMPSON/JAMES^2403,INS-630360,UTF-16,CLM-182723,curated.orders -> exports,Tuberculosis,2024-03-06,Lisinopril,Blood Draw,Ibuprofen,Low,MRN-587148,Migraine,INS-271609,Diabetes Mellitus,Cognitive
Cholesterol: 200.8 K/uL,Colonoscopy,A+,5.15.98,71.1,23:38:15,Manufacturing,Latex,Asthma,Paris,Omeprazole 20mg,Order #{{id}},A+,None,AB-,Peanuts,None,The customer account tracks operational metrics.,Amoxicillin,Shellfish,Migraine,B-,Peanuts,BP 137/77 HR 98,Latex,64217,MRN-648455,Influenza,CLM-201602,Arthritis,3921151,Tuberculosis,Albuterol 90mcg,MRN-184535,Diabetes Mellitus,CLM-360256,P,Hemoglobin: 219.7 mg/dL,None,Diabetes Mellitus,Lisinopril 10mg,5369-4919-2469-2570,656-93-5693,Hypertension,false,Cholesterol: 65.7 K/uL,tenant-012,Aspirin,Glucose: 270.4 K/uL,BP 112/78 HR 114,B-,Diabetes Mellitus,Marketing,The system represents compliance records.,Colonoscopy,Migraine,Anxiety,Depression,Tuberculosis,High School,MRN-457694,failed,CLM-134383,Pending,Exceeds expectations,982 611 7516,MRI Brain,B-,CLM-388625,Lisinopril,amount,BP 146/64 HR 102,O-,BP 166/60 HR 104,Lisinopril 10mg,Physical Exam,UNIQUE,BP 107/75 HR 68,None,Busan,Visual,ECG,Cognitive,Metformin 500mg,COVID-19,25.8,Ibuprofen,Asthma,Pollen,IEEE 754,CLM-125751,Linux,Mary is a Product Manager with 28 years of experience.,Depression,MRN-336536,Influenza,114 days,Cognitive,Anxiety,%B0820089523176038^WILLIAMS/AMY^2703,INS-209908,UTF-8,CLM-335733,curated.orders -> exports,COVID-19,2021-06-03,Lisinopril,ECG,Metformin,Negligible,MRN-630860,Asthma,INS-201985,Influenza,Hearing
Cholesterol: 77.3 g/dL,Colonoscopy,A-,1.19.29,111.9,17:27:57,Manufacturing,None,Type 2 Diabetes,London,Lisinopril 10mg,Dear {{customer}},O-,Cognitive,B-,Latex,Penicillin,The customer account represents compliance records.,Ibuprofen,None,Hypertension,O-,Shellfish,BP 158/103 HR 91,Shellfish,62833,MRN-500399,Influenza,CLM-261734,Migraine,1750246,Influenza,Metformin 500mg,MRN-764608,COVID-19,CLM-936612,O,WBC: 270.9 mg/dL,Visual,Tuberculosis,Ibuprofen 200mg,XXXX-XXXX-XXXX-2360,120-68-2868,Depression,true,Cholesterol: 147.6 mg/dL,tenant-030,Metformin,Hemoglobin: 173.8 g/dL,BP 129/70 HR 62,A+,Diabetes Mellitus,Sales,The product includes compliance records.,Physical Exam,Type 2 Diabetes,Type 2 Diabetes,Migraine,Malaria,Associate's,MRN-754939,completed,CLM-834380,Approved,Meets expectations,463.320.1402,X-Ray Chest,O+,CLM-728379,Metformin,status,BP 162/93 HR 102,A+,BP 131/74 HR 114,Albuterol 90mcg,Physical Exam,UNIQUE,BP 162/102 HR 57,Mobility,Shanghai,None,Physical Exam,Hearing,Omeprazole 20mg,Diabetes Mellitus,15.0,Lisinopril,Anxiety,Penicillin,ISO 8601,CLM-193565,Linux,Mason is a Product Manager with 27 years of experience.,Migraine,MRN-622158,Malaria,227 days,Mobility,Type 2 Diabetes,%B0784707132563861^MOORE/EMMA^2609,INS-896263,ISO-8859-1,CLM-316610,staging.orders -> reports,COVID-19,2021-12-22,Metformin,Blood Draw,Ibuprofen,High,MRN-752669,Asthma,INS-529769,COVID-19,Cognitive
Cholesterol: 61.0 mg/dL,MRI Brain,A-,3.20.2,54.1,18:59:10,Manufacturing,Shellfish,Asthma,Miami,Ibuprofen 200mg,Order #{{id}},O+,Mobility,B+,None,Peanuts,The product represents operational metrics.,Aspirin,Pollen,Type 2 Diabetes,B+,Shellfish,BP 128/73 HR 60,Shellfish,47807,MRN-541676,Malaria,CLM-255198,Type 2 Diabetes,6888023,Diabetes Mellitus,Metformin 500mg,MRN-759572,Tuberculosis,CLM-186099,P,Cholesterol: 209.2 mg/dL,Mobility,Malaria,Metformin 500mg,4414-6098-0102-9167,717-49-3379,Asthma,false,Hemoglobin: 182.8 mg/dL,tenant-034,Lisinopril,Hemoglobin: 289.1 K/uL,BP 132/66 HR 103,AB-,COVID-19,HR,The product includes transaction histories.,Colonoscopy,Depression,Anxiety,Anxiety,Diabetes Mellitus,High School,MRN-984229,approved,CLM-839557,Rejected,Needs improvement,(643) 739-9663,ECG,AB+,CLM-232959,Aspirin,name,BP 117/87 HR 92,AB+,BP 141/94 HR 73,Ibuprofen 200mg,Physical Exam,CHECK (val > 0),BP 116/95 HR 72,Visual,Busan,None,ECG,None,Omeprazole 20mg,Tuberculosis,26.7,Aspirin,Migraine,Penicillin,RFC 3339,CLM-353387,Android,Ethan is a Software Engineer with 19 years of experience.,Depression,MRN-982734,Diabetes Mellitus,195 days,Cognitive,Type 2 Diabetes,%B1263539307886924^ANDERSON/SARAH^2809,INS-519070,UTF-8,CLM-321859,curated.events -> analytics,COVID-19,2022-10-23,Lisinopril,MRI Brain,Metformin,Low,MRN-123071,Migraine,INS-128071,Diabetes Mellitus,Cognitive
Cholesterol: 111.1 g/dL,ECG,O+,3.7.35,101.0,07:00:42,Education,Shellfish,Hypertension,Seattle,Omeprazole 20mg,Order #{{id}},B-,Mobility,O+,Penicillin,None,The service tracks operational metrics.,Ibuprofen,None,Migraine,O+,Shellfish,BP 176/110 HR 111,Peanuts,53680,MRN-537930,Malaria,CLM-105661,Hypertension,USR-251095,Diabetes Mellitus,Albuterol 90mcg,MRN-458104,Influenza,CLM-520123,G,Hemoglobin: 197.2 g/dL,Visual,COVID-19,Omeprazole 20mg,5054-3538-3775-2960,494-29-6757,Migraine,false,Cholesterol: 100.9 K/uL,tenant-007,Amoxicillin,WBC: 228.2 K/uL,BP 114/102 HR 56,A+,Diabetes Mellitus,Engineering,The product tracks customer interactions.,MRI Brain,Hypertension,Depression,Anxiety,COVID-19,PhD,MRN-581218,pending,CLM-419444,Pending,Exceeds expectations,886 675 2285,ECG,AB+,CLM-473002,Aspirin,created_at,BP 162/88 HR 91,B+,BP 114/66 HR 84,Albuterol 90mcg,Blood Draw,CHECK (val > 0),BP 169/99 HR 68,Hearing,Singapore,Hearing,Physical Exam,Visual,Lisinopril 10mg,Malaria,25.8,Lisinopril,Asthma,Penicillin,IEEE 754,CLM-986459,Chrome OS,Linda is a Software Engineer with 22 years of experience.,Anxiety,MRN-652627,Tuberculosis,25 days,Hearing,Depression,%B9773012807309574^DAVIS/MASON^2908,INS-371633,UTF-8,CLM-808606,raw.events -> reports,Tuberculosis,2018-02-15,Ibuprofen,X-Ray Chest,Aspirin,Negligible,MRN-986183,Depression,INS-494531,COVID-19,Mobility
Hemoglobin: 206.9 K/uL,Blood Draw,O+,4.5.94,105.9,09:19:36,Manufacturing,Peanuts,Migraine,Houston,Omeprazole 20mg,Order #{{id}},B-,Visual,O-,Peanuts,Pollen,The system manages operational metrics.,Ibuprofen,Latex,Migraine,B+,Shellfish,BP 106/78 HR 97,Pollen,32545,MRN-846313,Malaria,CLM-451149,Anxiety,REC-171355,COVID-19,Ibuprofen 200mg,MRN-211018,Diabetes Mellitus,CLM-189454,C,WBC: 268.7 g/dL,Hearing,Tuberculosis,Lisinopril 10mg,3778-0784-9973-7558,XXX-XX-5278,Anxiety,true,Hemoglobin: 171.7 g/dL,tenant-015,Lisinopril,Glucose: 90.6 mg/dL,BP 126/66 HR 87,AB-,Malaria,HR,The system represents operational metrics.,X-Ray Chest,Depression,Anxiety,Asthma,Diabetes Mellitus,PhD,MRN-457456,approved,CLM-330231,Approved,Exceeds expectations,844-526-2418,Colonoscopy,B+,CLM-917308,Aspirin,email,BP 147/105 HR 69,A+,BP 132/66 HR 75,Lisinopril 10mg,Physical Exam,CHECK (val > 0),BP 98/91 HR 77,Visual,Shanghai,Hearing,Physical Exam,Visual,Metformin 500mg,Diabetes Mellitus,99.3,Metformin,Hypertension,Latex,RFC 3339,CLM-694028,Windows,James is a Designer with 2 years of experience.,Hypertension,MRN-244272,Tuberculosis,69 days,Visual,Asthma,%B6164495470218303^TAYLOR/AMY^2609,INS-350065,UTF-16,CLM-517070,staging.events -> exports,Influenza,2022-07-22,Ibuprofen,Colonoscopy,Amoxicillin,Critical,MRN-519469,Asthma,INS-266445,Malaria,None
Hemoglobin: 73.6 K/uL,ECG,B+,1.20.62,46.5,01:50:28,Technology,Peanuts,Type 2 Diabetes,Toronto,Ibuprofen 200mg,{{date}} - {{event}},O+,Hearing,O-,Shellfish,Penicillin,The customer account includes operational metrics.,Amoxicillin,Penicillin,Hypertension,B-,Peanuts,BP 139/106 HR 98,Pollen,45687,MRN-684942,Tuberculosis,CLM-168336,Depression,1277743,COVID-19,Ibuprofen 200mg,MRN-360065,Malaria,CLM-684860,Z,Glucose: 132.5 K/uL,None,Tuberculosis,Albuterol 90mcg,3705-9915-0789-4519,XXX-XX-5765,Depression,false,Cholesterol: 106.8 K/uL,tenant-023,Lisinopril,WBC: 108.3 g/dL,BP 104/66 HR 113,A-,COVID-19,HR,This record monitors compliance records.,MRI Brain,Arthritis,Type 2 Diabetes,Migraine,Tuberculosis,Master's,MRN-558494,completed,CLM-135726,Pending,Needs improvement,(991) 905-6268,Colonoscopy,A+,CLM-724106,Metformin,id,BP 166/66 HR 101,AB+,BP 98/98 HR 71,Metformin 500mg,X-Ray Chest,UNIQUE,BP 93/64 HR 65,Hearing,Singapore,None,X-Ray Chest,None,Metformin 500mg,COVID-19,24.1,Amoxicillin,Hypertension,None,IEEE 754,CLM-634110,Chrome OS,Mason is a Product Manager with 5 years of experience.,Asthma,MRN-780044,Diabetes Mellitus,117 days,Mobility,Migraine,%B2268089037051307^YOUNG/HARPER^2509,INS-948851,UTF-16,CLM-196444,curated.users -> reports,Tuberculosis,2020-10-30,Ibuprofen,Physical Exam,Metformin,Medium,MRN-527756,Arthritis,INS-769586,Influenza,None
Cholesterol: 100.9 mg/dL,Blood Draw,AB-,4.11.53,89.4,20:26:12,Energy,Latex,Type 2 Diabetes,Boston,Lisinopril 10mg,{{date}} - {{event}},O-,Mobility,O-,Penicillin,Peanuts,This record includes customer interactions.,Ibuprofen,Shellfish,Asthma,AB+,Pollen,BP 155/92 HR 68,Peanuts,77646,MRN-505670,Malaria,CLM-535603,Hypertension,1560961,Malaria,Metformin 500mg,MRN-809845,Diabetes Mellitus,CLM-546238,E,Cholesterol: 271.7 K/uL,Hearing,Influenza,Omeprazole 20mg,XXXX-XXXX-XXXX-4058,102-64-9198,Arthritis,false,Cholesterol: 248.2 g/dL,tenant-005,Aspirin,Glucose: 159.5 mg/dL,BP 170/101 HR 76,AB+,Diabetes Mellitus,Finance,The system tracks transaction histories.,Colonoscopy,Arthritis,Depression,Arthritis,COVID-19,Associate's,MRN-147935,pending,CLM-539149,In Review,Needs improvement,+16284299550,Physical Exam,A-,CLM-255015,Lisinopril,id,BP 141/98 HR 113,O+,BP 99/102 HR 81,Omeprazole 20mg,X-Ray Chest,NOT NULL,BP 170/88 HR 74,Visual,Rotterdam,Mobility,Physical Exam,None,Omeprazole 20mg,Diabetes Mellitus,7.7,Amoxicillin,Migraine,Peanuts,IEEE 754,CLM-410814,Chrome OS,Harper is a Product Manager with 28 years of experience.,Migraine,MRN-946217,Malaria,364 days,None,Type 2 Diabetes,%B3060347593480134^JOHNSON/OLIVER^2504,INS-985015,Latin-1,CLM-538458,curated.orders -> analytics,Diabetes Mellitus,2025-11-15,Aspirin,MRI Brain,Amoxicillin,Low,MRN-621657,Hypertension,INS-292625,Diabetes Mellitus,None
Glucose: 134.3 g/dL,Blood Draw,B-,1.18.80,26.9,18:36:40,Healthcare,Penicillin,Migraine,Berlin,Lisinopril 10mg,Hello {{name}},O-,Mobility,B+,Pollen,Penicillin,The service tracks customer interactions.,Aspirin,Shellfish,Type 2 Diabetes,O-,None,BP 111/103 HR 81,Pollen,47547,MRN-892961,Influenza,CLM-100681,Depression,7258346,Malaria,Omeprazole 20mg,MRN-289326,Influenza,CLM-148653,T,Cholesterol: 275.5 g/dL,None,Diabetes Mellitus,Ibuprofen 200mg,5469-6801-0824-2523,XXX-XX-2731,Hypertension,false,Glucose: 270.7 K/uL,tenant-011,Ibuprofen,WBC: 257.4 mg/dL,BP 125/70 HR 65,AB-,Influenza,Operations,This record tracks operational metrics.,Colonoscopy,Hypertension,Migraine,Arthritis,Malaria,Master's,MRN-177510,rejected,CLM-209344,Approved,Outstanding,+13093234508,ECG,O+,CLM-232906,Amoxicillin,created_at,BP 94/79 HR 81,AB+,BP 99/84 HR 55,Lisinopril 10mg,Physical Exam,NOT NULL,BP 120/99 HR 97,Mobility,Hamburg,Hearing,Colonoscopy,Hearing,Omeprazole 20mg,COVID-19,59.2,Metformin,Hypertension,Peanuts,POSIX,CLM-948834,Chrome OS,Elizabeth is a Software Engineer with 20 years of experience.,Asthma,MRN-523326,COVID-19,235 days,Visual,Anxiety,%B2691144068410117^SMITH/SOPHIA^3006,INS-337736,Latin-1,CLM-553820,curated.events -> reports,Malaria,2025-02-16,Lisinopril,Colonoscopy,Amoxicillin,Low,MRN-299695,Anxiety,INS-393272,Influenza,Visual
Hemoglobin: 54.7 g/dL,X-Ray Chest,O+,1.19.36,30.2,13:13:22,Manufacturing,Penicillin,Anxiety,Paris,Ibuprofen 200mg,{{date}} - {{event}},A+,Cognitive,A+,Latex,Latex,The product tracks compliance records.,Aspirin,Pollen,Migraine,O-,Penicillin,BP 118/97 HR 69,Penicillin,84799,MRN-958323,Tuberculosis,CLM-193101,Asthma,8496884,Tuberculosis,Ibuprofen 200mg,MRN-640459,Malaria,CLM-860477,F,WBC: 178.9 K/uL,Visual,Influenza,Ibuprofen 200mg,4002-4964-7744-2985,862-22-6305,Migraine,false,WBC: 233.6 g/dL,tenant-020,Lisinopril,Glucose: 197.2 K/uL,BP 97/100 HR 112,B-,COVID-19,Marketing,The system includes customer interactions.,X-Ray Chest,Hypertension,Depression,Anxiety,Influenza,Bachelor's,MRN-391167,rejected,CLM-945200,In Review,Needs improvement,343 523 8753,Colonoscopy,O+,CLM-870936,Aspirin,status,BP 111/101 HR 62,AB-,BP 96/82 HR 83,Omeprazole 20mg,ECG,BETWEEN 1 AND 100,BP 163/70 HR 73,Hearing,Busan,Mobility,MRI Brain,Hearing,Ibuprofen 200mg,Influenza,99.3,Metformin,Hypertension,Penicillin,W3C Date,CLM-565094,Linux,William is a Data Analyst with 17 years of experience.,Arthritis,MRN-552606,Tuberculosis,215 days,Visual,Arthritis,%B0947437458270526^GARCIA/JENNIFER^2603,INS-202442,Latin-1,CLM-622313,staging.orders -> analytics,Influenza,2022-01-17,Amoxicillin,ECG,Aspirin,Critical,MRN-670744,Anxiety,INS-693077,Influenza,None
Glucose: 108.7 K/uL,X-Ray Chest,A+,5.9.88,97.5,10:23:16,Manufacturing,Shellfish,Migraine,Berlin,Albuterol 90mcg,Order #{{id}},O-,Visual,A+,Penicillin,Latex,The system manages compliance records.,Ibuprofen,None,Arthritis,O-,None,BP 105/110 HR 113,None,62369,MRN-786223,Influenza,CLM-391980,Migraine,REC-283364,COVID-19,Lisinopril 10mg,MRN-102167,Tuberculosis,CLM-585994,T,Cholesterol: 179.4 g/dL,Hearing,Tuberculosis,Albuterol 90mcg,XXXX-XXXX-XXXX-0936,846-75-5151,Anxiety,false,WBC: 237.3 g/dL,tenant-017,Metformin,Glucose: 243.5 g/dL,BP 113/70 HR 58,AB-,Diabetes Mellitus,Engineering,This record monitors compliance records.,X-Ray Chest,Depression,Hypertension,Migraine,COVID-19,Bachelor's,MRN-968356,pending,CLM-555868,Approved,Meets expectations,(615) 742-9590,Blood Draw,B-,CLM-802708,Lisinopril,id,BP 172/97 HR 108,B+,BP 151/94 HR 108,Ibuprofen 200mg,Physical Exam,MATCHES '^[A-Z]+',BP 125/84 HR 83,Visual,Port of LA,Visual,Physical Exam,Cognitive,Ibuprofen 200mg,Malaria,9.0,Metformin,Type 2 Diabetes,Pollen,RFC 3339,CLM-328664,Chrome OS,Noah is a CTO with 2 years of experience.,Asthma,MRN-228999,COVID-19,165 days,Hearing,Arthritis,%B9711846179687262^WILLIAMS/MARY^2502,INS-629936,ASCII,CLM-366292,curated.orders -> exports,Diabetes Mellitus,2024-06-03,Ibuprofen,Colonoscopy,Aspirin,High,MRN-429735,Hypertension,INS-879010,Influenza,Mobility
Hemoglobin: 233.2 mg/dL,MRI Brain,A-,0.3.53,93.7,08:18:38,Finance,Pollen,Migraine,Atlanta,Ibuprofen 200mg,Order #{{id}},A-,Hearing,AB-,Latex,None,The product represents data processing activities.,Ibuprofen,None,Hypertension,B-,Peanuts,BP 96/72 HR 66,Penicillin,14135,MRN-338073,Malaria,CLM-487643,Hypertension,541952,Influenza,Albuterol 90mcg,MRN-243710,Influenza,CLM-529688,U,Glucose: 165.0 g/dL,Hearing,Tuberculosis,Metformin 500mg,XXXX-XXXX-XXXX-3587,811-76-6942,Hypertension,true,Hemoglobin: 206.0 K/uL,tenant-034,Ibuprofen,WBC: 110.9 K/uL,BP 106/61 HR 62,B-,Tuberculosis,Marketing,The customer account tracks data processing activities.,Physical Exam,Hypertension,Anxiety,Arthritis,Diabetes Mellitus,Bachelor's,MRN-185853,failed,CLM-665873,Approved,Needs improvement,+15457128024,Physical Exam,A+,CLM-480969,Lisinopril,type,BP 123/84 HR 113,B-,BP 175/88 HR 104,Omeprazole 20mg,MRI Brain,BETWEEN 1 AND 100,BP 130/81 HR 93,None,Rotterdam,Cognitive,X-Ray Chest,Mobility,Albuterol 90mcg,Malaria,85.7,Aspirin,Hypertension,Shellfish,IEEE 754,CLM-396599,Android,Amy is a Product Manager with 28 years of experience.,Hypertension,MRN-191525,Influenza,33 days,Mobility,Anxiety,%B0426918411672750^JOHNSON/JAMES^2911,INS-186299,UTF-8,CLM-922759,staging.events -> exports,Diabetes Mellitus,2022-05-03,Aspirin,Colonoscopy,Lisinopril,Medium,MRN-907140,Asthma,INS-887412,Tuberculosis,Hearing
Cholesterol: 294.0 g/dL,Colonoscopy,A+,4.1.31,128.2,03:05:08,Finance,Shellfish,Arthritis,Dallas,Omeprazole 20mg,Dear {{customer}},A-,Cognitive,A-,Pollen,Pollen,The system represents transaction histories.,Lisinopril,Pollen,Depression,B-,Peanuts,BP 95/80 HR 76,Pollen,66395,MRN-830013,Influenza,CLM-567890,Asthma,1223618,Tuberculosis,Albuterol 90mcg,MRN-267160,Tuberculosis,CLM-888951,M,Glucose: 181.5 g/dL,None,COVID-19,Albuterol 90mcg,3752-0112-6338-6025,394-32-5623,Anxiety,false,Cholesterol: 124.1 g/dL,tenant-001,Aspirin,Glucose: 142.4 mg/dL,BP 104/63 HR 75,AB+,Tuberculosis,HR,This record monitors transaction histories.,Blood Draw,Anxiety,Anxiety,Type 2 Diabetes,Tuberculosis,PhD,MRN-246751,cancelled,CLM-606059,Approved,Exceeds expectations,837-656-7569,Blood Draw,A-,CLM-410424,Metformin,status,BP 109/102 HR 61,O+,BP 143/104 HR 90,Lisinopril 10mg,Blood Draw,CHECK (val > 0),BP 163/88 HR 97,Mobility,Shanghai,Visual,ECG,Mobility,Metformin 500mg,Influenza,5.0,Aspirin,Arthritis,None,POSIX,CLM-979131,Android,Mary is a Software Engineer with 9 years of experience.,Migraine,MRN-311671,Influenza,147 days,Visual,Hypertension,%B4610523789763191^MARTIN/ETHAN^2806,INS-936590,Latin-1,CLM-515405,raw.users -> reports,Malaria,2021-01-06,Metformin,Physical Exam,Ibuprofen,High,MRN-341790,Depression,INS-739642,Tuberculosis,Hearing
WBC: 115.7 K/uL,X-Ray Chest,O-,2.16.31,7.5,08:49:19,Healthcare,Penicillin,Migraine,Los Angeles,Albuterol 90mcg,Dear {{customer}},AB-,Hearing,B-,None,Penicillin,The product tracks operational metrics.,Lisinopril,None,Type 2 Diabetes,B+,Penicillin,BP 154/95 HR 65,Peanuts,57312,MRN-136909,Tuberculosis,CLM-202258,Depression,REC-636403,Malaria,Metformin 500mg,MRN-503593,Tuberculosis,CLM-818714,Y,Glucose: 217.7 mg/dL,Hearing,COVID-19,Albuterol 90mcg,6011-8288-5503-0578,692-75-3002,Depression,false,WBC: 200.8 K/uL,tenant-038,Amoxicillin,Glucose: 98.6 K/uL,BP 120/101 HR 90,B+,Diabetes Mellitus,Support,The product represents data processing activities.,Colonoscopy,Depression,Type 2 Diabetes,Arthritis,Influenza,Associate's,MRN-512221,cancelled,CLM-639826,Rejected,Meets expectations,+17826889775,MRI Brain,O-,CLM-279491,Ibuprofen,amount,BP 122/66 HR 90,A-,BP 118/108 HR 103,Ibuprofen 200mg,X-Ray Chest,UNIQUE,BP 94/65 HR 93,Mobility,Busan,Mobility,ECG,Hearing,Omeprazole 20mg,Malaria,47.0,Aspirin,Arthritis,None,ISO 8601,CLM-461924,Android,John is a CTO with 29 years of experience.,Migraine,MRN-451099,COVID-19,218 days,Cognitive,Asthma,%B9803087371209355^GARCIA/LOGAN^2407,INS-366249,Latin-1,CLM-791543,raw.orders -> analytics,COVID-19,2023-01-14,Lisinopril,Colonoscopy,Ibuprofen,High,MRN-791202,Hypertension,INS-120497,Diabetes Mellitus,Visual
Hemoglobin: 111.5 K/uL,Colonoscopy,B+,1.1.62,86.9,02:46:37,Retail,Pollen,Asthma,Paris,Lisinopril 10mg,{{date}} - {{event}},O-,Mobility,AB-,Latex,None,The service includes operational metrics.,Aspirin,Pollen,Migraine,AB+,Penicillin,BP 97/110 HR 101,Pollen,68335,MRN-951859,Tuberculosis,CLM-198782,Hypertension,REC-901913,Diabetes Mellitus,Lisinopril 10mg,MRN-569879,Malaria,CLM-700304,Y,Glucose: 210.1 K/uL,Mobility,Diabetes Mellitus,Ibuprofen 200mg,5481-6034-6113-9392,394-24-6168,Type 2 Diabetes,false,Glucose: 153.4 mg/dL,tenant-048,Ibuprofen,Glucose: 57.3 K/uL,BP 93/68 HR 67,A-,Malaria,Operations,This record includes customer interactions.,X-Ray Chest,Depression,Type 2 Diabetes,Anxiety,Influenza,Master's,MRN-257952,completed,CLM-857880,Pending,Needs improvement,+13264821244,X-Ray Chest,O+,CLM-554167,Lisinopril,type,BP 177/89 HR 112,A-,BP 175/60 HR 101,Ibuprofen 200mg,ECG,MATCHES '^[A-Z]+',BP 140/86 HR 69,Cognitive,Port of LA,None,MRI Brain,Cognitive,Metformin 500mg,Malaria,2.3,Ibuprofen,Anxiety,Shellfish,POSIX,CLM-827992,macOS,William is a Software Engineer with 12 years of experience.,Asthma,MRN-502924,Influenza,326 days,Visual,Anxiety,%B6894400246834804^ROBINSON/AMY^2705,INS-461744,Latin-1,CLM-464344,curated.orders -> analytics,Tuberculosis,2021-05-25,Ibuprofen,Physical Exam,Amoxicillin,Critical,MRN-766504,Type 2 Diabetes,INS-805960,Malaria,Visual
Glucose: 56.4 g/dL,X-Ray Chest,O-,3.18.87,0.3,21:08:41,Healthcare,None,Type 2 Diabetes,Phoenix,Metformin 500mg,Order #{{id}},A+,Cognitive,A-,Shellfish,Pollen,The product represents compliance records.,Lisinopril,Shellfish,Asthma,B+,Pollen,BP 154/71 HR 61,Peanuts,28325,MRN-107396,Malaria,CLM-858934,Depression,1718493,Influenza,Albuterol 90mcg,MRN-482726,Influenza,CLM-621104,H,Glucose: 198.9 K/uL,Cognitive,COVID-19,Omeprazole 20mg,6011-7451-3080-9176,558-69-3629,Anxiety,true,Glucose: 97.5 K/uL,tenant-008,Amoxicillin,Glucose: 272.4 mg/dL,BP 108/65 HR 73,A-,COVID-19,Engineering,The customer account includes customer interactions.,X-Ray Chest,Asthma,Arthritis,Asthma,Diabetes Mellitus,Associate's,MRN-911250,pending,CLM-556445,Approved,Exceeds expectations,678-423-7269,Colonoscopy,A+,CLM-866259,Aspirin,email,BP 177/76 HR 98,B+,BP 122/100 HR 80,Ibuprofen 200mg,Colonoscopy,NOT NULL,BP 90/87 HR 58,Visual,Shanghai,Hearing,ECG,None,Metformin 500mg,Malaria,76.8,Metformin,Depression,Latex,IEEE 754,CLM-637066,macOS,Sarah is a Sales Rep with 23 years of experience.,Anxiety,MRN-472909,COVID-19,35 days,Hearing,Asthma,%B9015152448536515^MILLER/SUSAN^2901,INS-671661,UTF-16,CLM-197458,curated.users -> analytics,Malaria,2023-07-28,Aspirin,Physical Exam,Lisinopril,High,MRN-608729,Hypertension,INS-149219,Diabetes Mellitus,Mobility
Hemoglobin: 104.9 mg/dL,Colonoscopy,AB+,1.11.40,6.7,08:20:26,Technology,Pollen,Hypertension,Atlanta,Ibuprofen 200mg,{{date}} - {{event}},A-,Hearing,A+,None,Penicillin,The system monitors operational metrics.,Ibuprofen,Latex,Migraine,O+,Peanuts,BP 164/61 HR 120,Peanuts,45576,MRN-553057,Malaria,CLM-248369,Asthma,7841156,Malaria,Omeprazole 20mg,MRN-545390,Malaria,CLM-255147,P,WBC: 199.0 g/dL,Cognitive,COVID-19,Omeprazole 20mg,XXXX-XXXX-XXXX-5178,XXX-XX-1783,Arthritis,true,WBC: 101.3 mg/dL,tenant-008,Ibuprofen,Hemoglobin: 65.6 K/uL,BP 159/67 HR 79,O-,Tuberculosis,Operations,The system manages customer interactions.,Colonoscopy,Type 2 Diabetes,Migraine,Depression,COVID-19,Master's,MRN-324794,cancelled,CLM-672028,In Review,Exceeds expectations,239-695-5966,Physical Exam,A-,CLM-305882,Lisinopril,email,BP 169/98 HR 55,B-,BP 164/101 HR 83,Lisinopril 10mg,X-Ray Chest,MATCHES '^[A-Z]+',BP 155/108 HR 63,Cognitive,Port of LA,Visual,X-Ray Chest,Mobility,Omeprazole 20mg,Tuberculosis,59.0,Aspirin,Asthma,Latex,POSIX,CLM-891776,macOS,Linda is a Product Manager with 14 years of experience.,Depression,MRN-964365,COVID-19,106 days,Hearing,Type 2 Diabetes,%B1995805537844488^MARTINEZ/WILLIAM^2610,INS-648580,UTF-8,CLM-723101,raw.users -> analytics,Influenza,2019-04-23,Metformin,Physical Exam,Aspirin,Critical,MRN-340247,Anxiety,INS-184639,Diabetes Mellitus,None
Cholesterol: 278.1 mg/dL,X-Ray Chest,AB-,4.17.33,108.3,22:38:47,Healthcare,Shellfish,Hypertension,Toronto,Omeprazole 20mg,Order #{{id}},A-,Mobility,B-,Pollen,None,This record includes operational metrics.,Amoxicillin,Peanuts,Type 2 Diabetes,B-,Latex,BP 97/94 HR 67,Latex,63940,MRN-758693,Diabetes Mellitus,CLM-251115,Depression,9354082,Tuberculosis,Albuterol 90mcg,MRN-238028,COVID-19,CLM-390013,B,WBC: 240.3 K/uL,Mobility,Tuberculosis,Metformin 500mg,XXXX-XXXX-XXXX-9631,285-48-9975,Asthma,false,Cholesterol: 240.1 mg/dL,tenant-047,Amoxicillin,Glucose: 101.2 mg/dL,BP 179/65 HR 76,O-,COVID-19,Support,This record manages operational metrics.,MRI Brain,Migraine,Type 2 Diabetes,Hypertension,Diabetes Mellitus,Associate's,MRN-392249,cancelled,CLM-394263,In Review,Outstanding,390 931 3883,Colonoscopy,O+,CLM-730781,Lisinopril,type,BP 140/66 HR 114,O-,BP 122/94 HR 63,Lisinopril 10mg,Physical Exam,NOT NULL,BP 115/93 HR 107,Cognitive,Rotterdam,Visual,Colonoscopy,None,Omeprazole 20mg,COVID-19,74.9,Lisinopril,Migraine,Penicillin,IEEE 754,CLM-812457,Android,Noah is a Designer with 11 years of experience.,Type 2 Diabetes,MRN-548100,Diabetes Mellitus,335 days,Hearing,Anxiety,%B5386841875604561^WILLIAMS/LINDA^2610,INS-426015,UTF-16,CLM-434652,raw.events -> exports,Diabetes Mellitus,2026-10-23,Lisinopril,Physical Exam,Lisinopril,Low,MRN-593227,Type 2 Diabetes,INS-817550,Diabetes Mellitus,None
WBC: 278.7 K/uL,ECG,B+,5.5.9,80.0,05:50:12,Technology,Shellfish,Depression,Sydney,Lisinopril 10mg,Dear {{customer}},O+,Hearing,A-,Latex,Peanuts,The system tracks operational metrics.,Metformin,Peanuts,Hypertension,A+,Shellfish,BP 180/91 HR 117,Shellfish,59039,MRN-877217,Malaria,CLM-932022,Type 2 Diabetes,9902397,COVID-19,Albuterol 90mcg,MRN-509451,Influenza,CLM-203220,U,WBC: 68.0 mg/dL,Hearing,Diabetes Mellitus,Ibuprofen 200mg,XXXX-XXXX-XXXX-4598,808-44-8028,Depression,false,WBC: 291.2 g/dL,tenant-045,Amoxicillin,Glucose: 81.8 g/dL,BP 163/92 HR 55,B-,Influenza,Marketing,This record manages compliance records.,Physical Exam,Depression,Arthritis,Asthma,Influenza,Associate's,MRN-734571,failed,CLM-297980,Rejected,Meets expectations,491 279 3726,MRI Brain,O-,CLM-224545,Lisinopril,created_at,BP 166/62 HR 92,B-,BP 125/72 HR 89,Omeprazole 20mg,MRI Brain,UNIQUE,BP 172/80 HR 96,Visual,Singapore,Visual,Physical Exam,Visual,Omeprazole 20mg,Diabetes Mellitus,36.1,Ibuprofen,Anxiety,Shellfish,POSIX,CLM-790591,Android,David is a Product Manager with 10 years of experience.,Migraine,MRN-250156,COVID-19,248 days,Cognitive,Arthritis,%B3645751121193874^ROBINSON/MICHAEL^2507,INS-162407,UTF-16,CLM-577870,curated.events -> exports,Diabetes Mellitus,2026-10-17,Ibuprofen,Colonoscopy,Lisinopril,Negligible,MRN-236649,Type 2 Diabetes,INS-813457,Malaria,Cognitive
Cholesterol: 217.2 mg/dL,MRI Brain,A+,0.1.88,67.6,20:41:24,Manufacturing,Pollen,Hypertension,Portland,Albuterol 90mcg,Order #{{id}},B-,Cognitive,O+,Latex,None,The product manages operational metrics.,Ibuprofen,Shellfish,Type 2 Diabetes,B-,Shellfish,BP 95/63 HR 114,Peanuts,15122,MRN-855203,Malaria,CLM-928298,Asthma,149618,Malaria,Ibuprofen 200mg,MRN-530615,Influenza,CLM-489828,R,Hemoglobin: 189.2 g/dL,Visual,Diabetes Mellitus,Metformin 500mg,5475-2993-5527-2180,XXX-XX-8566,Hypertension,false,Hemoglobin: 165.7 g/dL,tenant-001,Amoxicillin,WBC: 228.5 mg/dL,BP 172/108 HR 114,A+,Diabetes Mellitus,Operations,The customer account represents transaction histories.,Physical Exam,Arthritis,Type 2 Diabetes,Type 2 Diabetes,Malaria,Master's,MRN-111693,inactive,CLM-838068,In Review,Exceeds expectations,747 585 8602,Physical Exam,O+,CLM-655476,Lisinopril,type,BP 92/108 HR 103,B+,BP 176/62 HR 106,Ibuprofen 200mg,Physical Exam,NOT NULL,BP 111/73 HR 78,Hearing,Busan,Visual,Physical Exam,Visual,Ibuprofen 200mg,COVID-19,72.4,Lisinopril,Migraine,Shellfish,IEEE 754,CLM-104668,Windows,Emma is a Software Engineer with 25 years of experience.,Anxiety,MRN-560315,Diabetes Mellitus,21 days,Cognitive,Anxiety,%B5976246274952154^HARRIS/LUCAS^2903,INS-490300,UTF-16,CLM-891024,staging.events -> reports,Influenza,2025-02-16,Amoxicillin,Blood Draw,Ibuprofen,Low,MRN-798781,Arthritis,INS-213507,Tuberculosis,Visual
Cholesterol: 116.8 mg/dL,X-Ray Chest,A+,3.18.31,86.2,11:34:05,Healthcare,Pollen,Migraine,Sydney,Albuterol 90mcg,Dear {{customer}},B-,Cognitive,AB+,Shellfish,Latex,The system manages transaction histories.,Lisinopril,Shellfish,Type 2 Diabetes,A-,Penicillin,BP 94/75 HR 98,Penicillin,70999,MRN-914592,Diabetes Mellitus,CLM-420194,Hypertension,2885925,COVID-19,Omeprazole 20mg,MRN-852094,Tuberculosis,CLM-308326,G,Hemoglobin: 60.0 mg/dL,None,Malaria,Ibuprofen 200mg,5315-8178-3371-9186,111-61-4731,Arthritis,true,WBC: 177.1 mg/dL,tenant-034,Lisinopril,WBC: 86.8 mg/dL,BP 94/63 HR 108,B-,Influenza,Engineering,The customer account tracks data processing activities.,ECG,Migraine,Anxiety,Depression,COVID-19,Associate's,MRN-620093,rejected,CLM-241159,Rejected,Exceeds expectations,(939) 469-6691,X-Ray Chest,A-,CLM-942838,Ibuprofen,created_at,BP 95/101 HR 110,AB-,BP 95/65 HR 73,Omeprazole 20mg,Blood Draw,MATCHES '^[A-Z]+',BP 112/81 HR 80,Cognitive,Port of LA,Visual,Colonoscopy,Mobility,Albuterol 90mcg,Malaria,92.6,Aspirin,Hypertension,Shellfish,W3C Date,CLM-721059,Android,Jessica is a Data Analyst with 21 years of experience.,Migraine,MRN-201654,Tuberculosis,19 days,Hearing,Hypertension,%B9320702731587302^HARRIS/JOHN^3008,INS-631534,UTF-8,CLM-792389,curated.orders -> exports,Tuberculosis,2023-04-13,Amoxicillin,ECG,Metformin,Critical,MRN-111906,Anxiety,INS-633541,Malaria,None
Glucose: 241.3 g/dL,MRI Brain,B-,4.4.73,103.6,04:17:08,Healthcare,None,Anxiety,San Francisco,Ibuprofen 200mg,Hello {{name}},A+,None,A-,Penicillin,Shellfish,The service tracks compliance records.,Ibuprofen,Penicillin,Hypertension,AB-,Penicillin,BP 98/64 HR 64,None,67231,MRN-118725,Diabetes Mellitus,CLM-957098,Arthritis,5269547,Diabetes Mellitus,Omeprazole 20mg,MRN-229046,Malaria,CLM-988782,X,Glucose: 226.8 g/dL,Hearing,Malaria,Omeprazole 20mg,5101-8232-8999-4013,368-49-3405,Arthritis,true,Hemoglobin: 184.8 mg/dL,tenant-008,Ibuprofen,Cholesterol: 283.0 K/uL,BP 168/97 HR 109,O+,Diabetes Mellitus,HR,The customer account represents compliance records.,X-Ray Chest,Hypertension,Type 2 Diabetes,Asthma,COVID-19,Associate's,MRN-158826,rejected,CLM-437920,Rejected,Meets expectations,222.275.8256,Physical Exam,A+,CLM-492522,Lisinopril,id,BP 125/107 HR 58,O+,BP 154/110 HR 82,Metformin 500mg,Physical Exam,UNIQUE,BP 155/93 HR 77,None,Singapore,Mobility,Physical Exam,Mobility,Lisinopril 10mg,COVID-19,67.0,Aspirin,Depression,Latex,IEEE 754,CLM-487614,Chrome OS,David is a CTO with 23 years of experience.,Depression,MRN-962697,Malaria,346 days,Cognitive,Hypertension,%B3718856987352282^LEE/JAMES^2612,INS-868085,Latin-1,CLM-624303,staging.events -> analytics,Diabetes Mellitus,2019-08-10,Aspirin,MRI Brain,Aspirin,Low,MRN-860951,Arthritis,INS-142012,Malaria,Cognitive
Glucose: 170.3 mg/dL,ECG,AB-,4.13.11,127.5,11:38:48,Education,Latex,Depression,New York,Lisinopril 10mg,Hello {{name}},A+,Hearing,B-,Shellfish,Shellfish,The customer account includes customer interactions.,Amoxicillin,Penicillin,Asthma,A+,Shellfish,BP 146/74 HR 108,Penicillin,74488,MRN-301777,Tuberculosis,CLM-896538,Depression,3914828,Tuberculosis,Lisinopril 10mg,MRN-113446,Influenza,CLM-851150,C,Cholesterol: 125.9 g/dL,Mobility,Tuberculosis,Ibuprofen 200mg,XXXX-XXXX-XXXX-9863,144-60-8149,Depression,false,Hemoglobin: 237.8 K/uL,tenant-005,Lisinopril,Cholesterol: 136.6 g/dL,BP 158/107 HR 84,AB-,COVID-19,Marketing,This record manages customer interactions.,MRI Brain,Type 2 Diabetes,Arthritis,Anxiety,Tuberculosis,High School,MRN-761232,completed,CLM-577105,Pending,Meets expectations,859 909 3200,ECG,A+,CLM-854329,Ibuprofen,status,BP 116/60 HR 59,O-,BP 141/65 HR 82,Metformin 500mg,Colonoscopy,BETWEEN 1 AND 100,BP 158/63 HR 97,Visual,Singapore,Mobility,Blood Draw,Mobility,Omeprazole 20mg,Diabetes Mellitus,80.8,Amoxicillin,Hypertension,Latex,IEEE 754,CLM-188415,iOS,Amy is a Sales Rep with 2 years of experience.,Hypertension,MRN-472239,Influenza,176 days,Cognitive,Hypertension,%B5985907815220796^WRIGHT/JOHN^2509,INS-570717,ISO-8859-1,CLM-662825,staging.users -> analytics,Diabetes Mellitus,2024-03-08,Amoxicillin,Blood Draw,Amoxicillin,High,MRN-464720,Anxiety,INS-112494,Tuberculosis,Visual
Glucose: 70.9 g/dL,Colonoscopy,O-,3.13.8,63.9,16:25:08,Education,Shellfish,Anxiety,Tokyo,Ibuprofen 200mg,Hello {{name}},AB+,None,A-,Latex,Penicillin,The system tracks data processing activities.,Aspirin,Pollen,Type 2 Diabetes,A+,Penicillin,BP 136/83 HR 120,Peanuts,32197,MRN-345162,Tuberculosis,CLM-625732,Anxiety,2531649,Diabetes Mellitus,Lisinopril 10mg,MRN-230863,COVID-19,CLM-559864,Z,Hemoglobin: 178.7 g/dL,Mobility,Malaria,Omeprazole 20mg,6011-5695-9787-9493,XXX-XX-1667,Migraine,false,Cholesterol: 64.1 g/dL,tenant-043,Aspirin,WBC: 101.1 mg/dL,BP 96/110 HR 102,B-,Malaria,Operations,This record monitors customer interactions.,Colonoscopy,Anxiety,Hypertension,Hypertension,Malaria,PhD,MRN-826543,approved,CLM-770383,Approved,Needs improvement,(305) 613-4516,Blood Draw,B-,CLM-779818,Ibuprofen,type,BP 99/61 HR 101,A+,BP 109/96 HR 56,Metformin 500mg,X-Ray Chest,MATCHES '^[A-Z]+',BP 119/105 HR 88,Visual,Hamburg,Visual,X-Ray Chest,Visual,Omeprazole 20mg,Diabetes Mellitus,53.6,Amoxicillin,Hypertension,Latex,W3C Date,CLM-275420,Windows,Emily is a Data Analyst with 5 years of experience.,Hypertension,MRN-639772,Influenza,71 days,Visual,Depression,%B9570910210042651^JOHNSON/SARAH^2809,INS-298589,UTF-8,CLM-667134,raw.events -> analytics,Diabetes Mellitus,2025-06-27,Metformin,X-Ray Chest,Ibuprofen,High,MRN-997495,Depression,INS-957754,Malaria,Mobility
Hemoglobin: 243.6 g/dL,X-Ray Chest,B-,0.10.10,71.6,16:11:16,Finance,Latex,Asthma,Portland,Lisinopril 10mg,Hello {{name}},O+,Mobility,O+,Latex,Latex,The system includes customer interactions.,Ibuprofen,Penicillin,Asthma,O-,Pollen,BP 173/107 HR 61,Penicillin,52353,MRN-694484,Tuberculosis,CLM-670171,Type 2 Diabetes,USR-626709,Malaria,Metformin 500mg,MRN-977386,Malaria,CLM-660218,F,Glucose: 186.5 K/uL,Visual,Diabetes Mellitus,Omeprazole 20mg,XXXX-XXXX-XXXX-2920,840-37-4635,Anxiety,false,Cholesterol: 86.3 mg/dL,tenant-050,Lisinopril,Cholesterol: 217.4 g/dL,BP 120/68 HR 100,B-,COVID-19,Operations,The product represents operational metrics.,MRI Brain,Anxiety,Asthma,Migraine,Tuberculosis,Associate's,MRN-467167,rejected,CLM-155948,Rejected,Meets expectations,851 852 6713,X-Ray Chest,O-,CLM-617300,Metformin,status,BP 174/71 HR 79,O-,BP 126/78 HR 118,Ibuprofen 200mg,Physical Exam,UNIQUE,BP 146/100 HR 64,None,Hamburg,Visual,ECG,Visual,Albuterol 90mcg,Diabetes Mellitus,79.1,Aspirin,Depression,Latex,W3C Date,CLM-512611,iOS,Liam is a Data Analyst with 23 years of experience.,Arthritis,MRN-399292,Malaria,270 days,Visual,Hypertension,%B0253253259164380^HARRIS/ELIZABETH^2501,INS-122055,UTF-8,CLM-686396,staging.users -> analytics,Malaria,2018-10-25,Aspirin,Blood Draw,Amoxicillin,High,MRN-632905,Type 2 Diabetes,INS-972529,Malaria,None
Cholesterol: 260.1 mg/dL,ECG,A-,2.10.42,63.2,18:51:03,Technology,Penicillin,Migraine,Sydney,Metformin 500mg,Dear {{customer}},AB-,None,AB+,Latex,Peanuts,This record manages compliance records.,Lisinopril,Pollen,Hypertension,O+,Latex,BP 132/97 HR 69,Peanuts,84348,MRN-577962,Tuberculosis,CLM-805266,Asthma,364531,Malaria,Lisinopril 10mg,MRN-341644,Influenza,CLM-141678,C,WBC: 68.7 K/uL,Cognitive,Malaria,Ibuprofen 200mg,4116-3028-6077-3322,606-93-3245,Type 2 Diabetes,false,Hemoglobin: 272.8 K/uL,tenant-025,Ibuprofen,Hemoglobin: 51.5 K/uL,BP 147/72 HR 85,A-,COVID-19,Sales,The customer account represents customer interactions.,Physical Exam,Hypertension,Anxiety,Anxiety,Influenza,Master's,MRN-697876,rejected,CLM-586730,In Review,Outstanding,(809) 828-6127,X-Ray Chest,B-,CLM-583495,Lisinopril,email,BP 162/108 HR 76,A+,BP 149/110 HR 80,Ibuprofen 200mg,X-Ray Chest,CHECK (val > 0),BP 98/89 HR 111,Hearing,Singapore,Visual,Blood Draw,Cognitive,Albuterol 90mcg,Tuberculosis,53.4,Metformin,Hypertension,None,RFC 3339,CLM-318673,Linux,Mason is a Product Manager with 16 years of experience.,Type 2 Diabetes,MRN-464571,Malaria,272 days,Hearing,Type 2 Diabetes,%B4589494110892016^RODRIGUEZ/EMMA^2709,INS-721786,UTF-8,CLM-269757,raw.orders -> analytics,Diabetes Mellitus,2024-03-05,Ibuprofen,MRI Brain,Amoxicillin,Medium,MRN-523650,Depression,INS-799408,Malaria,Cognitive
Glucose: 194.6 K/uL,X-Ray Chest,B-,4.12.95,122.4,22:24:40,Energy,None,Anxiety,Seattle,Albuterol 90mcg,{{date}} - {{event}},AB-,Cognitive,AB-,Shellfish,None,The product tracks compliance records.,Ibuprofen,Peanuts,Migraine,A+,Penicillin,BP 146/66 HR 64,None,45537,MRN-643441,Tuberculosis,CLM-747737,Arthritis,1924593,Diabetes Mellitus,Ibuprofen 200mg,MRN-384966,COVID-19,CLM-899297,R,WBC: 242.2 K/uL,Hearing,Malaria,Metformin 500mg,4075-7854-4691-3258,XXX-XX-5898,Hypertension,false,Hemoglobin: 190.9 g/dL,tenant-028,Lisinopril,Cholesterol: 77.2 g/dL,BP 175/62 HR 64,A+,COVID-19,Support,The customer account monitors customer interactions.,MRI Brain,Depression,Anxiety,Arthritis,Influenza,PhD,MRN-905037,inactive,CLM-415635,Pending,Needs improvement,231-861-4634,ECG,AB+,CLM-986200,Amoxicillin,name,BP 93/107 HR 101,A+,BP 114/101 HR 89,Lisinopril 10mg,Blood Draw,NOT NULL,BP 106/76 HR 101,Visual,Shanghai,Mobility,Physical Exam,None,Metformin 500mg,Diabetes Mellitus,5.7,Metformin,Asthma,Pollen,RFC 3339,CLM-913768,Windows,Liam is a VP Engineering with 30 years of experience.,Arthritis,MRN-887951,COVID-19,189 days,Cognitive,Type 2 Diabetes,%B7368584923878670^DAVIS/OLIVIA^2506,INS-246173,UTF-8,CLM-927981,raw.orders -> analytics,Influenza,2023-03-03,Ibuprofen,Colonoscopy,Lisinopril,Medium,MRN-672169,Anxiety,INS-726097,Tuberculosis,None
Hemoglobin: 107.2 g/dL,Physical Exam,B-,4.19.3,2.2,08:50:53,Manufacturing,Shellfish,Migraine,Houston,Omeprazole 20mg,Hello {{name}},O+,Cognitive,A+,Latex,None,The system monitors data processing activities.,Ibuprofen,Pollen,Depression,A-,Shellfish,BP 173/60 HR 86,Penicillin,83769,MRN-605279,COVID-19,CLM-655274,Arthritis,TXN-801912,Diabetes Mellitus,Albuterol 90mcg,MRN-530008,Influenza,CLM-625551,V,WBC: 143.0 K/uL,Visual,COVID-19,Lisinopril 10mg,6011-5916-7345-3072,755-99-3911,Anxiety,true,Glucose: 181.5 g/dL,tenant-018,Ibuprofen,WBC: 56.5 K/uL,BP 125/78 HR 62,A-,Malaria,Legal,The product represents data processing activities.,Blood Draw,Hypertension,Depression,Migraine,Malaria,Associate's,MRN-856951,cancelled,CLM-186186,Approved,Meets expectations,(961) 576-4131,ECG,O-,CLM-633770,Lisinopril,status,BP 136/63 HR 72,AB-,BP 174/96 HR 83,Ibuprofen 200mg,X-Ray Chest,MATCHES '^[A-Z]+',BP 126/96 HR 102,Cognitive,Singapore,None,Blood Draw,Visual,Omeprazole 20mg,Malaria,55.7,Metformin,Depression,Pollen,IEEE 754,CLM-890117,macOS,James is a Data Analyst with 20 years of experience.,Asthma,MRN-895609,Diabetes Mellitus,18 days,Hearing,Asthma,%B8383635786150361^LEWIS/JAMES^2606,INS-713920,ASCII,CLM-886076,curated.users -> exports,Influenza,2026-01-18,Lisinopril,ECG,Ibuprofen,Low,MRN-464620,Asthma,INS-895973,Malaria,Cognitive
Hemoglobin: 119.2 mg/dL,Physical Exam,AB+,0.8.11,118.1,19:39:36,Education,Latex,Type 2 Diabetes,Boston,Metformin 500mg,Order #{{id}},B+,Mobility,A+,Shellfish,None,The service includes data processing activities.,Metformin,Penicillin,Hypertension,O+,Latex,BP 167/81 HR 115,Latex,79538,MRN-546767,COVID-19,CLM-212325,Hypertension,7742377,Diabetes Mellitus,Metformin 500mg,MRN-259272,COVID-19,CLM-555401,X,Hemoglobin: 119.8 mg/dL,Visual,Diabetes Mellitus,Metformin 500mg,4730-5881-9220-6089,112-62-6250,Anxiety,false,Hemoglobin: 229.9 mg/dL,tenant-027,Amoxicillin,Cholesterol: 269.9 K/uL,BP 110/61 HR 106,B+,Tuberculosis,Marketing,This record includes transaction histories.,ECG,Arthritis,Type 2 Diabetes,Anxiety,Influenza,Master's,MRN-410373,failed,CLM-667579,In Review,Exceeds expectations,+12199041471,ECG,A+,CLM-243805,Amoxicillin,email,BP 140/104 HR 80,O+,BP 171/106 HR 104,Omeprazole 20mg,Colonoscopy,NOT NULL,BP 178/60 HR 67,Cognitive,Singapore,Mobility,Colonoscopy,Hearing,Metformin 500mg,Influenza,6.9,Aspirin,Hypertension,Penicillin,IEEE 754,CLM-575465,Windows,Emily is a Data Analyst with 19 years of experience.,Type 2 Diabetes,MRN-187381,Tuberculosis,315 days,None,Migraine,%B5100872579053224^MOORE/ELIZABETH^2905,INS-692332,UTF-8,CLM-913457,curated.users -> exports,Malaria,2019-05-30,Metformin,Physical Exam,Ibuprofen,Critical,MRN-920761,Asthma,INS-210685,Influenza,Cognitive
WBC: 149.7 mg/dL,Blood Draw,O+,0.19.72,9.1,17:23:58,Technology,Shellfish,Asthma,Berlin,Omeprazole 20mg,Dear {{customer}},AB-,Mobility,AB-,Shellfish,Latex,The customer account tracks compliance records.,Metformin,Shellfish,Asthma,A-,Latex,BP 161/106 HR 92,Penicillin,21771,MRN-805193,COVID-19,CLM-841471,Depression,2115291,Diabetes Mellitus,Lisinopril 10mg,MRN-269277,Malaria,CLM-994039,T,WBC: 96.8 K/uL,Mobility,Influenza,Metformin 500mg,XXXX-XXXX-XXXX-0912,242-74-6611,Arthritis,false,Hemoglobin: 108.8 mg/dL,tenant-049,Metformin,WBC: 242.0 K/uL,BP 123/105 HR 63,B-,Tuberculosis,Engineering,The product includes transaction histories.,Colonoscopy,Migraine,Migraine,Arthritis,Diabetes Mellitus,Master's,MRN-185610,inactive,CLM-134462,Rejected,Needs improvement,305-622-3892,Blood Draw,AB+,CLM-651994,Ibuprofen,name,BP 126/108 HR 63,AB-,BP 133/75 HR 109,Albuterol 90mcg,Colonoscopy,NOT NULL,BP 168/109 HR 79,Hearing,Singapore,Mobility,X-Ray Chest,Visual,Lisinopril 10mg,Diabetes Mellitus,34.0,Metformin,Hypertension,None,POSIX,CLM-557819,iOS,Emma is a VP Engineering with 3 years of experience.,Hypertension,MRN-951469,Influenza,127 days,Visual,Hypertension,%B8681125478833895^ANDERSON/MASON^2803,INS-355624,Latin-1,CLM-472492,staging.orders -> exports,Influenza,2020-03-09,Metformin,ECG,Amoxicillin,Negligible,MRN-275669,Type 2 Diabetes,INS-446485,Diabetes Mellitus,Mobility
Hemoglobin: 158.1 g/dL,Colonoscopy,AB+,4.6.43,52.0,00:16:59,Energy,Pollen,Type 2 Diabetes,Sydney,Metformin 500mg,Dear {{customer}},O-,Visual,A-,Latex,Latex,The system manages operational metrics.,Metformin,Shellfish,Hypertension,O-,Penicillin,BP 172/105 HR 114,Pollen,86236,MRN-166902,Influenza,CLM-845431,Depression,185128,Malaria,Albuterol 90mcg,MRN-226143,COVID-19,CLM-755532,M,Hemoglobin: 250.6 mg/dL,Mobility,Influenza,Omeprazole 20mg,6011-4495-2933-9953,XXX-XX-1111,Asthma,false,WBC: 64.4 g/dL,tenant-015,Aspirin,Glucose: 240.1 g/dL,BP 153/107 HR 88,O-,Malaria,Sales,The system includes compliance records.,MRI Brain,Hypertension,Depression,Depression,Malaria,Bachelor's,MRN-454260,rejected,CLM-551512,Rejected,Needs improvement,323.679.1914,Physical Exam,O-,CLM-297383,Ibuprofen,amount,BP 164/85 HR 67,AB+,BP 122/104 HR 118,Metformin 500mg,Colonoscopy,MATCHES '^[A-Z]+',BP 167/107 HR 109,Cognitive,Busan,Visual,Colonoscopy,Hearing,Metformin 500mg,Influenza,12.2,Ibuprofen,Migraine,Penicillin,IEEE 754,CLM-428529,Windows,Mary is a Product Manager with 28 years of experience.,Type 2 Diabetes,MRN-685080,Diabetes Mellitus,19 days,Hearing,Depression,%B4606007620934468^GARCIA/EMMA^2705,INS-288856,ISO-8859-1,CLM-779942,curated.orders -> analytics,Diabetes Mellitus,2020-10-25,Metformin,MRI Brain,Aspirin,Medium,MRN-437581,Asthma,INS-316111,Tuberculosis,Hearing
Glucose: 194.9 mg/dL,ECG,A-,4.16.34,80.5,23:41:58,Finance,None,Type 2 Diabetes,New York,Lisinopril 10mg,Hello {{name}},B+,None,O-,Shellfish,Latex,This record tracks customer interactions.,Aspirin,Penicillin,Arthritis,AB+,Peanuts,BP 144/77 HR 76,Shellfish,86187,MRN-637340,Malaria,CLM-558836,Arthritis,ORD-872122,Diabetes Mellitus,Omeprazole 20mg,MRN-967338,Tuberculosis,CLM-878869,E,Cholesterol: 224.5 g/dL,Hearing,Malaria,Omeprazole 20mg,4050-9547-8851-7544,XXX-XX-8991,Depression,false,Cholesterol: 199.0 g/dL,tenant-044,Aspirin,WBC: 271.3 g/dL,BP 143/87 HR 57,A-,Tuberculosis,Marketing,The system includes data processing activities.,MRI Brain,Depression,Anxiety,Hypertension,COVID-19,Associate's,MRN-450389,rejected,CLM-711085,Approved,Needs improvement,(894) 736-4888,MRI Brain,AB+,CLM-550467,Aspirin,amount,BP 155/86 HR 81,O+,BP 166/65 HR 60,Omeprazole 20mg,Blood Draw,BETWEEN 1 AND 100,BP 161/90 HR 118,Visual,Shanghai,Mobility,X-Ray Chest,Hearing,Lisinopril 10mg,Influenza,44.7,Lisinopril,Type 2 Diabetes,Latex,RFC 3339,CLM-300585,macOS,Elizabeth is a Software Engineer with 13 years of experience.,Arthritis,MRN-166494,Malaria,60 days,Cognitive,Asthma,%B6114477145830599^MILLER/MASON^2904,INS-272427,Latin-1,CLM-645871,raw.orders -> analytics,Tuberculosis,2026-04-05,Lisinopril,ECG,Metformin,Negligible,MRN-738183,Arthritis,INS-673615,COVID-19,Visual
Glucose: 118.2 g/dL,Colonoscopy,B+,5.9.80,61.5,05:34:06,Education,Shellfish,Asthma,Seattle,Ibuprofen 200mg,{{date}} - {{event}},O-,Hearing,B-,Penicillin,Peanuts,The system manages transaction histories.,Metformin,Latex,Asthma,O-,Peanuts,BP 127/102 HR 78,Penicillin,30844,MRN-183518,Influenza,CLM-702945,Migraine,ORD-845854,Diabetes Mellitus,Albuterol 90mcg,MRN-136601,Malaria,CLM-885997,W,Glucose: 101.0 g/dL,None,Diabetes Mellitus,Ibuprofen 200mg,4771-4656-5228-0091,XXX-XX-3886,Arthritis,true,WBC: 260.0 g/dL,tenant-038,Aspirin,Cholesterol: 135.4 mg/dL,BP 153/71 HR 112,AB-,Diabetes Mellitus,HR,The product represents data processing activities.,Colonoscopy,Asthma,Arthritis,Type 2 Diabetes,Diabetes Mellitus,High School,MRN-263754,cancelled,CLM-664909,In Review,Needs improvement,842.837.8006,ECG,A+,CLM-414076,Ibuprofen,created_at,BP 111/101 HR 74,AB+,BP 149/69 HR 77,Metformin 500mg,Blood Draw,MATCHES '^[A-Z]+',BP 97/63 HR 105,Hearing,Shanghai,None,Physical Exam,Mobility,Omeprazole 20mg,Tuberculosis,21.4,Amoxicillin,Migraine,Penicillin,ISO 8601,CLM-245855,Android,Liam is a Data Analyst with 23 years of experience.,Arthritis,MRN-430406,Tuberculosis,10 days,Cognitive,Depression,%B5916161470796082^KING/LIAM^2902,INS-415461,UTF-16,CLM-391660,raw.events -> reports,Influenza,2026-12-07,Metformin,ECG,Amoxicillin,Medium,MRN-136697,Depression,INS-398103,Diabetes Mellitus,Hearing
Hemoglobin: 154.1 K/uL,MRI Brain,A-,3.18.43,107.6,21:07:09,Finance,Shellfish,Anxiety,New York,Omeprazole 20mg,Order #{{id}},AB+,Mobility,B-,Shellfish,Shellfish,The service monitors customer interactions.,Ibuprofen,None,Hypertension,B-,Pollen,BP 99/72 HR 108,Pollen,70041,MRN-115505,Diabetes Mellitus,CLM-110993,Anxiety,911009,COVID-19,Albuterol 90mcg,MRN-298440,Tuberculosis,CLM-302121,K,Cholesterol: 251.7 g/dL,None,COVID-19,Ibuprofen 200mg,XXXX-XXXX-XXXX-3161,XXX-XX-5808,Asthma,false,Cholesterol: 280.5 g/dL,tenant-027,Ibuprofen,Glucose: 148.5 K/uL,BP 114/107 HR 102,AB+,Diabetes Mellitus,Finance,The product tracks customer interactions.,X-Ray Chest,Migraine,Arthritis,Migraine,Malaria,Master's,MRN-125318,cancelled,CLM-982331,In Review,Needs improvement,+18603141234,Blood Draw,O-,CLM-208769,Aspirin,created_at,BP 131/91 HR 118,B-,BP 167/100 HR 112,Omeprazole 20mg,ECG,UNIQUE,BP 118/78 HR 68,None,Hamburg,Visual,ECG,Visual,Omeprazole 20mg,Malaria,17.6,Ibuprofen,Migraine,Penicillin,ISO 8601,CLM-277779,Windows,Susan is a VP Engineering with 20 years of experience.,Depression,MRN-931545,Malaria,317 days,Visual,Depression,%B6880247591713394^RODRIGUEZ/SARAH^2608,INS-996057,ASCII,CLM-220368,curated.users -> reports,Diabetes Mellitus,2021-08-14,Lisinopril,Blood Draw,Ibuprofen,Medium,MRN-362854,Type 2 Diabetes,INS-183215,Malaria,Visual
Glucose: 216.1 g/dL,Physical Exam,B-,4.2.27,21.7,07:11:59,Finance,Penicillin,Type 2 Diabetes,San Francisco,Metformin 500mg,{{date}} - {{event}},O+,Visual,B-,Pollen,Pollen,The customer account includes data processing activities.,Amoxicillin,Peanuts,Anxiety,AB-,Pollen,BP 101/66 HR 104,Pollen,7108,MRN-776674,Influenza,CLM-592821,Type 2 Diabetes,3347278,Influenza,Albuterol 90mcg,MRN-807443,Influenza,CLM-723595,K,WBC: 180.2 g/dL,Hearing,Influenza,Lisinopril 10mg,3795-6742-6798-3961,551-35-2352,Arthritis,false,Cholesterol: 109.7 g/dL,tenant-009,Lisinopril,Glucose: 76.5 mg/dL,BP 175/76 HR 81,B+,Malaria,Finance,The service monitors customer interactions.,Physical Exam,Anxiety,Depression,Asthma,Influenza,PhD,MRN-924012,active,CLM-184658,Rejected,Needs improvement,(257) 383-8587,Blood Draw,B-,CLM-109607,Metformin,amount,BP 167/99 HR 93,A-,BP 93/77 HR 93,Omeprazole 20mg,X-Ray Chest,UNIQUE,BP 94/70 HR 91,Mobility,Port of LA,Visual,Blood Draw,Hearing,Albuterol 90mcg,COVID-19,33.4,Aspirin,Migraine,Pollen,RFC 3339,CLM-159761,Linux,Anna is a Sales Rep with 3 years of experience.,Migraine,MRN-189603,Diabetes Mellitus,198 days,Hearing,Type 2 Diabetes,%B2580518799760228^WILLIAMS/AMY^2610,INS-886199,Latin-1,CLM-155596,curated.orders -> exports,Tuberculosis,2018-08-24,Amoxicillin,Blood Draw,Amoxicillin,High,MRN-416804,Asthma,INS-281422,Malaria,None
Cholesterol: 185.5 mg/dL,Colonoscopy,O+,1.1.13,20.9,14:23:01,Manufacturing,Peanuts,Migraine,Phoenix,Omeprazole 20mg,Hello {{name}},AB-,Mobility,B+,None,None,The system monitors compliance records.,Aspirin,Shellfish,Anxiety,O-,Latex,BP 145/80 HR 111,None,11053,MRN-834675,COVID-19,CLM-598198,Depression,6674537,Tuberculosis,Lisinopril 10mg,MRN-274824,COVID-19,CLM-543452,Y,Glucose: 211.4 mg/dL,Hearing,COVID-19,Lisinopril 10mg,XXXX-XXXX-XXXX-9131,755-99-9575,Arthritis,false,Hemoglobin: 147.7 K/uL,tenant-035,Amoxicillin,WBC: 50.6 mg/dL,BP 144/92 HR 69,B-,Malaria,Operations,The customer account represents transaction histories.,MRI Brain,Migraine,Hypertension,Arthritis,Tuberculosis,High School,MRN-523186,pending,CLM-518852,In Review,Exceeds expectations,+17849646748,Colonoscopy,A+,CLM-120857,Lisinopril,id,BP 170/76 HR 75,A-,BP 143/75 HR 62,Metformin 500mg,Blood Draw,CHECK (val > 0),BP 139/78 HR 98,Visual,Port of LA,Cognitive,MRI Brain,None,Ibuprofen 200mg,Influenza,52.0,Metformin,Type 2 Diabetes,Latex,RFC 3339,CLM-372536,macOS,Susan is a Product Manager with 11 years of experience.,Hypertension,MRN-828810,Diabetes Mellitus,29 days,Hearing,Hypertension,%B4347772723402465^HARRIS/JAMES^2704,INS-927598,ASCII,CLM-230574,staging.events -> analytics,Diabetes Mellitus,2021-09-07,Amoxicillin,MRI Brain,Amoxicillin,Low,MRN-211249,Arthritis,INS-331073,Malaria,Cognitive
WBC: 269.1 mg/dL,X-Ray Chest,AB-,4.6.45,84.4,09:45:27,Energy,Pollen,Arthritis,Portland,Omeprazole 20mg,{{date}} - {{event}},B+,Mobility,B-,Latex,Penicillin,The customer account includes data processing activities.,Metformin,Peanuts,Migraine,O+,Peanuts,BP 131/66 HR 90,Peanuts,71935,MRN-571647,Malaria,CLM-579448,Migraine,9879711,Diabetes Mellitus,Metformin 500mg,MRN-315047,Malaria,CLM-106160,Z,Hemoglobin: 245.6 g/dL,Mobility,Influenza,Omeprazole 20mg,3735-8512-3229-8817,698-96-8889,Type 2 Diabetes,true,Glucose: 161.3 g/dL,tenant-035,Aspirin,Cholesterol: 161.0 g/dL,BP 164/109 HR 70,B-,Diabetes Mellitus,Operations,The system monitors compliance records.,ECG,Hypertension,Asthma,Type 2 Diabetes,COVID-19,High School,MRN-272341,pending,CLM-441919,Rejected,Needs improvement,543.975.3098,MRI Brain,AB+,CLM-486147,Ibuprofen,status,BP 176/87 HR 55,A-,BP 158/89 HR 84,Omeprazole 20mg,Blood Draw,NOT NULL,BP 113/94 HR 95,Cognitive,Busan,None,Physical Exam,Cognitive,Lisinopril 10mg,Tuberculosis,6.6,Lisinopril,Arthritis,None,RFC 3339,CLM-326867,Linux,Susan is a Sales Rep with 16 years of experience.,Migraine,MRN-665738,Influenza,223 days,Hearing,Hypertension,%B8834076361363835^ANDERSON/LIAM^2507,INS-306001,Latin-1,CLM-291254,staging.users -> analytics,Malaria,2024-01-18,Lisinopril,ECG,Metformin,High,MRN-956511,Migraine,INS-545559,Diabetes Mellitus,Visual
WBC: 72.9 K/uL,Colonoscopy,O+,1.16.88,106.2,22:33:43,Energy,Pollen,Hypertension,Miami,Albuterol 90mcg,{{date}} - {{event}},B-,Visual,A+,Peanuts,None,This record includes data processing activities.,Lisinopril,Pollen,Hypertension,A-,Latex,BP 123/60 HR 96,None,76191,MRN-566691,Influenza,CLM-953995,Anxiety,8752469,COVID-19,Lisinopril 10mg,MRN-923841,Malaria,CLM-396426,P,Cholesterol: 240.7 K/uL,Cognitive,Influenza,Ibuprofen 200mg,5577-3971-8493-5053,690-92-2452,Asthma,true,Hemoglobin: 53.8 mg/dL,tenant-042,Lisinopril,Glucose: 212.0 K/uL,BP 141/94 HR 81,A-,Tuberculosis,Engineering,The customer account tracks transaction histories.,Blood Draw,Arthritis,Hypertension,Arthritis,Influenza,High School,MRN-525709,inactive,CLM-559181,In Review,Meets expectations,(878) 946-1943,Colonoscopy,AB-,CLM-604052,Aspirin,id,BP 160/79 HR 93,B+,BP 137/93 HR 98,Ibuprofen 200mg,MRI Brain,UNIQUE,BP 164/93 HR 67,None,Busan,Cognitive,Physical Exam,Hearing,Albuterol 90mcg,Malaria,79.3,Ibuprofen,Depression,Penicillin,RFC 3339,CLM-492937,Android,David is a Product Manager with 1 years of experience.,Anxiety,MRN-639611,COVID-19,34 days,Visual,Hypertension,%B2286446708807098^RODRIGUEZ/ETHAN^2405,INS-819039,UTF-16,CLM-693656,staging.events -> exports,Diabetes Mellitus,2019-04-29,Lisinopril,Blood Draw,Lisinopril,Critical,MRN-232952,Depression,INS-912184,Diabetes Mellitus,Hearing
Cholesterol: 97.5 mg/dL,Blood Draw,AB-,3.9.17,33.7,07:09:07,Manufacturing,Penicillin,Depression,London,Metformin 500mg,Order #{{id}},AB+,Hearing,A+,Latex,Shellfish,The customer account tracks customer interactions.,Ibuprofen,None,Asthma,B+,Latex,BP 151/86 HR 80,Shellfish,60065,MRN-241950,Influenza,CLM-257462,Hypertension,612547,Tuberculosis,Ibuprofen 200mg,MRN-647239,Diabetes Mellitus,CLM-624311,Z,WBC: 182.8 g/dL,Visual,Influenza,Albuterol 90mcg,XXXX-XXXX-XXXX-8358,300-21-1158,Hypertension,false,Cholesterol: 223.1 mg/dL,tenant-004,Aspirin,WBC: 89.4 g/dL,BP 139/75 HR 55,A+,Diabetes Mellitus,Operations,The customer account monitors data processing activities.,Blood Draw,Asthma,Anxiety,Type 2 Diabetes,Influenza,PhD,MRN-653968,cancelled,CLM-140381,Rejected,Needs improvement,634 493 7115,MRI Brain,B-,CLM-201803,Amoxicillin,name,BP 163/72 HR 55,AB-,BP 161/68 HR 86,Omeprazole 20mg,MRI Brain,BETWEEN 1 AND 100,BP 177/101 HR 69,Cognitive,Rotterdam,Visual,Colonoscopy,None,Ibuprofen 200mg,COVID-19,69.5,Metformin,Anxiety,Shellfish,W3C Date,CLM-667360,Android,Mary is a Product Manager with 18 years of experience.,Depression,MRN-574583,Tuberculosis,266 days,Cognitive,Type 2 Diabetes,%B3066121892669004^JONES/LINDA^2510,INS-256431,UTF-8,CLM-117739,raw.orders -> analytics,Diabetes Mellitus,2025-07-10,Lisinopril,Physical Exam,Lisinopril,Critical,MRN-907700,Depression,INS-578436,Influenza,Cognitive
Glucose: 119.6 g/dL,Physical Exam,O-,1.11.12,9.4,23:10:26,Healthcare,Shellfish,Type 2 Diabetes,Tokyo,Omeprazole 20mg,Order #{{id}},B+,Visual,AB-,Penicillin,Pollen,The service represents data processing activities.,Aspirin,None,Migraine,A+,Pollen,BP 107/110 HR 84,Shellfish,32050,MRN-918692,COVID-19,CLM-386761,Anxiety,8909199,Malaria,Metformin 500mg,MRN-474630,Influenza,CLM-530334,D,Cholesterol: 183.3 g/dL,None,Influenza,Omeprazole 20mg,6011-1172-1985-5340,207-71-3183,Hypertension,false,Glucose: 183.7 mg/dL,tenant-039,Metformin,Cholesterol: 234.9 K/uL,BP 139/102 HR 113,AB+,COVID-19,Finance,This record includes customer interactions.,Physical Exam,Migraine,Arthritis,Asthma,Diabetes Mellitus,PhD,MRN-997013,pending,CLM-634764,Rejected,Needs improvement,408.307.9026,MRI Brain,O+,CLM-297228,Lisinopril,email,BP 151/108 HR 89,O+,BP 154/68 HR 59,Metformin 500mg,MRI Brain,BETWEEN 1 AND 100,BP 168/74 HR 110,None,Shanghai,None,Physical Exam,Mobility,Lisinopril 10mg,Diabetes Mellitus,45.5,Metformin,Arthritis,None,W3C Date,CLM-688165,Linux,Logan is a Data Analyst with 17 years of experience.,Hypertension,MRN-326663,COVID-19,132 days,Hearing,Type 2 Diabetes,%B6515140285849600^JOHNSON/ANNA^2809,INS-295284,ASCII,CLM-274407,staging.events -> reports,Tuberculosis,2023-05-29,Amoxicillin,Blood Draw,Lisinopril,Negligible,MRN-271130,Depression,INS-160001,Tuberculosis,Cognitive
Glucose: 107.9 mg/dL,Colonoscopy,AB-,3.3.26,55.0,10:33:11,Retail,Penicillin,Depression,Sydney,Albuterol 90mcg,Dear {{customer}},A+,Mobility,O+,Shellfish,Latex,The product represents data processing activities.,Ibuprofen,Latex,Anxiety,B+,Peanuts,BP 154/89 HR 65,Latex,8842,MRN-324069,Diabetes Mellitus,CLM-710787,Asthma,USR-556917,Diabetes Mellitus,Metformin 500mg,MRN-153397,Influenza,CLM-396073,D,Hemoglobin: 216.2 mg/dL,Visual,COVID-19,Omeprazole 20mg,3709-1435-0510-3567,546-34-5727,Arthritis,true,WBC: 127.4 mg/dL,tenant-015,Lisinopril,WBC: 140.4 K/uL,BP 172/71 HR 55,AB+,Influenza,Finance,The product monitors compliance records.,Colonoscopy,Anxiety,Arthritis,Type 2 Diabetes,Malaria,Bachelor's,MRN-960445,inactive,CLM-186968,In Review,Outstanding,+19913581643,Colonoscopy,AB-,CLM-233777,Metformin,status,BP 134/106 HR 72,B+,BP 132/103 HR 112,Ibuprofen 200mg,X-Ray Chest,MATCHES '^[A-Z]+',BP 119/89 HR 89,None,Busan,Mobility,ECG,Cognitive,Lisinopril 10mg,Tuberculosis,92.2,Metformin,Anxiety,Pollen,W3C Date,CLM-998954,Linux,Lucas is a Designer with 3 years of experience.,Anxiety,MRN-328755,Influenza,269 days,Visual,Depression,%B4815329820061106^KING/LINDA^2409,INS-626053,ASCII,CLM-526573,curated.events -> analytics,Influenza,2023-07-15,Amoxicillin,Blood Draw,Metformin,Critical,MRN-249887,Anxiety,INS-674538,Influenza,Mobility
Cholesterol: 50.3 K/uL,Colonoscopy,O+,2.20.57,65.7,10:16:39,Education,Latex,Type 2 Diabetes,Houston,Albuterol 90mcg,{{date}} - {{event}},O+,Visual,AB+,Latex,Penicillin,The service tracks operational metrics.,Aspirin,Peanuts,Arthritis,B-,Shellfish,BP 109/63 HR 60,Peanuts,23865,MRN-877311,Tuberculosis,CLM-380614,Depression,3769472,Tuberculosis,Albuterol 90mcg,MRN-503418,Malaria,CLM-293682,C,Cholesterol: 282.1 g/dL,None,Influenza,Omeprazole 20mg,6011-2915-1841-6321,693-87-7916,Anxiety,false,Glucose: 140.3 K/uL,tenant-027,Metformin,WBC: 129.3 g/dL,BP 169/86 HR 62,B+,Tuberculosis,Marketing,The service manages data processing activities.,X-Ray Chest,Asthma,Asthma,Depression,Tuberculosis,Associate's,MRN-505054,failed,CLM-352563,Pending,Exceeds expectations,+13357988493,X-Ray Chest,O-,CLM-698106,Metformin,id,BP 153/84 HR 119,O-,BP 125/77 HR 65,Omeprazole 20mg,MRI Brain,MATCHES '^[A-Z]+',BP 128/96 HR 71,Hearing,Busan,None,Physical Exam,Mobility,Omeprazole 20mg,Influenza,46.4,Amoxicillin,Hypertension,None,RFC 3339,CLM-180977,macOS,Emma is a Software Engineer with 21 years of experience.,Arthritis,MRN-296507,Malaria,271 days,Cognitive,Depression,%B0607408252908666^SMITH/RICHARD^2605,INS-254907,UTF-8,CLM-490803,staging.users -> exports,Influenza,2022-09-24,Lisinopril,MRI Brain,Aspirin,Low,MRN-768790,Arthritis,INS-968429,Tuberculosis,Cognitive
Glucose: 69.4 mg/dL,MRI Brain,AB-,5.2.63,38.5,04:49:15,Retail,Peanuts,Anxiety,Paris,Omeprazole 20mg,Dear {{customer}},AB-,None,A+,None,Penicillin,This record represents customer interactions.,Aspirin,Pollen,Asthma,AB-,None,BP 132/65 HR 105,Latex,67031,MRN-726230,Tuberculosis,CLM-133475,Asthma,REC-191035,Influenza,Albuterol 90mcg,MRN-173651,Influenza,CLM-689383,T,Glucose: 100.9 g/dL,Mobility,Diabetes Mellitus,Omeprazole 20mg,6011-6808-5309-2262,XXX-XX-2426,Migraine,false,Glucose: 279.8 mg/dL,tenant-024,Amoxicillin,Glucose: 193.4 mg/dL,BP 145/69 HR 73,A+,Malaria,Legal,The customer account tracks data processing activities.,X-Ray Chest,Arthritis,Type 2 Diabetes,Hypertension,Tuberculosis,PhD,MRN-467545,approved,CLM-425800,Rejected,Outstanding,653.657.2350,Colonoscopy,B+,CLM-127716,Aspirin,id,BP 167/71 HR 113,AB+,BP 92/71 HR 117,Ibuprofen 200mg,ECG,CHECK (val > 0),BP 150/63 HR 58,Hearing,Port of LA,Hearing,Colonoscopy,Cognitive,Ibuprofen 200mg,Diabetes Mellitus,33.5,Metformin,Anxiety,Peanuts,IEEE 754,CLM-771228,macOS,Jennifer is a VP Engineering with 13 years of experience.,Arthritis,MRN-363781,Malaria,87 days,None,Hypertension,%B8115174548246903^SMITH/ETHAN^2502,INS-665025,UTF-16,CLM-918735,staging.users -> analytics,Diabetes Mellitus,2026-06-08,Ibuprofen,MRI Brain,Aspirin,High,MRN-368290,Arthritis,INS-450503,Malaria,Cognitive
Glucose: 223.9 g/dL,MRI Brain,O+,2.8.27,21.4,08:24:07,Retail,Pollen,Migraine,Atlanta,Albuterol 90mcg,Hello {{name}},A-,Visual,O+,Peanuts,None,The service manages transaction histories.,Lisinopril,Latex,Arthritis,AB+,Shellfish,BP 176/67 HR 88,None,5210,MRN-950986,Malaria,CLM-264673,Hypertension,5943389,Influenza,Metformin 500mg,MRN-639208,Malaria,CLM-322099,N,Hemoglobin: 173.8 mg/dL,Mobility,Tuberculosis,Albuterol 90mcg,XXXX-XXXX-XXXX-6289,717-97-2000,Depression,false,WBC: 247.8 K/uL,tenant-039,Aspirin,Glucose: 144.5 K/uL,BP 140/80 HR 104,A-,Tuberculosis,HR,The system manages operational metrics.,Physical Exam,Migraine,Migraine,Type 2 Diabetes,Influenza,Associate's,MRN-544641,cancelled,CLM-493860,Pending,Outstanding,677-283-5338,Blood Draw,O-,CLM-131024,Metformin,email,BP 157/82 HR 61,AB-,BP 145/68 HR 98,Albuterol 90mcg,ECG,NOT NULL,BP 140/106 HR 60,Visual,Busan,Mobility,X-Ray Chest,Cognitive,Lisinopril 10mg,Tuberculosis,68.5,Amoxicillin,Type 2 Diabetes,None,IEEE 754,CLM-700642,Windows,Sophia is a CTO with 11 years of experience.,Type 2 Diabetes,MRN-975590,Tuberculosis,132 days,Cognitive,Depression,%B1085644748780971^JOHNSON/EMMA^2405,INS-531502,UTF-8,CLM-967266,curated.orders -> exports,Influenza,2026-06-29,Lisinopril,ECG,Metformin,High,MRN-879702,Asthma,INS-587090,COVID-19,None
Cholesterol: 100.1 mg/dL,Blood Draw,B+,1.12.69,66.8,02:15:35,Retail,None,Migraine,Paris,Metformin 500mg,Hello {{name}},A-,Hearing,B+,Latex,Latex,The product includes customer interactions.,Ibuprofen,Penicillin,Arthritis,B-,None,BP 141/83 HR 94,Penicillin,34323,MRN-908987,Malaria,CLM-788312,Depression,4299432,Malaria,Ibuprofen 200mg,MRN-306334,COVID-19,CLM-433506,D,Hemoglobin: 245.6 g/dL,Cognitive,COVID-19,Albuterol 90mcg,XXXX-XXXX-XXXX-4505,529-46-9364,Migraine,false,Glucose: 79.8 mg/dL,tenant-037,Ibuprofen,WBC: 229.8 g/dL,BP 136/76 HR 101,AB-,Diabetes Mellitus,Legal,This record tracks compliance records.,X-Ray Chest,Migraine,Anxiety,Asthma,Tuberculosis,PhD,MRN-579384,approved,CLM-435245,Pending,Needs improvement,856 754 5735,MRI Brain,A-,CLM-817911,Ibuprofen,status,BP 134/107 HR 67,O-,BP 178/78 HR 59,Omeprazole 20mg,Physical Exam,BETWEEN 1 AND 100,BP 156/67 HR 55,None,Port of LA,None,ECG,Visual,Omeprazole 20mg,COVID-19,33.2,Aspirin,Hypertension,Pollen,ISO 8601,CLM-163486,Chrome OS,Amy is a Designer with 6 years of experience.,Hypertension,MRN-765113,Diabetes Mellitus,75 days,Hearing,Migraine,%B4336263219804399^MOORE/MARY^2809,INS-355685,Latin-1,CLM-497126,staging.orders -> analytics,Diabetes Mellitus,2023-01-25,Aspirin,Physical Exam,Aspirin,High,MRN-691427,Hypertension,INS-107781,COVID-19,Cognitive
Glucose: 281.4 K/uL,Blood Draw,AB+,3.4.56,31.0,16:11:21,Technology,Pollen,Asthma,Phoenix,Ibuprofen 200mg,Dear {{customer}},O-,None,AB+,Pollen,Peanuts,This record represents operational metrics.,Ibuprofen,Latex,Type 2 Diabetes,A-,Latex,BP 130/73 HR 66,Pollen,68712,MRN-889888,Diabetes Mellitus,CLM-399003,Depression,ORD-750231,COVID-19,Omeprazole 20mg,MRN-958137,Malaria,CLM-168628,J,Hemoglobin: 173.7 K/uL,Hearing,Influenza,Albuterol 90mcg,4097-5301-5207-1291,XXX-XX-3518,Asthma,false,WBC: 170.1 mg/dL,tenant-030,Amoxicillin,Glucose: 175.8 mg/dL,BP 130/101 HR 104,B+,Diabetes Mellitus,Engineering,The system includes operational metrics.,MRI Brain,Hypertension,Arthritis,Hypertension,COVID-19,Master's,MRN-897105,rejected,CLM-429208,Pending,Exceeds expectations,796 323 3987,ECG,AB-,CLM-132042,Aspirin,email,BP 145/68 HR 57,A-,BP 124/103 HR 88,Metformin 500mg,MRI Brain,BETWEEN 1 AND 100,BP 100/74 HR 89,Mobility,Singapore,Cognitive,MRI Brain,Mobility,Albuterol 90mcg,Malaria,10.0,Ibuprofen,Type 2 Diabetes,Penicillin,POSIX,CLM-481731,macOS,Sophia is a Data Analyst with 4 years of experience.,Anxiety,MRN-191127,Influenza,247 days,Visual,Arthritis,%B7922518621741407^MOORE/LINDA^2712,INS-200753,Latin-1,CLM-564950,raw.events -> exports,Influenza,2022-06-28,Aspirin,MRI Brain,Metformin,Medium,MRN-474147,Depression,INS-806044,COVID-19,Cognitive
Glucose: 82.0 g/dL,ECG,AB+,5.15.97,4.3,04:14:42,Finance,Pollen,Depression,Sydney,Ibuprofen 200mg,Order #{{id}},AB-,None,O+,Peanuts,Penicillin,The product tracks transaction histories.,Aspirin,Peanuts,Migraine,AB-,Pollen,BP 118/100 HR 114,Peanuts,81461,MRN-981040,Malaria,CLM-981259,Asthma,ORD-337514,Tuberculosis,Lisinopril 10mg,MRN-774158,Influenza,CLM-207758,V,Cholesterol: 215.5 mg/dL,Cognitive,Diabetes Mellitus,Ibuprofen 200mg,4697-4779-2437-6212,354-75-2206,Asthma,false,Glucose: 246.4 K/uL,tenant-044,Amoxicillin,Glucose: 122.9 K/uL,BP 161/91 HR 120,B-,Malaria,Engineering,This record tracks compliance records.,ECG,Depression,Hypertension,Hypertension,COVID-19,Associate's,MRN-790289,failed,CLM-783477,Pending,Exceeds expectations,+16256202010,Colonoscopy,AB-,CLM-849749,Aspirin,name,BP 177/106 HR 61,A+,BP 149/94 HR 111,Albuterol 90mcg,MRI Brain,CHECK (val > 0),BP 164/69 HR 90,Visual,Port of LA,Visual,Colonoscopy,Hearing,Metformin 500mg,Diabetes Mellitus,24.3,Amoxicillin,Anxiety,Penicillin,POSIX,CLM-809654,macOS,William is a Software Engineer with 11 years of experience.,Type 2 Diabetes,MRN-708587,Influenza,137 days,Cognitive,Migraine,%B5439498522745989^MILLER/SOPHIA^2901,INS-945479,UTF-8,CLM-759033,curated.events -> exports,Tuberculosis,2023-05-16,Metformin,Blood Draw,Aspirin,High,MRN-701184,Depression,INS-117211,Diabetes Mellitus,None
