x_727,d_longi,pan,credit_score_raw,CARD_VERIFICATION_VALUE,col_ut,INTERNAL_COMMUNICATION,currency_name_data,field_299,INDUSTRY_SECTOR,schemaDefinition,currency_name,PRICE_COST,txnamt,p_70,bonus,p_cur,dim_986,industry,bankAccountNumber,cardexp,creditScore,intmemo,valid_thru,CURRENCY_NAME,d_527,variable_pay,BANK_ACCOUNT_NUMBER,CREDIT_SCORE,modified_by,port_harbor_6,d_fra,port_harbor_info,ph,SEMANTIC_VERSION,customer_bonus_variable_pay,measprice,c_syqn,revenue_sales_field,cvv,bank_identification_number_field,iso_currency_cd,markup,bonus_variable_pay_6,customer_billing_account,dim_419,humidity,histogram_bin_6,attr_iso_,natl,movieFilmTitle,var_aiiq,cost,raw_transaction_amount,c_toy,jriqr54,field_791,revenue_sales,ban,stock_rsu_grant_6,paypal_id,x_ju,bank_identification_number,iso_currency_code,x_insu,rec_type_discriminator,p_640,DISTRICT_BOROUGH,billing_acct,src_price_cost,raw_first_name,credit_card,messaging_id_6,isoCurrencyCode,ISO_CURRENCY_CODE,f_asd,f_huma,bonus_variable_pay,cd_last_four,user_routing_number,browserCookie,v_694,date,EMAIL_ADDRESS,billing_account_val,dim_payment_card_number,v_mt,cvc,attr_qu,c_lau,smukr77,pay,field_881,transaction_amount_val,pmt_card_number,BONUS_VARIABLE_PAY,c_643,card_last_four,c_474,f_798,c_481,confidence_interval,revenueSales,passhash,var_cii,credit_score,dim_829,floor,iso_4217,bankIdentificationNumber,routing_no,routing_number_raw,cardLastFour,field_crypt
John Jones,111.360271,6011-0699-3821-5263,748,7827,"$210,325",[INTERNAL] Q2 strategy review pending board approval,Japanese Yen,770,Manufacturing,message Msg { string id = 1; },British Pound,8573.99,32755.91,AUD,"$1,326",US Dollar,"$82,004.86",Energy,22652509,01/28,336,[INTERNAL] Q4 strategy review pending board approval,07/27,Euro,INS-808094,"$15,976",939291479072,600,robert.lewis,Busan,40.0,Busan,3.49,2.5.5,"$43,135",2094.39,2022-06-28T09:59:46Z,"$2,371,037",136,51787,JPY,Cost-plus 25%,"$12,160",BILL-819924,08/28,37.5,4.7,JPY,Australia,Blade Runner,NanoCore SDK,9125.41,50514.45,49407,analytics.events,0x3af5051fc54d0fa34b792a296e9b8d2940a5431c,"$813,737",382273478109,1183 shares @ $158.76,emily.clark@yahoo.com,"$3,128",41408,CAD,INS-297940,insert,86508.49,Midtown,BILL-589166,3009.12,Noah,XXXX-XXXX-XXXX-1705,mason_robinson,EUR,JPY,INV-790924,60.1,"$27,349",4804,452776267,_ga=2452510731.9973270,public.users,2021-09-01,patricia_thompson51@acme.org,BILL-144229,XXXX-XXXX-XXXX-8714,CNY,114,"$14,018",6157,2025-03-14T12:55:59Z,"$128,663",839,"$9,294.02",XXXX-XXXX-XXXX-9606,"$13,819",92.9,1057,AU,INV-696782,liam.martinez@outlook.com,"[23.46, 81.3]","$5,513,120",$2b$12$L7Id2ikd7rlF525PHHbzxohLMeWDlD83dFiSv12GukyjOaIHwtXGh,INV-344274,332,391.21,3028 Pine Rd,CAD,3776849,946374186,831150293,6419,0x00bf4c93df2b8aacf65740522feb140dc6b0da72
Liam King,-173.774079,4418-0623-6440-2058,693,510,"$217,589",[INTERNAL] Q3 strategy review pending board approval,British Pound,783,Education,CREATE TABLE t (id INT PRIMARY KEY),British Pound,8731.17,35770.30,GBP,"$22,540",US Dollar,14538.01,Retail,858588047697,02/29,306,[INTERNAL] Q4 strategy review pending board approval,09/28,Euro,INS-508129,"$12,602",62877074,587,amy.taylor,Busan,55.2,Shanghai,4.91,2.12.98,"$21,660",513.05,2026-01-16 23:22:50,"$4,638,847",2435,59950,JPY,Penetration,"$15,061",BILL-681648,03/28,7.9,49.44,CAD,Japan,The Godfather,Sentinel Monitor,9652.81,"$58,173.97",TH4 7HZ,analytics.events,0x6a80df1e656dcacf871cc8ac5dffe77a6f0e151e,"$224,621",4013551963,4100 shares @ $496.37,ethan.taylor@outlook.com,"$17,344",601177423,USD,INS-868066,insert,36156.02,North Shore,BILL-175844,9028.69,Harper,5559-9557-0377-0247,mary_williams,EUR,EUR,INV-782076,61.53,"$22,175",7384,678330247,_ga=8388078405.1309139,hr.employees,2025-02-19,michael_miller71@gmail.com,BILL-691505,3795-9381-4920-0056,BRL,0833,"$32,574",7337,2019-01-22 10:46:26,"$178,285",733,"$58,128.85",XXXX-XXXX-XXXX-0275,"$27,037",4.9,2997,CA,INV-478849,michael.king@gmail.com,"[39.57, 83.5]","$3,411,615",$2b$12$HUegOGJcMKqcZqcHsNjBLjTO1P0B3iD71crGpTemeeci3s67CiBQm,INV-677866,428,5472.09,5489 Maple Dr,INR,3738213,348737973,496339396,5347,0x646450571ddfcf753976fdecce29fe45cd58becd
Patricia Williams,-10.4068,3703-7471-9721-8220,310,566,"$45,243",[INTERNAL] Q4 strategy review pending board approval,Japanese Yen,464,Retail,"{""type"": ""object"", ""properties"": {}}",Swiss Franc,2428.01,42691.12,GBP,"$13,396",Euro,"$59,638.53",Energy,7187324110,11/26,738,[INTERNAL] Q3 strategy review pending board approval,10/30,British Pound,INS-468097,"$47,422",311131964543,677,david.clark,Hamburg,84.5,Busan,2.26,3.10.19,"$49,062",5179.08,2023-07-02T14:48:10Z,"$8,011,788",4399,41343,INR,Penetration,"$9,202",BILL-482731,05/26,31.6,28.24,JPY,Australia,Blade Runner,NanoCore SDK,8015.14,83458.86,TN9 7YF,analytics.events,0x00ec37fb65719a58abae5ae402dc09d8b7b163a1,"$5,657,927",268415797390,1218 shares @ $306.99,amy.jones@yahoo.com,"$3,234",376960,JPY,INS-664182,snapshot,"$31,211.82",South Bay,BILL-983257,9214.84,Sophia,6011-6889-6691-4039,anna_miller,JPY,CHF,INV-345482,45.07,"$12,117",7614,403363424,_ga=9823995018.3688027,sales.orders,2019-01-10,noahdavis@example.com,BILL-965089,XXXX-XXXX-XXXX-0655,EUR,570,"$19,896",3768,2026-04-14T08:43:16Z,"$40,134",384,93659.27,XXXX-XXXX-XXXX-0941,"$23,763",62.5,0819,CA,INV-497506,noah.taylor@gmail.com,"[27.44, 71.25]","$647,727",$2b$12$piQOfR9PAlSGSpQ8c621ukmk4Rnhqbsl5JYGvP3i0WRRv53xZfJGO,INV-208653,615,9985.64,3165 Main St,USD,60112129,863211103,840879631,7297,0x941279996fe311ffc8a45f44c7e5aed5c547f9f7
Emily Martin,45.803053,XXXX-XXXX-XXXX-1480,393,206,"$44,621",[INTERNAL] Q3 strategy review pending board approval,US Dollar,555,Manufacturing,message Msg { string id = 1; },Swiss Franc,7231.81,99227.34,USD,"$11,377",Swiss Franc,22425.84,Technology,062345798459,11/25,784,[INTERNAL] Q1 strategy review pending board approval,08/29,US Dollar,INS-567408,"$35,576",916877827116,405,noah.jackson,Rotterdam,2.0,Shanghai,7.47,0.14.94,"$22,283",6047.74,2026-03-05T23:24:38Z,"$2,374,497",611,374203,INR,Premium,"$22,820",BILL-307598,12/30,59.1,56.48,GBP,Australia,Blade Runner,CloudGuard,3699.72,84604.46,51166,sales.orders,0xd1b1ebb77a2d80e33a08f26f4b9a34cb88093d17,"$6,198,091",71065254,4447 shares @ $476.85,linda.martin@outlook.com,"$37,366",601172980,CAD,INS-385447,snapshot,68313.91,Midtown,BILL-703432,4360.07,Elizabeth,6011-1617-3890-6862,michael_young,EUR,INR,INV-636903,76.7,"$1,895",2855,780909483,_ga=7467941480.4036351,hr.employees,2020-01-27,olivia.jackson@gmail.com,BILL-782173,6011-3114-7440-8749,BRL,3109,"$8,848",5027,2020-02-03T06:51:39Z,"$144,440",665,68465.00,3733-0581-3879-6151,"$35,426",56.5,7165,MX,INV-535457,emily.wright@gmail.com,"[1.8, 89.03]","$4,004,354",$2b$12$GHdbnrIqZzWEjysLEdUo7oCTggj4PdMFNHtnOrdXv3rwiliZ3YUpx,INV-752387,608,3003.6,9386 Cedar Ln,CAD,60116021,981819527,259090908,9237,0xecdd58cbb5f94029c3e69c441029e3c7bcaaf7df
Olivia Robinson,98.39344,XXXX-XXXX-XXXX-4266,765,738,"$185,435",[INTERNAL] Q4 strategy review pending board approval,British Pound,796,Manufacturing,message Msg { string id = 1; },US Dollar,889.02,"$63,237.55",USD,"$2,158",Swiss Franc,60801.57,Energy,97614534,10/25,736,[INTERNAL] Q4 strategy review pending board approval,02/30,British Pound,INS-522548,"$26,675",16583410,833,ethan.clark,Busan,63.3,Shanghai,6.41,4.5.4,"$17,444",827.69,2021-07-18T11:22:30Z,"$7,064,770",4150,373071,JPY,Premium,"$41,848",BILL-352402,06/30,56.0,40.26,CHF,Sweden,The Matrix,Widget Pro,7965.1,50440.26,14180,analytics.events,0x4b6a5ec1a0f1df14b197a5024dca332017435685,"$1,088,303",11614855,3432 shares @ $187.51,david.thompson@outlook.com,"$36,209",545180,EUR,INS-975969,upsert,"$1,970.94",South Bay,BILL-546478,7603.06,Oliver,3788-4951-1577-7504,elizabeth_taylor,CHF,BRL,INV-682953,74.99,"$6,387",8350,116804891,_ga=2062645547.7526597,sales.orders,2025-07-02,patriciarobinson92@yahoo.com,BILL-888679,3722-3711-7429-0663,AUD,9235,"$23,686",3131,2024-09-27 19:01:50,"$52,194",631,"$71,007.64",6011-8881-8798-6528,"$6,903",77.7,3698,US,INV-570909,richard.johnson@gmail.com,"[10.58, 85.01]","$5,679,230",$2b$12$iL1aAaISRbSo7YnhAniZtcR8LAcQn0LbIusMMMuWJupEKmYONMOGe,INV-992195,753,7678.06,4610 Park Blvd,AUD,56072,538258798,313854679,6428,0x9ce14eb90bb6b05e62ea9e6bb185631fea922f2d
Jessica Smith,156.486582,4326-9980-6577-1872,615,229,"$113,263",[INTERNAL] Q2 strategy review pending board approval,Swiss Franc,563,Education,message Msg { string id = 1; },US Dollar,7424.11,"$26,333.30",BRL,"$4,082",Euro,"$50,135.82",Retail,3688827127,07/25,463,[INTERNAL] Q2 strategy review pending board approval,10/30,Swiss Franc,INS-290789,"$7,404",204962407017,455,emma.thomas,Shanghai,45.8,Rotterdam,9.47,2.12.21,"$32,090",284.6,2018-04-27 06:21:34,"$8,996,666",955,43518,GBP,Penetration,"$27,789",BILL-224658,02/26,13.6,68.23,CNY,Norway,Interstellar,AuditTrail Plus,4586.92,"$66,869.71",53005,analytics.events,0xcbd696559e863c5e5cd38f2f1b5c728df9a37444,"$7,641,929",3325551505,4940 shares @ $441.59,jennifer.martin@yahoo.com,"$16,802",3760072,JPY,INS-245650,upsert,"$28,632.77",East Side,BILL-607062,1216.01,Ethan,6011-3021-9853-6593,sarah_williams,GBP,EUR,INV-602889,17.43,"$5,035",3721,264263850,_ga=6074018396.5084784,public.users,2022-05-23,mary.king@example.com,BILL-415907,3744-8682-2719-5878,GBP,859,"$7,798",6786,2026-11-15 10:08:01,"$87,961",819,"$82,292.84",XXXX-XXXX-XXXX-8283,"$9,857",53.7,3216,MX,INV-371755,noah.robinson@gmail.com,"[18.26, 89.03]","$8,463,973",$2b$12$z4MTe5IipCyCzdb9l09IK6DCy6EsSAm6FfvbzCqQ4H9uBteDaqJhm,INV-815452,550,7631.15,3245 Elm St,CAD,3765808,009531271,755835107,6131,0x036df619bcdb2ca00ebb9bb04c61851075fc0866
David King,162.152201,3778-6778-9911-6760,833,9244,"$235,855",[INTERNAL] Q3 strategy review pending board approval,Euro,328,Retail,CREATE TABLE t (id INT PRIMARY KEY),Euro,5171.46,24676.10,EUR,"$43,308",Swiss Franc,93979.64,Manufacturing,9384843297,05/25,465,[INTERNAL] Q2 strategy review pending board approval,04/30,Euro,INS-361147,"$17,438",8737274745,795,oliver.davis,Hamburg,53.5,Singapore,9.55,4.6.96,"$25,893",3004.6,2020-11-02T20:09:19Z,"$9,791,882",0088,601128099,GBP,Penetration,"$14,198",BILL-412439,10/27,35.3,51.52,AUD,India,Blade Runner,FlexPay Platform,6003.45,"$26,348.30",39700,analytics.events,0x91382cdddf0054b8e7d1135811625aacdf750166,"$4,049,118",3211434292,4069 shares @ $345.89,noah.johnson@yahoo.com,"$44,251",372476,INR,INS-976083,update,"$80,677.45",North Shore,BILL-498559,1097.01,Liam,5045-6980-9528-1164,harper_clark,EUR,JPY,INV-274509,36.2,"$26,424",8435,630737412,_ga=9036104292.8336724,public.users,2022-09-20,oliverdavis@example.com,BILL-747190,XXXX-XXXX-XXXX-3744,INR,360,"$6,592",2152,2021-09-23T04:16:00Z,"$56,924",754,80416.43,6011-0317-8163-3054,"$23,318",0.5,1426,AU,INV-524741,aiden.lewis@yahoo.com,"[23.2, 80.39]","$9,665,788",$2b$12$GR1AmPozFOCBlUcUvAFhfabd1yd6BgyFKXIY4wl84qN9LlgffShlJ,INV-834959,432,7782.53,65 Pine Rd,INR,379867,807096200,010056494,8275,0xc27008772a9677dcad5684683b964d27a1d84806
Robert Wright,-72.803516,4377-5056-9970-1135,422,8312,"$35,209",[INTERNAL] Q2 strategy review pending board approval,Swiss Franc,429,Technology,"{""type"": ""object"", ""properties"": {}}",British Pound,9359.68,18479.16,JPY,"$29,060",Euro,"$57,497.70",Technology,21366392,10/24,333,[INTERNAL] Q1 strategy review pending board approval,04/27,Japanese Yen,INS-664931,"$36,558",90786485,846,anna.thompson,Busan,0.8,Shanghai,5.65,4.8.12,"$25,044",2878.3,2024-09-18T23:39:10Z,"$7,250,942",2437,601130420,USD,Premium,"$28,564",BILL-156175,09/27,78.8,23.01,JPY,Mexico,The Matrix,SmartHub X1,8276.61,"$47,659.58",ZM6 3TL,analytics.events,0x99081b33240495241697b4e3d790cc5b1635594e,"$5,874,649",02940454,2362 shares @ $199.22,logan.martin@yahoo.com,"$29,129",593564,EUR,INS-365780,delete,"$53,580.37",South Bay,BILL-113664,7389.54,Harper,XXXX-XXXX-XXXX-5149,linda_walker,INR,GBP,INV-250992,66.56,"$42,365",4713,223012340,_ga=5625204479.3120169,public.users,2020-08-19,amygarcia@example.com,BILL-269746,5543-0973-8086-7327,USD,6201,"$19,314",4665,2018-11-02T09:44:32Z,"$96,239",675,13204.59,4581-0312-6425-1763,"$4,920",35.8,9053,IN,INV-829865,oliver.king@yahoo.com,"[14.44, 75.89]","$5,543,373",$2b$12$h40q2pJ7TB2qtkrkKGyGxbsLnlpgP6cklzVphaKufddJGVjFCI9Zb,INV-578869,822,1067.03,9894 Maple Dr,USD,60118552,573553311,952978787,6970,0xea67f0891e25949e05ae0d03c9b84628b6c983d2
Emily Smith,172.527647,XXXX-XXXX-XXXX-4840,705,689,"$77,073",[INTERNAL] Q3 strategy review pending board approval,Euro,816,Education,CREATE TABLE t (id INT PRIMARY KEY),US Dollar,9207.05,72708.98,INR,"$7,568",Euro,"$94,797.85",Technology,51629719,04/26,599,[INTERNAL] Q2 strategy review pending board approval,02/28,British Pound,INS-130440,"$31,469",53688985,338,david.moore,Rotterdam,31.2,Singapore,6.08,2.20.37,"$24,581",3726.48,2020-10-08 04:49:05,"$1,027,553",0014,589120,CAD,Market-based,"$36,154",BILL-425500,04/24,1.3,76.77,USD,Canada,The Matrix,CloudGuard,6856.24,28761.21,QW3 8DO,hr.employees,0x8e74a228df939cd39292a2fb2e96ad5fa3c3ec15,"$1,436,993",87335970,4121 shares @ $367.83,ethan.jackson@outlook.com,"$37,204",568279,CHF,INS-266603,insert,96826.29,East Side,BILL-987786,3648.08,Sophia,5471-1485-0567-1362,logan_king,BRL,GBP,INV-445907,53.9,"$33,254",1777,156984025,_ga=5767593944.9884421,public.users,2025-04-06,elizabethlewis@acme.org,BILL-571088,4403-6941-9656-3539,CHF,1360,"$41,722",3438,2020-05-04T11:36:40Z,"$68,937",323,"$98,409.08",6011-1138-0816-8291,"$2,832",4.1,0226,GB,INV-943905,logan.smith@yahoo.com,"[5.05, 97.86]","$4,366,699",$2b$12$qThw6b81RBdNlRC984MxrmdOf30DhEjJYt0aK6ntPVPLfjxHFmxbk,INV-224089,801,3385.08,9800 Oak Ave,CHF,45944,599319026,963572820,9694,0x43e2e7e7dec73e77f8568ff92046fbfde57175ba
James Young,-105.300112,5590-5476-5553-9571,659,117,"$99,939",[INTERNAL] Q4 strategy review pending board approval,Euro,711,Technology,message Msg { string id = 1; },Japanese Yen,3161.47,"$97,968.14",CAD,"$27,743",Swiss Franc,55511.31,Education,56678233,05/26,355,[INTERNAL] Q1 strategy review pending board approval,09/26,British Pound,INS-367137,"$24,503",57935386,467,emily.jackson,Shanghai,31.1,Hamburg,0.82,5.4.6,"$30,954",5829.69,2018-01-16T06:05:07Z,"$4,465,233",330,477120,CAD,Value pricing,"$17,218",BILL-454123,11/25,96.1,36.41,INR,Switzerland,Blade Runner,AuditTrail Plus,6920.3,99521.71,87722,analytics.events,0x0f4a827f2e2b27396ede2a2f4b476a5a19312cfd,"$9,309,850",53437350,3596 shares @ $140.28,anna.young@outlook.com,"$23,558",486579,USD,INS-689866,snapshot,27429.21,East Side,BILL-527405,4820.66,William,6011-8259-5508-1907,anna_robinson,JPY,CNY,INV-944105,11.63,"$11,273",0717,439045252,_ga=1866451754.2453379,sales.orders,2023-02-24,ethan.robinson28@acme.org,BILL-551692,5422-9071-0873-0391,BRL,199,"$43,796",0618,2021-12-12T01:27:50Z,"$107,003",384,93649.23,5262-1568-3779-4665,"$29,844",91.5,9998,BR,INV-748069,john.white@outlook.com,"[6.58, 75.43]","$5,598,293",$2b$12$3GAA7WnduEPZKlFd6zbXdAtYs59JWSL9KeNYyAKaUvIAwADpKzTry,INV-583733,827,3210.03,8598 Park Blvd,CHF,3709497,660782133,162157977,7908,0x09719010c3f842fe3fb7c65b9234aab7b3c9bc1e
James Williams,-16.512552,5200-3440-1514-9902,487,2060,"$33,329",[INTERNAL] Q2 strategy review pending board approval,British Pound,797,Retail,CREATE TABLE t (id INT PRIMARY KEY),British Pound,254.47,"$60,657.28",INR,"$46,439",British Pound,80137.21,Finance,2677293719,02/28,410,[INTERNAL] Q1 strategy review pending board approval,05/27,Euro,INS-387739,"$47,283",3329380098,433,linda.anderson,Busan,82.6,Hamburg,3.08,2.0.17,"$35,194",1728.58,2021-02-03T00:34:28Z,"$3,666,370",294,60119046,CNY,Market-based,"$15,226",BILL-303532,12/25,50.4,67.09,CHF,Canada,The Matrix,Widget Pro,8015.74,"$82,986.55",93907,analytics.events,0x5b4de57cb2e98525c3e49496f18ef649f829c423,"$9,633,350",7567978607,3089 shares @ $57.55,emily.davis@outlook.com,"$37,884",41525,CHF,INS-363388,delete,50837.79,East Side,BILL-149401,2546.67,Michael,3700-6202-3286-8890,michael_anderson,EUR,USD,INV-366783,90.15,"$45,600",4199,624890723,_ga=3998588413.2002816,hr.employees,2021-03-08,harper.moore@example.com,BILL-877377,5199-6604-1821-0126,EUR,2767,"$36,955",6669,2025-01-05T19:44:56Z,"$39,614",738,"$26,199.50",XXXX-XXXX-XXXX-2499,"$17,622",51.4,5003,MX,INV-253744,richard.garcia@yahoo.com,"[0.2, 72.01]","$4,755,783",$2b$12$2msy7GdCt8bHqxN6Ugj6ew1VGtoXXFB9w2IE2BQDubDNaejxBg6ii,INV-857781,335,4897.94,1467 Cedar Ln,USD,56966,742972648,122217566,1614,0x9bdf199bc3b9ac5ef25de16ceeec477bb4afbe17
David Brown,-80.854683,3793-7848-3608-5886,708,5262,"$49,742",[INTERNAL] Q2 strategy review pending board approval,British Pound,652,Energy,message Msg { string id = 1; },US Dollar,724.37,"$6,549.83",USD,"$18,223",British Pound,"$79,141.88",Retail,476801090112,02/29,347,[INTERNAL] Q3 strategy review pending board approval,03/25,US Dollar,INS-652440,"$49,084",4178908697,347,susan.white,Hamburg,58.9,Hamburg,10.51,3.13.91,"$18,911",4749.46,2021-10-27T13:51:03Z,"$9,947,346",333,60113158,USD,Value pricing,"$48,163",BILL-588566,04/28,77.7,74.64,JPY,Israel,Interstellar,SmartHub X1,5772.8,25730.77,15154,public.users,0xfecb5c05bdf632223e27d43376e21ce8bad4bb3a,"$7,642,807",859206880742,2434 shares @ $36.23,harper.rodriguez@gmail.com,"$16,714",484777,USD,INS-454043,upsert,4180.44,Downtown,BILL-621811,7822.68,Aiden,6011-4468-0845-4584,elizabeth_martinez,INR,AUD,INV-912838,78.43,"$25,157",2619,371656359,_ga=4712151571.3902683,public.users,2020-05-30,emmabrown34@company.com,BILL-779779,6011-9964-8365-1846,AUD,5851,"$34,462",6648,2025-06-08T05:06:14Z,"$166,890",581,69879.53,3779-6338-7249-1874,"$44,127",13.3,3923,JP,INV-154682,harper.moore@yahoo.com,"[14.88, 68.75]","$5,989,918",$2b$12$a6jaBACbF1I9VOSg0oWXJojpqayjmpD8sAsc2VGgqyCKUTnCHHx5q,INV-907346,306,9887.28,5252 Main St,AUD,49362,187717229,431518455,4018,0x8eeb9b23003576adbb9bb58938b98e530406e51a
James Wright,120.564365,4696-9400-6969-1524,559,8640,"$200,440",[INTERNAL] Q1 strategy review pending board approval,Swiss Franc,328,Retail,CREATE TABLE t (id INT PRIMARY KEY),Euro,6434.86,91899.71,CNY,"$14,964",Euro,"$26,678.57",Retail,159527466525,02/28,550,[INTERNAL] Q1 strategy review pending board approval,07/29,British Pound,INS-786644,"$17,357",8298306431,437,elizabeth.jackson,Singapore,31.7,Shanghai,10.36,4.16.50,"$42,951",6732.83,2020-01-14T02:59:36Z,"$6,486,339",250,486411,CHF,Premium,"$32,059",BILL-611821,11/26,61.8,42.59,GBP,Italy,The Matrix,Widget Pro,1086.24,49152.81,54347,sales.orders,0xeae127e3579e4b80fbccb61f9ecf20a7c599bdbd,"$2,257,807",2351777824,3273 shares @ $267.17,liam.robinson@gmail.com,"$34,569",52904,INR,INS-532395,update,69754.23,South Bay,BILL-729182,6843.84,Aiden,XXXX-XXXX-XXXX-6193,david_jackson,CAD,AUD,INV-994557,72.2,"$30,226",9144,617123051,_ga=3501095978.2975317,hr.employees,2026-04-16,oliver.lee@example.com,BILL-309135,3748-4632-6996-5675,JPY,1044,"$36,895",4579,2020-04-06T08:21:05Z,"$82,475",476,11355.93,6011-7327-4061-1458,"$31,466",41.6,8783,MX,INV-662530,ethan.king@outlook.com,"[25.51, 92.98]","$4,774,613",$2b$12$nTOTdwee0ZTArk7sXwTxnJOCANmR7vXvJxtPGrilcae9wempMiYnA,INV-715438,846,9193.61,9162 Park Blvd,JPY,60117060,758226728,471999174,8206,0x03db966b73a05d56c0c714d313140e4f9dc716e9
John King,74.318832,6011-8813-4407-5667,700,393,"$169,307",[INTERNAL] Q1 strategy review pending board approval,Euro,447,Technology,CREATE TABLE t (id INT PRIMARY KEY),British Pound,1609.1,"$83,683.73",GBP,"$29,718",Euro,44090.06,Healthcare,4076701607,09/28,558,[INTERNAL] Q1 strategy review pending board approval,04/25,Swiss Franc,INS-873024,"$40,853",696584258716,780,logan.lewis,Rotterdam,57.9,Rotterdam,10.56,0.15.43,"$21,939",4532.39,2025-09-24T18:18:50Z,"$7,120,285",052,491665,BRL,Market-based,"$27,414",BILL-638600,05/24,66.9,50.64,CAD,Australia,Interstellar,CloudGuard,3006.49,1906.70,JU9 6LS,sales.orders,0xb71b0455bc7664039832131447c0800a6e3c1ca5,"$436,842",2236090314,1615 shares @ $381.75,emily.jones@gmail.com,"$45,993",378146,CAD,INS-396183,insert,53691.57,East Side,BILL-799995,9502.19,Emily,XXXX-XXXX-XXXX-4011,susan_wright,INR,USD,INV-669262,69.34,"$27,801",2784,307954752,_ga=9923839884.4361451,hr.employees,2019-04-21,david.moore@example.com,BILL-683656,XXXX-XXXX-XXXX-6416,CHF,640,"$16,277",3159,2022-08-03T12:17:50Z,"$239,934",318,69850.57,3707-0661-1878-2501,"$37,491",25.3,2404,JP,INV-100072,patricia.wright@outlook.com,"[14.38, 66.82]","$1,244,172",$2b$12$T7HRAkmTNjUZxSafs66W16JEK46H3gZYBRE2sqe6Da0aKAcouxRev,INV-472746,826,7840.55,8037 Park Blvd,USD,440044,340402130,554228751,5516,0x651e9a3e0982a0dd0bd9de6bfe62293560b2cfe5
Emily Thomas,-147.60366,XXXX-XXXX-XXXX-3814,520,8791,"$229,885",[INTERNAL] Q3 strategy review pending board approval,Swiss Franc,394,Energy,"{""type"": ""object"", ""properties"": {}}",Euro,6258.62,"$41,608.60",JPY,"$6,955",British Pound,4722.48,Manufacturing,7412523026,11/27,461,[INTERNAL] Q4 strategy review pending board approval,12/27,Swiss Franc,INS-191853,"$21,423",956281049533,310,jessica.jackson,Rotterdam,22.8,Port of LA,1.4,4.18.64,"$28,218",630.68,2018-04-22 10:25:14,"$3,948,591",7835,593896,CHF,Penetration,"$21,753",BILL-741030,07/30,41.6,15.95,EUR,Israel,Blade Runner,SmartHub X1,5629.65,70000.74,83969,public.users,0x22ab888c1a70d4709cbbaeecabd327df91a63e58,"$3,054,397",9126781882,1690 shares @ $121.08,noah.thompson@yahoo.com,"$38,319",49739,CHF,INS-659153,insert,25783.97,Downtown,BILL-966435,4251.86,Noah,4535-2013-9445-3406,mary_garcia,CNY,INR,INV-101960,80.84,"$39,424",1842,486984922,_ga=2905894529.1798677,hr.employees,2023-04-26,noah_clark11@company.com,BILL-639689,6011-0252-0810-1821,JPY,307,"$21,196",3844,2023-02-23T19:57:50Z,"$183,136",604,27355.74,6011-5802-7941-8246,"$43,475",10.9,1211,GB,INV-952660,amy.thomas@yahoo.com,"[12.45, 93.44]","$9,156,252",$2b$12$LTT6dwlegSHCLIT4h4hGC5ZoRaPtxsvDcNBzeQYdvhBZ7CdebcUyN,INV-901344,733,3416.22,4222 Pine Rd,BRL,601141626,922240622,187072944,5212,0xaafb7f12ea3e5f6a48026c31442fd8ede5fdc36d
Jennifer A. Harris,92.734924,4548-7192-3093-7612,608,187,"$82,784",[INTERNAL] Q1 strategy review pending board approval,British Pound,578,Education,CREATE TABLE t (id INT PRIMARY KEY),British Pound,3623.67,15339.30,CHF,"$38,526",Swiss Franc,67343.88,Energy,586476750258,06/30,600,[INTERNAL] Q3 strategy review pending board approval,09/26,US Dollar,INS-639476,"$29,829",7443438653,766,emma.jackson,Port of LA,38.9,Singapore,10.71,1.12.87,"$49,857",1416.34,2020-04-03T16:24:55Z,"$8,469,266",299,60117246,GBP,Cost-plus 25%,"$49,663",BILL-960783,05/24,51.0,27.59,CAD,Singapore,Interstellar,StreamLine ERP,3451.81,"$98,079.64",47667,hr.employees,0xa563daaf880e7f677fa191169761ee9d34a46369,"$62,588",38198904,2308 shares @ $21.94,john.miller@outlook.com,"$6,057",601154109,USD,INS-740191,insert,12149.43,East Side,BILL-107097,3021.12,Michael,6011-7416-6194-5784,mary_garcia,INR,CHF,INV-397187,62.45,"$13,028",1069,238426027,_ga=2687856446.5446041,public.users,2025-04-02,lucasjackson@outlook.com,BILL-791261,4481-7605-4435-6163,EUR,5650,"$28,983",4112,2023-06-24T14:00:12Z,"$52,411",645,"$21,784.17",6011-0807-5101-9608,"$16,737",5.8,7396,DE,INV-878249,james.harris@yahoo.com,"[24.68, 63.33]","$3,449,141",$2b$12$S9z9oTjl5wRZXgYSQ5ZMydp7kJTcgjtqRtAoNXtR2tIwj8FbxOMod,INV-189184,426,7249.39,4441 Pine Rd,EUR,60112512,549151330,281166515,0131,0x48d0ba0b1faf1a79f18d00481df10d4321d64679
John Martinez,-177.166391,5336-0980-1388-4758,804,8975,"$150,211",[INTERNAL] Q3 strategy review pending board approval,Swiss Franc,524,Healthcare,message Msg { string id = 1; },Swiss Franc,1075.22,"$3,536.40",AUD,"$43,776",British Pound,62152.64,Finance,39683442,08/25,794,[INTERNAL] Q1 strategy review pending board approval,09/25,Japanese Yen,INS-353926,"$32,273",789387629761,814,sophia.martin,Rotterdam,86.8,Shanghai,5.48,4.4.51,"$43,636",6063.27,2026-03-04 17:06:51,"$5,676,580",572,3701768,AUD,Cost-plus 25%,"$14,371",BILL-480692,11/24,52.5,87.14,JPY,Brazil,Inception,AuditTrail Plus,9810.56,94103.14,22477,hr.employees,0x38899a50ed24024fbc0c98fc65d5ee613422be78,"$7,661,735",11242947,2760 shares @ $132.94,mason.lee@yahoo.com,"$33,744",572801,EUR,INS-422078,update,68299.41,East Side,BILL-372546,4917.21,Amy,3787-5084-6346-6951,elizabeth_jackson,BRL,CAD,INV-698339,74.62,"$40,640",8686,972506685,_ga=4711965677.2925119,hr.employees,2018-07-15,susan.martinez@company.com,BILL-707203,XXXX-XXXX-XXXX-0241,AUD,892,"$45,856",0825,2024-10-06T23:19:36Z,"$69,719",648,42865.18,3710-6385-5916-9896,"$9,322",95.1,0451,AU,INV-729845,jessica.moore@gmail.com,"[18.36, 77.12]","$516,416",$2b$12$P5Xy5NJN8ekuRCPaJs38jFgMhYS7y1XbeC7RuWzzP6QjIImtIXqV6,INV-422284,502,6648.63,2668 Main St,GBP,3751598,620632218,322488477,8663,0x4a9d862b65f8fb4bb2aa2c4b0f217887c620b4d4
Linda Robinson,-171.572035,3730-4332-0958-3728,341,290,"$163,611",[INTERNAL] Q3 strategy review pending board approval,US Dollar,563,Healthcare,CREATE TABLE t (id INT PRIMARY KEY),US Dollar,4529.76,47661.98,GBP,"$30,394",Swiss Franc,31511.70,Technology,102740048103,11/29,551,[INTERNAL] Q1 strategy review pending board approval,07/26,US Dollar,INS-260254,"$7,079",463999879407,759,aiden.young,Port of LA,59.8,Singapore,5.08,1.5.44,"$49,988",8701.13,2021-02-28 10:38:09,"$2,472,228",3915,536370,USD,Value pricing,"$40,431",BILL-513524,09/29,65.3,90.37,BRL,India,Blade Runner,NanoCore SDK,5553.35,"$17,521.34",63132,hr.employees,0x6e82cc5ad87a978fa0ca7f3f0c7025b737a9a7fc,"$3,159,990",4637269453,4293 shares @ $111.53,william.harris@outlook.com,"$31,576",593319,AUD,INS-849451,delete,84307.55,Downtown,BILL-453627,5146.31,Aiden,XXXX-XXXX-XXXX-9704,harper_smith,INR,CHF,INV-991694,68.93,"$4,560",2256,843988012,_ga=0532258922.8596131,analytics.events,2023-12-02,patricia.martinez@yahoo.com,BILL-821567,6011-2284-0315-3681,INR,179,"$22,014",6575,2020-12-07 13:54:59,"$118,797",679,"$35,242.48",XXXX-XXXX-XXXX-3487,"$43,791",27.6,1683,GB,INV-878493,lucas.wright@outlook.com,"[39.61, 81.04]","$6,966,733",$2b$12$2bi9jDvODfSYQ3O5C7q3da6i8373aspOTD5RIhDPMQbYOCX7KiYnE,INV-861271,511,5679.82,3910 Maple Dr,AUD,560134,359292209,625480128,2190,0xd184b956c65d0393abe380376e9d325a8decccd2
Oliver G. Young,-176.488725,XXXX-XXXX-XXXX-7315,737,085,"$214,868",[INTERNAL] Q3 strategy review pending board approval,Swiss Franc,386,Technology,"{""type"": ""object"", ""properties"": {}}",Japanese Yen,4464.81,"$48,985.21",BRL,"$8,538",Japanese Yen,3295.75,Retail,3163580966,02/30,457,[INTERNAL] Q2 strategy review pending board approval,08/24,Euro,INS-324443,"$46,134",8904200078,707,emma.martin,Busan,22.8,Shanghai,1.24,5.18.7,"$46,132",8921.1,2020-04-26T05:13:00Z,"$9,562,176",547,60113096,GBP,Market-based,"$13,200",BILL-539001,03/26,63.3,6.84,JPY,Norway,Blade Runner,NanoCore SDK,8807.18,3200.80,82419,sales.orders,0x58b5f69449b65c40d1ec254de259cbca8c9b824a,"$8,659,153",060968559897,3494 shares @ $291.92,linda.jackson@yahoo.com,"$42,985",43309,USD,INS-526971,insert,"$4,089.52",West End,BILL-594414,2277.77,Patricia,5632-8242-8188-0572,john_davis,CAD,GBP,INV-564162,79.28,"$15,759",7571,436914141,_ga=3692323677.3321303,hr.employees,2018-03-16,lucas.wright@yahoo.com,BILL-959931,3723-3489-0959-2885,CNY,140,"$8,820",0253,2026-05-10T10:48:09Z,"$161,313",599,42194.76,XXXX-XXXX-XXXX-0700,"$29,481",31.6,1678,JP,INV-738810,mary.lewis@gmail.com,"[31.41, 95.0]","$4,656,448",$2b$12$f7uUEiCfGR98XJBQq8FvCP5CpF29GWTCTMpwu6L7Q8won7yK3KGNU,INV-211685,344,5806.63,4528 Park Blvd,CHF,3728992,293226942,983038901,2816,0x44339fe428a266668df124a9e1bbed69b463f22b
Aiden C. Lewis,5.794492,4745-3281-7858-0273,378,0832,"$216,330",[INTERNAL] Q4 strategy review pending board approval,Euro,487,Energy,CREATE TABLE t (id INT PRIMARY KEY),Swiss Franc,8493.24,"$73,367.29",CAD,"$48,171",Euro,"$17,889.87",Technology,91610473,05/29,341,[INTERNAL] Q3 strategy review pending board approval,06/28,British Pound,INS-946721,"$22,861",234434788489,559,james.miller,Port of LA,90.1,Port of LA,1.11,1.15.40,"$26,647",4481.74,2021-12-14T23:03:07Z,"$8,128,076",1235,43322,BRL,Premium,"$2,093",BILL-587610,04/24,31.2,67.14,JPY,Singapore,Inception,VaultKeeper,3815.47,25587.97,80022,sales.orders,0x7b0bf3f057584b1d4823cac333e30002f0a684fe,"$3,596,411",5331689272,2382 shares @ $206.73,elizabeth.lewis@gmail.com,"$38,778",56349,JPY,INS-558136,upsert,"$83,364.59",Midtown,BILL-589317,6961.93,James,5279-8518-8997-2454,logan_king,CAD,BRL,INV-937080,76.23,"$27,346",5992,790773649,_ga=6938256066.7454458,analytics.events,2025-10-13,noahclark@outlook.com,BILL-252868,XXXX-XXXX-XXXX-6893,INR,739,"$23,308",7598,2024-08-22 05:24:07,"$189,614",591,36980.14,6011-3788-4464-0414,"$12,413",39.6,5023,JP,INV-264489,mary.lee@yahoo.com,"[29.63, 76.79]","$4,692,964",$2b$12$nG96KSmrzeZAqSroehpa9My7GMR5rklFYJigw6N30CNLbOIZmMvy6,INV-243101,528,8072.18,4966 Main St,INR,49728,277184466,652365100,2776,0x010090bbe16c00a8351b8f136567fc7fd13fabd2
Liam T. Brown,-154.156081,6011-3439-3532-8389,668,7187,"$127,453",[INTERNAL] Q1 strategy review pending board approval,Japanese Yen,507,Finance,message Msg { string id = 1; },Euro,1387.78,"$28,436.13",GBP,"$3,750",US Dollar,11546.99,Finance,707174440637,09/26,773,[INTERNAL] Q2 strategy review pending board approval,03/28,Japanese Yen,INS-640768,"$3,637",9326109417,312,aiden.thompson,Rotterdam,46.7,Shanghai,11.26,4.18.37,"$19,306",1351.63,2021-03-07T01:41:38Z,"$8,186,104",2865,3733513,JPY,Cost-plus 25%,"$3,049",BILL-945114,09/28,66.5,26.64,JPY,Australia,The Matrix,FlexPay Platform,4851.41,68045.64,BQ1 5MY,public.users,0xe1af84337a0df12170588ef4994af5c996ea6308,"$8,834,095",7933512490,55 shares @ $122.85,amy.young@outlook.com,"$14,933",426242,AUD,INS-131811,snapshot,16697.37,North Shore,BILL-944718,7565.86,Elizabeth,3720-1895-1249-3367,richard_garcia,USD,GBP,INV-318332,94.21,"$46,674",7283,599423066,_ga=0993534257.9759304,hr.employees,2025-03-04,susan_smith70@company.com,BILL-224792,XXXX-XXXX-XXXX-3808,JPY,570,"$43,375",7197,2023-09-13 09:29:05,"$176,680",801,63788.93,XXXX-XXXX-XXXX-1836,"$5,774",75.2,3067,GB,INV-723498,lucas.king@outlook.com,"[32.61, 68.23]","$1,505,320",$2b$12$kaRSK1FZ7b1E5zHyrOw19aE7EvF4KeqAQLsnzaQOlGoyH9z0rA3tg,INV-569720,707,6815.9,571 Park Blvd,CHF,370191,984691533,625336901,3502,0xf99ba110f870ce6c686076e76d5c53e9dc43557c
William Jones,-11.545471,5323-3481-0238-2054,510,458,"$208,587",[INTERNAL] Q4 strategy review pending board approval,Japanese Yen,833,Education,message Msg { string id = 1; },Japanese Yen,5503.22,"$10,077.66",AUD,"$37,295",Japanese Yen,13640.47,Manufacturing,5930299948,07/27,516,[INTERNAL] Q3 strategy review pending board approval,07/29,Euro,INS-501571,"$29,394",16179697,741,susan.young,Rotterdam,25.2,Port of LA,3.25,1.19.38,"$4,547",198.15,2025-11-19 00:10:15,"$1,114,201",3593,374324,USD,Premium,"$14,175",BILL-184330,11/26,40.8,73.25,EUR,Israel,The Godfather,NanoCore SDK,3248.76,"$34,462.09",XL7 7KP,sales.orders,0x1d5ff341dbf01029bd4c9ee775ae699ded5119d8,"$2,735,283",97169755,2933 shares @ $362.48,james.harris@yahoo.com,"$7,694",601156242,AUD,INS-506899,upsert,"$34,401.49",Midtown,BILL-760205,7464.89,Oliver,6011-7157-9530-8641,jennifer_wright,BRL,CNY,INV-599312,86.3,"$26,483",7574,504595065,_ga=9324137139.2236838,public.users,2023-08-04,lindalee4@example.com,BILL-217366,6011-9147-3703-7362,EUR,922,"$31,732",8078,2023-10-03 16:22:18,"$90,956",561,"$23,738.69",XXXX-XXXX-XXXX-1421,"$46,345",82.8,2429,MX,INV-447903,david.martin@gmail.com,"[37.66, 98.85]","$7,461,046",$2b$12$1YsvvAlMesfcUEiJ8Um0hRp9U40mH6YYEU1aeuw71Rqh3GcJ0E3vr,INV-152166,498,2356.11,9266 Park Blvd,CNY,376868,799741298,753352119,5045,0xa32887a38de68e20b75cc9f11224685a858cc8db
John Thomas,-124.131086,XXXX-XXXX-XXXX-0714,727,305,"$221,102",[INTERNAL] Q3 strategy review pending board approval,Japanese Yen,347,Technology,message Msg { string id = 1; },Euro,3733.19,97144.61,INR,"$36,353",British Pound,1310.12,Technology,73003063,10/24,734,[INTERNAL] Q3 strategy review pending board approval,07/29,US Dollar,INS-449818,"$46,182",7759536909,771,jessica.king,Hamburg,26.0,Shanghai,12.56,3.0.58,"$17,157",7229.73,2023-06-25 13:19:16,"$9,367,633",654,42546,USD,Penetration,"$31,549",BILL-761947,10/30,83.5,13.44,BRL,Germany,Blade Runner,NanoCore SDK,7642.01,"$72,987.85",77557,hr.employees,0x34530df71c06ad309a6394eb42603a3a530e9fcd,"$8,452,905",1631447720,3337 shares @ $270.76,logan.harris@outlook.com,"$43,384",45786,EUR,INS-378516,upsert,"$7,072.03",Downtown,BILL-244211,9874.27,Jessica,XXXX-XXXX-XXXX-1412,elizabeth_martin,CHF,INR,INV-724301,60.28,"$13,726",9123,632077484,_ga=3442873738.9257846,hr.employees,2023-12-15,linda.thompson@acme.org,BILL-847295,5768-9070-0885-7636,BRL,506,"$10,545",0316,2021-07-22 04:45:59,"$177,142",363,96302.77,XXXX-XXXX-XXXX-9975,"$23,991",64.0,9402,DE,INV-261531,mary.martin@gmail.com,"[4.52, 97.04]","$8,554,015",$2b$12$8gb9Q7Jvbg48nVn6aOHJuQS0LV2oRs1SaccKHR4Sxm4PhqgjzTrv0,INV-892909,385,8384.68,5537 Main St,GBP,51862,966722787,021564351,9736,0x95711ac2ccd4ce8c4ab2fc9eb45f87a5bbb72f0e
Ethan Wright,142.537913,XXXX-XXXX-XXXX-1782,539,0734,"$194,476",[INTERNAL] Q1 strategy review pending board approval,British Pound,770,Energy,"{""type"": ""object"", ""properties"": {}}",Japanese Yen,4280.18,83729.68,USD,"$30,399",Swiss Franc,46769.69,Energy,32558000,04/28,382,[INTERNAL] Q3 strategy review pending board approval,02/29,British Pound,INS-931716,"$41,656",041894800567,814,mason.thompson,Port of LA,60.7,Shanghai,13.77,4.2.18,"$15,320",8845.56,2020-09-26 06:01:46,"$6,522,459",165,3706858,CHF,Market-based,"$34,320",BILL-325043,01/28,94.7,36.1,CHF,Italy,Blade Runner,FlexPay Platform,6812.71,57059.16,XO7 8FK,hr.employees,0x3a8a198d6a39d8082bcc3999be920c1caf4468c5,"$4,814,919",657754826895,3725 shares @ $56.66,emma.martinez@yahoo.com,"$27,784",601129877,AUD,INS-967316,insert,"$86,000.87",North Shore,BILL-932898,5609.84,Liam,4185-3502-7917-2476,emily_williams,GBP,EUR,INV-183345,60.12,"$40,459",6907,492726826,_ga=6238942176.8631196,hr.employees,2019-05-04,emma.robinson95@acme.org,BILL-252787,6011-2609-9335-3569,EUR,744,"$32,949",6654,2018-01-13 08:53:08,"$91,008",783,"$2,183.59",4047-7835-3311-3680,"$34,450",60.0,8193,US,INV-755020,olivia.thompson@gmail.com,"[21.89, 86.56]","$8,328,172",$2b$12$wuyApv2RMrfqOfAwPDMO3xGY9W6yGuPNQkIqVsaXSXblFIDkaMHLL,INV-372132,800,2685.17,2822 Maple Dr,CAD,3730932,597982397,834354474,9155,0x0a5676268d42ef7a10f355aa6ffd680467949bb6
Lucas Miller,-122.50979,3703-1890-0544-3580,437,107,"$51,162",[INTERNAL] Q1 strategy review pending board approval,Euro,711,Education,CREATE TABLE t (id INT PRIMARY KEY),US Dollar,5827.89,52305.12,BRL,"$45,123",Euro,27460.56,Energy,422211827184,01/24,710,[INTERNAL] Q3 strategy review pending board approval,04/30,Swiss Franc,INS-767359,"$26,797",39592821,358,sarah.davis,Port of LA,45.7,Singapore,1.76,1.20.5,"$18,578",4657.79,2020-02-25 16:10:42,"$9,014,727",4503,49542,INR,Value pricing,"$21,297",BILL-866014,12/30,58.6,36.55,AUD,France,Inception,Sentinel Monitor,3457.04,"$40,544.29",BD7 9OC,hr.employees,0xdd88e23a038049e734fa5a5fe7d516d4ff370c41,"$6,852,298",3898606829,2145 shares @ $234.99,jessica.lee@outlook.com,"$16,029",44132,EUR,INS-516545,update,13681.07,Midtown,BILL-744851,8923.76,Logan,6011-6402-3887-6992,linda_jones,AUD,INR,INV-531823,94.18,"$28,363",5868,487707984,_ga=5946189004.5984217,public.users,2020-01-30,aidenmoore@outlook.com,BILL-204124,4328-6019-3475-5580,BRL,9323,"$18,818",9742,2024-07-18T09:37:13Z,"$80,234",849,95468.55,4770-1470-3796-2410,"$45,223",32.3,1183,MX,INV-274657,james.garcia@outlook.com,"[5.8, 93.1]","$5,128,247",$2b$12$SHPAORz6NvkqbGZZsSoUaOpD7xVszSqsYVqdEE03NFVTb3t7GTQxh,INV-263549,531,1031.45,506 Cedar Ln,CNY,3795584,034147808,048888495,5228,0x8e559f84cd48885bfa4531513c678986ff35a19d
James Martinez,108.017926,3719-9546-5926-4981,345,9632,"$81,873",[INTERNAL] Q2 strategy review pending board approval,US Dollar,546,Finance,CREATE TABLE t (id INT PRIMARY KEY),US Dollar,4209.98,"$88,573.06",BRL,"$21,533",Japanese Yen,"$12,489.24",Technology,300987592991,10/27,545,[INTERNAL] Q4 strategy review pending board approval,03/28,Swiss Franc,INS-263816,"$43,873",126844124444,367,linda.walker,Rotterdam,97.6,Singapore,12.62,3.14.0,"$35,313",8475.79,2022-06-28 09:10:17,"$802,069",7562,520137,INR,Premium,"$41,526",BILL-951868,04/30,54.7,66.87,BRL,India,Blade Runner,SmartHub X1,4110.96,180.45,77681,public.users,0x4f817b4f2e970c0eadb2a459187818467e37d958,"$2,021,012",62066234,285 shares @ $245.58,ethan.brown@outlook.com,"$35,882",567037,AUD,INS-615877,delete,11053.30,East Side,BILL-365046,3153.4,Anna,6011-7783-8665-7614,patricia_clark,USD,CAD,INV-921717,8.11,"$15,284",5276,973440266,_ga=6593834996.5946680,sales.orders,2021-12-07,liamjackson@outlook.com,BILL-640636,6011-8029-7290-5494,CAD,033,"$30,040",5395,2025-02-20T02:17:09Z,"$50,749",657,78271.64,4000-1462-0782-1669,"$33,467",30.1,1186,DE,INV-230341,elizabeth.wright@outlook.com,"[15.44, 99.07]","$9,193,962",$2b$12$KZ6e1g7LXxK2Jg0eRPSYZxmlBNIRvM9MLHz4ryCmwNHwcr0uxREt1,INV-119604,513,4052.03,6602 Pine Rd,CHF,53014,769128874,434897463,4511,0xcd4a27cd0d10ed40b1d305f041de35c24297bedc
Sophia Harris,71.177641,XXXX-XXXX-XXXX-0084,781,713,"$115,642",[INTERNAL] Q1 strategy review pending board approval,Japanese Yen,713,Manufacturing,message Msg { string id = 1; },Swiss Franc,599.24,25100.56,AUD,"$41,605",Euro,50936.26,Healthcare,43551861,05/30,847,[INTERNAL] Q1 strategy review pending board approval,02/28,Japanese Yen,INS-289108,"$15,245",20891751,467,patricia.lee,Singapore,84.8,Hamburg,5.15,2.19.99,"$3,587",3258.95,2021-08-03 21:18:45,"$9,612,154",6033,60112475,EUR,Penetration,"$27,491",BILL-745064,10/29,12.1,57.93,GBP,Germany,The Matrix,StreamLine ERP,5271.06,"$28,035.44",11729,public.users,0x195811911fe895220fc6f60fa75e9d5741cef11a,"$6,173,743",19895106,2620 shares @ $10.46,john.martinez@gmail.com,"$43,534",53808,AUD,INS-295270,insert,23249.72,Midtown,BILL-520293,5835.45,Linda,XXXX-XXXX-XXXX-2259,aiden_williams,INR,CHF,INV-728822,94.79,"$13,974",1968,941998835,_ga=3723215046.8073944,hr.employees,2023-04-04,annamoore@acme.org,BILL-916482,5287-2395-6762-0311,CNY,0458,"$36,739",4410,2022-04-21 16:27:32,"$168,622",799,66948.62,XXXX-XXXX-XXXX-1358,"$14,978",17.8,7825,AU,INV-350137,patricia.brown@yahoo.com,"[26.65, 87.97]","$1,427,094",$2b$12$4olbI3iSy1DbcWmXZbiLKR13gf0c9qH1MxFvj9q2FwjI8JZzNod08,INV-643492,430,4858.87,4516 Elm St,INR,59935,546221240,471830296,4390,0x2e298caf9160e053afc3acd76a17b38cb2fa1891
Mason G. Smith,-173.702267,XXXX-XXXX-XXXX-5081,557,3522,"$77,242",[INTERNAL] Q4 strategy review pending board approval,Swiss Franc,598,Finance,CREATE TABLE t (id INT PRIMARY KEY),US Dollar,7408.23,"$23,546.14",AUD,"$39,161",US Dollar,"$20,600.11",Retail,30999925,11/27,785,[INTERNAL] Q1 strategy review pending board approval,01/26,US Dollar,INS-295138,"$49,639",34816631,506,william.moore,Shanghai,26.8,Hamburg,13.52,5.20.29,"$42,214",6859.39,2026-06-26 05:36:33,"$75,698",114,60117962,GBP,Value pricing,"$11,181",BILL-389809,09/24,82.7,96.7,INR,Switzerland,Inception,NanoCore SDK,6678.67,"$88,340.93",88683,hr.employees,0x36f0db4c78b99629a2e7a182c28db9dbc1477d37,"$5,467,067",79931256,3598 shares @ $359.48,ethan.miller@yahoo.com,"$22,494",60113332,AUD,INS-422815,insert,43277.22,Downtown,BILL-164200,4915.18,Emma,XXXX-XXXX-XXXX-4459,linda_miller,CHF,USD,INV-898060,75.24,"$18,770",3252,598515909,_ga=5701823285.4639708,analytics.events,2026-05-20,jennifer.martinez@gmail.com,BILL-676074,6011-3225-0867-1207,INR,771,"$36,409",9986,2020-12-20 18:30:35,"$180,544",316,"$51,292.74",6011-1924-1745-8018,"$1,729",68.4,7905,FR,INV-523840,sarah.martinez@outlook.com,"[13.67, 77.55]","$3,267,482",$2b$12$Msn30PSSNeuoH04Ni44HQSntkbEx9J6z89ZODWQx8NFfyzCOBWi4V,INV-563657,618,9546.66,5885 Cedar Ln,CNY,463319,820947102,998825047,5036,0xaed504d498e0434b26a7caeee3e400279664e0f0
Emma Brown,-100.805512,XXXX-XXXX-XXXX-2675,453,293,"$41,445",[INTERNAL] Q1 strategy review pending board approval,US Dollar,477,Manufacturing,CREATE TABLE t (id INT PRIMARY KEY),British Pound,1984.54,"$51,252.66",CNY,"$10,477",British Pound,36961.70,Energy,220839456032,07/29,630,[INTERNAL] Q2 strategy review pending board approval,06/24,British Pound,INS-379671,"$39,351",598315120154,668,william.taylor,Shanghai,17.6,Rotterdam,13.02,5.1.13,"$20,954",8016.31,2018-09-02T07:41:24Z,"$7,865,536",2929,3734188,CAD,Value pricing,"$36,231",BILL-774997,05/29,17.7,80.28,JPY,Spain,Interstellar,FlexPay Platform,7332.4,89474.10,98757,public.users,0xb1dee25b8af8ab93d491db4b37bdabf12172b976,"$1,674,738",77492978,2122 shares @ $19.24,james.taylor@outlook.com,"$14,520",601170222,CNY,INS-286492,snapshot,"$45,621.44",West End,BILL-718278,8035.77,Robert,5468-1199-9966-8140,robert_brown,CHF,BRL,INV-585638,1.86,"$49,827",3786,778575029,_ga=9113028205.7102578,analytics.events,2022-01-24,liam.davis@gmail.com,BILL-656684,XXXX-XXXX-XXXX-2091,JPY,764,"$28,394",1689,2018-01-10T07:41:31Z,"$100,990",305,34206.77,4298-4522-3210-2350,"$22,279",11.1,8083,IN,INV-962326,michael.garcia@yahoo.com,"[36.3, 80.24]","$55,730",$2b$12$8CLacBOQOVQA52xq2P9k8eQWTqdwNRmuTt97klxs8gwLQFhQTr2j0,INV-678900,413,4946.99,7500 Cedar Ln,CHF,552752,827074788,046982278,1775,0x4a7f71ac3d4a7091edccdeb44161e1024b8f6db2
Emma Thompson,83.375688,5713-2166-5801-6645,745,074,"$65,819",[INTERNAL] Q4 strategy review pending board approval,Japanese Yen,668,Finance,message Msg { string id = 1; },Japanese Yen,684.52,"$94,879.04",GBP,"$34,451",British Pound,"$50,545.21",Technology,485399180527,07/25,815,[INTERNAL] Q1 strategy review pending board approval,11/25,Swiss Franc,INS-590881,"$43,893",9020619795,382,logan.thompson,Hamburg,47.5,Hamburg,3.91,1.15.58,"$24,588",6029.13,2022-05-11 22:51:18,"$2,200,490",0224,3799218,JPY,Cost-plus 25%,"$36,522",BILL-139424,04/26,87.6,32.85,USD,Israel,The Godfather,VaultKeeper,8109.34,"$95,475.49",16601,hr.employees,0x4833231d68a83fbc330a038b02302f6d3964a6ea,"$6,839,798",3373164591,57 shares @ $233.71,emma.martinez@outlook.com,"$4,805",520709,CAD,INS-860811,insert,11335.92,West End,BILL-593754,2567.45,Michael,5422-1343-0115-9858,jennifer_garcia,CHF,INR,INV-574421,3.37,"$22,000",4735,512385813,_ga=6249215372.7605171,analytics.events,2023-07-10,loganwhite@yahoo.com,BILL-519088,3701-8269-1301-0897,BRL,339,"$8,070",8126,2019-03-19 06:45:02,"$122,999",769,11492.91,6011-6040-9571-0107,"$29,787",79.5,7993,IN,INV-194267,mason.king@gmail.com,"[34.18, 88.59]","$1,479,657",$2b$12$B1kb5AlHQkVL2dLns4WJbQcVv1yP2Sxv94aoTKDRFFyJXTzjN1Im1,INV-418934,623,9472.82,2805 Maple Dr,CAD,559528,161787220,787907109,7512,0x3a020a585ad6a9cfe4e169fc07f2b29f2b13ec9d
Anna Lewis,-141.449097,XXXX-XXXX-XXXX-1742,810,5552,"$75,000",[INTERNAL] Q4 strategy review pending board approval,US Dollar,489,Energy,message Msg { string id = 1; },Euro,6194.89,"$11,526.13",EUR,"$18,150",Euro,60774.67,Education,431733075944,02/27,439,[INTERNAL] Q3 strategy review pending board approval,01/27,Japanese Yen,INS-898207,"$45,623",62187788,599,patricia.jones,Rotterdam,45.9,Rotterdam,12.56,1.7.94,"$15,729",2361.15,2025-09-22T16:56:51Z,"$9,162,103",064,59505,EUR,Penetration,"$38,717",BILL-911499,10/30,36.4,50.45,JPY,South Korea,Blade Runner,FlexPay Platform,749.78,"$85,516.18",KJ2 6BC,hr.employees,0xcb4fc39a0072ed1c8146e7ba4096d0d1bf629961,"$5,246,938",03109736,307 shares @ $308.23,sophia.garcia@gmail.com,"$22,781",552839,USD,INS-562236,delete,27944.27,East Side,BILL-463559,2853.6,Robert,6011-9925-2180-8857,oliver_king,CAD,BRL,INV-181749,49.22,"$8,243",5550,344336122,_ga=8478154784.3126519,analytics.events,2022-11-22,susandavis@example.com,BILL-928320,4013-5139-2391-0897,CNY,743,"$24,091",4865,2020-09-12 20:02:53,"$244,371",371,"$76,741.24",6011-1786-2269-7455,"$44,030",61.1,9267,US,INV-121317,emily.moore@yahoo.com,"[8.53, 94.8]","$1,928,897",$2b$12$Xd3NqPRSzRimoiNQgMsREYua8JnmU64d7aAYsKZBbXNHIhpA7Ddz1,INV-333956,754,2004.35,4109 Pine Rd,INR,3747152,133089672,608526689,5159,0xd1d5ea4c13128cbef3c915f4cc151949e1aac3dc
Oliver Clark,142.867094,3725-8752-6128-9947,792,0734,"$203,040",[INTERNAL] Q1 strategy review pending board approval,Euro,635,Education,CREATE TABLE t (id INT PRIMARY KEY),US Dollar,4751.77,"$50,422.70",CAD,"$6,032",Swiss Franc,34436.83,Healthcare,453250188674,07/30,716,[INTERNAL] Q4 strategy review pending board approval,02/29,Euro,INS-203585,"$19,045",2820058464,656,patricia.jackson,Port of LA,57.1,Busan,1.92,5.16.99,"$7,732",7394.92,2025-01-14 03:31:51,"$8,072,486",5929,400732,USD,Premium,"$22,165",BILL-857963,03/28,36.3,49.8,INR,United Kingdom,Inception,FlexPay Platform,7004.22,26385.77,XN9 1TJ,analytics.events,0x40ca3de59551848fc2f1f5a1ac86d3f154f77f9c,"$2,943,215",87391824,3509 shares @ $178.4,patricia.miller@outlook.com,"$12,408",601125489,JPY,INS-401527,snapshot,96897.52,West End,BILL-201736,9233.7,James,4649-5472-8921-2534,amy_rodriguez,AUD,EUR,INV-347552,58.44,"$13,814",6517,384045522,_ga=1889225373.3159170,sales.orders,2024-06-13,oliver_williams@company.com,BILL-113633,6011-0729-5135-4522,EUR,993,"$37,388",3860,2020-06-23 16:33:57,"$208,445",576,"$67,162.34",5668-5227-5576-3234,"$42,491",33.8,9664,MX,INV-586620,emma.brown@gmail.com,"[24.35, 83.68]","$3,919,688",$2b$12$fWz78OT8Q2dG85uL0FpXriYQEqLxASvNiKh3yad9pnuLb2H4xuHkj,INV-341379,699,5378.58,7047 Elm St,GBP,373657,021560293,302797863,2209,0xb8c42940634636647331b4f325aeab66bf97249f
Anna Martinez,-59.644728,5757-3932-5674-5002,738,5592,"$122,980",[INTERNAL] Q2 strategy review pending board approval,Japanese Yen,717,Energy,"{""type"": ""object"", ""properties"": {}}",US Dollar,5343.49,75313.53,JPY,"$8,829",US Dollar,9197.68,Retail,254664556726,08/25,685,[INTERNAL] Q1 strategy review pending board approval,01/25,British Pound,INS-501003,"$22,487",1268679735,827,noah.lewis,Port of LA,49.5,Rotterdam,0.45,4.7.17,"$29,372",7438.51,2021-06-09T10:48:24Z,"$2,212,930",2251,3749655,EUR,Premium,"$40,462",BILL-296825,03/28,28.3,19.83,INR,India,The Godfather,SmartHub X1,5406.81,3672.80,42783,analytics.events,0xdc1e2b0668de26d4842e551453574b4145583226,"$8,246,552",130809698002,3813 shares @ $389.4,olivia.brown@outlook.com,"$9,716",54056,JPY,INS-681747,insert,4374.71,South Bay,BILL-973343,6048.23,Lucas,XXXX-XXXX-XXXX-3696,emily_martinez,CNY,CNY,INV-594662,96.22,"$35,744",5372,339137660,_ga=1078404976.2580098,analytics.events,2022-12-05,elizabeth_brown@outlook.com,BILL-239422,XXXX-XXXX-XXXX-0795,BRL,1143,"$24,180",7467,2018-09-01 17:47:49,"$157,873",408,"$45,914.73",5015-3849-3368-4660,"$21,118",58.4,9862,IN,INV-690903,jessica.martin@gmail.com,"[16.22, 60.18]","$5,370,672",$2b$12$lc4i3UgegRCugNCfPd9WxWqTY9QbUyR8HoXUepPAG6EvefUnjP0TZ,INV-340774,712,1975.42,9924 Cedar Ln,INR,60112453,720805517,838835588,8997,0x7da16ec63f5f70806812716cb156b1e55630678b
Mary Davis,-83.69085,XXXX-XXXX-XXXX-8779,811,504,"$150,221",[INTERNAL] Q1 strategy review pending board approval,Japanese Yen,381,Finance,message Msg { string id = 1; },US Dollar,7329.53,33372.37,BRL,"$13,100",British Pound,"$35,141.68",Retail,9826798343,03/30,315,[INTERNAL] Q2 strategy review pending board approval,05/30,British Pound,INS-846878,"$45,826",503552892903,613,sophia.garcia,Busan,39.9,Shanghai,6.85,5.7.12,"$48,541",853.6,2023-11-20 04:34:04,"$5,606,251",7355,58982,CNY,Premium,"$35,279",BILL-539978,11/27,90.6,94.59,INR,United Kingdom,Interstellar,SmartHub X1,2290.9,"$56,998.73",31374,public.users,0x11dc1412f9923deff8cbfab278dc6c81acf4d83f,"$6,466,865",0246534252,1103 shares @ $88.1,oliver.wright@outlook.com,"$5,899",3785778,CAD,INS-253004,update,"$31,100.88",South Bay,BILL-420835,795.47,Linda,5947-3829-3344-3309,oliver_brown,USD,INR,INV-642173,76.67,"$10,470",8094,763799570,_ga=7106651022.9012955,public.users,2020-03-26,james.king@yahoo.com,BILL-115173,4947-6517-1303-6325,CNY,5382,"$35,685",8678,2025-10-26T21:11:08Z,"$195,459",616,44906.48,6011-7901-5656-1982,"$14,974",44.1,8341,CA,INV-839316,patricia.taylor@gmail.com,"[25.51, 84.61]","$8,401,435",$2b$12$1ZEKZk2jEd3Zhzl20USz7qnkOwcyHFoDQSq7ZdtppxpCHcRNDx3wA,INV-144883,377,5763.56,1935 Main St,USD,45266,748677406,036514886,9064,0xe50d237f99d19e3aca6a8d6384fe4f72e84a51a4
Sarah Moore,-178.468454,6011-5840-7650-8160,766,1186,"$171,853",[INTERNAL] Q1 strategy review pending board approval,Euro,533,Healthcare,"{""type"": ""object"", ""properties"": {}}",Euro,4871.25,41548.00,GBP,"$26,438",Swiss Franc,"$31,195.01",Retail,34814547,01/24,834,[INTERNAL] Q1 strategy review pending board approval,08/30,Euro,INS-747591,"$26,450",72040640,717,liam.johnson,Busan,83.3,Rotterdam,11.48,4.15.32,"$3,152",1271.45,2024-07-12T00:33:34Z,"$2,029,950",8104,3700632,CNY,Penetration,"$19,909",BILL-783199,04/27,38.6,12.37,CAD,South Korea,Inception,Widget Pro,8644.11,"$69,219.97",81348,hr.employees,0x3292b58591ed5beb7533c5c6876c6cf10433f906,"$9,662,045",822615163587,397 shares @ $37.22,mary.jackson@outlook.com,"$2,541",601143787,EUR,INS-714989,delete,21639.83,West End,BILL-257290,31.89,Ethan,XXXX-XXXX-XXXX-8525,anna_martin,USD,BRL,INV-606329,6.72,"$26,881",9104,692470879,_ga=7948064879.9540233,sales.orders,2020-02-22,oliver_thompson@outlook.com,BILL-315425,5979-9316-1604-8019,AUD,714,"$46,667",1607,2026-03-20 13:00:49,"$156,707",638,5263.43,6011-2191-6564-6498,"$26,162",21.8,8992,BR,INV-928963,sarah.white@yahoo.com,"[17.94, 69.19]","$6,838,235",$2b$12$mLOFZXzrTBIrNlDaoJM90w6SrhALMXVhgiL6qvtPCM46nBHNfy7mn,INV-932885,651,5972.61,657 Park Blvd,CHF,48182,222395278,202809414,3563,0x91f131293e38f2a9783d8df24dfca49414504f4e
Ethan Anderson,153.553688,XXXX-XXXX-XXXX-8206,321,757,"$177,283",[INTERNAL] Q3 strategy review pending board approval,US Dollar,781,Finance,"{""type"": ""object"", ""properties"": {}}",British Pound,3300.57,87788.93,BRL,"$39,351",US Dollar,"$81,305.67",Finance,19857684,09/30,488,[INTERNAL] Q2 strategy review pending board approval,04/28,Japanese Yen,INS-589134,"$36,830",11417333,506,robert.martin,Busan,93.5,Hamburg,6.42,1.0.97,"$36,943",5957.34,2026-06-04T08:07:47Z,"$2,657,490",760,379025,JPY,Premium,"$49,946",BILL-473753,01/26,10.0,11.08,JPY,Sweden,Inception,NanoCore SDK,6947.38,53443.97,22841,public.users,0x4c59d2e36799ba1930f87738f5886618f5f0b3da,"$6,058,048",25808564,1451 shares @ $249.1,jessica.moore@yahoo.com,"$39,840",3735829,BRL,INS-443914,insert,4180.59,Downtown,BILL-968616,9536.23,Harper,XXXX-XXXX-XXXX-9372,olivia_walker,CHF,JPY,INV-874738,38.11,"$12,850",2811,779853972,_ga=4647088771.3495503,public.users,2021-07-09,olivia_moore@example.com,BILL-417809,XXXX-XXXX-XXXX-2237,CAD,3432,"$13,702",8101,2023-02-28T22:40:53Z,"$157,476",317,3423.21,3704-1196-3303-0230,"$30,059",88.2,9639,DE,INV-292922,linda.moore@yahoo.com,"[38.97, 78.01]","$1,829,436",$2b$12$JW4gcjDwhiy4A1GOVtrz56BPLVLcB3vxmAs1BLvC0x225yPu1SlBt,INV-623522,440,4737.29,2179 Oak Ave,CAD,57871,348562466,189836649,3917,0xeb5e7d6ee59cb5167412e20b7710d0492e34c6e6
Robert Rodriguez,164.113342,5046-6194-4651-9109,493,2778,"$137,954",[INTERNAL] Q2 strategy review pending board approval,US Dollar,518,Energy,message Msg { string id = 1; },US Dollar,8744.66,"$42,734.87",CHF,"$29,389",Japanese Yen,21538.72,Education,830075165321,11/29,337,[INTERNAL] Q3 strategy review pending board approval,09/25,Swiss Franc,INS-771063,"$26,216",64922810,681,logan.thompson,Busan,58.1,Rotterdam,7.45,3.5.7,"$7,426",7217.6,2021-05-15 04:43:38,"$8,769,971",626,374335,CHF,Premium,"$13,723",BILL-141789,02/28,1.6,2.26,INR,Netherlands,Interstellar,Widget Pro,9846.06,"$25,036.08",54608,analytics.events,0xe385e97c167f4a1884f18fdde41e4f43b26f135f,"$7,429,118",434607378883,2474 shares @ $232.18,harper.martinez@yahoo.com,"$31,523",40462,BRL,INS-567386,update,62265.00,Downtown,BILL-854450,7545.34,David,5220-1172-9355-1937,sarah_thomas,CAD,GBP,INV-272130,90.78,"$31,922",4193,309298543,_ga=7562889924.1301890,public.users,2021-08-05,jenniferlee46@company.com,BILL-716543,5361-9023-8740-7169,USD,7757,"$23,219",9024,2019-12-12 14:28:53,"$109,635",493,89810.08,XXXX-XXXX-XXXX-5266,"$17,594",55.5,4343,CA,INV-435136,oliver.martin@yahoo.com,"[18.38, 74.29]","$5,231,880",$2b$12$6DjDvngT8An2qBTV4QryPoOuU0xlKzlHeMsensaJ0HScLBJia5y7W,INV-292392,524,9530.09,4690 Park Blvd,CAD,60113010,096615180,835312590,4332,0x229478cfd4cda438064a77ab3e1d5af86bd0bfff
Sophia Z. King,-128.033132,6011-1662-3997-1751,671,865,"$203,986",[INTERNAL] Q1 strategy review pending board approval,US Dollar,523,Retail,message Msg { string id = 1; },Euro,7597.17,"$59,607.77",CAD,"$36,082",British Pound,"$62,831.27",Retail,883019414420,11/28,745,[INTERNAL] Q1 strategy review pending board approval,04/28,Swiss Franc,INS-240971,"$43,349",7885354532,443,james.lewis,Singapore,26.7,Shanghai,11.29,2.18.49,"$49,414",5767.86,2022-12-25T10:07:16Z,"$9,439,633",533,375425,AUD,Premium,"$42,813",BILL-273828,02/29,43.5,5.36,USD,Japan,Interstellar,Sentinel Monitor,731.3,"$48,933.60",NB1 4VH,public.users,0x4300764d7a685683cd359984d9e853b8ef316c9b,"$6,818,485",7391191738,2468 shares @ $438.64,john.wright@outlook.com,"$31,367",3737880,EUR,INS-917987,update,"$18,265.61",Downtown,BILL-315041,8859.44,Jessica,3799-4106-7015-7353,linda_robinson,BRL,JPY,INV-682531,8.07,"$10,534",5802,218274297,_ga=9696053684.7200680,public.users,2026-11-26,richard_robinson72@company.com,BILL-336759,XXXX-XXXX-XXXX-6279,AUD,680,"$11,350",4194,2022-02-10 22:03:29,"$74,199",417,46188.48,6011-8115-9628-2332,"$37,487",74.0,4139,IN,INV-638578,james.jackson@outlook.com,"[11.03, 69.52]","$3,260,769",$2b$12$nLElB60NgLY8eRswDYIqjnowtodBFjDIuX1CQGAsH5BmCRHv2bG4p,INV-183651,461,757.36,3950 Cedar Ln,INR,495372,787114101,821990010,5426,0x9138718e6b074a7ce4b7a0d27105978866483fe4
Emma Smith,16.37363,4682-6236-7538-8972,777,4400,"$159,272",[INTERNAL] Q1 strategy review pending board approval,Japanese Yen,389,Technology,"{""type"": ""object"", ""properties"": {}}",Japanese Yen,3436.13,95031.30,CHF,"$26,307",British Pound,23217.29,Healthcare,99119438,06/25,738,[INTERNAL] Q1 strategy review pending board approval,07/29,British Pound,INS-690803,"$43,330",181021866644,618,robert.brown,Shanghai,39.7,Hamburg,12.57,3.20.13,"$46,863",6262.91,2021-07-08T17:28:03Z,"$2,050,087",399,461341,CNY,Value pricing,"$41,661",BILL-368047,02/28,58.5,97.41,GBP,India,The Godfather,Sentinel Monitor,5280.72,46874.68,IW6 5PE,public.users,0x24537ab742c5ecb61fdf0cdab081e22fea255c72,"$7,449,495",257610800719,2782 shares @ $316.4,david.moore@outlook.com,"$26,697",3780177,JPY,INS-169637,snapshot,42118.06,South Bay,BILL-477773,6838.52,Patricia,3752-4297-0628-6443,amy_moore,INR,USD,INV-141829,58.19,"$2,781",4730,104022116,_ga=6017584219.9704143,public.users,2019-02-06,jessica_lewis@yahoo.com,BILL-713626,XXXX-XXXX-XXXX-3360,AUD,509,"$24,880",7279,2019-07-09 16:04:38,"$232,645",678,"$72,408.86",4464-3952-2392-6940,"$29,922",11.4,1971,MX,INV-178391,harper.williams@yahoo.com,"[35.1, 64.74]","$4,247,657",$2b$12$N7CXvWkKVhyW9hA6rN1LNkOAeDWHKgam9uwwH10WcKkSUV5b7lHEl,INV-573165,764,9050.69,221 Maple Dr,INR,601188778,807872810,452430279,7700,0x8878bd53eee9924e9fcb87033ccdfb38b8e23922
David Walker,-11.17023,6011-3536-9122-0937,355,313,"$93,140",[INTERNAL] Q3 strategy review pending board approval,Japanese Yen,385,Finance,"{""type"": ""object"", ""properties"": {}}",Swiss Franc,94.71,21148.40,BRL,"$10,709",Japanese Yen,"$5,118.56",Energy,481237398636,06/30,820,[INTERNAL] Q3 strategy review pending board approval,11/30,US Dollar,INS-388297,"$41,666",0016632698,618,william.martin,Hamburg,37.2,Hamburg,4.55,1.17.45,"$45,325",8703.74,2026-05-27T22:12:54Z,"$3,584,441",3191,46249,EUR,Premium,"$38,148",BILL-529146,12/27,71.2,69.34,CNY,Israel,Interstellar,AuditTrail Plus,291.14,98900.53,95111,analytics.events,0x4c92d5caa24228fb02884aceec7755058202f49c,"$626,144",053555399018,3962 shares @ $425.26,lucas.wright@outlook.com,"$1,272",3742357,INR,INS-736927,insert,69931.49,North Shore,BILL-532474,7365.02,Sophia,6011-8054-7431-2821,patricia_moore,EUR,CHF,INV-756869,27.19,"$27,570",8099,373804925,_ga=5160723596.6869034,public.users,2018-03-19,susan_lee44@yahoo.com,BILL-815594,5371-5850-2516-7017,BRL,4822,"$18,720",5024,2023-01-15 03:44:24,"$66,270",672,7327.25,6011-3558-9109-8035,"$15,951",3.5,4006,GB,INV-985951,william.white@gmail.com,"[32.59, 78.75]","$112,495",$2b$12$MIGkeNEra5KZeYr2GIbEIDLoTHb9DRd5fo0MkFgkmiWUFSyIeq4kL,INV-658729,567,4577.58,7607 Elm St,EUR,601112221,781789744,451668213,1031,0x1408f8a589bbd9c8c6a21d63cdbd855bbf338a8d
David Miller,-3.696444,XXXX-XXXX-XXXX-4626,752,204,"$230,676",[INTERNAL] Q4 strategy review pending board approval,Euro,494,Retail,"{""type"": ""object"", ""properties"": {}}",US Dollar,6203.71,94509.16,CNY,"$27,710",British Pound,"$27,902.96",Healthcare,062214764634,07/29,490,[INTERNAL] Q2 strategy review pending board approval,01/24,Japanese Yen,INS-515647,"$49,408",9174269365,658,elizabeth.taylor,Hamburg,32.0,Busan,10.51,1.14.0,"$33,395",9149.69,2021-07-21 10:25:50,"$7,729,567",862,60118059,CHF,Market-based,"$20,530",BILL-615797,03/28,61.3,84.33,CAD,South Korea,Inception,Sentinel Monitor,8045.48,"$70,145.47",58802,analytics.events,0xd4fe32c5ee335d97aa56aff25d9dfdec3819beba,"$1,275,745",1122313446,3554 shares @ $354.96,mary.brown@outlook.com,"$31,727",41631,CAD,INS-919633,upsert,67842.01,East Side,BILL-823960,8953.5,Anna,3702-6934-3647-7360,anna_lee,CNY,BRL,INV-172193,96.58,"$22,717",9298,084513695,_ga=7367437996.3176680,hr.employees,2020-01-16,jenniferthompson99@yahoo.com,BILL-805139,3787-1047-5355-9127,BRL,6945,"$5,641",1587,2018-07-23 22:26:54,"$118,002",459,"$93,394.97",XXXX-XXXX-XXXX-3150,"$43,661",49.9,2435,JP,INV-461764,patricia.lewis@yahoo.com,"[19.96, 77.53]","$8,288,787",$2b$12$Y50IVHj9j6XFZaF6xP7mzRi1oF3AUj6NOmcUH6F4VsS9xRAUElH7d,INV-591763,773,2917.16,3150 Oak Ave,CAD,376329,718525090,449248644,0722,0x3c6534e7835e82d422fee4145e0072d8ed48ed8d
Mary Y. Smith,-49.004225,XXXX-XXXX-XXXX-6008,395,218,"$218,424",[INTERNAL] Q3 strategy review pending board approval,British Pound,732,Manufacturing,message Msg { string id = 1; },British Pound,2589.36,57395.22,BRL,"$13,476",British Pound,62726.10,Manufacturing,2177000006,03/29,629,[INTERNAL] Q2 strategy review pending board approval,04/25,US Dollar,INS-336014,"$34,347",92632389,589,anna.moore,Rotterdam,52.1,Singapore,9.95,3.14.22,"$14,675",7411.46,2024-03-25T23:04:44Z,"$328,477",084,443166,INR,Penetration,"$21,342",BILL-878488,08/30,82.9,12.17,JPY,Netherlands,The Matrix,Sentinel Monitor,472.77,21346.06,41350,hr.employees,0xc3a2e37cd28db78f160087627609a69b59ca76d0,"$7,710,082",404265916349,536 shares @ $36.85,anna.walker@outlook.com,"$45,083",58441,GBP,INS-165266,upsert,56150.07,East Side,BILL-409953,7323.33,Michael,6011-3762-9345-1351,linda_clark,CNY,CAD,INV-644793,61.38,"$36,357",5476,082082565,_ga=6279200364.7192832,hr.employees,2025-05-02,amy.wright83@gmail.com,BILL-101535,4537-8451-5507-4158,EUR,0341,"$43,662",2626,2018-01-04T16:55:01Z,"$236,150",618,"$57,979.59",XXXX-XXXX-XXXX-3496,"$16,511",44.9,6810,JP,INV-460580,noah.white@yahoo.com,"[11.4, 98.37]","$2,374,646",$2b$12$skfYeRObNBa0rBc2aVKMcKygYxPfvbhhDCNAooneOiWZ6lvXHMYfi,INV-820855,752,98.31,133 Park Blvd,INR,3788931,727145197,549381959,4844,0x97441f1b7ea342bf26a8c857e396818d5ab40e2d
Emily Brown,4.023392,4382-4260-9789-2154,549,0685,"$108,573",[INTERNAL] Q1 strategy review pending board approval,Euro,355,Education,CREATE TABLE t (id INT PRIMARY KEY),Japanese Yen,8304.07,70503.02,CNY,"$41,135",Swiss Franc,91303.33,Energy,24690049,09/26,793,[INTERNAL] Q3 strategy review pending board approval,09/25,British Pound,INS-381742,"$11,047",0528138631,679,ethan.lewis,Shanghai,0.2,Singapore,4.68,4.6.85,"$21,665",1680.23,2026-12-10 05:12:31,"$9,713,378",654,568250,CAD,Value pricing,"$47,503",BILL-937391,07/27,99.3,14.74,INR,United Kingdom,The Matrix,DataSync 3000,58.68,"$15,969.21",54389,sales.orders,0x4600ee7ad90ef0e4680b5990b4ecf1fe3c05cf46,"$2,403,496",749525859221,74 shares @ $148.57,richard.jones@outlook.com,"$27,475",372172,CNY,INS-601156,upsert,99634.32,North Shore,BILL-453257,9702.1,Richard,4737-2814-6345-9414,richard_lewis,AUD,USD,INV-795792,47.37,"$28,750",7141,304551034,_ga=8162539946.6972829,hr.employees,2018-12-04,emily.taylor94@company.com,BILL-553343,6011-1739-0724-1216,AUD,912,"$18,778",4872,2026-06-10T11:35:11Z,"$120,211",819,10862.33,XXXX-XXXX-XXXX-3353,"$3,627",49.0,8507,FR,INV-249105,robert.moore@yahoo.com,"[12.84, 71.84]","$9,097,569",$2b$12$Ph6SxcWMaHLulKCRKs8SHDCZD79QRmj9VkeQt4CxzLBmDIFTe66ra,INV-837013,740,3413.76,343 Maple Dr,BRL,575372,009181887,947828894,7744,0x84c688714979dbd94ec2107e4876e184f1907a23
Oliver L. Garcia,-144.724842,XXXX-XXXX-XXXX-0000,575,721,"$201,007",[INTERNAL] Q1 strategy review pending board approval,Euro,317,Education,message Msg { string id = 1; },US Dollar,5355.19,"$91,866.43",CAD,"$27,936",Japanese Yen,73871.63,Finance,83365578,02/27,780,[INTERNAL] Q1 strategy review pending board approval,11/28,Japanese Yen,INS-431561,"$13,616",458049738993,313,amy.thompson,Singapore,32.7,Port of LA,11.57,1.2.14,"$41,162",662.61,2024-05-23T06:30:31Z,"$2,261,015",8998,3798163,JPY,Market-based,"$38,905",BILL-867798,06/29,96.2,12.45,CHF,Australia,Blade Runner,CloudGuard,2481.57,"$17,816.45",AX2 8FG,hr.employees,0xbfab30e225b823886b7f37a0b3a18bca958e8dc3,"$9,193,410",973978222344,2899 shares @ $341.68,harper.harris@outlook.com,"$4,017",53886,EUR,INS-791082,delete,"$30,381.01",Midtown,BILL-297339,1893.34,Michael,XXXX-XXXX-XXXX-2145,linda_king,BRL,AUD,INV-609660,36.91,"$1,748",5818,249235394,_ga=4703878281.9364321,public.users,2020-07-02,sarahclark@gmail.com,BILL-158869,XXXX-XXXX-XXXX-8436,JPY,824,"$49,557",3149,2026-03-03 07:39:52,"$103,450",407,"$45,857.54",3765-5972-5783-4680,"$47,568",14.6,5463,GB,INV-973131,logan.lee@yahoo.com,"[26.75, 78.38]","$1,532,848",$2b$12$a4boBlHjDIIIXhRnhPGefqlEcoRSj3ijReCMvjbj1pGfKG7McXHh9,INV-754680,471,9189.54,4451 Oak Ave,EUR,371583,898730209,057725193,2431,0xec5bd09d888e20142557b0630894810956285844
Olivia Lee,-61.609496,XXXX-XXXX-XXXX-9614,729,882,"$149,162",[INTERNAL] Q1 strategy review pending board approval,Euro,542,Education,CREATE TABLE t (id INT PRIMARY KEY),US Dollar,8961.25,33806.04,INR,"$13,020",British Pound,"$51,236.13",Retail,9956808002,03/25,438,[INTERNAL] Q2 strategy review pending board approval,11/27,Japanese Yen,INS-431759,"$38,913",0758344783,663,robert.martin,Port of LA,11.6,Hamburg,8.32,1.6.95,"$17,784",354.02,2021-05-23 05:51:42,"$4,415,407",4010,528809,AUD,Cost-plus 25%,"$36,801",BILL-664552,11/24,97.4,63.38,CAD,Netherlands,Inception,VaultKeeper,4652.92,"$47,502.63",ND1 5WA,hr.employees,0xbb873d988413aeadbb7ad9e2d5d7ea592ab1aa30,"$9,065,557",37372276,2420 shares @ $73.3,liam.robinson@gmail.com,"$49,354",438101,JPY,INS-677833,update,"$20,829.14",Midtown,BILL-365176,8698.49,Richard,XXXX-XXXX-XXXX-5526,liam_lewis,EUR,EUR,INV-398528,23.4,"$17,874",0397,481642268,_ga=3871710198.6268790,hr.employees,2025-12-23,emily.rodriguez@outlook.com,BILL-318025,3756-5980-9456-0935,BRL,0142,"$49,636",6796,2022-10-28 03:46:47,"$102,632",698,"$15,650.85",5519-3575-7359-0820,"$19,477",44.3,6974,IN,INV-989611,harper.smith@gmail.com,"[1.17, 88.05]","$3,745,397",$2b$12$M6D2W27W8RwpYr5hEHHVXi0ysNDvxvabrYKoKRK1kxeL1Buj19x9J,INV-406037,767,8928.53,7715 Elm St,CNY,552087,661624592,393549070,4656,0x90adb4e811c4ee2669f1245c019d8d87684e0709
Amy U. Williams,-53.365366,XXXX-XXXX-XXXX-5950,525,498,"$167,995",[INTERNAL] Q3 strategy review pending board approval,Euro,480,Energy,message Msg { string id = 1; },British Pound,488.66,"$91,383.97",AUD,"$13,675",British Pound,"$66,354.15",Finance,88346258,04/25,658,[INTERNAL] Q3 strategy review pending board approval,07/30,British Pound,INS-554142,"$19,938",1243237498,321,james.thompson,Hamburg,75.4,Hamburg,6.53,0.4.22,"$44,700",8348.33,2021-04-26 06:42:15,"$3,695,659",8350,443795,CHF,Value pricing,"$40,000",BILL-442381,06/24,69.3,73.09,GBP,Mexico,The Matrix,Widget Pro,8857.11,"$3,358.40",21538,public.users,0xff05fee9e03b464969b11af6d804ae8eb7446d3c,"$9,595,855",33283814,3519 shares @ $24.04,amy.brown@gmail.com,"$8,945",3706326,AUD,INS-294853,delete,"$33,763.44",Midtown,BILL-589159,7133.54,Jessica,XXXX-XXXX-XXXX-3669,james_white,CNY,CHF,INV-840094,20.51,"$33,050",7003,030370193,_ga=2500973647.9930607,hr.employees,2026-07-19,oliviagarcia70@outlook.com,BILL-675361,5494-0730-9163-6586,JPY,707,"$13,776",8024,2019-01-26 12:01:00,"$171,385",493,"$57,044.32",3729-1336-8893-0682,"$6,979",10.4,6539,CA,INV-383633,noah.johnson@gmail.com,"[31.41, 91.37]","$9,966,131",$2b$12$YziTfLCdikldUr1MMg4VKg4S1tracfLfr3V7tXCdnMUEJ44zOXuax,INV-529425,347,3868.47,3460 Pine Rd,EUR,578151,673256339,473846542,2758,0x13c598199729e0e32a4d9d45ff56b44c73104b8d
James Taylor,45.311931,4509-4884-6798-1504,712,7372,"$206,697",[INTERNAL] Q3 strategy review pending board approval,Euro,684,Retail,"{""type"": ""object"", ""properties"": {}}",Euro,598.06,42494.34,USD,"$49,573",Euro,91654.14,Healthcare,45176717,08/28,487,[INTERNAL] Q1 strategy review pending board approval,06/28,British Pound,INS-164293,"$10,787",14351947,789,robert.walker,Shanghai,74.8,Port of LA,12.38,1.3.57,"$14,011",6360.7,2020-12-27 02:52:03,"$9,788,429",647,51245,AUD,Premium,"$35,677",BILL-371317,12/28,1.8,82.05,USD,United Kingdom,Inception,AuditTrail Plus,2200.15,5209.88,94608,analytics.events,0xe65a2c37ee33acdd1d19adff3c63aaed3e44674c,"$392,530",9061688033,4279 shares @ $40.66,emma.anderson@outlook.com,"$20,884",503768,AUD,INS-188812,update,"$88,913.89",West End,BILL-342832,804.0,Aiden,6011-3193-3532-4982,olivia_davis,CHF,CAD,INV-690304,8.65,"$16,524",8887,508994898,_ga=2736018093.6289350,public.users,2026-07-01,anna_brown@outlook.com,BILL-392953,XXXX-XXXX-XXXX-3028,CNY,161,"$46,724",4660,2023-12-05 20:18:20,"$116,019",696,"$78,711.55",3768-9503-9780-8956,"$46,055",93.9,3310,BR,INV-636342,lucas.martin@gmail.com,"[37.69, 61.21]","$7,943,551",$2b$12$Sj3XlYSJhJUlhsxdT0kPHZehwKwFqJTt8VwS2IRF1sWmyWXVicr1m,INV-901947,682,4119.88,9688 Park Blvd,GBP,43554,263373722,161741747,3077,0x858ce60b970077463eed53fadb2b624a8c38becc
Sarah Davis,57.510956,6011-8320-8705-7962,499,196,"$48,256",[INTERNAL] Q1 strategy review pending board approval,US Dollar,362,Retail,message Msg { string id = 1; },British Pound,6590.12,70975.66,INR,"$17,714",Swiss Franc,73578.64,Energy,136892621863,11/27,649,[INTERNAL] Q1 strategy review pending board approval,11/29,British Pound,INS-387342,"$1,770",54404299,838,patricia.walker,Shanghai,89.5,Port of LA,6.07,3.5.39,"$33,983",6209.21,2023-08-07T16:52:33Z,"$9,520,150",322,601128666,GBP,Premium,"$1,434",BILL-131950,01/24,87.0,25.71,CNY,France,The Godfather,DataSync 3000,7597.7,"$92,434.01",39534,analytics.events,0xf6033f1ef368e343d468bd3ff29870ec9b578239,"$7,369,017",4361741547,4866 shares @ $317.56,olivia.williams@gmail.com,"$23,314",3748391,CNY,INS-147652,upsert,"$63,641.45",Downtown,BILL-117962,5366.39,David,3761-3886-1287-7047,patricia_lee,JPY,EUR,INV-604084,82.22,"$16,176",5116,151588682,_ga=2368373249.3988778,public.users,2019-05-01,susanrodriguez@gmail.com,BILL-693884,XXXX-XXXX-XXXX-8878,CNY,0119,"$16,532",5298,2022-06-20 14:53:45,"$52,160",496,31142.85,5720-2342-6757-8684,"$38,933",67.1,3990,DE,INV-117550,sophia.king@gmail.com,"[6.57, 82.63]","$1,385,191",$2b$12$siYZaqaqbpAiQZi7lTe04J6Q0jJ1DG5i3v5MlU8fPSJwfLPK6GxYw,INV-307055,309,2698.27,2254 Main St,BRL,60113641,909343146,807146598,0265,0x1b5ef273ae7db56fce76d5772e11ac066451f3df
Jessica Garcia,-88.22563,5350-2984-9760-3638,581,2158,"$51,608",[INTERNAL] Q2 strategy review pending board approval,British Pound,491,Education,"{""type"": ""object"", ""properties"": {}}",Euro,4793.27,60303.10,CAD,"$47,944",Swiss Franc,8134.52,Energy,00820757,08/28,325,[INTERNAL] Q4 strategy review pending board approval,12/24,US Dollar,INS-712221,"$25,297",318891665047,764,lucas.taylor,Rotterdam,88.1,Shanghai,10.24,1.6.8,"$36,543",6028.49,2026-12-12 22:39:40,"$1,609,672",7069,3797909,EUR,Premium,"$3,211",BILL-823413,09/27,27.4,71.77,CAD,Spain,The Godfather,Widget Pro,1556.37,66943.01,ST9 9DN,public.users,0xd2fd3111740dfa966df77cb4c2da9320b708d64d,"$982,369",3045906708,3691 shares @ $18.46,sarah.jones@gmail.com,"$45,722",379730,CNY,INS-767002,upsert,"$58,580.01",Midtown,BILL-975425,1901.18,Linda,5000-4711-5962-2616,liam_lee,CHF,INR,INV-927881,30.4,"$47,436",9892,352042419,_ga=4809477892.8533748,analytics.events,2019-01-02,emilymartin@example.com,BILL-234407,XXXX-XXXX-XXXX-1742,EUR,699,"$12,934",8334,2025-06-15T06:46:46Z,"$79,252",837,93233.88,6011-2328-4194-3503,"$42,515",4.8,0784,FR,INV-629550,liam.garcia@gmail.com,"[33.57, 76.07]","$2,820,880",$2b$12$xokjrSmrETPtFl9D3dDKEzdICRKMHB9sr2UhVRgmdt48t9Pve4zSS,INV-442516,426,9465.93,9680 Cedar Ln,USD,60112070,615024957,464791389,2911,0xa5198e5e09bb40249d210e53db22748b8b7201f5
Elizabeth Young,136.715776,6011-5568-9616-0424,825,3549,"$155,977",[INTERNAL] Q1 strategy review pending board approval,Swiss Franc,373,Education,CREATE TABLE t (id INT PRIMARY KEY),Euro,8560.16,"$62,817.83",INR,"$10,319",Japanese Yen,"$82,930.18",Manufacturing,7900049982,10/28,807,[INTERNAL] Q3 strategy review pending board approval,08/27,Swiss Franc,INS-888092,"$28,251",2234703819,705,sophia.jones,Singapore,76.7,Shanghai,12.64,5.1.13,"$25,537",2435.9,2019-11-08 07:49:47,"$2,652,673",867,563210,BRL,Penetration,"$18,038",BILL-640049,12/30,42.1,66.94,EUR,Australia,Inception,FlexPay Platform,2571.86,33256.81,VJ2 7LX,sales.orders,0x3615363f5e9d0c4f0290df81845a0550d19d73de,"$5,216,651",35971550,4671 shares @ $303.1,richard.brown@gmail.com,"$7,203",60114098,BRL,INS-184402,snapshot,"$95,541.02",West End,BILL-485283,1624.22,Aiden,6011-9981-4762-6324,lucas_robinson,JPY,JPY,INV-684154,95.62,"$3,807",0657,064781210,_ga=7679386632.3915339,public.users,2026-07-07,lucas_wright@yahoo.com,BILL-392881,6011-7513-7948-5043,CAD,133,"$3,982",2783,2021-12-09 22:14:15,"$191,795",723,"$84,015.32",XXXX-XXXX-XXXX-2028,"$36,661",39.6,1224,JP,INV-692170,amy.wright@outlook.com,"[25.41, 83.45]","$2,807,047",$2b$12$TUKoMhWyiMKeqI5h19GddRY6bPUdlTowvcTknU85HxbE1g4FJkhrB,INV-569426,561,2811.38,9551 Park Blvd,EUR,60110592,379366731,369856645,4523,0x281050313e2ceb6ac2802f6bb16b8b0e399c3beb
David Harris,-128.239904,XXXX-XXXX-XXXX-4402,806,884,"$62,058",[INTERNAL] Q4 strategy review pending board approval,British Pound,728,Energy,message Msg { string id = 1; },British Pound,6396.25,"$49,470.64",CNY,"$15,874",US Dollar,78645.76,Education,8541056526,09/24,427,[INTERNAL] Q3 strategy review pending board approval,04/30,Swiss Franc,INS-885983,"$12,448",33938168,835,mason.martinez,Port of LA,29.7,Port of LA,7.5,1.16.25,"$9,234",118.32,2023-09-10 16:18:47,"$4,166,317",6459,601100703,CNY,Market-based,"$5,082",BILL-800629,06/29,77.5,16.53,BRL,Spain,Inception,Widget Pro,956.55,97217.88,79211,public.users,0x8c1ed015c07f6fb062b765254999682d15ca7502,"$7,900,205",991770717155,4112 shares @ $86.98,anna.jones@gmail.com,"$4,481",3737715,CNY,INS-122747,update,13159.88,South Bay,BILL-741054,3598.89,Linda,XXXX-XXXX-XXXX-5780,james_smith,EUR,AUD,INV-908610,3.45,"$33,277",4967,275979468,_ga=6094805394.1061495,hr.employees,2022-09-05,jessicadavis@company.com,BILL-584276,XXXX-XXXX-XXXX-6606,CAD,1103,"$38,238",5169,2018-12-14 14:10:22,"$95,705",370,$325.95,3719-9107-1524-0105,"$10,819",62.3,5697,FR,INV-145679,sarah.anderson@yahoo.com,"[19.35, 98.1]","$4,369,309",$2b$12$JoLazWoPld3J6SJR7LRkNpZNU0lsUJ8F8iOwuH30ZXp497KicyVFK,INV-875131,344,8566.96,6058 Oak Ave,CNY,57667,819782868,261333428,5418,0x9ca0bed62294a4a844be93a842b7d67d6d30de6f
Susan King,80.28339,4579-7477-2773-2958,791,153,"$115,125",[INTERNAL] Q4 strategy review pending board approval,US Dollar,706,Finance,CREATE TABLE t (id INT PRIMARY KEY),British Pound,772.77,"$90,522.99",CAD,"$49,983",British Pound,71682.13,Manufacturing,471948926862,07/29,612,[INTERNAL] Q3 strategy review pending board approval,07/29,British Pound,INS-358872,"$23,641",82293151,696,james.lee,Singapore,74.8,Rotterdam,5.03,4.2.13,"$28,368",4649.36,2022-08-15 07:56:36,"$815,719",014,60110836,CHF,Cost-plus 25%,"$6,110",BILL-242891,01/26,55.3,44.5,JPY,United States,The Godfather,StreamLine ERP,3843.35,"$76,384.88",GR7 4GZ,sales.orders,0xfe5e4b5e992feff5d5edf001a0a8f92d6fc0c66c,"$8,019,440",79330744,2527 shares @ $44.21,olivia.harris@yahoo.com,"$40,520",601187968,CAD,INS-908624,snapshot,13695.94,West End,BILL-782008,7588.67,Liam,XXXX-XXXX-XXXX-4930,ethan_taylor,EUR,CNY,INV-154678,14.85,"$35,815",7166,361901829,_ga=6957749552.4513676,hr.employees,2019-04-11,david.davis2@acme.org,BILL-368546,3733-0938-0717-4986,INR,0675,"$45,200",4947,2026-08-20 09:14:35,"$82,796",304,36229.09,XXXX-XXXX-XXXX-0098,"$2,173",99.6,7135,US,INV-298514,richard.rodriguez@gmail.com,"[21.11, 75.91]","$5,303,117",$2b$12$Sm5fVMduijs2bI8GX8ce2mXsZ1Dul5mvZrPDhRgXcoA9lv2qeYzph,INV-581861,356,8908.65,8077 Oak Ave,AUD,424412,769043524,896024073,2891,0x3d3007e9676d91d52d063f885254be51921aec0d
Mary Martinez,-165.660044,4164-9924-4718-4323,302,7597,"$234,259",[INTERNAL] Q2 strategy review pending board approval,Euro,635,Energy,"{""type"": ""object"", ""properties"": {}}",Swiss Franc,4624.71,"$80,282.71",JPY,"$2,880",Swiss Franc,"$9,194.58",Education,5964881380,01/24,312,[INTERNAL] Q1 strategy review pending board approval,03/25,Euro,INS-566253,"$11,938",244160882641,739,anna.williams,Shanghai,80.9,Singapore,3.29,3.5.97,"$44,324",8420.07,2022-02-27T09:35:23Z,"$5,873,504",7051,601121366,CNY,Cost-plus 25%,"$44,865",BILL-545583,03/28,34.3,96.21,CHF,Australia,Interstellar,DataSync 3000,4326.07,67837.31,74375,hr.employees,0x5435c10448d15637a6a0bbaac10ced1e42380f76,"$2,356,008",834050408538,599 shares @ $22.55,elizabeth.walker@yahoo.com,"$23,094",601174952,USD,INS-410358,delete,"$75,265.95",North Shore,BILL-911413,8961.43,Olivia,3782-0983-3856-7737,oliver_wright,INR,CNY,INV-697405,7.89,"$18,873",0482,618525094,_ga=1571592508.9178088,hr.employees,2019-04-17,anna.jackson@outlook.com,BILL-886608,XXXX-XXXX-XXXX-8503,USD,5309,"$46,339",9990,2020-07-03 12:18:37,"$235,733",798,"$94,789.92",6011-0904-9987-3711,"$36,345",42.1,4435,CA,INV-177997,emily.taylor@gmail.com,"[30.97, 71.27]","$142,031",$2b$12$mzcoR2ACK23ZbSULnQKriPX3w7YOITCbCWQDdUIecuQ8aN401KotQ,INV-247566,657,2612.73,2913 Park Blvd,INR,55326,216591681,371606979,7717,0x41c41b5afc2c9cf8c99978be2456cbdd0c5d3066
Susan Harris,-152.101013,XXXX-XXXX-XXXX-0804,355,109,"$197,115",[INTERNAL] Q2 strategy review pending board approval,Euro,542,Retail,CREATE TABLE t (id INT PRIMARY KEY),US Dollar,4715.37,"$54,125.52",CAD,"$12,709",Euro,"$27,973.22",Finance,6441221772,05/27,510,[INTERNAL] Q1 strategy review pending board approval,07/27,Japanese Yen,INS-285173,"$16,012",61829582,481,michael.lewis,Singapore,49.9,Hamburg,1.1,0.15.47,"$34,043",5384.96,2021-03-13 20:06:12,"$8,149,061",5277,378530,GBP,Market-based,"$11,332",BILL-147242,11/29,79.5,64.91,JPY,Canada,The Godfather,SmartHub X1,8200.13,"$16,677.28",KZ9 6WM,public.users,0xd9cda69de7014c37b3e8bed3cfe0c4e4fd5f0862,"$3,332,065",07075950,118 shares @ $333.21,patricia.smith@yahoo.com,"$6,471",60114984,EUR,INS-957955,insert,"$4,477.01",Midtown,BILL-726130,112.31,Anna,3774-5563-3911-8037,sarah_jackson,BRL,CAD,INV-314237,69.65,"$1,304",0596,099275117,_ga=1563648701.1867937,analytics.events,2022-01-03,susan.brown@outlook.com,BILL-606862,4586-2889-9924-0185,EUR,249,"$29,939",3053,2021-03-25 22:34:03,"$108,594",514,"$7,048.62",3707-6572-2314-5853,"$33,194",78.7,3441,AU,INV-429404,aiden.miller@yahoo.com,"[1.03, 61.19]","$2,000,481",$2b$12$lxUcgl5XemQkpUkXrTSKFEzFrkubfiBadf1Hm3ouKqjox66Nv1kQP,INV-227419,345,4184.23,1389 Oak Ave,BRL,41490,910780539,505758728,3663,0xd84b17e901b6648125a6e2e8fe96be3e5e13f67b
Linda Miller,-9.436504,XXXX-XXXX-XXXX-7289,757,5296,"$220,506",[INTERNAL] Q2 strategy review pending board approval,Swiss Franc,614,Manufacturing,message Msg { string id = 1; },US Dollar,7233.38,"$14,826.98",CNY,"$9,834",British Pound,"$30,264.10",Healthcare,5725033063,10/24,563,[INTERNAL] Q1 strategy review pending board approval,06/28,Swiss Franc,INS-102127,"$44,331",2923123761,326,lucas.johnson,Hamburg,94.4,Shanghai,7.47,1.10.2,"$5,258",2683.11,2023-09-04 03:21:49,"$9,674,866",423,55802,CNY,Value pricing,"$40,449",BILL-782803,12/29,66.4,83.62,CAD,France,Blade Runner,Widget Pro,3078.52,"$81,672.92",91068,sales.orders,0x6508b34d24de586719623df775c60f2bf942f22c,"$1,221,679",0862601523,2157 shares @ $235.12,john.wright@yahoo.com,"$2,534",376073,BRL,INS-997485,delete,"$47,226.04",East Side,BILL-342240,9173.97,Jennifer,5884-2791-0083-5262,james_thomas,CHF,JPY,INV-408248,50.64,"$19,968",1152,792877644,_ga=9349370767.6504337,public.users,2020-09-08,sophia_taylor@acme.org,BILL-511397,XXXX-XXXX-XXXX-8113,CAD,3428,"$45,959",5776,2022-07-10 17:46:03,"$102,178",770,"$82,672.86",3728-7156-1235-0548,"$43,702",14.5,3474,BR,INV-474412,anna.harris@gmail.com,"[25.54, 91.7]","$8,194,525",$2b$12$JS8y8VgMB43W3pdcYHUUNSiLgArayMd0rzMUnQyDFOGtwacHJtV3t,INV-326700,543,5820.05,7426 Park Blvd,INR,569089,909945865,127645141,6933,0xc9fe2f0ca390438c7434d3809e284c94dc94d809
William W. Young,-136.392479,6011-4107-0332-1960,389,800,"$243,912",[INTERNAL] Q2 strategy review pending board approval,Swiss Franc,430,Retail,message Msg { string id = 1; },Euro,3144.21,79039.77,CNY,"$34,767",British Pound,"$80,769.67",Manufacturing,19055811,06/26,613,[INTERNAL] Q3 strategy review pending board approval,04/24,Euro,INS-893895,"$44,949",6122711464,387,liam.clark,Rotterdam,86.0,Port of LA,2.01,4.19.49,"$42,893",3845.44,2026-03-14 23:07:04,"$1,121,682",299,601152051,CNY,Value pricing,"$31,853",BILL-712178,08/25,81.2,65.67,JPY,Canada,The Godfather,Sentinel Monitor,5835.79,"$62,365.30",TE4 9OE,public.users,0x23961e1b4ee0768f377aea120fce1612c3a725bd,"$492,780",351564155671,2346 shares @ $362.76,olivia.jones@outlook.com,"$10,194",60111932,INR,INS-100514,upsert,"$38,024.54",Downtown,BILL-969816,2571.74,Lucas,5010-9393-2486-3700,john_anderson,CNY,JPY,INV-184614,46.99,"$38,142",9705,756980823,_ga=4656042698.3308566,sales.orders,2023-04-03,patricialewis@outlook.com,BILL-120768,XXXX-XXXX-XXXX-2964,USD,8713,"$33,128",9338,2026-09-18T09:51:27Z,"$219,205",806,5319.01,3748-1384-5023-7275,"$33,323",74.4,1726,DE,INV-544811,richard.thompson@gmail.com,"[31.02, 98.58]","$4,655,380",$2b$12$wbQh2RSzJ83r1SYP0v1yD5Z2XNVN9mnwrypAsV6JEkFDDhqC9OIvx,INV-264337,849,7335.76,3632 Main St,AUD,372104,515588588,599408144,0919,0x98c10dfe0b0d03e36d46d9e346f33914f0f1e825
Anna Anderson,-145.612055,XXXX-XXXX-XXXX-7091,717,1060,"$66,958",[INTERNAL] Q1 strategy review pending board approval,Swiss Franc,478,Healthcare,"{""type"": ""object"", ""properties"": {}}",Swiss Franc,9599.01,"$15,438.86",INR,"$5,678",Swiss Franc,81669.62,Education,98860445,10/29,589,[INTERNAL] Q2 strategy review pending board approval,02/28,Japanese Yen,INS-262090,"$43,835",04800340,440,mason.young,Port of LA,41.8,Singapore,10.23,1.12.78,"$7,465",3496.36,2019-03-06T08:06:12Z,"$6,213,719",8493,43317,EUR,Value pricing,"$30,834",BILL-794542,10/28,9.9,14.41,CNY,Japan,Blade Runner,Widget Pro,8098.07,51957.32,LK6 3TE,hr.employees,0x0e4429469c427c10e3ba6f760405dcd504a6d33f,"$6,347,875",5378534787,1430 shares @ $118.5,william.miller@outlook.com,"$34,061",601183039,INR,INS-198558,insert,27724.31,North Shore,BILL-639361,9700.11,Susan,4326-3249-8591-9542,michael_lewis,INR,BRL,INV-858420,77.96,"$31,591",6285,826614543,_ga=4242309183.9971119,analytics.events,2019-08-22,jessica_garcia@yahoo.com,BILL-514556,5417-4441-9311-3506,BRL,275,"$37,963",2649,2021-02-06 20:49:21,"$136,291",366,"$64,033.05",3767-0835-4981-8291,"$30,026",32.7,8467,CA,INV-669110,mary.jackson@outlook.com,"[5.92, 86.38]","$4,176,103",$2b$12$GmP80upC6N3lQotG8f7ff3eK8WWRrpPqnTxdUq7iuuvxfigWMbn7A,INV-371372,749,281.69,786 Maple Dr,INR,519607,999587279,419930203,2859,0xc217d72eec80ba82fac7d65d6ca05eed1cfdbec5
Linda G. Smith,-74.661233,4934-5383-9101-2143,467,3112,"$74,263",[INTERNAL] Q1 strategy review pending board approval,British Pound,731,Energy,CREATE TABLE t (id INT PRIMARY KEY),Japanese Yen,816.8,72918.94,BRL,"$40,642",Japanese Yen,23643.29,Education,34109078,12/30,621,[INTERNAL] Q1 strategy review pending board approval,12/30,British Pound,INS-853360,"$33,863",9223474252,700,logan.rodriguez,Singapore,99.7,Port of LA,0.86,4.13.32,"$10,332",4358.88,2023-01-24T20:21:32Z,"$303,239",044,3795009,GBP,Cost-plus 25%,"$40,675",BILL-983052,05/25,17.8,27.86,AUD,Netherlands,The Matrix,Sentinel Monitor,4230.83,"$48,507.32",47643,public.users,0x0f21bf991774062d873345929bddfe64c6d8e2fc,"$8,062,315",1647558363,351 shares @ $497.79,susan.harris@gmail.com,"$33,928",48118,EUR,INS-348419,insert,"$63,119.96",Downtown,BILL-515925,2251.22,Susan,3726-3766-4752-5355,elizabeth_white,JPY,USD,INV-131968,68.46,"$7,158",0193,703001621,_ga=4502910534.8272156,public.users,2018-11-16,jennifersmith34@gmail.com,BILL-698959,3737-0023-9614-0571,AUD,105,"$23,138",3769,2024-12-27T01:54:56Z,"$64,324",830,95851.89,XXXX-XXXX-XXXX-4047,"$8,615",32.0,0658,JP,INV-133684,emily.clark@gmail.com,"[23.28, 97.07]","$3,442,791",$2b$12$EOhgwhmpcMQctMD9o5F4lF0pKzq5OuJKkhWjGAQT9EZYp5490Haua,INV-643725,724,9757.65,1338 Main St,CHF,60115913,079637714,970421298,0182,0x582cc304c8f9ad8fb2f8b027ccbcf9b48198bf78
Jennifer Brown,-84.394611,4165-2365-5898-7527,321,958,"$44,229",[INTERNAL] Q1 strategy review pending board approval,Euro,619,Retail,message Msg { string id = 1; },Swiss Franc,332.72,62446.87,BRL,"$11,228",Japanese Yen,47504.55,Manufacturing,9766314974,09/28,815,[INTERNAL] Q4 strategy review pending board approval,05/26,Euro,INS-327214,"$10,315",2325048535,442,linda.garcia,Hamburg,66.5,Singapore,2.65,3.3.11,"$21,103",2674.52,2024-12-19T06:41:17Z,"$459,674",400,601192860,GBP,Premium,"$22,075",BILL-348264,01/26,65.1,14.02,AUD,Brazil,The Matrix,StreamLine ERP,7194.35,55290.01,YX8 6UA,public.users,0x548ccbea67666d70a5255b4fe7ea1d87e57c5903,"$3,374,469",01135273,4359 shares @ $78.96,michael.wright@gmail.com,"$37,836",50822,CNY,INS-234796,snapshot,"$74,195.18",North Shore,BILL-196414,7913.59,Aiden,6011-3435-9552-8602,jennifer_lee,CNY,BRL,INV-838988,81.15,"$32,974",0876,099135339,_ga=5307770976.5223146,hr.employees,2021-07-29,emmarobinson97@gmail.com,BILL-314123,5415-6871-5572-4883,CAD,7017,"$48,102",5970,2021-05-23T13:59:37Z,"$114,711",401,"$50,602.69",XXXX-XXXX-XXXX-7805,"$46,457",15.4,7468,GB,INV-259309,logan.anderson@gmail.com,"[13.12, 92.2]","$645,101",$2b$12$2EjUgEDGt27laqv7IKEtS0Z9fG2YQCojm26eWjHY9jtXjlpwyYxGZ,INV-568885,760,1222.47,5442 Elm St,EUR,372711,297684617,332802022,3672,0x2bd4185c267ddc85284120af93d1398c765efdc3
Elizabeth Robinson,78.404611,3745-7442-5937-0018,389,6953,"$176,443",[INTERNAL] Q1 strategy review pending board approval,US Dollar,398,Technology,"{""type"": ""object"", ""properties"": {}}",US Dollar,9696.14,6818.84,BRL,"$25,188",Japanese Yen,58645.75,Finance,83600630,03/29,757,[INTERNAL] Q2 strategy review pending board approval,01/25,Japanese Yen,INS-167941,"$9,895",203696468775,809,sophia.young,Shanghai,59.3,Shanghai,3.64,3.12.16,"$7,544",9669.97,2026-08-13 02:42:10,"$7,993,852",3112,378381,CAD,Premium,"$46,938",BILL-566908,08/28,19.7,49.59,BRL,Singapore,The Matrix,DataSync 3000,4380.88,"$6,924.92",72923,sales.orders,0xe98c1e1d762412c8ef96407c7d6d2eb69b1369ad,"$3,869,276",72863672,2883 shares @ $412.89,james.lee@yahoo.com,"$27,189",3704260,BRL,INS-908083,insert,60887.76,North Shore,BILL-599958,1598.67,Anna,4444-9480-6160-7939,patricia_young,GBP,JPY,INV-933625,48.9,"$16,031",5962,840778637,_ga=3936817839.7632941,hr.employees,2022-11-03,sophia_smith@outlook.com,BILL-735253,6011-3913-5309-2063,GBP,3486,"$31,310",1420,2019-04-25T09:56:21Z,"$100,515",406,90834.17,6011-2008-4300-8586,"$3,867",6.3,4992,AU,INV-937242,ethan.martinez@gmail.com,"[35.13, 78.86]","$480,349",$2b$12$IMbsWJfnnZ7Y14h3MXQCbNc8Z4mU0lMUfPSb4qzB2FfJVBn1hzuOQ,INV-552227,334,1311.87,7864 Elm St,INR,3751832,955483379,996850980,0254,0x6d53f0c779ca0b266d307e55057b9b38833f7a60
Logan White,-99.663564,6011-3378-0295-9064,691,8092,"$170,640",[INTERNAL] Q2 strategy review pending board approval,Swiss Franc,669,Retail,CREATE TABLE t (id INT PRIMARY KEY),US Dollar,8778.87,"$47,972.51",CNY,"$44,524",Japanese Yen,98843.54,Energy,85258100,06/25,640,[INTERNAL] Q1 strategy review pending board approval,07/25,Swiss Franc,INS-889537,"$11,609",512127789609,719,aiden.lee,Hamburg,20.3,Rotterdam,9.61,0.8.75,"$11,816",3921.28,2026-03-26T20:39:00Z,"$3,804,969",224,454593,CHF,Market-based,"$4,420",BILL-254623,04/27,56.3,51.54,INR,Switzerland,Blade Runner,StreamLine ERP,2417.31,41379.31,HZ3 1SO,analytics.events,0x36b611a28cf9e3a22f7beb1f01caa048947dc56e,"$3,240,729",88992961,3749 shares @ $18.78,mason.brown@outlook.com,"$22,501",60111622,CHF,INS-228874,upsert,"$19,735.74",West End,BILL-466478,357.37,Sophia,XXXX-XXXX-XXXX-2351,susan_white,CAD,GBP,INV-369986,96.74,"$28,396",2696,719494533,_ga=0383230883.6865139,hr.employees,2024-02-19,lucas.anderson@acme.org,BILL-360765,3756-7271-5702-6706,CAD,7479,"$23,655",9574,2018-01-13T09:37:42Z,"$184,648",700,72888.67,XXXX-XXXX-XXXX-2415,"$28,993",80.3,6526,CA,INV-713373,emma.anderson@gmail.com,"[28.79, 95.26]","$2,301,637",$2b$12$53YVpsIhRkwgdf0ncTHIzRHkpy02Jf0sjshHvPPDFdylNA791kmMK,INV-927661,554,1069.08,8617 Oak Ave,INR,370458,929654223,635746556,7328,0x21776e7da694013cd5aaf5211092c74728c587fa
Logan Harris,-93.278498,5297-1612-5742-0557,536,059,"$165,759",[INTERNAL] Q4 strategy review pending board approval,Japanese Yen,489,Technology,message Msg { string id = 1; },Euro,3482.92,"$73,164.13",USD,"$47,823",Swiss Franc,16203.20,Retail,4039514878,11/28,846,[INTERNAL] Q4 strategy review pending board approval,03/24,US Dollar,INS-641905,"$27,052",3633950834,461,anna.williams,Hamburg,23.7,Hamburg,13.53,2.17.56,"$29,247",1999.93,2025-10-12 12:43:39,"$1,155,630",531,601175809,CHF,Cost-plus 25%,"$43,992",BILL-827629,02/27,69.3,69.51,GBP,Mexico,Inception,SmartHub X1,6006.54,"$60,553.82",27277,hr.employees,0x1f85ac46cc37f6847da142212c3674b4f30796e4,"$4,957,296",960615556845,3750 shares @ $246.06,jennifer.brown@yahoo.com,"$28,998",601110335,EUR,INS-290620,snapshot,31628.79,South Bay,BILL-341913,3574.36,Patricia,XXXX-XXXX-XXXX-6199,oliver_wright,CNY,AUD,INV-491652,2.71,"$35,027",3804,603040840,_ga=2205807574.2812724,analytics.events,2023-04-02,harper.harris@outlook.com,BILL-899201,XXXX-XXXX-XXXX-9719,INR,2657,"$41,175",6190,2024-01-03T09:51:54Z,"$217,699",576,45410.04,3765-2645-2504-5190,"$1,272",35.1,3370,MX,INV-504247,jessica.clark@gmail.com,"[11.98, 95.59]","$1,656,906",$2b$12$qQtJXNRm7PXtgJIJKq5T4mVl9dSvkPnFWTk8FALLUAxmiM1H7PGBp,INV-549853,525,1173.34,7090 Cedar Ln,CAD,60117872,193511868,039735004,4205,0x211416db1c50adec0f23d446de52b6e7d8e2ea3c
Lucas G. White,46.546503,5867-6503-0377-3566,421,933,"$69,298",[INTERNAL] Q4 strategy review pending board approval,US Dollar,591,Education,"{""type"": ""object"", ""properties"": {}}",British Pound,2776.1,"$97,119.83",CAD,"$22,144",Swiss Franc,"$16,919.87",Finance,56511089,09/29,497,[INTERNAL] Q4 strategy review pending board approval,05/28,Japanese Yen,INS-976701,"$36,896",81617940,717,david.anderson,Shanghai,43.8,Port of LA,8.79,3.9.57,"$16,893",6234.36,2022-12-20T20:38:08Z,"$7,622,299",3848,601154394,AUD,Premium,"$44,451",BILL-878182,12/30,35.7,39.42,CNY,United States,Inception,DataSync 3000,5943.82,26168.45,32546,hr.employees,0xfa7ad8054a474ca55e4ae8aafe5ff7de7185adff,"$7,801,532",540171160278,4310 shares @ $222.52,james.miller@gmail.com,"$12,249",374471,GBP,INS-664712,upsert,39515.44,Downtown,BILL-242196,9737.16,Linda,4781-1727-5162-6248,mary_smith,CHF,CAD,INV-109345,42.9,"$12,879",3468,635782385,_ga=7929062172.9560430,sales.orders,2023-09-02,williamyoung@gmail.com,BILL-539707,3736-7596-5735-8636,CHF,961,"$1,025",7407,2020-06-12T19:18:56Z,"$236,754",678,"$76,978.94",XXXX-XXXX-XXXX-2696,"$40,500",27.7,2732,US,INV-857885,patricia.thomas@gmail.com,"[15.51, 70.05]","$2,154,155",$2b$12$LYlZTq9koWDeaC0D5hgig845oGIJ5ckWMxGuuW9WdqPnQgbRXsVkd,INV-858250,716,5517.07,1053 Park Blvd,CAD,60111889,696361705,473584771,3009,0x4089682c149c821aba4f08ebc058e2585dd3b67a
John King,-48.075643,XXXX-XXXX-XXXX-7623,781,886,"$53,104",[INTERNAL] Q1 strategy review pending board approval,US Dollar,467,Manufacturing,message Msg { string id = 1; },British Pound,720.62,59854.98,AUD,"$47,039",Euro,41795.55,Education,5932909042,10/28,408,[INTERNAL] Q2 strategy review pending board approval,03/28,British Pound,INS-810682,"$22,407",9169523715,446,liam.davis,Rotterdam,62.3,Rotterdam,1.85,0.8.39,"$3,665",5976.11,2024-05-11 18:10:14,"$7,985,412",792,3729423,EUR,Value pricing,"$9,417",BILL-656457,04/25,81.9,34.06,JPY,United Kingdom,Inception,Sentinel Monitor,9886.32,49878.36,VV2 4XA,hr.employees,0xba1d1415ac55f7647df8ed546fba7793fdc9c475,"$8,964,006",85557803,2806 shares @ $364.76,lucas.harris@yahoo.com,"$30,248",375527,EUR,INS-819419,insert,"$4,434.09",Midtown,BILL-209759,9253.26,William,6011-6728-7828-4800,oliver_anderson,CAD,CHF,INV-890422,45.25,"$9,181",4596,248245153,_ga=7308842643.3082875,analytics.events,2019-06-10,amy_miller@gmail.com,BILL-312453,5740-5808-4451-1781,INR,1590,"$10,980",3237,2022-06-25T16:11:41Z,"$202,483",442,54303.90,4230-5737-0899-5146,"$45,861",13.3,5416,CA,INV-224313,mary.thompson@yahoo.com,"[23.62, 86.18]","$6,861,748",$2b$12$DFDtI90f9wfuwkkDeZ7moMMTycI3xT2jRP9VS9XzKbTgWP18IflMO,INV-747783,621,1174.25,3520 Maple Dr,INR,49774,149181992,579089900,6336,0x3eefa9e7113d67a2747c306b0ef9f37afdd6e22f
Oliver Davis,-14.238831,6011-3325-2310-3053,504,868,"$35,819",[INTERNAL] Q4 strategy review pending board approval,Swiss Franc,371,Energy,"{""type"": ""object"", ""properties"": {}}",Euro,6332.84,54948.36,AUD,"$6,556",Japanese Yen,58307.50,Education,2893287664,04/30,340,[INTERNAL] Q1 strategy review pending board approval,01/24,US Dollar,INS-653028,"$43,029",9474946197,380,amy.martinez,Shanghai,97.7,Shanghai,4.13,1.16.58,"$5,350",8153.56,2022-02-13 06:57:24,"$3,269,073",5722,3725476,JPY,Value pricing,"$39,836",BILL-865910,01/30,64.5,78.01,CHF,Singapore,The Godfather,StreamLine ERP,1344.03,"$9,013.36",PO3 3JO,public.users,0xbc275ebbfc183a7ba38338fde2da327c8859addc,"$8,274,624",231255106990,3535 shares @ $13.51,aiden.king@outlook.com,"$12,225",3771455,CHF,INS-344954,delete,99357.74,North Shore,BILL-298379,3648.46,Robert,3708-5559-7512-4757,patricia_young,USD,EUR,INV-519088,64.49,"$19,088",7472,341766210,_ga=6658170178.8975614,public.users,2020-07-01,liam.anderson84@acme.org,BILL-844231,4667-3791-9714-4173,CAD,717,"$27,730",0801,2025-04-12 08:41:55,"$233,934",654,90617.21,XXXX-XXXX-XXXX-9537,"$35,838",27.6,1959,MX,INV-845005,elizabeth.brown@yahoo.com,"[0.44, 70.05]","$8,525,981",$2b$12$rMVBKwptgCvUzxdH9O3KDjr1KGvFuCjvI5DIGbcFS0FSLLPt6UJBM,INV-367577,348,6823.23,2466 Elm St,CAD,60116329,502492028,156283070,8206,0x748bb46db9b85dd3e73cd29892d317ee6c7a5184
Aiden Jackson,12.689793,5288-5119-8899-9869,784,6412,"$147,510",[INTERNAL] Q3 strategy review pending board approval,Swiss Franc,806,Manufacturing,CREATE TABLE t (id INT PRIMARY KEY),US Dollar,5710.78,66895.98,EUR,"$2,729",Swiss Franc,"$40,501.15",Technology,8703013207,03/24,488,[INTERNAL] Q4 strategy review pending board approval,02/26,US Dollar,INS-561111,"$47,412",815737515927,464,mary.garcia,Shanghai,94.9,Busan,10.57,4.15.78,"$4,176",4593.69,2023-08-18 10:10:42,"$758,345",915,58380,INR,Market-based,"$11,077",BILL-962346,09/30,12.8,96.63,BRL,Netherlands,Inception,CloudGuard,2733.08,39772.63,FP3 8UM,hr.employees,0x8b5f887cf52c399b0f51339b875fd7864d38bbcd,"$9,542,448",612623657163,4434 shares @ $159.57,susan.thompson@gmail.com,"$17,754",601131343,BRL,INS-640986,insert,"$33,936.27",Midtown,BILL-650116,9851.38,Emily,4471-5372-8014-6208,oliver_harris,CAD,EUR,INV-286503,27.36,"$46,352",0239,288436463,_ga=0607327934.9603339,hr.employees,2020-03-26,anna_clark@yahoo.com,BILL-771311,XXXX-XXXX-XXXX-6781,CAD,436,"$24,714",2493,2022-05-06 21:43:18,"$110,495",741,93704.11,3728-1193-7688-9404,"$33,817",98.3,8575,GB,INV-917420,aiden.harris@outlook.com,"[7.83, 61.84]","$6,085,402",$2b$12$e3UZfqqeQrgNBnsr2HE0ywxLSfQBTHOEZY7QV5gdAPIO4usfDnSyL,INV-168485,483,2217.97,1300 Park Blvd,AUD,60111001,084052426,693051332,4294,0xb400c75aa1c4966ab07fdb3c7b703e77cacd94d9
Aiden Anderson,-116.948091,4070-2177-2836-6661,321,3840,"$118,239",[INTERNAL] Q1 strategy review pending board approval,British Pound,517,Retail,message Msg { string id = 1; },British Pound,510.86,39632.66,CAD,"$15,437",Japanese Yen,"$89,455.88",Healthcare,5982973292,04/26,660,[INTERNAL] Q1 strategy review pending board approval,08/27,US Dollar,INS-180768,"$18,282",28906589,340,jessica.taylor,Busan,5.3,Port of LA,4.4,0.14.55,"$44,094",8788.4,2022-07-28 17:34:06,"$4,792,441",3110,433865,AUD,Premium,"$1,545",BILL-498211,09/27,42.9,38.1,AUD,Singapore,The Godfather,Widget Pro,3142.11,"$64,595.61",TQ3 6OL,public.users,0xf9cc020703953fad7e724214c0fb948e62e37daf,"$6,909,047",5011748039,3620 shares @ $298.85,john.garcia@gmail.com,"$22,108",59908,CAD,INS-394751,delete,"$12,071.19",West End,BILL-931431,8445.01,Robert,XXXX-XXXX-XXXX-5980,ethan_wright,JPY,EUR,INV-352122,71.67,"$7,039",8313,876777097,_ga=4365859896.7670324,public.users,2018-11-23,jessica_lee@gmail.com,BILL-376989,XXXX-XXXX-XXXX-0768,EUR,147,"$28,857",4256,2022-08-15T12:51:12Z,"$41,822",585,"$99,910.27",6011-0446-0619-3313,"$43,432",87.2,3140,FR,INV-277072,oliver.wright@outlook.com,"[3.35, 77.61]","$4,498,194",$2b$12$uJ8zj2WZ3ngkBZ74hPkYGcGV9FVcbfPI6kYBB6BqbqNe8G1wUoLL6,INV-634409,830,2956.31,878 Pine Rd,CHF,601142200,898815252,188066357,4869,0x9e9ce4d026a007beecf61b881473b5b93e6d2a10
Emily King,-121.368198,3757-9542-7030-8315,808,3577,"$185,740",[INTERNAL] Q3 strategy review pending board approval,Japanese Yen,395,Energy,"{""type"": ""object"", ""properties"": {}}",Euro,1499.96,96710.10,CAD,"$8,047",Euro,73861.60,Energy,44670336,12/30,456,[INTERNAL] Q3 strategy review pending board approval,09/29,Euro,INS-101724,"$6,173",33712085,391,james.smith,Hamburg,43.9,Hamburg,1.77,1.20.73,"$7,436",1887.47,2019-09-24T18:24:12Z,"$4,390,223",7317,587500,JPY,Penetration,"$16,817",BILL-646964,05/25,64.3,66.08,BRL,Israel,The Matrix,DataSync 3000,6188.08,"$45,109.82",LQ7 3KZ,hr.employees,0x16cb410426f3b17a2f8fbdd57ffbca8b03576dce,"$7,524,119",91351261,1762 shares @ $414.9,mary.harris@yahoo.com,"$5,483",377762,USD,INS-938552,upsert,21193.88,North Shore,BILL-732428,8772.98,Jennifer,XXXX-XXXX-XXXX-2787,logan_robinson,CNY,EUR,INV-492225,40.53,"$28,779",5394,000325393,_ga=8800568188.6930556,analytics.events,2018-09-14,noah_harris@gmail.com,BILL-349898,6011-0891-1180-9967,EUR,620,"$28,755",0229,2022-04-19T07:54:06Z,"$226,989",574,34716.39,4080-1124-9735-8724,"$32,730",72.7,9854,CA,INV-767483,aiden.anderson@outlook.com,"[30.02, 80.63]","$9,069,360",$2b$12$LnjaMdYUGnRPUInq4cq22Ia3Z0Z72fDWNly8j7KmYWZedHebUohGn,INV-615171,735,1992.88,5934 Cedar Ln,USD,60118266,326556968,319067387,2684,0x00a1944cb9e36b75b8d26bad38c0cd8d87d7fd34
Elizabeth Clark,-66.881864,6011-2011-2213-8161,385,816,"$149,907",[INTERNAL] Q3 strategy review pending board approval,Swiss Franc,696,Technology,message Msg { string id = 1; },Swiss Franc,8684.05,"$47,557.01",CAD,"$40,893",Japanese Yen,78711.71,Technology,1871308692,05/30,676,[INTERNAL] Q1 strategy review pending board approval,01/27,Euro,INS-435635,"$48,169",67373523,646,jessica.smith,Hamburg,33.7,Hamburg,13.68,0.8.98,"$31,548",9066.7,2024-10-20T10:15:43Z,"$4,983,114",207,56277,BRL,Value pricing,"$35,275",BILL-337149,05/29,53.0,24.19,CNY,Spain,Inception,SmartHub X1,4204.68,"$30,995.91",55496,analytics.events,0x5bea5debecff03e8939087a93dc0c1ac14d039e4,"$9,058,654",023064301178,747 shares @ $299.4,linda.clark@outlook.com,"$18,962",601109538,CHF,INS-427413,insert,34140.76,North Shore,BILL-615306,5280.01,John,6011-4735-4678-0375,mason_rodriguez,GBP,CHF,INV-180801,12.69,"$28,529",6051,225186347,_ga=9805261689.5911604,sales.orders,2019-01-19,noah.young@yahoo.com,BILL-885319,3752-5979-9816-6150,CAD,3055,"$21,542",8224,2018-05-08 11:58:47,"$216,683",453,51939.83,XXXX-XXXX-XXXX-9219,"$32,947",68.5,8232,JP,INV-106764,john.lewis@gmail.com,"[33.44, 94.7]","$5,125,403",$2b$12$GIBlntSnlMLJX4U5cJ0ZiwV47QjEnIq0whB0ZYh4nroaukSDdwEj7,INV-960523,473,3039.67,5198 Pine Rd,CNY,41217,643843306,904110424,6868,0x6d5f2e82de3a16b10f460368d652d6e37c68c552
Sarah King,-53.106095,6011-0064-1490-2178,723,629,"$56,377",[INTERNAL] Q2 strategy review pending board approval,Japanese Yen,555,Energy,message Msg { string id = 1; },Swiss Franc,7911.4,"$43,442.26",CNY,"$29,601",US Dollar,89564.24,Finance,5843640838,05/28,803,[INTERNAL] Q2 strategy review pending board approval,04/29,Euro,INS-471790,"$29,118",16500122,408,linda.davis,Busan,35.9,Hamburg,11.87,2.11.75,"$48,025",725.55,2024-10-16 22:41:47,"$801,847",9216,49606,AUD,Penetration,"$37,434",BILL-760196,08/26,45.2,2.35,USD,Japan,The Matrix,NanoCore SDK,9692.02,"$8,596.24",18775,public.users,0x0cb65cd93e5db36b33d8ce35e90bc993ae62817e,"$8,776,699",8426825827,3780 shares @ $160.05,aiden.anderson@outlook.com,"$41,722",40939,INR,INS-634506,snapshot,"$19,020.33",South Bay,BILL-631327,3501.82,Olivia,3785-8503-9756-9841,sophia_martinez,JPY,JPY,INV-806390,57.91,"$46,412",9055,611024802,_ga=3425684332.5721061,sales.orders,2020-01-04,susan.thomas@outlook.com,BILL-399449,5129-2780-4755-4923,JPY,123,"$11,770",1344,2018-08-18T23:51:08Z,"$211,211",741,"$86,553.20",5506-3773-9721-8130,"$29,391",19.4,8228,JP,INV-235221,sophia.brown@gmail.com,"[21.2, 75.93]","$2,037,213",$2b$12$BETRxlRrjnEVAUGTZ1OyzVf1GsujKrtpOJvyjSrY0yPYR7UwSAW5J,INV-503811,745,462.92,1629 Main St,JPY,60110496,393186644,807413941,8518,0x14e3b4470db2ff5a28595ce39b184d6d729566bc
Richard S. Williams,42.989444,XXXX-XXXX-XXXX-3573,393,4061,"$168,908",[INTERNAL] Q3 strategy review pending board approval,British Pound,625,Technology,message Msg { string id = 1; },Japanese Yen,2030.52,48221.78,INR,"$3,399",British Pound,57766.33,Finance,3023894395,12/30,708,[INTERNAL] Q1 strategy review pending board approval,01/27,British Pound,INS-652161,"$11,860",58078754,815,amy.taylor,Singapore,99.0,Rotterdam,8.44,3.4.50,"$3,202",4166.46,2025-10-02 18:07:22,"$5,761,695",7044,372980,USD,Premium,"$8,735",BILL-939286,08/25,94.4,25.51,EUR,Australia,The Matrix,Sentinel Monitor,616.19,"$44,183.96",66767,public.users,0x0056c422489685dd16b0551f293a633a628a56e2,"$8,195,839",960111138797,3955 shares @ $404.92,patricia.martin@outlook.com,"$25,752",528031,EUR,INS-229664,update,"$81,888.41",Midtown,BILL-853555,352.04,Logan,XXXX-XXXX-XXXX-9476,elizabeth_johnson,GBP,CAD,INV-702321,68.52,"$35,906",3058,470999304,_ga=4833159911.3742897,analytics.events,2026-04-04,sophia.harris37@outlook.com,BILL-686567,XXXX-XXXX-XXXX-5744,GBP,179,"$29,832",7848,2025-02-08 23:23:51,"$110,607",713,"$33,424.36",5452-8870-2343-5955,"$25,669",12.7,7680,DE,INV-361880,richard.smith@outlook.com,"[2.48, 60.67]","$6,362,827",$2b$12$5BA7qSSc0DHr6tC6TeaYhDrg6evrIWJ0T7DR6dpIPl7ZgqgJf8njd,INV-564804,522,7416.4,9967 Park Blvd,AUD,372397,235492663,567290548,0416,0xeffe9a40483f58d188116da77555515b069ba9c3
Liam Z. King,48.140171,5343-8665-9082-4084,597,0321,"$77,195",[INTERNAL] Q2 strategy review pending board approval,Euro,756,Energy,CREATE TABLE t (id INT PRIMARY KEY),US Dollar,8329.6,26876.00,INR,"$34,022",British Pound,"$99,543.41",Technology,4782096236,09/25,336,[INTERNAL] Q4 strategy review pending board approval,10/26,Japanese Yen,INS-251345,"$20,779",85693140,456,amy.walker,Hamburg,63.5,Busan,6.99,4.9.42,"$36,652",541.85,2026-03-21 02:34:17,"$9,151,796",3620,52868,CNY,Market-based,"$5,637",BILL-287336,09/25,99.6,57.03,AUD,Norway,Blade Runner,AuditTrail Plus,9766.2,"$58,006.15",GW1 2QT,hr.employees,0x58b2094158300c9b7f3405cab59f8d04145d6f6a,"$1,961,231",1021802786,3007 shares @ $460.04,ethan.wright@outlook.com,"$15,627",601136865,USD,INS-500236,snapshot,"$12,098.03",Downtown,BILL-353622,7952.18,Anna,3788-3434-5552-4513,emma_young,JPY,CNY,INV-354587,68.19,"$28,401",0291,317005470,_ga=0942865053.4635871,analytics.events,2022-08-01,logan_rodriguez@company.com,BILL-333087,5462-5080-8582-4080,EUR,702,"$29,526",6237,2020-06-04 01:59:42,"$151,216",509,"$15,970.04",3718-1705-4004-3254,"$30,514",27.4,4659,CA,INV-687935,john.thomas@gmail.com,"[38.61, 67.49]","$7,356,038",$2b$12$ZKNdrbHbLts2KhBt9ZCZy7jeOshoh4SVuZlrvthJyg4kkZvyfhVP7,INV-160250,645,19.62,4364 Park Blvd,USD,3708603,283718487,780000024,1775,0x8693153b5dc9077b7219ef33b021f21f1056cfda
Sophia E. Smith,123.097003,XXXX-XXXX-XXXX-7138,326,7986,"$121,157",[INTERNAL] Q4 strategy review pending board approval,Euro,417,Manufacturing,message Msg { string id = 1; },Japanese Yen,3849.78,"$52,377.07",USD,"$40,914",US Dollar,47093.46,Education,56490265,10/26,741,[INTERNAL] Q2 strategy review pending board approval,04/25,British Pound,INS-704462,"$33,251",55360137,609,anna.rodriguez,Singapore,85.8,Rotterdam,11.02,1.8.11,"$39,054",3928.11,2025-12-25 20:45:04,"$2,441,971",346,3752448,JPY,Market-based,"$3,597",BILL-604978,08/30,91.1,9.59,BRL,Sweden,The Matrix,StreamLine ERP,2200.31,"$64,578.36",19718,sales.orders,0x559b5ec2525fc0d9252bfacd8e979c58555b4643,"$7,849,899",653773099137,1146 shares @ $56.05,lucas.king@yahoo.com,"$28,529",550859,GBP,INS-925997,delete,"$86,909.24",Downtown,BILL-585931,832.3,Mason,XXXX-XXXX-XXXX-6878,susan_martinez,AUD,EUR,INV-990014,72.53,"$20,664",6117,614037794,_ga=1684159732.2080198,public.users,2024-11-10,annalee@company.com,BILL-170231,XXXX-XXXX-XXXX-7430,CAD,0553,"$9,574",4549,2024-10-26T11:15:57Z,"$96,470",396,62280.48,6011-1112-9838-0458,"$20,409",95.6,4107,AU,INV-647653,jessica.white@gmail.com,"[16.07, 79.3]","$9,579,709",$2b$12$NpXT7YejDDcJh5f9Q8TCf1vlbzBGOQM28U6axzh0F5JGHdrTcHEEp,INV-332853,303,9140.05,5375 Maple Dr,CNY,3781108,678123801,185232455,3836,0x1dd7693bdaf5094a767d0a81c05ec83b3eadca1d
Elizabeth Thompson,51.273436,3747-1517-6186-4125,426,429,"$105,297",[INTERNAL] Q3 strategy review pending board approval,US Dollar,349,Finance,message Msg { string id = 1; },Euro,5310.01,"$95,687.57",AUD,"$47,923",British Pound,20072.56,Healthcare,290762513975,05/27,701,[INTERNAL] Q2 strategy review pending board approval,04/30,Swiss Franc,INS-305501,"$31,806",9867444012,496,jessica.smith,Port of LA,47.5,Rotterdam,9.7,5.2.80,"$11,130",646.02,2024-04-22 01:17:03,"$1,204,156",009,60118941,GBP,Premium,"$20,887",BILL-338866,02/28,4.5,51.95,CNY,Sweden,Interstellar,CloudGuard,5748.17,50182.46,71051,hr.employees,0x20851a20195a1cd2e380d0cb03f7f52649152e28,"$4,821,138",46067450,3029 shares @ $121.1,john.clark@yahoo.com,"$41,611",601114628,EUR,INS-375677,insert,35238.59,East Side,BILL-882112,869.47,Mary,4656-2909-3041-1339,emily_williams,EUR,AUD,INV-295188,22.83,"$46,998",8576,330922357,_ga=0840051953.8235976,public.users,2024-10-30,emmaanderson95@gmail.com,BILL-344702,XXXX-XXXX-XXXX-7472,JPY,861,"$9,489",9124,2021-04-09T00:18:24Z,"$79,048",614,"$53,462.09",5309-9740-6298-4695,"$28,232",91.4,7582,CA,INV-561215,michael.wright@yahoo.com,"[27.16, 76.78]","$7,943,964",$2b$12$7RtFEjMvNfzo58FtuIAiv3x54pH7KQdlbvcUilXB8NzP6wTJyMpSw,INV-658809,657,9920.29,5160 Cedar Ln,CHF,601182338,946111827,274910316,2488,0xdcad67f0fff11435ba3ac460c968c3ad979cc88a
Logan Young,118.694869,XXXX-XXXX-XXXX-5834,483,467,"$31,604",[INTERNAL] Q1 strategy review pending board approval,Japanese Yen,773,Energy,message Msg { string id = 1; },Swiss Franc,6448.2,"$30,133.47",JPY,"$45,398",Japanese Yen,"$63,054.97",Retail,2344090456,02/26,809,[INTERNAL] Q1 strategy review pending board approval,08/29,Euro,INS-930724,"$2,085",984186307129,584,olivia.harris,Rotterdam,24.0,Rotterdam,8.14,4.16.78,"$9,815",8233.27,2021-05-01 10:05:07,"$2,856,763",596,47043,USD,Penetration,"$20,903",BILL-790411,01/24,51.6,23.23,CHF,Mexico,Inception,SmartHub X1,9379.63,"$15,396.47",96504,public.users,0xe3d7df936c3c9cdd6f75f8e8863068d5a49743df,"$1,195,947",21662396,2076 shares @ $157.71,sophia.harris@yahoo.com,"$8,877",601123155,AUD,INS-103649,update,"$35,553.32",Midtown,BILL-340982,2227.73,Noah,6011-0710-3018-0791,sophia_robinson,AUD,CNY,INV-692441,13.98,"$13,056",6587,612379356,_ga=4205496220.6919374,analytics.events,2024-04-19,lucas.wright71@yahoo.com,BILL-656725,3728-8881-0922-7284,EUR,8831,"$24,214",9512,2023-07-02T13:16:21Z,"$43,345",614,13311.42,XXXX-XXXX-XXXX-4292,"$13,356",80.1,3574,MX,INV-385801,oliver.thompson@gmail.com,"[7.73, 91.36]","$1,868,215",$2b$12$w8RQPLmYtqG8wlN7kWs1lv8m29SLUYDTi8UBDjeeXEnwm2a8nooTB,INV-249317,479,6551.19,4513 Pine Rd,EUR,373473,886895897,277056535,6783,0x9a22157a4d407143910fcc1e94e5fde60529ccdf
Michael J. Martin,152.605499,XXXX-XXXX-XXXX-1746,446,155,"$205,527",[INTERNAL] Q1 strategy review pending board approval,Swiss Franc,490,Technology,message Msg { string id = 1; },US Dollar,6893.37,57602.40,JPY,"$49,220",British Pound,98170.66,Finance,55341019,03/27,722,[INTERNAL] Q2 strategy review pending board approval,07/26,Swiss Franc,INS-623928,"$31,929",542418082169,573,noah.moore,Port of LA,74.4,Shanghai,11.84,4.16.72,"$31,871",5043.41,2023-05-08 14:52:31,"$4,058,344",6332,60116392,CNY,Penetration,"$1,394",BILL-544475,03/27,73.6,1.6,CNY,France,Blade Runner,NanoCore SDK,8748.14,"$34,015.10",XK6 2GG,hr.employees,0x54d688a2f5dee036d4cb68f561ef4bd1e21148e9,"$5,865,833",35414112,3099 shares @ $409.23,lucas.rodriguez@gmail.com,"$34,031",378900,GBP,INS-752121,insert,32568.82,North Shore,BILL-270213,3287.34,Harper,6011-6029-9950-7925,emma_king,EUR,EUR,INV-390332,25.19,"$20,194",7656,383471066,_ga=4231931031.8425418,hr.employees,2024-04-14,john.robinson@yahoo.com,BILL-807675,XXXX-XXXX-XXXX-4503,BRL,6985,"$42,515",7030,2020-11-06T10:30:31Z,"$223,870",709,43799.82,3765-3586-2527-3047,"$35,931",27.8,8909,MX,INV-891936,liam.brown@yahoo.com,"[32.29, 80.53]","$8,576,843",$2b$12$DDV3yUqhmNM3QPXgBJscGqHd3lhXku31sku0ySKvzmXv2c5EGaW29,INV-290451,379,7273.19,4287 Cedar Ln,AUD,40192,486255091,213619856,4331,0x09fefc84f0f003721cf14e82cf9ff0bfc2c101d0
Mary Harris,128.37156,3718-5032-0827-0560,484,0012,"$197,369",[INTERNAL] Q4 strategy review pending board approval,US Dollar,695,Technology,CREATE TABLE t (id INT PRIMARY KEY),Japanese Yen,3865.2,57471.93,CAD,"$36,435",British Pound,36283.01,Education,75650870,07/25,758,[INTERNAL] Q1 strategy review pending board approval,05/27,US Dollar,INS-357914,"$24,369",7755542217,553,oliver.moore,Rotterdam,64.8,Hamburg,9.57,3.20.20,"$44,706",6288.96,2023-07-19 00:50:55,"$3,652,740",718,528170,AUD,Cost-plus 25%,"$7,415",BILL-832127,12/28,80.9,2.21,INR,United States,Blade Runner,StreamLine ERP,6916.4,55843.81,37222,sales.orders,0xc01db16dcb3e073b24a4f4d015c8fa9a38036a90,"$4,420,290",3924163345,261 shares @ $102.43,anna.walker@gmail.com,"$7,888",40215,CAD,INS-339515,insert,"$96,348.36",South Bay,BILL-338249,830.0,David,XXXX-XXXX-XXXX-0449,sophia_clark,EUR,BRL,INV-537666,46.16,"$27,874",4132,690451313,_ga=6621925224.8754052,public.users,2022-06-03,elizabeth.lewis@gmail.com,BILL-541874,XXXX-XXXX-XXXX-6637,INR,621,"$5,411",1761,2020-06-06T15:21:19Z,"$183,657",601,"$64,871.56",4145-5731-9134-8818,"$35,979",88.0,3017,US,INV-442504,emma.anderson@outlook.com,"[31.84, 74.34]","$5,735,896",$2b$12$ElcSHI6zAEiCHTIQH9PcCf79uv6zoESrocIAurfBWZkY11eN42B35,INV-246564,499,4486.13,4702 Park Blvd,INR,444569,715798969,368178924,7559,0x8b28abe92f80bd1c0f27ffd4104c471f83197ec5
Oliver Young,40.338634,6011-0588-0690-4600,526,4849,"$44,230",[INTERNAL] Q1 strategy review pending board approval,US Dollar,725,Healthcare,"{""type"": ""object"", ""properties"": {}}",Swiss Franc,2683.88,"$73,846.93",CNY,"$29,737",Swiss Franc,77658.80,Retail,6949455288,05/26,331,[INTERNAL] Q1 strategy review pending board approval,08/24,US Dollar,INS-845759,"$20,723",691329911235,464,emily.williams,Rotterdam,9.0,Port of LA,13.7,4.4.86,"$13,302",6332.23,2023-01-12 13:19:51,"$412,728",537,480387,USD,Cost-plus 25%,"$24,218",BILL-772344,01/30,10.4,89.5,CNY,South Korea,Blade Runner,AuditTrail Plus,4747.01,56459.93,84007,analytics.events,0xe594669881a2fab2d35b2eff7dbe55fa3e3cba3b,"$4,405,604",447731018952,2422 shares @ $312.85,william.johnson@gmail.com,"$7,672",601186385,CNY,INS-629708,update,9192.70,Midtown,BILL-818787,5398.14,Linda,5973-2388-5641-9196,emma_martin,USD,GBP,INV-641459,93.39,"$36,710",6868,760564765,_ga=7873013157.8139868,sales.orders,2025-09-18,david_clark@acme.org,BILL-806494,5210-5867-9750-2133,AUD,3862,"$10,956",0858,2025-09-22 08:58:57,"$249,031",627,"$17,590.45",6011-1356-5705-5329,"$31,643",49.6,5478,FR,INV-140575,robert.king@gmail.com,"[15.0, 69.66]","$7,140,995",$2b$12$SmVY8nAuCHZXxWfECGOjCBpzlS8mTjPwrRmczW42qMFYe6qbiCqo0,INV-812608,799,9110.76,1560 Oak Ave,EUR,539314,808759458,121119285,4053,0xea9ba7b0e77ef6843c2e80bd239b6c58be903a82
Patricia Martin,154.534744,5843-6458-7106-5479,493,5300,"$114,284",[INTERNAL] Q1 strategy review pending board approval,British Pound,748,Education,CREATE TABLE t (id INT PRIMARY KEY),Euro,5708.99,96403.56,CAD,"$34,791",Japanese Yen,679.02,Retail,71839066,08/26,618,[INTERNAL] Q1 strategy review pending board approval,06/25,British Pound,INS-246834,"$29,523",0340822782,429,logan.wright,Busan,95.0,Rotterdam,3.83,0.15.11,"$10,155",9395.75,2026-03-03T17:42:10Z,"$3,386,158",0122,3730272,EUR,Premium,"$24,670",BILL-857765,01/26,45.7,61.9,USD,United States,Interstellar,FlexPay Platform,1467.11,"$46,118.47",16181,public.users,0xf4d250a3f9c1a70479d7eb516dea93500ffeeec0,"$5,027,239",683030092444,3095 shares @ $176.26,lucas.williams@outlook.com,"$46,498",3788418,GBP,INS-529781,upsert,"$33,960.26",Midtown,BILL-966229,692.09,Linda,XXXX-XXXX-XXXX-5778,emma_garcia,JPY,CHF,INV-521621,58.44,"$15,880",4014,619955018,_ga=5063013628.3901600,analytics.events,2025-07-31,mason_wright@acme.org,BILL-926214,5932-4907-2249-6396,INR,6372,"$45,386",7096,2019-09-19T21:15:54Z,"$90,512",417,"$81,871.85",6011-5170-1843-9750,"$22,760",91.1,5921,IN,INV-222517,jessica.lee@outlook.com,"[10.49, 75.77]","$9,419,110",$2b$12$22iLfB7tJfiVYAAtMvxzvnSHqMHY8tlT5TmVJq4uO5nqdt3sjTSzc,INV-327452,455,3451.17,7410 Oak Ave,INR,3728976,995215500,721892189,5475,0xa9a973bdd5dafcfecca168f886fcfc893b8e4870
Sophia Garcia,142.391801,4686-6838-3346-1819,753,858,"$73,029",[INTERNAL] Q2 strategy review pending board approval,Swiss Franc,737,Healthcare,"{""type"": ""object"", ""properties"": {}}",Euro,545.37,"$73,100.60",CHF,"$5,871",Japanese Yen,"$39,465.50",Finance,7640931641,10/28,584,[INTERNAL] Q3 strategy review pending board approval,09/26,British Pound,INS-550765,"$24,339",16922020,587,sophia.anderson,Rotterdam,36.7,Shanghai,11.22,0.12.11,"$14,257",6110.14,2026-04-15T02:51:01Z,"$1,030,306",7000,3787035,AUD,Premium,"$6,928",BILL-264352,03/28,48.3,81.99,EUR,Canada,Blade Runner,StreamLine ERP,5302.97,"$47,300.49",XH4 7WY,analytics.events,0xb09c1e0e679248e065dca17a9b68d1216e9b6493,"$5,219,779",74962742,4778 shares @ $465.03,liam.thomas@yahoo.com,"$46,800",3709952,BRL,INS-824106,update,22443.76,North Shore,BILL-217215,4706.4,Logan,6011-0617-6815-0939,noah_lee,JPY,CHF,INV-527532,61.61,"$36,711",2411,219964113,_ga=1362908432.3305140,public.users,2019-12-12,james_jones@company.com,BILL-416581,5629-9365-1161-7818,CAD,743,"$2,450",5796,2019-10-18T22:38:23Z,"$85,116",774,14204.96,4526-7014-4405-2909,"$2,083",21.7,8005,DE,INV-508520,susan.anderson@yahoo.com,"[38.93, 88.52]","$8,686,068",$2b$12$HWmNTfhYyrAvS5AVXMTSq5slzuTG6mfpHuNJ2cYHyGz9vZMGRwrMk,INV-251711,738,3566.49,1167 Elm St,AUD,601140242,361853318,008551881,2933,0xf72fbc8964b4aac266b859523c2b2d6d812bd4b0
Jennifer M. Young,-121.829857,XXXX-XXXX-XXXX-4021,394,821,"$199,773",[INTERNAL] Q2 strategy review pending board approval,US Dollar,475,Technology,"{""type"": ""object"", ""properties"": {}}",British Pound,9300.11,"$49,451.73",BRL,"$13,001",British Pound,26864.57,Healthcare,8291516516,09/29,461,[INTERNAL] Q3 strategy review pending board approval,11/26,Swiss Franc,INS-247712,"$47,491",1683995184,733,david.rodriguez,Hamburg,90.3,Hamburg,12.56,3.20.97,"$42,393",8501.58,2025-05-26T07:37:14Z,"$1,376,209",396,3719654,INR,Market-based,"$31,349",BILL-663337,11/30,15.9,33.34,CHF,Israel,Interstellar,CloudGuard,5821.99,"$72,551.82",XA3 5KR,sales.orders,0x3f90f512cf0753abcc087c976c4c3b0cc3846504,"$9,804,157",8839122132,2156 shares @ $464.67,james.moore@yahoo.com,"$19,559",378632,GBP,INS-201507,update,15378.34,East Side,BILL-743555,5830.98,Logan,6011-7924-8834-7863,mason_jackson,INR,EUR,INV-960414,67.78,"$5,353",0138,469292637,_ga=5635747031.5823255,public.users,2026-12-07,jamesjones@company.com,BILL-659594,4028-7909-6547-2766,CNY,3005,"$34,457",7267,2019-04-05T17:39:23Z,"$144,098",797,15347.92,XXXX-XXXX-XXXX-1798,"$33,431",3.9,5863,GB,INV-548663,william.lewis@yahoo.com,"[1.47, 68.31]","$9,199,274",$2b$12$QohhsUPR0pLlvzBQTneFVrxBcexBSsa2PkXz8Zzc3ufHL8LYkcjhw,INV-261406,816,3522.01,7015 Park Blvd,AUD,581931,296507032,609972620,5024,0xf5d7e539468b0d820439938b2b3d627f9ef4d649
Elizabeth Thomas,-137.680298,XXXX-XXXX-XXXX-4101,850,3089,"$102,797",[INTERNAL] Q1 strategy review pending board approval,Japanese Yen,656,Technology,message Msg { string id = 1; },Japanese Yen,6012.96,"$7,194.19",AUD,"$41,558",Swiss Franc,92504.41,Healthcare,450288245608,05/26,521,[INTERNAL] Q4 strategy review pending board approval,07/27,British Pound,INS-895564,"$16,451",3846796239,689,linda.anderson,Rotterdam,66.5,Busan,10.16,3.5.3,"$15,847",5443.86,2019-09-10T22:55:15Z,"$6,833,628",772,377077,GBP,Premium,"$20,150",BILL-941444,04/26,59.9,48.69,JPY,Canada,The Godfather,Sentinel Monitor,1900.67,87907.82,36864,sales.orders,0x9185130d566c6f67a6f75bd692743c2b050d0627,"$1,744,411",771986329383,1570 shares @ $394.67,john.king@gmail.com,"$20,348",496029,CAD,INS-331600,insert,41419.10,North Shore,BILL-682817,3966.04,Aiden,6011-4801-8094-2815,ethan_clark,CNY,EUR,INV-161426,78.42,"$39,260",2819,978528119,_ga=1818990690.9028175,public.users,2024-03-31,patricia.king@yahoo.com,BILL-160679,5617-9851-2990-0218,AUD,765,"$23,271",2371,2022-03-02 11:24:36,"$166,033",353,85570.16,6011-5872-0488-1056,"$48,755",95.5,4970,DE,INV-961073,lucas.white@outlook.com,"[31.6, 74.68]","$9,901,230",$2b$12$kGmaqJOXSLxTGRdUIK0CSAFIzApWqCdUhZH9W6oBsT79SiabIefwa,INV-204698,642,9316.79,3537 Main St,CAD,601184210,430956509,143606943,1430,0x33e14e79c45217afac56e12bb1a20dc89b16cd78
Robert Miller,-23.595682,6011-4586-8457-8283,638,081,"$180,625",[INTERNAL] Q4 strategy review pending board approval,Euro,727,Healthcare,message Msg { string id = 1; },Japanese Yen,2842.66,80693.55,EUR,"$27,083",Euro,"$8,112.08",Manufacturing,779359402356,04/24,788,[INTERNAL] Q3 strategy review pending board approval,09/30,Japanese Yen,INS-721536,"$1,808",8221010189,798,jennifer.johnson,Rotterdam,36.4,Shanghai,5.08,4.10.94,"$11,659",1533.69,2019-07-08 04:18:15,"$5,000,664",270,370492,USD,Market-based,"$33,855",BILL-948005,11/27,46.2,96.57,BRL,United States,Blade Runner,Sentinel Monitor,3691.06,50070.51,47208,hr.employees,0x493a155d573c2cbd831fea2b60c9de77fd2ca1c4,"$1,373,181",0721732126,457 shares @ $64.02,linda.wright@gmail.com,"$15,001",54174,USD,INS-393563,update,19395.39,West End,BILL-453448,9604.08,Patricia,XXXX-XXXX-XXXX-6888,amy_johnson,INR,GBP,INV-580755,98.78,"$35,915",6912,065812139,_ga=9327667617.8994250,hr.employees,2020-09-17,richard.brown@acme.org,BILL-662382,4593-8099-6065-5478,AUD,7943,"$15,445",0770,2022-11-20T14:58:26Z,"$80,324",620,"$40,203.78",6011-8612-6733-8904,"$35,472",53.4,7937,JP,INV-166643,anna.johnson@yahoo.com,"[8.07, 92.91]","$3,525,047",$2b$12$YSC2a6f5qt1SaUGBbtQHgdlhGkJzSvk4vdgVRf5OslP2dPwQj3aEa,INV-821800,377,2104.21,8353 Park Blvd,CHF,60113179,951181644,202439555,2001,0xc395644e06d52bbc584475ea008b02022aa7e705
Linda Wright,7.134213,5952-5532-3005-9316,464,500,"$247,281",[INTERNAL] Q4 strategy review pending board approval,Swiss Franc,795,Healthcare,message Msg { string id = 1; },Euro,7175.3,25797.90,GBP,"$28,933",Japanese Yen,2841.48,Retail,0202714957,08/30,656,[INTERNAL] Q4 strategy review pending board approval,08/27,Swiss Franc,INS-476830,"$4,767",74596310,436,jessica.white,Shanghai,57.0,Busan,3.37,0.1.83,"$18,107",6772.0,2023-03-15T11:15:11Z,"$3,830,218",820,59448,CHF,Market-based,"$49,775",BILL-114639,08/27,61.9,51.47,GBP,Mexico,The Matrix,Sentinel Monitor,242.63,22582.45,20859,analytics.events,0x59085d1f575a5be32c591abb5718aeca11efd817,"$7,607,760",5827971688,4169 shares @ $267.12,susan.jones@gmail.com,"$22,504",559124,BRL,INS-689398,delete,"$54,372.64",South Bay,BILL-629856,6845.05,Sophia,5901-9733-7533-8148,harper_brown,CAD,EUR,INV-520928,50.86,"$21,271",3566,721771735,_ga=2295670325.1332159,hr.employees,2018-12-04,emily_anderson@yahoo.com,BILL-421617,XXXX-XXXX-XXXX-6010,AUD,569,"$15,281",6086,2020-07-19T02:42:34Z,"$215,651",538,"$72,937.16",3705-0763-5064-6132,"$19,955",33.8,7351,US,INV-405307,anna.walker@gmail.com,"[38.3, 98.62]","$469,579",$2b$12$Vr25QdRBGO65OVG6OhiGNH0QZYkNYUD1nrTMIOXSRQthiAPZKZHi6,INV-556077,413,8457.65,1764 Pine Rd,GBP,376349,012645146,874969338,0534,0x3fa3aad1dc741160bf8a0d3c4a77db7932a65caa
Sarah N. Anderson,-27.186828,6011-1380-7462-1256,770,8209,"$135,189",[INTERNAL] Q4 strategy review pending board approval,US Dollar,595,Retail,"{""type"": ""object"", ""properties"": {}}",Euro,3116.13,"$68,707.38",BRL,"$18,877",Swiss Franc,68734.18,Healthcare,5687074122,02/26,631,[INTERNAL] Q4 strategy review pending board approval,03/29,British Pound,INS-733503,"$7,013",0669417079,831,michael.martin,Rotterdam,81.6,Shanghai,12.78,3.19.55,"$20,405",9258.71,2024-03-05 07:53:32,"$4,253,739",559,3770968,CHF,Premium,"$40,753",BILL-681727,06/24,20.7,12.79,AUD,Mexico,Interstellar,CloudGuard,2863.2,46328.82,IR4 3XF,sales.orders,0xd1277bd4a99d118fc52e719668dcb69ddff01857,"$1,359,934",69692258,3449 shares @ $263.33,james.clark@gmail.com,"$38,211",379697,BRL,INS-333222,upsert,99110.83,East Side,BILL-413236,8687.95,Jessica,4122-0961-3513-1359,oliver_lee,CHF,JPY,INV-674068,76.88,"$18,516",8706,776182920,_ga=5605252306.1178432,public.users,2019-10-15,noah_clark@yahoo.com,BILL-624502,6011-1374-2420-5072,BRL,420,"$31,879",2650,2025-01-09 00:39:48,"$66,635",491,"$42,110.94",4842-3341-2386-0841,"$13,665",48.7,8147,IN,INV-769706,john.white@gmail.com,"[12.99, 64.23]","$3,788,632",$2b$12$zsm3IeuapKxjrZFf5rjFC7ORzWMipkbq1NTDwSawZTieGX46getLK,INV-921061,432,7646.55,7337 Maple Dr,CHF,59976,892095698,873421799,3217,0x2d7ffaf8912e21baf7af497795326b4a5a55b75f
Patricia Q. Garcia,157.914527,3751-4430-7403-5492,466,028,"$226,971",[INTERNAL] Q4 strategy review pending board approval,Euro,364,Technology,message Msg { string id = 1; },Japanese Yen,7212.39,5839.95,EUR,"$14,127",Japanese Yen,"$99,864.93",Healthcare,092240760122,07/26,408,[INTERNAL] Q2 strategy review pending board approval,02/24,Swiss Franc,INS-607899,"$29,567",031514000827,452,sophia.taylor,Hamburg,67.2,Shanghai,12.79,0.4.59,"$16,437",4775.81,2019-08-17 14:12:57,"$4,729,542",713,3761686,EUR,Premium,"$40,707",BILL-376316,03/27,86.3,15.49,USD,United States,Interstellar,Widget Pro,8972.78,94183.82,60842,sales.orders,0x47eabd91d6618df2add203155b6abd4ff8a5fc1f,"$4,750,196",4450359580,1669 shares @ $159.55,john.rodriguez@outlook.com,"$5,421",485435,CNY,INS-775597,insert,"$71,273.98",South Bay,BILL-227218,4274.21,John,XXXX-XXXX-XXXX-7512,jessica_smith,JPY,INR,INV-342135,33.04,"$42,803",4952,552027977,_ga=4008398370.8567571,analytics.events,2020-07-31,williamanderson30@acme.org,BILL-292282,3769-6511-2170-8006,EUR,641,"$32,529",1028,2025-09-18T18:33:20Z,"$151,830",638,"$76,719.42",5435-2579-6601-7267,"$41,769",13.2,9867,MX,INV-614881,sophia.miller@gmail.com,"[2.98, 65.51]","$7,696,027",$2b$12$ar0vusJUawslwgqEipb8IH7dmOv31W4RLT9XI0zIMtcz1JRKa18kN,INV-735009,791,7213.11,9485 Park Blvd,CNY,60111007,541201272,790037606,5109,0xaa1ad2fc60e24b62a5b2f8a9b0664dd3120ae60e
Oliver A. Smith,34.773237,6011-2168-4612-6250,797,067,"$49,418",[INTERNAL] Q1 strategy review pending board approval,British Pound,333,Energy,message Msg { string id = 1; },Swiss Franc,9033.51,39482.11,CHF,"$9,877",Euro,63037.69,Technology,4153084971,03/28,545,[INTERNAL] Q2 strategy review pending board approval,01/29,British Pound,INS-276728,"$13,802",846648479366,380,emily.young,Busan,87.7,Port of LA,7.56,3.1.32,"$42,384",4968.19,2019-11-06 09:46:18,"$7,853,350",762,60118006,AUD,Market-based,"$44,330",BILL-521955,09/28,40.7,14.66,BRL,Israel,Interstellar,CloudGuard,1564.6,"$15,794.63",JX1 2BP,public.users,0xd7af1705d1d33d2a5f45fe1eb29bdeceeea81786,"$6,084,721",68397181,1306 shares @ $382.99,richard.clark@gmail.com,"$40,890",376954,CAD,INS-724033,delete,"$80,579.54",East Side,BILL-342973,8934.94,Aiden,4444-7275-0921-9206,olivia_walker,EUR,CNY,INV-615755,28.77,"$1,036",4137,254303017,_ga=4580185831.9633003,public.users,2022-10-11,emily.jackson@example.com,BILL-166077,XXXX-XXXX-XXXX-6494,BRL,4296,"$18,943",2365,2019-05-14T16:37:50Z,"$244,800",387,54068.32,XXXX-XXXX-XXXX-6915,"$15,114",17.4,1807,AU,INV-507666,emma.young@outlook.com,"[11.23, 63.38]","$4,367,268",$2b$12$nvGJyj1pgAgL6y2mDe1YBY0UyQBCrcqxIeOZ532LTO8DTyVoXsY1L,INV-377464,372,3932.75,5443 Pine Rd,CHF,46107,979395543,537568346,9816,0xfc14e33266ae8eaceaf7a7e88fae177374a29742
Anna Moore,150.4918,XXXX-XXXX-XXXX-6374,551,4801,"$82,002",[INTERNAL] Q2 strategy review pending board approval,US Dollar,634,Manufacturing,message Msg { string id = 1; },Japanese Yen,1830.13,51464.36,USD,"$44,231",Euro,"$7,266.96",Education,6249507294,01/29,446,[INTERNAL] Q1 strategy review pending board approval,08/24,US Dollar,INS-919393,"$6,055",21643135,378,robert.martinez,Busan,58.7,Port of LA,3.12,0.0.7,"$31,949",5718.49,2021-11-01T12:24:44Z,"$2,810,463",002,47341,AUD,Value pricing,"$12,008",BILL-217282,11/26,86.1,90.65,USD,Australia,Inception,DataSync 3000,9355.78,"$38,800.22",97638,public.users,0x7b068c3b1d1b4dd790e43618d4cb9a6d943cc9fe,"$982,643",830469177432,848 shares @ $10.73,robert.smith@gmail.com,"$46,323",446824,CAD,INS-250141,upsert,49435.72,West End,BILL-226033,6441.95,Susan,6011-1346-9628-2316,anna_white,INR,USD,INV-349015,66.57,"$2,676",8132,203150636,_ga=6576023641.6921407,public.users,2024-08-29,olivia_moore@yahoo.com,BILL-378070,XXXX-XXXX-XXXX-4458,USD,5874,"$7,444",7151,2022-11-05 13:44:14,"$75,471",844,82639.84,3765-9854-1699-2555,"$41,547",4.2,9285,DE,INV-158526,james.moore@gmail.com,"[3.75, 61.17]","$2,065,089",$2b$12$SSXJP0btRUBNgtVtGRA5Es04PAWJsfOqxWDPl57b344iQweRl6OPC,INV-943949,603,4145.86,8197 Pine Rd,AUD,60115477,717972272,747925531,8928,0x5f8fd3ec7e79e48593bb6a9298caa640d5d2213f
Jessica Anderson,-64.562548,6011-0499-4167-9015,695,861,"$58,596",[INTERNAL] Q3 strategy review pending board approval,Euro,680,Healthcare,CREATE TABLE t (id INT PRIMARY KEY),British Pound,8704.44,2320.65,JPY,"$31,818",Euro,"$80,606.24",Healthcare,91510180,01/26,456,[INTERNAL] Q2 strategy review pending board approval,05/27,Swiss Franc,INS-583359,"$35,503",4639670337,473,michael.jackson,Busan,29.7,Singapore,11.07,3.7.15,"$43,329",9755.3,2020-03-07 22:59:32,"$9,137,765",014,3796812,JPY,Premium,"$25,362",BILL-725265,09/30,1.8,57.28,CHF,Germany,Inception,AuditTrail Plus,4163.48,5121.57,ZL6 2HQ,public.users,0xf18cbe2b7743d0c07eda3a3be4043aa75e0ae937,"$867,466",3886904185,381 shares @ $368.37,anna.williams@yahoo.com,"$40,572",525727,AUD,INS-818615,snapshot,1064.38,North Shore,BILL-290869,3246.72,Emma,XXXX-XXXX-XXXX-4545,jessica_garcia,CHF,GBP,INV-101833,42.57,"$23,022",6941,284747778,_ga=0443989022.7332390,public.users,2025-09-06,marywalker@company.com,BILL-511362,3762-5332-0940-0650,CNY,8501,"$47,691",4425,2021-11-17 19:55:54,"$85,300",332,"$4,482.90",XXXX-XXXX-XXXX-3933,"$47,758",19.6,0237,IN,INV-808945,oliver.williams@outlook.com,"[31.75, 71.2]","$2,513,195",$2b$12$k93JnGmdKWZvHwanecIvGruyPOaRgdwg4WyMdG4vAQ4kJ5vI2KM9F,INV-473398,814,1184.35,7620 Main St,INR,53501,884963025,868759770,3736,0x9b0bc59611b5227075a0a80c3e4227216d39b6d2
James Garcia,25.546398,6011-2003-9534-3501,647,525,"$119,195",[INTERNAL] Q2 strategy review pending board approval,US Dollar,307,Finance,CREATE TABLE t (id INT PRIMARY KEY),British Pound,8135.45,46645.59,GBP,"$14,489",US Dollar,52762.82,Healthcare,772312139494,03/28,624,[INTERNAL] Q3 strategy review pending board approval,10/30,British Pound,INS-491656,"$33,023",33996493,817,susan.anderson,Singapore,80.9,Singapore,10.28,4.8.66,"$7,121",5182.27,2019-07-14 19:37:03,"$4,700,136",0899,44836,CNY,Premium,"$24,299",BILL-656974,09/25,20.7,12.2,CNY,Sweden,Interstellar,SmartHub X1,9047.74,"$11,975.51",47419,sales.orders,0x4de06f4bad54bc580448b9153f0233f272dc4204,"$7,162,140",351114034944,3307 shares @ $384.33,amy.lee@outlook.com,"$21,474",373063,CAD,INS-744266,insert,"$22,175.76",North Shore,BILL-184101,3423.47,Sarah,6011-4874-6445-6021,sophia_thomas,AUD,GBP,INV-721907,60.0,"$14,586",2975,106817966,_ga=1056620210.5654807,hr.employees,2025-06-02,sarahclark@yahoo.com,BILL-129037,4043-5699-6091-5733,JPY,192,"$39,626",4066,2023-06-27 01:04:54,"$149,656",578,70996.09,5991-2124-2742-0558,"$45,784",86.6,5625,BR,INV-393981,mason.young@yahoo.com,"[24.67, 72.54]","$3,915,950",$2b$12$vzubjBTbHRh5g75Okg5r5eaChvIGB9IIBVtXr9eSVeNSkk6NKGqfl,INV-737425,840,7306.55,8501 Oak Ave,INR,486465,291821133,572884378,3825,0x47b77f092042f1772133b7e7d59bd4de3d7f4df6
Elizabeth Smith,67.778946,XXXX-XXXX-XXXX-2030,404,600,"$130,315",[INTERNAL] Q4 strategy review pending board approval,Japanese Yen,560,Retail,CREATE TABLE t (id INT PRIMARY KEY),Swiss Franc,380.24,"$10,179.92",CHF,"$9,063",Euro,"$39,678.78",Finance,30564919,12/28,845,[INTERNAL] Q3 strategy review pending board approval,07/30,Euro,INS-255576,"$38,755",7487489458,712,michael.king,Port of LA,58.2,Port of LA,13.05,3.11.66,"$8,896",6684.01,2018-09-04 11:14:51,"$415,032",461,601129750,GBP,Penetration,"$19,652",BILL-602877,06/24,81.5,84.03,USD,United States,Blade Runner,VaultKeeper,7791.4,82739.65,TX7 3FE,hr.employees,0x481978e9c5a705460d5157f0b16924e64f9cb79f,"$5,592,001",60884771,1557 shares @ $158.35,noah.moore@yahoo.com,"$1,842",52197,CHF,INS-274362,upsert,87391.14,East Side,BILL-130759,5254.55,Mary,3793-8913-1425-7542,linda_rodriguez,EUR,AUD,INV-419613,21.81,"$40,211",2129,653270986,_ga=7447356439.6905806,hr.employees,2019-07-31,emilyjackson27@gmail.com,BILL-994847,XXXX-XXXX-XXXX-9555,BRL,0098,"$36,404",8503,2021-12-22 22:01:32,"$110,083",521,90059.57,6011-3118-4416-2825,"$11,539",41.3,6389,IN,INV-768937,emma.harris@outlook.com,"[0.93, 92.33]","$133,384",$2b$12$l3ZDBGR1Bou5sHPgHu5dJ3vcAhOLR76d33EwqZpmu1rCpz9lLTnkT,INV-975687,827,5218.92,6972 Pine Rd,EUR,52236,166217621,707525527,5746,0x359551587d53d35ef887bbfbe28e071d56497c57
William Thomas,-84.770252,6011-1371-7024-6820,802,2973,"$107,820",[INTERNAL] Q4 strategy review pending board approval,US Dollar,642,Retail,CREATE TABLE t (id INT PRIMARY KEY),Swiss Franc,1025.99,"$56,125.47",USD,"$16,725",Swiss Franc,85110.28,Energy,05731535,03/24,601,[INTERNAL] Q2 strategy review pending board approval,08/25,Japanese Yen,INS-225339,"$16,355",07369821,340,james.wright,Hamburg,38.3,Shanghai,13.26,4.1.56,"$15,670",6234.82,2023-02-08T08:20:56Z,"$7,870,301",6907,491364,CAD,Cost-plus 25%,"$35,400",BILL-191677,09/29,7.0,22.04,USD,India,Blade Runner,Sentinel Monitor,3026.06,"$82,160.60",48808,analytics.events,0xc820f10d6800cb39992c022fe539e03705674822,"$1,777,891",8811158162,4794 shares @ $211.87,robert.anderson@yahoo.com,"$6,414",497378,AUD,INS-771043,update,99948.70,East Side,BILL-561308,591.39,Mason,6011-5965-2927-2074,mason_king,GBP,EUR,INV-816686,21.29,"$23,445",9732,884878614,_ga=8104831415.7535660,sales.orders,2026-01-23,annathompson@acme.org,BILL-214647,4195-6564-8255-4551,CHF,506,"$5,148",9767,2026-01-09T07:02:06Z,"$86,358",779,"$35,316.49",XXXX-XXXX-XXXX-3382,"$11,665",58.5,5008,FR,INV-954156,oliver.thomas@outlook.com,"[39.22, 83.97]","$7,288,538",$2b$12$7qQdLoNlefeXVcTzPVXqiYelIRK29MugJhH3r4ro1wRJgUlP6lwJd,INV-289750,717,3289.02,8708 Cedar Ln,JPY,373813,012835040,627462413,2807,0x457340e8bcc6e111037d5f89ee381ddd4db950d7
Susan Miller,72.078775,4821-4015-3700-4478,547,403,"$171,714",[INTERNAL] Q3 strategy review pending board approval,Euro,501,Retail,CREATE TABLE t (id INT PRIMARY KEY),US Dollar,4495.45,"$14,783.51",EUR,"$40,077",British Pound,"$82,393.65",Energy,844790010109,12/26,658,[INTERNAL] Q3 strategy review pending board approval,03/29,Euro,INS-464823,"$10,017",555032057336,660,aiden.wright,Rotterdam,35.7,Shanghai,9.42,5.14.48,"$44,419",1025.57,2022-08-24 16:04:20,"$606,970",614,373840,USD,Market-based,"$23,007",BILL-940321,06/26,30.0,39.23,INR,Australia,Interstellar,Widget Pro,1555.92,26040.68,AB5 9FR,hr.employees,0x64154bb45f8abb1545b9870edeead5c75ed742a0,"$4,011,690",9650639629,3092 shares @ $294.47,amy.robinson@gmail.com,"$46,669",427582,EUR,INS-318800,update,"$74,689.03",North Shore,BILL-249099,9614.76,Amy,XXXX-XXXX-XXXX-0682,susan_wright,JPY,AUD,INV-245443,95.19,"$34,434",6014,296564558,_ga=2577863123.9291417,hr.employees,2022-06-06,liamrodriguez@gmail.com,BILL-855235,4937-1297-4872-5368,GBP,887,"$37,069",2983,2024-09-19 22:22:36,"$181,917",820,"$23,815.91",3756-7952-9712-8425,"$49,193",7.5,1049,JP,INV-837812,olivia.moore@outlook.com,"[26.88, 64.05]","$7,704,010",$2b$12$hbi3HZSQ2I50LzBNeOXaZOHeNABw8oOcSjzUaS9rrNGBP9uasvO2X,INV-945537,533,9393.74,5262 Main St,INR,60111862,534698367,083122146,8903,0x67dc094fb77e9beab985de2950ac8ff842b6af97
Jessica Clark,-132.129138,4815-5218-8161-2624,421,4141,"$159,914",[INTERNAL] Q4 strategy review pending board approval,Swiss Franc,499,Finance,"{""type"": ""object"", ""properties"": {}}",Japanese Yen,5428.67,"$14,445.74",JPY,"$26,869",Swiss Franc,99392.51,Finance,61094414,09/24,448,[INTERNAL] Q1 strategy review pending board approval,11/26,US Dollar,INS-743656,"$38,229",45472290,461,richard.lee,Hamburg,56.6,Singapore,12.28,2.6.45,"$46,972",587.7,2025-07-15 23:57:08,"$3,825,466",5813,3701317,BRL,Value pricing,"$27,350",BILL-852466,07/29,73.5,69.25,EUR,United States,Blade Runner,NanoCore SDK,4866.45,"$60,156.70",PN1 2GY,hr.employees,0xf4b5abe5a6ba530d44c6ba0ff575be8e071588a3,"$3,060,516",7280948156,1451 shares @ $195.31,jessica.anderson@yahoo.com,"$47,978",60117159,AUD,INS-874645,delete,"$58,907.63",North Shore,BILL-781366,1460.8,Sarah,XXXX-XXXX-XXXX-2796,jessica_rodriguez,CAD,CNY,INV-668946,29.65,"$19,296",6115,769409478,_ga=8542656714.8819954,analytics.events,2019-01-20,john_miller87@yahoo.com,BILL-685449,5721-4061-4424-3015,EUR,5034,"$24,585",4293,2023-07-04 05:32:21,"$141,560",689,"$25,733.56",6011-1695-6133-8711,"$38,134",25.0,5932,AU,INV-342799,emma.martinez@outlook.com,"[12.69, 83.78]","$7,955,391",$2b$12$U21mNyTiQu1GGkUesNTE6CQMFjZfDPSeIYNMVryxiejqqqX85pN8o,INV-577847,429,2219.0,6174 Main St,AUD,3765969,750283277,740730529,3755,0xa43115ff76b98d8c73365e4091af7585d8a1d2ab
Linda T. Moore,-178.397268,3706-3254-8860-0851,750,364,"$135,056",[INTERNAL] Q4 strategy review pending board approval,US Dollar,819,Healthcare,"{""type"": ""object"", ""properties"": {}}",US Dollar,6262.37,"$64,163.75",BRL,"$38,582",Japanese Yen,97570.59,Healthcare,89756677,05/24,395,[INTERNAL] Q2 strategy review pending board approval,02/26,Japanese Yen,INS-565628,"$26,663",5276740217,753,michael.davis,Shanghai,22.5,Rotterdam,0.19,3.7.52,"$29,408",5442.13,2026-03-05T02:12:14Z,"$886,682",9394,425812,CHF,Market-based,"$5,291",BILL-999469,11/25,80.3,8.28,USD,Spain,Inception,SmartHub X1,5441.18,95829.94,90496,sales.orders,0x94bda00d576f44293a8845e0d4536b847670d146,"$6,490,103",76289608,3960 shares @ $60.83,david.jones@outlook.com,"$24,344",49180,CNY,INS-861769,insert,"$63,693.70",Downtown,BILL-669802,5631.74,Logan,5259-4884-7233-1527,amy_rodriguez,JPY,CHF,INV-684085,50.87,"$22,332",6933,410168786,_ga=8007138235.9306800,sales.orders,2024-03-30,amybrown@acme.org,BILL-680127,3787-3913-9498-8632,JPY,2350,"$4,909",2761,2018-06-28 13:09:18,"$84,284",479,74224.43,3789-8733-2103-2266,"$8,172",59.5,3545,JP,INV-705165,michael.clark@gmail.com,"[13.62, 88.43]","$3,757,938",$2b$12$8GKIzf9mMsnSKglLw2D1nW28gxetAUQZircGA1ydjOpqVFJtMxITV,INV-398193,408,6544.56,6548 Oak Ave,GBP,601120635,354689375,454995926,0887,0x590d04aef8a8efea64d797134c98925fd8a46028
Mary Wright,141.091268,XXXX-XXXX-XXXX-5266,378,897,"$170,134",[INTERNAL] Q4 strategy review pending board approval,British Pound,732,Retail,message Msg { string id = 1; },US Dollar,1898.87,4519.64,CAD,"$8,839",Euro,33694.49,Finance,83491634,01/29,572,[INTERNAL] Q1 strategy review pending board approval,10/30,Japanese Yen,INS-977976,"$32,110",9791823216,616,james.miller,Rotterdam,48.4,Rotterdam,3.03,2.11.52,"$48,624",1951.79,2019-06-09 03:40:10,"$9,251,544",1677,3747691,JPY,Value pricing,"$35,991",BILL-184807,06/28,93.8,56.77,INR,Italy,The Godfather,SmartHub X1,3347.02,"$2,406.84",83235,analytics.events,0x293805408dbe991ac1b681236028410d25f42ca0,"$3,558,205",8484640265,134 shares @ $353.88,jennifer.thompson@yahoo.com,"$47,610",601109035,CHF,INS-615055,delete,"$20,101.15",East Side,BILL-633765,7636.48,Emma,5639-9579-7209-4779,liam_williams,INR,USD,INV-156288,5.53,"$19,893",1407,207556504,_ga=5719688279.5194881,hr.employees,2024-11-04,robert_thompson41@acme.org,BILL-443217,6011-3621-5601-9412,JPY,824,"$3,367",0982,2025-03-16T04:47:38Z,"$179,178",525,"$38,822.99",5567-3533-2285-3672,"$14,797",64.9,8210,DE,INV-326801,amy.williams@gmail.com,"[10.44, 97.36]","$7,764,303",$2b$12$hpRsVRuKmvWDioH3uoqyEcUd5dXsqzEpS08q9C1OTpVuIE7Q7sZXX,INV-960666,362,628.66,9673 Maple Dr,CNY,58933,499660850,382722506,2030,0x0a12b80ff471d46346461dc33a5367cdcf86b757
Mary A. Lewis,-103.858705,4246-7192-9039-5584,543,2482,"$248,089",[INTERNAL] Q1 strategy review pending board approval,Japanese Yen,466,Energy,CREATE TABLE t (id INT PRIMARY KEY),Euro,8900.78,44152.17,USD,"$5,212",US Dollar,"$86,237.68",Education,046786875493,12/26,537,[INTERNAL] Q2 strategy review pending board approval,10/24,Japanese Yen,INS-592833,"$11,838",44724923,691,noah.harris,Shanghai,91.8,Rotterdam,13.58,4.16.12,"$26,721",1165.26,2026-04-13 13:05:07,"$7,553,222",137,531313,AUD,Premium,"$23,364",BILL-912233,06/29,11.7,39.77,USD,United Kingdom,The Godfather,AuditTrail Plus,4043.66,"$11,729.85",NY3 7KY,sales.orders,0x8787af834de905f715cf6dec3ec246a93de3c622,"$1,921,264",4734102508,4623 shares @ $169.57,jessica.taylor@gmail.com,"$22,889",565610,USD,INS-673859,delete,29758.88,Midtown,BILL-752037,4834.61,Sophia,3726-1335-6279-7714,jennifer_martinez,GBP,JPY,INV-552446,83.9,"$39,461",8879,589633383,_ga=4106610689.7835530,public.users,2022-04-14,robertlee@yahoo.com,BILL-428963,XXXX-XXXX-XXXX-2015,USD,786,"$10,402",6748,2023-10-01 13:51:45,"$175,351",485,33354.24,3772-2078-3045-7758,"$8,907",6.2,4777,BR,INV-574481,jennifer.harris@gmail.com,"[6.57, 60.1]","$8,000,734",$2b$12$9chlbPwQKFQWVoovQsBZWPxff57sZsIlhC5XayA0st3iS8JRqEqQ0,INV-112269,634,7414.61,625 Oak Ave,CHF,418550,872787650,314146583,4796,0xcf6141c7b8991824d3f5c5092b5b99cbadccef2f
Aiden Clark,176.401163,XXXX-XXXX-XXXX-4111,389,418,"$169,792",[INTERNAL] Q3 strategy review pending board approval,Japanese Yen,745,Finance,CREATE TABLE t (id INT PRIMARY KEY),British Pound,2603.69,"$91,917.92",EUR,"$31,129",British Pound,46712.50,Manufacturing,47029038,08/30,688,[INTERNAL] Q3 strategy review pending board approval,01/26,US Dollar,INS-469971,"$21,384",8513776842,750,olivia.rodriguez,Busan,35.5,Busan,1.46,3.2.39,"$7,396",4526.48,2018-04-08T05:35:00Z,"$6,152,744",0447,438278,CAD,Cost-plus 25%,"$3,279",BILL-688157,10/30,41.0,12.33,CNY,Canada,Interstellar,CloudGuard,2498.31,"$81,855.95",75560,sales.orders,0x655e3b75d7df3b43291a74347fc40f80c21ee079,"$3,493,992",66625561,4241 shares @ $297.32,susan.miller@gmail.com,"$46,046",41616,AUD,INS-803863,snapshot,"$91,288.67",North Shore,BILL-904730,6445.6,Jennifer,3795-0817-0567-7741,sophia_lewis,AUD,USD,INV-441239,1.51,"$37,186",1905,516731349,_ga=0811667676.9235641,public.users,2019-01-02,sarah_martinez18@acme.org,BILL-839593,6011-9474-6767-8141,JPY,237,"$48,390",4784,2023-06-28 09:33:47,"$199,628",318,"$97,666.09",3777-8514-9229-8284,"$15,877",19.8,5544,AU,INV-512823,liam.davis@gmail.com,"[28.08, 75.41]","$6,936,381",$2b$12$inDTfgX6y59nPaOkdtS6cQNGP6x6AIQdrRSxZq8cvUX0BMJm4hzSj,INV-497685,394,4240.88,820 Elm St,AUD,601179237,747317498,518160426,5277,0xe1431ba9d51ab4d08047b8ac62e1aa3ac138d97f
John Harris,109.422604,XXXX-XXXX-XXXX-5745,496,5857,"$30,831",[INTERNAL] Q2 strategy review pending board approval,US Dollar,333,Manufacturing,message Msg { string id = 1; },British Pound,2266.36,"$65,114.85",EUR,"$33,450",US Dollar,13018.57,Manufacturing,64952005,09/28,317,[INTERNAL] Q4 strategy review pending board approval,03/30,Euro,INS-357556,"$43,091",75152161,321,jessica.thomas,Singapore,46.4,Busan,1.54,1.13.35,"$3,682",8981.52,2022-12-11 19:19:09,"$9,606,855",6017,57571,AUD,Cost-plus 25%,"$20,256",BILL-794064,11/29,68.3,68.4,CNY,Singapore,The Matrix,NanoCore SDK,2896.1,92387.33,LM4 1XL,sales.orders,0x342994bf14e8ddf4e942a6e6271dba8de8acf903,"$9,368,056",7199954378,1642 shares @ $372.92,noah.thomas@yahoo.com,"$31,831",3799081,INR,INS-401754,upsert,"$72,202.49",Midtown,BILL-315577,5220.85,Liam,4677-8065-4026-4373,logan_harris,USD,CHF,INV-727641,22.53,"$49,919",7299,978711040,_ga=5949401976.8472093,analytics.events,2025-03-18,sophiamartinez67@acme.org,BILL-254397,3717-3892-3246-3692,AUD,3337,"$21,119",3666,2021-02-18 18:42:50,"$156,855",356,77807.98,XXXX-XXXX-XXXX-2440,"$27,862",38.8,1747,JP,INV-878690,mary.johnson@outlook.com,"[31.33, 88.28]","$2,815,294",$2b$12$H2JXsWpOwErV97pzGnF6gU4Lb9zFLt9zslHtd4SlJZFLPLiUqDwiT,INV-524417,400,2871.37,7839 Main St,JPY,57185,788863491,678512776,8644,0x96d42b2b6ba3418810f703d5fc5d617e01ef037e
Oliver King,-134.259965,6011-6785-4091-0063,386,3427,"$111,759",[INTERNAL] Q1 strategy review pending board approval,British Pound,567,Retail,message Msg { string id = 1; },British Pound,270.72,"$22,324.57",CHF,"$33,257",US Dollar,"$64,225.50",Retail,33604642,04/24,426,[INTERNAL] Q2 strategy review pending board approval,08/26,Swiss Franc,INS-541279,"$7,828",106630116542,308,richard.davis,Singapore,22.2,Port of LA,2.51,4.7.74,"$4,887",6988.97,2021-12-27T14:22:18Z,"$8,118,315",873,601166366,CNY,Cost-plus 25%,"$21,459",BILL-895636,01/26,85.0,84.97,INR,South Korea,Interstellar,SmartHub X1,1370.62,84255.73,CU5 9DH,hr.employees,0xdbaa2bca158c7f28c1023698edb7ca69f200ca13,"$3,294,044",4617302530,4114 shares @ $325.66,ethan.lewis@outlook.com,"$26,519",544386,GBP,INS-488025,upsert,35052.90,Downtown,BILL-224939,3899.02,Harper,XXXX-XXXX-XXXX-0483,oliver_martinez,CAD,GBP,INV-739798,33.39,"$35,827",0883,974529907,_ga=0173196417.1688527,hr.employees,2018-05-20,williamanderson@example.com,BILL-420065,3737-6498-9874-7727,CHF,6570,"$44,720",3738,2025-01-04 20:39:56,"$47,608",526,8270.05,5809-4269-1391-9847,"$48,754",23.5,7670,IN,INV-702479,susan.johnson@outlook.com,"[23.74, 71.26]","$2,875,479",$2b$12$CBxTIFGCbK9mIVd3YacAZmUo9TevuO40rQTVazEAYy8F39l0LyDvJ,INV-267273,324,6060.0,6653 Oak Ave,CNY,60118011,311916786,756894303,7019,0x9aef54b2504c9ff8844ce1c83ac72ad58d675bad
