data_rate,sciname,booleanFlag,probability_confidence,decimal_float_field,status_code_data,var_162,integer,percentile,stock_rsu_grant_22,probabilityConfidence,memory_usage_data,raw_binary_value,decimal_float,attr_619,median_val,investment_account,power_6,var_fxiq,cin90,customer_histogram_bin,decimalFloat,c_234,histogram_bin_14,encoding_14,length,imageEmbedding,median,standardDeviation,m_f,STANDARD_DEVIATION,meta_inte,median_2,IMAGE_EMBEDDING,arithmetic_mean,CORRELATION,user_billing_account,p_177,VERSION_NUMBER,stddev,STOCK_TICKER,x_co,col_um,titlePrefix,integer_30,cache_duration,fact_latitude,tenant_identifier_raw,clock_time,billing_acct,PROBABILITY_CONFIDENCE,featureVector,percentile_2,histogram_bin_raw,col_378,binary_value_field,channel,type,histogram_bin,schedule_plan_6,DECIMAL_FLOAT,species,user_iata_code,CITATION,p_wor,word_embedding_val,raw_scientific_name,BONUS_VARIABLE_PAY,schema,mlg61,probval,imgemb,trend_growth_rate,word_embedding,dialing_code,zskgui18,numeric_range,v_107,integer_field,p_ord,confidence,raw_mean_average,genericIdentifier,jomn72,integer_2,dim_cron_specification,SIZE_DIMENSION_CATEGORY,customer_probability_confidence,batch_id
5583,Fe2O3,0,0.7777,6678.8682,pending,-11.15%,68,44.29,963 shares @ $389.44,0.3976,72.0,0,4672.4536,"[-0.0303, -0.1203, -0.0998, 0.0639, 0.6296, 0.2569, 0.7869, -0.0639]",-90.9822,INV-731146,922.2,0,"[0.1356, 0.2359, 0.7155, 0.8497, 0.8552, 0.7992, 0.7997, 0.5109]",47.86,1420.9203,08/26,62.98,UTF-16,728.61,"[-0.0019, -0.9386, -0.0357, -0.6491, -0.5879, 0.3464, -0.0815, 0.4949]",-25.6061,15.3034,Male,30.4106,6134,75.8485,"[-0.3143, 0.8342, -0.4995, 0.2432, 0.3503, 0.0047, 0.6394, 0.2578]",30.0483,-0.1048,BILL-439202,25-55,5.1.85,8.1338,PP,"[0.73, 87.48]",GPL-3.0,Mr.,5220,355 days,-72.205156,tenant-002,09:44:03,BILL-360777,0.4599,"[0.6818, 0.9724, 0.8096, 0.091, 0.2637, 0.9236, 0.4329, 0.4166]",95.39,81.52,0.3114,1,In-Store,Enterprise,39.78,Daily at 2am,1014.7777,Fe2O3,HYB,Rodriguez et al. (2024),"[-2.0725, -0.404, 1.1949, -1.0561, 0.3225, -0.6239, 0.7639, 0.3223]","[-0.0741, 0.6864, 0.1454, 0.5371, 1.7458, -0.5254, -0.0231, -1.0317]",Homo sapiens,"$22,089",POSIX,71.93,0.9762,"[-0.0537, -0.3284, 0.3113, 0.5941, 0.19, 0.3094, -0.2538, 0.6647]",-37.16%,"[0.6767, -0.699, 0.492, -0.3627, -0.4766, 0.5337, -0.7425, 0.403]",+33,2.2,41-77,C6H12O6,3953,908,0.9847,75.9243,7aa836b6-68a6-4314-8d9a-7366e80fa7dc,3330.149,9892,"11 2 * * 0,6",S,0.2252,batch-20230311-14
7687,NaCl,0,0.5097,7575.933,active,7.97%,9595,19.58,169 shares @ $275.71,0.765,10.9,0,3791.3655,"[-0.5172, -0.076, 0.1474, 0.1811, 0.5185, -0.3215, -0.1053, 0.0768]",16.9729,INV-685892,11725.2,0,"[0.3504, 0.1923, 0.3811, 0.0936, 0.1371, 0.3454, 0.3559, 0.5268]",66.25,9169.8273,06/28,3.67,ISO-8859-1,48.71,"[0.0798, 0.0739, -0.0712, -0.0134, 0.0756, -0.1411, -0.1583, 0.4608]",35.834,28.9394,Male,5.5872,5407,-85.3841,"[-0.313, 0.354, -0.751, -0.1636, -0.0314, 0.5284, -0.1031, 1.0262]",-68.2197,-0.8562,BILL-376586,8-62,5.11.8,30.4622,QGSW,"[1.85, 64.08]",MIT,Dr.,3978,11 days,-84.106516,tenant-032,07:06:01,BILL-993487,0.3775,"[0.1173, 0.1701, 0.2291, 0.4338, 0.337, 0.5185, 0.3061, 0.8714]",29.82,82.75,-0.7338,1,Mobile,Trial,30.63,Every 15 minutes,9108.0653,Homo sapiens,OWQ,Jones et al. (2007),"[-1.7377, -0.5863, 0.5823, 0.0994, -0.5867, -1.641, -0.982, 0.2928]","[0.8663, 0.2739, 0.6091, 0.6598, 0.2004, 0.058, 0.584, -0.656]",H2O,"$9,879",ISO 8601,32.96,0.1724,"[-0.3222, -0.2315, 0.4285, 0.7037, -0.2779, 0.7642, 0.5928, -0.3428]",36.66%,"[-0.8626, 0.3278, 0.3592, -0.4217, -0.9179, -0.8629, -0.2676, 0.9614]",+1,-17.5,42-73,H2O,1835,650,0.9938,80.2047,01c6bb68-5d8a-4b74-829d-3605e7a99d8e,5666.1354,7956,"19 21 * * 0,6",S,0.7665,batch-20241206-30
578,E. coli,true,0.5744,3281.2518,pending,-2.33%,9740,90.46,167 shares @ $365.1,0.9255,31.6,0,7473.3759,"[0.2028, 1.055, 0.8298, -0.1334, 0.2575, 0.179, 0.3424, -0.7129]",40.1809,INV-631567,34930.8,1,"[0.0586, 0.1489, 0.4093, 0.4316, 0.283, 0.5106, 0.3298, 0.3047]",14.3,7563.9189,07/25,19.55,Latin-1,727.74,"[0.1175, -0.0673, 0.5782, -1.4892, -0.1538, 0.217, 0.6784, -0.9806]",98.9288,39.9012,Female,15.8774,4534,75.6489,"[0.0726, 0.3332, -0.4571, -0.569, 0.0049, -0.4603, -0.0564, -0.6528]",-67.6727,0.3849,BILL-845409,45-84,1.5.5,31.6939,QJI,"[39.79, 90.99]",BSD-3-Clause,Mr.,9304,41 days,49.91437,tenant-049,08:40:06,BILL-202105,0.0266,"[0.2187, 0.586, 0.0931, 0.697, 0.8287, 0.7175, 0.0151, 0.4872]",48.53,80.08,-0.0977,1,Phone,Standard,48.81,Every 15 minutes,7574.4163,Homo sapiens,LEN,Anderson et al. (2025),"[1.8416, 0.4782, -0.9778, -0.3003, -1.0573, -0.2952, -0.2602, -0.8987]","[-0.2277, 1.2014, -1.1673, -0.0323, -1.4103, 0.4562, 0.8011, 0.5628]",C6H12O6,"$16,115",W3C Date,10.42,0.2295,"[0.0169, 0.0819, -1.0595, 0.6079, 0.1246, -0.1739, -0.1518, 0.619]",-5.66%,"[0.3304, -0.2884, -0.0578, -0.0474, 0.5161, 0.8343, -1.4639, -1.7181]",+91,28.6,4-85,NaCl,2378,872,0.6782,-10.7506,900d78de-7619-4735-8f48-2e7868a185e3,1683.1473,360,"4 15 * * 0,6",XS,0.3389,batch-20220625-69
7310,Homo sapiens,true,0.7314,7549.214,rejected,13.08%,7537,17.94,1883 shares @ $406.83,0.6148,47.6,1,8416.0424,"[0.0071, -0.2729, 0.0631, -0.2718, 0.3519, -0.1422, -0.6191, -0.127]",-41.9138,INV-855047,934.5,1,"[0.1145, 0.99, 0.2309, 0.6405, 0.6283, 0.2045, 0.6779, 0.0182]",18.74,4834.2936,12/29,96.14,Latin-1,113.81,"[-0.7035, 0.2191, -0.5268, -0.9721, -0.072, 0.4265, -0.2928, -0.1837]",-45.2627,1.4044,Unisex,28.7654,534,-32.0215,"[-0.8794, -0.543, 0.3857, -0.6507, 0.1369, -0.0393, -0.833, 0.3188]",-29.0184,-0.7501,BILL-157285,10-67,4.20.35,10.8123,NJ,"[15.37, 74.84]",MIT,Dr.,8309,148 days,-45.772294,tenant-038,09:00:35,BILL-591068,0.9154,"[0.5847, 0.0087, 0.8255, 0.6509, 0.3343, 0.0062, 0.9094, 0.8441]",90.39,34.07,-0.8559,0,Social Media,Enterprise,24.79,Weekly on Monday,-769.4571,Homo sapiens,CBG,Smith et al. (2007),"[-1.0806, -0.5279, -1.388, 0.0778, 0.8, 1.3069, -0.6005, 0.0917]","[-0.6808, 1.4389, 0.3347, 0.4764, 0.5195, -0.386, -1.2423, 0.6876]",NaCl,"$8,648",RFC 3339,49.65,0.2185,"[-0.195, -0.3051, -0.3704, 0.0674, -0.2647, -0.3998, -0.5977, -0.5754]",-13.04%,"[-0.6351, 1.0807, 0.5191, -0.3318, 0.1156, -0.4394, -0.49, 0.5769]",+44,38.8,8-61,C6H12O6,179,760,0.616,99.294,3657dc83-f141-43b3-9dd1-cc11c490b7df,-920.0167,9759,18 4 * * *,S,0.1383,batch-20211011-08
8141,Homo sapiens,false,0.3717,3689.6545,failed,22.56%,7102,81.26,3900 shares @ $390.72,0.2283,84.2,1,5788.9761,"[0.0236, -0.8393, -0.5711, 0.6613, -0.2262, 0.4485, 0.1999, 0.0532]",28.1196,INV-711416,48036.2,0,"[0.7208, 0.3867, 0.0519, 0.6116, 0.5002, 0.8551, 0.1377, 0.1372]",84.59,6913.8927,01/28,37.22,ISO-8859-1,402.18,"[0.2743, 0.193, -0.6049, -0.5779, -0.2169, 0.6447, -0.1522, 0.3309]",-29.2211,47.9454,Female,9.9755,4564,34.138,"[0.069, 0.5273, 0.3756, -1.2664, -0.3356, -0.4029, -0.4097, 0.6576]",-36.3122,0.8409,BILL-114150,39-97,4.8.3,46.3453,LQ,"[2.25, 65.09]",MIT,Rev.,2100,255 days,-64.388639,tenant-021,23:19:20,BILL-871806,0.5921,"[0.0271, 0.14, 0.9232, 0.6638, 0.584, 0.8278, 0.8574, 0.5851]",74.11,21.03,-0.331,1,Social Media,Standard,91.72,Daily at 2am,8719.2347,E. coli,SBR,Walker et al. (2000),"[0.2416, 1.0063, -1.0007, 0.9668, 0.2999, 1.5752, 0.1028, 1.4441]","[-0.6068, -0.0626, -1.0148, 0.0151, 0.3992, -0.1595, -0.2303, 0.5514]",C6H12O6,"$46,808",ISO 8601,94.51,0.6066,"[0.3901, -0.0096, 0.3132, -0.293, 0.9095, 0.5103, -0.6061, 0.0431]",-28.24%,"[1.0152, -0.6248, -0.3297, -0.1385, -0.6253, -0.5262, -1.0845, 0.5352]",+33,40.9,18-55,Homo sapiens,7873,371,0.6468,-97.7764,768e40ae-121f-4cac-9037-b2ee7faebb13,136.8786,1526,"32 0 * * 0,6",M,0.3631,batch-20210717-82
1856,E. coli,no,0.3077,4681.5553,rejected,-43.86%,1484,38.39,4008 shares @ $182.18,0.1447,39.1,0,6198.0808,"[-0.3286, -0.3974, -0.3249, 0.448, -0.0227, -1.1872, 0.1803, -0.3148]",-62.3547,INV-484182,11672.1,0,"[0.1061, 0.9043, 0.899, 0.7346, 0.2896, 0.0522, 0.4748, 0.9877]",63.39,1917.8281,06/26,84.96,ISO-8859-1,650.77,"[-0.0707, 0.1727, -0.2608, 0.3545, -0.2331, -0.4899, -0.4211, 0.4267]",89.9158,16.3243,Female,45.0005,5304,-71.8817,"[-0.2535, 0.7206, -0.1651, -0.5275, 0.1548, 0.3477, -0.6968, -0.0159]",12.2553,-0.379,BILL-649851,41-92,0.1.93,15.7262,JYF,"[36.82, 72.68]",MIT,Mr.,2948,356 days,12.461466,tenant-001,20:22:50,BILL-508964,0.8988,"[0.1272, 0.2491, 0.7182, 0.1434, 0.5262, 0.9688, 0.4624, 0.9921]",72.34,21.73,0.7941,1,Social Media,Enterprise,91.19,Daily at 2am,4279.9612,NaCl,BQU,Clark et al. (2007),"[0.1474, -2.2781, -0.9002, 0.8512, -0.1083, 0.9131, -0.3019, -0.6744]","[0.0984, -0.3241, -1.944, -0.8486, -0.4216, -2.3642, 0.3736, -0.9165]",H2O,"$41,155",RFC 3339,36.19,0.0682,"[-0.2901, -0.1737, -0.6076, -0.1412, -0.4368, 0.569, 0.0192, 0.0849]",18.83%,"[-0.5551, -0.2563, -1.6909, -1.0985, 1.3302, 2.0498, 0.8775, -0.5565]",+61,17.9,45-56,C6H12O6,8776,274,0.7354,-97.1559,b4e6eaf6-780e-45c3-a527-642c300a3392,3436.4213,3890,13 19 * * *,M,0.8479,batch-20220303-76
539,NaCl,yes,0.5707,6297.9222,failed,-6.08%,2789,76.05,526 shares @ $377.04,0.3906,61.2,0,5039.736,"[0.3685, -0.2333, 0.4502, -0.2926, 0.0994, -0.4801, -0.8924, 0.4347]",98.4793,INV-894518,22240.5,1,"[0.7986, 0.7704, 0.9526, 0.5167, 0.2148, 0.8127, 0.3552, 0.1072]",64.11,4574.1552,11/24,26.09,UTF-16,657.9,"[0.5348, -0.0125, 0.2382, 0.1759, 0.0006, -0.4771, -1.1525, 0.0806]",26.468,44.8541,Male,20.6245,7819,37.5396,"[-0.0896, -0.5019, 0.1177, 0.0011, -0.1391, 0.6077, -0.212, -0.7802]",83.3479,0.1147,BILL-261266,48-56,1.8.92,31.5277,HS,"[10.26, 63.08]",Apache-2.0,Prof.,9649,322 days,-36.645464,tenant-046,02:47:02,BILL-569294,0.5258,"[0.3439, 0.2488, 0.6283, 0.1614, 0.3897, 0.544, 0.6079, 0.9996]",53.91,2.96,0.725,0,Social Media,Free,78.76,Every 15 minutes,8691.101,NaCl,MZH,Davis et al. (2007),"[-1.2169, -0.505, -1.5244, 0.0678, 0.3577, 0.0751, -0.754, 1.0676]","[-0.1652, -1.0303, -0.3928, -0.3298, 1.6623, 0.0957, -0.2742, 0.9045]",C6H12O6,"$1,421",POSIX,36.15,0.3316,"[0.0605, 0.312, 0.4727, 0.0052, 0.2723, -0.6919, -0.4726, 0.1197]",-44.12%,"[-0.1092, -0.2016, -0.7639, 1.1077, -0.4766, 0.5303, -0.4067, 0.7263]",+86,-21.6,35-87,C6H12O6,1147,630,0.4135,-59.5662,e199902c-36a5-484b-86ab-1738dd4955b3,9889.6122,7674,"38 10 * * 0,6",S,0.6972,batch-20241111-69
6292,NaCl,yes,0.7696,3912.0106,failed,-41.67%,1693,35.31,2889 shares @ $291.99,0.8951,11.5,1,3338.1888,"[-0.1191, 0.0804, -0.191, -0.3086, 0.1094, 1.21, -0.6592, 0.0767]",-23.239,INV-503183,19780.9,0,"[0.1292, 0.6508, 0.3489, 0.1902, 0.9878, 0.1041, 0.4023, 0.4681]",62.48,5123.6287,06/30,57.96,UTF-16,693.1,"[0.1539, 0.5031, 0.1871, 0.6096, 0.4281, -0.0968, 0.2065, 0.1043]",15.2446,23.9859,Male,42.3312,9325,68.5095,"[0.2432, 0.3301, 0.0193, 0.1903, -0.0107, -0.4309, 0.2844, -0.6553]",-84.817,-0.7294,BILL-153568,18-74,4.20.15,10.7427,QR,"[20.83, 99.67]",CC BY 4.0,Hon.,6860,18 days,68.120273,tenant-030,14:51:25,BILL-351615,0.1721,"[0.7088, 0.4718, 0.3425, 0.9814, 0.156, 0.0117, 0.8302, 0.7986]",59.89,14.0,0.5375,1,In-Store,Free,56.95,Daily at 2am,2594.2941,E. coli,IEL,Young et al. (2007),"[0.1249, 0.0034, -1.4119, 0.342, 2.0666, 1.868, -0.5292, -0.3692]","[-1.1388, 0.6361, 1.0617, -1.7745, 1.5495, -1.3227, -0.6837, 0.7791]",NaCl,"$6,729",RFC 3339,41.95,0.4746,"[0.2005, -0.6925, 0.6356, -0.3614, -0.2178, 0.1747, -0.3298, -0.1976]",7.09%,"[0.5981, 2.2407, -1.177, -0.2268, -1.4156, -1.3203, -0.3999, -1.1161]",+55,40.6,15-85,NaCl,6915,702,0.2681,-27.0122,5b0b836b-052f-4baf-a2c6-cad61f6a8189,6643.9152,9032,"0 10 * * 0,6",M,0.4928,batch-20250823-20
851,H2O,false,0.1016,1557.6955,inactive,-0.54%,2256,42.73,3268 shares @ $262.33,0.7311,73.3,1,57.187,"[0.5851, 0.2926, 0.1199, 0.4604, 0.0586, -0.574, -0.2807, -0.2887]",32.0312,INV-307996,37325.6,1,"[0.1045, 0.8301, 0.5261, 0.4516, 0.8344, 0.4937, 0.3224, 0.2959]",21.3,5859.778,12/26,21.99,ASCII,991.36,"[-0.1626, -0.0146, 0.2483, 0.6946, 0.1451, 0.2001, -0.3384, -0.1166]",-80.8216,22.3716,Male,9.1309,1459,-63.7663,"[-0.3383, 0.0074, 0.131, -0.4191, -0.6444, 0.6465, -0.3327, 0.4265]",23.0145,-0.6276,BILL-628845,1-65,5.5.51,10.2424,EY,"[19.42, 73.7]",CC BY 4.0,Mr.,8191,305 days,-79.983933,tenant-043,04:44:56,BILL-993116,0.1306,"[0.7589, 0.404, 0.341, 0.7312, 0.2157, 0.544, 0.6811, 0.475]",24.54,73.25,-0.0963,1,Phone,Free,22.02,Daily at 2am,-79.5178,Homo sapiens,EGM,Anderson et al. (2019),"[0.6648, -0.0095, 1.3532, -0.2454, 0.337, 0.4209, -0.0759, 1.0106]","[1.7635, 2.3784, 0.0543, -0.7387, -0.5378, 0.6388, 0.004, 2.9374]",C6H12O6,"$16,922",IEEE 754,10.84,0.666,"[0.2272, -0.6378, -1.2199, 1.056, -0.0273, -0.6065, 0.1838, -0.2427]",9.47%,"[-0.4101, 0.1522, -0.8469, -1.1098, 0.08, -1.5168, 0.3423, 0.4599]",+49,-29.8,3-92,C6H12O6,8951,45,0.3922,-18.8709,74df2882-3fdc-4e7e-ac7c-de882069854a,1971.6565,1783,0 16 * * *,XS,0.1808,batch-20201031-45
7222,C6H12O6,false,0.8704,3956.8858,active,6.93%,5023,71.92,1014 shares @ $286.52,0.7109,9.5,1,8846.7962,"[0.4182, -0.1123, 0.4229, -0.8841, 0.2272, -0.137, -0.5654, 0.6971]",-27.5569,INV-340526,25283.8,1,"[0.3335, 0.7052, 0.8784, 0.4194, 0.4883, 0.3446, 0.9332, 0.3321]",71.78,617.304,01/28,59.43,ASCII,197.5,"[-0.5115, -0.1462, -0.003, -0.661, 0.1417, 0.2743, -0.2782, -0.3305]",43.3554,6.556,Unisex,35.7647,5215,9.8613,"[0.4109, -0.7734, 0.0224, 0.6531, 0.3422, 0.1295, -1.0693, 0.0068]",-15.9232,0.7119,BILL-861802,12-94,1.7.33,20.0995,BFTS,"[1.68, 73.62]",CC BY 4.0,Rev.,9325,238 days,-39.948421,tenant-029,09:00:37,BILL-196657,0.058,"[0.5577, 0.6553, 0.0821, 0.4277, 0.3392, 0.834, 0.7653, 0.4329]",4.24,0.06,0.2237,0,Social Media,Basic,4.15,Daily at 2am,7955.9606,Fe2O3,JWM,Taylor et al. (2013),"[-0.249, -0.0745, -1.6583, 1.9976, 0.8848, -0.57, -0.0061, -0.6146]","[-1.4711, 0.2102, -1.5543, 0.2135, 1.779, 0.6658, -1.6069, 2.1599]",C6H12O6,"$49,685",RFC 3339,90.3,0.0282,"[0.3388, 0.8048, 0.529, 0.3067, 0.5309, -0.0153, -0.4577, -0.2395]",5.13%,"[-2.27, 1.9102, 0.3178, -0.9784, 1.074, 0.9987, 0.1769, 0.1898]",+55,-12.1,4-75,H2O,8453,878,0.1972,-45.0647,2b358384-c564-4b85-a150-882e34547206,5489.285,8245,20 10 * * *,XXL,0.4197,batch-20180701-23
8101,C6H12O6,1,0.2695,-802.9681,failed,9.05%,7094,0.48,1562 shares @ $56.24,0.3147,94.3,0,-459.9741,"[-0.2429, 0.9399, 0.1916, -0.4395, -0.0194, 0.3327, 0.5443, 0.1834]",-41.2915,INV-786047,30740.3,0,"[0.9588, 0.385, 0.6792, 0.3658, 0.7066, 0.4151, 0.319, 0.4107]",62.33,4768.4602,08/25,90.84,ISO-8859-1,788.92,"[0.2833, 0.1529, -0.0143, 0.8549, -0.1308, -0.1253, -0.7294, -0.021]",39.5692,48.8784,Male,34.2246,9406,34.7597,"[-0.7662, -0.2108, 0.4186, 0.7413, 0.8286, -0.006, -0.2522, -0.9675]",2.6529,-0.1981,BILL-420540,17-80,2.1.68,29.9962,RDX,"[8.85, 80.04]",GPL-3.0,Mrs.,4431,167 days,-22.744145,tenant-050,09:07:57,BILL-634181,0.5482,"[0.824, 0.0059, 0.5549, 0.6671, 0.7543, 0.7639, 0.9923, 0.0641]",55.95,67.22,0.7009,1,Social Media,Free,13.09,Weekly on Monday,3806.0505,Fe2O3,NCH,Smith et al. (2010),"[0.5902, 0.0585, 2.2673, -0.0845, 1.2007, 0.5833, 0.3475, -1.513]","[-0.1225, -0.9293, 0.0481, 1.93, 0.5216, 0.0044, 1.8552, 0.7634]",NaCl,"$40,335",ISO 8601,95.73,0.9912,"[0.352, 0.3013, -0.7814, 0.4344, -0.3146, -0.9111, 0.4834, 0.7432]",49.16%,"[-0.086, 1.724, 0.8047, -1.4935, -2.8166, 0.0071, -0.4657, -1.0519]",+61,-10.4,19-65,C6H12O6,2659,917,0.0384,30.5865,04099db6-4bc7-40bb-aec9-fd18e42abfe2,9199.7074,321,32 23 * * *,L,0.8993,batch-20210208-30
3389,C6H12O6,false,0.5284,7762.1168,active,31.84%,4678,51.86,3428 shares @ $70.98,0.3179,18.4,1,8575.1119,"[-0.3385, 1.2304, 0.2298, 0.4071, -0.0309, 0.0247, -0.4676, 0.0463]",24.0865,INV-672147,15675.7,1,"[0.1869, 0.6363, 0.5328, 0.0123, 0.0196, 0.3695, 0.6267, 0.5685]",61.88,2080.788,02/29,7.36,ASCII,687.5,"[0.098, -0.5228, -0.1993, -0.6758, -1.2426, -0.0421, -0.4785, 0.2598]",74.8466,2.1753,Male,28.5299,7462,3.8483,"[-0.298, -0.687, 0.1439, -0.2926, 1.3682, 0.0671, 0.1889, -0.1726]",-44.3515,0.8614,BILL-839865,28-65,5.1.71,41.3221,ERCW,"[25.24, 94.86]",CC BY 4.0,Hon.,2040,55 days,-50.621845,tenant-047,22:02:48,BILL-636989,0.4817,"[0.3134, 0.1142, 0.0637, 0.6966, 0.8584, 0.3913, 0.239, 0.4689]",74.34,46.35,-0.0208,0,Chat,Enterprise,0.31,Weekly on Monday,8336.8341,Homo sapiens,FGX,Williams et al. (2023),"[-2.3163, 0.706, -0.4774, 2.2523, -0.6184, 2.1332, -1.0829, -0.0884]","[1.018, -0.7193, 0.8009, -0.0506, -0.7708, -0.836, 0.0536, -1.8805]",Homo sapiens,"$28,468",ISO 8601,40.69,0.6502,"[1.2305, -0.5872, -0.3665, -0.5653, -0.1418, 0.1748, 1.4184, 0.3779]",7.76%,"[-0.6745, 0.6896, 0.9945, -0.9259, 0.63, 2.1449, 1.2532, -0.2571]",+44,7.8,42-51,Homo sapiens,1613,997,0.2175,-67.5686,d191d35a-d8cb-4b95-b887-5f5931f000e1,8931.1597,9876,36 5 * * *,S,0.8681,batch-20251003-22
935,Homo sapiens,false,0.7902,8873.3206,failed,-27.58%,5455,25.65,3137 shares @ $186.15,0.7733,91.7,0,7600.7981,"[0.1412, 0.1803, -0.7303, 0.3891, -0.1008, 0.3182, 0.0673, -0.3382]",-96.2091,INV-510208,33506.0,1,"[0.4852, 0.2417, 0.446, 0.1787, 0.8484, 0.2665, 0.6363, 0.2431]",50.86,2960.6585,03/24,47.08,UTF-16,565.5,"[0.0118, 0.797, -0.3802, -0.2734, 0.2171, 0.3526, 0.9699, -0.5218]",26.3309,18.5153,Male,0.9157,3562,15.7239,"[0.2326, 0.3145, 0.1093, -0.4433, -0.4365, -0.17, -0.2769, 1.2824]",-4.7935,-0.7682,BILL-306594,31-90,3.4.14,11.8176,BXD,"[20.21, 74.69]",Apache-2.0,Rev.,795,32 days,43.577847,tenant-035,08:28:40,BILL-328217,0.1201,"[0.604, 0.6564, 0.1115, 0.18, 0.7432, 0.6569, 0.4069, 0.6942]",82.36,87.21,-0.1884,0,Web,Premium,76.18,Every 15 minutes,3671.4465,E. coli,RJX,Brown et al. (2011),"[1.3499, -0.6591, 1.2705, 0.56, 0.1739, 0.1743, -1.7183, -0.9634]","[-1.0528, -0.6313, 0.065, -2.1507, 0.2598, 1.7707, -0.6895, -0.8195]",E. coli,"$44,727",POSIX,71.06,0.4097,"[0.017, 0.2142, 0.4676, 0.5079, -0.7451, 1.0974, -0.3097, 0.3251]",25.02%,"[-3.0914, 0.4023, -0.5221, 2.7983, 0.0955, 0.6164, -0.168, -0.0711]",+49,7.5,0-91,H2O,4747,848,0.7305,16.6955,b0389b38-e5b8-4f6b-9667-b21a562cec83,4634.0437,3579,"36 3 * * 0,6",XXL,0.8581,batch-20210612-12
1535,NaCl,false,0.1107,8214.0808,rejected,1.34%,5134,44.87,2115 shares @ $335.75,0.8968,99.4,0,5497.0141,"[0.3222, -0.4189, 0.3634, 0.062, 0.2019, -0.7068, 0.2637, -0.717]",-76.8559,INV-327262,44384.9,0,"[0.1993, 0.5235, 0.6278, 0.5427, 0.7318, 0.7444, 0.488, 0.8141]",14.76,4579.9081,02/26,50.2,Latin-1,448.49,"[-0.403, 0.202, -0.2214, 0.5297, 0.0434, -0.033, -0.0276, -0.4488]",97.176,33.9441,Female,42.0479,294,78.5061,"[-0.3264, 0.109, -0.8537, -0.0898, -0.1304, 0.8918, 0.1005, -0.2891]",-36.8634,-0.8941,BILL-581447,40-67,5.18.45,1.3461,ITR,"[11.82, 99.99]",CC BY 4.0,Ms.,2927,356 days,0.05758,tenant-040,18:05:18,BILL-786912,0.3289,"[0.885, 0.6416, 0.3733, 0.4485, 0.7561, 0.2388, 0.5917, 0.336]",60.49,64.68,-0.7845,0,Email,Premium,71.94,Monthly on 1st,6309.3919,C6H12O6,IDW,White et al. (2026),"[-0.1533, 0.1542, -0.2855, -2.6044, -0.2276, -0.4713, -0.2754, -1.2347]","[0.5497, 1.9858, 2.849, 3.2132, -0.0248, -1.072, 0.4654, 0.1314]",E. coli,"$27,024",RFC 3339,27.99,0.2489,"[0.5193, -0.3979, 0.9215, -0.0826, -0.4848, 0.0598, -0.7793, -0.3472]",-12.18%,"[0.2269, 0.8629, 0.2139, -0.0871, -1.0065, 0.3171, 0.9841, 0.0572]",+1,3.8,6-84,Homo sapiens,4241,505,0.6581,-40.3126,e3621663-2129-4203-b401-52df8cddf48e,5199.1399,5979,52 23 * * *,L,0.7727,batch-20250218-67
7485,Fe2O3,0,0.0905,3095.866,rejected,31.58%,6705,51.7,2076 shares @ $181.61,0.4897,0.3,1,2946.3159,"[-0.0598, 0.095, -0.2648, 0.6952, -0.4715, 0.2893, 0.1057, 0.9262]",-42.3361,INV-692189,28957.4,0,"[0.2211, 0.3134, 0.688, 0.8156, 0.092, 0.0654, 0.179, 0.2174]",53.69,7210.5365,09/27,50.04,UTF-16,188.38,"[-0.758, -0.053, 0.1322, -0.3869, -0.2062, -0.107, -0.0245, -1.1307]",-73.4995,13.7665,Male,20.3045,2890,99.653,"[0.156, -0.1412, 0.735, 0.6359, 0.2598, 0.7596, 0.7051, 0.4287]",-81.975,0.7805,BILL-814506,38-81,0.8.80,26.1801,LKIR,"[35.45, 65.52]",CC BY 4.0,Prof.,7556,313 days,35.081676,tenant-005,21:07:57,BILL-435263,0.5221,"[0.9679, 0.8811, 0.0525, 0.2131, 0.9053, 0.3763, 0.9323, 0.476]",30.81,93.89,0.3528,1,In-Store,Free,90.37,Weekly on Monday,56.4285,H2O,IFU,Robinson et al. (2003),"[-2.1569, 0.6163, 2.933, -0.1128, 0.2024, -1.2302, 2.3197, 0.0249]","[-0.1363, 1.3653, -0.9209, -0.5358, -1.1139, -0.5772, 0.3669, 0.4445]",H2O,"$9,556",ISO 8601,46.76,0.8878,"[0.1533, -0.1586, 0.275, 0.3031, -0.2102, 0.6327, 0.5287, 0.2873]",-43.07%,"[-0.55, 0.8831, -0.0646, 1.699, -0.5544, 1.587, -1.0006, 0.5161]",+44,-31.4,18-73,H2O,6366,752,0.8038,-40.3777,6aa3a390-a270-4ae3-b599-0e9266f26bd3,-779.2059,1291,43 22 * * 1-5,L,0.235,batch-20221205-51
8554,Fe2O3,1,0.7967,6083.0158,completed,-35.45%,169,21.81,4436 shares @ $244.73,0.7412,50.8,0,-413.2981,"[-0.2719, -0.1166, -0.7533, 0.3733, -0.0564, 0.6056, 0.1321, -0.3187]",47.9821,INV-781425,29818.7,0,"[0.5793, 0.4784, 0.3972, 0.4822, 0.6357, 0.9417, 0.8333, 0.4249]",19.7,2414.1819,05/29,61.45,Latin-1,868.59,"[-0.2602, 1.3739, -0.7028, 0.4575, 0.5313, 0.4852, 0.0492, 0.1601]",14.3572,43.9603,Female,24.7335,9868,-39.5647,"[-0.3633, 0.0068, -0.4033, -0.0916, 0.0173, -0.298, -0.4688, 0.5749]",-75.2292,0.3882,BILL-361991,44-90,3.0.23,37.97,ZJZ,"[35.57, 85.47]",CC BY 4.0,Rev.,1851,195 days,-0.053814,tenant-039,16:45:10,BILL-325025,0.0981,"[0.3126, 0.0729, 0.2636, 0.0494, 0.9297, 0.5985, 0.4889, 0.7923]",17.51,65.9,0.6164,1,In-Store,Premium,59.69,Daily at 2am,4170.2326,E. coli,LGX,Brown et al. (2015),"[-0.3865, -0.8974, -1.7616, -0.9395, -2.0592, 1.1568, 0.7992, 1.5457]","[1.9421, -2.7092, 0.0774, 0.3114, -0.0388, 1.2322, -0.9454, -0.2798]",NaCl,"$45,957",RFC 3339,3.92,0.0874,"[0.2452, -0.4586, -0.2792, 0.2176, -0.0239, 0.1842, -0.1678, -0.5501]",-30.66%,"[-0.4783, 0.5959, 1.3921, 1.0913, -1.6692, -0.66, 1.061, 0.1911]",+55,-10.7,36-80,Fe2O3,6428,652,0.3381,10.7773,34753ff3-e94f-4b52-a301-953cdfcb06e1,5727.8591,7061,"46 5 * * 0,6",XXL,0.5777,batch-20190626-52
7248,H2O,false,0.7023,5926.8211,inactive,49.46%,9697,45.48,1682 shares @ $62.59,0.9107,16.9,0,4627.2057,"[-0.0667, 0.1794, 0.1015, -0.1828, -1.0035, -0.2886, -1.0295, 0.2333]",83.1697,INV-426322,18895.1,0,"[0.0918, 0.1191, 0.1636, 0.5664, 0.3345, 0.6334, 0.1056, 0.9865]",16.07,-644.2837,01/30,47.72,ISO-8859-1,242.05,"[-0.2399, -0.3131, -0.2292, -0.5413, 0.0374, -0.4186, -0.008, -0.6883]",-78.0351,2.1955,Male,20.1811,4166,44.7598,"[-0.2933, 0.5181, 0.0793, -0.2649, -0.0562, -0.1984, -0.1338, 0.1579]",35.5539,0.5398,BILL-445755,24-97,0.13.84,24.4296,UQ,"[11.65, 79.9]",GPL-3.0,Ms.,7809,239 days,-86.847748,tenant-032,02:52:53,BILL-775687,0.4173,"[0.6054, 0.1066, 0.4627, 0.9358, 0.2426, 0.0988, 0.9155, 0.3626]",50.24,44.46,-0.8261,1,Email,Basic,7.0,Every 15 minutes,9407.7137,C6H12O6,LUO,Johnson et al. (2004),"[-0.4971, -1.3622, -1.0926, 1.4334, -0.5222, 0.0836, -0.2269, 0.2016]","[1.1224, 0.6235, 0.4554, 0.3788, -0.9777, 0.0424, 0.378, 0.4832]",H2O,"$12,928",IEEE 754,61.63,0.4966,"[-0.1574, 0.6853, 0.1536, -0.4596, -0.2169, -0.1177, 0.783, 0.0405]",-3.71%,"[-0.4209, 1.9765, -1.4052, -0.4001, 2.809, 0.2536, 0.3466, 1.4009]",+1,-32.8,27-66,Fe2O3,2454,215,0.4027,62.7315,c35c89c5-52d6-4762-9586-5fa1ac864739,2158.5397,9324,"5 14 * * 0,6",L,0.9585,batch-20181009-74
9226,Fe2O3,false,0.6324,9661.3295,cancelled,6.05%,4995,4.47,1275 shares @ $131.11,0.4543,24.9,1,2133.3056,"[0.4919, -0.233, 0.0528, 0.5227, -1.3756, 0.6357, 0.8691, -0.277]",73.8236,INV-160475,35698.4,1,"[0.3382, 0.2359, 0.0125, 0.7801, 0.8313, 0.1373, 0.3234, 0.9704]",60.84,4490.4997,05/27,78.97,UTF-16,783.83,"[-0.3006, -0.0475, -0.0249, -0.2687, -0.2563, -0.1086, 0.1417, -0.3032]",64.4852,15.2337,Unisex,31.0667,3036,-48.9622,"[-0.3851, 0.1657, -0.1263, -0.3535, -0.1233, -0.3234, -0.3388, 0.1825]",42.4134,0.213,BILL-548248,8-82,4.19.87,38.6755,BBT,"[27.08, 79.16]",Apache-2.0,Mrs.,4332,245 days,22.088231,tenant-046,12:03:19,BILL-303752,0.1658,"[0.779, 0.6127, 0.2644, 0.9967, 0.9486, 0.7749, 0.4431, 0.5068]",92.89,2.35,-0.6564,1,Chat,Standard,86.57,Monthly on 1st,6269.0042,E. coli,RDO,Clark et al. (2026),"[-1.1224, 1.4082, -0.5676, 0.1617, -0.1995, -0.238, -0.1355, 1.059]","[0.0583, -2.0699, -0.091, 0.7521, 1.1633, 0.9456, -0.9643, 0.5705]",C6H12O6,"$27,689",IEEE 754,15.4,0.9521,"[0.8826, -0.6424, 0.141, 0.4286, -0.0164, 0.0352, 0.4462, -0.5829]",37.93%,"[-0.9917, -0.0628, -0.2049, -0.6495, -0.5102, 0.7364, -0.587, -1.131]",+49,3.4,44-93,H2O,6162,946,0.243,-49.9418,472823ec-76c0-4ec3-8806-8a9667eafa3e,6569.0523,9236,29 14 * * *,XXL,0.3043,batch-20200718-86
6113,NaCl,1,0.4531,3355.1161,pending,46.77%,4042,68.57,3083 shares @ $138.8,0.9124,23.0,1,5540.4981,"[-1.1826, 0.6753, -0.3475, 0.156, 0.9163, 0.157, -0.112, -0.5472]",21.7698,INV-403784,44825.2,1,"[0.7499, 0.8282, 0.3592, 0.9103, 0.7844, 0.2915, 0.3902, 0.4996]",90.65,9762.4267,10/26,1.05,ISO-8859-1,380.04,"[-0.7503, -0.8111, 0.5096, 0.0643, -0.6214, -1.246, -0.3599, -0.6105]",-74.7598,5.0659,Female,13.1446,2961,27.9159,"[0.5625, -0.026, -0.2947, 0.4551, 0.3265, -0.4889, -1.0548, 0.8302]",36.8037,0.2605,BILL-197879,1-69,1.16.86,30.7253,RNIE,"[30.66, 94.52]",GPL-3.0,Hon.,1891,77 days,48.63376,tenant-002,05:27:32,BILL-799981,0.8838,"[0.2324, 0.5808, 0.3255, 0.2509, 0.2349, 0.9881, 0.7392, 0.9953]",91.81,45.58,-0.7174,1,In-Store,Trial,75.67,Weekly on Monday,7618.5728,Homo sapiens,EYE,Jones et al. (2020),"[-1.693, 1.1865, -0.443, -0.3615, -0.7316, -1.6038, -0.7034, 1.549]","[1.3596, -2.0258, -1.9245, -2.5914, 0.9651, -0.9336, -1.4538, -1.093]",H2O,"$43,737",W3C Date,85.2,0.8889,"[-0.7788, -0.1034, -0.6425, -1.1077, -0.0284, 0.413, -1.2786, -0.6012]",-4.7%,"[-1.7317, -0.0975, 0.6026, 1.0456, -0.3037, -0.0715, 0.0466, -0.1052]",+91,-2.7,43-91,C6H12O6,437,745,0.1966,-88.1761,f00d53b4-f4b1-4a7a-bd80-5b583348bfac,7379.8731,6119,35 7 * * 1-5,M,0.4505,batch-20240314-82
3795,Homo sapiens,true,0.1653,9333.1321,active,31.61%,3433,48.02,2182 shares @ $52.47,0.193,97.4,0,9185.8822,"[-0.3737, 0.5787, -0.3868, -0.5305, -0.1262, -0.6331, -0.3042, 1.4394]",3.3699,INV-235111,17450.1,0,"[0.1131, 0.5251, 0.6827, 0.373, 0.4877, 0.7477, 0.6165, 0.1038]",43.5,-410.1068,05/24,45.1,ISO-8859-1,287.3,"[-0.4838, -0.4525, -0.7532, -0.6736, 0.9654, 0.4926, 0.2976, 0.3917]",-23.6285,32.301,Male,29.8661,6094,-50.2273,"[-0.4601, 0.0851, -0.6752, -0.5908, -0.3922, 0.5091, -0.1738, -0.2999]",83.4818,0.0902,BILL-270434,22-86,1.20.75,41.1104,QUN,"[38.44, 74.91]",GPL-3.0,Ms.,5894,281 days,34.184565,tenant-032,04:30:36,BILL-587800,0.9888,"[0.257, 0.4943, 0.5591, 0.0175, 0.0061, 0.8541, 0.7424, 0.5302]",54.95,63.77,-0.0266,1,Mobile,Premium,81.36,Monthly on 1st,1566.875,E. coli,WRQ,White et al. (2000),"[0.0983, 0.7668, -0.9221, 1.4145, -1.5998, -0.479, -1.4307, 0.4214]","[-0.1599, 0.2908, -0.1127, -2.2853, -0.0303, -0.4259, -0.3893, -0.5389]",H2O,"$43,813",ISO 8601,99.61,0.0911,"[-0.8247, -0.3819, -0.2523, 0.0973, 0.7241, -1.0215, 0.0666, -0.5592]",-42.42%,"[0.4037, -0.0907, 0.208, -1.4632, -1.2358, 0.8252, 0.4482, -0.1036]",+86,10.4,25-90,H2O,1820,950,0.9702,1.4823,d3e610d4-3ccb-4973-af9f-73001e0b563c,7287.6596,6713,"50 13 * * 0,6",M,0.0733,batch-20260731-04
6754,NaCl,1,0.418,2596.7996,cancelled,19.14%,5169,31.79,1882 shares @ $294.28,0.5737,94.5,0,5092.2222,"[-0.1344, 0.124, -0.0256, 0.0917, -0.1122, -0.1564, -0.6467, -0.3871]",-62.4726,INV-233558,35240.7,1,"[0.3826, 0.6254, 0.4694, 0.4843, 0.7313, 0.4412, 0.2935, 0.0954]",75.81,5291.0613,08/30,89.46,ASCII,13.28,"[-0.2723, -0.3649, -0.5613, 0.4566, 0.5307, -0.3618, -0.3106, -0.8274]",7.3767,2.1708,Male,10.1414,6033,-82.8239,"[-0.1439, 0.8311, 0.9256, 0.9082, 0.755, 0.5296, -0.3871, -0.0649]",65.4178,0.5241,BILL-411056,49-71,1.18.18,0.5157,MES,"[34.87, 61.56]",MIT,Mr.,6047,285 days,-86.715343,tenant-050,07:13:34,BILL-245448,0.0505,"[0.5967, 0.1175, 0.8072, 0.7323, 0.9043, 0.9313, 0.2726, 0.3571]",13.86,91.96,-0.3978,0,Email,Basic,96.91,Daily at 2am,5593.3159,E. coli,OOP,Miller et al. (2016),"[-0.562, 0.3175, 0.8666, 1.7156, -1.3388, 0.1593, 0.0232, -0.0232]","[0.3248, -0.4596, 1.0159, 0.6376, -1.9318, 1.1437, 0.041, -0.7292]",Homo sapiens,"$12,825",W3C Date,79.65,0.2563,"[0.9282, 0.4552, -0.3438, -0.3301, 1.02, 0.058, 0.0453, -0.4097]",-7.44%,"[0.4537, -0.9337, 0.4912, 1.0985, -1.093, 1.2819, -0.6098, -0.5542]",+49,19.3,3-64,Homo sapiens,6523,701,0.2326,-25.5648,9aa914b3-f63f-497d-a1e8-90a15e9813f1,9444.3591,5676,"1 20 * * 0,6",XS,0.4622,batch-20260610-63
1264,C6H12O6,false,0.3304,5193.2734,inactive,2.4%,7462,62.83,3448 shares @ $288.17,0.7298,63.5,0,359.0431,"[-0.4074, 0.2785, -0.058, 0.4298, -0.0059, 0.5112, -0.9471, -0.3787]",19.6923,INV-926743,38189.3,1,"[0.1907, 0.9427, 0.2307, 0.8146, 0.4625, 0.49, 0.7572, 0.6282]",65.58,1692.0557,11/26,67.35,UTF-16,818.16,"[0.4418, -0.0446, -0.0942, 0.9286, -0.3853, -0.6845, 0.8616, -0.1004]",63.6352,39.7333,Male,25.5269,270,-44.2034,"[-0.1062, -0.0801, 0.352, -0.6602, -0.5548, -0.9347, -0.6203, -0.3062]",99.973,0.1639,BILL-113441,31-78,2.4.36,37.3059,AM,"[18.55, 68.63]",BSD-3-Clause,Mr.,8325,265 days,88.660813,tenant-038,23:29:58,BILL-178150,0.6506,"[0.8352, 0.4424, 0.1934, 0.4398, 0.1085, 0.7496, 0.6779, 0.3313]",78.87,43.67,-0.35,0,Chat,Basic,22.3,Monthly on 1st,9711.8282,H2O,DWE,Clark et al. (2000),"[0.6349, 1.2256, -0.1899, -0.413, -0.3624, -1.3559, -1.7057, -1.2345]","[-0.4832, 0.9946, -0.773, -0.7085, -0.6379, -0.26, 1.0633, -1.4952]",NaCl,"$49,482",RFC 3339,0.41,0.7801,"[0.0762, 0.8847, 0.4003, 0.0127, -0.1427, -0.9917, -0.0962, 0.2399]",-0.53%,"[1.3702, -2.7247, -1.5449, -1.6422, -0.8737, -0.2097, 0.0543, -0.7784]",+61,38.9,47-98,Fe2O3,6997,59,0.8225,-2.4413,679a7e26-2b31-4643-8d3f-fc288265184b,9116.5687,6093,"57 15 * * 0,6",M,0.0228,batch-20200815-12
9270,NaCl,no,0.1708,-953.5882,cancelled,-2.16%,1095,32.73,1349 shares @ $479.35,0.1639,55.2,1,6438.2911,"[1.0011, -0.0725, -0.0942, -0.3778, 0.479, 0.3412, 0.2081, 0.8379]",23.9625,INV-655478,6194.4,0,"[0.3353, 0.5728, 0.1541, 0.7644, 0.76, 0.8946, 0.1166, 0.6603]",43.96,3292.4622,06/27,50.37,Latin-1,309.29,"[0.3744, -0.8076, -0.6073, 0.131, 0.7902, -0.5069, 0.5294, -0.6142]",56.5318,7.5709,Female,6.5012,8720,60.2579,"[0.6145, -1.0965, -0.615, 0.5433, -0.4655, -0.4494, 0.1257, 0.0158]",-7.3085,0.4304,BILL-963457,20-72,2.10.47,23.8212,UJVK,"[31.13, 82.6]",CC BY 4.0,Dr.,1125,290 days,5.172638,tenant-031,04:32:31,BILL-841976,0.857,"[0.0252, 0.923, 0.0133, 0.5096, 0.8023, 0.5654, 0.0539, 0.3246]",34.59,84.27,0.063,0,Web,Trial,2.35,Daily at 2am,8995.663,NaCl,BXO,Jackson et al. (2026),"[-0.5934, -2.2865, -3.0056, -0.1349, -0.9746, -0.302, 1.3137, 0.6168]","[0.4626, -0.1387, 0.5208, -0.3079, 0.1945, -2.6787, 0.6711, -0.5471]",E. coli,"$22,128",ISO 8601,23.99,0.4984,"[-0.489, 0.7437, 0.2187, 0.0361, 0.3655, -0.3907, 0.6674, -0.2477]",-16.67%,"[-0.1829, -0.8522, -2.422, -1.4303, -1.0766, 0.904, -0.9843, -0.8678]",+55,7.9,26-57,Homo sapiens,839,170,0.8165,-25.6954,65390dd0-5889-47cd-b75b-dd5e06e3abca,6128.6934,2813,13 12 * * *,XS,0.2237,batch-20220308-65
3685,C6H12O6,1,0.0102,5891.7534,cancelled,18.19%,3676,33.26,2034 shares @ $31.5,0.207,81.0,0,8155.0783,"[-0.4402, 0.4414, -0.5714, -0.1916, 0.4644, 0.076, -0.568, -0.6759]",-71.2757,INV-366867,33751.1,0,"[0.6858, 0.378, 0.771, 0.0711, 0.2438, 0.0308, 0.9519, 0.0221]",73.78,9132.4681,08/30,80.02,ISO-8859-1,747.22,"[0.3032, -0.4618, -0.3757, -0.1646, 0.0303, 0.3501, 0.1256, -0.1895]",89.2182,10.9215,Unisex,44.1814,5430,39.2939,"[-0.4564, 0.5846, -0.5436, -0.4048, 0.3039, -0.28, 1.1173, 0.7576]",22.306,-0.9792,BILL-743040,44-97,0.3.72,22.5847,NC,"[9.22, 62.44]",GPL-3.0,Prof.,8487,311 days,81.791973,tenant-010,08:29:57,BILL-583984,0.8514,"[0.767, 0.2716, 0.4645, 0.2726, 0.1388, 0.0065, 0.4381, 0.9714]",95.23,99.3,0.7473,0,Mobile,Enterprise,76.55,Weekly on Monday,6398.1732,C6H12O6,GLI,King et al. (2016),"[0.6605, 0.5201, 0.1838, 0.4793, -0.3535, 0.6765, -1.0853, -0.2675]","[0.2178, -0.9507, -0.9987, -3.188, 1.6407, 1.1653, 1.3826, 1.07]",C6H12O6,"$18,550",RFC 3339,86.25,0.8164,"[0.1856, 0.001, 0.6006, 0.0703, -0.6209, 0.9947, -0.3211, -0.0134]",7.17%,"[0.1073, 0.5052, -0.3167, 1.1505, -0.2559, 0.5922, 0.554, 0.1321]",+61,36.4,13-72,Homo sapiens,7215,648,0.7324,-19.5946,eed3c527-f6c3-420b-aa14-20e89eeda4a8,-616.8755,4503,3 3 * * *,S,0.6215,batch-20210729-40
6417,NaCl,true,0.9101,5125.5963,inactive,-2.98%,2695,19.59,254 shares @ $191.31,0.0939,34.4,0,8526.0443,"[0.3759, -0.2864, -0.6326, 1.5682, -0.3426, 0.2528, -0.6023, -0.5377]",-28.6701,INV-927054,31588.7,1,"[0.5218, 0.4619, 0.7178, 0.1064, 0.1773, 0.9651, 0.5958, 0.1376]",74.46,-641.6787,11/25,93.61,UTF-8,207.1,"[-0.2938, 0.2812, -0.656, -0.6929, 0.0913, -0.3736, -0.3871, -0.7132]",6.1953,30.5987,Female,6.6006,2569,97.2723,"[-0.5003, -0.5438, -0.469, 0.4283, -0.1651, 0.6216, -0.274, 0.6636]",-68.156,-0.6413,BILL-755462,11-65,4.6.21,26.9014,TRT,"[19.35, 79.8]",Apache-2.0,Rev.,7874,278 days,77.347193,tenant-014,08:02:43,BILL-498598,0.1801,"[0.6244, 0.1281, 0.6399, 0.6908, 0.0358, 0.505, 0.9826, 0.5566]",40.21,21.08,-0.6264,0,Web,Premium,71.86,Monthly on 1st,4949.9119,NaCl,PIA,Lee et al. (2011),"[1.0912, 0.7591, 0.7201, -0.3687, -0.1133, 0.0111, -1.6213, -0.7276]","[-1.4127, 0.7132, 0.7984, 0.9921, 0.6008, 2.2636, 1.2343, 0.6321]",C6H12O6,"$48,409",POSIX,34.27,0.5405,"[0.183, -0.2313, -0.8828, 0.2091, 0.1039, -0.1894, -0.1894, 0.0057]",-32.44%,"[0.1535, 0.6006, -0.1012, 0.7157, 1.0958, -0.0822, 0.7788, 0.3026]",+49,3.5,29-68,Homo sapiens,5981,115,0.8071,-66.0032,7db57a30-201f-4c52-af6f-554aa903b7e9,7501.6803,5481,"11 2 * * 0,6",L,0.902,batch-20210822-64
5384,NaCl,1,0.9117,-789.9693,inactive,48.25%,6593,24.87,1837 shares @ $101.55,0.4332,60.0,0,9450.8925,"[0.8257, -0.319, 0.0087, -0.1066, -0.0534, -0.0039, 0.3022, -0.2708]",-1.7634,INV-686922,19778.0,0,"[0.1315, 0.4885, 0.5525, 0.7277, 0.9881, 0.5321, 0.5396, 0.467]",2.18,2662.8839,03/24,76.13,ASCII,233.92,"[0.6315, 0.9187, -0.4822, -0.3903, 0.1892, 0.3632, 0.1156, 0.303]",-53.4422,20.5652,Male,10.8251,5418,20.0909,"[0.2727, 0.2106, -0.0747, -0.1454, 0.1365, -0.0335, -0.0638, -0.5947]",36.9398,-0.1793,BILL-809433,7-99,2.1.31,16.8701,GQJ,"[17.15, 64.42]",GPL-3.0,Mr.,2704,337 days,-88.690559,tenant-026,01:58:41,BILL-395881,0.8229,"[0.216, 0.8491, 0.3181, 0.8007, 0.6441, 0.8005, 0.8901, 0.7994]",94.55,95.01,-0.2628,0,Mobile,Enterprise,46.57,Weekly on Monday,4632.0538,Homo sapiens,FEC,Rodriguez et al. (2011),"[-1.2857, -0.5682, 1.9643, -0.1938, -0.9664, 0.2405, 1.1687, -1.0107]","[-0.1255, 0.51, -0.3327, 0.5316, 0.1748, 1.6897, -0.4615, -0.1543]",C6H12O6,"$25,675",W3C Date,86.7,0.1196,"[0.4613, -0.2107, -0.1804, -0.1238, 0.0568, -0.0378, -0.0163, 1.1849]",-39.83%,"[0.4092, 0.9998, -0.1654, -0.0229, 1.2426, -0.2609, 0.2439, -0.718]",+44,41.5,8-86,H2O,6134,971,0.0911,44.9802,080bedac-ec59-47f0-afe9-95bbd5162797,-576.1737,6735,59 19 * * 1-5,XS,0.8017,batch-20211123-48
884,E. coli,1,0.3311,3632.1452,inactive,-10.36%,3444,90.3,4434 shares @ $489.83,0.4592,88.6,1,6093.8902,"[0.3151, 0.1038, -0.1596, 0.3409, 0.7186, -0.6027, -0.2407, 0.2091]",50.556,INV-711813,22800.5,1,"[0.5867, 0.1378, 0.6677, 0.4926, 0.573, 0.294, 0.2373, 0.2634]",18.21,2026.5221,04/30,49.48,ASCII,988.08,"[0.0836, -0.0657, 0.1804, -0.0334, 0.1377, 0.2785, -0.4589, 0.1155]",54.1277,40.5802,Female,41.615,4437,88.0346,"[-0.2103, -0.0385, -0.0443, -0.9849, 0.2115, -0.5554, 0.1293, 0.2016]",-66.2794,-0.2115,BILL-330744,5-93,0.17.6,9.9479,DAB,"[15.9, 78.43]",BSD-3-Clause,Ms.,4288,179 days,25.314767,tenant-031,17:12:54,BILL-973600,0.1667,"[0.7064, 0.3398, 0.9495, 0.425, 0.8263, 0.3037, 0.8085, 0.1447]",78.86,79.33,0.5383,1,Email,Enterprise,72.67,Monthly on 1st,7652.5336,C6H12O6,VPV,Davis et al. (2025),"[-1.357, -0.0965, 0.0885, -1.0812, -1.0257, -0.1036, -0.0419, 0.3136]","[1.5451, -0.361, -0.0343, -1.453, -1.3463, 0.4789, -0.9296, 0.0275]",NaCl,"$47,403",POSIX,99.57,0.1273,"[-0.0615, -0.4513, -0.1628, -0.0441, 0.4371, -0.4022, -0.7432, -0.1496]",41.48%,"[1.2303, -2.4864, -1.0036, 1.1733, 0.5871, -1.7821, -0.4172, -0.1653]",+44,-35.8,35-82,H2O,347,385,0.9781,-45.8943,7471736f-6bf3-4518-9536-f9f31f7eefb0,8882.855,9773,22 19 * * *,S,0.9001,batch-20190304-71
4299,NaCl,0,0.0826,5849.8948,failed,-45.66%,9803,22.18,3112 shares @ $471.97,0.0897,68.3,0,6466.7126,"[-0.5883, -0.1133, -0.2954, -0.032, -0.1523, -0.1876, -1.1711, -0.6298]",65.8839,INV-671760,15284.7,0,"[0.0145, 0.0094, 0.8504, 0.5612, 0.88, 0.2346, 0.6369, 0.9958]",90.85,8544.8325,04/27,99.34,UTF-8,395.54,"[0.9564, -0.118, 1.2643, -0.4553, 0.1321, -0.4663, -0.6618, -0.1136]",-47.5826,43.0834,Female,13.3279,9462,-86.9404,"[0.7321, 0.7817, -0.2394, -0.7794, -0.3687, 0.3886, 0.5886, 1.0752]",-20.7572,-0.1939,BILL-317926,39-84,0.3.35,11.0631,CKF,"[37.89, 82.01]",CC BY 4.0,Mr.,494,188 days,-81.098118,tenant-027,14:01:59,BILL-151130,0.0977,"[0.2793, 0.9158, 0.5337, 0.8882, 0.1306, 0.6778, 0.4879, 0.7056]",3.24,0.55,0.3472,0,Mobile,Basic,12.51,Daily at 2am,8073.7063,Homo sapiens,TYM,White et al. (2019),"[-0.1024, 0.8391, 0.6021, -2.1609, -1.4329, -2.4885, 1.3495, 0.5242]","[-1.7745, -0.0036, 0.274, 0.1798, -0.7417, 1.4199, 1.0074, 0.4932]",Fe2O3,"$43,022",IEEE 754,7.53,0.7924,"[-0.0365, 0.5013, -0.5738, -0.0886, -0.0832, 0.084, -0.2477, 0.4278]",21.8%,"[-1.5834, -2.0874, 0.6896, -1.6432, 1.1699, -0.0395, 1.4101, -0.9775]",+86,-35.1,35-57,Fe2O3,6139,940,0.3411,-79.1362,52fe17e8-6968-4c26-99b2-b28b7b80d959,-690.069,1873,8 5 * * 1-5,S,0.4758,batch-20251118-02
2259,E. coli,1,0.6655,6851.7613,failed,17.58%,3391,77.79,805 shares @ $446.5,0.7718,22.0,1,6085.5263,"[0.2631, -0.6604, -0.2925, 0.1894, 0.1247, -0.1787, -0.0988, -0.1253]",-44.5706,INV-566870,45888.0,1,"[0.7062, 0.8234, 0.6804, 0.3265, 0.203, 0.3035, 0.6926, 0.3823]",48.62,1754.6589,10/27,19.0,Latin-1,254.4,"[-0.4416, -1.1172, 0.0625, -0.5562, 0.004, 0.156, 0.0862, 0.5929]",-98.4191,3.5604,Female,15.9832,8511,-43.694,"[-0.3521, -0.4468, 0.2352, -0.648, 0.0096, -0.0775, -0.1601, -0.1311]",-89.0852,-0.8171,BILL-461491,18-88,4.18.14,0.8001,GMK,"[38.73, 85.66]",Apache-2.0,Ms.,717,125 days,46.809829,tenant-021,12:40:06,BILL-665795,0.1464,"[0.4357, 0.5522, 0.3591, 0.7696, 0.4918, 0.0378, 0.9652, 0.9553]",79.95,98.28,-0.0696,0,Mobile,Trial,13.22,Daily at 2am,1012.7661,E. coli,EGD,Brown et al. (2007),"[-2.5191, -0.433, 0.0747, 0.8334, -0.7884, -0.8555, -0.6613, -0.1883]","[-0.0555, 0.7499, -0.7022, 0.6501, 0.131, 0.6503, 0.9722, -0.7143]",H2O,"$18,313",ISO 8601,26.53,0.1001,"[0.3063, -0.131, -0.0547, 0.5547, -0.1481, 0.1209, 0.0837, 0.8591]",-27.67%,"[1.8221, -0.3837, -1.1525, 0.2688, 1.3854, 0.5509, -0.0778, -0.86]",+49,21.2,19-99,NaCl,4400,400,0.8087,-3.9328,9510d9bd-6cfb-44cf-b625-51f7fd402a39,7747.4088,9195,"17 15 * * 0,6",M,0.3091,batch-20200617-95
9678,Fe2O3,true,0.9007,3550.7372,failed,-1.03%,3615,81.97,1039 shares @ $254.95,0.979,21.2,0,9248.0955,"[0.3557, 1.0878, 0.2788, 0.1867, -0.3128, 0.7605, 0.1957, -0.6172]",12.7361,INV-901921,23940.5,1,"[0.17, 0.6737, 0.1967, 0.8883, 0.9622, 0.5728, 0.6964, 0.5659]",0.52,5195.4632,09/28,77.34,Latin-1,46.73,"[-0.123, 0.0351, 0.0458, 0.9218, 1.3272, -0.3247, 0.4987, 0.1047]",23.7466,37.4451,Male,30.5141,2035,-48.6221,"[0.6006, -0.536, -0.5026, 0.4707, 0.1326, 0.1098, -0.3523, -0.0846]",71.0369,-0.3717,BILL-844854,16-53,1.19.32,21.9322,WI,"[21.38, 92.59]",Apache-2.0,Prof.,1608,62 days,-49.497132,tenant-040,13:15:07,BILL-405464,0.6653,"[0.8806, 0.6441, 0.8198, 0.7625, 0.8579, 0.5896, 0.7325, 0.8798]",63.65,70.36,0.5065,1,Chat,Basic,64.31,Daily at 2am,8595.8635,Homo sapiens,IRK,Miller et al. (2023),"[-1.594, -0.1114, -1.5999, 0.3671, -0.5959, 0.1787, -0.891, 1.0092]","[-0.7233, 0.8028, -0.0569, 1.1381, -1.6059, -0.8989, 0.8793, 1.1225]",H2O,"$31,177",ISO 8601,69.8,0.8154,"[0.6085, -0.1031, -0.2247, -0.2418, -0.3698, -0.328, 0.3021, 0.3577]",47.85%,"[0.5607, 0.062, 0.0142, -1.5193, -1.2001, 1.0514, 1.2372, 0.7646]",+91,47.2,43-90,C6H12O6,4302,193,0.2281,5.767,f72312bc-0647-4d58-8f80-9110b3b39921,5270.6654,980,19 1 * * 1-5,XXL,0.0738,batch-20251005-54
3541,Fe2O3,true,0.8402,9485.087,inactive,-5.82%,7247,9.74,1102 shares @ $489.75,0.8766,6.6,1,5759.3731,"[-0.0282, 0.7421, -0.688, 1.0379, 0.2439, 0.3848, -0.6874, -0.1786]",-30.2046,INV-354265,284.0,0,"[0.6395, 0.1086, 0.2463, 0.6337, 0.1562, 0.5286, 0.8522, 0.7997]",6.36,4483.3851,02/30,38.15,ASCII,724.21,"[-0.5198, 0.2708, 0.8106, 0.2525, -0.1642, -0.7621, -0.274, 0.6109]",-12.1683,32.0356,Unisex,7.1962,1496,-55.3442,"[0.8804, 0.5088, -0.375, 0.6813, 0.4511, -0.3966, 0.4514, -0.9515]",86.0669,0.3013,BILL-982299,35-58,1.7.63,42.0215,XI,"[30.74, 97.15]",GPL-3.0,Mr.,5842,155 days,-5.216981,tenant-017,21:14:07,BILL-796788,0.3633,"[0.1061, 0.3983, 0.973, 0.441, 0.5668, 0.9539, 0.4061, 0.5942]",66.32,66.87,-0.9262,1,Chat,Free,29.02,Weekly on Monday,8552.5717,C6H12O6,WMZ,Lee et al. (2023),"[-1.4109, -1.7052, 0.042, 0.5356, 0.1287, -1.0931, -1.437, 0.5537]","[0.4153, 0.0124, 0.6181, 0.9682, 0.9802, 0.1365, -0.2435, -1.5694]",C6H12O6,"$28,190",IEEE 754,9.96,0.2912,"[-1.247, -0.4672, 0.0998, -0.0878, 0.8047, -0.5468, 0.5861, 0.4614]",37.16%,"[-0.5337, -0.7149, 0.406, -0.9836, -0.2418, 2.316, 0.6707, -0.2302]",+1,0.2,37-70,NaCl,7598,69,0.6456,25.9965,967504b3-e8a7-4b42-8dc9-2df5cdc1a575,3341.81,3426,27 2 * * 1-5,XL,0.9579,batch-20210928-64
9227,H2O,yes,0.1299,4694.5067,inactive,19.37%,5253,50.33,1967 shares @ $82.94,0.2169,90.0,0,9805.562,"[0.7749, -0.0385, -0.1687, -0.067, -0.2087, 0.546, -0.9577, -0.7951]",-73.4896,INV-773002,18775.7,1,"[0.9009, 0.1788, 0.8102, 0.9353, 0.5192, 0.3237, 0.9915, 0.0826]",13.27,1380.4918,01/26,72.3,ISO-8859-1,755.19,"[0.2464, -0.3183, -0.2301, -0.6674, -0.1628, 0.1945, 0.194, -0.2109]",98.802,32.7949,Male,10.3551,3851,-14.3677,"[0.7522, 1.1807, 0.2971, 0.8395, -0.0983, -0.5461, -0.5451, 0.4763]",51.5613,-0.6636,BILL-285965,44-79,2.15.23,11.4952,BEJW,"[22.37, 91.2]",Apache-2.0,Rev.,7603,137 days,-38.492585,tenant-049,00:09:29,BILL-239152,0.4748,"[0.7705, 0.8328, 0.9159, 0.991, 0.4866, 0.1933, 0.0029, 0.794]",15.86,37.12,-0.9739,1,In-Store,Free,88.3,Daily at 2am,9951.8109,Homo sapiens,YXK,Garcia et al. (2005),"[0.9728, 0.9097, 1.0478, 0.996, -1.311, -1.5347, 1.8373, -0.3439]","[0.1419, 0.1702, -1.2568, 0.0526, 0.1325, 0.7558, -0.8906, 1.1451]",H2O,"$32,342",ISO 8601,83.84,0.0997,"[-0.5689, -0.9134, -0.74, 0.1266, -0.1591, 0.7671, -0.5574, -0.9532]",17.09%,"[0.1214, -1.3862, -0.2394, 1.5762, -0.0309, 0.4245, -0.4959, 1.2403]",+86,1.1,31-71,E. coli,7819,962,0.6342,-1.1908,635fbc79-1845-4dc5-aaef-87824e669db7,-85.3405,9890,"45 23 * * 0,6",XS,0.2406,batch-20190323-26
6315,Homo sapiens,false,0.1262,-566.5251,rejected,-1.54%,7343,19.04,3916 shares @ $336.32,0.1195,98.3,1,1004.8572,"[0.9156, -0.3079, 0.6939, 0.173, 0.5859, -0.1323, -0.6746, 0.1217]",66.9088,INV-966733,40903.9,0,"[0.1136, 0.9001, 0.1943, 0.5654, 0.1519, 0.5452, 0.6353, 0.0438]",88.95,4677.6671,05/27,1.9,ASCII,242.41,"[-0.1294, 0.0325, -0.4619, -0.3206, -0.1537, 0.2963, -0.43, -0.2555]",-36.1628,41.3657,Male,48.9142,6145,-62.3833,"[0.8862, -0.2475, -0.8444, -0.0001, -0.2173, -0.4643, 0.3289, -0.0332]",-72.3526,0.3156,BILL-377559,19-81,2.1.1,43.9675,NHN,"[14.66, 81.97]",Apache-2.0,Ms.,9056,296 days,-14.9273,tenant-036,18:08:42,BILL-885456,0.8979,"[0.8788, 0.3051, 0.2239, 0.9716, 0.0247, 0.4013, 0.1299, 0.5503]",14.97,85.0,0.7996,1,Web,Enterprise,77.15,Daily at 2am,4868.3275,E. coli,BIA,Thompson et al. (2011),"[0.5726, 0.9105, 0.07, -1.3762, 1.0562, 0.1593, -0.4978, -0.4349]","[1.4193, -1.0475, 0.2558, -0.8553, 0.4571, -1.2529, -1.1681, -0.5991]",C6H12O6,"$21,016",W3C Date,36.16,0.5052,"[-0.3202, -0.5766, 1.1037, -0.4653, 0.8486, -0.0281, 0.3242, -0.6679]",-49.65%,"[0.6555, -1.1955, 0.8931, -2.0458, -0.4301, 0.4472, -0.046, 0.9528]",+1,23.2,12-68,Fe2O3,2246,612,0.1591,-3.1549,02a80947-7246-4ddc-8913-24998d1ffa56,-227.2403,6998,32 17 * * 1-5,XXL,0.4999,batch-20220419-88
8634,H2O,yes,0.3284,-220.801,approved,16.56%,9558,65.35,86 shares @ $170.4,0.7752,12.7,1,7464.1388,"[-0.1533, 0.0593, 0.4251, 0.3663, -0.2715, -0.0634, -1.0909, 1.1556]",-29.1319,INV-318664,21734.0,0,"[0.6894, 0.2543, 0.2641, 0.0681, 0.192, 0.754, 0.4651, 0.515]",24.87,3485.5582,12/28,3.31,UTF-8,171.71,"[-0.5408, 0.5121, 0.0395, -0.0891, 0.0861, -0.4645, 0.1073, 0.2132]",10.3702,37.8648,Male,15.0369,9232,12.0658,"[-0.2301, 0.5491, 0.2254, 0.1967, -0.453, -0.2004, 0.3089, 0.4333]",-89.9952,-0.6378,BILL-325097,5-64,5.2.29,28.6273,GB,"[29.93, 76.22]",Proprietary,Mrs.,8800,351 days,23.960137,tenant-039,20:05:35,BILL-910749,0.8011,"[0.0002, 0.7485, 0.4342, 0.671, 0.0276, 0.8338, 0.2179, 0.0917]",6.42,51.35,-0.8676,0,Mobile,Premium,0.23,Daily at 2am,2308.3881,H2O,GIP,Miller et al. (2010),"[0.7852, 0.5599, 0.3786, -1.1099, -1.389, 0.9753, 0.0044, -0.0805]","[0.3419, 2.0332, 0.3715, 1.3211, -1.2569, -0.4893, -1.7402, 0.2204]",NaCl,"$12,225",POSIX,1.58,0.3198,"[-0.1436, -0.1349, -0.6275, 0.838, 0.033, 0.1917, 0.2222, -0.1168]",23.93%,"[0.9075, 1.8654, 1.32, -1.2032, -0.0144, -0.1562, 0.4469, -1.7322]",+1,-26.5,35-71,NaCl,2999,804,0.287,-42.8336,2f8fd8de-c007-4ed5-8b17-5159849232ff,2944.7769,7221,22 10 * * 1-5,XS,0.0944,batch-20191214-49
8342,Homo sapiens,1,0.455,6750.9389,pending,-9.42%,9573,12.41,4062 shares @ $309.53,0.2612,84.3,1,-808.4426,"[-0.1706, -0.0112, -0.4395, 0.54, 0.1515, 0.119, 0.8324, 0.1802]",70.9206,INV-574592,10416.5,0,"[0.2394, 0.0479, 0.6433, 0.8845, 0.3506, 0.7424, 0.39, 0.3354]",14.63,2221.3712,04/28,31.65,UTF-8,49.91,"[-0.9952, 0.0364, 0.5693, -0.7613, -0.0037, -0.1084, 0.4609, -0.7544]",-8.0637,38.3385,Male,24.7911,7099,60.8632,"[1.286, -0.3969, 0.2462, 0.399, 1.1324, -0.1126, 0.4827, 0.0107]",41.9839,0.6326,BILL-794495,29-75,0.12.49,0.9534,DMIN,"[22.76, 69.96]",Apache-2.0,Mr.,804,103 days,81.372404,tenant-025,10:53:06,BILL-915110,0.0734,"[0.3532, 0.6746, 0.0121, 0.1977, 0.2169, 0.9542, 0.7076, 0.0475]",91.71,55.58,-0.5822,1,Mobile,Premium,92.2,Weekly on Monday,9172.3487,E. coli,SAT,Robinson et al. (2026),"[0.0198, 0.6621, 0.2748, 0.4994, 1.6168, 0.2535, 1.0682, 0.2579]","[-1.0679, -0.8185, 1.8957, 1.7287, -0.1107, 0.3599, -0.2126, 1.5271]",Fe2O3,"$29,751",IEEE 754,87.89,0.3323,"[0.7177, 0.4364, -0.8304, -1.032, 0.2041, 0.3597, 0.3164, -0.311]",-48.42%,"[-1.2486, 0.4243, -0.5107, -0.1512, -0.068, 0.291, -1.1289, -0.5899]",+81,-9.8,25-51,Fe2O3,7545,520,0.0226,-25.4607,0b79b7ff-ccce-4d81-ad44-e57b437a1ec7,4469.258,1480,"23 19 * * 0,6",XXL,0.9452,batch-20240408-56
8519,Fe2O3,0,0.9867,777.1165,failed,-46.26%,7369,11.89,205 shares @ $435.5,0.2845,99.2,1,1768.6478,"[0.0367, 0.2753, -0.0318, 0.1198, 0.5913, 0.2958, -0.3054, -0.1297]",10.7881,INV-858590,282.6,0,"[0.5053, 0.1393, 0.7164, 0.9923, 0.4688, 0.7861, 0.0478, 0.0295]",61.77,8056.0739,09/29,91.75,Latin-1,901.86,"[-0.3286, 0.9388, -0.4474, 0.1888, -1.1636, -0.3072, -0.0185, -0.4016]",-86.2442,40.8583,Female,18.8349,5715,-25.9418,"[0.2242, 0.0964, -0.9688, 0.2802, -0.2403, -0.0013, -0.1113, -0.1381]",-40.5521,-0.0308,BILL-832552,4-71,3.15.90,26.6934,VXX,"[8.97, 74.19]",Apache-2.0,Rev.,8722,312 days,-80.161807,tenant-048,04:46:32,BILL-213060,0.4472,"[0.6275, 0.8564, 0.2988, 0.4891, 0.8949, 0.3263, 0.7582, 0.6584]",68.58,7.48,0.7473,1,Social Media,Trial,51.3,Daily at 2am,-240.8632,Fe2O3,NSI,Wright et al. (2002),"[0.329, 0.5513, -0.3923, -0.6404, 0.604, 1.5648, -0.5846, -1.4331]","[0.6306, 0.1113, -1.7023, -1.0637, -0.5997, -0.6076, 0.2867, 0.5033]",C6H12O6,"$7,479",ISO 8601,31.85,0.0702,"[0.1754, 0.5589, -0.9924, 0.6006, -0.1153, -0.1105, 0.4131, 0.3585]",44.97%,"[1.0562, 0.2261, -0.6775, -0.9909, 0.6932, -0.5847, 1.9259, -1.118]",+55,42.3,20-53,Fe2O3,3669,468,0.8499,74.5758,42fa0e81-da58-4e70-b3f2-acdaad2e7da1,943.9401,259,40 21 * * *,XS,0.6857,batch-20200109-80
3347,H2O,false,0.8452,1395.1502,completed,-0.3%,3833,83.07,2389 shares @ $126.07,0.4428,25.7,0,6569.9447,"[-0.3537, -0.663, -0.5379, 0.4207, -0.6331, 0.2511, 0.3927, 0.254]",66.0642,INV-322456,20922.3,0,"[0.157, 0.0623, 0.2017, 0.82, 0.4799, 0.0582, 0.5073, 0.4145]",38.11,3826.3761,10/27,38.43,ASCII,437.59,"[0.3777, 0.6403, 0.4578, 0.2506, 0.361, -0.4606, 0.2559, -1.3718]",23.3445,15.6295,Female,35.4338,1811,-63.348,"[0.3249, -0.5305, 0.6916, 0.3324, 0.0852, 0.0442, 1.0035, -0.278]",87.5403,-0.094,BILL-749204,24-92,2.9.40,19.3925,XFR,"[9.77, 91.25]",CC BY 4.0,Rev.,1863,334 days,-0.482929,tenant-041,03:09:20,BILL-537365,0.443,"[0.9911, 0.7992, 0.5204, 0.8914, 0.5803, 0.4968, 0.1494, 0.8318]",96.64,76.76,-0.4448,0,Phone,Trial,21.42,Monthly on 1st,9286.1518,NaCl,KDH,Moore et al. (2016),"[0.0308, 0.8934, -1.23, -0.4873, 0.0592, -0.2954, 0.3447, 0.2984]","[0.7453, 0.4959, 0.2322, 0.0642, 0.3911, -0.1296, -0.7192, 1.8055]",H2O,"$30,702",RFC 3339,7.0,0.7109,"[0.5597, 0.0342, -0.609, 0.0151, 0.3143, -0.3051, -0.5179, -0.9801]",10.91%,"[-0.0828, -1.0139, -0.1734, -1.005, -0.2147, -0.6767, 0.2403, -1.4361]",+55,46.0,10-96,Homo sapiens,2250,586,0.4849,38.2467,01475263-ebf1-4c36-87ae-92ad388fef8d,2662.9386,730,"57 16 * * 0,6",XS,0.2154,batch-20241219-71
8402,E. coli,true,0.9872,4369.063,completed,24.32%,9463,38.45,443 shares @ $375.81,0.6728,78.4,0,8929.5936,"[-0.0665, -0.4544, -0.0722, 0.3612, -0.236, 0.1688, -0.1661, -0.0101]",-67.2831,INV-484798,8444.4,1,"[0.3738, 0.7879, 0.8606, 0.6032, 0.8357, 0.3054, 0.5844, 0.5382]",11.26,1961.7479,10/26,31.59,Latin-1,95.41,"[-0.5978, -0.0279, 0.6862, 0.5369, -1.0627, -0.3891, 0.2757, -0.2607]",-32.0051,14.7387,Male,45.3914,6818,-22.8135,"[0.3698, -0.0351, 0.4921, -0.0651, -0.3717, 0.243, 0.2744, 0.2729]",18.2519,-0.664,BILL-300380,16-90,0.4.77,6.4164,DWI,"[36.98, 97.66]",GPL-3.0,Prof.,5060,4 days,71.9298,tenant-014,02:14:17,BILL-974149,0.2707,"[0.4269, 0.5725, 0.9236, 0.5032, 0.4259, 0.1575, 0.2004, 0.1838]",64.03,36.43,-0.7149,1,Email,Enterprise,68.29,Monthly on 1st,1546.0783,NaCl,MLG,Robinson et al. (2023),"[-0.4728, 0.353, -0.1262, -0.8353, 0.6981, 0.7884, 0.5656, 1.8646]","[0.0257, 0.143, -1.5583, -0.1757, 1.4724, -0.9016, 1.5683, 0.3524]",Fe2O3,"$8,351",ISO 8601,23.75,0.1334,"[-0.6478, -0.3302, 0.469, -1.1036, -0.3997, 0.475, 0.0383, -0.3699]",-29.26%,"[-0.2984, 0.3056, 0.1406, -0.0254, 1.6646, -2.0895, -0.5071, -1.1315]",+81,-23.2,30-54,H2O,5635,265,0.2296,31.1012,2a7743e4-f688-44a7-8465-76bd6e70861f,-740.8232,1756,34 13 * * *,S,0.9301,batch-20241115-43
3501,C6H12O6,no,0.3107,3239.7342,completed,-26.3%,5687,19.82,4890 shares @ $279.53,0.1858,19.7,0,410.3451,"[0.1017, 0.0208, 0.073, 0.2402, 0.9487, -1.176, 0.1512, -0.6772]",-44.7755,INV-814302,32324.1,0,"[0.495, 0.1003, 0.9368, 0.256, 0.6306, 0.6723, 0.1318, 0.6775]",2.98,5063.583,11/29,56.38,UTF-16,440.0,"[-0.0959, -0.28, -0.1078, -0.8023, -0.2594, -0.2853, -0.2384, 0.6456]",81.795,23.5443,Female,44.0837,9018,-94.3191,"[1.2531, 0.8071, -0.7737, -0.7679, 0.3145, -0.0763, -0.2308, -0.3181]",-52.8754,-0.1878,BILL-885599,36-67,3.3.56,13.1938,TJE,"[11.43, 86.53]",MIT,Mrs.,5499,84 days,33.594274,tenant-050,02:29:02,BILL-208352,0.879,"[0.5191, 0.3674, 0.6891, 0.1015, 0.0062, 0.0448, 0.9111, 0.996]",73.61,2.52,0.6391,1,Web,Standard,82.67,Weekly on Monday,5753.6709,Homo sapiens,OFW,Williams et al. (2013),"[-1.4581, -1.7794, -0.0374, 0.0384, 0.3332, 0.3406, -1.7953, 0.3968]","[0.3883, -0.4369, 0.509, 0.9426, 1.779, -0.25, -0.8002, -0.2948]",Fe2O3,"$25,840",ISO 8601,14.49,0.5335,"[0.4654, 0.2369, 0.4261, -0.3608, -0.2292, 0.7495, 0.0411, -0.6218]",22.11%,"[-0.485, -0.1658, 1.9379, 1.1748, -0.9079, -0.4353, 0.9724, -0.1616]",+49,20.3,15-97,E. coli,6244,133,0.6587,-37.7129,48ee17aa-78d7-4e66-8b2c-a5486ed1e1c9,9022.1609,7781,28 1 * * *,XL,0.3561,batch-20240403-19
7790,C6H12O6,false,0.2592,1205.2097,approved,-19.94%,6666,9.26,1313 shares @ $489.9,0.5983,48.1,1,6782.1701,"[1.2803, 0.0995, -0.4156, 0.9521, -0.0593, -1.3427, -0.5742, 0.1604]",90.7065,INV-628156,25061.7,0,"[0.9875, 0.5406, 0.3719, 0.033, 0.3348, 0.4662, 0.2943, 0.2064]",61.32,8543.2018,09/25,19.3,ASCII,356.77,"[0.2991, 0.85, 0.9916, 0.425, 0.1034, -0.6116, -0.2967, -0.2297]",53.663,0.63,Male,29.8624,4906,-43.9325,"[-0.0282, -0.0103, 0.0462, 0.4016, 0.2161, -0.253, -0.6798, 0.2041]",-75.9992,0.1843,BILL-572868,45-62,0.3.12,9.1578,JH,"[35.45, 69.03]",MIT,Hon.,6413,170 days,-13.983098,tenant-006,22:27:34,BILL-624128,0.8464,"[0.3559, 0.5531, 0.073, 0.0239, 0.4689, 0.8922, 0.8848, 0.2751]",17.04,95.62,0.9707,1,Email,Standard,66.91,Weekly on Monday,1117.7979,NaCl,OPI,Williams et al. (2012),"[0.4085, 1.1164, -0.2882, 0.6506, -1.0092, 0.0286, 0.8642, 0.3809]","[0.1734, 0.2278, -0.2002, -0.3831, 0.0255, -0.0317, -0.6559, 1.1055]",Homo sapiens,"$16,446",POSIX,64.38,0.6088,"[-0.6767, -0.0426, -0.4934, 0.0131, 0.7186, -0.1235, 0.3441, -0.0342]",-7.55%,"[-0.8452, 0.261, 0.1662, 0.8586, 0.699, -0.083, 1.1177, -1.6928]",+91,23.6,4-60,NaCl,854,248,0.0339,-0.3347,fc211154-045e-4f36-a8a9-57a12d31322b,7882.7623,2610,"30 13 * * 0,6",M,0.1086,batch-20260612-63
2054,Fe2O3,yes,0.2875,7360.6511,pending,-22.03%,5609,78.8,978 shares @ $22.08,0.3053,77.5,0,7445.036,"[0.2816, 0.0845, 0.5901, -0.2005, -0.2945, 0.3811, -0.2826, -0.3739]",-17.4115,INV-485000,43332.0,1,"[0.9933, 0.0125, 0.0962, 0.2391, 0.6631, 0.2203, 0.95, 0.7173]",64.77,1984.5575,10/28,47.86,ISO-8859-1,966.57,"[-0.293, 0.1996, 0.5594, 0.0365, -0.4836, 0.1895, -1.0038, 0.3978]",70.1665,36.7292,Unisex,28.8569,1651,-60.7786,"[0.3889, -0.2167, 0.7857, -0.559, 0.2354, -1.1473, 0.2525, -0.3539]",63.5957,0.1991,BILL-233586,22-90,4.1.26,43.6089,ZMMC,"[10.12, 77.01]",CC BY 4.0,Mr.,9725,184 days,-20.490344,tenant-006,05:19:31,BILL-813348,0.5097,"[0.5188, 0.5643, 0.2735, 0.0266, 0.1488, 0.4394, 0.8788, 0.3338]",1.38,32.95,0.7697,0,Email,Enterprise,86.9,Daily at 2am,8230.8222,NaCl,VRA,King et al. (2024),"[1.1775, -1.627, -0.6187, -0.53, -0.7631, 0.8737, -1.0329, 1.4434]","[1.2448, 1.4123, -0.7814, -0.5054, -0.4172, 0.1937, 0.7648, 1.5351]",C6H12O6,"$12,418",IEEE 754,81.37,0.9917,"[-0.4177, -0.0499, 0.2645, -0.101, 0.465, 0.1004, 0.0983, 0.5101]",-17.71%,"[-0.6591, -1.1582, 0.7647, 1.0251, 0.136, 0.4298, 0.1661, 1.7141]",+55,25.6,31-98,Homo sapiens,5225,454,0.6447,-61.5672,d125d62b-f8d9-4279-8948-42789083c689,9932.3493,1708,49 0 * * 1-5,L,0.4356,batch-20210901-76
2593,E. coli,yes,0.0863,7513.3424,cancelled,-29.64%,7271,96.65,3833 shares @ $240.97,0.0872,10.6,1,5631.6605,"[0.0679, 1.1253, 0.2037, 0.9895, 0.0101, 0.1207, -0.3781, 0.8401]",77.619,INV-794741,22534.6,0,"[0.0223, 0.2229, 0.2476, 0.9025, 0.6389, 0.3212, 0.5512, 0.5923]",49.82,9897.9996,03/28,45.68,ASCII,894.12,"[0.1036, 0.5269, -0.1623, 0.2283, 0.0637, -0.1861, 0.8965, -0.7891]",14.9727,31.2735,Unisex,10.375,8653,44.6109,"[-0.0268, -0.6551, 0.2358, 0.0301, -0.317, 0.2743, -0.6946, -0.0534]",-66.9709,0.6641,BILL-121336,19-100,2.7.86,39.2285,NU,"[5.47, 91.69]",BSD-3-Clause,Ms.,942,270 days,-3.280756,tenant-039,19:48:53,BILL-517972,0.3069,"[0.0973, 0.7119, 0.3111, 0.9081, 0.8802, 0.2, 0.4064, 0.827]",56.65,12.98,0.3808,1,In-Store,Trial,93.37,Every 15 minutes,8833.8224,Homo sapiens,XIF,Walker et al. (2001),"[0.6864, 1.6903, -0.5459, 0.4161, -1.1725, 1.0807, 1.4804, 0.6166]","[0.6592, 0.5465, 0.9473, 1.6532, -0.5353, -1.1126, 0.814, -1.2878]",H2O,"$21,496",RFC 3339,6.27,0.3734,"[-0.0767, -0.0506, 0.4589, 0.1266, 0.1787, -0.3487, 0.2881, -0.1908]",-46.12%,"[-0.3299, 0.4293, 1.8705, 0.2522, -0.4573, -1.7869, 0.9588, 1.5711]",+61,21.5,3-62,H2O,7895,927,0.0158,-48.6003,c07b5fff-6f0a-4230-959f-b374cd74c061,7544.9902,2183,23 12 * * *,XL,0.0145,batch-20190522-84
8381,Fe2O3,yes,0.37,6894.5711,rejected,-14.83%,3098,76.45,2667 shares @ $472.08,0.0915,15.0,0,6918.5585,"[-0.5402, 0.8919, -0.464, 0.2624, -0.0734, 0.4813, 0.2616, 0.4353]",-62.279,INV-767559,23157.1,0,"[0.2103, 0.1589, 0.397, 0.7676, 0.3898, 0.988, 0.3809, 0.9076]",2.12,8855.504,03/29,98.83,Latin-1,183.44,"[-0.0717, 0.0403, -0.1665, 0.0503, 0.3023, -0.0756, -0.2431, -0.0462]",54.3398,14.7022,Female,18.4383,5314,87.0364,"[-0.6715, 0.8918, -0.1428, 0.7259, -0.1669, 0.2798, 0.3816, 0.2603]",-40.8386,0.1009,BILL-491705,34-78,4.5.81,14.114,RRK,"[5.15, 67.25]",Proprietary,Mrs.,3357,349 days,-64.850357,tenant-029,08:07:54,BILL-659272,0.6121,"[0.5574, 0.9433, 0.0804, 0.0977, 0.1155, 0.4101, 0.7139, 0.9955]",45.64,87.12,-0.6683,0,Web,Standard,91.2,Monthly on 1st,3032.5344,Fe2O3,GXR,Anderson et al. (2025),"[-1.3825, 1.0686, -0.2042, 0.0672, -0.2776, -0.0988, 1.2038, 1.3253]","[0.533, -2.6479, -1.0021, 0.3364, 0.0513, -0.3233, 0.8106, -1.4336]",H2O,"$34,810",POSIX,61.23,0.5959,"[0.753, -0.7553, 0.2465, 0.0367, -0.9626, 0.3848, 0.7191, -0.0924]",-19.34%,"[-1.0446, 1.494, 1.1509, 0.1733, 0.1018, 0.7381, 0.2527, 0.045]",+49,48.7,27-99,H2O,2180,1,0.2499,65.6589,084056c2-2c1f-40c2-90b0-38c2f9902647,6437.3424,9575,"48 12 * * 0,6",XL,0.7441,batch-20250213-23
32,Fe2O3,0,0.0618,7977.1329,active,-24.53%,347,23.68,4009 shares @ $174.02,0.2048,21.1,1,6679.3929,"[-0.3156, 0.3693, 0.4986, -0.4054, -0.0702, -0.4873, 0.391, 0.8739]",38.5032,INV-743724,28270.9,1,"[0.0145, 0.1125, 0.7124, 0.2729, 0.2125, 0.909, 0.568, 0.414]",29.18,7413.3601,06/28,39.63,UTF-8,691.2,"[-0.0158, 1.1646, 0.4618, -0.4309, -0.7882, 0.1206, 0.9899, -0.0835]",-30.0476,1.0774,Unisex,29.0795,6150,21.4297,"[0.372, 0.0686, 0.0635, 0.3405, 0.6065, -1.045, 0.6326, 1.3256]",-94.2943,-0.7518,BILL-516351,40-74,3.14.81,37.6626,MJX,"[29.41, 68.45]",Proprietary,Mr.,2250,66 days,34.061801,tenant-002,14:54:27,BILL-734935,0.0243,"[0.6057, 0.8092, 0.1702, 0.1768, 0.9253, 0.7058, 0.526, 0.6351]",55.8,75.41,-0.6358,1,Social Media,Enterprise,57.43,Weekly on Monday,4681.8824,C6H12O6,ZNQ,Jones et al. (2026),"[-0.6641, 1.3608, 1.4417, 0.9246, 0.1708, 0.0583, -0.1622, -0.4442]","[0.2825, 1.2957, 0.3501, -0.4244, 0.4597, -0.5802, 0.9387, -1.4409]",Fe2O3,"$42,670",RFC 3339,31.23,0.5856,"[0.5437, -0.1075, -0.2892, -1.0873, -0.7069, 0.098, -0.4842, 0.6399]",-21.02%,"[-2.0762, 0.2839, 0.6205, 0.6829, 0.8994, -0.879, -0.3053, 1.003]",+33,10.0,33-99,C6H12O6,1822,599,0.9873,-46.997,4fcd02d2-c3c4-4804-a391-9759cdcfbe77,1006.5055,8146,5 3 * * 1-5,XXL,0.3012,batch-20240304-05
7701,Fe2O3,1,0.5993,2246.3456,approved,1.97%,416,94.26,1796 shares @ $376.8,0.5602,12.7,1,9144.6936,"[0.8593, 0.8497, -0.1999, -0.4107, -0.2104, -0.0019, 0.0109, 0.7829]",-16.6732,INV-178403,15199.9,1,"[0.4485, 0.3921, 0.5947, 0.292, 0.821, 0.1496, 0.5071, 0.7006]",60.55,6053.3472,12/28,32.58,UTF-8,322.51,"[0.3186, -0.0343, 0.8974, -0.2621, 0.3778, -0.3425, -1.1358, 0.0715]",11.1972,28.7625,Male,3.3368,4819,75.3496,"[0.6267, 0.326, 0.1781, 0.3176, 1.0378, 0.2857, 0.3599, 0.1272]",-82.0873,0.7383,BILL-405480,44-73,2.13.3,2.6871,GSWU,"[22.5, 97.58]",MIT,Mr.,1491,251 days,-51.587658,tenant-047,04:08:59,BILL-743280,0.5693,"[0.9142, 0.9553, 0.5415, 0.8927, 0.0387, 0.3672, 0.7837, 0.4987]",17.55,4.63,0.3361,0,Phone,Trial,65.3,Weekly on Monday,9388.8835,C6H12O6,EHC,King et al. (2004),"[-1.0941, -1.5811, 0.1099, 2.0646, 0.4661, 0.5079, 2.0278, 0.0813]","[1.6763, 1.626, -1.1766, -1.0565, -0.4335, -0.1557, 1.981, -0.859]",H2O,"$19,462",ISO 8601,25.48,0.7887,"[0.201, -0.1141, 0.0307, -0.6083, 0.1514, 0.3898, -0.7226, 0.0348]",37.34%,"[1.705, -0.0274, -0.783, -0.2674, 1.4907, 0.0448, -0.4533, 1.4149]",+49,-13.4,29-68,H2O,7360,434,0.5165,9.4953,4bb49edc-c17a-4353-8bf0-0893a210d333,6559.4628,8281,47 8 * * *,S,0.5305,batch-20240911-35
6131,Fe2O3,false,0.3686,6687.2439,inactive,-11.79%,3875,29.79,2424 shares @ $305.67,0.7313,83.9,0,-440.2847,"[-0.5459, -0.354, -0.114, -0.4522, 0.0754, -0.8089, 0.0609, 0.0613]",2.8435,INV-832204,36883.0,0,"[0.5775, 0.0742, 0.2462, 0.0303, 0.803, 0.9976, 0.3457, 0.736]",4.97,5231.0101,02/29,35.77,Latin-1,436.85,"[0.0974, 0.2705, 0.1782, 0.7288, -0.1086, 0.5694, 0.4438, -0.7485]",-91.4966,28.2738,Unisex,43.4224,3698,-0.9691,"[0.3049, -0.0589, -1.1692, -0.5477, -1.2598, -0.2741, -0.5259, 0.2533]",-72.7124,-0.1553,BILL-566358,5-99,3.8.51,6.6051,WIDL,"[21.78, 64.56]",CC BY 4.0,Hon.,6952,117 days,75.597456,tenant-026,15:56:50,BILL-572239,0.5803,"[0.3861, 0.3344, 0.4301, 0.055, 0.2076, 0.1673, 0.2213, 0.305]",36.96,37.12,-0.0536,0,Phone,Premium,78.56,Monthly on 1st,-116.9395,E. coli,POC,Martin et al. (2019),"[-0.8329, -0.7757, 0.0642, 1.1003, -0.377, -0.1475, -2.1638, 0.415]","[1.1906, -0.5358, 0.4912, 0.2646, 0.1045, 0.6653, -0.1851, 0.9141]",C6H12O6,"$6,081",RFC 3339,57.61,0.6607,"[-0.0759, 0.9631, 0.0265, -0.483, 0.4625, -0.4561, -0.2022, 0.1484]",44.2%,"[-0.5136, -1.3752, 1.4109, 0.3343, 0.4463, 0.5363, 1.6775, -1.4386]",+33,6.1,9-100,NaCl,7812,334,0.8955,-36.3228,33082bf1-cddf-43a5-8fc5-c3cb12018b12,3730.8102,9674,42 22 * * 1-5,XL,0.9925,batch-20230227-33
6488,H2O,true,0.5145,7727.898,active,-49.31%,3113,50.86,4898 shares @ $406.65,0.9897,59.0,0,5912.0191,"[-0.3684, -0.1838, 0.5816, 0.226, -0.1261, 0.0475, 0.6345, 0.0336]",72.4445,INV-431992,18164.3,0,"[0.652, 0.9811, 0.686, 0.7599, 0.2809, 0.6279, 0.6148, 0.7497]",89.76,8720.1989,11/24,84.95,UTF-8,685.33,"[0.093, 0.3658, -0.1098, -0.2513, -0.6488, 0.1601, 0.2614, -0.2096]",-89.5338,23.891,Male,22.4021,6160,-52.5541,"[0.535, -0.1001, -0.3088, -0.3517, -0.0813, 0.8931, -0.4676, 0.9306]",-16.2166,-0.1629,BILL-652224,22-70,0.7.99,29.2738,FS,"[32.23, 80.72]",MIT,Rev.,1243,47 days,46.730023,tenant-002,05:15:35,BILL-279673,0.4585,"[0.8204, 0.2638, 0.5919, 0.0331, 0.7291, 0.9157, 0.7992, 0.8363]",51.32,23.48,0.6147,1,In-Store,Trial,41.5,Weekly on Monday,3586.1741,C6H12O6,HUW,Garcia et al. (2019),"[1.8986, -0.1078, -0.1822, -1.4031, -1.6156, 1.9071, -0.0644, 0.4746]","[-1.3213, 0.0014, -0.1442, -0.0829, 0.7277, 1.1349, 0.8984, 0.6387]",C6H12O6,"$49,666",RFC 3339,28.05,0.3098,"[-0.1638, 0.6713, -0.1659, -0.5331, -0.134, 0.9939, -1.2105, 0.1574]",-21.24%,"[1.7624, 1.0075, 0.1524, 0.2345, -1.0763, -0.5569, -0.2085, -1.249]",+33,48.2,17-93,Fe2O3,2897,90,0.5735,-24.9217,a6bbb78c-6ad7-49c6-a99a-a645f2f720c2,3225.0734,1312,54 13 * * *,XL,0.3133,batch-20260614-61
3030,Homo sapiens,no,0.1724,4601.9037,inactive,42.42%,8664,79.81,133 shares @ $74.96,0.2005,84.4,1,9787.1398,"[0.2821, -0.3562, 0.7511, 0.2078, 0.2275, 0.7444, 0.0735, -0.2061]",-39.3143,INV-358593,9984.8,1,"[0.3412, 0.0912, 0.8739, 0.6913, 0.0805, 0.6096, 0.7941, 0.3673]",97.3,6884.3966,09/24,38.78,UTF-8,380.67,"[0.064, -0.9023, -0.3597, -1.1333, 1.1572, 0.4656, -0.5303, 0.1615]",-87.4631,34.9943,Female,18.7455,7992,-24.9011,"[0.0114, -0.5676, 0.1302, -0.1787, 0.6938, 0.5005, 0.2105, -0.7013]",-89.2033,0.4822,BILL-492947,23-73,1.16.44,38.8452,RJ,"[30.83, 75.98]",Apache-2.0,Rev.,1242,47 days,49.483167,tenant-025,16:27:31,BILL-384232,0.3224,"[0.381, 0.6102, 0.3785, 0.251, 0.2938, 0.3702, 0.5541, 0.294]",7.05,57.88,-0.834,0,Social Media,Trial,45.02,Monthly on 1st,2846.4478,Fe2O3,SPP,Jackson et al. (2023),"[-0.91, 0.0989, 0.914, 0.2998, 0.1553, -0.3879, 1.4985, -1.4147]","[0.3255, -0.2632, -1.3227, 0.4172, 1.7127, 1.6365, 0.7801, -0.7087]",NaCl,"$3,253",ISO 8601,75.77,0.3403,"[0.3778, -0.6222, 0.4496, -0.5809, -0.3065, 0.0618, -0.4734, -0.3759]",-49.74%,"[0.9857, 1.6196, 0.4189, 0.1612, 0.8604, 0.2346, -0.7466, -0.3749]",+1,-10.4,43-98,E. coli,5049,649,0.1657,-24.32,33ac16d9-3e13-4815-ba22-4333b29b9bff,662.5302,8481,"42 8 * * 0,6",L,0.6818,batch-20210720-61
5458,Fe2O3,false,0.3532,6679.6127,completed,23.68%,3668,25.39,1974 shares @ $125.18,0.254,21.5,0,985.5517,"[0.5153, 0.1291, -0.6634, 0.4787, -0.5929, 0.9656, 0.0242, -0.8247]",58.7193,INV-448039,47278.0,1,"[0.8843, 0.9594, 0.3752, 0.2893, 0.0326, 0.1554, 0.6374, 0.0469]",49.34,3321.4732,05/26,15.9,Latin-1,241.22,"[0.0165, 0.9211, 0.4546, -0.8616, -0.6759, -0.1909, -0.502, -0.3642]",1.8382,5.7885,Male,28.2591,937,-39.0054,"[-0.0409, -0.3343, -0.1287, -0.0006, 0.1092, 0.2708, -0.409, 0.8224]",16.3075,0.6689,BILL-746317,35-53,3.18.25,46.7854,YOBC,"[7.19, 63.57]",GPL-3.0,Prof.,2834,275 days,6.835443,tenant-022,01:36:18,BILL-228503,0.1097,"[0.1514, 0.2759, 0.3759, 0.057, 0.0871, 0.6392, 0.5203, 0.2644]",45.7,66.94,-0.6416,1,Email,Enterprise,15.79,Weekly on Monday,3813.5205,C6H12O6,GDI,Rodriguez et al. (2013),"[-0.0845, 1.0253, -0.733, 0.7394, -0.2704, -1.2886, -0.3064, 0.9499]","[-0.2502, 0.3483, -0.1367, 2.2895, -1.5739, 1.2585, -0.1173, 0.7589]",E. coli,"$19,961",POSIX,84.87,0.0123,"[-0.0147, 0.5972, 0.1074, 0.3381, -0.4652, -0.6933, 0.1298, -0.3]",-20.01%,"[-1.5166, 0.6715, 1.0805, -0.0214, -0.2982, -1.051, 1.7675, -1.5532]",+61,36.2,21-84,E. coli,1361,259,0.4872,-27.4153,0023f673-daab-4ee3-92d3-5f5418f43b84,2497.2682,5776,"23 21 * * 0,6",XS,0.2816,batch-20220506-23
2172,E. coli,no,0.6516,2763.4973,completed,38.47%,20,69.64,3737 shares @ $129.83,0.0364,1.1,0,5342.9903,"[-0.0317, 0.1327, -0.1663, 0.2523, 0.1604, -0.26, -0.9382, 0.1875]",-56.637,INV-657698,35532.2,0,"[0.5275, 0.5057, 0.4789, 0.2113, 0.4387, 0.709, 0.0095, 0.2932]",5.59,9729.67,07/24,4.25,ASCII,800.7,"[-0.2021, 0.3192, -0.2045, -0.8239, -0.3963, -0.0269, -0.1771, 0.417]",64.3685,32.7172,Unisex,23.3333,6270,38.2339,"[-0.4685, 0.091, -0.2076, 0.2325, 0.188, -0.3051, 0.0788, 0.2287]",80.1899,0.2018,BILL-547663,11-77,2.20.87,4.8013,BNC,"[28.52, 85.79]",BSD-3-Clause,Ms.,8724,256 days,-24.018387,tenant-011,01:51:56,BILL-842165,0.7771,"[0.6445, 0.9491, 0.658, 0.57, 0.3029, 0.4358, 0.6937, 0.084]",25.76,99.37,0.7407,1,Chat,Enterprise,7.69,Daily at 2am,8898.5366,NaCl,ZNL,Young et al. (2024),"[-1.8579, -0.7343, -0.2932, -0.6266, -0.225, -0.3615, 0.9441, -2.4693]","[-0.4728, -1.5266, -0.3458, 1.5579, 0.1142, 1.054, -2.254, -0.0727]",E. coli,"$13,059",W3C Date,12.89,0.9729,"[-0.0656, -0.31, -1.1449, 0.8116, 0.0736, -0.0344, -0.1764, -0.1363]",-2.37%,"[-0.2456, 0.4249, -1.4764, -0.0033, 0.9529, 1.3664, 0.6782, 0.948]",+49,4.0,31-51,E. coli,2137,624,0.6847,-4.1588,bcc73b7f-d410-4963-bedb-963ef37959bb,1422.1019,3621,6 12 * * *,S,0.8897,batch-20231113-21
509,Homo sapiens,no,0.9593,496.4888,approved,-15.33%,966,85.67,991 shares @ $328.26,0.1595,7.5,1,9029.3975,"[0.0946, -0.0378, -0.3938, -0.0937, 0.379, 0.1091, 0.5743, 0.315]",-78.0681,INV-842286,29919.3,0,"[0.1222, 0.8893, 0.5275, 0.2535, 0.52, 0.522, 0.8291, 0.4051]",28.17,1555.7125,01/27,92.65,UTF-16,956.41,"[0.1291, -0.0291, 0.3885, -0.0433, 0.4297, -0.3785, 0.6377, -0.51]",-65.5768,46.5621,Unisex,12.0687,1671,89.6361,"[-0.2498, 0.8248, 0.3482, 0.3881, 0.4105, 0.0456, -0.7207, 0.7931]",-4.8646,0.8172,BILL-677409,23-97,3.7.89,37.8071,BY,"[23.92, 68.81]",BSD-3-Clause,Mr.,7103,259 days,64.672017,tenant-040,06:46:26,BILL-970613,0.3636,"[0.1253, 0.3104, 0.8987, 0.7863, 0.0781, 0.2327, 0.882, 0.7952]",75.33,10.34,-0.8668,0,In-Store,Premium,69.43,Daily at 2am,7278.232,Fe2O3,WLC,Johnson et al. (2020),"[-1.1, 1.9916, -1.7665, -0.5419, 0.719, 0.6733, -3.3063, -1.1655]","[-0.436, 1.0121, -1.1083, -0.8582, 0.0627, 0.5161, 0.2531, -0.6857]",E. coli,"$48,042",RFC 3339,39.42,0.4626,"[-0.1404, -0.1343, -0.0755, 0.1982, -0.1691, 0.2369, -0.3158, 0.4362]",27.79%,"[-0.5658, 0.3742, -1.4563, 0.2648, -0.3058, 1.5822, -1.1366, 0.5667]",+86,-2.4,30-100,NaCl,28,655,0.4295,20.7583,d6f4f977-5e42-4762-a48e-2b66982b5ee4,7776.2356,450,"29 10 * * 0,6",S,0.623,batch-20220615-45
8482,E. coli,false,0.0862,4308.718,active,-15.36%,4722,5.84,1303 shares @ $181.12,0.1006,30.3,1,4552.9717,"[0.1519, 0.3069, 0.2253, 0.5399, -0.1546, -0.6619, -0.2416, 0.0473]",-36.047,INV-953845,36593.4,0,"[0.4921, 0.6121, 0.4943, 0.6191, 0.4516, 0.3324, 0.3541, 0.8327]",58.5,91.1368,10/26,67.62,UTF-8,702.47,"[0.6277, -0.2723, 0.356, -0.1062, 0.0827, -0.0861, 0.0658, 0.6107]",-35.2816,37.7304,Female,17.163,4704,3.2684,"[0.2514, -0.4936, -0.2179, -0.1413, -1.2619, -0.0399, 0.3896, -0.79]",55.5438,-0.7376,BILL-428551,8-86,0.5.64,42.2937,KDFR,"[18.88, 80.52]",Proprietary,Mr.,6410,218 days,-58.801186,tenant-027,09:47:42,BILL-947607,0.6421,"[0.4389, 0.8381, 0.2615, 0.605, 0.018, 0.9945, 0.6238, 0.2635]",76.45,75.67,0.7619,0,Web,Standard,88.14,Weekly on Monday,-312.1622,Fe2O3,YRO,Garcia et al. (2001),"[-0.2648, -0.2921, 0.2602, 1.3065, 0.2763, -0.8344, -1.0112, 0.2266]","[-0.1543, 1.6711, -1.3787, -0.1245, -0.8481, 0.7896, -0.5583, -1.6092]",NaCl,"$48,116",IEEE 754,0.32,0.6103,"[0.42, 0.291, 0.4575, 0.1695, 0.2416, 0.2891, 0.3736, 0.267]",17.06%,"[-0.1694, 0.9038, 0.3714, -0.4048, 0.8706, 1.2028, -0.2536, -0.0915]",+44,-26.2,6-58,NaCl,1923,719,0.3107,10.1745,6c32a160-8540-448a-8f00-60dbb1d398bd,6205.8566,3020,47 0 * * *,XS,0.8466,batch-20180204-38
2590,Homo sapiens,1,0.3727,725.3377,approved,-4.8%,953,49.58,4003 shares @ $494.5,0.2949,64.8,0,8759.2011,"[-0.7527, 1.3245, 0.2854, -0.9584, 0.0014, -0.3927, -0.7637, 0.605]",-86.7162,INV-868597,29707.7,0,"[0.1216, 0.4574, 0.9785, 0.283, 0.1908, 0.7034, 0.706, 0.2418]",42.06,8747.8733,07/26,61.12,UTF-16,159.95,"[-0.1443, 0.1133, -0.154, -0.5155, -0.4589, -0.3761, -0.5175, 0.7308]",-14.5741,20.9894,Unisex,28.3748,6345,-79.795,"[0.2354, -0.4209, -0.5086, 0.1893, 0.3615, -0.4562, -0.7148, -0.2741]",-45.1997,-0.3375,BILL-744265,44-53,4.17.96,17.8962,YNO,"[3.54, 81.79]",GPL-3.0,Ms.,5407,157 days,-2.25489,tenant-007,00:31:04,BILL-836771,0.2955,"[0.4535, 0.095, 0.1982, 0.8066, 0.1271, 0.4362, 0.1398, 0.5798]",99.78,35.05,0.7701,1,Social Media,Standard,35.97,Weekly on Monday,8229.7223,E. coli,NRI,White et al. (2006),"[-0.6467, 0.4304, -0.0305, -1.4563, -0.2258, -0.6881, 0.8781, -0.4577]","[-0.142, -0.6328, -0.2095, -0.3789, 1.1337, -1.3399, 0.8467, 0.623]",C6H12O6,"$8,395",POSIX,58.3,0.5831,"[-1.0191, -0.2557, -0.7153, -0.7354, 0.0503, -0.2264, 0.8333, 0.5795]",32.43%,"[-0.4627, -0.9228, 0.4296, -0.04, 0.0176, -0.5478, 0.3785, -0.0521]",+33,4.5,22-72,E. coli,9984,63,0.5155,-29.3803,0664a410-06a4-4d49-8f1d-c475f396cc5e,6314.7376,563,"25 2 * * 0,6",S,0.3826,batch-20240702-03
2324,E. coli,1,0.4903,1527.9433,cancelled,8.81%,9629,28.66,4201 shares @ $206.07,0.6266,8.7,1,9088.6796,"[-0.6614, -0.2908, -0.5315, -0.0964, 0.2863, -0.063, -0.1499, 0.7728]",18.0527,INV-506594,46655.1,0,"[0.882, 0.8573, 0.5873, 0.2739, 0.633, 0.2082, 0.1486, 0.433]",77.71,6751.9394,08/24,63.86,UTF-16,229.62,"[-0.6879, 0.0515, -0.4599, -0.0733, -0.0618, 0.1, 0.0981, 0.5752]",-50.2567,9.7319,Male,26.9509,9077,56.0598,"[-0.5877, 0.5254, 0.2972, -0.5763, -0.2461, 0.4507, -0.39, 0.538]",98.8954,-0.626,BILL-847524,12-58,2.7.60,7.8122,FOJ,"[33.8, 86.31]",MIT,Hon.,919,166 days,49.741068,tenant-013,18:34:10,BILL-965380,0.0485,"[0.248, 0.6566, 0.9953, 0.6115, 0.0013, 0.5678, 0.5383, 0.2336]",21.7,10.5,-0.9437,1,Phone,Basic,76.22,Every 15 minutes,-835.4207,H2O,YGN,Thompson et al. (2008),"[-0.565, -0.0379, 0.8505, -1.1203, -0.9571, 1.2178, 0.4953, 0.541]","[0.9929, -0.2298, -0.1022, -1.4321, -2.2594, -2.5409, -0.0467, -1.2623]",NaCl,"$44,228",RFC 3339,86.13,0.3703,"[-0.0031, -0.1516, 0.6538, 0.5348, 0.4494, 0.8376, -0.3445, -0.3898]",-14.32%,"[-1.2145, -1.7371, 0.3435, -0.3827, -1.7061, -0.6272, -0.446, -0.3955]",+91,32.6,17-73,E. coli,2883,226,0.5133,-83.4436,15d26484-fa66-4ffa-a2ea-173ce2ec8a92,6240.4845,4316,"14 21 * * 0,6",XXL,0.6835,batch-20221205-91
6579,H2O,true,0.3159,4317.184,pending,37.81%,9949,64.37,670 shares @ $333.19,0.8745,84.6,1,6265.8952,"[-0.3486, 0.2163, 0.1775, -0.0593, 0.5799, -0.372, 0.5735, -0.1885]",55.4183,INV-143085,24540.4,0,"[0.8066, 0.4292, 0.8051, 0.3142, 0.9483, 0.8075, 0.2613, 0.7069]",46.78,9423.7492,03/24,66.03,UTF-8,516.75,"[-0.0811, -0.1972, -0.3709, 0.4244, -0.0099, 0.733, 0.0041, -0.2116]",14.1701,1.6818,Unisex,0.2759,1905,51.1094,"[-0.0531, 0.1779, -0.7755, -0.9661, -0.6389, 0.3377, 0.659, -0.1376]",58.6851,-0.5652,BILL-616609,12-74,0.16.58,31.8899,ZXT,"[26.57, 87.74]",CC BY 4.0,Mr.,2073,115 days,-64.129659,tenant-012,14:03:20,BILL-183370,0.6219,"[0.0, 0.4765, 0.2325, 0.4899, 0.4998, 0.8543, 0.6695, 0.6594]",47.65,10.85,0.6318,1,Email,Trial,80.15,Daily at 2am,3161.3124,C6H12O6,JCZ,Harris et al. (2016),"[-0.6263, 0.4698, 1.7608, -1.4616, 1.5559, 0.1629, -0.9035, 0.6219]","[2.2611, -0.5245, -1.348, 0.9889, -0.8807, -1.032, -1.9399, -0.6487]",NaCl,"$38,664",ISO 8601,19.2,0.4673,"[0.5926, -0.4564, 0.1358, 0.6515, 0.1911, -0.165, 0.49, 0.2384]",-16.4%,"[-0.0216, 0.472, 0.4475, 1.2705, 2.2093, 1.2492, -0.3586, 0.7463]",+1,23.4,5-68,NaCl,9658,504,0.1355,22.0727,dfcaad0f-30d6-47c3-8e93-d4750383233e,7250.1336,3371,"6 22 * * 0,6",L,0.8637,batch-20180317-82
998,H2O,no,0.8276,8671.2299,approved,-36.69%,9265,34.57,2161 shares @ $373.88,0.7856,98.2,1,7631.6937,"[-0.3367, -0.0613, 0.1326, -0.1102, -0.43, 1.0282, -0.5502, -0.5223]",-67.9337,INV-811680,17375.3,1,"[0.2906, 0.9341, 0.1246, 0.9275, 0.0511, 0.072, 0.7322, 0.836]",10.02,7599.1623,03/24,15.17,ISO-8859-1,307.72,"[0.3863, 0.1821, 0.2246, -0.0894, 0.2456, -0.467, 0.3125, 0.3124]",-71.1973,14.7441,Male,2.3824,9904,-24.9765,"[0.3701, -0.1407, -1.2256, 0.3561, 0.4256, 0.6707, 0.3613, 0.9338]",-58.9699,0.2556,BILL-834981,24-82,5.2.65,26.5998,IF,"[23.03, 94.32]",CC BY 4.0,Ms.,3952,9 days,-28.218407,tenant-014,23:31:33,BILL-135137,0.9205,"[0.77, 0.175, 0.9349, 0.3578, 0.2726, 0.0862, 0.2362, 0.1702]",17.79,34.67,-0.6872,0,Social Media,Standard,52.46,Monthly on 1st,9069.3272,Homo sapiens,BWR,Johnson et al. (2020),"[-1.7889, -1.3501, 0.2114, -1.5416, 0.3038, -0.7034, -0.8373, -0.0125]","[-0.1831, 0.5537, 0.9135, -0.3663, 0.0267, -1.0713, 1.6836, 0.2014]",E. coli,"$6,914",POSIX,74.72,0.3108,"[0.6919, 0.9035, 1.3321, -0.5759, -0.8804, -0.0745, -0.289, -1.0849]",-46.03%,"[0.1409, -0.2509, -0.2243, 1.3224, -1.2178, -1.4585, 0.1269, 0.5893]",+61,30.2,5-75,E. coli,7345,98,0.9094,-86.7248,7e7bf9fb-65aa-4c8c-af79-c1dcf971c6ae,1725.3452,2209,37 3 * * *,S,0.3309,batch-20200608-59
2838,Homo sapiens,yes,0.0086,3687.7748,cancelled,22.1%,8602,16.51,3237 shares @ $369.65,0.4644,56.3,1,-972.3443,"[-0.1132, 0.1599, 0.3105, -0.221, 0.7776, 0.6696, -0.5244, 0.5692]",-46.6377,INV-197491,33032.7,1,"[0.8051, 0.5581, 0.0959, 0.3301, 0.1799, 0.5263, 0.1834, 0.121]",31.29,4266.8738,01/30,79.08,UTF-16,307.74,"[-0.0661, -0.1786, 0.0414, -0.2227, -0.918, -0.198, -0.0916, -0.1749]",75.5489,21.4738,Female,26.2877,1701,-38.8344,"[-0.2706, 1.3148, -0.612, -0.2338, 0.7549, -0.1824, -0.0181, 0.1986]",-25.4044,-0.3919,BILL-857241,7-67,4.4.13,25.0272,HGZP,"[29.62, 62.09]",CC BY 4.0,Dr.,5641,317 days,6.077973,tenant-021,18:11:17,BILL-516559,0.9818,"[0.2636, 0.3889, 0.0278, 0.3589, 0.6014, 0.4049, 0.6296, 0.7476]",74.0,26.4,-0.8379,1,Mobile,Standard,15.14,Weekly on Monday,2571.4801,C6H12O6,HQA,Garcia et al. (2005),"[-0.8248, -0.6668, -1.6107, 1.2337, 2.1853, -2.2416, 0.7725, -0.4425]","[-1.4246, 1.085, 0.6628, 0.2284, -0.7521, 0.239, -1.4877, 0.1257]",Homo sapiens,"$16,800",ISO 8601,88.34,0.2995,"[0.0488, -0.6632, 0.0171, 0.4046, 0.359, -0.8639, 0.0809, 0.3322]",34.66%,"[-1.0685, 1.3023, 0.0523, -0.278, -0.0486, -0.3112, -0.5363, 0.1]",+86,14.7,20-85,E. coli,7199,728,0.5378,26.819,5a48ead0-ae0c-4ba2-9b43-e8b72d472c2a,1842.8208,8872,"6 5 * * 0,6",M,0.9605,batch-20210508-44
9194,Homo sapiens,true,0.9982,5331.7985,completed,11.22%,4559,34.49,1314 shares @ $176.19,0.1454,96.2,0,2806.9134,"[0.2467, 0.1982, 1.0348, 0.174, -0.9112, -0.1071, -0.53, -0.4027]",55.1352,INV-557251,38731.1,0,"[0.4423, 0.6361, 0.8573, 0.4736, 0.5887, 0.0373, 0.8064, 0.7975]",32.77,9856.0003,09/26,70.65,ASCII,810.57,"[0.0961, -0.3601, 0.2209, 0.0194, -0.9684, 0.2031, -0.601, -0.1611]",36.2855,14.7034,Female,48.461,4488,-68.7997,"[-0.1601, -0.2641, 1.0236, -0.5606, 0.2913, -0.3832, 0.5914, 0.438]",0.0089,-0.8573,BILL-459092,0-93,1.17.24,7.1249,SETE,"[9.24, 61.45]",BSD-3-Clause,Hon.,9009,8 days,36.220655,tenant-046,06:39:58,BILL-763910,0.1517,"[0.8352, 0.7251, 0.1607, 0.2292, 0.0782, 0.2009, 0.4862, 0.1428]",65.3,65.78,-0.7221,1,Social Media,Free,2.27,Every 15 minutes,8409.1882,Homo sapiens,KYT,Garcia et al. (2021),"[-0.2513, -0.5684, 0.4483, 0.2553, 0.2857, -0.622, 0.1034, 1.0274]","[-0.7951, 0.0141, -1.0753, 0.3494, -0.1075, -0.3663, 2.0945, -0.7268]",Fe2O3,"$6,643",RFC 3339,95.9,0.7209,"[1.1192, 0.3365, 0.1705, -0.6278, 0.5662, 0.4991, -0.019, -0.1918]",43.14%,"[-0.3045, -1.0642, 0.2108, -0.7095, -0.784, 0.2248, 0.9782, -1.0963]",+49,-2.8,42-75,E. coli,3280,396,0.5011,-68.7648,846715f5-bdeb-4cf2-978c-a5903a388e31,666.0363,9022,28 4 * * 1-5,XXL,0.8353,batch-20250616-93
4309,C6H12O6,0,0.8077,4021.9322,cancelled,11.5%,7202,92.22,2237 shares @ $390.82,0.3507,28.7,0,4490.1271,"[0.1799, -0.0799, 0.4314, -0.1882, -0.9295, 0.6557, -0.1121, -0.4348]",97.282,INV-263437,29995.3,0,"[0.0483, 0.2608, 0.7829, 0.7008, 0.531, 0.9185, 0.8014, 0.3278]",40.06,5507.3206,10/29,96.99,ISO-8859-1,126.7,"[0.8478, 0.2691, -0.3568, 0.3963, 0.2192, -1.4703, 0.0788, 0.419]",-92.4858,22.0867,Unisex,27.9965,9347,85.6897,"[-0.2226, -0.2423, 0.5726, -0.0821, 0.5491, 0.1202, 0.3304, 0.3048]",30.7906,-0.5813,BILL-792273,26-63,0.7.56,13.6036,YL,"[16.42, 91.46]",MIT,Ms.,4507,159 days,-87.362115,tenant-013,10:47:42,BILL-492487,0.069,"[0.0793, 0.6549, 0.6814, 0.19, 0.3744, 0.3505, 0.8802, 0.0126]",65.12,52.28,0.1056,0,Email,Basic,75.69,Daily at 2am,9638.9438,C6H12O6,YJM,Robinson et al. (2026),"[-0.31, 0.6857, 0.4974, 1.5515, 0.1931, 1.366, -0.1479, 1.1879]","[-0.5085, -0.9728, 1.1139, -1.5108, 0.1507, 0.8364, -0.1232, -0.5467]",H2O,"$43,361",IEEE 754,80.72,0.1343,"[-0.1019, -0.0058, 0.3979, 0.0797, 0.0239, 0.127, 0.2106, -0.3096]",35.03%,"[-1.5547, 1.0788, 2.2624, 2.3571, 0.1369, -1.017, 1.433, -0.3279]",+81,-31.6,12-65,NaCl,5290,380,0.6064,28.1981,3ff3d2cf-71ca-46ac-b02e-9a5ddef94702,4742.1107,2772,9 22 * * *,XL,0.4628,batch-20220919-50
5270,H2O,no,0.6398,76.5044,rejected,37.04%,7943,46.51,4466 shares @ $15.02,0.9508,35.1,0,8635.3066,"[0.3079, -0.3015, 0.1709, 0.3305, -0.7874, -0.3223, 0.2084, 0.144]",-27.5755,INV-745702,34160.1,0,"[0.2399, 0.2194, 0.6019, 0.3909, 0.284, 0.562, 0.5915, 0.6947]",40.99,4227.4927,12/30,68.85,ISO-8859-1,633.05,"[0.4472, 0.3395, -0.2142, -0.5996, -0.4192, -0.2678, -0.6224, -0.4815]",46.5368,26.8612,Unisex,44.8762,8475,-7.0025,"[0.6089, -0.151, 0.0577, 0.1759, 0.2428, 0.4886, -1.2819, 0.3934]",8.5144,-0.9096,BILL-360777,12-70,2.4.19,20.6325,BHCD,"[3.61, 71.34]",Proprietary,Mr.,3837,90 days,76.088053,tenant-015,04:36:29,BILL-249457,0.483,"[0.9538, 0.7311, 0.7478, 0.6685, 0.4085, 0.4788, 0.1074, 0.1371]",33.73,65.87,0.9662,0,Phone,Standard,63.89,Every 15 minutes,3415.5329,E. coli,ZMC,King et al. (2010),"[1.1722, -0.1176, 1.7896, -0.7704, -1.5346, 0.309, -0.1519, 0.7014]","[-0.4016, 2.0784, -0.0438, 0.94, 0.0396, -1.7197, 0.1944, 1.2597]",C6H12O6,"$48,008",RFC 3339,71.73,0.5108,"[-0.6896, 0.1719, 0.6601, -0.603, -0.0144, -0.15, -0.3285, -0.1319]",30.72%,"[-0.038, -0.3919, 0.9871, 2.0661, 0.1128, 1.2113, -1.3586, 0.0362]",+55,-27.9,45-68,H2O,5616,551,0.6005,92.1715,02f1969f-b3ed-4028-8075-aee7b7664468,-663.2892,1399,25 12 * * 1-5,S,0.8672,batch-20260913-12
5487,Fe2O3,true,0.9865,8663.6277,inactive,-30.89%,1019,49.23,2044 shares @ $471.67,0.1008,33.2,0,565.614,"[0.6507, -0.9485, 0.4682, 0.1677, 0.4399, -0.9244, -0.0265, 0.1547]",3.2076,INV-278686,42336.2,0,"[0.3506, 0.3197, 0.7261, 0.4917, 0.7151, 0.0526, 0.9306, 0.3905]",55.31,8778.7428,04/30,92.44,UTF-8,558.71,"[-0.2649, 0.3226, -0.5821, 0.2107, -0.0708, -0.3136, -0.2746, 0.4329]",-82.5368,25.3865,Female,0.2336,3817,77.3924,"[0.2188, 0.1197, -0.0219, -0.0105, -0.3752, 0.194, 0.0406, -0.0954]",-60.1099,-0.2769,BILL-581903,9-91,3.20.37,48.2974,FB,"[21.66, 62.17]",Proprietary,Ms.,107,77 days,-84.119837,tenant-018,08:03:25,BILL-250460,0.5923,"[0.8385, 0.2459, 0.2009, 0.6171, 0.2205, 0.5729, 0.0382, 0.0904]",12.13,21.7,-0.5902,0,Mobile,Premium,44.34,Monthly on 1st,9148.0136,Homo sapiens,NLO,Johnson et al. (2024),"[0.938, -0.1481, -1.27, 0.4858, 0.1346, -0.9416, 0.3316, 0.4871]","[0.6611, 0.1257, 0.6048, 0.6678, 0.8562, 0.4158, 0.2626, -0.0387]",E. coli,"$5,235",ISO 8601,44.84,0.1558,"[-0.1116, -0.4872, 0.2809, 0.3185, 0.0709, 0.6473, 0.549, -0.0964]",44.73%,"[0.6304, -0.9769, -0.6694, 0.654, 0.4395, -1.5147, 2.8119, 1.9105]",+86,-0.0,19-60,NaCl,4197,463,0.5349,11.9973,66f94f2f-c61e-445e-ae30-b01b5e610a8b,8342.2952,4916,58 9 * * *,XL,0.8975,batch-20260206-15
8605,H2O,false,0.7894,4167.8616,completed,46.64%,9263,69.84,1748 shares @ $32.34,0.2053,23.5,0,2348.4687,"[0.1118, 0.0564, 0.9221, 0.0373, -0.0776, 0.861, -0.0866, -0.1718]",-12.399,INV-725292,19021.3,1,"[0.8712, 0.4974, 0.2417, 0.538, 0.5166, 0.1446, 0.558, 0.5983]",73.77,8818.3268,07/30,15.6,Latin-1,17.03,"[-0.4028, 0.2138, -0.2181, 0.2095, -0.0041, -0.4283, 0.1646, -0.2512]",59.8444,7.1795,Male,9.8216,1692,-65.9785,"[-0.2359, 0.2463, -0.7933, 0.7517, -0.0121, 0.6201, -0.6892, 0.0043]",-52.6583,0.71,BILL-281811,33-91,2.4.20,1.2017,HCMQ,"[26.28, 73.83]",Proprietary,Prof.,1687,236 days,33.037856,tenant-039,14:32:31,BILL-185090,0.6265,"[0.022, 0.25, 0.8536, 0.3212, 0.0695, 0.1771, 0.6491, 0.2682]",5.34,81.09,-0.7271,0,Social Media,Basic,5.81,Daily at 2am,5193.694,NaCl,MNF,Davis et al. (2022),"[0.1577, -1.0049, -0.8431, -0.9415, 0.4972, -0.8001, -0.2317, -0.9693]","[-0.2517, 0.8723, 1.4851, -0.9589, -0.7382, -1.7608, -0.65, -1.3197]",NaCl,"$39,583",IEEE 754,96.44,0.6838,"[0.4363, -0.3964, 0.3767, -0.7552, -0.297, 0.0199, 0.0432, -0.4198]",37.82%,"[1.3225, 0.5466, 0.7511, 0.7291, 0.1122, 0.1341, 0.9449, -1.3162]",+86,23.4,39-97,E. coli,8370,769,0.3333,8.5789,6066f4e0-610b-4138-b09b-c6f2fa8b422a,824.4695,4173,"41 0 * * 0,6",XL,0.1091,batch-20210331-99
5088,C6H12O6,no,0.4695,7136.8234,failed,39.57%,5520,84.84,3832 shares @ $479.71,0.5029,35.1,1,4771.0855,"[0.5196, -0.2303, 0.2845, -0.3426, 0.2761, -0.6562, -0.0807, -0.0893]",11.2815,INV-835039,26651.0,0,"[0.8989, 0.7723, 0.3855, 0.0567, 0.2493, 0.3785, 0.3179, 0.6627]",55.8,-354.2496,09/30,24.19,UTF-16,114.35,"[0.3088, -0.3725, -0.1513, -0.5754, 0.7163, -0.0424, -0.1013, -0.1543]",-59.6036,24.4764,Unisex,4.0129,6248,-85.3885,"[-0.4874, -0.518, -0.4595, -0.3238, 0.4626, 0.3223, 0.2143, 0.3947]",32.3099,0.9955,BILL-231781,43-64,4.19.41,6.6374,XL,"[8.34, 86.26]",GPL-3.0,Prof.,880,164 days,35.719182,tenant-011,05:56:54,BILL-368489,0.2322,"[0.1728, 0.5184, 0.6193, 0.7032, 0.2049, 0.2454, 0.9942, 0.1052]",72.55,18.89,-0.9979,1,In-Store,Premium,16.49,Monthly on 1st,9912.5622,Fe2O3,CEU,Brown et al. (2016),"[1.0732, -0.7709, 0.1221, -0.3525, -1.6275, -0.7405, -1.0256, -0.0625]","[-1.3929, -0.0949, -0.4563, -0.2737, 1.8184, -0.3917, 0.5558, 1.549]",C6H12O6,"$8,884",W3C Date,44.35,0.7241,"[0.0256, 0.5187, -0.2731, 0.5625, 0.0057, 1.2878, 0.8458, -0.408]",-19.35%,"[0.094, 0.725, 0.5655, -1.1069, -0.6941, -0.6405, 0.1015, -0.0534]",+91,-10.8,24-100,Fe2O3,5303,403,0.2133,72.6409,de0c1027-daab-4235-befb-2839d2e57d00,2197.6681,8634,"5 17 * * 0,6",XXL,0.929,batch-20190104-16
3023,Homo sapiens,yes,0.0551,2359.1676,pending,14.62%,7296,65.34,1691 shares @ $331.65,0.404,24.8,1,-951.1741,"[0.0868, 0.2231, -0.9727, 0.5357, -0.0215, -0.4237, 0.3867, 0.2696]",-57.0464,INV-835938,14562.3,1,"[0.857, 0.9938, 0.5541, 0.1203, 0.5909, 0.7071, 0.7754, 0.6941]",72.34,9444.9425,02/25,54.87,Latin-1,857.04,"[-0.2239, 0.2924, -0.1131, -0.1636, 0.2153, -0.1272, -0.4001, 0.429]",-72.8272,8.1783,Female,29.1921,6794,-56.3014,"[-0.2122, -0.6143, 0.4878, -0.5867, 0.5048, -0.0753, -0.3997, 0.4561]",-12.7548,-0.3524,BILL-581514,34-88,4.7.4,11.1174,RXI,"[17.32, 62.48]",BSD-3-Clause,Dr.,199,242 days,37.770011,tenant-010,05:55:13,BILL-947646,0.7724,"[0.9773, 0.9264, 0.6949, 0.5939, 0.5551, 0.2122, 0.4212, 0.6937]",16.3,71.27,0.2387,0,In-Store,Standard,28.87,Every 15 minutes,3627.7128,E. coli,QOV,Moore et al. (2012),"[-0.3312, -1.1357, -0.618, 0.1041, -1.861, 1.5101, 0.3229, -1.2283]","[0.8172, -1.0692, 0.4899, -1.3351, 0.0804, 1.3718, 1.7489, -2.1342]",NaCl,"$44,336",POSIX,10.9,0.7239,"[0.4437, 0.2311, 0.3186, 0.2495, -0.4226, 0.6791, -0.7685, -0.5826]",-22.8%,"[0.9219, -0.3396, 2.0685, 1.0331, -1.2796, -2.6231, 0.1497, -0.0518]",+33,20.7,33-85,NaCl,9389,919,0.5126,-24.6596,91979c0e-9d8f-4c91-b1c4-ad9abad19e21,4522.5062,1762,"57 21 * * 0,6",XS,0.2786,batch-20180930-29
8748,Fe2O3,no,0.1579,7207.0719,active,-16.94%,4097,63.42,1896 shares @ $219.0,0.8829,23.6,0,2828.0177,"[-0.9991, 0.0906, 1.0874, -0.1904, 0.2323, -0.2843, -0.4933, 0.4165]",-3.5065,INV-418833,2615.9,0,"[0.5492, 0.7089, 0.6767, 0.7623, 0.0832, 0.2009, 0.5007, 0.3762]",78.83,8706.0617,12/26,26.04,ASCII,81.56,"[0.0072, -0.327, 0.1421, 0.9295, -0.0177, 0.0573, -0.1791, -0.0326]",98.1596,34.9663,Male,38.9863,151,18.4421,"[-0.6922, -0.6513, 0.6685, -0.4034, 0.5349, -0.2589, 0.4119, -0.2467]",-31.2513,0.7269,BILL-839096,16-96,0.8.59,14.8411,GCZ,"[13.85, 75.9]",GPL-3.0,Prof.,7550,146 days,21.467031,tenant-050,09:21:58,BILL-258726,0.6111,"[0.5592, 0.8832, 0.0381, 0.4518, 0.8616, 0.7452, 0.3899, 0.582]",63.99,23.91,0.6934,0,Chat,Standard,48.8,Every 15 minutes,2553.8348,E. coli,ZUR,Lewis et al. (2003),"[0.4644, -1.794, -0.7415, 0.3635, -0.5223, 0.7907, 0.5937, 1.7971]","[1.2441, -0.56, -1.6205, -0.0049, 0.2254, -0.2347, 1.0251, -1.8112]",C6H12O6,"$3,707",POSIX,33.02,0.4642,"[0.2608, -0.8891, 0.6935, 0.6177, -0.4353, -0.0291, -0.4426, -0.1606]",-9.26%,"[0.9801, 0.1658, 0.9783, -1.8142, 2.8483, -0.2803, -0.0123, -0.3412]",+91,-14.3,42-54,H2O,1207,109,0.5031,50.7053,433df5da-70f8-4ed5-8e34-9bfecab41449,7675.3896,3702,48 1 * * *,M,0.2579,batch-20221226-67
1091,Fe2O3,yes,0.6004,5988.6835,pending,-45.08%,2419,70.51,3249 shares @ $157.64,0.7937,61.9,0,4009.7739,"[0.7045, 0.187, -0.2076, -0.6195, -0.2903, -0.1615, 0.0656, 0.5758]",11.5066,INV-594367,5806.5,1,"[0.4356, 0.0513, 0.265, 0.1141, 0.7115, 0.8138, 0.912, 0.6824]",61.39,7264.8802,10/29,54.85,ISO-8859-1,847.65,"[-0.5609, -0.0271, 1.2234, 0.0634, 0.0674, 0.0993, -0.6934, -0.3454]",-17.1241,44.1823,Male,4.0809,9668,48.1526,"[0.2878, 0.6147, -0.299, 0.4993, 0.5008, 0.4739, 0.0468, 0.3164]",-37.1314,0.3456,BILL-997819,10-76,2.16.68,44.5984,URS,"[1.46, 87.94]",CC BY 4.0,Rev.,9889,321 days,-71.837389,tenant-026,22:08:18,BILL-792327,0.6905,"[0.5814, 0.2015, 0.2744, 0.9111, 0.7518, 0.1433, 0.435, 0.5992]",60.95,23.68,-0.5159,0,Email,Premium,12.05,Monthly on 1st,3939.9243,H2O,BIU,Thompson et al. (2019),"[-0.0385, -1.4275, -0.6642, -0.5581, -2.2076, -1.3403, 0.8174, 1.8068]","[0.4088, 0.0961, 0.9256, -2.4006, -1.7668, -1.1687, 0.4718, 0.1506]",H2O,"$43,463",W3C Date,8.75,0.2095,"[0.1064, -1.6985, -0.8022, 0.0676, -0.1821, -0.4161, -0.6853, 0.0641]",-1.79%,"[0.4764, 0.2495, 0.3677, -0.3281, -1.4786, -0.3123, 0.4579, -0.7215]",+33,14.9,33-85,C6H12O6,6560,375,0.6012,80.0215,6b7ad19d-4442-499d-9862-1585e47d616e,7156.1027,7546,19 6 * * 1-5,L,0.9184,batch-20250529-18
9491,NaCl,true,0.4725,4773.5009,inactive,41.35%,5483,42.7,2657 shares @ $301.92,0.7178,94.7,0,-227.3363,"[-0.255, 0.0572, -0.3018, -0.9393, 0.4573, 0.2784, -0.2405, -1.1583]",3.8994,INV-383996,1201.1,0,"[0.1401, 0.6648, 0.5752, 0.8612, 0.9783, 0.6008, 0.8387, 0.9421]",30.13,-643.1051,11/28,75.66,ASCII,864.96,"[0.8363, -0.702, 0.4003, -0.3206, -0.0614, 0.2999, -0.3056, -0.1089]",-79.2565,7.3898,Unisex,8.9845,6840,-34.2659,"[-0.0587, 0.0704, -0.0777, -0.242, 0.4536, 0.0095, 1.5372, 0.58]",-6.6427,-0.6652,BILL-805075,3-66,3.18.49,35.5004,BID,"[21.98, 66.6]",MIT,Hon.,6356,153 days,53.803726,tenant-020,23:00:25,BILL-364934,0.3912,"[0.6099, 0.1316, 0.2794, 0.539, 0.9465, 0.4486, 0.8561, 0.2141]",57.27,88.15,0.7487,1,Chat,Trial,18.95,Every 15 minutes,3287.5015,NaCl,BZW,Smith et al. (2023),"[-0.8491, 1.0595, 1.0443, 0.4785, -0.4144, -0.2263, -0.0585, 0.5701]","[0.0565, 0.1587, 0.3034, 0.1666, -0.7637, -0.4201, -0.9161, -0.2802]",H2O,"$31,974",IEEE 754,17.35,0.886,"[-0.0673, -0.9025, 0.8728, 0.109, -0.6402, -0.8207, 0.4137, 0.7154]",8.3%,"[-0.1264, 0.2201, -0.6082, -0.1728, 1.8627, 1.1774, -0.7526, 2.1587]",+1,-27.9,48-93,NaCl,6557,617,0.3264,56.5113,3e78ee29-7860-4915-bd3c-5439e3e1b13e,2005.1854,9681,"23 17 * * 0,6",M,0.9656,batch-20180816-22
9116,E. coli,false,0.2766,2948.0032,failed,-45.83%,6129,41.75,3768 shares @ $470.73,0.0097,83.7,1,2861.098,"[0.8884, 0.5009, 0.5254, 0.2674, -0.2353, -0.4767, 0.0153, -0.0401]",22.4212,INV-176727,2666.4,0,"[0.6299, 0.9768, 0.7629, 0.352, 0.9839, 0.5001, 0.8268, 0.0085]",82.07,1651.4228,02/25,98.16,Latin-1,997.33,"[0.7302, -0.2588, 0.6302, -0.219, 0.3025, 0.032, -1.0952, 0.7885]",69.0884,45.9614,Male,40.0465,3502,38.2615,"[0.1479, 0.1505, -0.0018, 0.363, 0.0583, 0.0533, -0.6208, -0.109]",-1.6879,0.5683,BILL-689100,39-67,4.16.67,20.7424,FTHU,"[36.15, 70.97]",GPL-3.0,Mrs.,1215,32 days,80.925281,tenant-031,05:52:51,BILL-708514,0.2389,"[0.448, 0.812, 0.8489, 0.4341, 0.8666, 0.7204, 0.7396, 0.3957]",16.75,98.06,0.7473,1,In-Store,Basic,37.46,Monthly on 1st,8495.1084,C6H12O6,COA,Garcia et al. (2010),"[-0.492, 0.8384, 0.0046, 0.8401, 0.0082, 2.0962, 1.994, -0.0755]","[0.598, 0.5291, 0.8741, 1.4671, -1.016, -1.9959, 0.1603, -1.1488]",Fe2O3,"$5,767",W3C Date,23.91,0.3697,"[0.2819, 0.4486, 0.5191, 0.3623, -0.1466, 0.2356, 0.0917, -0.1355]",-40.96%,"[0.6074, 1.4837, -0.8527, 0.2623, -0.2235, 0.1252, 1.7872, -1.6355]",+1,-13.8,37-88,C6H12O6,5160,609,0.9534,91.9278,0bb189dc-d97b-4737-af7f-4640b3588f48,1655.6817,2774,7 8 * * *,XS,0.9661,batch-20220216-05
3936,NaCl,yes,0.7869,5337.0537,inactive,19.48%,2388,12.94,190 shares @ $73.37,0.6587,26.9,0,3780.1356,"[0.0047, 1.0634, 0.2085, -0.1583, -0.6642, -0.5444, -0.354, 0.9779]",-38.023,INV-565389,5232.4,0,"[0.4241, 0.097, 0.7962, 0.1962, 0.2753, 0.2553, 0.9329, 0.9218]",63.54,6507.3681,02/30,9.49,UTF-8,659.36,"[-0.3718, -0.6365, 0.1206, -0.066, -0.4479, 0.024, 0.3464, 0.7105]",47.5473,16.8499,Female,28.4384,6157,75.7188,"[-0.5966, -0.2302, 0.4081, 0.4111, -0.2641, -0.3351, 0.1414, 0.8668]",-71.5286,0.2129,BILL-190854,46-72,2.3.44,8.2498,EST,"[12.56, 72.69]",GPL-3.0,Mr.,474,291 days,7.007947,tenant-039,22:42:23,BILL-305447,0.6035,"[0.8312, 0.5858, 0.8248, 0.7402, 0.1639, 0.2939, 0.462, 0.3173]",35.31,89.19,-0.7015,1,Phone,Basic,71.48,Every 15 minutes,-197.495,Homo sapiens,GPQ,White et al. (2016),"[1.4091, -1.3875, 0.1855, -1.1206, 1.328, -0.7183, -0.3237, -0.8939]","[1.014, -0.84, -0.8132, -0.326, 0.1238, -0.1631, -0.7965, -0.5966]",H2O,"$41,640",IEEE 754,13.3,0.068,"[-0.7376, -0.2668, -0.0634, -0.8989, 0.171, 0.5225, -0.063, -0.7761]",1.59%,"[-1.0447, -0.7133, 2.5037, 1.3446, 2.2128, 0.7657, -0.7352, -0.6407]",+61,-25.7,16-81,C6H12O6,3800,187,0.3602,-62.9634,7d9f8097-29bc-45d1-99cf-6af648b3c479,3627.6121,5742,"22 3 * * 0,6",XXL,0.3978,batch-20230715-74
379,C6H12O6,no,0.6443,2776.938,pending,-18.37%,9786,81.01,453 shares @ $164.31,0.0992,25.2,0,7252.062,"[0.1617, 0.1878, 0.6105, 0.6275, -0.1995, 0.1488, -0.2557, 0.0936]",-2.1323,INV-396003,46095.6,1,"[0.1896, 0.3386, 0.6464, 0.444, 0.446, 0.3651, 0.3497, 0.835]",22.9,5525.2218,08/28,51.53,UTF-16,62.09,"[-0.6719, -0.3287, -0.234, -0.1156, 0.345, -0.0118, -0.2459, -0.5961]",-50.2917,26.9944,Unisex,33.9491,3800,-62.5464,"[0.8499, 0.1771, -0.5883, 0.7334, 0.5154, 0.4656, -0.1069, -0.6659]",83.4939,0.9909,BILL-123320,23-55,3.14.13,18.2599,NFRR,"[32.61, 74.51]",Proprietary,Dr.,6015,126 days,13.851773,tenant-008,12:29:48,BILL-725336,0.1232,"[0.7142, 0.2461, 0.016, 0.0082, 0.757, 0.0834, 0.8837, 0.9927]",8.82,49.73,0.7906,1,Email,Premium,68.3,Monthly on 1st,4903.6042,E. coli,JZS,Martin et al. (2020),"[1.4052, 0.304, 0.3894, -0.6251, 1.0822, -0.3272, 0.9118, -0.8635]","[1.3742, -0.8769, 0.5544, 1.7609, 1.5982, 1.9071, 0.3257, -0.7597]",Fe2O3,"$6,955",ISO 8601,38.73,0.3448,"[-0.7181, -1.5065, -0.054, 0.1236, 0.676, 0.0126, -0.8557, 0.3611]",-46.65%,"[1.6321, -0.4241, 0.1238, -0.9827, 0.4566, -0.4964, -0.2285, -0.1515]",+55,34.3,27-65,H2O,8694,630,0.5388,51.697,254b1aa9-3e09-4350-bb2f-fcf153986c2b,8975.4451,4451,"56 6 * * 0,6",M,0.0968,batch-20181027-88
1840,Homo sapiens,1,0.0447,875.8118,pending,7.25%,5320,14.38,473 shares @ $118.54,0.9872,81.6,0,-226.9973,"[-0.631, 0.3582, 0.2439, -0.1995, -0.0691, -0.3006, 0.765, 0.1121]",-27.8064,INV-510705,38050.7,0,"[0.2063, 0.7514, 0.3588, 0.8897, 0.3631, 0.1451, 0.9096, 0.3816]",30.05,1832.691,09/27,92.15,Latin-1,255.37,"[-0.7437, 0.0128, -0.7549, 0.4674, -0.1692, -0.1856, 0.7187, -0.1221]",46.9439,40.3031,Female,16.7524,2934,-38.9344,"[-0.3848, -0.0539, -0.3563, -0.1583, -0.6322, 0.0975, -0.4736, -0.4157]",85.351,0.5013,BILL-240185,4-55,3.1.61,6.6299,UUN,"[31.11, 77.17]",Apache-2.0,Prof.,9327,253 days,23.800528,tenant-015,09:35:49,BILL-659900,0.7915,"[0.1153, 0.225, 0.0323, 0.965, 0.4594, 0.0464, 0.0506, 0.8488]",15.76,47.09,-0.4248,1,Phone,Standard,8.27,Every 15 minutes,3564.9708,E. coli,MIH,Harris et al. (2023),"[0.0632, 1.4979, -0.5307, -0.1039, 1.4354, 1.8726, -0.904, -0.0982]","[-1.0237, -0.0822, 1.652, 0.9492, -2.7422, -0.7712, -0.309, -0.6887]",Homo sapiens,"$11,274",IEEE 754,79.63,0.0659,"[0.7844, -0.4103, 0.3152, 0.2069, -0.033, -0.3577, 0.0715, 0.8739]",-0.31%,"[0.9928, -0.0868, -0.4264, -1.1649, -1.0518, -0.9324, -1.9663, -1.8181]",+61,-10.5,4-72,Fe2O3,2567,796,0.0984,-1.1458,b0aa6504-568c-4453-90b4-46aa74590661,5942.9482,8220,10 5 * * 1-5,L,0.9878,batch-20240330-07
7292,NaCl,0,0.2158,9663.8977,approved,9.13%,756,21.68,4021 shares @ $203.12,0.9989,35.8,1,7008.121,"[0.2078, 0.5258, -0.5253, 0.1197, 0.2202, 0.6583, -0.7037, 0.245]",7.08,INV-837600,39771.1,0,"[0.5277, 0.7455, 0.4337, 0.1847, 0.2431, 0.5453, 0.8696, 0.3057]",9.5,-30.4745,07/28,7.87,UTF-8,316.07,"[0.6528, 0.135, -0.6574, -0.2897, -0.2248, 0.2231, -0.0018, 0.5679]",-86.6355,31.759,Female,31.6025,2157,10.6362,"[-0.2539, 0.2317, 0.4602, -0.2497, -0.3741, -0.3155, -0.6788, 0.7016]",-26.7777,0.1672,BILL-270416,9-96,2.19.49,8.2283,STHG,"[27.0, 81.47]",MIT,Ms.,8855,229 days,20.880246,tenant-019,12:44:19,BILL-682354,0.1757,"[0.9688, 0.532, 0.738, 0.3985, 0.816, 0.2619, 0.0517, 0.5632]",21.1,30.39,0.5795,0,Web,Enterprise,48.36,Every 15 minutes,914.4916,H2O,QVX,Harris et al. (2016),"[-0.2501, 1.9707, -0.4323, 1.8243, -1.2336, -0.477, 1.716, -0.0036]","[0.3505, -1.5888, 0.7157, 0.9827, -1.1991, 0.6629, 0.7199, -0.3517]",NaCl,"$38,656",W3C Date,90.89,0.3539,"[-0.7586, 0.1722, -0.1293, -0.602, 0.0123, 0.043, 0.2902, -0.5194]",-42.95%,"[0.5674, 0.7401, -0.0379, 0.1113, -0.6265, -0.127, 1.6369, -0.0263]",+1,-5.7,27-71,H2O,5601,328,0.4704,0.7256,387fdff9-fc7f-40a5-8ac0-96ec523a188f,3046.976,411,"54 23 * * 0,6",XS,0.0431,batch-20201101-61
3137,Fe2O3,0,0.3386,1090.6488,failed,-12.8%,2884,1.47,3765 shares @ $61.4,0.4996,26.7,0,3356.0957,"[1.2063, 0.4047, 0.1253, -0.0457, 0.6662, 0.4956, 0.0339, -0.8493]",93.8237,INV-997141,15625.0,1,"[0.7361, 0.5045, 0.0303, 0.0319, 0.585, 0.7962, 0.23, 0.2923]",35.9,2289.0716,09/30,22.21,ASCII,426.85,"[0.2224, 0.2393, 0.0414, 1.0845, -0.6958, -0.1935, -0.4174, 0.2774]",58.7699,49.1227,Male,28.2577,5116,88.9759,"[-0.0443, -0.2712, 0.0657, -0.0568, -0.4952, 0.2828, 0.174, -0.0897]",-17.4305,-0.444,BILL-514515,17-74,3.14.20,9.8149,UEJO,"[38.24, 83.54]",Proprietary,Ms.,6190,220 days,-63.449619,tenant-014,01:44:39,BILL-602133,0.2268,"[0.5805, 0.6315, 0.7964, 0.4586, 0.5924, 0.463, 0.619, 0.5975]",28.88,6.73,0.2897,1,Email,Trial,75.55,Monthly on 1st,9047.7164,H2O,XSB,White et al. (2016),"[-0.2103, 0.3642, 1.0716, -0.3478, -1.1808, 0.0186, -1.2862, -0.4033]","[-0.0376, -1.0579, 0.9304, 1.1369, 0.5636, -1.3597, 0.672, 0.7934]",C6H12O6,"$10,779",W3C Date,12.42,0.3377,"[0.3228, 0.2384, 0.2912, -0.2431, 0.3786, -0.3481, 0.8549, 0.0836]",15.32%,"[1.6119, -1.3261, 1.1392, 0.4879, -0.0088, 0.4466, 0.6474, 1.6404]",+55,6.4,36-79,Fe2O3,3077,412,0.708,19.2703,3d327e7d-b93d-4579-82d6-1ac72d14b6d9,4582.9791,9019,39 19 * * *,L,0.7497,batch-20180730-79
9935,Homo sapiens,no,0.0345,8065.4978,active,2.7%,639,80.35,3015 shares @ $379.78,0.8477,27.8,0,883.2193,"[0.2974, -0.1478, 0.4012, 0.6433, 0.6649, -0.2355, 0.3862, -0.0829]",3.0162,INV-824295,13683.9,0,"[0.5364, 0.4455, 0.6606, 0.9514, 0.3553, 0.1475, 0.0713, 0.96]",9.52,9257.2385,10/29,76.96,ASCII,948.17,"[-0.2574, 0.3504, -1.1163, 0.1086, -0.3501, -0.3171, -0.1224, 0.0368]",-58.8459,38.7078,Unisex,33.3228,7603,73.9701,"[0.4154, 0.3265, -0.0832, 0.6974, -0.0941, 0.3174, 0.0052, -0.3942]",-10.9491,-0.0365,BILL-648513,37-70,2.20.15,13.8094,GOI,"[30.95, 61.27]",Proprietary,Prof.,307,75 days,-55.982289,tenant-019,03:42:28,BILL-519729,0.7058,"[0.0116, 0.4032, 0.857, 0.4089, 0.9105, 0.7578, 0.0952, 0.011]",69.45,63.11,-0.1161,0,Mobile,Enterprise,36.11,Weekly on Monday,9447.616,C6H12O6,BPD,Thompson et al. (2011),"[1.065, -0.4225, 0.046, 1.1312, 0.9679, 0.163, 1.1889, 0.6933]","[1.413, 0.3241, 0.6582, 0.4532, -2.0144, -0.2989, -0.3318, 0.3503]",E. coli,"$18,177",W3C Date,50.32,0.2468,"[-0.3066, -0.2479, 1.2329, 0.2359, -0.4886, 0.5614, 0.2378, -0.085]",24.04%,"[-0.2639, 0.7221, -0.971, -0.7743, 1.4843, 1.0691, -0.1077, -0.6511]",+1,32.0,8-84,H2O,5194,576,0.6565,-63.0784,4cbe72c7-297a-4d60-818e-8bda37a187a5,1353.3008,644,33 20 * * *,S,0.7114,batch-20201113-91
5963,NaCl,0,0.9723,5971.7673,active,33.68%,7754,95.57,4131 shares @ $85.37,0.655,37.7,0,6657.577,"[-0.5272, -0.5247, 0.2862, 0.0803, -0.0963, 0.9384, -0.1299, -0.8831]",-2.4125,INV-500696,548.4,0,"[0.6094, 0.7146, 0.6814, 0.0725, 0.0018, 0.9588, 0.443, 0.5733]",72.64,7263.1069,01/26,44.89,Latin-1,569.68,"[-0.4221, -0.2995, 0.1964, -0.0961, 0.6871, -0.3861, 0.0757, -0.6302]",-81.4605,28.4286,Female,26.0854,8033,-46.997,"[-0.7253, 0.3378, -0.5358, -0.25, -0.2084, 0.1485, 0.6253, -1.0597]",99.4164,-0.2332,BILL-610988,45-70,4.13.84,30.6318,TJE,"[22.1, 81.55]",BSD-3-Clause,Ms.,3179,201 days,61.703114,tenant-011,23:26:10,BILL-161278,0.6185,"[0.0741, 0.6748, 0.4521, 0.2361, 0.2773, 0.4588, 0.4255, 0.3199]",91.8,3.15,0.4477,1,In-Store,Basic,48.66,Daily at 2am,8500.7393,C6H12O6,QED,Rodriguez et al. (2015),"[-1.3285, 1.5219, -1.0073, 1.8326, 1.7563, -1.1906, -1.425, -1.4361]","[-0.3297, 1.4096, 0.0526, -0.1144, 0.7713, 0.4408, 2.2608, 1.8902]",E. coli,"$41,030",IEEE 754,14.83,0.902,"[-0.3854, -0.7445, -0.4085, 0.5399, -0.2048, -0.1618, -0.1796, -0.1992]",33.18%,"[0.883, 0.4867, 1.6301, 0.0946, 3.4344, -0.3762, -0.2724, 0.5529]",+86,47.1,10-62,Fe2O3,7074,438,0.5056,89.8176,feda0694-0e76-453b-b454-11b865ae404b,2796.8839,6311,55 17 * * 1-5,S,0.3955,batch-20250915-23
7534,Fe2O3,yes,0.7484,8755.8982,cancelled,-24.98%,8484,89.94,4866 shares @ $220.68,0.7147,47.4,1,9115.4484,"[0.0597, -0.129, -0.2026, -0.0048, 0.0629, 0.3065, -0.0263, -0.9697]",91.4596,INV-724073,8512.9,1,"[0.5837, 0.3319, 0.2447, 0.1197, 0.6007, 0.9796, 0.403, 0.9649]",44.85,8203.1695,07/26,68.46,UTF-16,678.05,"[-0.4267, 0.3838, 0.5552, -0.0452, 0.8247, 0.4285, 0.2794, 0.3662]",97.1811,46.2672,Male,10.4256,9781,-4.3782,"[0.2793, -0.5527, -0.0408, -0.7919, -0.186, 0.9245, 0.3704, 0.3118]",12.2851,-0.6502,BILL-394378,1-63,0.5.37,7.9506,SH,"[12.1, 94.7]",MIT,Dr.,1352,243 days,52.274459,tenant-011,10:09:30,BILL-971086,0.158,"[0.4094, 0.9542, 0.2104, 0.5725, 0.9341, 0.4343, 0.064, 0.6895]",36.28,91.75,0.7501,1,Chat,Trial,95.38,Monthly on 1st,140.5264,C6H12O6,BQF,Clark et al. (2026),"[0.0324, 0.9975, -0.5882, -1.537, -1.1243, -0.3216, -1.0519, 0.0636]","[1.6875, 0.9836, -1.3264, -1.3098, 0.3738, 0.6552, 1.524, 0.7639]",E. coli,"$36,995",RFC 3339,71.43,0.8647,"[1.1257, -0.874, -0.7361, -0.1977, 0.1193, 0.3501, -0.0385, 0.8033]",-47.76%,"[0.3473, -2.6699, -0.71, -0.3043, 1.058, 0.9716, -0.7532, -0.3697]",+91,-21.0,0-88,NaCl,9278,540,0.7559,-77.7147,5a8727dd-03f6-48e1-98e5-244ef99b18a3,1722.8479,7586,32 22 * * *,XL,0.4324,batch-20230822-88
46,NaCl,false,0.2548,3124.964,rejected,44.87%,2170,46.9,2579 shares @ $342.77,0.0616,18.8,0,-883.0959,"[-1.1441, -0.4106, 0.0542, -0.0943, 0.1146, -0.194, 0.619, 0.1999]",-61.2213,INV-122126,8354.1,0,"[0.0424, 0.7327, 0.782, 0.0868, 0.7392, 0.5958, 0.7504, 0.5338]",46.87,5256.4029,06/24,11.28,UTF-16,983.33,"[-0.0091, -0.3827, 0.453, -1.6743, -0.2942, 0.833, 0.5762, -0.9797]",64.4235,28.8094,Female,6.5939,1961,3.7729,"[-0.6982, 1.032, -0.2923, 0.088, -0.6418, 0.4239, -0.0279, 0.0652]",-44.6362,0.1209,BILL-829783,38-51,1.13.76,45.7396,QTRT,"[6.73, 77.61]",Proprietary,Prof.,5247,23 days,54.421505,tenant-048,22:43:29,BILL-220736,0.6172,"[0.4624, 0.0393, 0.9161, 0.4584, 0.5511, 0.0945, 0.0013, 0.105]",84.83,25.25,0.8556,1,Web,Premium,93.88,Every 15 minutes,5559.7172,Fe2O3,RRJ,Williams et al. (2017),"[-0.4714, -1.0857, -0.0314, 0.207, 0.3202, 1.9411, 1.2544, -0.8391]","[-0.3608, -1.9443, -0.7016, 0.78, 0.0163, 0.8616, -0.2, 2.0712]",H2O,"$36,719",POSIX,95.87,0.4422,"[-0.2818, 0.2608, 0.7937, 0.1686, 0.7499, 0.9774, 0.0586, -0.4588]",8.79%,"[-0.5472, 3.2297, 0.6401, -0.1325, 0.6743, -1.3029, 0.9754, 1.2184]",+91,-16.3,16-61,C6H12O6,6209,805,0.7638,94.3706,203231d3-8e2c-482b-917e-adb36bd87f1f,8666.4416,5348,23 13 * * 1-5,XS,0.8479,batch-20230331-16
2663,E. coli,false,0.5661,9888.2322,active,-37.91%,3714,42.85,697 shares @ $416.81,0.0597,14.8,1,9568.8615,"[-0.0223, -0.3055, 0.2703, -0.4284, 0.5013, -0.0138, -0.0824, -0.2077]",-38.7383,INV-511761,6067.4,1,"[0.4228, 0.3877, 0.5066, 0.4903, 0.6117, 0.146, 0.2252, 0.3468]",31.92,6809.7705,04/25,18.04,Latin-1,709.4,"[-0.3726, -0.0762, -0.3844, -0.2756, 0.5237, 0.0819, -0.1551, -0.7546]",-86.4469,25.4619,Unisex,37.5227,3348,-25.9735,"[-0.2828, 0.7067, 0.2151, -0.07, -0.646, 1.2615, -0.2037, 0.9432]",-73.8074,-0.1419,BILL-470543,30-73,3.14.32,38.3403,AVY,"[11.02, 90.25]",MIT,Rev.,9024,64 days,-11.593845,tenant-010,18:37:38,BILL-877150,0.7383,"[0.0519, 0.4376, 0.1025, 0.8324, 0.7637, 0.3146, 0.9951, 0.6992]",17.72,16.44,0.9122,0,Email,Enterprise,85.93,Every 15 minutes,4346.9022,Fe2O3,RQT,Jones et al. (2022),"[1.2489, 0.985, -0.5438, 0.0912, 0.8348, 0.184, 0.4191, 1.9788]","[-1.5048, -0.7325, 0.4518, 1.2232, -0.3078, -1.3782, 0.5675, 0.7315]",E. coli,"$43,421",IEEE 754,59.53,0.9789,"[-0.6963, 0.2722, -0.0368, -0.9357, 0.2363, 0.3329, -0.0654, 0.367]",35.18%,"[-0.5647, 0.3221, 0.3907, 0.752, -0.4025, -2.0131, -1.4501, 1.3895]",+81,-34.9,35-91,C6H12O6,9652,458,0.0555,-67.9415,e8189fa5-3602-41b3-9615-e4e5e4acc4c4,991.2678,9353,54 22 * * *,L,0.0473,batch-20200729-63
8779,NaCl,true,0.8985,7734.7725,approved,-17.22%,2048,7.17,1389 shares @ $437.23,0.3171,84.9,1,7686.7839,"[0.455, -0.3715, 0.0427, -0.6134, 0.2341, 0.7136, -0.5716, 0.6883]",-72.0751,INV-371870,19612.3,0,"[0.2685, 0.4414, 0.4253, 0.834, 0.7282, 0.0417, 0.0353, 0.1529]",40.63,9879.5419,05/27,57.78,UTF-16,86.13,"[0.4032, -0.4975, -0.4638, -0.8121, -0.7286, -0.0883, 0.3935, 0.1904]",-29.5737,2.5096,Male,29.4377,9608,3.6558,"[-0.6928, -0.0244, -0.3061, -0.277, -0.231, -0.4919, -0.5492, 0.0742]",-66.4472,0.8981,BILL-703821,36-75,5.7.50,8.8118,JML,"[10.07, 82.02]",Proprietary,Hon.,9888,167 days,67.100685,tenant-049,17:05:50,BILL-361152,0.8794,"[0.6454, 0.672, 0.0527, 0.6575, 0.9568, 0.7448, 0.8732, 0.2356]",58.77,25.07,0.0541,0,Email,Trial,61.53,Weekly on Monday,1439.1063,Fe2O3,GOO,Anderson et al. (2010),"[0.9295, 0.5999, -0.8118, 0.6224, 0.2685, 0.9239, -0.7869, 1.8985]","[0.1104, -1.4241, -0.1302, 0.8549, -1.2241, -0.9088, 1.245, 0.6744]",NaCl,"$23,594",RFC 3339,72.31,0.3406,"[0.7971, -0.0385, 0.0029, 0.6277, -1.0435, -0.126, 0.8558, -0.1681]",24.2%,"[1.0872, -0.9267, -0.6584, -1.0069, -0.5286, -0.9228, 2.7572, 0.4665]",+44,32.3,8-70,NaCl,4854,562,0.0685,-85.8445,73d88073-3707-483d-9abf-1bf267e6c373,7412.6519,4980,"49 16 * * 0,6",M,0.3758,batch-20220216-05
1812,NaCl,0,0.7686,6571.8347,inactive,-38.41%,2033,16.95,1435 shares @ $368.19,0.7929,49.9,0,2528.9625,"[0.1344, -0.4743, -0.5308, -0.3643, 0.5197, 0.4109, 0.1615, 0.5219]",-60.5676,INV-553435,6296.6,0,"[0.1329, 0.5716, 0.3688, 0.5479, 0.9877, 0.6363, 0.0617, 0.816]",95.71,8878.4522,09/28,24.66,UTF-16,819.07,"[0.5576, 0.8502, -0.1652, 0.2736, 0.184, -0.4962, -0.2897, -0.2148]",-68.5249,18.5339,Unisex,27.5468,3538,81.9033,"[-0.1626, 0.4208, -0.3571, -0.1443, 0.0229, 0.2272, -0.8934, -0.4614]",-67.0499,0.2976,BILL-828550,25-96,4.15.66,33.1329,LST,"[33.37, 60.92]",GPL-3.0,Rev.,7327,110 days,17.187113,tenant-034,06:02:09,BILL-859508,0.086,"[0.7752, 0.358, 0.0654, 0.5326, 0.3421, 0.6938, 0.9969, 0.296]",32.17,74.39,0.897,0,Phone,Basic,30.96,Monthly on 1st,2448.3391,Homo sapiens,DBW,Williams et al. (2006),"[-0.3963, -0.6849, 0.0233, -0.4778, 0.0404, -1.1247, 0.8733, -0.836]","[-1.1759, 0.5685, -0.302, -0.9777, 0.7255, 0.6869, 0.6061, 0.228]",Fe2O3,"$25,212",IEEE 754,70.25,0.6982,"[0.251, 0.0557, 0.4622, -0.9241, -0.354, -0.2938, 0.4349, 0.248]",-35.72%,"[1.3822, -0.1513, -0.0617, -0.1584, -0.8636, 0.3566, -1.5829, 0.7768]",+61,36.4,44-61,C6H12O6,3296,989,0.1465,-90.2232,d1fb943c-22d5-433d-af3b-1460cd7f5c51,4675.0545,5997,5 23 * * 1-5,XXL,0.1533,batch-20250813-29
4177,E. coli,no,0.4776,8907.0296,active,-14.86%,7890,42.56,247 shares @ $315.2,0.1337,29.4,1,1673.0598,"[0.015, -0.0112, -0.0958, -0.5371, -0.0578, 0.2099, -0.3544, 0.5071]",72.1617,INV-754219,22165.6,0,"[0.1968, 0.8203, 0.8205, 0.1048, 0.6049, 0.5855, 0.9378, 0.1912]",35.37,5878.2355,02/26,0.64,UTF-16,313.94,"[-0.2654, 0.1208, 0.5302, 0.3863, 0.3923, 0.6978, 0.6464, -0.1596]",42.7671,11.958,Female,11.1835,2326,-10.8495,"[-0.5696, -0.0445, 0.2344, 0.0512, 0.4643, -0.4601, 0.9244, 0.0323]",73.1514,-0.3108,BILL-428890,23-76,5.3.47,31.1445,HJX,"[14.67, 95.7]",MIT,Mr.,3307,318 days,-6.392067,tenant-046,12:13:10,BILL-817038,0.0189,"[0.4629, 0.2512, 0.5327, 0.2002, 0.0942, 0.3983, 0.9497, 0.2411]",0.85,43.39,0.3311,0,Email,Free,69.87,Every 15 minutes,2293.4903,Homo sapiens,UVY,Garcia et al. (2010),"[0.5231, 0.6848, -2.6003, 0.0236, -0.7278, -1.3772, 1.0822, 0.2507]","[-1.0387, -0.3864, -0.0634, 1.4298, -0.6475, 0.3061, 1.9316, -0.676]",H2O,"$27,242",RFC 3339,55.16,0.5425,"[0.9252, 0.2202, 0.2111, 0.3837, -0.9833, -0.0062, 1.2264, -0.3903]",37.66%,"[0.4317, -0.7066, 0.5176, 0.0778, 0.9937, 0.0074, 1.6016, 0.479]",+86,-16.4,39-51,Fe2O3,4035,864,0.7256,-23.7453,a8df7b66-ab5a-4051-9420-b846b340daa9,6433.0314,1741,7 22 * * *,M,0.8712,batch-20230528-01
9321,E. coli,false,0.9985,-47.5121,pending,28.8%,5295,73.3,2253 shares @ $481.31,0.0163,10.1,1,7531.4176,"[0.4865, 0.0326, 0.2818, -0.6799, -0.5924, -0.2218, 0.9053, 0.0952]",39.0719,INV-520305,34778.0,0,"[0.4213, 0.8371, 0.1377, 0.639, 0.7105, 0.6513, 0.6812, 0.909]",82.02,3899.5157,11/27,65.24,UTF-8,545.85,"[0.7268, 0.5912, 0.1873, 0.268, -0.1111, 0.2274, -0.6545, 0.7351]",82.175,10.2639,Unisex,39.0235,8106,84.3057,"[-0.4792, -0.6752, -0.1369, -0.0886, -0.3831, -0.2173, 0.3254, 0.8412]",71.1326,0.6365,BILL-454306,19-97,0.1.0,21.6767,OVDD,"[9.27, 88.72]",GPL-3.0,Mr.,5357,254 days,-45.830085,tenant-034,01:41:00,BILL-614228,0.1731,"[0.0656, 0.143, 0.0393, 0.1156, 0.4279, 0.2353, 0.7569, 0.4885]",3.49,92.01,-0.4882,1,Email,Premium,48.09,Every 15 minutes,3385.6395,Fe2O3,QJY,Garcia et al. (2003),"[-0.6218, -1.2149, 0.5209, 0.0076, 0.5809, -1.3484, -1.4494, 1.1277]","[0.4196, -0.4863, 0.3539, -2.2554, 2.9343, 1.3388, -1.5117, 1.6928]",Homo sapiens,"$37,125",W3C Date,67.26,0.258,"[0.1177, 0.2884, -1.1727, -0.0457, -1.0356, 0.2127, 0.7464, 0.023]",-37.3%,"[-0.8047, 1.8046, -0.1857, -0.7782, -0.6786, 1.388, 0.1952, 1.0178]",+91,21.6,1-77,Homo sapiens,9168,223,0.6665,8.7605,1c268592-5320-425b-85ef-3542d8a626ef,5156.7624,697,"8 5 * * 0,6",XXL,0.8945,batch-20230914-10
2221,H2O,true,0.7028,-807.9766,active,-2.5%,5391,70.0,1359 shares @ $397.52,0.0603,13.4,0,343.8533,"[0.1815, 0.1717, 0.0857, 1.2941, 0.4483, 0.5853, -0.1525, -0.0822]",45.4555,INV-133280,11802.8,0,"[0.7941, 0.8888, 0.7408, 0.8765, 0.0908, 0.1354, 0.1188, 0.0199]",37.0,1608.4418,11/28,86.75,UTF-16,350.35,"[0.0097, 0.0685, -0.16, 0.438, 1.1054, -0.3022, -0.3807, -0.3472]",-25.1702,13.201,Unisex,13.4133,9413,82.8058,"[0.1741, 0.8175, -0.9004, -0.1054, 1.4925, -0.9132, 0.1305, 0.3614]",-36.4261,-0.1013,BILL-430711,29-61,0.4.98,48.426,EF,"[20.87, 91.13]",BSD-3-Clause,Ms.,6359,207 days,-39.462852,tenant-008,22:38:09,BILL-212933,0.044,"[0.9843, 0.7842, 0.4829, 0.7492, 0.7091, 0.1797, 0.4914, 0.8218]",43.42,13.56,0.0144,0,In-Store,Free,80.99,Daily at 2am,5799.7001,NaCl,QQX,White et al. (2000),"[-0.5223, 1.2581, 0.9365, 2.2059, -0.4046, -0.6955, -0.032, 1.3514]","[0.1885, 0.6867, -0.9638, -0.9127, 0.8438, -0.0004, -0.7008, -0.8587]",Homo sapiens,"$46,914",IEEE 754,30.41,0.31,"[0.1971, 0.8025, 0.2219, 0.2204, -0.0502, 0.2879, 0.6008, -0.2879]",41.71%,"[0.051, -0.1751, -0.1087, -1.006, -0.0792, -0.6514, 1.9579, -0.8967]",+81,45.2,38-60,C6H12O6,4147,638,0.9033,-5.9426,7c916cdf-7377-4bb1-8f52-0d98995b87bf,7457.802,436,33 0 * * *,S,0.7618,batch-20191226-91
6986,H2O,1,0.4055,-120.9367,cancelled,26.3%,7297,11.84,2958 shares @ $42.95,0.4869,86.2,1,4424.677,"[-0.9041, 0.233, -0.3568, 0.0491, -0.7033, -0.2534, -0.6642, 0.3697]",31.1451,INV-535085,38488.2,0,"[0.8807, 0.8824, 0.926, 0.5803, 0.2834, 0.8659, 0.824, 0.9777]",48.35,4777.8484,12/28,68.87,ASCII,941.76,"[0.8617, 0.4684, 0.1749, -0.1585, 0.2384, -1.014, -0.1268, 1.102]",-88.6691,14.8696,Male,47.8494,4285,-20.4181,"[0.1507, 0.446, 0.4207, -0.3858, -1.0891, -0.7111, 0.2991, -0.2033]",-3.5425,0.1137,BILL-998146,6-60,1.17.64,8.3501,TV,"[38.66, 66.49]",Proprietary,Prof.,9854,6 days,-36.6673,tenant-038,21:03:39,BILL-655043,0.1689,"[0.4034, 0.4308, 0.5589, 0.6037, 0.9909, 0.1091, 0.2325, 0.7246]",56.23,12.58,0.3644,0,Social Media,Trial,0.1,Every 15 minutes,4691.8617,Fe2O3,GSM,Thompson et al. (2008),"[-1.1067, -0.2358, 1.4061, 1.7625, -0.515, 0.032, -0.6736, 1.0689]","[0.9492, -0.968, -0.5782, -0.9252, -0.2141, -0.2624, 1.1748, 0.7603]",Fe2O3,"$24,897",POSIX,3.53,0.7148,"[0.4422, -0.1419, 0.3072, 0.5703, -0.2801, 0.1781, 0.2359, -1.0981]",-46.92%,"[-1.7112, -0.8077, 0.2379, -1.1212, 0.8345, 0.6822, -0.542, 0.5727]",+55,40.4,27-99,E. coli,2690,430,0.8793,17.1717,1c391ab5-11fc-4468-a797-69ab8dfb59a0,8918.5814,5284,49 8 * * *,XXL,0.9905,batch-20180529-99
5091,C6H12O6,1,0.5003,124.3877,rejected,41.88%,7218,3.11,3686 shares @ $242.37,0.2073,36.8,0,6930.6645,"[-0.7679, -0.0052, 0.4462, -0.4368, 0.4581, 0.0936, 0.1132, 0.2744]",-27.4085,INV-565873,13443.5,1,"[0.3686, 0.396, 0.0941, 0.1752, 0.4807, 0.7711, 0.4161, 0.5274]",94.17,-182.7807,05/24,49.97,ASCII,329.11,"[-0.3207, 0.4138, 0.1962, -0.5343, -0.946, -0.8765, -0.1309, 0.2875]",-75.6703,44.5689,Male,36.1284,8603,49.7015,"[-0.1843, -0.1464, 0.3337, -0.191, 0.7493, 0.8598, -0.6955, -0.1878]",-70.5946,0.5676,BILL-848510,15-70,0.15.87,1.6607,ORXY,"[20.35, 88.19]",Proprietary,Mr.,9296,219 days,-10.582925,tenant-008,19:09:49,BILL-691367,0.188,"[0.3706, 0.9443, 0.2928, 0.3111, 0.2485, 0.6188, 0.0569, 0.3114]",37.35,82.91,0.4327,1,Chat,Premium,70.28,Monthly on 1st,1239.8936,Fe2O3,QGP,Thompson et al. (2025),"[1.3567, -0.2031, -2.9793, 0.0715, -0.0167, -0.8705, -1.5219, -0.0331]","[1.1388, -1.5008, 0.6972, 0.7217, -2.0521, -0.3095, 0.0007, -0.4474]",Homo sapiens,"$33,669",ISO 8601,26.37,0.753,"[-0.283, -0.4223, -0.1353, 1.4737, -0.6076, -0.0372, -0.0156, 0.0948]",28.68%,"[-0.107, 0.4889, 0.6738, -1.0862, 1.4956, -0.5501, 1.3839, -0.1642]",+81,32.5,18-88,Homo sapiens,3251,727,0.7716,26.9129,3cab2861-6d05-4d62-b349-e353234e4936,7396.9445,3400,"54 9 * * 0,6",XS,0.3962,batch-20241114-50
4938,H2O,false,0.6548,3957.9572,pending,-6.61%,5998,61.03,112 shares @ $398.79,0.863,38.6,1,6052.2002,"[-0.1708, -0.2724, -0.2274, -0.5568, 0.5311, 0.6333, -0.5789, 0.7023]",44.2084,INV-894072,5422.4,0,"[0.4568, 0.4418, 0.4239, 0.9775, 0.1835, 0.0879, 0.8135, 0.7574]",7.1,-601.2342,05/28,47.45,ASCII,65.18,"[0.4659, -0.3844, 0.5277, 0.4102, -0.7846, -0.8721, -0.7087, -0.0018]",60.8524,26.2977,Unisex,14.6168,7493,-84.2774,"[0.8409, -0.0207, -0.1958, 0.7098, 0.0949, -0.7479, -0.3877, -0.4594]",27.5989,0.2755,BILL-402316,36-70,3.18.51,45.1985,PWB,"[7.63, 66.25]",CC BY 4.0,Mrs.,5656,88 days,64.885923,tenant-049,19:47:27,BILL-706857,0.4154,"[0.6498, 0.7409, 0.127, 0.4218, 0.8368, 0.5464, 0.8416, 0.2596]",8.01,38.54,-0.7651,0,Email,Trial,95.88,Weekly on Monday,7359.8469,C6H12O6,UPF,Lewis et al. (2008),"[0.2048, 0.891, 0.267, 0.1093, -0.5484, 1.5089, -0.0344, -0.6879]","[0.7336, 0.325, -0.3191, -0.7893, -0.7352, 1.7915, 0.953, -1.4772]",H2O,"$33,111",RFC 3339,15.8,0.7752,"[-0.3462, -0.3122, -0.4801, -0.6936, 0.6269, -0.4787, -1.5825, 0.8351]",7.96%,"[0.8848, -0.2773, -0.8677, 1.0365, -0.0184, 0.4257, -1.6551, -0.0263]",+33,-21.5,44-63,Fe2O3,8367,698,0.8465,-25.2522,8dd0ad87-ab78-4aba-b0fd-7b29dc4f06b2,7505.3318,2571,31 13 * * 1-5,S,0.8501,batch-20200924-58
6655,C6H12O6,0,0.1864,30.5389,approved,-46.13%,8134,85.28,3722 shares @ $328.92,0.4147,15.2,0,2700.7628,"[1.2633, -0.0927, -0.1919, -0.8633, 0.0683, 0.4961, -0.1802, -0.4557]",-71.1713,INV-231012,36537.8,1,"[0.3822, 0.0507, 0.6342, 0.6385, 0.882, 0.7212, 0.5578, 0.8395]",19.44,5641.7397,05/28,67.19,UTF-16,474.02,"[0.1482, 0.1611, -1.0735, 0.6754, -0.6729, 0.323, 1.1893, -0.1662]",97.4616,38.0475,Male,46.8542,61,-78.5524,"[0.6437, 0.1285, 0.788, -0.3311, 0.1813, 0.1311, -0.2225, -0.1511]",-73.9376,-0.8682,BILL-988025,40-69,4.18.67,32.0268,IH,"[37.25, 74.1]",BSD-3-Clause,Prof.,7518,231 days,80.380101,tenant-032,20:40:58,BILL-755759,0.0762,"[0.0602, 0.3277, 0.4392, 0.7321, 0.0527, 0.7148, 0.1078, 0.6651]",25.95,62.84,0.7043,1,Chat,Premium,21.81,Every 15 minutes,4469.4984,Fe2O3,JKF,Rodriguez et al. (2020),"[-0.8042, -1.1613, 1.3504, -1.6148, -1.465, -2.5989, 0.1882, -0.0537]","[1.9377, 0.0825, -0.1901, -0.992, -1.7509, 0.0908, 1.6098, 0.1258]",C6H12O6,"$22,849",POSIX,72.8,0.2673,"[-0.4002, -0.0879, 0.8766, -0.6619, 0.2407, 0.1385, -0.0625, 0.11]",46.84%,"[0.6513, 1.0652, 0.7335, -0.232, 0.0636, -2.4773, 0.7567, 1.621]",+44,37.7,11-52,Homo sapiens,7902,857,0.8515,65.482,994269ac-379f-4abf-838c-3e0249f0ed06,7963.6058,7128,"40 1 * * 0,6",M,0.311,batch-20190703-99
5961,Fe2O3,0,0.5528,-926.1358,rejected,19.85%,215,40.75,4475 shares @ $68.86,0.866,76.5,0,5207.4856,"[-0.1275, -0.5452, -0.1744, -0.7101, -0.1587, -0.2754, -0.0859, 0.3961]",-76.492,INV-671876,8517.0,0,"[0.5595, 0.442, 0.995, 0.4863, 0.4096, 0.387, 0.7099, 0.9902]",11.93,7933.778,01/29,67.46,UTF-8,306.84,"[-0.7262, 0.157, -0.4127, 0.359, 0.2945, -0.1312, 0.775, -0.4338]",30.2257,7.3538,Female,28.6611,6210,24.3329,"[0.2595, 0.0874, -0.6024, -0.2858, -0.1092, -1.0664, 0.2361, -0.1335]",-77.8358,-0.7916,BILL-316367,28-54,4.7.37,17.5413,MF,"[24.89, 60.92]",Proprietary,Ms.,7621,102 days,83.237819,tenant-043,14:06:12,BILL-696423,0.3559,"[0.2417, 0.2549, 0.3739, 0.7437, 0.5359, 0.7257, 0.4977, 0.6222]",23.94,13.7,-0.8068,1,Social Media,Enterprise,53.53,Weekly on Monday,3540.5636,Fe2O3,NJQ,Thompson et al. (2002),"[1.041, -0.0125, 1.2893, -0.9224, -0.5585, -0.8098, -0.8087, 1.0632]","[0.662, -0.7504, -1.7019, 1.2929, 1.0497, -0.3691, -1.4585, 0.1727]",NaCl,"$1,175",IEEE 754,38.73,0.4698,"[-0.7003, 0.765, -1.0998, -0.0164, 0.5953, -0.4908, 0.0521, 0.019]",-0.76%,"[-0.6997, 0.1396, -0.9419, -0.563, -0.6964, -1.0431, -1.0554, -0.7262]",+81,35.2,0-80,E. coli,7931,37,0.9692,-17.6968,bab62249-395f-4223-bbd9-26d57e534597,734.9348,2419,53 17 * * 1-5,M,0.1127,batch-20240119-23
6798,E. coli,true,0.5309,-926.4433,approved,-14.24%,6782,28.59,266 shares @ $217.57,0.6791,45.4,1,6476.6614,"[0.5472, -0.6393, -0.1696, -0.6858, -0.4572, 0.0374, 0.1824, -0.9115]",-71.7995,INV-533146,16829.6,0,"[0.1739, 0.0701, 0.8726, 0.8993, 0.067, 0.6936, 0.7514, 0.1571]",41.23,6706.4499,04/25,56.24,UTF-8,372.08,"[1.5326, -0.6397, 0.2785, 0.5062, -0.2293, 0.2333, 1.331, -0.204]",-28.6515,45.081,Male,2.1225,2274,-40.84,"[1.1649, -0.7812, -0.2595, 0.3108, 1.326, 0.4109, -0.3668, 1.0657]",-93.5214,-0.9603,BILL-742925,48-66,0.7.79,31.0589,ZJO,"[21.23, 67.98]",Proprietary,Mr.,2350,126 days,65.025943,tenant-022,18:55:47,BILL-249070,0.3695,"[0.8207, 0.2803, 0.7834, 0.1986, 0.0965, 0.5865, 0.9153, 0.9713]",70.98,67.8,-0.0517,1,Web,Trial,20.2,Weekly on Monday,5787.7147,Fe2O3,RFV,Walker et al. (2002),"[0.4532, -0.1769, -0.1281, 0.1084, 0.1719, -1.4597, 0.0453, -0.5632]","[-1.4873, -1.4585, -0.5606, -1.5143, -1.739, 0.0558, -2.1665, 0.6119]",Homo sapiens,"$33,541",ISO 8601,17.4,0.5223,"[-0.8089, 0.1209, 0.0641, 0.3646, 0.3997, 0.5778, -0.0175, -0.136]",-29.02%,"[0.0722, -0.2366, -0.3768, -0.7712, -0.7096, -1.0316, -0.8207, 0.0979]",+33,39.9,49-100,H2O,9770,153,0.2296,70.7229,25ea1315-d188-46d9-baa3-d7fb56a0ddd4,3397.681,1584,"6 10 * * 0,6",XXL,0.0043,batch-20190724-27
6147,Homo sapiens,false,0.7489,4995.7421,cancelled,39.47%,4252,89.79,4694 shares @ $397.78,0.9113,12.2,0,3857.442,"[0.1257, -0.9913, 0.4478, -0.4076, -0.1096, 0.389, 0.1544, -0.8727]",55.0298,INV-218265,7979.0,0,"[0.2979, 0.5049, 0.4603, 0.223, 0.5074, 0.1841, 0.5838, 0.1032]",39.86,8620.8527,08/28,88.34,Latin-1,486.59,"[0.5926, 0.4202, 1.0531, -0.6282, -0.1919, 0.08, 0.5353, 0.1655]",3.4757,8.9955,Male,4.7931,7489,-89.5263,"[0.2466, -0.4276, 0.1306, -0.0947, -0.0413, 0.4428, -0.3075, -0.1674]",-2.1228,0.9166,BILL-705574,39-72,4.4.35,14.5805,WR,"[8.51, 86.71]",GPL-3.0,Mrs.,9009,263 days,24.424442,tenant-038,22:32:44,BILL-278144,0.0185,"[0.3459, 0.4589, 0.1003, 0.9123, 0.2884, 0.7593, 0.5145, 0.9478]",88.07,23.72,0.3902,1,Email,Standard,16.06,Every 15 minutes,4068.0677,H2O,BSS,Rodriguez et al. (2008),"[1.5355, 1.3894, 1.2312, -0.7096, -0.2784, -1.7664, -1.0986, -1.1959]","[1.4331, -1.5683, -0.2881, 0.4061, -0.2199, -0.4466, 0.0, -1.0564]",H2O,"$41,130",POSIX,50.21,0.9134,"[-0.5643, 0.7379, -0.3183, 0.4977, -0.5461, -0.112, 0.2059, -0.3669]",-11.6%,"[-0.1724, 1.2555, -0.1507, -0.447, -0.7383, -0.1495, 0.3608, -0.1047]",+91,36.0,28-90,Fe2O3,1600,836,0.8039,-71.9568,38a610f1-7a15-4991-a9ce-684e79f109d5,3417.8216,2618,17 0 * * 1-5,M,0.8906,batch-20211029-96
1855,C6H12O6,no,0.7314,5379.0849,active,47.91%,7276,98.62,673 shares @ $51.36,0.376,58.3,1,7950.3481,"[0.9543, -0.2353, -0.9245, -0.129, 0.1591, 0.2192, 0.1497, 0.4434]",75.2169,INV-383843,18734.8,0,"[0.4276, 0.9844, 0.8205, 0.4657, 0.26, 0.727, 0.7237, 0.5332]",4.76,-36.0732,04/28,25.3,ISO-8859-1,102.48,"[-0.6481, -0.4368, 0.2856, 0.5442, -0.5101, 0.4824, 0.3395, -0.5746]",92.1568,47.4517,Unisex,17.7856,3449,-79.243,"[-0.5007, 0.2286, -0.4043, -0.6441, 0.3062, -0.1565, 1.1966, -0.1489]",-53.9504,0.0365,BILL-669473,49-81,4.17.80,45.652,YPS,"[24.74, 80.52]",GPL-3.0,Hon.,7602,208 days,64.713992,tenant-018,07:09:36,BILL-510922,0.1937,"[0.8753, 0.7043, 0.6599, 0.646, 0.9225, 0.7161, 0.061, 0.341]",87.29,0.4,0.313,0,Mobile,Trial,17.63,Monthly on 1st,4821.1676,NaCl,PGQ,Brown et al. (2014),"[0.4609, -0.0584, 0.3193, 1.4273, -1.0516, 0.8292, 0.762, 0.3021]","[-0.9944, -1.0515, -1.8801, 0.5974, -0.5871, 1.5546, -1.1771, 0.8465]",NaCl,"$21,830",W3C Date,40.92,0.9527,"[-0.9446, -0.2052, -1.0126, -0.0533, -0.742, 0.437, -0.4079, -0.2166]",-21.55%,"[0.1203, 0.8465, -0.0475, 0.9461, -1.6603, 0.1733, 0.5742, 0.6826]",+61,6.9,7-83,NaCl,1447,327,0.8196,72.6902,48910d61-d694-46fe-b408-22501cba8339,9741.0877,8273,"7 3 * * 0,6",XS,0.9998,batch-20240820-47
6063,Homo sapiens,1,0.7081,8862.0613,active,-37.45%,7849,61.49,4190 shares @ $315.1,0.7903,76.0,1,8760.4526,"[-0.543, -0.3814, 0.0567, 0.2195, -0.9811, -0.6076, -0.419, -0.5603]",-15.337,INV-862290,10404.4,0,"[0.1121, 0.4478, 0.2601, 0.126, 0.7916, 0.1949, 0.0567, 0.3993]",60.39,3710.6865,09/27,65.23,UTF-8,734.63,"[-0.1988, 0.2688, 0.0477, 1.0024, 0.5048, -0.6059, 0.228, 0.5188]",77.3832,35.2163,Female,10.7824,605,48.2296,"[-0.1504, -0.2592, -0.0103, 0.4024, 0.5774, 0.6354, -0.5551, 0.2949]",-17.9045,0.9027,BILL-816846,45-82,1.15.67,24.8296,IF,"[13.06, 94.53]",CC BY 4.0,Hon.,5223,235 days,-88.459254,tenant-023,21:33:35,BILL-319771,0.5782,"[0.4909, 0.6253, 0.5027, 0.3776, 0.87, 0.803, 0.4456, 0.7205]",13.52,64.01,0.2974,1,Mobile,Free,36.76,Daily at 2am,4114.4861,H2O,UYL,Brown et al. (2007),"[-0.9088, -0.77, -0.0365, -1.0804, -0.9126, 1.1522, -1.1755, 2.0511]","[-1.9087, 0.4289, -0.5892, -0.0073, -1.5484, -1.5609, -0.0656, 1.323]",Homo sapiens,"$14,915",POSIX,76.73,0.6889,"[-0.1371, -0.7029, -0.591, -0.3736, -0.0347, -0.3173, 0.2784, -0.4821]",-46.39%,"[1.2809, -0.3972, -0.3094, -0.4588, 0.9114, -0.1629, 1.5217, -0.4629]",+86,-27.6,9-81,Fe2O3,9536,599,0.0334,-41.1955,7a8811fb-22b9-4b54-8bf6-b5e268cadfda,2697.1455,5338,10 5 * * 1-5,XL,0.5461,batch-20200205-34
830,H2O,yes,0.4293,9068.4534,completed,-47.65%,924,62.86,981 shares @ $138.02,0.7009,18.7,0,5961.9593,"[-0.4011, -0.2712, 0.5539, -0.537, -0.0874, -1.0885, -0.4464, -0.806]",-63.0424,INV-409990,30739.9,1,"[0.545, 0.5258, 0.4855, 0.864, 0.4076, 0.8691, 0.115, 0.9461]",68.13,7433.0722,08/28,3.04,UTF-16,840.67,"[0.137, -0.1618, -0.4045, 0.1622, -0.2991, 0.3521, -0.128, -0.2779]",-37.3131,22.7959,Male,5.2655,4207,3.3789,"[0.0721, -0.2493, 1.1526, -0.179, 0.1107, 0.4918, -1.0701, -0.4852]",-67.8087,0.1376,BILL-839397,13-94,4.16.34,1.0132,ZVM,"[25.04, 83.86]",CC BY 4.0,Hon.,8405,125 days,-83.185711,tenant-023,02:46:26,BILL-685881,0.6462,"[0.8009, 0.9982, 0.2332, 0.3165, 0.0805, 0.4929, 0.8669, 0.9074]",68.78,34.68,-0.9831,1,Email,Premium,21.07,Monthly on 1st,-299.7438,H2O,GAZ,White et al. (2024),"[-1.0841, -2.2312, 0.4382, -0.1595, 0.4547, -0.1604, 1.4791, -0.1611]","[-0.9169, -0.6363, -0.7603, 0.2568, 0.7407, -0.7322, 0.8576, -1.568]",NaCl,"$40,660",IEEE 754,27.72,0.3839,"[-0.186, 0.0559, 0.3864, -0.2998, 0.0537, 0.3738, -0.0051, 0.6138]",35.63%,"[0.4488, 1.7799, 0.6035, -0.4279, -0.8141, 0.2415, 1.3258, -0.2212]",+81,33.9,24-85,E. coli,931,343,0.3062,12.3194,3cdbaacf-34c8-482e-919c-b44a19223f42,-328.9723,2687,"19 0 * * 0,6",XXL,0.0608,batch-20251213-40
3546,C6H12O6,1,0.4827,-166.2994,cancelled,-36.78%,9197,40.12,1292 shares @ $386.34,0.4966,82.5,1,8493.6833,"[-0.9899, -0.2414, -0.1655, -0.1356, 0.2416, -0.6218, -0.3368, 1.1052]",-13.219,INV-304623,9840.2,1,"[0.2321, 0.2967, 0.6536, 0.0345, 0.8144, 0.8028, 0.8562, 0.0139]",56.24,7669.5948,06/29,33.91,ASCII,354.72,"[0.3265, -0.1041, 0.4152, -0.2054, 0.6097, 0.4194, 0.2943, 0.2212]",-45.11,10.6005,Male,22.0246,9065,-79.1121,"[-0.8936, -0.2898, -0.6018, -0.5773, 0.7753, 0.9717, 0.3581, 0.8611]",-93.6322,0.3418,BILL-734921,44-65,4.13.74,39.5818,KHC,"[7.37, 64.41]",Proprietary,Prof.,701,150 days,8.476565,tenant-023,21:14:07,BILL-748801,0.6912,"[0.9953, 0.0863, 0.352, 0.84, 0.8568, 0.3174, 0.5551, 0.078]",75.51,87.5,0.118,1,Mobile,Basic,93.36,Every 15 minutes,7846.7862,Fe2O3,HZW,White et al. (2024),"[-0.0259, 2.2083, -0.217, -1.6814, -1.8563, -1.5307, -0.5238, 0.5956]","[0.4801, -0.2483, 0.9064, 0.3377, -1.4268, 0.5412, 0.9333, 0.5121]",Homo sapiens,"$35,127",W3C Date,44.83,0.8768,"[-0.1139, 0.0193, 0.1087, 0.2595, 0.0502, -0.3714, 0.1249, 0.1815]",35.27%,"[1.0553, -0.1127, -0.1362, 0.6641, 0.2191, -1.6076, -0.3075, 0.5172]",+81,-24.2,25-58,NaCl,877,443,0.1389,97.6115,d74aeb04-1226-4abb-8061-d956aa3a6843,5770.059,6077,"20 15 * * 0,6",M,0.4846,batch-20250419-78
7162,E. coli,false,0.9163,7626.3611,cancelled,36.2%,4155,16.25,851 shares @ $88.26,0.4399,17.5,0,6376.7017,"[0.46, 0.1892, 0.1108, 0.2934, -0.3823, -0.6863, -0.0275, -0.4276]",-81.5315,INV-531657,15650.2,0,"[0.369, 0.4533, 0.1917, 0.6223, 0.7668, 0.4727, 0.1835, 0.7726]",11.32,4122.4711,08/28,97.11,UTF-8,838.09,"[-0.5806, 0.3272, -0.2296, -0.2494, -0.1708, -0.5277, -0.2042, 0.6968]",-86.8542,36.4888,Male,46.1837,8925,63.4976,"[-0.1896, 0.2327, 0.5683, 1.0215, -0.0611, 0.8701, -0.3923, 0.5389]",0.2496,0.679,BILL-182920,49-68,4.12.70,49.4845,QX,"[19.59, 80.92]",MIT,Mrs.,1528,364 days,-20.199849,tenant-035,09:23:35,BILL-404932,0.6436,"[0.7815, 0.7673, 0.7523, 0.6743, 0.5623, 0.8372, 0.8499, 0.2139]",98.26,53.98,-0.1642,1,Phone,Basic,43.13,Weekly on Monday,479.7862,E. coli,PUQ,Rodriguez et al. (2012),"[-0.4616, -0.4578, -0.7795, 0.3169, 0.9823, 0.4222, -0.2505, 0.2267]","[1.0827, -0.2367, 0.384, -0.2629, -0.1261, -0.2213, 0.8669, 0.7634]",Homo sapiens,"$3,519",ISO 8601,51.1,0.7332,"[0.0449, -0.2376, -0.7634, -0.0468, -1.1245, -0.7888, 0.0932, 0.0717]",48.38%,"[0.3514, 0.0769, 0.2536, -0.1644, 1.1489, 0.2334, 0.7873, 0.354]",+86,9.9,20-63,NaCl,9478,935,0.9915,65.3466,8f1bf5e1-7fc7-4ab3-a50e-e30cf453c7e4,8688.6783,4002,17 8 * * 1-5,S,0.9943,batch-20250729-77
7401,E. coli,false,0.3783,4392.6405,completed,-42.21%,3411,73.33,4980 shares @ $200.09,0.6416,16.7,1,2155.6401,"[1.1772, -0.1757, -0.0292, -0.3854, -0.1432, -0.4023, -0.0303, 0.0771]",21.6895,INV-240560,44664.1,1,"[0.9025, 0.244, 0.3284, 0.9761, 0.78, 0.217, 0.0248, 0.1938]",60.56,7529.6967,10/26,5.22,UTF-16,275.33,"[0.0262, -0.7495, -0.3221, -0.565, -0.0508, -0.3377, 0.164, -0.2172]",-39.2016,38.5049,Unisex,30.441,4637,27.0071,"[-0.086, -0.1297, -0.4199, 0.2853, 0.9636, -0.3341, 0.0725, 0.4498]",9.463,0.3778,BILL-728820,20-81,1.11.18,26.614,YA,"[0.06, 67.12]",Proprietary,Mr.,6024,355 days,-20.4884,tenant-024,00:18:12,BILL-288714,0.6907,"[0.2533, 0.5459, 0.2892, 0.5338, 0.1397, 0.3109, 0.1036, 0.4324]",16.71,27.2,-0.3153,1,Email,Premium,44.15,Weekly on Monday,5834.6144,Fe2O3,SYK,Anderson et al. (2011),"[-0.1883, -0.0508, -0.5904, -0.6289, -1.1612, -0.6891, -2.1794, 2.1372]","[0.1611, -0.2838, -0.1092, 0.8932, 0.5365, 1.115, 0.52, -0.31]",C6H12O6,"$2,659",IEEE 754,77.78,0.62,"[-0.4522, 0.5039, -0.5638, -0.9294, 0.3846, -0.4032, -0.3562, 1.3815]",-13.94%,"[0.8138, 0.0845, 0.927, -0.4673, 0.0921, 0.7857, 1.0933, 1.1582]",+55,-37.4,47-63,C6H12O6,4566,840,0.9824,81.0663,579e5199-87c3-438b-bd4c-862ce217d33b,5652.7989,3809,"36 15 * * 0,6",XS,0.2567,batch-20221015-93
5687,Homo sapiens,true,0.8054,8062.1496,inactive,35.61%,3401,38.01,4152 shares @ $260.74,0.7441,96.6,0,2157.569,"[0.6717, -0.2085, -0.5335, -0.005, -0.3149, -0.5904, 0.1071, -0.8731]",-1.9541,INV-220236,14297.3,0,"[0.3607, 0.2096, 0.8079, 0.7908, 0.6914, 0.3711, 0.7442, 0.3272]",48.71,2919.3686,08/26,36.04,UTF-16,421.39,"[-0.4192, 0.1613, 0.4846, -0.3526, -1.171, -0.7087, -0.3493, -0.5372]",88.2885,36.5501,Male,22.6549,2399,-13.0662,"[0.8057, 0.3914, 0.0171, -0.2342, 0.1531, -0.6606, 0.6523, -0.7956]",-35.5235,0.8476,BILL-172580,0-88,4.8.45,40.0193,RHIT,"[5.51, 99.53]",CC BY 4.0,Dr.,6700,70 days,81.770779,tenant-013,17:16:00,BILL-541481,0.7922,"[0.5084, 0.4304, 0.6077, 0.0734, 0.6366, 0.2136, 0.5421, 0.7098]",77.71,54.27,-0.3022,0,In-Store,Free,84.95,Daily at 2am,8484.7577,C6H12O6,GMQ,Brown et al. (2001),"[0.5304, 0.4939, -1.4882, -0.1463, -0.7329, -1.3684, 0.6924, -0.5008]","[-1.1821, -0.8311, 0.1718, -0.031, -0.632, -0.1394, -1.5081, 2.0675]",H2O,"$9,185",ISO 8601,43.48,0.019,"[-0.1169, -0.7233, 0.1309, 0.4602, 0.3772, 0.0049, -0.0234, -0.3289]",31.74%,"[-1.1539, -1.0241, -0.5108, 0.2529, 1.3135, -0.5166, -1.2622, 0.2189]",+91,-31.0,20-55,NaCl,3011,282,0.7289,80.5685,29b70445-1f45-43e2-a031-1cc7176d7051,5720.72,7514,31 3 * * 1-5,XXL,0.6375,batch-20231117-03
2148,Homo sapiens,1,0.5988,2603.4281,rejected,48.5%,1577,36.97,873 shares @ $289.09,0.331,22.8,0,6042.7324,"[-0.2468, -0.3046, 0.2867, -0.954, -0.7399, 0.257, 0.1186, 0.4309]",29.4067,INV-845229,15714.1,0,"[0.0549, 0.3414, 0.2085, 0.5504, 0.4768, 0.3242, 0.6042, 0.3506]",3.23,1560.1585,12/27,51.65,UTF-8,276.87,"[0.1163, -0.211, 0.1502, -0.039, -1.0666, -0.6238, -0.1417, -0.8516]",10.0845,13.5228,Male,31.2266,6770,24.0893,"[0.7853, -0.5619, -0.5034, 0.2104, -0.92, -1.0691, -0.1975, -0.0276]",-4.003,-0.7495,BILL-342238,37-68,5.11.44,15.2255,MVAU,"[12.59, 86.28]",GPL-3.0,Mr.,8028,358 days,60.947687,tenant-023,00:56:57,BILL-644080,0.3621,"[0.6195, 0.7987, 0.0192, 0.5608, 0.459, 0.2641, 0.6731, 0.835]",25.72,44.98,0.002,1,In-Store,Trial,18.44,Daily at 2am,8834.652,H2O,FPA,Miller et al. (2001),"[1.2112, 0.2012, 2.0454, 0.3114, 0.863, -0.7377, -0.2371, 0.1237]","[1.1209, -0.5855, 0.427, 0.8494, -0.5768, 0.0142, 2.1335, -1.4214]",Fe2O3,"$47,089",ISO 8601,47.43,0.9592,"[0.062, 0.2065, -0.5893, 0.0884, -0.3506, -0.5717, -0.9139, -0.1641]",-13.62%,"[-0.3648, -0.6935, 1.0242, 1.1, 0.5483, 1.2498, -0.8189, -0.6551]",+49,-33.1,0-91,H2O,968,280,0.1172,66.4317,df667a93-8410-47e8-b960-09b481755eb1,3849.946,7989,"22 7 * * 0,6",S,0.6209,batch-20180212-96
9868,H2O,true,0.6086,1948.421,rejected,24.84%,6209,29.1,2276 shares @ $275.02,0.1601,3.4,0,7131.8809,"[-0.2879, -0.2473, 1.2906, 0.0455, -0.7386, 0.5499, 0.0462, -0.4603]",-4.5102,INV-616065,38242.6,1,"[0.5296, 0.024, 0.4959, 0.5103, 0.7226, 0.654, 0.7007, 0.311]",40.56,1374.5028,12/28,41.7,UTF-8,470.34,"[-0.5042, 0.683, -0.6351, -0.4671, -0.1223, 0.6489, 0.4498, -0.3342]",-77.7067,17.6141,Male,15.001,2864,56.8068,"[-0.0885, 0.1708, -0.3505, 0.0101, 0.3585, -0.1068, 0.1509, -0.4533]",76.2794,-0.8974,BILL-938476,44-84,1.7.51,25.5627,SO,"[23.68, 95.5]",Proprietary,Prof.,3825,284 days,8.142245,tenant-042,04:50:56,BILL-317283,0.1572,"[0.3995, 0.8638, 0.6402, 0.3929, 0.7915, 0.9455, 0.6184, 0.731]",98.62,73.7,0.3022,0,Mobile,Enterprise,3.27,Daily at 2am,5511.9863,Homo sapiens,JNR,Thomas et al. (2022),"[1.2044, -0.1562, 0.9101, 0.292, -0.1937, -2.0261, -0.1703, 1.1193]","[-0.9703, -0.0107, -0.1004, 0.1055, -0.3511, -0.513, 0.6073, -0.1722]",Fe2O3,"$10,179",POSIX,30.1,0.6971,"[-0.3646, 0.4093, 0.4921, 0.2202, 0.6246, 0.2612, 0.6691, 0.4794]",10.06%,"[-0.154, 0.8759, -1.3053, -0.4264, 1.8588, -0.4212, -0.4703, 0.3355]",+81,-23.9,31-88,E. coli,8602,206,0.1803,-3.0396,a1841337-eb73-4070-8940-4fb092bf4d7b,9881.0965,7315,45 6 * * 1-5,XXL,0.8446,batch-20210108-13
3729,Fe2O3,yes,0.1356,1352.6006,active,-34.94%,7776,80.03,2358 shares @ $347.78,0.0522,67.0,0,2532.2067,"[-0.0173, 0.0529, -0.3877, 0.3874, -0.6223, 0.3086, 0.498, -0.1293]",8.9506,INV-143384,33937.4,0,"[0.0478, 0.1518, 0.4215, 0.2184, 0.5797, 0.4347, 0.5461, 0.8457]",28.5,2981.4293,11/28,64.44,UTF-16,344.35,"[-0.2273, -0.0924, 0.8959, 0.0851, -0.3808, 0.2351, -0.2234, -0.8834]",72.9215,31.2706,Unisex,44.8642,6465,-95.1954,"[0.0551, 0.5036, 0.5193, -0.4028, -0.3993, 0.0855, 0.1322, -0.1432]",53.896,-0.3621,BILL-230317,50-64,2.6.35,30.7399,ABSG,"[25.45, 78.63]",MIT,Mrs.,5272,205 days,-14.62491,tenant-022,07:09:27,BILL-562799,0.5484,"[0.068, 0.1188, 0.6402, 0.7005, 0.9207, 0.1166, 0.9848, 0.1336]",45.04,95.0,0.3186,1,Social Media,Enterprise,54.98,Weekly on Monday,2222.1469,Homo sapiens,FNQ,Brown et al. (2025),"[-0.5941, -0.1253, 1.2122, -0.8585, -0.4774, -0.2916, 0.1545, 0.0029]","[0.6382, 0.6537, -0.5407, -0.1848, 0.0018, -1.4992, -3.2149, -1.7877]",E. coli,"$21,302",RFC 3339,77.01,0.2497,"[-0.4972, -1.0264, 0.0619, -0.2267, 0.2366, 0.2209, 0.2708, -0.327]",15.74%,"[-0.0419, 0.1239, 0.8738, 0.4961, 0.6144, 0.4938, 1.8916, 1.2697]",+86,34.4,45-80,E. coli,5749,573,0.4615,21.1507,89548de1-2d38-456f-ad35-76f50c93ace0,3887.426,5176,"2 0 * * 0,6",L,0.987,batch-20180922-60
