srwzh21,checksum_hash,user_trade_secret,modifiedBy,f_ins,float,default_val,portHarbor,gnt15,data_type_6,x_540,leghold,lineage,trade_secret_6,SERVICE_LEVEL_AGREEMENT,fpath,field_cud,FORMAT_SPECIFICATION,contrval,cronspec,deletedat,column_field_name,time_to_live_val,raw_social_media_handle,perfrev,schemadef,sourceSystem,fzh21,f_hfsb,brand_name_data,field_wv,STATUS_CODE,sla,model_definition,regular_expression_6,customer_schema_definition,contract_value,x_706,fact_soft_delete_flag,dim_119,verid,employee_record_v2,rectype,histbin,RETENTION_POLICY,address_line_raw,mktintel,p_ir,strategicPlan,customer_modified_at,etl_batch_id,dim_partition_key,src_confidence_interval,partition_key_6,department_division_raw,thresh,version_nbr,soft_delete_flag_6,src_mapping_transform,MODIFIED_BY,x_754,evaluation,attr_619,uptime_availability,price_cost_v2,createdAt,encoding,0,src_internal_communication,retention,dim_social_security_number,status,p_320,val_trend,mimeType,stockRsuGrant,STRATEGIC_PLAN,brand_name,ssw10,c_fim
Hello {{name}},8a4ff83c0421642333b2a271e2d61513f2bef21923a687e33807d40722092d18,[CONFIDENTIAL] Formula #988,linda.king,Step 4: Deploy the system.,6894.9891,1,Hamburg,978-9-29375-147-8,FLOAT,2018-02-22 19:03:18,HOLD-2025-381,staging.orders -> reports,[CONFIDENTIAL] Formula #701,99.179% uptime,/var/exports/export_818.parquet,BETWEEN 1 AND 100,RFC 3339,"$8,679,505",30 8 * * *,,id,93 days,@richardlee594,Meets expectations,message Msg { string id = 1; },Snowflake,analytics.events,286 days,TechBrand,2023-04-21T12:20:59Z,failed,99.839% uptime,message Msg { string id = 1; },"\b\d{1,3}\.\d{1,3}\.\d{1,3}\.\d{1,3}\b",CREATE TABLE t (id INT PRIMARY KEY),"$5,671,311","$1,361,134",false,william_thomas28@example.com,1.1.12,EMP-59579,update,76.01,7 days,3710 Oak Ave,Competitor Global Solutions launched Sentinel Monitor,true,Launch SaaS tier,2022-08-25 04:44:29,batch-20240925-91,dt=us-east,"[9.33, 67.89]",region=2024-01,Operations,min=61,4.11.88,false,input -> field_b,sophia.young,Tuesday,Exceeds expectations,Needs improvement,95.4461,2413.08,2021-02-15T23:47:27Z,Latin-1,29 15 * * *,[INTERNAL] Q2 strategy review pending board approval,1 year,XXX-XX-6894,pending,VARCHAR,45.62%,text/html,4439 shares @ $81.45,IPO readiness,SmartChoice,Observation: backup schedule,2018-03-04T11:58:22Z
Hello {{name}},464f016a650b4c9f6c3d15ad789f080b2a874b560ca539999d7ba07ac43e0be7,[CONFIDENTIAL] Formula #353,emma.walker,Step 1: Deploy the system.,9121.5836,CURRENT_TIMESTAMP,Port of LA,978-4-67305-496-4,VARCHAR,2019-09-04 04:33:26,HOLD-2020-789,staging.orders -> analytics,[CONFIDENTIAL] Formula #483,99.379% uptime,/var/data/daily_471.csv,CHECK (val > 0),POSIX,"$7,523,482",10 17 * * *,,status,32 days,@jenniferlewis52,Meets expectations,CREATE TABLE t (id INT PRIMARY KEY),Snowflake,public.users,252 days,EcoLine,2021-04-15 23:58:31,pending,99.014% uptime,message Msg { string id = 1; },[a-zA-Z0-9._%+-]+@[a-zA-Z0-9.-]+,message Msg { string id = 1; },"$8,137,001","$3,115,988",true,mason_johnson27@gmail.com,5.9.69,EMP-10574,snapshot,38.4,1 year,539 Oak Ave,Competitor Beacon Analytics launched FlexPay Platform,false,Expand APAC market,2022-06-18 15:31:29,batch-20181004-90,tenant=us-east,"[29.49, 96.86]",dt=us-east,Finance,warn=6393,3.18.6,false,input -> output,emily.martinez,Friday,Needs improvement,Needs improvement,97.0075,863.46,2019-11-24 17:37:05,UTF-16,48 12 * * *,[INTERNAL] Q1 strategy review pending board approval,7 years,609-63-3965,cancelled,JSON,-27.9%,text/html,4630 shares @ $351.04,Launch SaaS tier,TechBrand,Non-conformance: access control,2020-11-22T17:02:44Z
{{date}} - {{event}},d2900ec6ed7ace466ed72371296d81ada530d4e076fd1326c7e3594bffbff941,[CONFIDENTIAL] Formula #647,susan.williams,Step 1: Verify the service.,3432.9191,false,Busan,978-7-60161-367-5,VARCHAR,2020-05-19 19:10:34,HOLD-2023-530,curated.events -> analytics,[CONFIDENTIAL] Formula #128,99.879% uptime,/var/config/daily_975.xml,NOT NULL,IEEE 754,"$8,161,224",3 18 * * 1-5,,status,14 days,@williamharris291,Exceeds expectations,message Msg { string id = 1; },SAP,analytics.events,4 days,ValueMax,2018-11-26 23:36:30,cancelled,99.634% uptime,"{""type"": ""object"", ""properties"": {}}",^[A-Z]{2}\d{6}$,CREATE TABLE t (id INT PRIMARY KEY),"$4,672,772","$64,512",false,maryjackson@acme.org,3.5.37,EMP-41718,delete,94.17,30 days,1092 Main St,Competitor DataCraft Inc launched Sentinel Monitor,true,Acquire competitor,2024-04-17T02:03:38Z,batch-20251102-85,tenant=us-east,"[19.66, 86.27]",tenant=us-east,Legal,crit=6963,3.16.33,false,field_a -> target_col,lucas.lewis,Thursday,Outstanding,Exceeds expectations,97.4361,4555.68,2026-01-28 21:09:52,ISO-8859-1,36 14 * * 1-5,[INTERNAL] Q1 strategy review pending board approval,30 days,XXX-XX-3957,cancelled,VARCHAR,1.89%,text/html,1018 shares @ $374.27,Launch SaaS tier,ValueMax,Observation: backup schedule,2024-08-22 14:53:35
Dear {{customer}},74577d21380bb2256a36e2a574f445d34b4ea3b43dfd975d169bd3d1cd754337,[CONFIDENTIAL] Formula #911,oliver.martinez,Step 2: Monitor the module.,4985.225,'',Singapore,978-6-24871-803-8,TEXT,2022-08-15 05:17:45,HOLD-2023-510,staging.events -> exports,[CONFIDENTIAL] Formula #662,99.908% uptime,/var/tmp/export_459.csv,BETWEEN 1 AND 100,RFC 3339,"$6,882,181",49 14 * * 1-5,,created_at,90 days,@susanthomas860,Outstanding,CREATE TABLE t (id INT PRIMARY KEY),SAP,analytics.events,17 days,TechBrand,2021-11-14 23:38:51,completed,99.281% uptime,"{""type"": ""object"", ""properties"": {}}",^\d{3}-\d{2}-\d{4}$,CREATE TABLE t (id INT PRIMARY KEY),"$1,561,574","$499,952",true,mary_anderson@company.com,0.1.33,EMP-43037,insert,98.24,7 years,2505 Cedar Ln,Competitor DataCraft Inc launched Widget Pro,false,IPO readiness,2021-03-26 15:50:32,batch-20200524-74,dt=2024-01,"[1.62, 61.07]",tenant=acme,Sales,max=60,5.4.71,false,field_a -> field_b,richard.clark,Thursday,Meets expectations,Exceeds expectations,99.0082,2505.89,2021-03-12T20:26:06Z,ASCII,39 18 * * 1-5,[INTERNAL] Q3 strategy review pending board approval,1 year,446-22-5382,approved,FLOAT,17.13%,text/csv,4952 shares @ $268.77,Acquire competitor,TechBrand,Major finding: data retention,2026-12-17T05:49:36Z
Dear {{customer}},f67db9181d834a76351f175074cccd5bfeb5e62f2b3aa342abc533711621c0f0,[CONFIDENTIAL] Formula #584,susan.martinez,Step 2: Verify the pipeline.,4800.3419,CURRENT_TIMESTAMP,Hamburg,978-8-21316-141-5,FLOAT,2018-10-27T10:30:03Z,HOLD-2021-972,staging.users -> exports,[CONFIDENTIAL] Formula #684,99.36% uptime,/var/logs/export_820.xml,CHECK (val > 0),POSIX,"$3,687,097",53 6 * * *,,id,27 days,@loganwhite739,Meets expectations,"{""type"": ""object"", ""properties"": {}}",SAP,sales.orders,47 days,EcoLine,2019-02-05T21:08:43Z,cancelled,99.17% uptime,message Msg { string id = 1; },[a-zA-Z0-9._%+-]+@[a-zA-Z0-9.-]+,"{""type"": ""object"", ""properties"": {}}","$6,259,861","$7,313,961",true,noahwhite52@outlook.com,3.13.47,EMP-57843,delete,10.21,30 days,5279 Main St,Competitor Alpine Systems launched AuditTrail Plus,NO,Expand APAC market,2024-07-17 01:16:19,batch-20250308-42,tenant=2024-01,"[22.14, 71.52]",tenant=acme,Support,warn=8252,2.20.39,false,source_col -> output,john.clark,Thursday,Meets expectations,Outstanding,97.8152,1699.69,2018-11-24T03:17:09Z,ASCII,33 0 * * 1-5,[INTERNAL] Q3 strategy review pending board approval,7 years,892-13-1036,rejected,FLOAT,32.05%,image/png,2014 shares @ $126.82,Launch SaaS tier,TechBrand,Major finding: data retention,2024-04-18 00:00:56
Hello {{name}},08fc0b1579187f2174aadf4c5aa9dbda971571a6d6a6905a512adaac87e7fda1,[CONFIDENTIAL] Formula #872,emma.brown,Step 1: Monitor the pipeline.,7183.5466,CURRENT_TIMESTAMP,Busan,978-5-75448-282-9,TIMESTAMP,2024-12-12T13:26:46Z,HOLD-2026-135,curated.events -> analytics,[CONFIDENTIAL] Formula #406,99.556% uptime,/var/logs/batch_502.xml,BETWEEN 1 AND 100,ISO 8601,"$1,084,569",49 1 * * *,,created_at,213 days,@jameswilliams141,Needs improvement,"{""type"": ""object"", ""properties"": {}}",Snowflake,hr.employees,128 days,ValueMax,2019-10-14 21:02:59,rejected,99.818% uptime,message Msg { string id = 1; },[a-zA-Z0-9._%+-]+@[a-zA-Z0-9.-]+,message Msg { string id = 1; },"$6,220,811","$4,064,931",false,liam_lee56@yahoo.com,2.7.86,EMP-94823,delete,51.92,30 days,3726 Elm St,Competitor DataCraft Inc launched SmartHub X1,NO,Acquire competitor,2020-09-18 06:49:12,batch-20210226-90,tenant=acme,"[19.1, 92.2]",dt=2024-01,Legal,warn=9101,1.9.26,true,field_a -> field_b,richard.moore,Wednesday,Exceeds expectations,Outstanding,97.4527,9489.4,2023-01-08T17:50:12Z,ISO-8859-1,51 15 * * 1-5,[INTERNAL] Q2 strategy review pending board approval,indefinite,XXX-XX-9384,approved,FLOAT,-37.18%,application/json,2599 shares @ $124.33,Launch SaaS tier,SmartChoice,Non-conformance: access control,2020-11-14 19:25:41
Order #{{id}},853c33a9837f1ff4fae33ebbbc20c2939032614569fd16d45f2101047da0100d,[CONFIDENTIAL] Formula #304,harper.miller,Step 5: Verify the service.,6015.9401,false,Shanghai,978-3-65810-883-7,BOOLEAN,2025-07-21 15:53:06,HOLD-2021-297,staging.users -> analytics,[CONFIDENTIAL] Formula #775,99.018% uptime,/var/logs/batch_911.parquet,NOT NULL,W3C Date,"$8,670,946","10 1 * * 0,6",,created_at,49 days,@sarahrobinson421,Outstanding,"{""type"": ""object"", ""properties"": {}}",Snowflake,analytics.events,253 days,ValueMax,2024-03-02T07:32:02Z,failed,99.095% uptime,message Msg { string id = 1; },^[A-Z]{2}\d{6}$,"{""type"": ""object"", ""properties"": {}}","$9,012,369","$800,997",false,elizabeth_walker@company.com,0.3.1,EMP-10325,upsert,17.23,7 years,4195 Elm St,Competitor Global Solutions launched SmartHub X1,false,IPO readiness,2020-10-25T17:26:48Z,batch-20261001-82,tenant=acme,"[32.39, 74.98]",tenant=acme,Support,max=1484,5.4.85,false,source_col -> target_col,lucas.clark,Tuesday,Exceeds expectations,Exceeds expectations,97.634,1770.46,2026-07-11 01:21:15,UTF-16,1 6 * * 1-5,[INTERNAL] Q1 strategy review pending board approval,1 year,775-71-4075,rejected,VARCHAR,10.48%,application/pdf,2918 shares @ $25.42,Expand APAC market,EcoLine,Observation: backup schedule,2023-04-18T04:35:06Z
Hello {{name}},831dceb678e58acc6c5e2141cbf3a368e8b568fbc98a51b97b3669153b50f5ab,[CONFIDENTIAL] Formula #980,william.robinson,Step 5: Deploy the service.,4343.3757,0,Busan,978-6-30208-589-5,INTEGER,2022-11-04 23:24:29,HOLD-2023-370,curated.users -> analytics,[CONFIDENTIAL] Formula #616,99.311% uptime,/var/uploads/daily_581.log,NOT NULL,ISO 8601,"$6,458,157",43 1 * * *,,name,312 days,@noahwhite448,Meets expectations,CREATE TABLE t (id INT PRIMARY KEY),Kafka,public.users,169 days,TechBrand,2022-05-17T04:04:38Z,approved,99.324% uptime,CREATE TABLE t (id INT PRIMARY KEY),"\b\d{1,3}\.\d{1,3}\.\d{1,3}\.\d{1,3}\b",CREATE TABLE t (id INT PRIMARY KEY),"$8,530,636","$8,997,000",false,harper_miller@yahoo.com,0.19.27,EMP-68616,delete,52.52,30 days,6858 Pine Rd,Competitor Acme Corp launched Sentinel Monitor,NO,Acquire competitor,2024-03-23 17:15:44,batch-20200514-92,dt=acme,"[28.11, 72.46]",region=acme,Support,crit=9507,2.18.45,false,source_col -> field_b,robert.king,Monday,Exceeds expectations,Meets expectations,96.7686,7488.3,2021-05-12 11:02:47,ASCII,"39 8 * * 0,6",[INTERNAL] Q1 strategy review pending board approval,30 days,134-34-5142,cancelled,TIMESTAMP,16.14%,text/html,3145 shares @ $402.56,IPO readiness,SmartChoice,Non-conformance: access control,2025-12-21T06:38:14Z
Order #{{id}},b41efc5e8826672bf3a4b6a3f847c1891f5336d607a9330b58f07364049a4e42,[CONFIDENTIAL] Formula #281,ethan.jones,Step 4: Configure the system.,1761.2834,false,Rotterdam,978-4-93041-119-5,BOOLEAN,2022-03-24T22:43:01Z,HOLD-2026-438,staging.users -> exports,[CONFIDENTIAL] Formula #334,99.009% uptime,/var/exports/export_925.xml,UNIQUE,RFC 3339,"$5,075,025",11 21 * * *,,amount,313 days,@oliviawright998,Needs improvement,message Msg { string id = 1; },Kafka,public.users,300 days,EcoLine,2018-05-13T08:50:02Z,cancelled,99.468% uptime,message Msg { string id = 1; },"\b\d{1,3}\.\d{1,3}\.\d{1,3}\.\d{1,3}\b",message Msg { string id = 1; },"$9,402,156","$8,743,098",true,masonbrown@example.com,4.7.61,EMP-32171,upsert,65.87,7 years,6384 Cedar Ln,Competitor TechCo Industries launched Widget Pro,false,Expand APAC market,2018-09-18T08:51:40Z,batch-20200701-02,dt=us-east,"[0.5, 95.74]",region=us-east,Support,max=3894,3.11.81,false,input -> field_b,mary.king,Thursday,Meets expectations,Outstanding,95.9492,2303.97,2022-04-18 03:06:25,UTF-8,38 23 * * 1-5,[INTERNAL] Q2 strategy review pending board approval,7 days,199-83-9018,cancelled,BOOLEAN,-30.34%,application/pdf,3035 shares @ $119.15,Acquire competitor,ValueMax,Major finding: data retention,2024-08-08 05:43:46
{{date}} - {{event}},5f9eb54b8abc6db6b02cf86c5bd8934961a81233e920a23ecabc4499383c3540,[CONFIDENTIAL] Formula #441,oliver.miller,Step 5: Initialize the pipeline.,1202.5025,false,Singapore,978-2-41281-244-4,INTEGER,2021-07-07 07:46:16,HOLD-2025-374,curated.orders -> analytics,[CONFIDENTIAL] Formula #626,99.62% uptime,/var/config/daily_254.csv,MATCHES '^[A-Z]+',POSIX,"$8,645,338",13 19 * * 1-5,,name,56 days,@oliviawilliams54,Meets expectations,"{""type"": ""object"", ""properties"": {}}",Snowflake,public.users,322 days,SmartChoice,2021-08-19T18:57:28Z,rejected,99.387% uptime,message Msg { string id = 1; },^\d{3}-\d{2}-\d{4}$,CREATE TABLE t (id INT PRIMARY KEY),"$165,547","$180,924",false,mason_davis@acme.org,3.6.95,EMP-89900,insert,96.44,indefinite,5254 Elm St,Competitor Alpine Systems launched CloudGuard,NO,Expand APAC market,2019-07-17T08:58:43Z,batch-20260215-58,dt=acme,"[36.41, 70.72]",region=acme,HR,min=742,5.0.26,false,field_a -> target_col,lucas.smith,Thursday,Needs improvement,Outstanding,97.2352,1217.91,2024-07-28 09:48:06,ISO-8859-1,48 17 * * *,[INTERNAL] Q2 strategy review pending board approval,7 years,686-32-7195,inactive,TEXT,-40.66%,application/json,119 shares @ $435.76,Expand APAC market,ValueMax,Non-conformance: access control,2020-12-05T13:39:57Z
{{date}} - {{event}},af9a3a30d303a963b70819404a9a31da94bf3e26d85ea7a5719519e61355b39b,[CONFIDENTIAL] Formula #353,sophia.jackson,Step 5: Verify the pipeline.,1651.4437,0,Shanghai,978-4-16061-484-8,TEXT,2021-12-01T04:42:04Z,HOLD-2022-744,staging.events -> analytics,[CONFIDENTIAL] Formula #693,99.44% uptime,/var/logs/export_723.yaml,UNIQUE,ISO 8601,"$5,032,600",48 18 * * *,2020-05-27T23:54:45Z,amount,49 days,@maryyoung72,Outstanding,message Msg { string id = 1; },Salesforce,sales.orders,180 days,EcoLine,2020-06-21 15:04:06,cancelled,99.2% uptime,message Msg { string id = 1; },^[A-Z]{2}\d{6}$,"{""type"": ""object"", ""properties"": {}}","$7,226,592","$2,319,573",false,ethan.young79@yahoo.com,3.19.48,EMP-33556,delete,33.53,7 days,8529 Cedar Ln,Competitor Beacon Analytics launched FlexPay Platform,true,Expand APAC market,2025-03-26 13:43:02,batch-20230925-79,tenant=us-east,"[7.52, 79.99]",dt=us-east,Marketing,min=9556,2.10.30,false,input -> target_col,liam.brown,Wednesday,Meets expectations,Outstanding,96.5618,8459.61,2022-08-25 11:25:01,ISO-8859-1,"23 12 * * 0,6",[INTERNAL] Q1 strategy review pending board approval,7 years,427-73-7692,cancelled,FLOAT,-7.78%,text/csv,2237 shares @ $26.57,IPO readiness,ValueMax,Non-conformance: access control,2020-04-03T22:13:00Z
Order #{{id}},1abd2b970bed4f349a9c4df21f8cd3618ee87821ac657126c0db046bf0aedf1e,[CONFIDENTIAL] Formula #137,aiden.anderson,Step 5: Monitor the module.,7041.8384,CURRENT_TIMESTAMP,Singapore,978-7-19880-635-4,FLOAT,2025-05-03 13:19:58,HOLD-2026-781,raw.events -> analytics,[CONFIDENTIAL] Formula #130,99.403% uptime,/var/uploads/batch_646.json,BETWEEN 1 AND 100,W3C Date,"$3,329,252",50 12 * * 1-5,,amount,255 days,@harperthompson291,Meets expectations,CREATE TABLE t (id INT PRIMARY KEY),Kafka,public.users,212 days,TechBrand,2021-10-06 17:17:55,pending,99.723% uptime,message Msg { string id = 1; },"\b\d{1,3}\.\d{1,3}\.\d{1,3}\.\d{1,3}\b","{""type"": ""object"", ""properties"": {}}","$4,729,268","$9,845,615",false,robert.martin@acme.org,1.7.31,EMP-54180,delete,34.98,indefinite,422 Cedar Ln,Competitor Catalyst Ventures launched Widget Pro,NO,Expand APAC market,2025-11-18T10:00:54Z,batch-20260812-31,tenant=acme,"[1.24, 93.09]",tenant=2024-01,Marketing,max=5287,5.6.75,false,source_col -> output,logan.jones,Sunday,Needs improvement,Exceeds expectations,98.3007,4189.61,2024-09-24 00:44:51,UTF-8,14 23 * * 1-5,[INTERNAL] Q4 strategy review pending board approval,7 years,303-38-1686,pending,TEXT,46.94%,text/csv,4403 shares @ $106.03,IPO readiness,ValueMax,Non-conformance: access control,2023-03-09 06:05:25
Hello {{name}},55e7aa55494b09a4c338121007e93190edc702e26f3c27947a7537f56ab394e5,[CONFIDENTIAL] Formula #984,amy.smith,Step 5: Configure the pipeline.,9890.5707,0,Busan,978-0-37818-912-1,TEXT,2023-10-15T06:03:22Z,HOLD-2024-292,curated.orders -> analytics,[CONFIDENTIAL] Formula #918,99.745% uptime,/var/exports/daily_236.xml,NOT NULL,POSIX,"$2,581,257","52 0 * * 0,6",,email,205 days,@davidthomas927,Meets expectations,message Msg { string id = 1; },SAP,public.users,253 days,SmartChoice,2020-10-28 20:07:10,active,99.241% uptime,"{""type"": ""object"", ""properties"": {}}",^\d{3}-\d{2}-\d{4}$,message Msg { string id = 1; },"$1,572,814","$7,867,191",false,marythomas@yahoo.com,2.17.81,EMP-45520,delete,80.11,30 days,1640 Oak Ave,Competitor Vertex Technologies launched StreamLine ERP,YES,IPO readiness,2018-12-24 04:07:11,batch-20230218-57,tenant=2024-01,"[32.49, 93.47]",region=us-east,Operations,warn=9640,0.18.64,false,source_col -> output,patricia.williams,Sunday,Needs improvement,Needs improvement,99.0265,9475.53,2026-08-14 06:14:50,ISO-8859-1,18 19 * * 1-5,[INTERNAL] Q2 strategy review pending board approval,1 year,XXX-XX-7474,pending,INTEGER,0.96%,text/csv,4285 shares @ $424.37,Expand APAC market,EcoLine,Major finding: data retention,2026-11-16 02:24:42
Hello {{name}},6780e3b8e00de89b3ec6f1212e434c055313e667520cd96ad7f179df1beeced8,[CONFIDENTIAL] Formula #949,linda.thompson,Step 4: Deploy the pipeline.,4424.2498,'',Port of LA,978-1-85516-232-0,BOOLEAN,2019-02-03T11:45:10Z,HOLD-2021-631,curated.users -> analytics,[CONFIDENTIAL] Formula #551,99.067% uptime,/var/exports/export_428.csv,UNIQUE,IEEE 754,"$6,128,844",56 21 * * 1-5,,status,351 days,@amyrodriguez311,Needs improvement,"{""type"": ""object"", ""properties"": {}}",Salesforce,analytics.events,178 days,TechBrand,2019-05-10 18:32:20,approved,99.112% uptime,"{""type"": ""object"", ""properties"": {}}",[a-zA-Z0-9._%+-]+@[a-zA-Z0-9.-]+,"{""type"": ""object"", ""properties"": {}}","$5,526,948","$3,472,200",false,robert_lewis@outlook.com,3.17.76,EMP-88532,insert,57.82,7 years,8940 Pine Rd,Competitor DataCraft Inc launched Widget Pro,YES,Acquire competitor,2018-11-25T06:53:37Z,batch-20210528-25,dt=acme,"[10.03, 81.95]",dt=us-east,HR,min=2653,3.5.71,false,input -> field_b,oliver.lewis,Sunday,Outstanding,Outstanding,97.6539,9113.61,2025-03-11 18:25:26,ISO-8859-1,33 21 * * *,[INTERNAL] Q4 strategy review pending board approval,7 days,437-99-6716,active,JSON,8.45%,application/json,4673 shares @ $291.06,Launch SaaS tier,ValueMax,Observation: backup schedule,2023-12-14 09:51:32
Order #{{id}},9f13edf066f8f5723f6f33d561d6e216af3cd1c62c83101c6fe111f31b4a5b70,[CONFIDENTIAL] Formula #297,anna.smith,Step 4: Configure the service.,4721.9525,'',Singapore,978-8-29094-901-3,JSON,2018-05-21T02:39:24Z,HOLD-2025-165,staging.orders -> analytics,[CONFIDENTIAL] Formula #927,99.896% uptime,/var/logs/batch_342.parquet,BETWEEN 1 AND 100,POSIX,"$730,853","2 16 * * 0,6",2023-01-15T00:58:22Z,amount,327 days,@emmajohnson866,Outstanding,CREATE TABLE t (id INT PRIMARY KEY),SAP,analytics.events,170 days,ProSeries,2023-07-05 17:46:16,inactive,99.148% uptime,message Msg { string id = 1; },^\d{3}-\d{2}-\d{4}$,message Msg { string id = 1; },"$6,068,938","$6,712,041",true,emma_martinez@acme.org,3.4.55,EMP-55702,update,67.47,30 days,4363 Maple Dr,Competitor Beacon Analytics launched AuditTrail Plus,NO,Launch SaaS tier,2024-09-17T01:36:14Z,batch-20260820-20,tenant=us-east,"[28.07, 69.54]",dt=acme,Support,min=6362,5.11.46,true,field_a -> field_b,mary.brown,Tuesday,Outstanding,Needs improvement,99.7459,6562.16,2026-11-04 07:51:28,ASCII,40 10 * * *,[INTERNAL] Q3 strategy review pending board approval,indefinite,858-44-8133,inactive,INTEGER,-12.08%,application/json,1957 shares @ $136.34,Expand APAC market,ValueMax,Non-conformance: access control,2023-02-24T13:51:33Z
{{date}} - {{event}},c56c3c6accace2a741dd051f91132db78b6143bdb28b23ab226cb32862641c7a,[CONFIDENTIAL] Formula #234,mason.davis,Step 1: Verify the pipeline.,4781.2275,0,Shanghai,978-6-47314-793-0,INTEGER,2024-04-04 03:23:06,HOLD-2025-915,staging.users -> reports,[CONFIDENTIAL] Formula #669,99.78% uptime,/var/data/batch_147.xml,BETWEEN 1 AND 100,W3C Date,"$576,202",31 6 * * 1-5,,created_at,2 days,@loganwilliams37,Exceeds expectations,"{""type"": ""object"", ""properties"": {}}",PostgreSQL,public.users,271 days,ValueMax,2019-04-16T09:52:10Z,rejected,99.876% uptime,"{""type"": ""object"", ""properties"": {}}",^[A-Z]{2}\d{6}$,message Msg { string id = 1; },"$8,816,231","$747,798",false,ethan_robinson30@example.com,0.8.25,EMP-92320,insert,80.71,7 days,6869 Pine Rd,Competitor Acme Corp launched NanoCore SDK,YES,Acquire competitor,2020-10-08T09:05:57Z,batch-20191018-48,tenant=us-east,"[39.33, 75.5]",dt=2024-01,Operations,max=405,1.2.12,false,input -> field_b,lucas.lewis,Tuesday,Exceeds expectations,Outstanding,96.7036,6792.98,2018-06-15 20:41:23,UTF-8,"52 20 * * 0,6",[INTERNAL] Q2 strategy review pending board approval,7 days,121-46-4901,rejected,BOOLEAN,39.54%,application/xml,4020 shares @ $89.69,Acquire competitor,ValueMax,Major finding: data retention,2026-05-28T20:45:46Z
Order #{{id}},0bf98bdef4b1f63040a1bb059e0040f4bac1add36c76bfcf7a00abd97e3dc5cf,[CONFIDENTIAL] Formula #928,emma.smith,Step 2: Verify the pipeline.,9886.1687,false,Busan,978-4-77799-879-7,TEXT,2022-12-10T23:54:15Z,HOLD-2024-242,curated.users -> exports,[CONFIDENTIAL] Formula #300,99.133% uptime,/var/data/batch_498.xml,BETWEEN 1 AND 100,W3C Date,"$4,034,162",38 16 * * *,,email,41 days,@harperharris853,Exceeds expectations,CREATE TABLE t (id INT PRIMARY KEY),Salesforce,analytics.events,49 days,ProSeries,2020-05-13 07:41:48,failed,99.095% uptime,message Msg { string id = 1; },"\b\d{1,3}\.\d{1,3}\.\d{1,3}\.\d{1,3}\b",message Msg { string id = 1; },"$7,879,057","$9,653,705",false,amy_martin@company.com,4.8.89,EMP-19968,insert,99.72,7 years,9485 Park Blvd,Competitor Skyline Partners launched NanoCore SDK,false,Acquire competitor,2022-07-12T18:57:50Z,batch-20181108-33,region=acme,"[30.39, 93.3]",region=acme,Engineering,crit=931,1.5.15,true,field_a -> target_col,david.miller,Wednesday,Meets expectations,Meets expectations,95.3479,7170.31,2020-08-12 17:51:28,UTF-8,36 16 * * *,[INTERNAL] Q3 strategy review pending board approval,indefinite,XXX-XX-9954,cancelled,TIMESTAMP,-8.86%,text/csv,2121 shares @ $246.95,Expand APAC market,ProSeries,Non-conformance: access control,2025-02-05T06:06:14Z
Hello {{name}},eaefd00e889d60aa7070d1dc2b4dd4eae378d30e25c47d7bb69aef5663b3b5ec,[CONFIDENTIAL] Formula #228,liam.jackson,Step 1: Configure the pipeline.,2163.3036,'',Hamburg,978-7-56000-194-1,TEXT,2018-07-27 21:35:42,HOLD-2023-503,curated.orders -> analytics,[CONFIDENTIAL] Formula #147,99.416% uptime,/var/uploads/export_150.csv,UNIQUE,RFC 3339,"$7,363,506",10 19 * * *,,name,166 days,@williamthomas711,Outstanding,message Msg { string id = 1; },Salesforce,sales.orders,312 days,TechBrand,2024-03-14 03:33:03,pending,99.423% uptime,CREATE TABLE t (id INT PRIMARY KEY),^\d{3}-\d{2}-\d{4}$,CREATE TABLE t (id INT PRIMARY KEY),"$8,569,768","$5,439,197",false,noahbrown@gmail.com,2.4.63,EMP-43910,upsert,41.6,30 days,5234 Cedar Ln,Competitor Pacific Research Group launched VaultKeeper,true,Launch SaaS tier,2025-05-07T17:28:02Z,batch-20180124-83,tenant=us-east,"[10.44, 88.36]",region=us-east,Sales,max=4244,4.4.10,false,input -> field_b,emily.king,Friday,Needs improvement,Exceeds expectations,97.5783,7553.79,2026-05-24T19:24:39Z,Latin-1,34 8 * * 1-5,[INTERNAL] Q2 strategy review pending board approval,1 year,XXX-XX-3692,approved,TEXT,3.56%,application/pdf,2592 shares @ $188.37,Acquire competitor,ProSeries,Non-conformance: access control,2018-11-28 10:27:06
Order #{{id}},083e48d01767613ebc7730cfcb611f0fc4a19daefa8886ff1a5f221898b561fd,[CONFIDENTIAL] Formula #305,sophia.king,Step 5: Monitor the service.,2225.1488,'',Hamburg,978-6-66621-532-4,FLOAT,2022-07-24 08:51:28,HOLD-2025-109,staging.events -> analytics,[CONFIDENTIAL] Formula #589,99.637% uptime,/var/uploads/daily_436.json,BETWEEN 1 AND 100,W3C Date,"$2,660,686",2 15 * * 1-5,,type,294 days,@oliviajackson136,Exceeds expectations,"{""type"": ""object"", ""properties"": {}}",Salesforce,public.users,59 days,EcoLine,2024-04-16T09:20:56Z,rejected,99.844% uptime,CREATE TABLE t (id INT PRIMARY KEY),^\d{3}-\d{2}-\d{4}$,"{""type"": ""object"", ""properties"": {}}","$1,538,450","$8,599,975",false,william_williams@company.com,5.18.60,EMP-92869,upsert,44.75,30 days,6123 Park Blvd,Competitor Global Solutions launched AuditTrail Plus,false,Acquire competitor,2022-01-28T14:58:46Z,batch-20180303-06,dt=2024-01,"[2.92, 87.51]",dt=us-east,Finance,max=4716,1.20.14,true,input -> target_col,anna.jones,Thursday,Outstanding,Needs improvement,95.3437,9947.31,2025-07-09T14:08:29Z,UTF-16,52 22 * * *,[INTERNAL] Q4 strategy review pending board approval,7 days,870-45-4832,rejected,JSON,38.09%,application/json,4520 shares @ $262.13,Launch SaaS tier,ValueMax,Non-conformance: access control,2021-01-01 22:38:35
Hello {{name}},9d8af4c307627bf8b56bdb8c0b33ea268ccd77e69a25d964647a9f3b7213a536,[CONFIDENTIAL] Formula #149,john.wright,Step 1: Verify the pipeline.,7417.8208,'',Hamburg,978-3-71872-339-8,TEXT,2021-03-10 13:48:11,HOLD-2025-870,curated.orders -> analytics,[CONFIDENTIAL] Formula #127,99.071% uptime,/var/exports/daily_530.yaml,UNIQUE,ISO 8601,"$3,839,777",2 12 * * *,,type,318 days,@loganking335,Exceeds expectations,CREATE TABLE t (id INT PRIMARY KEY),PostgreSQL,public.users,316 days,SmartChoice,2023-02-19T23:30:34Z,completed,99.935% uptime,message Msg { string id = 1; },[a-zA-Z0-9._%+-]+@[a-zA-Z0-9.-]+,"{""type"": ""object"", ""properties"": {}}","$7,573,693","$5,088,017",false,sophia_robinson@acme.org,0.10.35,EMP-45594,upsert,59.72,indefinite,6693 Main St,Competitor Pacific Research Group launched NanoCore SDK,YES,Expand APAC market,2019-09-03T18:04:09Z,batch-20190625-54,region=2024-01,"[33.78, 64.95]",dt=us-east,HR,warn=8319,0.17.40,false,input -> target_col,jessica.thompson,Thursday,Outstanding,Outstanding,98.7406,453.65,2026-03-19T06:27:16Z,ISO-8859-1,52 9 * * 1-5,[INTERNAL] Q3 strategy review pending board approval,1 year,380-41-4471,rejected,TEXT,-11.04%,text/csv,1388 shares @ $15.08,Expand APAC market,ValueMax,Non-conformance: access control,2022-01-20 18:37:44
Dear {{customer}},1afcb291d398bf9d6cc823d736b3b2fae31cc6c8339cd2f8bcb67f1edbac372e,[CONFIDENTIAL] Formula #342,susan.wright,Step 2: Deploy the pipeline.,249.2235,'',Rotterdam,978-0-49860-535-9,BOOLEAN,2024-08-25T11:03:42Z,HOLD-2022-270,staging.orders -> exports,[CONFIDENTIAL] Formula #759,99.329% uptime,/var/exports/export_58.yaml,CHECK (val > 0),RFC 3339,"$6,780,468",54 8 * * *,,amount,302 days,@jessicataylor452,Exceeds expectations,message Msg { string id = 1; },Salesforce,sales.orders,101 days,ProSeries,2021-04-26 11:02:04,inactive,99.614% uptime,CREATE TABLE t (id INT PRIMARY KEY),^\d{3}-\d{2}-\d{4}$,message Msg { string id = 1; },"$4,578,637","$5,311,822",true,emmawright@outlook.com,1.0.19,EMP-46732,delete,73.06,indefinite,6265 Cedar Ln,Competitor Global Solutions launched CloudGuard,false,IPO readiness,2026-04-07 10:44:49,batch-20210922-56,dt=acme,"[35.54, 65.63]",dt=us-east,Marketing,max=3908,1.3.64,false,source_col -> target_col,sarah.robinson,Tuesday,Exceeds expectations,Meets expectations,98.5246,4706.16,2023-06-13 05:11:08,UTF-8,19 17 * * 1-5,[INTERNAL] Q1 strategy review pending board approval,7 years,780-77-7333,approved,TIMESTAMP,-16.16%,text/html,1402 shares @ $78.51,Expand APAC market,TechBrand,Observation: backup schedule,2022-06-12 13:26:35
Hello {{name}},08f6f474e72a27db12f8ed942092eb445d80b7fd18ce100823c6eeaf2ad6ff24,[CONFIDENTIAL] Formula #666,sophia.young,Step 1: Configure the system.,3608.0904,0,Rotterdam,978-1-14439-251-0,JSON,2025-12-08 01:21:19,HOLD-2023-905,staging.users -> exports,[CONFIDENTIAL] Formula #560,99.35% uptime,/var/tmp/export_364.json,NOT NULL,ISO 8601,"$3,823,313","3 13 * * 0,6",,status,7 days,@susanjohnson176,Meets expectations,message Msg { string id = 1; },Workday,sales.orders,266 days,ProSeries,2025-11-01T17:32:18Z,inactive,99.935% uptime,message Msg { string id = 1; },"\b\d{1,3}\.\d{1,3}\.\d{1,3}\.\d{1,3}\b",CREATE TABLE t (id INT PRIMARY KEY),"$8,777,095","$8,758,563",true,masonwhite@company.com,3.10.86,EMP-51551,insert,90.07,1 year,3187 Elm St,Competitor Alpine Systems launched AuditTrail Plus,YES,Launch SaaS tier,2019-01-09 10:18:53,batch-20210705-04,dt=us-east,"[3.83, 83.62]",region=acme,Marketing,warn=4772,4.8.48,false,field_a -> field_b,jennifer.harris,Wednesday,Needs improvement,Outstanding,95.536,8398.58,2022-04-02 08:28:04,UTF-8,57 3 * * 1-5,[INTERNAL] Q4 strategy review pending board approval,7 days,474-12-8858,failed,TEXT,1.12%,application/xml,2936 shares @ $107.01,IPO readiness,SmartChoice,Non-conformance: access control,2024-10-25 03:04:17
{{date}} - {{event}},d117c21fa0b04ec74a35b3275f64e027305029abbcd9e628d626c4694bfe8caf,[CONFIDENTIAL] Formula #524,harper.smith,Step 1: Configure the system.,8391.7552,1,Singapore,978-1-85567-471-5,TEXT,2020-06-04 13:07:18,HOLD-2021-519,curated.events -> reports,[CONFIDENTIAL] Formula #717,99.603% uptime,/var/config/export_584.json,BETWEEN 1 AND 100,W3C Date,"$3,698,868","2 7 * * 0,6",,created_at,309 days,@ethanmartinez878,Exceeds expectations,message Msg { string id = 1; },Snowflake,public.users,43 days,TechBrand,2022-11-02 11:04:24,completed,99.285% uptime,CREATE TABLE t (id INT PRIMARY KEY),[a-zA-Z0-9._%+-]+@[a-zA-Z0-9.-]+,"{""type"": ""object"", ""properties"": {}}","$8,100,804","$9,089,023",false,emma.white@example.com,4.3.16,EMP-71563,snapshot,87.31,indefinite,8284 Park Blvd,Competitor Skyline Partners launched AuditTrail Plus,YES,Launch SaaS tier,2022-01-04T09:39:15Z,batch-20181109-89,region=2024-01,"[5.28, 83.95]",dt=us-east,HR,max=2828,3.5.25,false,field_a -> output,mason.miller,Sunday,Outstanding,Exceeds expectations,99.79,7846.28,2021-12-23 13:18:43,ASCII,13 8 * * 1-5,[INTERNAL] Q4 strategy review pending board approval,7 days,400-66-7900,failed,FLOAT,13.8%,application/xml,3838 shares @ $400.14,Launch SaaS tier,TechBrand,Major finding: data retention,2019-07-26 07:52:25
Hello {{name}},d3884e249dd073be0ada0259f229a38cfc2fcac6ffba409718bf9921817cf426,[CONFIDENTIAL] Formula #174,lucas.martinez,Step 3: Verify the module.,-573.9883,'',Port of LA,978-3-53701-582-2,JSON,2024-03-15T18:19:56Z,HOLD-2020-715,curated.users -> exports,[CONFIDENTIAL] Formula #635,99.031% uptime,/var/config/daily_905.parquet,CHECK (val > 0),W3C Date,"$7,651,968",21 18 * * 1-5,,status,293 days,@aidenking714,Meets expectations,CREATE TABLE t (id INT PRIMARY KEY),Salesforce,hr.employees,210 days,EcoLine,2019-04-10 19:01:53,approved,99.431% uptime,"{""type"": ""object"", ""properties"": {}}","\b\d{1,3}\.\d{1,3}\.\d{1,3}\.\d{1,3}\b",message Msg { string id = 1; },"$482,365","$1,958,199",false,emma_williams@acme.org,5.0.51,EMP-56311,update,30.61,7 years,7628 Maple Dr,Competitor Beacon Analytics launched AuditTrail Plus,YES,IPO readiness,2026-07-24T10:46:19Z,batch-20191009-02,region=acme,"[17.5, 66.29]",region=2024-01,Support,max=2024,3.17.55,false,field_a -> output,jennifer.williams,Saturday,Meets expectations,Outstanding,97.7304,3266.61,2018-10-20T16:30:28Z,UTF-16,37 6 * * *,[INTERNAL] Q4 strategy review pending board approval,1 year,136-49-9659,failed,TEXT,-12.32%,application/xml,4838 shares @ $471.81,IPO readiness,SmartChoice,Non-conformance: access control,2026-07-27T04:44:40Z
{{date}} - {{event}},3c0b823ee7d80fb4505e4235ddd9e9a14d623a871083d937d636b3d60eea652e,[CONFIDENTIAL] Formula #978,elizabeth.miller,Step 5: Configure the module.,9258.0532,0,Shanghai,978-0-16658-535-8,FLOAT,2018-12-08 08:10:44,HOLD-2022-237,raw.orders -> reports,[CONFIDENTIAL] Formula #172,99.226% uptime,/var/logs/daily_604.csv,BETWEEN 1 AND 100,RFC 3339,"$8,347,417",55 16 * * 1-5,2023-02-23T19:54:56Z,id,90 days,@michaeljackson811,Outstanding,message Msg { string id = 1; },Workday,sales.orders,295 days,ProSeries,2024-06-20 13:14:29,pending,99.231% uptime,CREATE TABLE t (id INT PRIMARY KEY),"\b\d{1,3}\.\d{1,3}\.\d{1,3}\.\d{1,3}\b",message Msg { string id = 1; },"$9,105,099","$3,579,087",false,aidengarcia@company.com,2.5.91,EMP-62176,delete,64.45,7 days,1053 Elm St,Competitor DataCraft Inc launched Widget Pro,false,Expand APAC market,2022-08-12 16:02:54,batch-20230419-26,region=acme,"[36.65, 84.39]",dt=us-east,Engineering,min=3394,2.14.57,false,input -> output,emma.clark,Friday,Meets expectations,Outstanding,99.3838,8008.03,2022-04-25T01:35:13Z,UTF-8,18 6 * * *,[INTERNAL] Q4 strategy review pending board approval,1 year,632-77-4146,completed,TEXT,34.72%,application/pdf,4681 shares @ $310.84,Acquire competitor,EcoLine,Observation: backup schedule,2022-08-26 03:13:19
Hello {{name}},6515de7f8ccb73d2748d73b11a302d9c70102932979908d49721b5d990e37a02,[CONFIDENTIAL] Formula #701,emily.clark,Step 1: Monitor the service.,6413.8571,CURRENT_TIMESTAMP,Singapore,978-7-42804-980-5,TIMESTAMP,2025-06-16T17:37:44Z,HOLD-2021-893,raw.orders -> exports,[CONFIDENTIAL] Formula #732,99.468% uptime,/var/data/export_81.json,UNIQUE,RFC 3339,"$2,550,255",16 9 * * 1-5,,id,300 days,@ethanjackson424,Meets expectations,message Msg { string id = 1; },SAP,public.users,186 days,EcoLine,2024-04-13 18:26:38,pending,99.573% uptime,"{""type"": ""object"", ""properties"": {}}",^\d{3}-\d{2}-\d{4}$,message Msg { string id = 1; },"$999,270","$530,933",false,patricialee85@acme.org,3.18.51,EMP-10260,update,83.78,indefinite,2247 Elm St,Competitor Beacon Analytics launched Sentinel Monitor,true,Acquire competitor,2024-01-26T07:30:54Z,batch-20210617-67,region=us-east,"[33.28, 80.71]",region=2024-01,Finance,crit=8940,3.11.98,false,input -> target_col,liam.wright,Sunday,Outstanding,Meets expectations,95.3728,1444.11,2020-01-12 18:04:31,Latin-1,52 8 * * 1-5,[INTERNAL] Q4 strategy review pending board approval,1 year,572-21-2952,rejected,BOOLEAN,17.19%,application/xml,883 shares @ $436.61,Expand APAC market,TechBrand,Major finding: data retention,2023-10-19 03:43:54
Hello {{name}},bedf2f7965ac37f046aab5cfbb08854db3a02ae525abb40d95bb6bf844dacc1c,[CONFIDENTIAL] Formula #521,lucas.thompson,Step 2: Verify the system.,7224.4078,null,Busan,978-4-40578-580-1,TIMESTAMP,2020-07-03 19:07:06,HOLD-2023-782,curated.users -> reports,[CONFIDENTIAL] Formula #696,99.355% uptime,/var/data/export_843.json,CHECK (val > 0),W3C Date,"$8,240,148",42 10 * * *,,id,172 days,@lindalewis588,Needs improvement,CREATE TABLE t (id INT PRIMARY KEY),Salesforce,analytics.events,139 days,ValueMax,2026-07-15T15:36:26Z,cancelled,99.028% uptime,CREATE TABLE t (id INT PRIMARY KEY),[a-zA-Z0-9._%+-]+@[a-zA-Z0-9.-]+,"{""type"": ""object"", ""properties"": {}}","$7,336,288","$5,035,608",false,harper.rodriguez@outlook.com,4.18.55,EMP-36029,update,82.67,indefinite,7021 Oak Ave,Competitor Pioneer Software launched DataSync 3000,false,Expand APAC market,2024-06-13T21:52:11Z,batch-20261105-50,region=2024-01,"[16.32, 86.46]",dt=acme,Sales,min=8913,4.10.77,true,input -> field_b,emma.martinez,Monday,Needs improvement,Exceeds expectations,95.943,7490.42,2025-09-02 00:05:41,ISO-8859-1,"2 18 * * 0,6",[INTERNAL] Q4 strategy review pending board approval,30 days,XXX-XX-5082,rejected,VARCHAR,22.36%,text/html,4192 shares @ $189.89,IPO readiness,SmartChoice,Observation: backup schedule,2020-05-09 16:39:36
Hello {{name}},6b5c50d3ced837ffaff6ecda92f9235d7fe985fe364747d13daa54f43f51a4be,[CONFIDENTIAL] Formula #943,patricia.moore,Step 4: Initialize the system.,2736.7081,0,Shanghai,978-4-52113-832-7,TIMESTAMP,2022-06-27T23:36:20Z,HOLD-2020-930,curated.orders -> reports,[CONFIDENTIAL] Formula #563,99.389% uptime,/var/logs/batch_979.json,CHECK (val > 0),RFC 3339,"$182,977","55 23 * * 0,6",,id,295 days,@jameslee347,Outstanding,CREATE TABLE t (id INT PRIMARY KEY),PostgreSQL,public.users,123 days,ProSeries,2025-10-01 12:50:33,approved,99.117% uptime,"{""type"": ""object"", ""properties"": {}}",^[A-Z]{2}\d{6}$,"{""type"": ""object"", ""properties"": {}}","$6,752,075","$3,812,005",false,loganjones@acme.org,2.3.19,EMP-41563,delete,6.1,1 year,610 Oak Ave,Competitor Beacon Analytics launched SmartHub X1,true,Launch SaaS tier,2019-04-06 13:58:58,batch-20200515-41,region=acme,"[13.98, 68.37]",tenant=2024-01,Sales,crit=2388,1.15.24,false,source_col -> target_col,richard.harris,Tuesday,Outstanding,Outstanding,96.7375,3808.83,2026-05-12T09:34:10Z,ASCII,28 1 * * *,[INTERNAL] Q2 strategy review pending board approval,30 days,XXX-XX-7343,rejected,INTEGER,17.16%,text/csv,3189 shares @ $395.64,Acquire competitor,ValueMax,Major finding: data retention,2021-12-11 23:15:48
Dear {{customer}},f73448fb449d4468b8ca14912d205eb53840adf14559e4d143e23b064466f49a,[CONFIDENTIAL] Formula #586,logan.brown,Step 3: Monitor the service.,-884.7732,0,Shanghai,978-3-71536-445-4,TIMESTAMP,2023-04-16 03:32:08,HOLD-2023-564,staging.events -> reports,[CONFIDENTIAL] Formula #424,99.434% uptime,/var/uploads/export_368.parquet,MATCHES '^[A-Z]+',IEEE 754,"$7,261,531",37 21 * * *,,amount,41 days,@patriciataylor996,Outstanding,CREATE TABLE t (id INT PRIMARY KEY),Snowflake,analytics.events,289 days,SmartChoice,2025-12-09T15:47:18Z,pending,99.177% uptime,CREATE TABLE t (id INT PRIMARY KEY),"\b\d{1,3}\.\d{1,3}\.\d{1,3}\.\d{1,3}\b",message Msg { string id = 1; },"$4,526,610","$7,575,453",false,amyjohnson@outlook.com,2.0.50,EMP-73346,snapshot,16.43,1 year,1128 Oak Ave,Competitor Pacific Research Group launched FlexPay Platform,false,Acquire competitor,2025-05-10 15:54:23,batch-20200804-46,tenant=acme,"[26.73, 63.61]",dt=acme,HR,warn=9255,3.14.52,false,source_col -> target_col,mary.johnson,Sunday,Outstanding,Needs improvement,99.3277,1124.13,2026-04-17 05:40:07,Latin-1,25 4 * * 1-5,[INTERNAL] Q2 strategy review pending board approval,7 days,218-14-7179,completed,VARCHAR,49.79%,application/xml,3510 shares @ $342.62,Launch SaaS tier,EcoLine,Observation: backup schedule,2021-07-15 08:46:52
Hello {{name}},d42892f80c272756f7a18c4f7c28f4fbd1cb51ee4747701faa99d684e5f419a1,[CONFIDENTIAL] Formula #423,linda.martinez,Step 4: Initialize the service.,1937.2906,'',Rotterdam,978-3-47394-160-4,INTEGER,2024-07-01T17:34:20Z,HOLD-2026-944,staging.events -> reports,[CONFIDENTIAL] Formula #221,99.692% uptime,/var/tmp/export_431.json,MATCHES '^[A-Z]+',RFC 3339,"$6,533,829",5 21 * * 1-5,,status,29 days,@richardclark75,Outstanding,CREATE TABLE t (id INT PRIMARY KEY),PostgreSQL,analytics.events,222 days,ValueMax,2023-02-23 18:17:40,completed,99.384% uptime,message Msg { string id = 1; },[a-zA-Z0-9._%+-]+@[a-zA-Z0-9.-]+,"{""type"": ""object"", ""properties"": {}}","$6,679,472","$8,903,910",false,williamrodriguez@example.com,1.9.15,EMP-34000,update,63.04,indefinite,7101 Elm St,Competitor TechCo Industries launched VaultKeeper,false,IPO readiness,2023-12-04T12:18:58Z,batch-20241013-25,tenant=acme,"[36.47, 80.66]",region=2024-01,Legal,warn=2394,4.10.19,true,input -> output,william.smith,Sunday,Meets expectations,Outstanding,98.2093,8429.31,2024-11-28 16:52:18,UTF-16,"3 1 * * 0,6",[INTERNAL] Q2 strategy review pending board approval,7 days,116-92-2549,failed,INTEGER,-46.05%,text/html,822 shares @ $314.61,Expand APAC market,EcoLine,Observation: backup schedule,2019-04-01 21:32:04
{{date}} - {{event}},b4ffcde7c66206810b237dbc5dae13df99eb167ecd55d0c4aea513a679d92ab5,[CONFIDENTIAL] Formula #106,oliver.king,Step 4: Verify the module.,341.8321,1,Singapore,978-1-74589-737-2,TIMESTAMP,2018-07-23T10:52:51Z,HOLD-2023-178,raw.events -> reports,[CONFIDENTIAL] Formula #530,99.079% uptime,/var/tmp/export_923.xml,UNIQUE,RFC 3339,"$27,002",39 22 * * 1-5,2023-07-16T07:38:42Z,name,33 days,@richarddavis708,Outstanding,"{""type"": ""object"", ""properties"": {}}",SAP,hr.employees,228 days,TechBrand,2023-11-21T08:07:43Z,rejected,99.287% uptime,message Msg { string id = 1; },^\d{3}-\d{2}-\d{4}$,CREATE TABLE t (id INT PRIMARY KEY),"$6,064,741","$2,673,299",false,richardmoore@outlook.com,2.14.29,EMP-90231,upsert,70.0,7 years,6903 Maple Dr,Competitor Beacon Analytics launched AuditTrail Plus,false,IPO readiness,2019-09-06T11:32:34Z,batch-20190729-99,dt=acme,"[29.6, 99.58]",region=acme,HR,max=7658,2.15.97,false,field_a -> target_col,olivia.young,Tuesday,Needs improvement,Needs improvement,99.7083,2466.66,2023-08-16T13:58:11Z,ASCII,39 23 * * 1-5,[INTERNAL] Q2 strategy review pending board approval,30 days,522-89-7681,failed,BOOLEAN,-7.1%,application/pdf,2518 shares @ $63.72,Launch SaaS tier,TechBrand,Major finding: data retention,2019-11-12T02:31:35Z
Dear {{customer}},0fb0bc5de5aedb2ef71745c3512341d87f902be981f211110d5d6d61cc3268e0,[CONFIDENTIAL] Formula #394,ethan.king,Step 3: Configure the service.,9735.7536,false,Rotterdam,978-3-89000-887-8,TEXT,2023-01-24 01:57:22,HOLD-2021-268,staging.orders -> analytics,[CONFIDENTIAL] Formula #608,99.18% uptime,/var/config/daily_184.yaml,NOT NULL,RFC 3339,"$8,538,534",54 23 * * *,2023-07-04 02:46:13,name,6 days,@jamesthompson814,Outstanding,message Msg { string id = 1; },Snowflake,hr.employees,119 days,SmartChoice,2023-11-04 12:10:25,active,99.693% uptime,message Msg { string id = 1; },[a-zA-Z0-9._%+-]+@[a-zA-Z0-9.-]+,message Msg { string id = 1; },"$3,791,957","$3,900,722",false,harperwilliams79@company.com,0.14.31,EMP-60929,delete,87.54,7 days,1892 Maple Dr,Competitor Vertex Technologies launched VaultKeeper,false,IPO readiness,2019-12-22T17:11:57Z,batch-20180507-94,region=2024-01,"[30.73, 60.38]",region=2024-01,Support,min=6375,1.0.72,false,source_col -> field_b,mary.young,Sunday,Meets expectations,Meets expectations,96.9403,6506.66,2022-12-19T08:45:19Z,UTF-16,22 11 * * 1-5,[INTERNAL] Q2 strategy review pending board approval,7 years,605-70-1247,rejected,TEXT,-16.07%,application/json,3829 shares @ $290.99,Acquire competitor,ProSeries,Non-conformance: access control,2019-09-26 20:36:29
Order #{{id}},e02b5a2fa5ea8d66245ade2b64d8aed13ec04219de6aae8b158304c00693191b,[CONFIDENTIAL] Formula #983,logan.harris,Step 3: Monitor the module.,7512.7505,'',Port of LA,978-2-97480-940-2,JSON,2023-11-11T23:18:39Z,HOLD-2026-781,curated.orders -> reports,[CONFIDENTIAL] Formula #986,99.069% uptime,/var/exports/batch_373.log,NOT NULL,ISO 8601,"$9,554,709",11 21 * * *,,type,363 days,@masonrobinson921,Outstanding,message Msg { string id = 1; },Salesforce,public.users,295 days,TechBrand,2026-10-21T04:30:28Z,cancelled,99.092% uptime,CREATE TABLE t (id INT PRIMARY KEY),^\d{3}-\d{2}-\d{4}$,"{""type"": ""object"", ""properties"": {}}","$4,472,854","$4,178,807",true,harper.thomas95@outlook.com,2.3.56,EMP-24672,upsert,89.44,7 days,4707 Main St,Competitor Pioneer Software launched SmartHub X1,YES,IPO readiness,2020-09-06T05:45:00Z,batch-20230825-33,dt=us-east,"[26.08, 83.82]",tenant=us-east,Support,crit=3984,0.13.24,true,source_col -> output,david.garcia,Sunday,Outstanding,Outstanding,98.6025,5171.44,2019-02-03 19:23:13,Latin-1,3 3 * * 1-5,[INTERNAL] Q2 strategy review pending board approval,7 years,XXX-XX-9560,approved,TEXT,-29.91%,application/json,3091 shares @ $21.22,Launch SaaS tier,SmartChoice,Major finding: data retention,2024-11-10 13:25:04
{{date}} - {{event}},ab0f10017ed317ee49d6f235791849657e579a84ff57a66cd639ae9a82b5f9a5,[CONFIDENTIAL] Formula #958,amy.johnson,Step 3: Initialize the system.,4258.2032,1,Port of LA,978-8-45328-671-3,BOOLEAN,2023-05-24 16:15:31,HOLD-2026-553,curated.orders -> analytics,[CONFIDENTIAL] Formula #986,99.687% uptime,/var/exports/batch_205.csv,CHECK (val > 0),IEEE 754,"$4,172,482",41 15 * * 1-5,,created_at,291 days,@sarahjones852,Exceeds expectations,"{""type"": ""object"", ""properties"": {}}",SAP,sales.orders,341 days,ValueMax,2024-01-16T20:04:42Z,inactive,99.293% uptime,"{""type"": ""object"", ""properties"": {}}",^[A-Z]{2}\d{6}$,CREATE TABLE t (id INT PRIMARY KEY),"$411,172","$2,765,443",true,liam.smith@outlook.com,2.9.97,EMP-84420,upsert,65.63,7 days,5834 Elm St,Competitor Meridian Health launched AuditTrail Plus,NO,Acquire competitor,2019-02-24 09:21:31,batch-20220601-08,region=acme,"[31.39, 64.32]",tenant=us-east,Operations,crit=5564,2.5.87,false,field_a -> target_col,aiden.lee,Thursday,Needs improvement,Needs improvement,95.9159,6572.33,2020-02-07 08:07:00,UTF-8,4 21 * * 1-5,[INTERNAL] Q3 strategy review pending board approval,1 year,356-74-6520,inactive,TEXT,-45.8%,application/pdf,2087 shares @ $175.65,Acquire competitor,TechBrand,Non-conformance: access control,2024-08-09 02:20:38
{{date}} - {{event}},a3c09af9257b9f853be7f863050d215fbe3e16bba8a0527dcea213f7911d7012,[CONFIDENTIAL] Formula #341,david.martinez,Step 5: Monitor the service.,5106.5372,null,Hamburg,978-4-92472-933-0,BOOLEAN,2023-02-20T19:26:49Z,HOLD-2024-611,staging.orders -> reports,[CONFIDENTIAL] Formula #632,99.887% uptime,/var/config/batch_598.yaml,MATCHES '^[A-Z]+',W3C Date,"$2,028,470",0 22 * * *,,id,110 days,@sarahking845,Needs improvement,CREATE TABLE t (id INT PRIMARY KEY),PostgreSQL,hr.employees,104 days,TechBrand,2023-10-24T23:25:08Z,cancelled,99.531% uptime,CREATE TABLE t (id INT PRIMARY KEY),^[A-Z]{2}\d{6}$,message Msg { string id = 1; },"$2,573,967","$327,171",true,jennifer.jones@gmail.com,1.11.55,EMP-56403,upsert,54.48,1 year,3355 Elm St,Competitor Pacific Research Group launched SmartHub X1,NO,IPO readiness,2022-04-06 14:48:14,batch-20190421-61,region=acme,"[32.69, 74.59]",tenant=us-east,Operations,max=4160,2.14.76,true,source_col -> output,susan.white,Saturday,Needs improvement,Exceeds expectations,99.661,7777.4,2020-01-15 20:47:45,Latin-1,14 1 * * *,[INTERNAL] Q2 strategy review pending board approval,7 days,883-34-3936,failed,TIMESTAMP,32.35%,text/html,1189 shares @ $334.01,Acquire competitor,ProSeries,Major finding: data retention,2020-06-07 05:30:57
Hello {{name}},fe0f130b7cbe6288a23eb06d2556b1c7f9aa0205d2588053a3ca807e1940339b,[CONFIDENTIAL] Formula #482,robert.miller,Step 4: Configure the module.,1831.2794,'',Shanghai,978-9-35678-361-8,BOOLEAN,2020-03-07 11:56:04,HOLD-2020-818,curated.orders -> reports,[CONFIDENTIAL] Formula #426,99.667% uptime,/var/data/daily_638.json,UNIQUE,ISO 8601,"$9,117,830","56 2 * * 0,6",,email,245 days,@masonmartin183,Exceeds expectations,CREATE TABLE t (id INT PRIMARY KEY),Workday,hr.employees,99 days,SmartChoice,2025-07-07T12:33:58Z,cancelled,99.525% uptime,CREATE TABLE t (id INT PRIMARY KEY),^\d{3}-\d{2}-\d{4}$,"{""type"": ""object"", ""properties"": {}}","$9,003,141","$2,310,084",false,anna.brown12@outlook.com,1.20.19,EMP-96926,snapshot,68.65,7 years,2573 Cedar Ln,Competitor Acme Corp launched AuditTrail Plus,true,IPO readiness,2019-06-03T21:04:06Z,batch-20200131-98,dt=acme,"[29.08, 87.33]",dt=2024-01,Sales,warn=9783,1.7.21,false,input -> output,william.taylor,Thursday,Meets expectations,Exceeds expectations,98.2451,2833.41,2026-11-03 02:44:22,ASCII,1 2 * * *,[INTERNAL] Q4 strategy review pending board approval,1 year,894-39-2546,approved,FLOAT,39.87%,application/json,963 shares @ $363.29,Expand APAC market,ValueMax,Observation: backup schedule,2021-07-04 02:02:11
Hello {{name}},0a86b7cb8cc94e03d18032806e629024665b19303471aeeb257f8cf197112d6b,[CONFIDENTIAL] Formula #310,robert.young,Step 2: Configure the system.,1016.4683,'',Rotterdam,978-6-83254-219-9,FLOAT,2021-04-01 04:13:43,HOLD-2025-979,curated.orders -> exports,[CONFIDENTIAL] Formula #291,99.806% uptime,/var/tmp/batch_845.xml,CHECK (val > 0),RFC 3339,"$3,091,446","18 18 * * 0,6",,amount,149 days,@oliviawhite819,Outstanding,"{""type"": ""object"", ""properties"": {}}",Kafka,sales.orders,71 days,EcoLine,2019-12-16 01:41:50,active,99.908% uptime,"{""type"": ""object"", ""properties"": {}}",[a-zA-Z0-9._%+-]+@[a-zA-Z0-9.-]+,message Msg { string id = 1; },"$1,889,395","$8,465,929",false,amy.martin@yahoo.com,0.20.95,EMP-19463,snapshot,30.89,1 year,4913 Pine Rd,Competitor Meridian Health launched AuditTrail Plus,YES,Expand APAC market,2026-12-08 06:04:42,batch-20190902-19,region=acme,"[1.7, 62.91]",dt=acme,HR,max=9807,5.3.58,false,input -> field_b,john.white,Sunday,Outstanding,Exceeds expectations,97.1418,3024.38,2024-04-07T02:35:57Z,ASCII,21 0 * * 1-5,[INTERNAL] Q1 strategy review pending board approval,indefinite,XXX-XX-2105,cancelled,TEXT,-22.82%,text/csv,1681 shares @ $499.32,Acquire competitor,SmartChoice,Non-conformance: access control,2025-05-22T03:00:32Z
Order #{{id}},c3fe696c4545b54e53e9e0e214924c760b8424f17e60f1fb7c9f56bff5c969b2,[CONFIDENTIAL] Formula #213,mason.anderson,Step 4: Deploy the system.,8609.0586,null,Shanghai,978-8-85069-266-9,INTEGER,2023-05-22 17:44:47,HOLD-2022-917,staging.users -> analytics,[CONFIDENTIAL] Formula #457,99.526% uptime,/var/config/batch_954.csv,MATCHES '^[A-Z]+',POSIX,"$3,287,823","26 22 * * 0,6",,amount,149 days,@lucaswilliams775,Needs improvement,message Msg { string id = 1; },Workday,public.users,111 days,ProSeries,2020-01-18T11:37:16Z,pending,99.462% uptime,"{""type"": ""object"", ""properties"": {}}",^[A-Z]{2}\d{6}$,CREATE TABLE t (id INT PRIMARY KEY),"$244,109","$6,225,509",true,michael.brown@yahoo.com,0.18.56,EMP-13846,insert,23.18,7 days,1355 Oak Ave,Competitor Pacific Research Group launched AuditTrail Plus,YES,Expand APAC market,2018-11-26T16:32:27Z,batch-20210308-11,tenant=us-east,"[11.34, 85.68]",dt=2024-01,Support,crit=4565,4.4.55,true,field_a -> target_col,jessica.jones,Wednesday,Needs improvement,Outstanding,98.7962,1784.94,2024-02-01 05:17:28,Latin-1,54 2 * * 1-5,[INTERNAL] Q4 strategy review pending board approval,1 year,XXX-XX-6591,approved,JSON,25.07%,application/xml,599 shares @ $123.88,IPO readiness,SmartChoice,Non-conformance: access control,2025-09-02T15:20:56Z
Order #{{id}},4ad67871325cfc26f753ad6f7af1da132bbd9f83cd2cca477b70cef0c26142c7,[CONFIDENTIAL] Formula #243,jennifer.thomas,Step 4: Verify the pipeline.,1582.2728,'',Singapore,978-7-55359-126-1,INTEGER,2026-02-28 17:42:16,HOLD-2020-113,staging.users -> exports,[CONFIDENTIAL] Formula #802,99.571% uptime,/var/logs/daily_185.parquet,UNIQUE,W3C Date,"$2,944,712","46 7 * * 0,6",,type,310 days,@annamoore728,Exceeds expectations,"{""type"": ""object"", ""properties"": {}}",SAP,hr.employees,7 days,ProSeries,2022-07-14 13:38:45,approved,99.344% uptime,message Msg { string id = 1; },^[A-Z]{2}\d{6}$,message Msg { string id = 1; },"$2,937,113","$8,278,279",false,david_anderson@company.com,2.15.36,EMP-84542,snapshot,11.61,1 year,6638 Cedar Ln,Competitor Pacific Research Group launched StreamLine ERP,false,Acquire competitor,2022-10-11 14:09:39,batch-20260225-67,region=acme,"[0.14, 77.44]",region=us-east,Legal,max=5912,4.7.45,true,input -> output,lucas.taylor,Friday,Exceeds expectations,Exceeds expectations,98.3213,7097.25,2021-08-14 06:55:32,UTF-8,48 14 * * 1-5,[INTERNAL] Q2 strategy review pending board approval,indefinite,492-54-2055,pending,INTEGER,45.38%,text/html,4945 shares @ $405.48,Acquire competitor,EcoLine,Observation: backup schedule,2023-07-08T05:55:10Z
Hello {{name}},eb6298ccd5ea13f1f259dcec8a19b06fbfa83a1356613d22365fc3d384a84d90,[CONFIDENTIAL] Formula #126,anna.lee,Step 2: Verify the module.,7573.1154,false,Hamburg,978-7-91488-526-9,TEXT,2018-07-17 16:29:39,HOLD-2025-319,raw.users -> analytics,[CONFIDENTIAL] Formula #690,99.027% uptime,/var/exports/daily_582.json,CHECK (val > 0),POSIX,"$6,800,277",35 21 * * 1-5,2020-11-04 13:48:12,created_at,39 days,@annajackson176,Needs improvement,"{""type"": ""object"", ""properties"": {}}",Salesforce,analytics.events,345 days,EcoLine,2018-12-03 22:22:35,failed,99.955% uptime,CREATE TABLE t (id INT PRIMARY KEY),"\b\d{1,3}\.\d{1,3}\.\d{1,3}\.\d{1,3}\b","{""type"": ""object"", ""properties"": {}}","$8,115,646","$932,037",true,emily_martin@outlook.com,3.1.40,EMP-66781,insert,20.51,7 years,8101 Maple Dr,Competitor Acme Corp launched Sentinel Monitor,YES,Launch SaaS tier,2021-09-25T11:12:49Z,batch-20261221-73,dt=2024-01,"[0.78, 95.28]",tenant=2024-01,Operations,warn=6992,0.15.60,false,source_col -> output,olivia.smith,Saturday,Outstanding,Meets expectations,99.6778,5539.3,2026-05-02 14:24:14,ISO-8859-1,"15 0 * * 0,6",[INTERNAL] Q3 strategy review pending board approval,7 years,224-23-7007,active,JSON,2.27%,application/pdf,3770 shares @ $240.11,IPO readiness,TechBrand,Observation: backup schedule,2025-05-02T04:12:29Z
Dear {{customer}},d4895a739b509ddb8d33a92e97ac60b7bcf7294c44e6362057122ca331b0fbf7,[CONFIDENTIAL] Formula #438,susan.rodriguez,Step 3: Deploy the system.,-345.6178,0,Rotterdam,978-2-86614-432-2,INTEGER,2023-09-05T10:57:22Z,HOLD-2026-644,raw.events -> analytics,[CONFIDENTIAL] Formula #586,99.289% uptime,/var/uploads/daily_779.json,MATCHES '^[A-Z]+',POSIX,"$5,039,473",16 23 * * 1-5,,status,146 days,@emmajones684,Meets expectations,"{""type"": ""object"", ""properties"": {}}",Workday,hr.employees,11 days,SmartChoice,2019-02-20T20:44:05Z,cancelled,99.766% uptime,message Msg { string id = 1; },"\b\d{1,3}\.\d{1,3}\.\d{1,3}\.\d{1,3}\b",CREATE TABLE t (id INT PRIMARY KEY),"$2,792,644","$9,394,826",false,sarah_taylor@example.com,1.15.46,EMP-52825,snapshot,77.85,1 year,1205 Cedar Ln,Competitor Skyline Partners launched CloudGuard,YES,IPO readiness,2019-06-21 07:02:20,batch-20181202-88,dt=acme,"[30.39, 72.21]",tenant=2024-01,HR,crit=9417,0.8.99,true,input -> field_b,mary.jones,Sunday,Outstanding,Meets expectations,96.8933,1192.79,2020-07-06T17:30:06Z,ASCII,"29 17 * * 0,6",[INTERNAL] Q3 strategy review pending board approval,indefinite,480-59-3716,inactive,INTEGER,27.4%,application/xml,1390 shares @ $88.33,IPO readiness,SmartChoice,Non-conformance: access control,2021-03-10T00:45:14Z
Hello {{name}},70bb7fe226123390bfc2dedc6d8a669d6452b8e0ca461687a7ae7b0efe1838ce,[CONFIDENTIAL] Formula #244,linda.king,Step 1: Configure the service.,1725.8514,'',Shanghai,978-8-45558-616-9,TEXT,2020-02-22 03:11:07,HOLD-2023-896,raw.events -> analytics,[CONFIDENTIAL] Formula #268,99.591% uptime,/var/config/batch_75.parquet,NOT NULL,ISO 8601,"$5,639,120",40 11 * * 1-5,,name,56 days,@ethanjackson677,Outstanding,"{""type"": ""object"", ""properties"": {}}",Salesforce,sales.orders,247 days,EcoLine,2020-01-05T17:12:10Z,inactive,99.055% uptime,message Msg { string id = 1; },^[A-Z]{2}\d{6}$,"{""type"": ""object"", ""properties"": {}}","$7,759,787","$1,889,170",true,robertbrown@outlook.com,0.14.43,EMP-73452,delete,86.81,1 year,1266 Maple Dr,Competitor Global Solutions launched DataSync 3000,NO,Acquire competitor,2025-09-05 00:39:22,batch-20190420-35,dt=2024-01,"[5.16, 75.58]",tenant=us-east,Finance,min=167,3.19.33,false,field_a -> output,olivia.jackson,Sunday,Meets expectations,Outstanding,96.6715,7394.32,2025-03-08 00:41:45,UTF-16,"37 23 * * 0,6",[INTERNAL] Q1 strategy review pending board approval,7 years,696-84-1988,approved,VARCHAR,-38.43%,application/xml,122 shares @ $178.62,Acquire competitor,ValueMax,Non-conformance: access control,2018-06-15T13:28:58Z
Dear {{customer}},de8f1b3a3a5ce82f1f19bfb798477f4b94704357a1788bb4c2db1ca12c2be1dd,[CONFIDENTIAL] Formula #405,oliver.robinson,Step 1: Verify the service.,7075.657,false,Hamburg,978-7-69096-305-4,BOOLEAN,2018-09-02T14:30:05Z,HOLD-2026-453,raw.events -> reports,[CONFIDENTIAL] Formula #662,99.254% uptime,/var/config/daily_459.csv,CHECK (val > 0),ISO 8601,"$4,879,189",46 20 * * 1-5,,amount,259 days,@jamesjones137,Exceeds expectations,CREATE TABLE t (id INT PRIMARY KEY),Snowflake,analytics.events,256 days,TechBrand,2022-11-20T18:43:13Z,approved,99.973% uptime,CREATE TABLE t (id INT PRIMARY KEY),^[A-Z]{2}\d{6}$,"{""type"": ""object"", ""properties"": {}}","$7,121,059","$1,232,443",true,aidenwilliams@company.com,3.18.57,EMP-64780,upsert,97.44,indefinite,421 Oak Ave,Competitor Catalyst Ventures launched DataSync 3000,false,IPO readiness,2019-04-09 03:44:15,batch-20220724-25,tenant=us-east,"[19.79, 70.83]",dt=us-east,Operations,min=2788,0.7.79,false,input -> target_col,james.brown,Tuesday,Meets expectations,Meets expectations,97.4439,5538.38,2026-08-01 15:05:25,UTF-16,14 0 * * *,[INTERNAL] Q1 strategy review pending board approval,1 year,177-67-6498,inactive,TEXT,-4.78%,text/csv,4163 shares @ $248.84,Acquire competitor,ValueMax,Observation: backup schedule,2020-05-04T12:25:45Z
Dear {{customer}},f92ce4bf7826960ee15535506d33765fa36c2499500e7e386e3c206fd8361e6e,[CONFIDENTIAL] Formula #747,patricia.jackson,Step 1: Initialize the system.,8043.3705,'',Shanghai,978-6-97425-322-8,VARCHAR,2021-05-21T08:48:30Z,HOLD-2020-965,staging.orders -> exports,[CONFIDENTIAL] Formula #512,99.682% uptime,/var/uploads/batch_794.log,MATCHES '^[A-Z]+',RFC 3339,"$8,199,861","28 5 * * 0,6",,status,180 days,@elizabeththompson506,Needs improvement,CREATE TABLE t (id INT PRIMARY KEY),PostgreSQL,sales.orders,219 days,ProSeries,2023-07-20 03:21:14,inactive,99.175% uptime,"{""type"": ""object"", ""properties"": {}}",^\d{3}-\d{2}-\d{4}$,"{""type"": ""object"", ""properties"": {}}","$8,691,540","$3,952,034",false,linda.taylor@gmail.com,5.1.3,EMP-40259,upsert,57.39,indefinite,1445 Park Blvd,Competitor DataCraft Inc launched Widget Pro,YES,Acquire competitor,2024-08-20T07:01:03Z,batch-20210518-42,dt=acme,"[5.43, 73.57]",tenant=us-east,Operations,warn=2741,4.15.93,false,source_col -> target_col,emma.jackson,Saturday,Meets expectations,Outstanding,99.5798,5367.96,2022-04-14T07:55:59Z,ISO-8859-1,5 2 * * 1-5,[INTERNAL] Q2 strategy review pending board approval,7 days,315-41-4140,active,TIMESTAMP,-18.44%,application/json,992 shares @ $227.96,IPO readiness,ValueMax,Major finding: data retention,2025-12-26T13:39:55Z
Order #{{id}},01c7c14864ce13ce5a56c59c3c292e64fe43bf7fcd58119367a1e0ed064352f4,[CONFIDENTIAL] Formula #164,sophia.walker,Step 3: Monitor the module.,-882.6432,CURRENT_TIMESTAMP,Port of LA,978-0-52412-860-5,TEXT,2022-09-04T14:41:15Z,HOLD-2024-322,curated.events -> exports,[CONFIDENTIAL] Formula #850,99.094% uptime,/var/tmp/daily_788.csv,BETWEEN 1 AND 100,RFC 3339,"$900,877","10 6 * * 0,6",,amount,43 days,@susanjohnson148,Needs improvement,CREATE TABLE t (id INT PRIMARY KEY),SAP,hr.employees,228 days,SmartChoice,2022-06-01T13:36:06Z,inactive,99.115% uptime,"{""type"": ""object"", ""properties"": {}}",^\d{3}-\d{2}-\d{4}$,"{""type"": ""object"", ""properties"": {}}","$3,522,896","$7,297,378",false,amy.taylor@outlook.com,0.14.6,EMP-21315,insert,87.23,30 days,7788 Main St,Competitor Beacon Analytics launched CloudGuard,true,Launch SaaS tier,2025-07-27T03:59:56Z,batch-20211018-12,dt=us-east,"[35.18, 88.27]",region=us-east,Finance,max=5910,2.19.81,true,source_col -> target_col,harper.taylor,Saturday,Outstanding,Exceeds expectations,99.4506,8084.65,2018-07-14 19:38:37,UTF-8,49 20 * * 1-5,[INTERNAL] Q1 strategy review pending board approval,1 year,XXX-XX-6599,rejected,TIMESTAMP,46.59%,application/xml,4929 shares @ $367.87,Acquire competitor,ProSeries,Major finding: data retention,2019-02-22 11:02:03
Dear {{customer}},bc3e69e760df021a0b81cad7f8137b3366d9314d3ef9a4f79ae0b9175bcc8008,[CONFIDENTIAL] Formula #873,william.jackson,Step 4: Deploy the module.,8200.896,false,Singapore,978-0-92102-413-2,INTEGER,2026-10-23 22:00:15,HOLD-2024-625,staging.events -> reports,[CONFIDENTIAL] Formula #349,99.334% uptime,/var/logs/batch_61.xml,UNIQUE,IEEE 754,"$7,569,843","35 19 * * 0,6",,email,111 days,@patriciawright417,Meets expectations,CREATE TABLE t (id INT PRIMARY KEY),Salesforce,analytics.events,67 days,EcoLine,2022-05-22T07:04:47Z,cancelled,99.55% uptime,"{""type"": ""object"", ""properties"": {}}",^\d{3}-\d{2}-\d{4}$,CREATE TABLE t (id INT PRIMARY KEY),"$2,679,325","$4,171,120",true,james_thompson34@acme.org,4.16.24,EMP-71693,insert,16.55,30 days,9476 Elm St,Competitor Catalyst Ventures launched VaultKeeper,true,Expand APAC market,2022-08-02 02:20:08,batch-20261129-16,tenant=acme,"[20.05, 82.56]",region=us-east,Legal,max=521,5.0.59,true,input -> field_b,jessica.taylor,Monday,Needs improvement,Needs improvement,97.7144,6462.86,2023-08-04 13:00:14,Latin-1,"57 19 * * 0,6",[INTERNAL] Q2 strategy review pending board approval,indefinite,XXX-XX-4856,completed,FLOAT,-0.78%,image/png,471 shares @ $13.01,Acquire competitor,SmartChoice,Major finding: data retention,2018-02-20T10:39:24Z
Hello {{name}},c36e165b36828e16e8e521f4e832338757dd9ab7b2ecd4c3d39cdaf294dec21d,[CONFIDENTIAL] Formula #113,patricia.garcia,Step 3: Configure the module.,9451.6271,CURRENT_TIMESTAMP,Singapore,978-2-16978-973-2,FLOAT,2025-07-23 12:43:07,HOLD-2022-101,curated.users -> exports,[CONFIDENTIAL] Formula #560,99.867% uptime,/var/tmp/daily_777.json,MATCHES '^[A-Z]+',W3C Date,"$9,727,033",35 17 * * *,,created_at,272 days,@harperanderson846,Meets expectations,message Msg { string id = 1; },Kafka,analytics.events,2 days,EcoLine,2020-11-12 16:10:35,inactive,99.776% uptime,message Msg { string id = 1; },"\b\d{1,3}\.\d{1,3}\.\d{1,3}\.\d{1,3}\b",CREATE TABLE t (id INT PRIMARY KEY),"$9,711,246","$8,953,378",false,emmathompson@acme.org,5.17.57,EMP-45583,insert,14.28,indefinite,825 Cedar Ln,Competitor TechCo Industries launched Sentinel Monitor,true,Acquire competitor,2020-10-16 23:29:55,batch-20180929-86,region=2024-01,"[2.52, 76.65]",region=us-east,Support,min=7889,3.18.11,false,input -> output,richard.rodriguez,Saturday,Meets expectations,Exceeds expectations,97.0841,3060.44,2025-06-26T05:51:36Z,UTF-16,"31 18 * * 0,6",[INTERNAL] Q2 strategy review pending board approval,1 year,869-38-8738,failed,INTEGER,-26.29%,image/png,348 shares @ $371.2,Launch SaaS tier,SmartChoice,Non-conformance: access control,2018-02-03T05:01:18Z
Dear {{customer}},69aa06db3c5bfa05f6f360bcd075b2a2ff847cfca2698bf49df25a7bac1e1cb8,[CONFIDENTIAL] Formula #446,harper.jones,Step 1: Verify the pipeline.,1335.1404,null,Shanghai,978-9-85805-350-0,FLOAT,2020-02-14 01:33:35,HOLD-2024-648,curated.events -> reports,[CONFIDENTIAL] Formula #362,99.266% uptime,/var/logs/batch_939.csv,NOT NULL,IEEE 754,"$6,329,569",47 8 * * *,,name,222 days,@oliverthomas426,Exceeds expectations,message Msg { string id = 1; },SAP,public.users,98 days,TechBrand,2023-07-13T00:08:07Z,failed,99.489% uptime,message Msg { string id = 1; },^[A-Z]{2}\d{6}$,"{""type"": ""object"", ""properties"": {}}","$3,391,339","$4,041,867",false,linda_davis@example.com,5.10.67,EMP-24620,delete,32.94,7 days,5480 Oak Ave,Competitor Quantum Dynamics launched AuditTrail Plus,true,Launch SaaS tier,2021-06-22 15:05:30,batch-20180715-18,dt=2024-01,"[35.14, 98.17]",dt=us-east,Engineering,max=3492,0.13.45,false,input -> output,robert.johnson,Sunday,Outstanding,Outstanding,96.8611,4960.23,2022-03-28 17:05:44,ASCII,"11 23 * * 0,6",[INTERNAL] Q2 strategy review pending board approval,1 year,XXX-XX-9670,pending,TIMESTAMP,22.32%,text/csv,2875 shares @ $190.1,Launch SaaS tier,TechBrand,Non-conformance: access control,2024-12-26T08:24:32Z
{{date}} - {{event}},a149e03f43364385718740541d1b2d7bcdf456e10cee42ce05baff343ee9deef,[CONFIDENTIAL] Formula #165,jennifer.smith,Step 1: Verify the module.,6313.824,null,Busan,978-9-19224-631-6,TIMESTAMP,2019-05-02 19:03:53,HOLD-2026-249,curated.orders -> reports,[CONFIDENTIAL] Formula #275,99.214% uptime,/var/logs/daily_686.yaml,UNIQUE,POSIX,"$9,426,401",12 12 * * 1-5,,type,263 days,@michaelking782,Outstanding,message Msg { string id = 1; },Kafka,analytics.events,10 days,ProSeries,2024-01-14T08:37:31Z,failed,99.504% uptime,message Msg { string id = 1; },^\d{3}-\d{2}-\d{4}$,"{""type"": ""object"", ""properties"": {}}","$4,006,587","$7,429,563",false,elizabeth.lewis65@company.com,5.12.11,EMP-15195,insert,46.77,7 years,989 Cedar Ln,Competitor Catalyst Ventures launched FlexPay Platform,false,Expand APAC market,2023-11-12T11:15:42Z,batch-20220522-26,tenant=us-east,"[14.13, 67.42]",tenant=acme,Marketing,crit=1260,4.0.65,false,field_a -> output,harper.anderson,Tuesday,Exceeds expectations,Meets expectations,99.8923,1361.76,2024-12-21T12:52:25Z,Latin-1,"47 14 * * 0,6",[INTERNAL] Q2 strategy review pending board approval,30 days,116-13-4747,failed,TEXT,10.57%,application/pdf,1411 shares @ $204.76,Acquire competitor,ProSeries,Observation: backup schedule,2025-12-11T10:52:29Z
Order #{{id}},6cefce1fa7031f84ef2e54571967c84229df25a40ca5581a9f7b4ae743671213,[CONFIDENTIAL] Formula #704,john.williams,Step 2: Verify the service.,328.1515,0,Rotterdam,978-0-97532-877-5,INTEGER,2022-10-10T04:38:03Z,HOLD-2020-841,staging.users -> exports,[CONFIDENTIAL] Formula #440,99.524% uptime,/var/uploads/export_772.json,CHECK (val > 0),POSIX,"$5,008,193",56 7 * * *,,id,158 days,@harperwilliams393,Needs improvement,"{""type"": ""object"", ""properties"": {}}",Salesforce,analytics.events,242 days,SmartChoice,2023-02-24 04:45:47,cancelled,99.543% uptime,"{""type"": ""object"", ""properties"": {}}",^\d{3}-\d{2}-\d{4}$,"{""type"": ""object"", ""properties"": {}}","$3,517,298","$7,275,178",false,jessica.brown@gmail.com,4.13.53,EMP-34157,update,26.73,1 year,6090 Elm St,Competitor Catalyst Ventures launched DataSync 3000,NO,Expand APAC market,2023-04-23 18:26:50,batch-20180429-70,tenant=acme,"[9.53, 91.07]",region=acme,Legal,max=6085,4.17.75,false,input -> target_col,mary.moore,Tuesday,Outstanding,Meets expectations,99.5636,5349.17,2018-12-19T23:23:21Z,UTF-8,38 23 * * *,[INTERNAL] Q1 strategy review pending board approval,30 days,286-25-8801,completed,VARCHAR,-39.31%,application/json,599 shares @ $494.2,IPO readiness,SmartChoice,Observation: backup schedule,2024-08-10T20:57:00Z
Order #{{id}},729314cddedaf7a43a5a91ffc4c98696ef2a8e65b26aec867e900ed7f8b34a22,[CONFIDENTIAL] Formula #575,william.harris,Step 1: Verify the pipeline.,3667.8126,CURRENT_TIMESTAMP,Busan,978-9-93605-458-8,FLOAT,2026-01-02T03:14:13Z,HOLD-2025-858,staging.orders -> reports,[CONFIDENTIAL] Formula #846,99.278% uptime,/var/exports/batch_135.csv,BETWEEN 1 AND 100,ISO 8601,"$8,009,115",14 0 * * *,,amount,160 days,@johnmartin690,Needs improvement,message Msg { string id = 1; },Workday,hr.employees,238 days,TechBrand,2026-10-09 12:20:33,active,99.375% uptime,"{""type"": ""object"", ""properties"": {}}",^\d{3}-\d{2}-\d{4}$,message Msg { string id = 1; },"$4,539,811","$7,226,644",true,linda.harris54@gmail.com,1.7.87,EMP-43110,upsert,9.79,7 days,4689 Cedar Ln,Competitor Beacon Analytics launched FlexPay Platform,YES,IPO readiness,2019-01-17 03:47:45,batch-20230602-85,dt=us-east,"[0.1, 70.33]",tenant=acme,Finance,max=2767,0.1.54,true,field_a -> field_b,john.king,Thursday,Needs improvement,Meets expectations,95.2858,2805.58,2019-11-15T19:51:58Z,UTF-16,17 19 * * *,[INTERNAL] Q1 strategy review pending board approval,7 years,351-29-9428,cancelled,JSON,-36.97%,image/png,3731 shares @ $492.09,Launch SaaS tier,EcoLine,Observation: backup schedule,2026-03-19T03:19:32Z
Dear {{customer}},10d09c6535c0bb14e38b6a4c8ff196cf97f6d43f9f403a7ab9e213edaa57c0b2,[CONFIDENTIAL] Formula #650,jennifer.garcia,Step 1: Initialize the pipeline.,9243.5688,null,Shanghai,978-4-97854-770-6,BOOLEAN,2022-10-12T05:02:41Z,HOLD-2024-900,staging.events -> analytics,[CONFIDENTIAL] Formula #417,99.437% uptime,/var/tmp/daily_361.log,BETWEEN 1 AND 100,ISO 8601,"$2,892,198",23 12 * * *,,email,48 days,@davidlee909,Meets expectations,"{""type"": ""object"", ""properties"": {}}",Salesforce,hr.employees,161 days,TechBrand,2026-07-18T12:21:26Z,active,99.671% uptime,message Msg { string id = 1; },[a-zA-Z0-9._%+-]+@[a-zA-Z0-9.-]+,message Msg { string id = 1; },"$5,024,562","$6,092,176",true,harper.lee43@gmail.com,1.0.29,EMP-56088,insert,6.56,7 days,9003 Elm St,Competitor Meridian Health launched Widget Pro,NO,Acquire competitor,2026-06-24 16:46:15,batch-20251129-71,dt=2024-01,"[32.37, 82.76]",region=2024-01,Finance,crit=816,3.2.6,false,field_a -> target_col,jennifer.williams,Wednesday,Needs improvement,Meets expectations,98.9049,1064.48,2023-08-22 07:46:19,Latin-1,"47 1 * * 0,6",[INTERNAL] Q2 strategy review pending board approval,7 days,826-67-2330,inactive,FLOAT,20.56%,application/pdf,3994 shares @ $412.85,IPO readiness,TechBrand,Non-conformance: access control,2026-11-14T11:41:55Z
{{date}} - {{event}},7399f6affd8fd8f227dedec40e71290d90d27f672caf8edfc20859b9616382d1,[CONFIDENTIAL] Formula #582,sarah.white,Step 4: Configure the system.,7703.8845,null,Singapore,978-0-53086-795-2,FLOAT,2020-03-02 16:08:33,HOLD-2024-496,curated.orders -> reports,[CONFIDENTIAL] Formula #753,99.99% uptime,/var/logs/batch_353.xml,BETWEEN 1 AND 100,POSIX,"$7,523,550",22 15 * * 1-5,,email,80 days,@lucaslewis670,Meets expectations,message Msg { string id = 1; },PostgreSQL,hr.employees,316 days,SmartChoice,2020-07-10 22:12:17,inactive,99.994% uptime,message Msg { string id = 1; },^\d{3}-\d{2}-\d{4}$,message Msg { string id = 1; },"$437,977","$9,864,128",false,jessica_jackson@company.com,3.10.73,EMP-64665,insert,2.8,indefinite,4219 Pine Rd,Competitor Pioneer Software launched Sentinel Monitor,false,Expand APAC market,2024-02-05T12:10:19Z,batch-20221217-44,tenant=2024-01,"[16.78, 60.11]",region=acme,Support,crit=2304,3.2.0,false,input -> target_col,john.white,Monday,Meets expectations,Exceeds expectations,95.2896,9737.91,2021-07-19 09:16:10,ASCII,9 11 * * 1-5,[INTERNAL] Q1 strategy review pending board approval,7 days,204-25-5427,approved,FLOAT,6.15%,application/xml,3134 shares @ $163.14,Expand APAC market,ProSeries,Observation: backup schedule,2018-06-27T16:48:27Z
Order #{{id}},c0f3bf77ebb21637f3c2cc22c1fb1c7d34c8349a4e3f9079cc44f880ac526879,[CONFIDENTIAL] Formula #648,amy.jackson,Step 3: Configure the service.,8613.2374,CURRENT_TIMESTAMP,Hamburg,978-4-92344-171-0,BOOLEAN,2024-06-02 17:06:13,HOLD-2024-534,curated.orders -> analytics,[CONFIDENTIAL] Formula #498,99.135% uptime,/var/uploads/daily_699.csv,UNIQUE,RFC 3339,"$7,408,199",34 0 * * *,,amount,98 days,@annaharris466,Outstanding,"{""type"": ""object"", ""properties"": {}}",Workday,hr.employees,256 days,ProSeries,2018-10-05T05:19:04Z,completed,99.504% uptime,message Msg { string id = 1; },"\b\d{1,3}\.\d{1,3}\.\d{1,3}\.\d{1,3}\b",message Msg { string id = 1; },"$4,858,140","$6,011,599",false,mary_young44@example.com,4.16.61,EMP-46427,snapshot,71.64,1 year,3530 Maple Dr,Competitor Meridian Health launched Sentinel Monitor,NO,Launch SaaS tier,2020-11-14T08:03:20Z,batch-20181015-58,region=acme,"[24.21, 70.79]",region=acme,Legal,min=5636,2.19.49,false,source_col -> field_b,patricia.lewis,Monday,Exceeds expectations,Meets expectations,98.2188,6519.98,2022-05-09 09:52:48,UTF-16,"4 13 * * 0,6",[INTERNAL] Q4 strategy review pending board approval,30 days,520-37-5271,inactive,JSON,-3.39%,application/json,3526 shares @ $232.87,IPO readiness,ProSeries,Observation: backup schedule,2021-02-13T08:12:58Z
Dear {{customer}},48ed0fc50f000b83b2571b4e94528f9162e7612a88b45e9b1e4d6f238336304a,[CONFIDENTIAL] Formula #415,lucas.smith,Step 5: Configure the pipeline.,3295.509,null,Hamburg,978-5-71707-555-6,JSON,2025-08-19T02:56:07Z,HOLD-2023-957,curated.users -> reports,[CONFIDENTIAL] Formula #487,99.469% uptime,/var/uploads/daily_730.xml,UNIQUE,RFC 3339,"$9,685,388",53 3 * * *,,type,118 days,@lucasharris900,Meets expectations,"{""type"": ""object"", ""properties"": {}}",Salesforce,analytics.events,334 days,ProSeries,2023-08-17T00:10:39Z,rejected,99.485% uptime,"{""type"": ""object"", ""properties"": {}}","\b\d{1,3}\.\d{1,3}\.\d{1,3}\.\d{1,3}\b",CREATE TABLE t (id INT PRIMARY KEY),"$5,516,939","$6,143,517",false,oliver.white@acme.org,0.1.39,EMP-42737,delete,41.6,1 year,1640 Elm St,Competitor Global Solutions launched SmartHub X1,true,Acquire competitor,2022-10-25 04:22:39,batch-20210102-16,region=us-east,"[30.32, 87.89]",region=us-east,Finance,warn=3405,0.2.9,false,input -> target_col,sarah.johnson,Tuesday,Needs improvement,Meets expectations,95.2362,9739.56,2026-06-01T04:09:39Z,UTF-16,50 22 * * *,[INTERNAL] Q2 strategy review pending board approval,7 years,115-65-4202,active,INTEGER,28.17%,application/json,4410 shares @ $495.8,Expand APAC market,SmartChoice,Major finding: data retention,2024-11-08 08:47:34
Order #{{id}},2a10a2ddf1b70df1bf5d5f25f179c4801087ac77e6f52a55fa6457546f2f5695,[CONFIDENTIAL] Formula #967,sophia.thomas,Step 1: Configure the pipeline.,681.6204,false,Port of LA,978-3-17255-227-2,INTEGER,2018-08-02T17:09:55Z,HOLD-2022-313,curated.orders -> reports,[CONFIDENTIAL] Formula #398,99.405% uptime,/var/uploads/daily_502.csv,BETWEEN 1 AND 100,RFC 3339,"$2,079,848",41 1 * * 1-5,,status,364 days,@susanmartin304,Exceeds expectations,message Msg { string id = 1; },Workday,public.users,10 days,ValueMax,2018-05-10T20:23:16Z,inactive,99.835% uptime,"{""type"": ""object"", ""properties"": {}}",[a-zA-Z0-9._%+-]+@[a-zA-Z0-9.-]+,message Msg { string id = 1; },"$6,294,144","$9,797,952",true,aidenmartin@yahoo.com,4.7.46,EMP-60613,update,15.73,30 days,1476 Maple Dr,Competitor Alpine Systems launched AuditTrail Plus,false,Launch SaaS tier,2026-10-01T14:30:16Z,batch-20220226-39,tenant=acme,"[13.04, 73.71]",dt=us-east,Operations,warn=8935,4.14.18,false,field_a -> output,liam.lee,Friday,Exceeds expectations,Meets expectations,97.6316,299.62,2025-03-05 12:12:06,UTF-8,"35 13 * * 0,6",[INTERNAL] Q3 strategy review pending board approval,1 year,409-21-9112,active,INTEGER,-21.64%,application/json,2486 shares @ $458.9,Expand APAC market,TechBrand,Observation: backup schedule,2020-04-12T10:16:25Z
Order #{{id}},0675e9558cbbcde58849537f88a55dbfeb7fb0e7cbc386a1877dd23f8581a56d,[CONFIDENTIAL] Formula #509,aiden.thomas,Step 4: Initialize the system.,7622.6046,'',Shanghai,978-1-57502-286-4,BOOLEAN,2019-06-21 21:15:44,HOLD-2026-836,raw.orders -> reports,[CONFIDENTIAL] Formula #684,99.028% uptime,/var/uploads/export_721.yaml,MATCHES '^[A-Z]+',ISO 8601,"$6,814,382","34 19 * * 0,6",,amount,237 days,@masonthomas436,Outstanding,message Msg { string id = 1; },SAP,analytics.events,149 days,ValueMax,2021-04-15T13:34:13Z,approved,99.981% uptime,CREATE TABLE t (id INT PRIMARY KEY),"\b\d{1,3}\.\d{1,3}\.\d{1,3}\.\d{1,3}\b",message Msg { string id = 1; },"$1,349,947","$5,557,326",false,jameswilliams@acme.org,0.8.87,EMP-67777,snapshot,54.71,1 year,287 Pine Rd,Competitor Acme Corp launched StreamLine ERP,true,IPO readiness,2026-03-16 08:03:10,batch-20190301-24,dt=2024-01,"[27.52, 84.45]",region=us-east,Sales,warn=6829,2.0.51,false,source_col -> output,david.wright,Sunday,Needs improvement,Exceeds expectations,96.0579,6314.46,2026-05-02T00:53:52Z,ASCII,"27 9 * * 0,6",[INTERNAL] Q3 strategy review pending board approval,indefinite,178-96-7219,completed,VARCHAR,44.36%,application/xml,4395 shares @ $433.03,Expand APAC market,ValueMax,Observation: backup schedule,2022-08-16T20:19:49Z
Order #{{id}},953cf6cf376342cda595ad26b858501f4bb633aea78f52e97ba7b985c32ca462,[CONFIDENTIAL] Formula #946,elizabeth.martinez,Step 2: Initialize the pipeline.,1300.9211,null,Busan,978-2-38607-724-2,INTEGER,2019-10-05T01:33:56Z,HOLD-2024-120,raw.users -> analytics,[CONFIDENTIAL] Formula #968,99.689% uptime,/var/data/batch_211.yaml,NOT NULL,ISO 8601,"$6,983,010",22 23 * * *,2023-11-11 01:48:13,id,211 days,@loganthomas452,Needs improvement,message Msg { string id = 1; },Salesforce,public.users,76 days,ValueMax,2023-12-04 23:17:06,pending,99.68% uptime,"{""type"": ""object"", ""properties"": {}}",^\d{3}-\d{2}-\d{4}$,CREATE TABLE t (id INT PRIMARY KEY),"$5,385,986","$8,730,829",true,olivia.robinson@yahoo.com,2.20.68,EMP-82483,insert,48.38,indefinite,5692 Oak Ave,Competitor TechCo Industries launched Widget Pro,true,Acquire competitor,2026-02-14 04:52:49,batch-20230919-55,tenant=2024-01,"[5.09, 80.28]",region=acme,Support,warn=6675,3.11.87,false,source_col -> target_col,james.white,Friday,Needs improvement,Meets expectations,99.9899,1464.7,2021-09-03 23:40:48,ISO-8859-1,"32 14 * * 0,6",[INTERNAL] Q4 strategy review pending board approval,indefinite,647-30-2636,approved,TEXT,26.34%,application/json,3106 shares @ $321.34,Acquire competitor,ValueMax,Major finding: data retention,2025-05-08T18:46:19Z
Hello {{name}},390363fbad1b0b528722345c101386187084657535238b70c6feeb93ae51fe31,[CONFIDENTIAL] Formula #856,susan.lewis,Step 4: Initialize the service.,4211.4043,false,Shanghai,978-3-34088-185-7,VARCHAR,2023-09-28T17:33:03Z,HOLD-2022-356,staging.events -> analytics,[CONFIDENTIAL] Formula #154,99.785% uptime,/var/tmp/batch_883.log,NOT NULL,ISO 8601,"$6,911,798","5 23 * * 0,6",,amount,222 days,@emmalewis328,Outstanding,CREATE TABLE t (id INT PRIMARY KEY),SAP,sales.orders,347 days,TechBrand,2026-03-06T12:44:55Z,rejected,99.579% uptime,CREATE TABLE t (id INT PRIMARY KEY),[a-zA-Z0-9._%+-]+@[a-zA-Z0-9.-]+,"{""type"": ""object"", ""properties"": {}}","$5,728,809","$1,550,100",false,elizabethjohnson34@yahoo.com,5.10.83,EMP-34539,delete,44.68,7 years,3681 Elm St,Competitor Quantum Dynamics launched AuditTrail Plus,YES,Acquire competitor,2025-09-26 18:02:11,batch-20180518-89,region=us-east,"[37.19, 75.89]",tenant=us-east,Legal,warn=8240,3.6.18,false,field_a -> target_col,emily.martin,Tuesday,Meets expectations,Outstanding,97.4563,6778.81,2022-12-27T02:07:12Z,ISO-8859-1,10 3 * * *,[INTERNAL] Q3 strategy review pending board approval,7 years,441-64-7639,cancelled,JSON,12.51%,application/json,4919 shares @ $441.03,Acquire competitor,ProSeries,Major finding: data retention,2025-12-11T18:42:09Z
Dear {{customer}},a2743104e1ca268f621014a8ccaa0b7bed9dc232eefd33761372fa344a37f2a1,[CONFIDENTIAL] Formula #689,emily.thomas,Step 4: Initialize the module.,-845.3758,null,Port of LA,978-8-63971-715-6,TIMESTAMP,2026-07-10T04:55:20Z,HOLD-2021-367,curated.users -> exports,[CONFIDENTIAL] Formula #210,99.896% uptime,/var/config/daily_160.json,NOT NULL,IEEE 754,"$4,671,507","33 15 * * 0,6",2025-07-15T00:16:45Z,status,240 days,@lindajones424,Needs improvement,message Msg { string id = 1; },Kafka,analytics.events,216 days,EcoLine,2026-06-18T12:30:07Z,inactive,99.522% uptime,message Msg { string id = 1; },^[A-Z]{2}\d{6}$,CREATE TABLE t (id INT PRIMARY KEY),"$3,444,625","$7,473,494",false,patriciataylor92@example.com,0.19.81,EMP-50428,upsert,42.28,1 year,2024 Pine Rd,Competitor Catalyst Ventures launched StreamLine ERP,true,IPO readiness,2025-04-11T02:40:53Z,batch-20200818-63,tenant=us-east,"[4.83, 62.33]",tenant=acme,Marketing,warn=9184,5.3.45,true,input -> output,patricia.rodriguez,Saturday,Needs improvement,Exceeds expectations,96.134,5126.67,2026-03-17T23:08:11Z,UTF-16,32 23 * * *,[INTERNAL] Q1 strategy review pending board approval,indefinite,408-75-1997,inactive,INTEGER,34.4%,application/json,669 shares @ $343.61,Acquire competitor,ProSeries,Observation: backup schedule,2024-10-02 02:54:33
Hello {{name}},597c934f4058c437fd18a7ea4304772ad9789098decc0af54577b00e567658c5,[CONFIDENTIAL] Formula #496,susan.walker,Step 2: Verify the pipeline.,6816.9163,1,Busan,978-6-72629-319-5,VARCHAR,2024-06-01T16:00:12Z,HOLD-2021-461,curated.users -> exports,[CONFIDENTIAL] Formula #951,99.761% uptime,/var/tmp/batch_548.yaml,NOT NULL,IEEE 754,"$9,224,985",43 6 * * 1-5,2023-03-20T12:03:32Z,email,61 days,@patriciagarcia231,Outstanding,message Msg { string id = 1; },Kafka,analytics.events,162 days,ProSeries,2022-06-03T05:20:32Z,rejected,99.048% uptime,"{""type"": ""object"", ""properties"": {}}",[a-zA-Z0-9._%+-]+@[a-zA-Z0-9.-]+,CREATE TABLE t (id INT PRIMARY KEY),"$8,268,166","$1,645,832",false,aidenmartinez@yahoo.com,3.15.69,EMP-20388,update,53.91,7 days,3614 Park Blvd,Competitor Alpine Systems launched Widget Pro,false,IPO readiness,2026-12-14 04:31:21,batch-20220219-83,dt=acme,"[26.3, 97.22]",region=us-east,Engineering,crit=3049,5.14.85,false,source_col -> target_col,mason.smith,Saturday,Meets expectations,Exceeds expectations,98.3437,1669.83,2024-05-18 05:44:41,ASCII,33 6 * * 1-5,[INTERNAL] Q3 strategy review pending board approval,indefinite,422-69-8667,pending,TEXT,-6.72%,application/json,1419 shares @ $178.12,Launch SaaS tier,ProSeries,Non-conformance: access control,2025-07-23 13:12:28
Dear {{customer}},1fa19340783b1330b4f752419083b868563e13407d790b3753480cae0bf47afa,[CONFIDENTIAL] Formula #848,susan.clark,Step 1: Configure the module.,2837.2973,false,Hamburg,978-7-68826-911-9,VARCHAR,2023-02-03 05:50:21,HOLD-2023-464,raw.users -> reports,[CONFIDENTIAL] Formula #422,99.48% uptime,/var/uploads/export_940.csv,NOT NULL,ISO 8601,"$810,277",1 19 * * 1-5,2020-01-16 06:45:53,amount,31 days,@emmaharris456,Meets expectations,"{""type"": ""object"", ""properties"": {}}",Salesforce,public.users,326 days,TechBrand,2026-03-18T15:21:20Z,completed,99.526% uptime,CREATE TABLE t (id INT PRIMARY KEY),"\b\d{1,3}\.\d{1,3}\.\d{1,3}\.\d{1,3}\b",message Msg { string id = 1; },"$4,463,302","$8,989,993",true,sophiajackson86@gmail.com,3.0.36,EMP-91037,snapshot,3.62,1 year,618 Park Blvd,Competitor Skyline Partners launched DataSync 3000,NO,Acquire competitor,2024-07-24T21:16:35Z,batch-20230427-13,tenant=acme,"[1.87, 90.66]",tenant=us-east,Finance,crit=8620,5.13.3,false,field_a -> field_b,liam.brown,Wednesday,Needs improvement,Meets expectations,96.7439,9926.88,2018-12-26T00:50:22Z,Latin-1,"33 11 * * 0,6",[INTERNAL] Q1 strategy review pending board approval,1 year,224-56-9386,active,BOOLEAN,-3.32%,application/json,3740 shares @ $441.42,IPO readiness,ProSeries,Observation: backup schedule,2020-04-21T00:46:56Z
Order #{{id}},9acd33737d95eaf0d9e1d3967681ff39b5611a4593f616961b122dea890dbda7,[CONFIDENTIAL] Formula #298,susan.williams,Step 2: Initialize the service.,7497.306,'',Singapore,978-6-29481-183-4,VARCHAR,2021-09-20 17:52:24,HOLD-2023-136,curated.orders -> analytics,[CONFIDENTIAL] Formula #127,99.391% uptime,/var/data/export_640.json,BETWEEN 1 AND 100,IEEE 754,"$9,298,278",36 1 * * *,,type,256 days,@williammartin352,Needs improvement,message Msg { string id = 1; },Salesforce,sales.orders,256 days,ProSeries,2020-05-22T13:22:44Z,completed,99.936% uptime,"{""type"": ""object"", ""properties"": {}}",^[A-Z]{2}\d{6}$,"{""type"": ""object"", ""properties"": {}}","$6,300,769","$5,918,022",true,logan.smith60@gmail.com,3.15.83,EMP-92387,upsert,93.6,1 year,6456 Oak Ave,Competitor Pacific Research Group launched DataSync 3000,true,Acquire competitor,2025-07-21T11:14:20Z,batch-20210412-59,tenant=2024-01,"[3.54, 92.84]",dt=2024-01,Legal,warn=5447,3.2.83,false,field_a -> target_col,harper.martinez,Wednesday,Exceeds expectations,Meets expectations,95.2175,1807.71,2025-02-08T07:05:12Z,UTF-8,36 5 * * 1-5,[INTERNAL] Q3 strategy review pending board approval,7 years,544-80-4887,failed,VARCHAR,24.8%,text/html,3873 shares @ $42.82,Expand APAC market,TechBrand,Non-conformance: access control,2021-11-28T00:17:45Z
{{date}} - {{event}},86c7e8c3502e5124e012509707b26e8217ef325bc07535d946060778a7eda35a,[CONFIDENTIAL] Formula #948,john.wright,Step 5: Configure the pipeline.,800.5478,0,Singapore,978-2-78294-671-4,BOOLEAN,2024-12-09T07:56:49Z,HOLD-2020-350,raw.users -> exports,[CONFIDENTIAL] Formula #691,99.186% uptime,/var/tmp/export_214.xml,UNIQUE,RFC 3339,"$2,614,313",37 14 * * *,,id,185 days,@marytaylor715,Outstanding,"{""type"": ""object"", ""properties"": {}}",Salesforce,analytics.events,266 days,ValueMax,2023-06-21T21:35:28Z,failed,99.999% uptime,message Msg { string id = 1; },"\b\d{1,3}\.\d{1,3}\.\d{1,3}\.\d{1,3}\b","{""type"": ""object"", ""properties"": {}}","$4,135,543","$4,108,562",false,jessicawilliams@acme.org,5.3.38,EMP-50372,insert,82.12,indefinite,3111 Maple Dr,Competitor Quantum Dynamics launched CloudGuard,YES,Acquire competitor,2025-05-01T16:47:18Z,batch-20250805-05,tenant=2024-01,"[39.31, 70.36]",dt=us-east,Marketing,warn=9640,1.19.74,false,source_col -> field_b,sophia.johnson,Tuesday,Outstanding,Outstanding,95.0577,1869.5,2022-04-27 10:17:59,UTF-8,57 12 * * *,[INTERNAL] Q2 strategy review pending board approval,30 days,XXX-XX-1821,pending,TIMESTAMP,-18.26%,image/png,275 shares @ $431.19,Acquire competitor,TechBrand,Major finding: data retention,2018-05-01 12:54:48
Order #{{id}},520babcbde3dac695b20b8c6e2f7b61e2e9aefd6deeb6a03317356fb3b725cdd,[CONFIDENTIAL] Formula #744,robert.jones,Step 2: Initialize the pipeline.,2707.0494,false,Rotterdam,978-4-48353-159-1,BOOLEAN,2025-06-23T23:30:20Z,HOLD-2021-798,raw.orders -> analytics,[CONFIDENTIAL] Formula #122,99.113% uptime,/var/tmp/batch_708.log,NOT NULL,ISO 8601,"$9,080,260",8 20 * * *,,id,87 days,@masonwalker436,Meets expectations,CREATE TABLE t (id INT PRIMARY KEY),PostgreSQL,sales.orders,233 days,TechBrand,2022-12-03 07:58:05,completed,99.157% uptime,"{""type"": ""object"", ""properties"": {}}",^\d{3}-\d{2}-\d{4}$,CREATE TABLE t (id INT PRIMARY KEY),"$6,573,825","$7,066,148",false,ethan.garcia@acme.org,0.16.35,EMP-40885,delete,73.11,7 days,1016 Pine Rd,Competitor Global Solutions launched VaultKeeper,YES,Acquire competitor,2018-02-01 17:07:18,batch-20230723-24,tenant=2024-01,"[37.57, 96.63]",region=2024-01,Finance,warn=2991,3.0.25,true,field_a -> output,lucas.garcia,Thursday,Meets expectations,Meets expectations,98.845,4791.63,2020-05-24 01:03:11,UTF-16,10 3 * * 1-5,[INTERNAL] Q2 strategy review pending board approval,7 days,XXX-XX-4361,inactive,BOOLEAN,13.6%,text/csv,4031 shares @ $425.35,Launch SaaS tier,TechBrand,Non-conformance: access control,2023-09-19 10:19:19
Order #{{id}},1f60c43df676953507befad0f0a7d24c0b5a00fb05cc13d33553a82689547ffc,[CONFIDENTIAL] Formula #139,william.lewis,Step 5: Initialize the system.,2741.9515,null,Rotterdam,978-3-15006-379-8,INTEGER,2019-04-01 12:53:06,HOLD-2023-223,raw.events -> exports,[CONFIDENTIAL] Formula #605,99.176% uptime,/var/data/batch_329.log,NOT NULL,POSIX,"$6,206,317",56 9 * * *,2018-04-10 09:31:28,created_at,76 days,@logansmith826,Meets expectations,CREATE TABLE t (id INT PRIMARY KEY),Snowflake,sales.orders,241 days,ValueMax,2020-02-18T14:15:58Z,failed,99.416% uptime,CREATE TABLE t (id INT PRIMARY KEY),^[A-Z]{2}\d{6}$,CREATE TABLE t (id INT PRIMARY KEY),"$5,242,659","$1,745,230",true,noahthomas@company.com,3.14.7,EMP-89087,insert,20.1,30 days,480 Main St,Competitor DataCraft Inc launched StreamLine ERP,NO,Expand APAC market,2020-09-25T13:16:18Z,batch-20241017-31,region=us-east,"[22.41, 98.81]",region=2024-01,Legal,crit=2382,3.8.44,true,field_a -> output,david.jackson,Saturday,Needs improvement,Needs improvement,97.122,9922.68,2021-06-02 01:10:04,ISO-8859-1,30 17 * * 1-5,[INTERNAL] Q3 strategy review pending board approval,7 years,XXX-XX-8143,active,TIMESTAMP,41.95%,text/html,1471 shares @ $14.64,Launch SaaS tier,EcoLine,Observation: backup schedule,2024-04-28 12:20:33
Order #{{id}},611e1f62f1bc34697811184049291c50ea01c6370ce7287fdc46022b411af2aa,[CONFIDENTIAL] Formula #967,liam.miller,Step 5: Initialize the pipeline.,1642.0428,CURRENT_TIMESTAMP,Rotterdam,978-2-93183-389-8,VARCHAR,2019-09-22T21:32:55Z,HOLD-2026-827,raw.orders -> exports,[CONFIDENTIAL] Formula #816,99.983% uptime,/var/data/export_271.json,UNIQUE,W3C Date,"$8,904,573",24 18 * * *,,email,293 days,@masonclark468,Meets expectations,message Msg { string id = 1; },PostgreSQL,hr.employees,48 days,TechBrand,2025-01-07T09:29:53Z,cancelled,99.337% uptime,CREATE TABLE t (id INT PRIMARY KEY),"\b\d{1,3}\.\d{1,3}\.\d{1,3}\.\d{1,3}\b",message Msg { string id = 1; },"$241,822","$7,619,911",false,patriciajones@gmail.com,0.16.87,EMP-46029,update,63.0,indefinite,280 Cedar Ln,Competitor Vertex Technologies launched NanoCore SDK,false,IPO readiness,2022-01-16T09:01:48Z,batch-20220702-55,dt=2024-01,"[13.1, 65.57]",dt=acme,Sales,crit=7750,1.19.98,false,source_col -> output,william.thompson,Wednesday,Needs improvement,Outstanding,97.3492,8968.52,2018-09-18T21:37:18Z,ISO-8859-1,45 14 * * *,[INTERNAL] Q4 strategy review pending board approval,30 days,491-22-4870,rejected,FLOAT,19.86%,application/xml,940 shares @ $89.63,Expand APAC market,ValueMax,Non-conformance: access control,2026-02-26 14:24:56
Order #{{id}},2efa9a47d97b743ee11c0fbd70dfa74031752fe005ce5ea183d2f9aa2a9a7906,[CONFIDENTIAL] Formula #616,oliver.brown,Step 1: Monitor the module.,2563.548,false,Shanghai,978-4-23605-370-2,BOOLEAN,2026-11-27T05:52:44Z,HOLD-2023-418,staging.orders -> exports,[CONFIDENTIAL] Formula #716,99.252% uptime,/var/data/daily_662.parquet,CHECK (val > 0),W3C Date,"$8,130,869",42 9 * * *,,id,354 days,@aidenanderson212,Needs improvement,CREATE TABLE t (id INT PRIMARY KEY),PostgreSQL,analytics.events,288 days,EcoLine,2021-08-16T14:35:28Z,active,99.727% uptime,"{""type"": ""object"", ""properties"": {}}",[a-zA-Z0-9._%+-]+@[a-zA-Z0-9.-]+,"{""type"": ""object"", ""properties"": {}}","$7,370,875","$5,704,667",true,linda_jackson13@yahoo.com,3.9.28,EMP-98241,update,97.96,7 days,4606 Elm St,Competitor DataCraft Inc launched FlexPay Platform,NO,Expand APAC market,2025-06-10T15:43:40Z,batch-20251107-81,region=2024-01,"[15.67, 89.69]",tenant=acme,Operations,crit=1503,0.14.31,false,source_col -> target_col,amy.jones,Friday,Needs improvement,Outstanding,95.9692,493.42,2025-12-06T18:51:48Z,UTF-16,"47 13 * * 0,6",[INTERNAL] Q2 strategy review pending board approval,1 year,681-32-8141,cancelled,VARCHAR,14.13%,text/csv,3244 shares @ $208.19,Expand APAC market,TechBrand,Major finding: data retention,2026-04-19 02:24:14
Order #{{id}},1e4838690738780bb6d6edfc9f51a0bfe220b2bb703c5cdc92838f964ab72447,[CONFIDENTIAL] Formula #207,mary.harris,Step 3: Verify the system.,8608.9966,false,Port of LA,978-4-18673-697-6,BOOLEAN,2022-08-21T04:15:45Z,HOLD-2023-307,curated.events -> analytics,[CONFIDENTIAL] Formula #223,99.153% uptime,/var/exports/batch_963.log,NOT NULL,W3C Date,"$1,383,769",5 18 * * *,,created_at,90 days,@emmamiller438,Needs improvement,"{""type"": ""object"", ""properties"": {}}",SAP,hr.employees,138 days,SmartChoice,2022-03-04T14:39:00Z,completed,99.473% uptime,CREATE TABLE t (id INT PRIMARY KEY),^\d{3}-\d{2}-\d{4}$,CREATE TABLE t (id INT PRIMARY KEY),"$9,968,449","$9,003,934",false,jamessmith@acme.org,0.13.61,EMP-83480,snapshot,64.15,7 days,9882 Park Blvd,Competitor Global Solutions launched FlexPay Platform,YES,Expand APAC market,2026-10-28 10:46:53,batch-20240107-53,tenant=us-east,"[14.48, 79.14]",tenant=us-east,Engineering,max=8114,5.14.15,true,source_col -> output,sophia.harris,Friday,Outstanding,Meets expectations,96.9051,2356.59,2026-05-25T16:08:03Z,ISO-8859-1,12 1 * * *,[INTERNAL] Q1 strategy review pending board approval,7 years,326-96-9096,approved,TIMESTAMP,26.27%,image/png,2866 shares @ $463.62,Expand APAC market,ProSeries,Non-conformance: access control,2019-04-19T16:24:19Z
Dear {{customer}},28cc8afab7847ee073a2d455a9b3aa186cbb13d4401e056747f6c95f3122242d,[CONFIDENTIAL] Formula #395,sarah.davis,Step 5: Initialize the system.,-370.4349,'',Busan,978-8-28808-572-1,TEXT,2023-03-05T13:55:19Z,HOLD-2020-202,raw.events -> reports,[CONFIDENTIAL] Formula #596,99.383% uptime,/var/exports/daily_437.yaml,NOT NULL,RFC 3339,"$6,505,838",9 2 * * 1-5,,name,89 days,@liamharris491,Meets expectations,"{""type"": ""object"", ""properties"": {}}",Snowflake,public.users,113 days,TechBrand,2024-06-27 05:22:49,inactive,99.38% uptime,CREATE TABLE t (id INT PRIMARY KEY),^[A-Z]{2}\d{6}$,message Msg { string id = 1; },"$4,727,951","$1,441,333",false,elizabethking@yahoo.com,0.4.72,EMP-61055,update,80.76,7 years,2444 Oak Ave,Competitor DataCraft Inc launched VaultKeeper,true,Acquire competitor,2025-11-13T08:24:52Z,batch-20201006-36,region=2024-01,"[8.74, 88.32]",region=acme,Marketing,max=8431,4.10.27,false,source_col -> field_b,mary.jackson,Wednesday,Meets expectations,Outstanding,95.4551,5942.24,2019-07-18 15:54:13,Latin-1,"14 19 * * 0,6",[INTERNAL] Q4 strategy review pending board approval,1 year,186-77-6488,completed,TEXT,12.18%,text/html,4198 shares @ $160.31,Expand APAC market,EcoLine,Non-conformance: access control,2020-03-06 13:08:02
Order #{{id}},ff57055630fc1abb4c5f843bfbe14ddd70711a4edc2f77e25ac0fc5df16018c5,[CONFIDENTIAL] Formula #302,michael.wright,Step 5: Monitor the system.,6787.4154,null,Port of LA,978-5-86927-920-6,TEXT,2025-08-20 12:53:08,HOLD-2020-326,raw.orders -> reports,[CONFIDENTIAL] Formula #152,99.576% uptime,/var/config/daily_363.csv,CHECK (val > 0),POSIX,"$1,018,958","44 16 * * 0,6",,email,241 days,@jennifersmith429,Exceeds expectations,message Msg { string id = 1; },SAP,analytics.events,108 days,SmartChoice,2024-05-03 20:47:21,inactive,99.562% uptime,message Msg { string id = 1; },^[A-Z]{2}\d{6}$,message Msg { string id = 1; },"$1,198,596","$2,695,836",false,harper.williams@company.com,4.8.26,EMP-26753,update,32.76,30 days,2882 Elm St,Competitor Pioneer Software launched SmartHub X1,YES,IPO readiness,2021-11-21T13:55:48Z,batch-20210919-03,tenant=2024-01,"[1.49, 88.34]",tenant=us-east,Operations,min=8964,1.12.63,false,source_col -> output,linda.wright,Thursday,Outstanding,Needs improvement,97.5168,4729.81,2024-04-11T07:39:49Z,ASCII,24 8 * * *,[INTERNAL] Q2 strategy review pending board approval,7 years,816-88-2998,cancelled,TIMESTAMP,-16.19%,application/pdf,4222 shares @ $272.65,Acquire competitor,SmartChoice,Observation: backup schedule,2025-11-25 06:19:07
Order #{{id}},c52ae9195c0681083faffb78d8f0634dc410515a1901bc53a22f8cf54a125344,[CONFIDENTIAL] Formula #260,logan.martinez,Step 4: Initialize the service.,2529.019,false,Rotterdam,978-9-93306-345-8,INTEGER,2024-04-07T02:29:11Z,HOLD-2023-548,raw.events -> analytics,[CONFIDENTIAL] Formula #904,99.432% uptime,/var/exports/batch_519.parquet,NOT NULL,W3C Date,"$1,281,964",0 13 * * 1-5,,name,293 days,@sophiajohnson503,Outstanding,CREATE TABLE t (id INT PRIMARY KEY),Kafka,sales.orders,353 days,ValueMax,2019-11-21T08:08:15Z,rejected,99.146% uptime,CREATE TABLE t (id INT PRIMARY KEY),[a-zA-Z0-9._%+-]+@[a-zA-Z0-9.-]+,"{""type"": ""object"", ""properties"": {}}","$7,744,756","$8,534,866",true,elizabeth.garcia@yahoo.com,0.13.5,EMP-30181,insert,17.13,indefinite,2549 Elm St,Competitor Quantum Dynamics launched DataSync 3000,NO,IPO readiness,2025-12-17T20:10:11Z,batch-20241027-04,dt=2024-01,"[25.3, 79.78]",tenant=us-east,Operations,max=3278,0.18.63,false,input -> target_col,jessica.young,Friday,Meets expectations,Meets expectations,96.9756,8103.4,2024-01-26T10:29:13Z,UTF-8,"4 5 * * 0,6",[INTERNAL] Q1 strategy review pending board approval,7 years,XXX-XX-7280,completed,INTEGER,2.61%,image/png,2087 shares @ $151.99,Expand APAC market,TechBrand,Non-conformance: access control,2020-11-26T08:59:38Z
Hello {{name}},17259c23fad3bd694e6af425df0d58d254aca1259d99c067342f61302ede46c2,[CONFIDENTIAL] Formula #887,john.williams,Step 4: Initialize the system.,1757.865,false,Shanghai,978-4-17795-783-2,TEXT,2021-10-17T09:38:51Z,HOLD-2023-758,curated.users -> exports,[CONFIDENTIAL] Formula #207,99.523% uptime,/var/data/daily_785.csv,UNIQUE,IEEE 754,"$992,087","45 9 * * 0,6",,email,173 days,@annarobinson789,Exceeds expectations,"{""type"": ""object"", ""properties"": {}}",SAP,analytics.events,112 days,ProSeries,2025-12-04T19:13:11Z,pending,99.214% uptime,message Msg { string id = 1; },"\b\d{1,3}\.\d{1,3}\.\d{1,3}\.\d{1,3}\b","{""type"": ""object"", ""properties"": {}}","$4,609,334","$6,266,440",false,sophiabrown@acme.org,2.20.27,EMP-26904,update,86.34,7 years,5107 Elm St,Competitor Quantum Dynamics launched DataSync 3000,false,Acquire competitor,2021-01-14 03:34:57,batch-20230109-43,dt=acme,"[5.78, 65.48]",tenant=acme,Sales,max=493,1.9.84,false,field_a -> target_col,william.johnson,Friday,Meets expectations,Outstanding,99.6248,9056.24,2023-04-13 08:08:13,UTF-8,"18 4 * * 0,6",[INTERNAL] Q3 strategy review pending board approval,30 days,416-33-3005,cancelled,BOOLEAN,36.31%,image/png,3698 shares @ $146.56,Expand APAC market,ValueMax,Non-conformance: access control,2020-12-25T02:41:51Z
{{date}} - {{event}},76e65ba6ccac0564fb526ff5539841945f057d57e5ac01cfe90a87055e09a0e0,[CONFIDENTIAL] Formula #204,michael.walker,Step 5: Verify the service.,1215.7097,'',Singapore,978-5-41596-592-8,VARCHAR,2019-12-22 14:05:21,HOLD-2021-309,curated.orders -> reports,[CONFIDENTIAL] Formula #624,99.597% uptime,/var/config/export_752.xml,UNIQUE,RFC 3339,"$1,452,800",19 10 * * 1-5,,status,21 days,@sophiaharris41,Exceeds expectations,CREATE TABLE t (id INT PRIMARY KEY),Snowflake,sales.orders,340 days,ProSeries,2019-07-23 17:30:16,failed,99.777% uptime,message Msg { string id = 1; },^\d{3}-\d{2}-\d{4}$,CREATE TABLE t (id INT PRIMARY KEY),"$6,649,866","$4,158,016",false,harper_thompson5@company.com,2.8.95,EMP-12927,insert,94.12,7 years,864 Maple Dr,Competitor Pioneer Software launched AuditTrail Plus,false,IPO readiness,2025-10-04T20:45:40Z,batch-20240607-16,dt=2024-01,"[12.15, 91.97]",region=2024-01,HR,min=3297,2.4.65,false,source_col -> target_col,harper.martinez,Wednesday,Meets expectations,Needs improvement,96.1259,8954.5,2023-02-22 13:03:37,Latin-1,"11 9 * * 0,6",[INTERNAL] Q1 strategy review pending board approval,indefinite,796-62-9005,approved,TEXT,9.71%,application/pdf,4220 shares @ $328.98,Expand APAC market,TechBrand,Observation: backup schedule,2023-04-22T03:28:08Z
Hello {{name}},bfedabcecf3f3fa18bf41df3017e13dd1189753ea097d81dbca25040c0825a75,[CONFIDENTIAL] Formula #181,john.martinez,Step 3: Monitor the pipeline.,483.2696,false,Port of LA,978-4-68695-697-8,BOOLEAN,2022-08-28 18:56:29,HOLD-2021-146,curated.orders -> reports,[CONFIDENTIAL] Formula #615,99.717% uptime,/var/exports/daily_95.json,CHECK (val > 0),IEEE 754,"$1,818,365","33 12 * * 0,6",,name,301 days,@loganjones579,Exceeds expectations,"{""type"": ""object"", ""properties"": {}}",Snowflake,analytics.events,187 days,SmartChoice,2024-10-10T21:49:56Z,completed,99.209% uptime,message Msg { string id = 1; },"\b\d{1,3}\.\d{1,3}\.\d{1,3}\.\d{1,3}\b",message Msg { string id = 1; },"$1,738,723","$9,903,866",true,sophia_jones@example.com,5.5.48,EMP-63820,snapshot,97.47,indefinite,8884 Main St,Competitor TechCo Industries launched AuditTrail Plus,NO,IPO readiness,2018-07-21T18:15:52Z,batch-20260330-05,tenant=us-east,"[38.07, 92.98]",dt=acme,Finance,warn=5299,0.2.13,false,input -> output,jennifer.williams,Friday,Needs improvement,Needs improvement,95.0209,644.62,2023-02-12T04:48:57Z,ASCII,"0 3 * * 0,6",[INTERNAL] Q1 strategy review pending board approval,indefinite,430-96-7744,failed,BOOLEAN,49.17%,image/png,1637 shares @ $115.21,Launch SaaS tier,ProSeries,Observation: backup schedule,2022-06-09T07:32:24Z
Dear {{customer}},e09ccf52ca6782807a5b50510182e6bdaa8982159925193a17c39b795c9c453f,[CONFIDENTIAL] Formula #929,emma.wright,Step 3: Monitor the service.,6651.1668,0,Port of LA,978-9-55975-638-7,TEXT,2023-05-04 23:04:14,HOLD-2025-616,raw.users -> exports,[CONFIDENTIAL] Formula #583,99.389% uptime,/var/logs/batch_696.xml,NOT NULL,IEEE 754,"$1,659,663",29 3 * * *,,status,247 days,@patriciarodriguez199,Outstanding,CREATE TABLE t (id INT PRIMARY KEY),SAP,sales.orders,319 days,EcoLine,2018-09-05T17:31:33Z,approved,99.027% uptime,message Msg { string id = 1; },[a-zA-Z0-9._%+-]+@[a-zA-Z0-9.-]+,message Msg { string id = 1; },"$5,007,374","$1,078,145",false,anna_martin@gmail.com,3.4.84,EMP-19544,upsert,16.34,30 days,3470 Elm St,Competitor Catalyst Ventures launched AuditTrail Plus,YES,Acquire competitor,2018-02-25 00:07:55,batch-20221124-43,dt=2024-01,"[14.91, 97.28]",tenant=acme,Support,warn=2048,4.2.85,true,input -> output,david.king,Tuesday,Exceeds expectations,Meets expectations,97.3478,794.59,2023-09-17T15:41:59Z,ASCII,37 14 * * 1-5,[INTERNAL] Q1 strategy review pending board approval,indefinite,XXX-XX-3620,rejected,TIMESTAMP,6.35%,application/json,4765 shares @ $172.42,Launch SaaS tier,ValueMax,Major finding: data retention,2023-05-22T05:54:13Z
Hello {{name}},11c3a0b63ebeb753cd9b8ae3095c7821b2d9756e5d5de52c3aea18a3e17736c6,[CONFIDENTIAL] Formula #616,william.moore,Step 3: Deploy the module.,4487.2341,1,Busan,978-3-94316-424-4,FLOAT,2021-01-23T18:39:43Z,HOLD-2023-983,staging.users -> exports,[CONFIDENTIAL] Formula #764,99.741% uptime,/var/tmp/batch_653.csv,BETWEEN 1 AND 100,W3C Date,"$9,242,914",30 20 * * *,,email,319 days,@elizabeththompson375,Exceeds expectations,"{""type"": ""object"", ""properties"": {}}",Salesforce,hr.employees,90 days,SmartChoice,2026-02-15 17:30:09,inactive,99.933% uptime,message Msg { string id = 1; },^[A-Z]{2}\d{6}$,message Msg { string id = 1; },"$5,247,765","$9,237,564",false,linda_wright@gmail.com,5.1.41,EMP-46977,upsert,51.37,1 year,3765 Maple Dr,Competitor Alpine Systems launched AuditTrail Plus,false,Expand APAC market,2023-11-23T21:56:50Z,batch-20200530-35,tenant=acme,"[3.9, 66.95]",tenant=us-east,Engineering,warn=7862,4.0.63,false,source_col -> target_col,michael.wright,Thursday,Outstanding,Exceeds expectations,96.1174,1530.61,2024-06-13T05:03:36Z,ISO-8859-1,"17 5 * * 0,6",[INTERNAL] Q2 strategy review pending board approval,7 days,486-81-7906,rejected,VARCHAR,-22.59%,application/xml,944 shares @ $410.15,Launch SaaS tier,ValueMax,Non-conformance: access control,2025-08-11 12:12:59
Order #{{id}},f473ead05fc3fab136539c00e7e68363cb67bddee852d44228eebd785f1d3a34,[CONFIDENTIAL] Formula #416,patricia.martin,Step 3: Initialize the pipeline.,4308.5067,0,Hamburg,978-9-81598-454-3,TIMESTAMP,2019-08-21 14:06:24,HOLD-2020-783,curated.users -> exports,[CONFIDENTIAL] Formula #898,99.228% uptime,/var/config/export_710.log,MATCHES '^[A-Z]+',IEEE 754,"$5,742,290","51 19 * * 0,6",2024-01-09T16:47:13Z,email,293 days,@sophiarobinson455,Exceeds expectations,message Msg { string id = 1; },SAP,public.users,296 days,TechBrand,2025-12-22T11:23:44Z,pending,99.444% uptime,"{""type"": ""object"", ""properties"": {}}",^\d{3}-\d{2}-\d{4}$,"{""type"": ""object"", ""properties"": {}}","$4,822,459","$5,752,906",false,williamjackson@outlook.com,3.17.15,EMP-41080,upsert,22.58,1 year,8382 Elm St,Competitor Catalyst Ventures launched SmartHub X1,true,Launch SaaS tier,2020-07-02 22:56:08,batch-20181006-02,tenant=acme,"[19.02, 67.71]",tenant=us-east,Marketing,min=496,1.13.72,true,source_col -> output,logan.walker,Tuesday,Exceeds expectations,Outstanding,97.4359,9466.81,2023-09-19T10:19:10Z,UTF-16,42 7 * * *,[INTERNAL] Q3 strategy review pending board approval,1 year,363-33-3242,cancelled,TIMESTAMP,36.07%,image/png,3784 shares @ $98.16,IPO readiness,TechBrand,Non-conformance: access control,2019-11-19T09:20:21Z
{{date}} - {{event}},2e9621d490ae500d8d72c0be656d241284287aeb0812e2d2f8bd4c66633172ed,[CONFIDENTIAL] Formula #704,noah.thomas,Step 3: Verify the pipeline.,6186.3898,false,Port of LA,978-4-15233-575-5,JSON,2024-04-19T20:10:55Z,HOLD-2025-898,staging.events -> exports,[CONFIDENTIAL] Formula #586,99.329% uptime,/var/config/batch_394.xml,UNIQUE,IEEE 754,"$1,721,068","41 1 * * 0,6",,name,229 days,@johnsmith515,Exceeds expectations,message Msg { string id = 1; },Kafka,sales.orders,109 days,EcoLine,2024-03-07T04:48:24Z,active,99.081% uptime,message Msg { string id = 1; },[a-zA-Z0-9._%+-]+@[a-zA-Z0-9.-]+,CREATE TABLE t (id INT PRIMARY KEY),"$3,358,424","$1,184,480",true,robert.wright89@gmail.com,1.17.30,EMP-65061,delete,2.64,1 year,9037 Cedar Ln,Competitor Skyline Partners launched NanoCore SDK,NO,Acquire competitor,2026-11-16 03:53:45,batch-20210224-68,region=us-east,"[20.93, 80.11]",tenant=us-east,Sales,crit=6495,3.11.23,false,input -> output,william.king,Sunday,Meets expectations,Meets expectations,97.0436,7001.41,2018-11-24T04:06:37Z,ASCII,"37 15 * * 0,6",[INTERNAL] Q3 strategy review pending board approval,30 days,XXX-XX-1643,rejected,JSON,-26.68%,application/xml,3953 shares @ $15.32,Acquire competitor,SmartChoice,Observation: backup schedule,2023-10-16 00:35:17
Order #{{id}},0eb2755957ba50dca0b6e215193f38120d0f3f3114bb817f7abea8e8b25015b7,[CONFIDENTIAL] Formula #147,harper.young,Step 5: Monitor the pipeline.,8028.038,1,Busan,978-5-16913-554-8,TEXT,2026-03-11 21:22:56,HOLD-2025-441,staging.events -> analytics,[CONFIDENTIAL] Formula #872,99.654% uptime,/var/uploads/batch_876.log,UNIQUE,ISO 8601,"$6,549,661",21 2 * * *,,name,315 days,@emilysmith705,Outstanding,CREATE TABLE t (id INT PRIMARY KEY),Workday,analytics.events,200 days,TechBrand,2024-10-06 03:31:07,active,99.585% uptime,"{""type"": ""object"", ""properties"": {}}",^[A-Z]{2}\d{6}$,CREATE TABLE t (id INT PRIMARY KEY),"$4,473,753","$5,133,829",false,sarahjackson@acme.org,0.14.45,EMP-58679,upsert,59.98,7 years,4666 Pine Rd,Competitor Quantum Dynamics launched AuditTrail Plus,false,Expand APAC market,2026-07-03T21:19:30Z,batch-20180727-50,region=us-east,"[35.91, 63.54]",region=us-east,Legal,warn=9833,3.5.37,false,input -> field_b,jessica.williams,Thursday,Needs improvement,Exceeds expectations,96.0011,2577.34,2020-10-12 09:29:05,Latin-1,34 13 * * 1-5,[INTERNAL] Q2 strategy review pending board approval,indefinite,697-59-9822,rejected,VARCHAR,34.44%,application/xml,3353 shares @ $375.47,IPO readiness,ValueMax,Observation: backup schedule,2018-07-14 15:10:00
Dear {{customer}},e151823da7040bcb423797ad5f28c7b8c601d8ae0ce3d1a20bc1098167be8686,[CONFIDENTIAL] Formula #969,elizabeth.garcia,Step 1: Monitor the module.,5157.6138,false,Port of LA,978-3-14187-520-3,INTEGER,2023-12-15 12:36:43,HOLD-2020-941,curated.events -> analytics,[CONFIDENTIAL] Formula #422,99.334% uptime,/var/config/daily_816.csv,CHECK (val > 0),W3C Date,"$7,354,072",23 4 * * *,,id,165 days,@oliviataylor328,Exceeds expectations,CREATE TABLE t (id INT PRIMARY KEY),Kafka,sales.orders,56 days,EcoLine,2025-12-08T15:31:27Z,approved,99.992% uptime,"{""type"": ""object"", ""properties"": {}}",^\d{3}-\d{2}-\d{4}$,CREATE TABLE t (id INT PRIMARY KEY),"$7,676,315","$4,810,294",false,david.johnson53@example.com,3.2.70,EMP-17555,snapshot,53.99,1 year,1715 Park Blvd,Competitor Vertex Technologies launched Widget Pro,YES,Acquire competitor,2018-02-07 19:01:57,batch-20250221-93,dt=2024-01,"[18.28, 71.32]",region=acme,Finance,crit=8694,5.15.1,false,input -> field_b,harper.jones,Saturday,Exceeds expectations,Exceeds expectations,96.4816,3631.09,2023-04-08T19:40:07Z,Latin-1,"16 18 * * 0,6",[INTERNAL] Q2 strategy review pending board approval,1 year,XXX-XX-9900,completed,INTEGER,-49.16%,application/json,1725 shares @ $99.66,Acquire competitor,TechBrand,Observation: backup schedule,2022-06-18T12:14:35Z
Order #{{id}},dfcd93c4dd2274b6c9aca534a5fd8d03e2cb20bff6ff208efe6fa45a052ce495,[CONFIDENTIAL] Formula #915,logan.lewis,Step 2: Monitor the service.,8266.9287,'',Rotterdam,978-7-18355-968-4,BOOLEAN,2026-01-16T00:25:54Z,HOLD-2021-493,curated.orders -> analytics,[CONFIDENTIAL] Formula #768,99.735% uptime,/var/exports/daily_687.json,CHECK (val > 0),ISO 8601,"$3,652,987","1 2 * * 0,6",2023-08-03 01:21:26,created_at,341 days,@jamesyoung949,Exceeds expectations,message Msg { string id = 1; },Workday,hr.employees,28 days,TechBrand,2023-05-13 10:40:38,active,99.289% uptime,message Msg { string id = 1; },^[A-Z]{2}\d{6}$,"{""type"": ""object"", ""properties"": {}}","$4,732,630","$2,600,995",false,lindasmith31@acme.org,5.8.0,EMP-55809,delete,71.77,7 days,7798 Cedar Ln,Competitor Pacific Research Group launched DataSync 3000,YES,IPO readiness,2024-08-13T06:31:24Z,batch-20220828-77,region=us-east,"[30.82, 79.1]",dt=2024-01,Sales,max=1456,1.8.38,false,source_col -> target_col,linda.moore,Thursday,Needs improvement,Outstanding,95.6303,2540.09,2022-01-09T10:37:01Z,ISO-8859-1,46 8 * * *,[INTERNAL] Q3 strategy review pending board approval,1 year,637-12-7616,active,BOOLEAN,-37.3%,application/json,3524 shares @ $226.81,IPO readiness,ValueMax,Non-conformance: access control,2021-12-28T06:36:10Z
{{date}} - {{event}},65019f121b596f77807ac785a94b7dc33c37b0079f5e9c2d2bb9e5f2703b91d9,[CONFIDENTIAL] Formula #510,emily.robinson,Step 5: Configure the system.,9287.6667,0,Busan,978-0-89833-979-9,VARCHAR,2023-11-27 21:47:49,HOLD-2020-972,staging.users -> reports,[CONFIDENTIAL] Formula #932,99.091% uptime,/var/exports/daily_930.csv,UNIQUE,POSIX,"$8,757,112","12 4 * * 0,6",,amount,304 days,@davidwright921,Outstanding,message Msg { string id = 1; },SAP,analytics.events,12 days,ProSeries,2018-09-24T00:25:28Z,completed,99.223% uptime,CREATE TABLE t (id INT PRIMARY KEY),"\b\d{1,3}\.\d{1,3}\.\d{1,3}\.\d{1,3}\b",message Msg { string id = 1; },"$3,859,020","$6,466,252",false,emmaharris28@example.com,2.16.17,EMP-22513,insert,56.04,30 days,5287 Park Blvd,Competitor Pacific Research Group launched VaultKeeper,false,Launch SaaS tier,2022-03-08T07:31:49Z,batch-20250730-20,region=acme,"[38.55, 72.85]",region=us-east,Legal,max=118,5.12.29,false,field_a -> target_col,michael.thompson,Monday,Needs improvement,Exceeds expectations,98.7278,9196.49,2025-01-16 09:45:09,Latin-1,48 16 * * 1-5,[INTERNAL] Q2 strategy review pending board approval,7 days,XXX-XX-2551,approved,JSON,-41.12%,application/xml,814 shares @ $185.05,IPO readiness,ProSeries,Major finding: data retention,2026-02-25 02:43:17
Hello {{name}},8cbca3c0a8b7d4d393fee5a0a891fc91c61d5ceace2f10f34a2067557c167ee2,[CONFIDENTIAL] Formula #811,sophia.davis,Step 1: Verify the service.,4793.2626,'',Shanghai,978-4-53097-132-5,INTEGER,2018-08-03 03:37:02,HOLD-2020-205,curated.events -> exports,[CONFIDENTIAL] Formula #820,99.062% uptime,/var/logs/batch_279.json,CHECK (val > 0),ISO 8601,"$763,939","53 18 * * 0,6",,type,174 days,@harperlee311,Needs improvement,message Msg { string id = 1; },PostgreSQL,sales.orders,220 days,ValueMax,2018-08-05T09:30:55Z,completed,99.48% uptime,message Msg { string id = 1; },^\d{3}-\d{2}-\d{4}$,CREATE TABLE t (id INT PRIMARY KEY),"$26,651","$7,088,410",true,harperking@gmail.com,0.20.63,EMP-20466,snapshot,40.8,7 years,4965 Cedar Ln,Competitor Beacon Analytics launched FlexPay Platform,true,Expand APAC market,2021-04-10 07:46:12,batch-20250403-81,dt=us-east,"[35.72, 92.26]",dt=2024-01,HR,max=2666,0.1.98,false,input -> output,olivia.moore,Saturday,Outstanding,Outstanding,96.1939,1169.18,2020-05-25T11:45:37Z,Latin-1,13 13 * * 1-5,[INTERNAL] Q2 strategy review pending board approval,7 years,XXX-XX-1369,completed,VARCHAR,-7.47%,application/pdf,1822 shares @ $270.1,IPO readiness,SmartChoice,Major finding: data retention,2023-03-26 03:27:32
Order #{{id}},52e91fee4f26b48d5fc01fee0988ff49e58a6def5187dbf30dbbd9413b6388d4,[CONFIDENTIAL] Formula #792,oliver.jones,Step 3: Verify the pipeline.,6339.3709,null,Port of LA,978-4-42511-503-2,INTEGER,2018-08-11 23:06:30,HOLD-2024-966,staging.orders -> analytics,[CONFIDENTIAL] Formula #889,99.251% uptime,/var/data/batch_332.yaml,CHECK (val > 0),IEEE 754,"$5,157,238",9 18 * * *,,amount,160 days,@emilygarcia897,Meets expectations,"{""type"": ""object"", ""properties"": {}}",Salesforce,analytics.events,300 days,EcoLine,2022-06-23T10:13:19Z,inactive,99.99% uptime,message Msg { string id = 1; },[a-zA-Z0-9._%+-]+@[a-zA-Z0-9.-]+,CREATE TABLE t (id INT PRIMARY KEY),"$3,280,411","$2,195,361",false,marywilliams20@acme.org,0.0.67,EMP-12971,insert,29.37,indefinite,1510 Park Blvd,Competitor DataCraft Inc launched CloudGuard,YES,Expand APAC market,2023-06-17T20:56:57Z,batch-20200715-47,dt=2024-01,"[27.71, 80.29]",dt=acme,Support,min=3348,3.11.46,false,field_a -> field_b,mary.davis,Tuesday,Exceeds expectations,Meets expectations,98.3932,4774.36,2022-04-02 09:02:06,Latin-1,"46 19 * * 0,6",[INTERNAL] Q3 strategy review pending board approval,7 days,824-74-8221,failed,INTEGER,-23.48%,text/html,1922 shares @ $136.61,Expand APAC market,SmartChoice,Major finding: data retention,2025-09-11T06:54:27Z
Hello {{name}},bfb30812ee12ce19fe57e53a7f4a0076650f8efc7f0d720668f0b156a1a333d3,[CONFIDENTIAL] Formula #657,sophia.rodriguez,Step 1: Configure the pipeline.,9709.4735,CURRENT_TIMESTAMP,Shanghai,978-0-37636-399-1,FLOAT,2026-12-01T11:36:00Z,HOLD-2026-231,curated.orders -> exports,[CONFIDENTIAL] Formula #907,99.969% uptime,/var/logs/export_580.yaml,CHECK (val > 0),W3C Date,"$5,367,026",38 13 * * 1-5,2024-08-27 05:08:23,id,155 days,@johnthompson644,Exceeds expectations,message Msg { string id = 1; },Kafka,hr.employees,116 days,TechBrand,2018-01-02 12:37:32,pending,99.421% uptime,CREATE TABLE t (id INT PRIMARY KEY),"\b\d{1,3}\.\d{1,3}\.\d{1,3}\.\d{1,3}\b",CREATE TABLE t (id INT PRIMARY KEY),"$8,704,444","$3,744,394",false,noah_taylor33@company.com,1.13.62,EMP-27500,snapshot,16.17,indefinite,1161 Cedar Ln,Competitor Alpine Systems launched DataSync 3000,false,Expand APAC market,2026-04-28T21:05:06Z,batch-20180411-76,tenant=acme,"[21.08, 74.7]",tenant=us-east,Engineering,max=364,0.19.84,false,input -> output,mary.white,Friday,Exceeds expectations,Exceeds expectations,97.8365,8644.48,2022-10-08T03:02:17Z,ISO-8859-1,20 16 * * *,[INTERNAL] Q4 strategy review pending board approval,7 days,884-96-3487,inactive,FLOAT,10.58%,application/xml,1188 shares @ $92.2,Acquire competitor,EcoLine,Major finding: data retention,2025-01-19T19:59:27Z
{{date}} - {{event}},7fddb61ddb763e2327d07b8a09242449fd90d263f9f68f67f1f2b582ae8f3b19,[CONFIDENTIAL] Formula #257,sophia.martinez,Step 4: Initialize the pipeline.,-616.2467,0,Busan,978-9-59384-768-1,FLOAT,2024-03-23T23:17:08Z,HOLD-2021-173,staging.users -> analytics,[CONFIDENTIAL] Formula #102,99.727% uptime,/var/data/batch_490.parquet,NOT NULL,POSIX,"$130,894",39 0 * * *,,email,36 days,@patriciarobinson251,Needs improvement,message Msg { string id = 1; },SAP,hr.employees,317 days,TechBrand,2024-09-06 01:09:52,approved,99.074% uptime,message Msg { string id = 1; },^[A-Z]{2}\d{6}$,"{""type"": ""object"", ""properties"": {}}","$9,780,651","$2,256,446",false,jennifer_clark96@example.com,5.17.61,EMP-49951,update,16.94,1 year,4792 Elm St,Competitor Pioneer Software launched StreamLine ERP,NO,IPO readiness,2024-03-23 00:11:36,batch-20230731-95,dt=acme,"[12.45, 83.97]",region=us-east,Marketing,max=5195,2.6.81,true,source_col -> output,liam.lee,Saturday,Outstanding,Exceeds expectations,99.2668,3441.49,2025-07-06T03:30:12Z,UTF-16,"18 22 * * 0,6",[INTERNAL] Q3 strategy review pending board approval,7 years,724-58-3588,failed,INTEGER,46.3%,application/pdf,4068 shares @ $214.63,Expand APAC market,ValueMax,Major finding: data retention,2023-05-21 15:45:28
Hello {{name}},ac3f2036ba79f7fe137523d6fbd2a69aafcd46e11e8b88e551b9b7fd565f0509,[CONFIDENTIAL] Formula #498,mason.harris,Step 5: Monitor the pipeline.,7217.0842,null,Hamburg,978-7-20175-448-8,INTEGER,2024-11-13 20:30:41,HOLD-2025-713,staging.events -> exports,[CONFIDENTIAL] Formula #533,99.167% uptime,/var/uploads/batch_897.parquet,NOT NULL,RFC 3339,"$525,096","3 6 * * 0,6",,type,92 days,@davidmiller732,Needs improvement,message Msg { string id = 1; },PostgreSQL,sales.orders,148 days,TechBrand,2023-01-25T07:31:05Z,rejected,99.921% uptime,"{""type"": ""object"", ""properties"": {}}",^[A-Z]{2}\d{6}$,"{""type"": ""object"", ""properties"": {}}","$6,709,647","$9,569,842",false,sophia_clark@company.com,5.0.11,EMP-10437,upsert,69.18,indefinite,6684 Elm St,Competitor Catalyst Ventures launched Sentinel Monitor,NO,IPO readiness,2019-10-12 11:51:07,batch-20220623-67,region=acme,"[33.88, 95.26]",dt=2024-01,Support,crit=4012,4.8.30,false,field_a -> target_col,william.rodriguez,Monday,Meets expectations,Needs improvement,95.2846,3864.17,2022-08-22T15:33:23Z,ASCII,14 1 * * *,[INTERNAL] Q2 strategy review pending board approval,7 days,433-13-2626,cancelled,TIMESTAMP,9.57%,image/png,3449 shares @ $201.77,Acquire competitor,ProSeries,Non-conformance: access control,2026-10-07 09:49:10
Hello {{name}},ac32e799515aef9b830bf6a804e1c4ac910604135394f26ab56f323fb1014606,[CONFIDENTIAL] Formula #987,aiden.smith,Step 2: Verify the system.,2119.2647,CURRENT_TIMESTAMP,Rotterdam,978-7-90417-757-3,TIMESTAMP,2022-11-19 05:23:07,HOLD-2023-804,raw.orders -> reports,[CONFIDENTIAL] Formula #681,99.48% uptime,/var/uploads/daily_558.parquet,BETWEEN 1 AND 100,ISO 8601,"$3,124,108",51 0 * * 1-5,,email,171 days,@lucasgarcia203,Needs improvement,CREATE TABLE t (id INT PRIMARY KEY),SAP,public.users,327 days,TechBrand,2021-07-09T09:39:12Z,rejected,99.985% uptime,CREATE TABLE t (id INT PRIMARY KEY),[a-zA-Z0-9._%+-]+@[a-zA-Z0-9.-]+,CREATE TABLE t (id INT PRIMARY KEY),"$4,140,573","$2,316,977",false,susan_martin@company.com,0.10.9,EMP-84603,delete,47.58,7 years,8201 Main St,Competitor Skyline Partners launched VaultKeeper,YES,IPO readiness,2023-03-19 05:55:39,batch-20241123-17,dt=acme,"[18.81, 86.28]",tenant=2024-01,Legal,warn=5781,1.3.78,true,field_a -> field_b,olivia.lee,Friday,Needs improvement,Meets expectations,97.9514,7492.74,2025-03-14T07:23:31Z,ASCII,"51 6 * * 0,6",[INTERNAL] Q1 strategy review pending board approval,7 days,477-79-8855,approved,FLOAT,5.77%,image/png,2182 shares @ $180.14,Expand APAC market,ValueMax,Major finding: data retention,2024-05-14 16:51:50
{{date}} - {{event}},653d51447012b8de4e96b8896714b89973ef983ca712b503df5380e1f141f6b9,[CONFIDENTIAL] Formula #972,jessica.martin,Step 2: Initialize the system.,3604.2336,false,Busan,978-8-58265-283-1,TEXT,2018-10-06 19:44:33,HOLD-2020-902,raw.users -> analytics,[CONFIDENTIAL] Formula #696,99.605% uptime,/var/tmp/daily_709.json,UNIQUE,W3C Date,"$3,014,353",44 20 * * 1-5,,created_at,98 days,@noahthompson912,Outstanding,"{""type"": ""object"", ""properties"": {}}",Kafka,sales.orders,217 days,TechBrand,2020-09-19 09:04:44,pending,99.291% uptime,"{""type"": ""object"", ""properties"": {}}",^[A-Z]{2}\d{6}$,message Msg { string id = 1; },"$4,061,172","$7,872,593",false,michael.taylor@example.com,0.10.1,EMP-52382,upsert,86.37,7 days,9733 Oak Ave,Competitor Skyline Partners launched StreamLine ERP,false,Acquire competitor,2020-07-20T09:24:11Z,batch-20220525-77,dt=us-east,"[12.93, 98.61]",region=us-east,Engineering,warn=9840,5.6.10,false,source_col -> target_col,david.martin,Wednesday,Exceeds expectations,Meets expectations,99.6209,6589.23,2019-02-07T13:28:24Z,ISO-8859-1,"55 20 * * 0,6",[INTERNAL] Q1 strategy review pending board approval,30 days,899-44-2680,cancelled,TEXT,-28.05%,text/csv,3946 shares @ $392.48,Acquire competitor,EcoLine,Non-conformance: access control,2020-10-22 07:54:48
Order #{{id}},46a44cec93efa7a18218d3991d6fba1636810d2131693ed2556b291d7bca23df,[CONFIDENTIAL] Formula #921,william.king,Step 5: Configure the service.,7716.7936,null,Singapore,978-8-91263-383-1,TEXT,2025-04-04 01:50:24,HOLD-2024-795,staging.users -> analytics,[CONFIDENTIAL] Formula #564,99.342% uptime,/var/logs/export_185.json,UNIQUE,RFC 3339,"$7,356,153","29 4 * * 0,6",,type,310 days,@emilygarcia769,Exceeds expectations,"{""type"": ""object"", ""properties"": {}}",SAP,hr.employees,221 days,TechBrand,2019-05-01 06:51:15,pending,99.74% uptime,CREATE TABLE t (id INT PRIMARY KEY),^\d{3}-\d{2}-\d{4}$,message Msg { string id = 1; },"$1,946,782","$496,344",false,michael.wright@company.com,0.6.9,EMP-99549,update,49.75,1 year,3050 Pine Rd,Competitor Meridian Health launched Widget Pro,YES,Expand APAC market,2024-10-24 02:34:26,batch-20250506-03,region=us-east,"[33.23, 91.52]",dt=2024-01,Finance,min=9052,2.20.5,false,source_col -> output,lucas.davis,Thursday,Exceeds expectations,Outstanding,96.9651,722.07,2020-11-20 11:15:39,ASCII,"42 22 * * 0,6",[INTERNAL] Q1 strategy review pending board approval,indefinite,738-59-5407,active,VARCHAR,-26.77%,image/png,4937 shares @ $316.66,Acquire competitor,ValueMax,Observation: backup schedule,2019-05-13 02:53:15
Dear {{customer}},dc89db4a504ea2a05b2d7fee1b5376d1be63b331ae6acee7594acbadefe3e8cc,[CONFIDENTIAL] Formula #192,logan.white,Step 3: Verify the service.,6047.4703,false,Busan,978-4-30350-841-4,FLOAT,2022-02-24T08:08:54Z,HOLD-2021-258,raw.users -> exports,[CONFIDENTIAL] Formula #210,99.921% uptime,/var/data/export_214.csv,NOT NULL,IEEE 754,"$2,227,248","11 9 * * 0,6",,type,304 days,@davidmartin163,Needs improvement,"{""type"": ""object"", ""properties"": {}}",Salesforce,sales.orders,301 days,ProSeries,2021-09-10T09:55:10Z,active,99.505% uptime,"{""type"": ""object"", ""properties"": {}}",^[A-Z]{2}\d{6}$,"{""type"": ""object"", ""properties"": {}}","$7,375,299","$5,269,864",false,james.miller37@example.com,0.7.70,EMP-23706,update,25.14,indefinite,2402 Cedar Ln,Competitor Pioneer Software launched DataSync 3000,NO,Acquire competitor,2024-10-24 08:20:23,batch-20200219-74,region=us-east,"[35.86, 78.25]",dt=acme,HR,min=5913,3.3.98,false,input -> field_b,robert.thomas,Thursday,Needs improvement,Needs improvement,95.8169,4936.88,2020-05-27T11:42:49Z,ASCII,31 2 * * *,[INTERNAL] Q1 strategy review pending board approval,7 years,XXX-XX-2026,pending,INTEGER,-38.41%,text/html,4832 shares @ $127.16,Expand APAC market,ValueMax,Major finding: data retention,2023-08-08 03:15:32
Hello {{name}},e516bddd8aed09822d91c3ef931f8c07a5b164926deada49247c70f6e0e36c2e,[CONFIDENTIAL] Formula #292,susan.jackson,Step 4: Deploy the pipeline.,6449.0135,0,Rotterdam,978-1-64116-514-2,FLOAT,2018-08-12 01:36:30,HOLD-2025-571,curated.orders -> exports,[CONFIDENTIAL] Formula #534,99.513% uptime,/var/data/batch_1.parquet,UNIQUE,POSIX,"$4,094,194",30 22 * * 1-5,2022-06-20 11:35:34,name,99 days,@robertthompson949,Exceeds expectations,CREATE TABLE t (id INT PRIMARY KEY),PostgreSQL,hr.employees,181 days,TechBrand,2025-04-18 12:38:33,rejected,99.645% uptime,CREATE TABLE t (id INT PRIMARY KEY),^\d{3}-\d{2}-\d{4}$,"{""type"": ""object"", ""properties"": {}}","$4,713,484","$7,045,174",false,oliver_taylor@yahoo.com,3.0.1,EMP-92532,delete,44.45,indefinite,5777 Elm St,Competitor Vertex Technologies launched VaultKeeper,NO,Launch SaaS tier,2019-12-16T16:02:48Z,batch-20250428-53,region=us-east,"[28.33, 95.4]",region=2024-01,Operations,min=3677,3.2.74,true,field_a -> output,john.martin,Monday,Meets expectations,Needs improvement,95.6666,8522.41,2023-12-09 10:56:35,ASCII,38 15 * * 1-5,[INTERNAL] Q1 strategy review pending board approval,1 year,461-42-3918,approved,TEXT,7.94%,text/html,1184 shares @ $385.6,Acquire competitor,TechBrand,Observation: backup schedule,2023-07-16T16:05:45Z
Order #{{id}},f9ac4f94f7d439a99d9b19f05eca0adc9fa3df3b23beb47f5d07beea53d70e9f,[CONFIDENTIAL] Formula #733,jennifer.taylor,Step 1: Verify the system.,7272.4467,1,Busan,978-0-18751-868-2,TEXT,2025-06-14T15:13:35Z,HOLD-2023-414,staging.events -> analytics,[CONFIDENTIAL] Formula #226,99.427% uptime,/var/data/batch_94.json,NOT NULL,ISO 8601,"$4,200,792","38 19 * * 0,6",,email,48 days,@patriciadavis453,Exceeds expectations,"{""type"": ""object"", ""properties"": {}}",PostgreSQL,public.users,315 days,EcoLine,2026-11-06T08:51:31Z,active,99.074% uptime,CREATE TABLE t (id INT PRIMARY KEY),"\b\d{1,3}\.\d{1,3}\.\d{1,3}\.\d{1,3}\b",message Msg { string id = 1; },"$2,280,705","$4,378,880",true,loganyoung54@outlook.com,5.11.99,EMP-24133,delete,52.45,1 year,6745 Main St,Competitor DataCraft Inc launched NanoCore SDK,false,Acquire competitor,2022-02-24 11:17:27,batch-20230307-83,dt=acme,"[2.39, 84.18]",dt=us-east,Legal,warn=8665,1.4.56,true,source_col -> target_col,harper.williams,Thursday,Meets expectations,Outstanding,95.2875,8379.98,2025-03-02T20:14:06Z,ISO-8859-1,"44 8 * * 0,6",[INTERNAL] Q3 strategy review pending board approval,1 year,747-51-2807,rejected,BOOLEAN,7.71%,text/html,4362 shares @ $124.35,IPO readiness,TechBrand,Major finding: data retention,2020-12-27T05:13:29Z
Order #{{id}},e0a880ba61d6e9129e6e5e8bdad4fcf525748634c0dd447e254e6efb96a4fce2,[CONFIDENTIAL] Formula #550,michael.johnson,Step 1: Initialize the module.,3230.7839,null,Shanghai,978-7-46553-382-3,INTEGER,2021-10-01 00:45:27,HOLD-2021-248,raw.orders -> analytics,[CONFIDENTIAL] Formula #140,99.624% uptime,/var/logs/daily_892.log,UNIQUE,ISO 8601,"$3,867,844","36 10 * * 0,6",,created_at,89 days,@maryharris909,Meets expectations,CREATE TABLE t (id INT PRIMARY KEY),Kafka,analytics.events,328 days,SmartChoice,2018-08-09 05:35:57,inactive,99.186% uptime,"{""type"": ""object"", ""properties"": {}}",^[A-Z]{2}\d{6}$,CREATE TABLE t (id INT PRIMARY KEY),"$4,509,784","$693,635",false,emmamartinez@gmail.com,1.6.77,EMP-13522,upsert,72.22,30 days,5791 Oak Ave,Competitor DataCraft Inc launched SmartHub X1,YES,Acquire competitor,2021-03-26T03:03:58Z,batch-20181126-57,dt=2024-01,"[26.1, 76.71]",tenant=us-east,Finance,warn=5677,5.4.54,false,input -> field_b,jessica.brown,Thursday,Needs improvement,Outstanding,99.1631,7390.93,2025-02-23 10:52:25,Latin-1,"9 20 * * 0,6",[INTERNAL] Q4 strategy review pending board approval,7 years,409-78-7368,rejected,INTEGER,-48.36%,text/html,4583 shares @ $121.66,Expand APAC market,ValueMax,Major finding: data retention,2018-12-06T18:29:38Z
Order #{{id}},1a321d44871f4b5104390f400e662a56c8aa8b03f41da2859b85575a9d6873cb,[CONFIDENTIAL] Formula #191,jessica.rodriguez,Step 4: Configure the pipeline.,1616.0771,CURRENT_TIMESTAMP,Port of LA,978-8-78502-375-0,TIMESTAMP,2019-08-25T23:13:00Z,HOLD-2021-714,raw.users -> exports,[CONFIDENTIAL] Formula #697,99.547% uptime,/var/data/batch_959.parquet,BETWEEN 1 AND 100,POSIX,"$4,603,416",16 10 * * 1-5,2026-05-26T06:23:07Z,type,237 days,@aidenwilliams851,Meets expectations,"{""type"": ""object"", ""properties"": {}}",Salesforce,hr.employees,303 days,TechBrand,2026-02-16T13:34:42Z,rejected,99.436% uptime,"{""type"": ""object"", ""properties"": {}}",^[A-Z]{2}\d{6}$,message Msg { string id = 1; },"$7,668,465","$589,994",false,liamking74@acme.org,5.17.20,EMP-24420,snapshot,60.6,indefinite,5834 Oak Ave,Competitor Meridian Health launched CloudGuard,NO,Launch SaaS tier,2020-09-12T17:45:06Z,batch-20190122-39,tenant=acme,"[7.82, 92.63]",region=acme,Legal,warn=5029,1.0.54,false,field_a -> field_b,emily.young,Friday,Outstanding,Meets expectations,96.1068,7140.78,2021-11-19T15:09:21Z,ASCII,25 14 * * *,[INTERNAL] Q3 strategy review pending board approval,7 days,546-45-5454,completed,VARCHAR,14.73%,application/json,662 shares @ $287.01,IPO readiness,SmartChoice,Observation: backup schedule,2023-05-18T06:25:41Z
Dear {{customer}},12caf5ffa12eb930a5ede73d62483741a640ebce1b5795d7649ae3bd013b5d22,[CONFIDENTIAL] Formula #226,jennifer.martin,Step 5: Deploy the module.,8812.3489,CURRENT_TIMESTAMP,Port of LA,978-3-81953-184-8,VARCHAR,2022-07-12 15:46:03,HOLD-2021-472,raw.events -> analytics,[CONFIDENTIAL] Formula #111,99.237% uptime,/var/logs/daily_79.log,UNIQUE,RFC 3339,"$526,655",57 22 * * *,,name,99 days,@sophiarodriguez255,Exceeds expectations,message Msg { string id = 1; },Snowflake,sales.orders,77 days,TechBrand,2021-07-17T15:45:29Z,approved,99.066% uptime,CREATE TABLE t (id INT PRIMARY KEY),[a-zA-Z0-9._%+-]+@[a-zA-Z0-9.-]+,message Msg { string id = 1; },"$4,343,246","$1,209,014",true,david_miller@company.com,2.1.57,EMP-19723,delete,39.53,30 days,1913 Cedar Ln,Competitor Alpine Systems launched FlexPay Platform,true,IPO readiness,2025-09-13 06:44:00,batch-20211206-11,region=us-east,"[25.08, 67.07]",tenant=us-east,HR,warn=2278,5.20.8,false,input -> field_b,noah.jackson,Wednesday,Needs improvement,Meets expectations,95.6344,4453.4,2024-06-04 05:30:37,Latin-1,59 13 * * 1-5,[INTERNAL] Q2 strategy review pending board approval,7 years,336-47-8019,completed,BOOLEAN,45.09%,image/png,1195 shares @ $180.86,Acquire competitor,EcoLine,Observation: backup schedule,2022-12-07T01:40:29Z
Dear {{customer}},440d66350fa7e5389cf6fe1a3186b45e4e44413f0ffe63a314ded5f8b62a6e37,[CONFIDENTIAL] Formula #742,harper.jackson,Step 3: Configure the module.,4972.8313,'',Singapore,978-9-63437-716-2,FLOAT,2020-12-28T14:52:50Z,HOLD-2021-564,raw.orders -> reports,[CONFIDENTIAL] Formula #343,99.954% uptime,/var/uploads/batch_223.log,MATCHES '^[A-Z]+',ISO 8601,"$953,056","14 2 * * 0,6",,email,322 days,@amywilliams776,Outstanding,CREATE TABLE t (id INT PRIMARY KEY),Workday,analytics.events,42 days,ValueMax,2024-04-11 23:17:09,completed,99.485% uptime,message Msg { string id = 1; },[a-zA-Z0-9._%+-]+@[a-zA-Z0-9.-]+,CREATE TABLE t (id INT PRIMARY KEY),"$4,416,513","$1,030,726",false,sophia.taylor@yahoo.com,2.17.48,EMP-60287,insert,36.53,indefinite,5233 Maple Dr,Competitor Beacon Analytics launched VaultKeeper,YES,IPO readiness,2026-02-24T18:41:19Z,batch-20230223-53,region=us-east,"[24.53, 82.48]",region=2024-01,Marketing,crit=9620,0.8.50,false,source_col -> target_col,michael.lee,Thursday,Needs improvement,Meets expectations,98.4376,4710.98,2020-03-15T22:28:15Z,ISO-8859-1,52 23 * * *,[INTERNAL] Q2 strategy review pending board approval,7 days,XXX-XX-2859,pending,BOOLEAN,6.5%,image/png,1344 shares @ $250.44,Launch SaaS tier,ProSeries,Non-conformance: access control,2021-07-02T17:43:39Z
Order #{{id}},87b7ec5f8df35da9dfeb0cc4aed41375de0eeb6e95c0ad655b787b612393d116,[CONFIDENTIAL] Formula #535,james.miller,Step 5: Monitor the system.,6895.9474,false,Hamburg,978-8-41031-821-3,TIMESTAMP,2024-05-10 15:17:50,HOLD-2021-216,curated.events -> reports,[CONFIDENTIAL] Formula #274,99.155% uptime,/var/tmp/export_839.log,NOT NULL,IEEE 754,"$9,816,465",54 7 * * *,,status,320 days,@emilywalker770,Outstanding,message Msg { string id = 1; },Kafka,analytics.events,307 days,TechBrand,2026-12-14T14:54:51Z,failed,99.559% uptime,message Msg { string id = 1; },"\b\d{1,3}\.\d{1,3}\.\d{1,3}\.\d{1,3}\b",CREATE TABLE t (id INT PRIMARY KEY),"$9,307,222","$7,871,974",true,michael.davis@outlook.com,3.14.89,EMP-22657,upsert,3.27,7 years,9219 Park Blvd,Competitor Beacon Analytics launched CloudGuard,YES,IPO readiness,2020-10-20T03:24:34Z,batch-20240117-64,dt=2024-01,"[27.56, 81.94]",tenant=2024-01,HR,min=1641,0.4.91,false,input -> field_b,linda.lewis,Saturday,Exceeds expectations,Outstanding,98.7319,5134.02,2023-12-17 23:49:43,UTF-16,55 2 * * *,[INTERNAL] Q3 strategy review pending board approval,7 years,XXX-XX-1036,rejected,BOOLEAN,-47.6%,text/html,4939 shares @ $281.74,IPO readiness,ProSeries,Non-conformance: access control,2025-08-21 18:02:26
Order #{{id}},c28ee235f175b11a3b0071e830cf59a1045c51043d9f7f0d145d0ae956a291ab,[CONFIDENTIAL] Formula #153,richard.jones,Step 5: Configure the pipeline.,6785.964,0,Shanghai,978-6-99543-233-6,TIMESTAMP,2024-09-11 21:09:40,HOLD-2026-828,staging.users -> analytics,[CONFIDENTIAL] Formula #835,99.64% uptime,/var/exports/export_392.json,CHECK (val > 0),RFC 3339,"$8,826,631",48 21 * * *,,status,63 days,@lindamoore767,Outstanding,"{""type"": ""object"", ""properties"": {}}",Kafka,sales.orders,27 days,TechBrand,2021-08-04 06:37:32,completed,99.661% uptime,message Msg { string id = 1; },^\d{3}-\d{2}-\d{4}$,message Msg { string id = 1; },"$6,869,215","$9,526,503",true,david.robinson92@outlook.com,3.6.6,EMP-64621,delete,36.87,1 year,2514 Pine Rd,Competitor Alpine Systems launched StreamLine ERP,YES,Expand APAC market,2019-08-24T20:11:57Z,batch-20180613-48,region=us-east,"[31.65, 61.07]",tenant=us-east,HR,min=8145,3.20.19,true,field_a -> field_b,david.harris,Thursday,Needs improvement,Outstanding,96.7123,2410.07,2021-12-24T04:04:14Z,UTF-8,24 4 * * *,[INTERNAL] Q3 strategy review pending board approval,30 days,XXX-XX-1394,cancelled,FLOAT,41.38%,application/json,2881 shares @ $382.36,IPO readiness,TechBrand,Major finding: data retention,2021-04-10T12:24:59Z
