weqmx1,employee_id_14,v_binar,integer,marital_status,deletedat,c_rrp,p_stmm,ci,CORRELATION,meta_forma,currency_name,INTEGER,numeric_range_raw,rbhac26,user_median,numeric_range,v_pu,median_22,corr,user_cas_registry_number,dim_brow,features,citation_val,deleted_at,intval,retentionPolicy,numericRange,jqtxw10,standard_deviation,v_dec,c_std_d,STANDARD_DEVIATION,DECIMAL_FLOAT,data_lineage_data,gtin,wordEmbedding,internal_communication_data,field_4,src_payment_method,WORD_EMBEDDING,cron_schedule_30,f_433,col_997,c_proto,apiKeyToken,src_schema_table_name,wordemb,image_embedding,attr_mgp,relative_humidity,meta_hist,col_561,col_corre,col_122,mean,histogram_bin_field,var_sj,TREND_GROWTH_RATE,trend,check,int,ENERGY,raw_feature_vector,histogram_bin,epyjvh96,scientificName,var_129,severity_level_6,tstamp,v_sci,percentile_val,dim_correlation,mean_2,correlation_30,phoneFormatPattern,meta_mari,float,raw_file_path,HISTOGRAM_BIN,f_xv,d_url_,mom,caption,stddev,sciname
5498.8055,EMP27976,1,7485,Single,,Salad,30-75,"[7.46, 60.77]",0.9007,RFC 3339,Japanese Yen,3047,17-86,UTF-16,-53.9463,35-54,-20.3778,9.1178,0.2392,38104-39-6,Safari,"[0.9688, 0.0118, 0.1296, 0.3877, 0.5779, 0.5394, 0.009, 0.552]",Harris et al. (2015),2026-06-05T01:10:57Z,3676,7 days,6-85,_ga=0377949032.7150530,9.492,2953.8247,48.5182,16.5694,8691.7838,staging.events -> exports,3172381380568,"[0.8569, 0.0325, -1.5332, -0.3114, -0.2227, -0.4175, -0.0782, 2.5869]",[INTERNAL] Q3 strategy review pending board approval,230.1,PayPal,"[-1.5678, 0.7815, 0.4731, 0.7744, -1.5809, 1.0854, 0.0991, -1.3148]",10 3 * * 1-5,-37.8423,539,FTP,sk_FlviigwsVPkzctv4NJbYieVXV7tGRj18,sales.orders,"[-0.8064, 0.9394, -1.0036, -1.898, 0.7295, 0.5274, -0.8735, -0.8085]","[-0.213, 0.1918, 1.0013, -0.5819, -0.3025, 0.1159, 0.5259, -0.4489]",false,83.1,87.14,Johnson et al. (2019),0.7034,286,26.1972,3.41,L,38.31%,40.36%,amount <= 10000,9306,75958.9,"[0.0261, 0.3809, 0.2863, 0.446, 0.037, 0.4677, 0.088, 0.943]",48.85,3742.5147,C6H12O6,40.57,Medium,2020-02-08T11:57:53Z,NaCl,15.46,0.773,-50.9805,-0.0034,+81-XX-XXXX-XXXX,Single,6737.4142,/var/logs/batch_427.xml,86.76,IMP4CMX0K6PXQ6O3Y,https://example.com/users/7b9375dd/profile,-25.06%,Figure 9: Timeline,22.599,H2O
9301.1982,EMP86607,1,149,Widowed,,Salad,47-86,"[24.27, 61.4]",0.5994,ISO 8601,Japanese Yen,1702,12-90,ASCII,60.1877,26-90,-2.8472,-97.3091,-0.2558,34599-54-3,Safari,"[0.1901, 0.639, 0.7415, 0.8471, 0.8932, 0.595, 0.7936, 0.2255]",King et al. (2018),,7764,indefinite,31-76,_ga=2330120575.3806903,19.8042,5375.4923,29.5067,35.7752,-54.9226,curated.orders -> analytics,0657237490300,"[1.1754, 0.8784, -0.3447, 0.0929, -0.838, -0.6056, 0.6439, -0.0807]",[INTERNAL] Q2 strategy review pending board approval,314.2,Cash,"[0.1695, -1.5994, -0.1144, -0.3042, -0.5897, -1.908, 0.5656, -0.122]",47 23 * * *,-4.3404,48,SMTP,sk_pYo3d1GU9cbpjuiblNXMJEpf6CyFaYSS,hr.employees,"[0.573, 0.195, 1.7582, 0.683, -1.1834, -1.1748, 0.1456, -0.2087]","[0.0544, 0.5911, 0.3281, 0.2001, 0.1078, 0.3517, -0.586, -0.0152]",false,40.8,54.35,Davis et al. (2025),0.4091,837,36.7916,9.42,ft,-22.39%,-12.45%,"status IN ('active','pending')",8400,73251.3,"[0.7534, 0.1476, 0.1649, 0.7912, 0.3792, 0.6562, 0.6878, 0.5624]",46.52,9190.5284,Homo sapiens,15.68,Low,2021-12-03T11:09:04Z,NaCl,56.37,0.872,24.896,-0.3114,+1-XXX-XXX-XXXX,Married,6508.2837,/var/config/export_599.yaml,17.31,UKCNK7KD2QXLULN1T,https://example.com/users/d624a646/profile,24.83%,Figure 17: Comparison,20.2736,NaCl
71.966,EMP30021,1,6886,Single,,Steak,25-65,"[12.41, 71.08]",-0.3318,RFC 3339,Euro,3049,11-78,Latin-1,8.4858,28-75,43.8903,-19.4204,0.8469,88547-10-5,Chrome,"[0.5892, 0.2693, 0.766, 0.3863, 0.028, 0.9424, 0.5661, 0.9377]",Young et al. (2016),,1025,1 year,3-57,_ga=3992353249.4783936,4.1078,1890.6019,17.5078,33.4489,3485.7046,curated.events -> reports,0190823364788,"[-0.2092, 0.9184, 0.0017, -0.6084, 0.9029, 0.4442, 0.5305, 0.3426]",[INTERNAL] Q1 strategy review pending board approval,224.0,Credit Card,"[1.2839, -0.0956, -1.2077, -1.8027, 0.6485, -0.5237, 0.4073, -0.3249]",47 5 * * *,-78.4953,140,gRPC,sk_e9c2rpZN9rKBsuDDfUUXGBqDjHUbxRVe,analytics.events,"[1.3967, 1.319, 0.699, 0.0842, -0.5821, -0.0851, 0.3565, -1.0326]","[-0.1757, 0.122, -0.494, 0.4115, -0.0732, -0.2484, -0.7593, -0.1418]",NO,83.3,34.83,Harris et al. (2017),-0.2889,612,-36.5336,2.68,gal,9.6%,-25.04%,age >= 18,6380,77514.2,"[0.325, 0.678, 0.6602, 0.5574, 0.6653, 0.4744, 0.5543, 0.9221]",24.0,4000.966,Fe2O3,95.53,High,2023-09-26 13:28:20,H2O,47.31,0.0293,-27.2295,0.441,+44-XXXX-XXXXXX,Married,1952.2638,/var/tmp/daily_80.parquet,43.17,0Z3Q8SGHLGJ94SP8U,https://example.com/users/9f9d90ec/profile,7.8%,Figure 3: Timeline,46.6749,NaCl
2604.3581,EMP57224,1,4359,Single,,Curry,24-82,"[26.13, 65.88]",-0.3287,ISO 8601,US Dollar,7577,24-75,ASCII,22.352,45-77,53.7735,98.7323,0.3897,97348-28-9,Firefox,"[0.9702, 0.5846, 0.3422, 0.8108, 0.8789, 0.0176, 0.0189, 0.8932]",Moore et al. (2009),2018-07-10 03:25:16,6956,7 days,40-85,_ga=3444932178.4109210,28.4915,7117.7763,13.633,25.1596,6652.9317,staging.events -> exports,1986229471432,"[0.2197, 0.5726, -0.0928, 0.0169, 0.2693, 2.2352, 1.3016, -0.9511]",[INTERNAL] Q4 strategy review pending board approval,126.6,ACH,"[-0.0982, -0.4496, -1.7128, 0.6129, 2.2695, 1.0413, 0.9902, -0.3127]",25 7 * * *,-65.3454,794,MQTT,sk_Zu4iZocv2qON0FB2NwrAVGGSw0kdJ7S1,public.users,"[-1.7468, 2.3399, 1.7079, -0.2769, -0.6158, 0.4101, -0.679, 0.2674]","[-0.5511, -0.6217, -0.4087, 0.3394, -1.3353, -0.2021, 0.1897, -0.221]",true,67.3,75.86,Thomas et al. (2010),0.0226,606,-44.1154,24.26,kg,-26.31%,-47.55%,NOT NULL,6887,35976.3,"[0.7426, 0.169, 0.0443, 0.5258, 0.0622, 0.1571, 0.5077, 0.3065]",80.75,9011.744,C6H12O6,76.36,Low,2022-12-14T09:46:06Z,Fe2O3,95.52,0.0039,-62.6314,-0.2375,+1-XXX-XXX-XXXX,Widowed,7220.2577,/var/exports/daily_858.parquet,63.19,3GOBSW5TDPDH5YF6Z,https://example.com/users/051e6383/profile,22.11%,Figure 19: Overview,40.9882,E. coli
851.9066,EMP67740,1,7411,Widowed,2022-04-21T15:11:32Z,Tacos,25-55,"[37.73, 64.25]",-0.0864,ISO 8601,Japanese Yen,2798,34-75,Latin-1,13.7236,41-89,30.0569,-62.1548,-0.6343,32855-96-4,Firefox,"[0.0542, 0.7324, 0.0838, 0.8801, 0.1344, 0.6581, 0.7108, 0.3037]",Clark et al. (2008),,8604,indefinite,41-79,_ga=4407819660.8529770,2.6836,4678.8501,32.1332,35.6497,5733.7345,curated.events -> exports,3598213850176,"[1.2598, -0.3761, -0.159, -0.0271, -1.2555, 0.5288, -0.0377, 0.4208]",[INTERNAL] Q1 strategy review pending board approval,173.0,Credit Card,"[0.0319, -0.2366, 0.983, 0.5469, 0.0577, -1.2967, 1.5055, -0.7835]","57 15 * * 0,6",16.4013,678,HTTPS,sk_N34zFU75gJg1RQOEcfoEzE2KN8ovqDUi,sales.orders,"[0.7901, -0.6361, 0.6023, -1.0339, -1.2672, -1.6911, 1.355, 1.088]","[0.751, -0.9404, -1.3418, 0.0652, 0.8048, -0.4252, -0.3377, 0.1836]",YES,44.7,15.77,Williams et al. (2020),-0.3475,386,-42.6959,70.04,L,-19.3%,5.94%,NOT NULL,5762,10319.6,"[0.398, 0.727, 0.8081, 0.039, 0.3253, 0.0171, 0.6917, 0.5382]",83.1,9086.3649,E. coli,97.7,Medium,2022-05-25T11:21:36Z,NaCl,43.59,0.2169,52.1407,-0.0793,+1-XXX-XXX-XXXX,Married,9315.5162,/var/uploads/daily_478.json,85.06,HTQYA766WQDUS6AUC,https://example.com/users/7cbf67ae/profile,-46.25%,Figure 20: Distribution,37.5611,NaCl
2478.676,EMP23944,0,3929,Single,,Steak,12-78,"[17.96, 65.59]",-0.6027,IEEE 754,Swiss Franc,7523,34-90,UTF-16,90.0149,31-72,94.17,-64.1592,0.6141,54002-61-6,Opera,"[0.1635, 0.2106, 0.9365, 0.3419, 0.1805, 0.2738, 0.2191, 0.9053]",Jones et al. (2005),,2088,7 days,48-79,_ga=9597768840.2904260,10.0478,6469.4673,24.3873,19.9957,7375.0354,staging.events -> exports,4397031131036,"[-0.1931, 0.1293, -1.366, -1.0308, -1.0696, 0.0111, -0.5273, 1.8457]",[INTERNAL] Q4 strategy review pending board approval,152.6,Wire Transfer,"[1.03, -0.4109, 0.9265, -0.2213, 0.2098, 0.7315, -2.3825, -0.4055]",8 21 * * 1-5,65.6304,15,FTP,sk_nuUnllk9NBaO1VtKv0SGyA9GCL3tC9Cy,public.users,"[0.4662, -0.8049, -1.5985, -1.6008, 0.2611, -0.7718, -0.3142, 1.8711]","[0.5923, -0.0712, -0.0491, 0.5064, 0.2744, -0.8451, 0.7936, -0.5141]",false,58.6,1.42,Harris et al. (2009),0.896,682,5.0103,42.06,L,33.44%,6.54%,amount <= 10000,521,14353.2,"[0.3181, 0.0061, 0.3019, 0.0656, 0.3744, 0.5414, 0.0887, 0.9861]",92.45,1964.4443,NaCl,93.65,High,2026-11-06T01:07:09Z,Homo sapiens,5.33,0.3171,29.8968,-0.6643,+81-XX-XXXX-XXXX,Divorced,3943.1027,/var/tmp/export_310.json,89.64,OCWMQYVAG6RQJ5DSY,https://example.com/users/cf9397d4/profile,15.3%,Figure 10: Distribution,17.3431,H2O
3322.2633,EMP16816,0,9431,Married,,Pizza,27-69,"[38.14, 60.92]",-0.5966,POSIX,Swiss Franc,3316,36-93,Latin-1,-31.3208,43-86,-10.0402,95.0164,-0.7629,55973-39-8,Brave,"[0.1823, 0.9256, 0.4169, 0.9456, 0.3913, 0.2579, 0.4935, 0.762]",Anderson et al. (2021),,4645,30 days,43-69,_ga=2027073633.4012776,5.3997,8000.225,5.9433,48.6898,9424.8116,staging.events -> exports,7945446928132,"[-0.2789, 1.6148, -0.8673, 1.228, 0.6414, 0.2122, -0.4332, -2.0393]",[INTERNAL] Q4 strategy review pending board approval,271.5,Wire Transfer,"[0.7477, 0.4522, 0.4243, -1.3544, -0.5408, -0.6739, -0.8187, -0.3343]",55 13 * * *,78.5486,197,MQTT,sk_tRGz2tGGwLHrz0bOWDdMzXrCDE3kjKyu,hr.employees,"[-0.9569, -0.6995, 1.149, -1.4645, -0.2753, -0.8927, -0.9046, -0.1333]","[-0.3694, 0.2687, -0.6998, 0.7165, 0.5651, 0.8483, 0.1976, 0.4684]",YES,31.4,9.67,Smith et al. (2011),-0.3729,221,10.4117,37.76,°F,22.87%,22.19%,amount <= 10000,127,82060.8,"[0.9385, 0.2453, 0.9157, 0.9252, 0.509, 0.6293, 0.1448, 0.4833]",3.99,823.785,Fe2O3,40.01,Medium,2024-01-25T04:41:52Z,E. coli,26.87,-0.9758,-36.2562,-0.6737,+44-XXXX-XXXXXX,Widowed,-861.0892,/var/tmp/export_338.yaml,84.92,LQHR2NYOUWO3XW2XN,https://example.com/users/73482e2e/profile,4.08%,Figure 10: Distribution,0.5395,NaCl
7131.7157,EMP92796,1,2088,Divorced,,Tacos,27-70,"[18.75, 87.75]",-0.8729,RFC 3339,Japanese Yen,1444,27-52,ASCII,-80.4552,50-60,-4.7604,-41.3923,0.6399,3417-72-4,Firefox,"[0.5458, 0.7869, 0.4209, 0.7004, 0.62, 0.4617, 0.7039, 0.649]",Smith et al. (2014),,318,7 years,45-67,_ga=4696431623.2905874,12.235,6259.2883,29.4741,0.5259,6383.4953,raw.orders -> analytics,7156654058211,"[-0.4034, 0.3062, 1.4329, -1.4569, 0.1621, 1.237, 0.9197, -2.1021]",[INTERNAL] Q1 strategy review pending board approval,89.2,PayPal,"[1.1085, -1.3382, 2.288, 0.4788, 0.3053, 2.5673, 1.1245, -0.5207]",53 9 * * 1-5,0.8823,221,HTTP,sk_t0msnmfDDbf8Wxl2rKweCKQdOVVn05A4,sales.orders,"[0.8042, 3.0563, -0.8814, 2.1369, 0.6416, 0.0723, -0.0695, 0.8774]","[-0.6289, -0.9804, 0.7271, 0.124, -0.5919, -0.3352, 0.6074, -0.1927]",false,8.7,80.81,Lee et al. (2006),0.3503,228,42.1815,92.25,gal,31.84%,5.91%,"status IN ('active','pending')",8630,48010.1,"[0.0764, 0.0443, 0.6217, 0.5888, 0.8142, 0.9459, 0.7357, 0.6442]",84.15,3015.5375,Fe2O3,84.94,Low,2019-03-05T21:56:44Z,H2O,33.9,-0.4353,79.37,-0.9968,+44-XXXX-XXXXXX,Widowed,-269.6368,/var/config/batch_470.parquet,42.21,2UBJUW7DZ1GH3L98O,https://example.com/users/1f6de0f4/profile,-4.73%,Figure 3: Overview,34.5758,NaCl
8797.1761,EMP65452,1,3468,Widowed,,Sushi,41-62,"[10.1, 77.79]",0.2732,POSIX,US Dollar,5699,37-100,ISO-8859-1,24.289,37-99,-32.6037,-41.9922,0.5002,50033-31-4,Opera,"[0.4066, 0.3596, 0.8725, 0.5594, 0.9068, 0.7533, 0.0619, 0.661]",Martin et al. (2015),2025-06-07T15:13:10Z,3969,30 days,50-59,_ga=7092730854.7150993,48.8987,5752.8248,36.4373,45.8254,6927.487,staging.events -> reports,0966819722006,"[-0.0849, 0.9737, -0.6635, 0.9281, -0.4419, 0.8814, -0.7386, 2.1322]",[INTERNAL] Q1 strategy review pending board approval,131.7,Credit Card,"[-0.1767, -0.9469, 0.1579, 0.6731, -1.4898, 0.4476, 0.2035, -1.0258]",52 19 * * 1-5,93.86,136,HTTP,sk_Bp6x562OzPNSwujOghvJdCRwduW05136,sales.orders,"[-0.169, -0.6966, -1.5895, 0.3787, 0.6293, 1.6026, 0.4839, 0.4462]","[-0.1491, 0.2611, -0.0026, 0.0893, -0.542, 0.7967, -0.0892, 0.2477]",true,35.9,73.85,Clark et al. (2012),0.8519,872,85.0359,2.2,lb,-36.03%,-32.16%,age >= 18,806,47297.0,"[0.4652, 0.2081, 0.6391, 0.7124, 0.1634, 0.3848, 0.9015, 0.7584]",96.91,-481.1509,Homo sapiens,71.89,Medium,2020-07-13 13:36:46,C6H12O6,87.86,-0.9852,0.6021,0.9438,+1-XXX-XXX-XXXX,Single,6804.0487,/var/config/export_956.yaml,70.85,HYOO5KEKXACN09H94,https://example.com/users/f2fcce44/profile,-37.2%,Figure 9: Comparison,7.4916,E. coli
258.6918,EMP27649,1,625,Divorced,,Salad,39-79,"[28.32, 93.6]",-0.1751,ISO 8601,US Dollar,3699,14-76,Latin-1,-27.9289,17-59,73.9042,27.4403,0.5993,88495-14-3,Brave,"[0.1031, 0.7521, 0.4081, 0.6839, 0.0562, 0.2153, 0.4325, 0.1851]",Clark et al. (2005),2025-02-28 17:16:41,6983,indefinite,22-63,_ga=6168942111.4601566,44.6201,9110.1461,24.7814,37.0573,8237.3092,staging.users -> reports,6249551803381,"[0.0609, 0.3448, 0.1361, 0.9224, 0.5726, 0.9604, 0.7695, 0.101]",[INTERNAL] Q4 strategy review pending board approval,417.9,Debit Card,"[0.5399, 0.1692, 0.2549, 0.5176, 0.8656, 0.0155, 0.9314, 1.2149]","12 8 * * 0,6",-65.2054,785,WebSocket,sk_G1yYfdFtwTzFf8n6X2Fk81FiMA9zqCTB,sales.orders,"[0.9949, 0.1447, -0.0209, -1.2702, -0.2677, 0.7334, -0.6864, 1.375]","[-0.6613, 0.1074, 0.707, 1.067, 0.1688, 0.6729, 0.4223, 0.2028]",NO,88.2,85.56,Smith et al. (2001),-0.4538,300,-90.3715,3.41,L,36.8%,-43.62%,age >= 18,5089,46042.2,"[0.4654, 0.4469, 0.4345, 0.6315, 0.5646, 0.5115, 0.4828, 0.4731]",14.84,6108.0891,E. coli,67.78,Medium,2020-06-04 16:40:28,Homo sapiens,23.91,0.0973,-43.2633,0.7953,+44-XXXX-XXXXXX,Divorced,7404.743,/var/config/batch_97.parquet,85.07,8JILX9G4H3R1Q2NYJ,https://example.com/users/f9705518/profile,22.08%,Figure 20: Timeline,37.9153,Fe2O3
9852.2298,EMP89989,1,6333,Married,,Steak,2-81,"[29.66, 88.66]",-0.1998,IEEE 754,Japanese Yen,288,46-85,UTF-8,-50.7095,33-86,-89.2977,20.9747,-0.4349,6967-33-4,Opera,"[0.0091, 0.8669, 0.0078, 0.6931, 0.2813, 0.5301, 0.4265, 0.1726]",Walker et al. (2010),,6021,1 year,13-81,_ga=2051687994.7108902,36.2337,5281.8664,1.5958,21.4702,6596.8648,staging.orders -> analytics,0290370685716,"[0.6344, -1.031, -0.5486, 1.6406, 0.3335, 0.1385, 1.5687, 0.2889]",[INTERNAL] Q2 strategy review pending board approval,179.3,Debit Card,"[-0.6369, 2.6659, 0.5067, 0.7743, 0.2418, 0.0104, 0.5819, -1.0321]",33 1 * * *,-5.0813,27,SMTP,sk_9kIfP9RjUTjLrDsPcuusA8RBGhCqR4ui,analytics.events,"[-0.7503, 0.0221, -1.95, 0.8526, -1.4577, 0.3041, 0.3087, -0.1879]","[0.1857, -0.9665, 0.4187, 0.3451, 1.0285, 0.867, -0.3231, 0.0877]",NO,37.4,89.49,Johnson et al. (2021),0.5905,900,88.4699,55.68,m,30.94%,49.9%,age >= 18,3789,904.8,"[0.9695, 0.4645, 0.9628, 0.8683, 0.0186, 0.5426, 0.2575, 0.2418]",35.87,1941.949,Homo sapiens,94.96,Critical,2026-02-16T16:18:22Z,C6H12O6,40.51,0.2078,-58.4784,-0.3194,+81-XX-XXXX-XXXX,Married,818.497,/var/data/daily_133.json,50.04,HKS3VB9FNLYLAUJV1,https://example.com/users/f139c945/profile,-25.31%,Figure 15: Timeline,15.6909,H2O
305.785,EMP61901,1,5486,Widowed,,Sushi,14-87,"[23.24, 84.86]",-0.0157,RFC 3339,Swiss Franc,3237,33-85,ASCII,-37.2562,46-71,18.7341,32.2173,0.8524,47730-90-2,Edge,"[0.5394, 0.8314, 0.7777, 0.5879, 0.7105, 0.526, 0.7243, 0.7573]",Lewis et al. (2000),,5678,7 days,1-77,_ga=3783547607.2883654,43.2294,5636.8956,29.4558,38.3745,7121.0755,staging.orders -> reports,0039088191620,"[-0.5535, -0.3863, 0.0721, 1.0923, -0.4655, -0.7104, -0.2043, -0.9147]",[INTERNAL] Q3 strategy review pending board approval,56.4,Credit Card,"[0.5552, 0.7633, -0.6742, 0.8509, 1.2419, -0.3547, 0.8961, -0.9399]","32 6 * * 0,6",-75.152,592,SMTP,sk_LpjVtZeOwT7Zv3SLXNQ4O8xRtpmCTOI9,analytics.events,"[-1.4138, 0.6707, -1.361, -1.3148, 1.963, 0.6576, 0.4883, 3.2601]","[0.1434, -0.0722, 0.0024, -0.9894, -0.3276, 0.8241, -0.2346, 0.9125]",true,67.7,74.6,Martinez et al. (2005),-0.411,976,-80.4861,57.56,lb,-37.89%,-21.14%,NOT NULL,8487,70216.3,"[0.7502, 0.2929, 0.192, 0.2064, 0.0479, 0.2434, 0.7816, 0.1724]",89.23,82.4239,C6H12O6,39.95,High,2021-04-10 11:48:56,H2O,47.81,-0.487,0.3803,-0.3242,+1-XXX-XXX-XXXX,Divorced,864.071,/var/uploads/batch_492.xml,59.74,6PUVQG72IB4S3QKPH,https://example.com/users/7cc1d7f3/profile,-32.88%,Figure 3: Comparison,34.4867,C6H12O6
4594.9255,EMP18008,0,6720,Divorced,,Salad,10-58,"[19.12, 97.31]",0.4665,W3C Date,British Pound,295,1-88,Latin-1,79.7665,36-76,58.3802,-10.8742,-0.4993,24730-88-9,Chrome,"[0.9996, 0.4437, 0.1951, 0.3417, 0.9944, 0.7946, 0.5876, 0.6702]",Thompson et al. (2019),2022-11-01T09:05:33Z,8809,indefinite,45-89,_ga=0608756047.3307610,35.2946,2994.5266,29.1375,42.3081,9266.4301,raw.users -> analytics,9132247681683,"[-0.2599, 2.7946, -1.2882, 0.0443, 0.9324, -0.7068, -0.4123, 1.3268]",[INTERNAL] Q1 strategy review pending board approval,433.3,Cash,"[0.7539, 0.8151, 0.9019, 0.1683, -1.2225, 0.0478, -1.1659, 0.887]","4 23 * * 0,6",-14.9591,469,SSH,sk_PPu10CuqXVIjTkfEaTmNX0Luazmt2i0b,analytics.events,"[-0.9359, 0.6346, 0.1298, 0.412, -0.6753, 0.2281, -0.0228, -0.8238]","[-0.1618, 0.4588, -0.1203, 0.6069, -0.3078, 0.1918, -0.004, -1.2101]",true,69.7,73.9,Johnson et al. (2008),0.5585,3,-3.5408,99.6,m,9.8%,-41.74%,amount <= 10000,6603,50660.5,"[0.3781, 0.9725, 0.4039, 0.9249, 0.8796, 0.2611, 0.1132, 0.0264]",79.35,6855.6339,C6H12O6,87.37,Info,2023-01-12 21:53:08,NaCl,95.87,0.6171,-79.4027,0.7824,+81-XX-XXXX-XXXX,Married,8816.9199,/var/exports/export_287.yaml,75.11,8OSKV7SQ8IZQ67NJU,https://example.com/users/7342302e/profile,-25.83%,Figure 3: Overview,12.4958,E. coli
5541.6626,EMP87039,0,3104,Widowed,,Sushi,21-67,"[38.02, 96.31]",0.7144,ISO 8601,US Dollar,2867,26-55,UTF-16,94.6342,29-98,51.7185,3.8822,0.2152,24695-64-8,Brave,"[0.3791, 0.3913, 0.2442, 0.7683, 0.1365, 0.4965, 0.143, 0.2862]",Brown et al. (2021),2024-10-10T22:22:09Z,8433,1 year,30-85,_ga=3274252868.9918088,47.2303,4119.5519,14.5687,0.4894,9072.9647,raw.orders -> analytics,0812896009409,"[-0.6218, 0.7666, -1.6, -0.336, -0.7985, -0.4993, -0.9571, -0.6997]",[INTERNAL] Q4 strategy review pending board approval,275.2,PayPal,"[-0.5709, 2.1395, 0.4867, 1.0327, -1.7281, 1.429, 0.3823, -0.4104]",8 5 * * 1-5,9.0299,47,SSH,sk_oEi9TxbIzBrpIO9FROhz1ZlJqNcJeYC8,hr.employees,"[0.9744, -0.1122, 1.0564, 0.467, -0.106, 0.5494, 1.0339, -0.3832]","[0.1887, -0.0521, -0.217, 0.5123, 0.1474, 0.1854, -0.8578, -0.7653]",true,50.9,51.38,Jackson et al. (2020),-0.0611,416,-3.033,30.99,°F,17.6%,-5.74%,"status IN ('active','pending')",1928,68007.5,"[0.9002, 0.2532, 0.5535, 0.4037, 0.4252, 0.1954, 0.6042, 0.7498]",90.26,3302.1354,NaCl,75.39,Critical,2024-01-28 04:30:10,NaCl,70.9,0.7499,-35.0854,0.1737,+44-XXXX-XXXXXX,Single,-203.2697,/var/config/daily_996.parquet,39.78,JKR50WTEDBEU9MHGO,https://example.com/users/cfbaf999/profile,-44.12%,Figure 2: Overview,23.0312,Fe2O3
7227.6489,EMP88544,1,3601,Divorced,2020-09-20T23:37:00Z,Tacos,40-61,"[17.81, 78.26]",-0.948,RFC 3339,British Pound,765,10-92,UTF-8,1.096,28-71,-59.4758,-58.7566,-0.5238,34516-44-1,Edge,"[0.6511, 0.5805, 0.6593, 0.6548, 0.5277, 0.0824, 0.9854, 0.9796]",Young et al. (2026),,4270,7 days,35-99,_ga=2748831385.8614609,29.2563,6417.9744,45.4807,5.9702,5991.1871,raw.orders -> reports,9463893248917,"[-1.6065, 0.0677, -0.0635, 2.6283, 1.0124, 0.9437, 1.1159, 0.1898]",[INTERNAL] Q2 strategy review pending board approval,348.7,Check,"[1.2599, -2.0907, -1.2504, 1.3103, -0.8074, 1.3996, 1.4171, -0.4102]","12 2 * * 0,6",16.9912,213,HTTPS,sk_eV0nIq2gu2bA6GFoTDjdWTP945Se1Kmd,hr.employees,"[1.4352, -0.2198, -0.8722, -1.4357, -1.1363, -1.4191, -0.5647, 0.0506]","[-0.4307, 0.1598, 0.6494, -0.2003, 1.0312, 0.5185, -0.3855, -1.2012]",NO,69.3,53.38,Robinson et al. (2015),-0.5719,284,42.974,93.98,ft,-44.13%,-18.93%,age >= 18,3261,55232.8,"[0.3629, 0.2044, 0.228, 0.4265, 0.8861, 0.2422, 0.195, 0.907]",13.53,8132.9329,H2O,62.35,High,2019-02-07T12:10:27Z,E. coli,89.8,-0.8538,96.4082,0.7612,+81-XX-XXXX-XXXX,Divorced,6294.6142,/var/config/daily_629.csv,82.91,6VF60ONPUFF25LK7X,https://example.com/users/a7788796/profile,-2.94%,Figure 2: Timeline,21.055,C6H12O6
5909.0625,EMP76714,0,5683,Married,,Tacos,31-100,"[23.87, 60.51]",-0.9009,ISO 8601,Japanese Yen,2907,27-55,UTF-16,83.2696,26-79,-2.542,45.223,-0.5014,84355-62-8,Edge,"[0.0998, 0.1873, 0.2328, 0.0973, 0.2357, 0.8567, 0.1552, 0.7601]",Williams et al. (2023),2025-05-01T08:06:37Z,174,indefinite,0-90,_ga=0935662425.1000431,9.3157,5220.8504,7.2656,46.2576,5331.219,staging.orders -> reports,6661945953629,"[-0.0248, -3.2545, 0.1141, 0.0381, 0.5117, 1.6831, -0.2049, -1.4353]",[INTERNAL] Q4 strategy review pending board approval,370.6,PayPal,"[-1.9194, -0.1777, -0.1733, -3.8898, 0.1548, 0.2637, -1.3344, -0.8349]",43 20 * * 1-5,58.6498,419,HTTP,sk_CKDFzrbpr6KAQiHhXKDVqeEW6OFkZveb,analytics.events,"[1.3251, -0.9354, -1.4958, -0.1743, 0.0514, 0.9078, -1.3288, 0.5389]","[-0.2232, 0.5211, -0.7137, 0.3774, 0.3085, -0.35, -0.3612, -0.3758]",false,88.1,85.19,Clark et al. (2026),0.157,114,-63.5116,65.23,°F,-32.11%,30.85%,"status IN ('active','pending')",6735,69945.8,"[0.0242, 0.3978, 0.6093, 0.9736, 0.4743, 0.7044, 0.7427, 0.5458]",24.63,1219.5913,Homo sapiens,75.07,Critical,2022-06-28 12:13:30,NaCl,81.56,0.2878,33.7079,0.2854,+1-XXX-XXX-XXXX,Married,3298.4538,/var/exports/batch_512.json,82.11,EE975R4OHJSU4FDGL,https://example.com/users/8890697a/profile,34.16%,Figure 5: Comparison,7.2908,Homo sapiens
7881.1051,EMP75452,0,8619,Married,,Pizza,12-90,"[32.83, 70.38]",0.5395,IEEE 754,Swiss Franc,7931,4-59,ASCII,-93.369,12-100,80.5497,-97.3448,-0.0411,10928-64-9,Opera,"[0.3334, 0.05, 0.9554, 0.2453, 0.3862, 0.043, 0.7038, 0.8963]",Thompson et al. (2015),,9892,30 days,7-80,_ga=4003158983.4962919,41.0351,126.9783,9.6761,10.006,-14.4779,raw.events -> analytics,5161030976966,"[0.0533, 0.5633, 0.7734, -0.8041, 0.7974, -1.0806, -0.7751, -0.9002]",[INTERNAL] Q1 strategy review pending board approval,182.5,Cash,"[-2.193, 0.7994, -1.5138, 1.3226, -0.5, 0.5332, 0.0121, -0.7323]","7 18 * * 0,6",33.9402,204,SSH,sk_HAGmStlADurnavgsiMwSphk0KNAPDmSY,hr.employees,"[-1.0843, 0.9178, -1.9054, 1.2681, 0.5472, -0.2155, -1.2635, 1.3699]","[-0.0744, 0.4258, 0.3451, -0.2014, -0.0255, 0.9399, -0.1495, -0.5078]",false,17.0,61.98,Davis et al. (2004),0.624,729,48.4478,67.79,m,-18.17%,1.45%,amount <= 10000,5951,49461.2,"[0.4623, 0.8822, 0.2156, 0.5426, 0.4666, 0.8894, 0.7577, 0.2084]",66.67,-396.2768,E. coli,54.8,Low,2021-03-07 16:25:07,C6H12O6,6.17,0.3515,84.3161,-0.639,+81-XX-XXXX-XXXX,Single,2662.1205,/var/data/export_937.csv,19.57,VLB37FCMUVIY13EJK,https://example.com/users/4f290713/profile,32.17%,Figure 5: Comparison,39.099,E. coli
1152.0775,EMP81500,1,8928,Married,,Steak,10-76,"[10.54, 64.58]",0.9063,IEEE 754,US Dollar,5383,25-94,ASCII,-28.7797,13-100,-42.0076,-55.5297,0.5532,58168-76-3,Brave,"[0.2267, 0.8119, 0.2986, 0.8382, 0.0339, 0.635, 0.112, 0.0431]",Johnson et al. (2000),,5028,7 days,23-96,_ga=3289545268.3522157,45.47,8587.3061,47.2089,16.7614,1934.3477,staging.orders -> exports,8469953562297,"[-0.1599, 0.2518, 0.1546, -1.4678, 0.872, 0.0623, 0.3927, 1.0299]",[INTERNAL] Q4 strategy review pending board approval,45.5,Debit Card,"[-0.4728, -0.1662, -2.0065, -0.2444, -0.3298, 0.2798, -0.2927, 1.2802]","41 6 * * 0,6",32.3503,697,WebSocket,sk_Ad6RFKzkIs8Yk3E4SV0CdcKuBYEtnsK1,analytics.events,"[-1.1316, -0.854, 0.4186, 0.4437, 0.8319, 0.2609, 0.1221, -0.4453]","[0.6869, 0.7187, 0.6608, 0.0556, -0.49, 0.154, 0.157, -0.0582]",true,60.7,64.94,Lewis et al. (2015),-0.8847,42,35.7393,21.71,lb,-17.24%,36.59%,"status IN ('active','pending')",3673,18715.5,"[0.3228, 0.4295, 0.3519, 0.3971, 0.9592, 0.551, 0.6354, 0.1053]",65.18,-970.9957,NaCl,63.09,Medium,2026-05-27T06:31:44Z,Homo sapiens,40.96,0.1408,-19.9711,-0.8656,+81-XX-XXXX-XXXX,Widowed,-464.8543,/var/config/batch_862.xml,19.6,T1NI73XE800LZNIVE,https://example.com/users/cb132b32/profile,20.15%,Figure 16: Overview,1.2352,Fe2O3
6284.6254,EMP92695,0,2677,Married,2026-11-13T04:19:02Z,Pasta,1-94,"[29.34, 98.69]",0.7288,POSIX,Euro,6597,12-63,UTF-8,24.9929,31-95,2.2982,-13.136,-0.6591,20571-63-8,Firefox,"[0.3624, 0.2282, 0.7366, 0.9261, 0.3816, 0.7544, 0.5345, 0.4384]",Jackson et al. (2021),,948,30 days,38-64,_ga=6236479638.2049798,18.2034,7927.5118,12.3515,5.0162,1855.7199,curated.events -> exports,9555881844735,"[-1.8032, -0.3562, -0.0934, 1.0196, 0.1649, -1.141, 0.2398, 2.0277]",[INTERNAL] Q2 strategy review pending board approval,161.2,PayPal,"[0.4795, 0.9095, -0.0149, 0.8305, 0.5983, -1.0046, 1.3823, -1.2339]",55 8 * * *,47.6872,121,SMTP,sk_ez37y4HNrhL4mUohgADT3CtXDGZ3tXhx,sales.orders,"[1.0484, 0.3564, -1.4929, -1.8914, 0.4982, -1.3604, 0.107, -0.2162]","[0.5486, 0.8493, -0.5437, 1.0888, 0.0346, 0.45, -0.2395, -0.4995]",YES,52.9,76.68,Lee et al. (2025),-0.9553,318,8.8593,65.25,°C,3.53%,-15.42%,"status IN ('active','pending')",7979,65449.5,"[0.6905, 0.5381, 0.6105, 0.7723, 0.2979, 0.3044, 0.3514, 0.1467]",71.84,9296.4322,NaCl,98.78,High,2021-09-09T20:33:22Z,H2O,43.25,-0.7914,-72.2376,0.3699,+81-XX-XXXX-XXXX,Divorced,9473.9243,/var/exports/batch_985.yaml,11.35,HYTFMP68VTLTOV1QL,https://example.com/users/a853aff8/profile,44.17%,Figure 10: Distribution,46.0675,E. coli
8137.2713,EMP64652,1,3261,Widowed,,Curry,5-56,"[3.67, 81.44]",-0.261,RFC 3339,British Pound,410,4-80,UTF-16,-89.5586,4-91,24.8286,14.3849,-0.836,34454-57-5,Opera,"[0.2096, 0.7159, 0.0977, 0.7826, 0.3786, 0.5847, 0.5469, 0.0651]",Walker et al. (2000),2018-04-23T10:44:50Z,6052,7 days,18-89,_ga=5075129113.7975311,10.0739,5237.1844,33.3796,21.9018,3144.7828,staging.orders -> exports,8864307959486,"[0.2155, -0.3063, 1.4047, -0.0587, -0.4552, 0.7741, -0.3652, -0.7782]",[INTERNAL] Q1 strategy review pending board approval,63.7,Check,"[1.6448, -0.5052, -0.0135, -0.3804, 0.6832, -0.8877, 0.5186, -2.2737]",6 20 * * *,-60.2635,793,MQTT,sk_Fu0tyFh2V3Bkm7o9lt2uVT3m9DlTQ3re,public.users,"[0.7956, 0.5909, 0.0783, 2.322, 0.3486, -0.032, -2.5954, 0.9247]","[-0.9036, 0.2101, 0.1246, 0.4469, 0.391, -0.2744, 0.8597, 0.7719]",YES,61.1,15.85,Young et al. (2018),0.6429,309,50.1025,98.61,kg,5.53%,42.77%,"status IN ('active','pending')",8692,58840.8,"[0.405, 0.2043, 0.356, 0.694, 0.4466, 0.9021, 0.1168, 0.1687]",71.67,-194.3983,NaCl,97.95,Medium,2019-03-18 10:35:33,H2O,56.63,-0.3806,-20.327,-0.6361,+81-XX-XXXX-XXXX,Divorced,1209.5409,/var/exports/export_120.xml,77.73,61Y6IHXCMK0JM9INP,https://example.com/users/85f14dc1/profile,-23.7%,Figure 17: Distribution,43.0941,NaCl
6045.9925,EMP39306,0,8452,Single,2022-02-22 17:29:28,Salad,0-69,"[4.4, 77.57]",-0.61,W3C Date,US Dollar,7262,21-96,Latin-1,65.0763,14-68,97.038,-84.6637,0.4,80059-52-8,Chrome,"[0.7088, 0.5588, 0.8036, 0.9535, 0.7922, 0.3726, 0.253, 0.1209]",Lee et al. (2001),,4716,7 days,6-65,_ga=4679764378.7394726,40.0125,1614.6678,29.4247,18.7652,5695.174,raw.users -> analytics,2125339973807,"[2.1563, 0.1201, -0.9697, 0.5259, -0.3036, -0.3597, 0.6304, 0.9145]",[INTERNAL] Q1 strategy review pending board approval,74.2,PayPal,"[-0.0556, -0.9115, 0.61, 0.0909, 0.5249, 0.1184, 0.0871, 1.7646]","25 17 * * 0,6",28.2682,226,gRPC,sk_jhMPWbREOnLnuYAUgmC6oJ9cVYBiyV6q,public.users,"[1.4236, -0.4884, 1.7003, 0.6445, 1.2911, 0.9175, 2.2762, 0.7996]","[-0.192, -0.3902, -1.0648, -0.1996, 0.3904, 0.2981, 0.41, 0.9467]",false,84.2,52.35,Moore et al. (2018),-0.27,133,4.154,79.93,°C,7.55%,7.61%,amount <= 10000,8184,31519.6,"[0.396, 0.5372, 0.8826, 0.4116, 0.815, 0.7923, 0.2834, 0.0043]",98.97,1071.9568,Homo sapiens,18.88,High,2024-06-14T03:53:35Z,H2O,69.62,0.868,-64.0955,-0.8938,+44-XXXX-XXXXXX,Single,5265.5213,/var/uploads/daily_224.json,38.26,7PLMF0TDF1N3U3V7T,https://example.com/users/d69ae834/profile,12.9%,Figure 8: Overview,22.3484,H2O
8091.6158,EMP91280,1,7655,Married,2026-10-07 01:02:05,Pasta,25-53,"[22.75, 86.82]",0.2339,RFC 3339,Euro,7567,18-76,UTF-8,-40.3024,40-64,-60.7699,6.56,-0.1517,51407-24-3,Opera,"[0.5033, 0.843, 0.0363, 0.9261, 0.6001, 0.8202, 0.6834, 0.9752]",Smith et al. (2007),2021-07-25T00:07:48Z,8527,30 days,3-59,_ga=8259760092.7488626,19.6452,4504.3694,1.2787,14.0158,1175.7107,raw.events -> reports,1283296516202,"[-0.3646, -0.8922, -0.4973, 0.1244, 1.2376, 0.3865, -0.9256, -1.9568]",[INTERNAL] Q4 strategy review pending board approval,303.1,ACH,"[3.1997, -0.2597, 1.0697, -0.7597, -0.0694, -1.9332, -1.0669, 0.2301]",8 9 * * *,39.9099,331,SSH,sk_47mOUY2NMpDuyiKOHnuNDvWrCPcelfbT,public.users,"[0.8962, -0.1029, 0.5742, -0.7468, -0.303, 1.0365, 0.61, -0.9996]","[0.1714, -0.1656, 0.0003, -0.0176, -0.3116, -0.1195, 0.8024, 0.1421]",NO,85.4,15.59,Young et al. (2021),0.9188,944,-85.6639,34.71,lb,16.62%,3.71%,amount <= 10000,634,22972.5,"[0.0057, 0.6885, 0.1222, 0.5743, 0.7294, 0.6376, 0.9805, 0.6301]",68.6,4388.2902,E. coli,60.13,Medium,2026-05-09 13:45:57,Fe2O3,40.29,-0.4013,-49.3757,-0.6172,+81-XX-XXXX-XXXX,Single,4334.791,/var/config/batch_117.log,51.46,JQZ5HESYVZ1TKHHXQ,https://example.com/users/e86c1563/profile,-18.32%,Figure 5: Timeline,1.313,C6H12O6
226.5816,EMP98360,1,4439,Single,,Sushi,41-99,"[17.24, 93.29]",-0.9105,IEEE 754,Swiss Franc,3774,40-58,ISO-8859-1,68.7992,5-90,30.5006,62.2897,0.9234,53589-31-4,Brave,"[0.5766, 0.9589, 0.0362, 0.1505, 0.1853, 0.1444, 0.4433, 0.9022]",King et al. (2021),,3016,7 days,7-57,_ga=5526348451.6558509,25.0939,9104.9907,34.4554,45.4823,6866.5929,staging.orders -> exports,6053039666667,"[0.3192, 1.1765, 1.4214, 0.5204, -1.0991, 0.253, -0.8605, 0.7682]",[INTERNAL] Q2 strategy review pending board approval,171.5,Credit Card,"[1.0365, 0.4784, -0.4367, 2.7888, 0.264, 0.9433, 1.0446, -0.9994]",1 13 * * *,-89.2762,377,SSH,sk_2YbngjRgSgufxARcaYbgbIAASKyfG0ie,hr.employees,"[0.7849, -0.2053, -0.8749, 1.2325, -0.9572, -0.6005, -0.7643, 0.3219]","[-0.3324, 0.1143, 0.4022, 0.0148, -0.6763, -0.2631, -0.8579, -0.6691]",YES,78.6,54.7,Wright et al. (2022),0.3125,926,-34.0761,61.24,°F,17.49%,37.08%,age >= 18,5632,36589.7,"[0.7091, 0.297, 0.3547, 0.5026, 0.0118, 0.6, 0.9549, 0.1681]",95.99,8341.6725,C6H12O6,75.56,Medium,2026-06-26T10:40:24Z,Fe2O3,8.21,-0.1519,78.1406,-0.6474,+44-XXXX-XXXXXX,Divorced,2226.6753,/var/logs/daily_724.yaml,44.49,B66RZ9AXKDZF7KCBJ,https://example.com/users/b6584b12/profile,19.73%,Figure 13: Timeline,32.5774,C6H12O6
3792.4325,EMP63592,1,8258,Widowed,2022-04-22 00:08:53,Pizza,49-76,"[2.31, 96.55]",-0.3553,W3C Date,Euro,9268,39-90,ASCII,-67.4799,17-55,-19.7254,-69.5674,0.3826,31589-93-8,Edge,"[0.6556, 0.2472, 0.2188, 0.519, 0.2243, 0.5177, 0.6818, 0.2844]",Anderson et al. (2022),,3126,indefinite,45-87,_ga=6808255394.9825017,25.316,3836.4929,16.3553,27.6753,1142.9478,staging.orders -> exports,2789153841757,"[0.8221, -0.3348, -0.7528, 0.4589, -1.781, -0.6024, -0.2312, -1.163]",[INTERNAL] Q1 strategy review pending board approval,227.8,PayPal,"[1.0285, 0.4884, 1.1104, 1.3222, 0.5958, -0.1269, 0.0309, -0.1285]",34 13 * * 1-5,53.8108,522,HTTP,sk_BB01TVe3ZWvXSsBuQWZ5todYMS1Z1wol,sales.orders,"[0.524, 1.7016, -0.571, 0.7279, 1.0883, -0.585, 1.4034, -0.046]","[0.0823, -0.2296, 0.7604, -0.3254, -0.4489, -0.1496, 0.4732, -0.2254]",true,6.2,30.48,Walker et al. (2003),0.2391,205,-25.0948,91.42,L,-41.33%,30.29%,NOT NULL,3394,6103.7,"[0.2596, 0.1547, 0.9988, 0.8732, 0.7498, 0.5439, 0.8831, 0.8211]",31.73,9606.6385,Homo sapiens,98.38,Info,2023-04-26 23:01:47,Homo sapiens,6.62,0.1494,83.5563,0.086,+81-XX-XXXX-XXXX,Married,-526.9946,/var/uploads/batch_790.parquet,48.72,DVETAB8TVII0IM8DH,https://example.com/users/4fe39f1a/profile,13.55%,Figure 5: Comparison,34.7483,Homo sapiens
3725.4604,EMP18399,0,7550,Single,,Steak,30-79,"[37.06, 86.47]",0.5405,W3C Date,Japanese Yen,2931,18-69,ASCII,-36.3038,4-60,8.8819,58.6329,0.8277,91937-46-9,Brave,"[0.4622, 0.6682, 0.0864, 0.3031, 0.1825, 0.1012, 0.3098, 0.9017]",Walker et al. (2020),,492,7 years,32-100,_ga=1858641596.5673842,10.2661,8625.398,38.8061,46.7852,8542.4383,raw.events -> reports,1647413774769,"[-2.3461, 0.6428, -0.3599, -0.5456, 1.4248, 0.4876, 0.1153, -0.303]",[INTERNAL] Q4 strategy review pending board approval,95.8,ACH,"[0.3053, 0.3191, 0.9435, -1.5783, 0.5136, -0.5812, 0.2805, -0.496]",33 18 * * *,-33.8121,981,gRPC,sk_tFZ7worqIzUB8FOz0jiC8OcQ9ugnGtc3,public.users,"[-1.4115, -1.2184, 0.4642, -0.2614, -0.1241, 0.8565, 0.7016, 1.5601]","[0.0927, -0.8667, -0.4703, 0.6443, -0.7845, -0.3789, 0.1435, -0.1552]",NO,9.1,63.23,Taylor et al. (2015),-0.1275,764,-51.9992,81.86,lb,29.01%,23.59%,"status IN ('active','pending')",4929,47107.6,"[0.622, 0.7429, 0.1865, 0.8114, 0.6397, 0.8873, 0.1281, 0.8086]",35.96,5431.0617,E. coli,45.7,Low,2020-07-19 04:26:47,Fe2O3,37.95,0.6716,27.0415,-0.1379,+1-XXX-XXX-XXXX,Single,8188.3062,/var/config/export_853.parquet,95.07,ZK4I63PFLBUXPFX5X,https://example.com/users/5ba8ab1a/profile,-0.78%,Figure 12: Overview,42.452,E. coli
794.2803,EMP33571,0,3411,Single,2019-11-19T02:47:05Z,Steak,36-67,"[17.37, 74.9]",0.7466,RFC 3339,US Dollar,8719,36-97,UTF-8,-41.7601,35-77,28.8796,10.8028,0.0402,16963-65-7,Opera,"[0.9862, 0.427, 0.007, 0.7111, 0.5738, 0.6328, 0.6461, 0.1473]",Anderson et al. (2005),,9523,7 years,34-78,_ga=5757861484.6746690,13.681,3212.3415,15.6254,22.3039,7011.3807,curated.users -> reports,5396573112324,"[-0.6346, 0.6554, -0.0225, 0.0835, 0.1616, 1.6597, -0.243, 0.2264]",[INTERNAL] Q3 strategy review pending board approval,415.6,Credit Card,"[-0.3914, 0.5092, 1.2074, -0.2149, 1.6862, -1.0547, 0.0866, 0.2502]",54 20 * * 1-5,-96.7564,632,gRPC,sk_0yvqBufyruZbaotKtECpmsarHczYzWpM,sales.orders,"[-1.8357, -0.3698, -0.3509, 0.424, 1.0481, 0.7213, -0.2533, -0.1613]","[0.7595, 0.1685, -0.3744, 0.1585, 0.3727, 0.0857, -0.062, -0.0362]",YES,66.6,13.81,Moore et al. (2016),0.8853,211,98.3566,3.03,L,-42.58%,8.51%,amount <= 10000,790,39245.3,"[0.0268, 0.6171, 0.4067, 0.1909, 0.8945, 0.6431, 0.6618, 0.326]",47.03,2729.0691,Homo sapiens,21.78,Medium,2026-02-12T22:58:20Z,NaCl,36.58,0.836,-89.0022,-0.6965,+44-XXXX-XXXXXX,Divorced,4225.8429,/var/logs/batch_622.csv,79.53,VBWP2RQSOG5ZN482O,https://example.com/users/b42db008/profile,-23.19%,Figure 19: Comparison,25.8088,H2O
6455.1504,EMP22583,1,7008,Single,2022-12-28T08:34:23Z,Curry,21-69,"[8.93, 79.3]",0.7311,W3C Date,Swiss Franc,2178,2-86,Latin-1,-50.8259,11-98,-53.0271,9.4507,-0.8525,2469-83-3,Edge,"[0.1954, 0.7639, 0.6951, 0.7636, 0.2729, 0.3131, 0.7016, 0.2029]",Young et al. (2016),2022-09-08 05:03:02,593,indefinite,15-93,_ga=0545773156.5629131,29.5944,1720.1172,35.8219,17.0593,3878.0846,raw.events -> reports,5956077442851,"[-2.152, 0.6177, -0.7679, -1.1483, 1.1243, 0.6382, 0.5908, -0.5662]",[INTERNAL] Q3 strategy review pending board approval,263.8,PayPal,"[-0.4274, -1.4694, -1.0053, 0.4946, -0.2019, 0.6688, -1.1423, 0.1911]",35 13 * * *,56.0177,723,WebSocket,sk_6i8KRSh0Bj0wQcqSPjeUS2sXR1HAYufi,sales.orders,"[-1.5809, 0.1754, -0.8776, 0.9355, -0.8577, 0.4768, -2.2047, 0.1703]","[-0.0867, -1.2171, 0.2296, -0.0947, 0.1687, -0.2509, -0.4276, -0.1679]",YES,48.1,5.89,Brown et al. (2009),0.8684,486,64.1954,64.98,m,17.67%,14.24%,amount <= 10000,8061,12974.1,"[0.2641, 0.0843, 0.6101, 0.1712, 0.1882, 0.7865, 0.1714, 0.9003]",13.35,3054.3582,Homo sapiens,65.79,Critical,2019-01-03 05:15:44,E. coli,11.75,-0.2044,60.7778,0.9088,+1-XXX-XXX-XXXX,Married,3115.0633,/var/data/export_964.yaml,69.86,FF0DE8MXB9QGJPSVN,https://example.com/users/7eb6a9dd/profile,37.12%,Figure 16: Overview,11.6547,H2O
9333.1802,EMP73097,0,5657,Married,,Pasta,0-74,"[34.76, 66.73]",0.1309,RFC 3339,US Dollar,1978,22-97,ISO-8859-1,19.4629,35-67,10.8076,42.3887,0.5954,46594-63-3,Opera,"[0.9395, 0.4591, 0.6266, 0.8104, 0.4398, 0.3208, 0.1835, 0.6201]",Walker et al. (2014),2021-06-13T14:52:33Z,2908,1 year,25-53,_ga=9463782726.6850070,11.1649,6038.4222,27.41,22.9825,4262.9134,raw.events -> exports,0880153491357,"[0.2316, -0.4758, -0.1398, 0.9951, 0.7049, -0.1574, -0.5755, 1.3096]",[INTERNAL] Q3 strategy review pending board approval,447.1,Credit Card,"[-0.6717, -1.7089, 2.147, -0.1595, -0.3455, -0.4532, 0.1266, 1.1273]","14 7 * * 0,6",-23.064,651,SMTP,sk_4nThvkndagRtuBcA2pQaRD1vKNx4Kf9a,hr.employees,"[0.4292, 0.6217, 0.2342, -1.8748, -1.2793, 1.8466, -0.5876, -0.1811]","[-0.4432, -0.4331, 0.3904, -0.0484, 0.1315, 0.6365, -0.3936, -0.3907]",false,79.5,61.94,Thomas et al. (2002),0.3298,882,28.8689,81.57,L,23.91%,6.42%,NOT NULL,9406,73665.7,"[0.9446, 0.3604, 0.2299, 0.3602, 0.5964, 0.2875, 0.5356, 0.9601]",53.74,5820.0993,Fe2O3,46.23,High,2024-10-17 18:31:19,H2O,80.97,-0.2175,10.0566,-0.687,+81-XX-XXXX-XXXX,Single,6998.2342,/var/data/batch_914.yaml,24.97,K4JS66SEP2Z7N367M,https://example.com/users/57fcbe07/profile,15.8%,Figure 16: Distribution,36.4681,NaCl
2862.5546,EMP55576,0,3112,Widowed,,Pasta,30-68,"[0.55, 86.02]",-0.3986,IEEE 754,Swiss Franc,3710,45-84,UTF-16,-20.6065,26-84,-67.0007,-15.9019,0.645,99603-39-4,Edge,"[0.4804, 0.2565, 0.5475, 0.1458, 0.8414, 0.5403, 0.4914, 0.3414]",Moore et al. (2020),2025-08-04 13:55:45,543,7 days,39-95,_ga=5502152103.5147187,18.064,672.6705,0.4072,46.6964,2675.2224,raw.events -> reports,0784132542200,"[0.5599, -0.2638, 0.5208, 1.6493, 0.8492, 0.435, -0.0463, -0.1024]",[INTERNAL] Q1 strategy review pending board approval,136.5,ACH,"[-0.6001, 0.3312, 0.223, 0.9755, -0.6537, -0.3981, -0.4653, -0.4532]",32 8 * * *,-67.5339,378,FTP,sk_PVR8d7JAh0cltYUrzD4R2Kc0Ozvgxmwy,hr.employees,"[-0.452, -0.1594, 0.5317, 1.3855, 1.0902, 1.1431, 0.5051, 1.0415]","[-0.131, -0.3691, -0.7986, -0.4044, -0.7881, 0.0838, 0.4809, 0.4646]",YES,85.9,23.79,Brown et al. (2020),-0.1852,592,81.5827,65.82,L,36.55%,-23.49%,"status IN ('active','pending')",6078,26564.4,"[0.535, 0.9586, 0.9572, 0.0332, 0.9113, 0.7651, 0.4726, 0.5554]",62.3,2447.9842,NaCl,97.99,High,2026-09-06 01:17:49,H2O,13.43,-0.4115,49.771,-0.7189,+81-XX-XXXX-XXXX,Married,5406.9371,/var/logs/daily_610.xml,4.62,UUG3FL7H2HSI96PY8,https://example.com/users/97607b45/profile,-22.6%,Figure 6: Distribution,12.3776,Fe2O3
7507.7768,EMP14413,0,2715,Widowed,,Sushi,38-84,"[8.99, 66.56]",-0.1354,IEEE 754,US Dollar,1567,49-99,ISO-8859-1,-63.3388,7-79,-7.5886,-66.0675,0.1807,25237-97-4,Edge,"[0.4492, 0.1286, 0.2388, 0.6449, 0.0287, 0.6825, 0.8826, 0.281]",Clark et al. (2015),,839,indefinite,23-63,_ga=0292387496.8413620,1.4948,9851.8711,0.9046,12.8109,1052.6385,raw.events -> analytics,8804771607543,"[-0.0794, 0.192, 1.688, -0.6368, 0.0907, 1.0498, 1.2308, 2.1597]",[INTERNAL] Q3 strategy review pending board approval,79.0,Wire Transfer,"[-0.1596, -0.38, -0.5842, 0.4049, -0.4925, 1.968, -0.0839, -0.6126]","56 20 * * 0,6",65.2402,357,MQTT,sk_b8wP2N7f0wmvgaYzz5cMAf2FyFLl8qdW,analytics.events,"[1.0697, 0.517, -1.3143, 0.7269, 0.3147, 0.4585, 1.5214, -1.0734]","[-0.0516, 0.5163, 0.282, -1.3075, -1.4596, 0.1182, -0.1251, 0.2294]",NO,68.9,1.53,Rodriguez et al. (2012),-0.0551,148,-70.1962,29.19,ft,30.78%,-10.1%,NOT NULL,4684,99871.6,"[0.0542, 0.9547, 0.265, 0.3686, 0.5819, 0.6077, 0.4706, 0.2168]",12.12,4814.4462,Fe2O3,47.65,Critical,2024-07-13 03:53:57,H2O,11.09,0.2836,-2.0976,-0.5268,+44-XXXX-XXXXXX,Married,6273.1271,/var/data/export_867.yaml,85.01,ZSNN0XW4AJ5TQ5NON,https://example.com/users/4d77afc6/profile,46.79%,Figure 11: Timeline,24.5976,NaCl
2660.2063,EMP61079,0,1019,Married,,Tacos,36-75,"[30.39, 67.64]",0.042,POSIX,British Pound,7150,35-64,Latin-1,31.4392,3-89,33.0615,-9.1181,-0.8304,86552-55-9,Brave,"[0.9684, 0.8741, 0.0483, 0.8694, 0.4573, 0.0454, 0.0099, 0.8902]",Walker et al. (2011),,9320,7 days,15-57,_ga=7361825522.5081707,49.1275,7678.7838,24.6239,17.7578,4074.5111,staging.users -> exports,7298318485588,"[-0.6452, -0.2878, 0.7243, 0.6903, 0.8341, -0.5549, -0.6227, 1.0937]",[INTERNAL] Q4 strategy review pending board approval,230.8,Wire Transfer,"[-1.3493, 0.1632, 0.3356, 0.1301, 0.3947, 0.4322, -0.5169, 0.0925]",18 1 * * *,70.0563,732,SSH,sk_ROIHkjhv3H2U8gUVdLXkmkMHXewHeC4I,sales.orders,"[0.1905, 0.3135, -0.422, -0.4584, -0.1888, -0.5603, 0.6742, 0.6311]","[-0.3221, -0.1303, -0.2827, 0.2646, -0.2938, 0.1365, 0.1482, -0.2254]",true,88.7,94.5,Harris et al. (2001),0.8062,951,-75.6251,89.45,°C,-21.35%,46.22%,NOT NULL,2479,92254.2,"[0.6033, 0.2782, 0.607, 0.0848, 0.3382, 0.0095, 0.2677, 0.3318]",69.76,5578.3,NaCl,8.43,Info,2021-01-04 20:17:25,Fe2O3,94.99,0.3831,1.9824,0.2886,+81-XX-XXXX-XXXX,Widowed,8872.7849,/var/data/daily_7.parquet,52.11,89BH9Y0YBV5CJZFA5,https://example.com/users/78b1f5c6/profile,-4.38%,Figure 19: Timeline,31.9508,H2O
3324.6506,EMP21479,1,5948,Married,,Curry,22-95,"[37.38, 79.3]",0.2456,ISO 8601,Swiss Franc,3298,26-91,ASCII,72.4225,36-70,13.3367,-35.5012,-0.2095,38277-38-4,Brave,"[0.4339, 0.2461, 0.7708, 0.8327, 0.7263, 0.2624, 0.0458, 0.5348]",Jackson et al. (2009),,8881,indefinite,13-73,_ga=2562605287.5163286,4.3317,2182.5876,40.7455,45.1803,8283.6192,staging.events -> exports,4427583514384,"[0.4627, -0.1456, -1.008, 0.9902, -1.2586, -0.0985, 0.1005, -0.8412]",[INTERNAL] Q1 strategy review pending board approval,418.2,PayPal,"[-1.6041, 1.3876, -0.5719, 1.0967, 0.3643, -1.7214, 0.92, -0.182]",27 15 * * 1-5,80.4712,465,MQTT,sk_Rffjf1uD3hKo6cS9S3tShluSebD6pq1Q,hr.employees,"[-2.1597, -0.2142, -1.1119, 0.7792, -0.521, 0.3529, 0.6143, 0.8207]","[0.3974, -0.3093, 0.0036, 0.4709, 0.0343, -0.0059, 0.1548, 0.2796]",false,46.6,37.58,Martinez et al. (2020),-0.2786,314,-98.4132,75.49,lb,3.81%,-28.65%,"status IN ('active','pending')",2475,28976.8,"[0.8972, 0.6609, 0.1229, 0.0787, 0.0962, 0.162, 0.5111, 0.6348]",50.14,3531.8211,C6H12O6,19.88,Info,2026-01-26 21:21:55,C6H12O6,82.51,0.5162,79.352,0.8078,+44-XXXX-XXXXXX,Single,394.3412,/var/exports/daily_810.csv,96.54,C8L52VCK9KFLMLRMW,https://example.com/users/657e6767/profile,-16.44%,Figure 1: Timeline,0.1214,C6H12O6
8191.0784,EMP94903,1,6994,Widowed,,Pizza,48-84,"[7.99, 75.7]",-0.2986,ISO 8601,Swiss Franc,8853,49-80,ISO-8859-1,-46.8886,31-79,84.7892,99.156,0.0261,91958-79-3,Safari,"[0.695, 0.3365, 0.377, 0.1881, 0.8498, 0.4204, 0.0227, 0.6524]",Wright et al. (2024),2022-05-10T22:22:55Z,8923,30 days,3-63,_ga=0535073042.4570048,7.5555,-829.4155,23.3405,2.8671,6384.6098,raw.users -> exports,2689658171047,"[-1.1351, 0.2077, -0.4521, -0.5808, -0.4289, -1.4287, 0.732, -0.5004]",[INTERNAL] Q4 strategy review pending board approval,60.7,Debit Card,"[-0.4637, 0.7619, -0.0524, 0.9009, -1.4231, -1.1899, 0.0057, -0.3282]",20 18 * * *,-2.0213,645,HTTPS,sk_AihL4W5CzVkSesbe3kXskmSOmlDwmlDb,sales.orders,"[-1.0841, 0.2839, -1.1673, -0.8973, 0.3068, -1.5508, -0.4652, -0.4341]","[-0.3494, -0.3211, -0.2123, 1.2324, 0.4953, -0.5502, -0.1426, -0.1846]",false,90.4,98.98,Thomas et al. (2014),-0.1863,387,-36.3239,20.88,L,14.31%,5.65%,age >= 18,4839,24608.2,"[0.4491, 0.9652, 0.0598, 0.1436, 0.7495, 0.4124, 0.037, 0.7495]",99.42,3136.8424,E. coli,7.08,High,2021-08-23 00:33:24,Fe2O3,70.98,0.9681,-89.2375,-0.1872,+1-XXX-XXX-XXXX,Divorced,9921.2177,/var/tmp/daily_450.parquet,20.41,7492GH53XHHP0FIOV,https://example.com/users/29adf13b/profile,16.4%,Figure 7: Overview,19.5923,NaCl
3775.1007,EMP83288,0,6979,Widowed,,Curry,22-75,"[24.06, 71.63]",-0.2227,RFC 3339,Japanese Yen,536,0-92,ASCII,-41.6366,5-71,28.029,-59.5089,-0.1262,36970-67-4,Brave,"[0.0115, 0.5354, 0.4384, 0.541, 0.7102, 0.7611, 0.1255, 0.5692]",Lee et al. (2006),,9179,1 year,30-85,_ga=1692399326.1502923,37.7168,7444.9475,33.262,22.0778,3428.8151,staging.users -> analytics,6368226343428,"[-0.4966, -0.2268, -0.0077, 0.1613, 0.0981, -1.0887, 2.2237, -0.3494]",[INTERNAL] Q3 strategy review pending board approval,448.2,Check,"[-0.0164, -0.7392, 2.127, 0.4812, -0.169, -0.4795, -0.062, 2.0653]","25 11 * * 0,6",17.6545,545,SMTP,sk_RcHGFhqcMTJDkju8egwI9niSUOZtBaQl,analytics.events,"[1.1422, -0.7608, 0.545, -0.4378, -0.0593, -0.4961, 0.604, 0.1977]","[-0.0375, 0.1396, 0.1931, -0.1358, -0.0533, 0.393, 0.5952, -0.5072]",YES,5.9,58.61,Garcia et al. (2007),-0.8501,129,-27.0628,52.78,lb,-43.98%,1.99%,"status IN ('active','pending')",6914,72411.9,"[0.57, 0.6041, 0.6897, 0.723, 0.6058, 0.9013, 0.7495, 0.7375]",4.98,117.3416,H2O,61.12,Medium,2024-03-09T09:56:49Z,NaCl,95.33,0.7371,-73.7476,0.6864,+1-XXX-XXX-XXXX,Widowed,1986.923,/var/data/export_183.json,27.01,U9B5OY8UZJ1IW8U8H,https://example.com/users/76f837f0/profile,-25.83%,Figure 4: Distribution,1.2383,H2O
126.3948,EMP98993,1,3375,Divorced,,Salad,4-60,"[30.73, 98.79]",-0.0807,ISO 8601,Japanese Yen,8145,42-64,UTF-8,97.6851,25-63,-19.2483,-44.3655,-0.4395,10985-86-7,Chrome,"[0.9829, 0.918, 0.4418, 0.4565, 0.5978, 0.8755, 0.2474, 0.6499]",Garcia et al. (2020),,5335,7 years,26-95,_ga=9116667917.4268300,28.3671,5229.1447,9.5739,13.0991,1645.7279,curated.orders -> analytics,7068849978387,"[-0.5474, 0.4462, -0.9345, 0.3147, -0.1267, -0.0803, 0.5769, -0.2939]",[INTERNAL] Q3 strategy review pending board approval,75.2,Wire Transfer,"[-0.0627, -0.5541, 0.4949, -1.7258, -0.2837, -0.2904, -1.8198, 1.499]",34 3 * * *,7.1548,509,HTTP,sk_SUycbcAQkQ7GATGQqEethanEQDxKm6kK,analytics.events,"[-0.1864, 1.9929, 2.2573, 0.5157, 0.0127, -1.7419, 0.9278, 0.1591]","[0.2735, -0.1846, 0.5223, 0.0877, -0.5425, 0.5305, 0.9816, -0.7778]",false,38.3,56.07,Lee et al. (2000),-0.8297,255,-29.8006,32.9,L,43.64%,32.71%,"status IN ('active','pending')",2112,80087.2,"[0.1264, 0.0291, 0.8344, 0.457, 0.0864, 0.1246, 0.8556, 0.953]",22.13,4878.2938,C6H12O6,11.34,Low,2022-01-12T21:25:19Z,Fe2O3,4.0,-0.2633,-93.6305,-0.089,+81-XX-XXXX-XXXX,Single,7722.2835,/var/exports/daily_186.csv,11.14,MWV7A12HMPEGWYFQJ,https://example.com/users/8cd39df4/profile,-21.77%,Figure 19: Timeline,11.2025,E. coli
9199.769,EMP31947,1,8042,Divorced,2021-01-24 08:34:06,Steak,23-71,"[5.79, 84.75]",0.1009,W3C Date,Japanese Yen,6319,36-51,ASCII,-80.6642,32-100,-11.0853,20.6498,0.7934,91381-18-6,Opera,"[0.4675, 0.2589, 0.396, 0.7133, 0.8962, 0.3827, 0.4135, 0.7112]",Williams et al. (2019),2025-09-16 16:08:49,5512,indefinite,38-53,_ga=9070072685.4966850,41.2944,3291.4677,46.5541,41.1473,4542.6574,staging.users -> reports,3827507452237,"[0.0676, 1.6435, -1.1191, 1.0362, 0.7227, -0.2217, -0.0643, -0.294]",[INTERNAL] Q2 strategy review pending board approval,403.4,Credit Card,"[-1.2022, 0.2859, -1.0261, -0.2814, 0.5914, -0.4763, -1.0526, -0.8264]","57 9 * * 0,6",-69.1442,474,SSH,sk_9RjKcTfWeYha0lLBtbPDr0bkHKOFwJzc,public.users,"[0.5458, -0.4824, -0.5109, 0.7704, -0.3262, 0.3688, -0.385, 0.7389]","[-0.3681, 0.774, 0.3101, 1.2815, 0.1196, -0.3246, 0.1647, 0.2221]",true,14.7,53.89,Thomas et al. (2007),0.5234,588,3.2824,27.02,lb,26.63%,22.06%,age >= 18,8216,60967.8,"[0.8538, 0.3901, 0.0328, 0.3736, 0.0395, 0.5931, 0.0676, 0.6866]",27.46,4698.5159,NaCl,29.53,High,2025-12-03 02:13:42,NaCl,99.0,0.7169,-92.3241,-0.2843,+44-XXXX-XXXXXX,Married,152.8676,/var/logs/daily_6.yaml,69.94,4HAX20ZIOKQE2TGZG,https://example.com/users/bc7774c2/profile,2.82%,Figure 16: Comparison,40.2546,E. coli
3701.5561,EMP75691,1,6117,Widowed,,Steak,27-84,"[27.71, 78.2]",0.4752,RFC 3339,British Pound,4258,17-80,ASCII,-0.0374,10-55,-57.9042,4.932,-0.9093,93270-61-7,Opera,"[0.2428, 0.6805, 0.4871, 0.499, 0.8809, 0.7905, 0.9187, 0.2802]",Miller et al. (2010),,6396,7 years,27-68,_ga=4798180163.3502144,37.4011,-467.4037,1.2669,7.9859,-839.3381,staging.events -> reports,6325406028827,"[-0.6928, 0.7673, -2.2486, 1.191, 0.2969, 0.7845, -0.582, -0.4365]",[INTERNAL] Q1 strategy review pending board approval,272.0,ACH,"[1.9771, 0.2085, -1.0906, 0.208, -0.8978, -0.3875, 0.2052, 1.0576]",19 11 * * 1-5,-55.8512,606,SSH,sk_zdy5CwIDg3HVlaQfcKucL0dqWnEV4aaW,hr.employees,"[0.4818, -0.7915, -0.4158, -0.2116, 0.0099, -0.2504, 1.684, 2.1958]","[1.1281, 0.3836, -0.5056, 0.3449, 0.1526, 0.0944, 0.0374, -0.4614]",NO,87.0,69.12,Johnson et al. (2025),0.0898,67,-20.6052,68.65,°C,39.22%,17.71%,age >= 18,1627,84330.9,"[0.6606, 0.3387, 0.1031, 0.6054, 0.1159, 0.6367, 0.997, 0.2463]",48.5,3982.771,E. coli,12.4,Low,2023-08-23 10:54:57,E. coli,32.06,-0.7344,9.9629,0.5409,+44-XXXX-XXXXXX,Divorced,6249.6055,/var/logs/batch_829.json,5.55,32AKJYU01QLXDF9GB,https://example.com/users/ebd58b5b/profile,43.21%,Figure 14: Distribution,14.9021,E. coli
4351.2218,EMP71909,0,3667,Single,2020-04-28T17:12:20Z,Steak,18-57,"[0.33, 95.5]",0.2124,IEEE 754,Swiss Franc,3445,18-78,Latin-1,-2.7912,28-81,32.3268,-11.4974,0.158,70429-46-2,Brave,"[0.1413, 0.1892, 0.2139, 0.652, 0.5139, 0.2122, 0.8481, 0.6592]",Garcia et al. (2014),,8071,indefinite,14-86,_ga=1148934810.6953778,13.981,3061.9377,47.4217,23.8041,5763.4702,curated.events -> exports,5814663978341,"[1.0168, 1.728, 1.2841, 0.6466, -0.4573, 1.1693, -0.5798, 0.825]",[INTERNAL] Q2 strategy review pending board approval,466.2,Cash,"[0.6187, -1.1817, -1.0114, -1.6272, -0.5853, 1.7409, -0.2731, -1.3822]",7 17 * * 1-5,-52.2197,591,gRPC,sk_DhfxMK1JTUHcLxWPTBi3Ik86hGSAFNPC,hr.employees,"[2.2665, 1.1817, 1.075, -0.0592, 1.1182, 1.404, 0.1357, -0.0594]","[-0.532, 0.0946, -0.4342, 0.159, -0.7567, 0.5631, -0.9213, 0.5195]",false,76.1,11.89,Martin et al. (2007),-0.9159,77,-57.4008,38.39,ft,26.43%,-18.57%,amount <= 10000,7089,29372.4,"[0.9271, 0.8898, 0.2264, 0.5503, 0.8588, 0.3055, 0.8682, 0.8156]",74.9,5528.5718,H2O,49.1,Medium,2019-09-20T17:42:01Z,H2O,79.95,-0.4058,-47.005,-0.4101,+44-XXXX-XXXXXX,Single,3692.7592,/var/config/batch_217.csv,87.08,U66YCEH3L435V5OHI,https://example.com/users/bca341df/profile,-43.69%,Figure 7: Comparison,25.4167,Homo sapiens
6683.45,EMP81721,0,9862,Divorced,,Pizza,3-74,"[6.45, 71.37]",0.6067,W3C Date,Swiss Franc,2927,21-55,ISO-8859-1,18.5744,15-92,77.2992,-80.9568,-0.6134,90328-50-6,Brave,"[0.8169, 0.4933, 0.1254, 0.3829, 0.2534, 0.7841, 0.69, 0.9029]",King et al. (2007),,6478,7 days,10-56,_ga=2214373250.1896201,11.3619,2567.3133,31.2287,46.0028,7431.718,raw.events -> analytics,6227554615736,"[-0.9178, 0.5082, 1.258, 0.3443, -1.0161, 2.027, -1.3334, 2.609]",[INTERNAL] Q4 strategy review pending board approval,418.5,ACH,"[0.0928, -1.3688, 0.6396, -0.0715, -1.9882, 1.3518, -1.6477, 0.1891]",18 18 * * 1-5,-54.1014,970,HTTP,sk_gxlWgvY8yokRUbSwqFCxcT11JE7s0G6o,public.users,"[-0.4049, 1.3461, -0.3751, -1.0384, -0.7613, -1.6269, -0.7778, 1.2517]","[0.1758, -0.1676, -0.342, -0.6841, -0.7136, -0.085, 0.1256, -0.1968]",NO,76.7,55.07,Young et al. (2000),0.1585,816,-25.7942,69.93,°F,42.26%,36.93%,amount <= 10000,604,35014.7,"[0.9751, 0.353, 0.5014, 0.3792, 0.4228, 0.3478, 0.5031, 0.008]",9.79,3965.8312,Homo sapiens,90.16,Critical,2021-12-13 01:02:00,C6H12O6,64.54,0.2554,7.3009,-0.4547,+44-XXXX-XXXXXX,Single,6267.6519,/var/data/export_5.yaml,75.8,QHYFNEV4O78WB2OMT,https://example.com/users/2cf983d8/profile,-4.1%,Figure 11: Comparison,14.3441,Homo sapiens
2880.1913,EMP36680,1,7817,Widowed,,Sushi,26-93,"[22.95, 86.02]",0.8999,IEEE 754,Japanese Yen,3113,48-83,UTF-8,54.4327,24-100,25.2831,-97.057,-0.6064,34058-49-1,Opera,"[0.7732, 0.1465, 0.0666, 0.8205, 0.4368, 0.0221, 0.4077, 0.7597]",Walker et al. (2008),2023-09-05 00:37:05,6436,1 year,16-63,_ga=1824505285.5226727,23.3464,3018.0172,24.705,46.3712,491.2903,raw.orders -> analytics,5356755335216,"[-0.8176, -1.1585, 0.4569, 0.2045, 0.9967, -0.9059, -0.0844, 1.0284]",[INTERNAL] Q2 strategy review pending board approval,108.9,ACH,"[1.1003, 1.2049, -0.3922, -1.4563, 0.7476, 0.7862, 0.623, -1.0703]",45 17 * * 1-5,-71.9048,817,SMTP,sk_CF1YmqtNqcqwae7HAwRsGznqMPDgPEVX,sales.orders,"[0.0132, -1.5647, -0.1063, -0.9721, -1.0631, 0.3429, -1.2509, -1.0999]","[0.166, -0.7218, 0.3353, -0.9123, -0.4668, -0.3592, 0.5662, 0.6153]",false,15.6,96.5,White et al. (2010),-0.9321,340,16.4721,83.44,L,10.14%,-34.62%,age >= 18,4220,90789.4,"[0.3287, 0.7815, 0.9681, 0.2269, 0.1634, 0.771, 0.0968, 0.8709]",43.7,1797.3523,Fe2O3,33.25,Medium,2021-06-28 13:45:38,C6H12O6,63.08,0.6349,70.0956,-0.6939,+1-XXX-XXX-XXXX,Widowed,9372.4896,/var/uploads/export_915.log,56.64,W4NZ7E2C9R4QLB7CU,https://example.com/users/72fe3b46/profile,19.04%,Figure 20: Comparison,19.5591,E. coli
4452.3759,EMP26183,1,8858,Divorced,,Pizza,23-60,"[16.71, 63.04]",0.2283,POSIX,Japanese Yen,1018,44-89,ASCII,-96.3496,26-75,33.6954,36.4349,-0.6773,64752-38-5,Brave,"[0.8058, 0.6822, 0.7362, 0.2943, 0.9788, 0.6788, 0.0616, 0.9244]",Harris et al. (2015),,7360,7 days,14-80,_ga=5007988990.1570154,32.8172,1918.0789,44.4633,4.1464,6339.6191,raw.users -> reports,6155552881782,"[-2.1142, 0.9247, -2.6576, 0.4153, 0.4353, 0.3753, 1.5445, -0.5418]",[INTERNAL] Q1 strategy review pending board approval,44.5,PayPal,"[0.44, 0.3394, -0.7458, -1.3432, -0.0987, 0.5326, 0.6127, 0.2678]","45 14 * * 0,6",-72.0666,756,WebSocket,sk_gKkHKJX2z2mDkKZOWe96oAzoIrPAClIR,sales.orders,"[0.1635, 0.2684, -0.0203, -0.148, 0.3634, 1.3542, 0.0287, -1.3798]","[0.6119, -0.3749, 0.76, -0.7776, -0.0472, -0.5999, 0.49, 0.2629]",YES,50.2,27.23,Smith et al. (2002),-0.2044,370,96.8552,85.59,m,12.74%,38.25%,NOT NULL,2443,10006.8,"[0.0064, 0.9226, 0.7094, 0.304, 0.6188, 0.2222, 0.8176, 0.4025]",71.29,3716.0645,C6H12O6,86.27,Critical,2025-10-04 03:20:57,H2O,44.22,-0.0018,70.9532,-0.6673,+1-XXX-XXX-XXXX,Widowed,3033.2561,/var/exports/batch_592.log,27.96,6P005B6STUO73NBYL,https://example.com/users/91233fb3/profile,38.32%,Figure 8: Distribution,48.9949,Fe2O3
-91.8644,EMP33454,0,3027,Widowed,,Salad,8-94,"[2.65, 84.92]",0.0013,W3C Date,Euro,2474,47-96,UTF-8,16.6624,22-99,94.7595,74.478,0.9789,78224-72-3,Chrome,"[0.6213, 0.7373, 0.4515, 0.1681, 0.1546, 0.5724, 0.569, 0.3372]",Miller et al. (2019),,9993,7 years,27-77,_ga=9518180879.8991384,25.6049,5020.6203,28.7652,37.7181,6860.3372,curated.events -> reports,2865319380855,"[-0.0449, 2.2916, 1.0104, -0.3988, -1.1323, 1.4964, 0.2217, 1.7487]",[INTERNAL] Q2 strategy review pending board approval,452.6,Check,"[0.9234, 0.431, 0.8278, 0.1611, 0.5413, 0.5281, 0.0129, -1.5734]",47 18 * * 1-5,-16.0247,317,gRPC,sk_logxWdHt37pHhIvq7h4zmRUkmVCaOw16,sales.orders,"[-0.8865, -0.9694, -0.4302, -0.2008, 1.8371, 0.2468, 1.4152, 1.7886]","[-0.8378, -0.4959, -0.731, 0.4929, 0.1366, 0.205, 0.7917, -0.8543]",false,56.7,74.78,Anderson et al. (2016),0.4967,430,9.2104,61.69,°F,-28.85%,-21.08%,NOT NULL,610,2400.7,"[0.0414, 0.9117, 0.9416, 0.1352, 0.9969, 0.8883, 0.1204, 0.6533]",54.42,-351.5104,Homo sapiens,56.72,High,2025-09-22 06:21:30,C6H12O6,91.64,-0.967,34.3403,-0.8339,+1-XXX-XXX-XXXX,Divorced,3514.5836,/var/config/batch_899.xml,98.57,Z3EPBQIRID2UG93U2,https://example.com/users/49a83775/profile,-19.67%,Figure 17: Timeline,23.7276,NaCl
1929.0203,EMP35322,1,3064,Widowed,,Pizza,30-56,"[2.61, 83.47]",0.0645,RFC 3339,Euro,8430,7-53,UTF-16,7.0197,16-52,35.4366,-56.4987,0.9961,51181-11-3,Safari,"[0.3637, 0.8051, 0.8674, 0.0845, 0.5881, 0.0004, 0.3408, 0.327]",Johnson et al. (2006),,3624,7 years,32-57,_ga=0662722465.4449056,22.5692,-93.4897,9.5758,8.7009,4335.5484,raw.users -> exports,5817358798334,"[0.2052, -0.496, 0.7675, -0.8142, 0.1387, -1.6473, -0.0984, -0.3353]",[INTERNAL] Q2 strategy review pending board approval,257.2,ACH,"[-0.1322, 0.8544, -0.5147, -0.3355, -1.1842, -0.7623, 0.0562, -0.6]",56 3 * * *,-69.8154,107,HTTPS,sk_zogrDQpTCISsjdQZzMekvVpYr78wKaTV,analytics.events,"[-0.8598, -2.1133, 1.0711, 0.25, -0.535, -0.3419, 0.9187, 2.1309]","[0.2064, 0.0734, 0.2304, 0.3401, 0.934, -0.0397, -0.0004, -0.5257]",NO,8.2,95.06,Martinez et al. (2002),-0.444,168,76.5347,74.07,m,21.45%,-10.79%,NOT NULL,2507,54333.1,"[0.7821, 0.8768, 0.0351, 0.9676, 0.0164, 0.0408, 0.8319, 0.0885]",16.96,222.4901,NaCl,95.78,Critical,2023-01-24T06:43:53Z,E. coli,6.98,-0.814,29.9723,0.7761,+81-XX-XXXX-XXXX,Single,3455.1439,/var/exports/export_373.xml,7.74,EF7G47Z8KO9UAX735,https://example.com/users/587c4217/profile,8.82%,Figure 1: Comparison,0.2306,NaCl
2054.3348,EMP56784,1,713,Divorced,,Salad,44-92,"[2.17, 79.41]",0.0384,W3C Date,Swiss Franc,6626,7-77,UTF-16,-79.033,39-90,-74.6763,59.224,-0.3766,46984-25-2,Opera,"[0.2535, 0.6998, 0.6787, 0.2796, 0.815, 0.7573, 0.4984, 0.7886]",King et al. (2003),,9708,indefinite,22-68,_ga=8559212455.4113403,11.8487,3346.8269,35.2646,5.8942,4218.865,curated.orders -> analytics,9073094588625,"[-1.7746, -0.5299, 2.2136, 1.7302, 0.2558, 1.5073, -0.2353, -1.0613]",[INTERNAL] Q2 strategy review pending board approval,300.3,ACH,"[0.9177, 1.1442, 2.0746, 0.9514, 0.4434, 0.2153, 0.4629, -0.2684]",24 9 * * *,2.509,492,MQTT,sk_Gl5RefAqFEvroc5giLvManGNvfIgpnqw,hr.employees,"[2.6599, -0.5135, -0.836, 1.1391, 0.3204, -1.1604, 1.2058, -0.3409]","[-0.4173, 0.374, -0.0805, 0.3391, -0.0132, -0.1094, -0.0835, -0.0828]",true,95.9,22.63,Johnson et al. (2024),-0.8722,811,2.0382,88.34,L,-2.98%,49.79%,age >= 18,9319,58463.2,"[0.1217, 0.5902, 0.3547, 0.7042, 0.0161, 0.0896, 0.1299, 0.9795]",93.36,3967.8119,NaCl,42.84,High,2026-02-05T23:45:25Z,NaCl,20.9,-0.7629,-19.9339,-0.813,+81-XX-XXXX-XXXX,Single,-53.8577,/var/data/export_100.log,79.84,C8X80CPS6LZUD5SYX,https://example.com/users/d01e444f/profile,-49.47%,Figure 4: Overview,39.0583,H2O
5911.3056,EMP59781,1,2159,Married,2019-04-11T13:09:59Z,Salad,23-60,"[27.25, 75.55]",-0.7834,IEEE 754,Swiss Franc,7963,44-93,UTF-8,79.1784,5-97,-49.3054,-91.5336,-0.4152,31221-96-1,Edge,"[0.4797, 0.985, 0.4467, 0.9419, 0.7276, 0.5829, 0.5763, 0.1309]",Jackson et al. (2020),,347,30 days,19-51,_ga=2287847737.9769461,44.9389,1146.517,36.9944,1.5131,2150.6158,curated.orders -> reports,4812457939527,"[-1.8284, -0.6633, -0.7513, -1.3054, -0.8547, 1.0797, -0.9825, -2.0759]",[INTERNAL] Q1 strategy review pending board approval,238.9,Debit Card,"[0.1841, 0.9297, -0.6858, 0.3826, 0.4218, -0.6779, -1.8579, 1.3015]","32 7 * * 0,6",54.4322,658,HTTPS,sk_Vqi9RhOUbaQaGpeMNURseiQIbZfmYdmP,sales.orders,"[-0.197, 0.7085, -0.3919, 0.0089, -0.2066, -0.8631, -1.8097, 0.1381]","[-0.6884, -0.7541, -1.266, 0.2289, 0.4786, 0.2824, -0.2929, -0.1958]",NO,1.0,21.81,Taylor et al. (2003),-0.0838,361,10.6733,71.69,°C,-13.51%,45.43%,"status IN ('active','pending')",6098,97132.0,"[0.9324, 0.4357, 0.1556, 0.7355, 0.0216, 0.2449, 0.2885, 0.1888]",46.54,784.7182,Homo sapiens,23.9,Critical,2025-06-08 15:15:46,H2O,80.69,-0.6796,-38.5392,-0.2062,+44-XXXX-XXXXXX,Single,2422.333,/var/tmp/batch_161.log,42.23,1F1K0QCCJDFWE4O2G,https://example.com/users/1f274e52/profile,2.31%,Figure 13: Timeline,44.2174,Homo sapiens
4857.8348,EMP39806,1,9877,Divorced,,Steak,25-98,"[8.23, 97.17]",0.0878,W3C Date,Swiss Franc,4825,32-86,UTF-16,69.7559,44-90,51.677,92.9474,0.1743,85027-27-8,Safari,"[0.6136, 0.4842, 0.2597, 0.25, 0.9158, 0.5631, 0.4477, 0.133]",Garcia et al. (2024),,8617,30 days,22-96,_ga=3291021143.7442719,37.678,8507.0946,12.4444,48.2153,2645.3241,staging.orders -> reports,8097700083461,"[-2.1306, -0.09, 0.2157, 0.3252, 0.9799, -0.0302, -0.7912, -0.3711]",[INTERNAL] Q1 strategy review pending board approval,31.5,PayPal,"[-0.0396, 0.5749, 1.8584, -0.6104, 1.9077, -0.582, 0.5632, -2.7641]",34 0 * * 1-5,-15.5282,593,SMTP,sk_4fLxKd4eOfgR6ats9mOAoyPrxne1omMP,analytics.events,"[0.5996, -0.4887, -0.9783, -0.0951, -0.3919, 0.5527, 0.548, 0.386]","[0.0439, -0.2985, 0.4255, 0.1685, 0.0694, 0.1632, 0.0926, -0.035]",false,2.9,43.26,King et al. (2026),0.9835,636,99.3575,44.74,ft,0.41%,-2.69%,NOT NULL,8497,91937.5,"[0.5541, 0.5353, 0.9696, 0.632, 0.1581, 0.1165, 0.6148, 0.4655]",10.39,6796.3676,NaCl,80.49,Critical,2020-05-06T14:13:39Z,NaCl,84.44,-0.7751,40.96,-0.0837,+44-XXXX-XXXXXX,Divorced,1213.7762,/var/logs/daily_503.csv,37.88,FUYDXW33KCWDB8MY0,https://example.com/users/c20842f1/profile,-41.03%,Figure 9: Timeline,44.6938,C6H12O6
9893.8726,EMP36376,1,5255,Single,2022-12-10T06:43:39Z,Salad,50-99,"[2.73, 60.2]",0.541,W3C Date,Euro,59,27-83,ASCII,49.1151,3-99,-65.437,85.7329,-0.162,34629-37-8,Opera,"[0.0793, 0.2134, 0.5466, 0.6493, 0.7946, 0.2377, 0.2633, 0.8358]",Walker et al. (2007),,5466,indefinite,24-70,_ga=0132825583.1259424,34.841,6298.5396,19.6957,42.6326,7603.8963,raw.users -> analytics,5337453204281,"[-0.0215, -0.7544, 0.1381, -0.4874, -1.1011, 0.5583, -0.1281, 0.4912]",[INTERNAL] Q1 strategy review pending board approval,280.9,Debit Card,"[0.7551, 1.1199, -0.0935, 1.0388, -0.3623, -1.0814, -0.2711, 0.293]","39 2 * * 0,6",74.575,773,MQTT,sk_Mp9RWgBjAsqDxhjB3J8P46UsnZWKVxhL,sales.orders,"[0.8752, -0.2365, 0.7101, 1.1675, -1.1039, 1.0725, 0.6954, -0.9795]","[0.2598, -0.3243, 0.888, 0.5507, -0.7991, 0.6588, 0.2084, 0.3932]",NO,68.6,36.67,Williams et al. (2009),-0.121,326,-7.6197,58.35,°C,-26.98%,0.06%,age >= 18,5618,36341.1,"[0.8634, 0.8724, 0.1779, 0.9028, 0.4559, 0.4148, 0.0836, 0.9653]",31.73,3879.8551,H2O,35.75,High,2026-12-28 22:45:20,E. coli,82.99,0.6105,-94.4282,0.6375,+44-XXXX-XXXXXX,Divorced,2262.763,/var/data/daily_134.xml,4.73,F8IEWLBPO78NXKR1V,https://example.com/users/406dda60/profile,-22.44%,Figure 3: Overview,20.5194,H2O
9472.6835,EMP83735,1,4665,Married,,Salad,34-100,"[22.44, 83.88]",0.6956,RFC 3339,Japanese Yen,9355,12-68,UTF-16,24.8349,46-76,66.3355,88.5538,-0.6957,64410-35-1,Firefox,"[0.7562, 0.3463, 0.3262, 0.6307, 0.8073, 0.1914, 0.264, 0.5727]",Johnson et al. (2014),,2652,30 days,37-70,_ga=2901818732.4995059,28.2951,6424.6694,28.8475,32.84,5762.089,curated.users -> reports,5254240693287,"[-0.2718, 0.0635, 0.4174, -0.1376, 0.0796, 1.1006, -0.3108, -1.1674]",[INTERNAL] Q4 strategy review pending board approval,203.0,ACH,"[-1.6272, 0.151, -0.689, -0.2816, 0.3428, -0.048, 0.6149, 0.8399]","10 13 * * 0,6",-15.1127,592,SMTP,sk_9hgo2bEvFB0MKxyxbLHTBh6W8ih4nmVq,public.users,"[-0.0281, 0.2458, 0.4107, -0.8235, 1.8252, 1.1, 1.1316, -0.8279]","[1.0614, 0.2243, 0.0258, -0.0302, -0.3255, -0.2195, 0.4844, -0.3915]",true,68.1,49.42,King et al. (2019),0.7476,383,-86.7816,27.94,kg,-43.36%,-37.21%,age >= 18,4241,8192.6,"[0.9496, 0.7557, 0.2453, 0.691, 0.5153, 0.6672, 0.3204, 0.9008]",64.26,343.9127,E. coli,37.86,Low,2026-05-05T17:21:14Z,H2O,32.12,-0.3075,-21.7611,-0.7482,+44-XXXX-XXXXXX,Single,-543.3334,/var/logs/batch_636.xml,67.64,DRLIQP8AOZ52TPL1Y,https://example.com/users/e23f3196/profile,-11.45%,Figure 14: Distribution,17.7827,Fe2O3
-179.9549,EMP74938,1,6244,Widowed,,Pizza,34-92,"[36.77, 62.41]",0.925,RFC 3339,US Dollar,7806,0-87,ASCII,72.5752,36-99,25.8751,-54.1591,0.6963,42373-94-9,Brave,"[0.68, 0.9742, 0.4512, 0.6996, 0.5755, 0.5494, 0.533, 0.4894]",Smith et al. (2024),,3009,30 days,26-87,_ga=1323218702.2483908,37.9859,5941.9723,27.4146,6.294,5751.9623,curated.orders -> reports,6838066794211,"[0.9915, -0.2876, -0.3812, -1.8408, -2.2367, -0.1227, -0.0372, 0.1387]",[INTERNAL] Q3 strategy review pending board approval,65.5,PayPal,"[-0.4342, -0.4794, -0.9155, -1.3268, 0.852, -0.7548, -0.0431, 0.2045]",5 19 * * 1-5,-17.3696,669,HTTPS,sk_m1LBdQLAsKbbdTe8qr4ePCm55863chiH,analytics.events,"[-0.8082, 0.4054, 0.2105, 2.1257, 0.4632, 1.5943, -1.9016, 0.0434]","[-0.0214, 0.1253, -0.3209, 0.7808, -0.4855, -0.1925, 0.5028, -0.4053]",YES,0.7,64.19,Moore et al. (2018),-0.2341,24,-60.6968,39.4,°C,6.68%,-3.89%,amount <= 10000,9986,91142.0,"[0.6754, 0.2858, 0.439, 0.6887, 0.9615, 0.2284, 0.5543, 0.0711]",75.64,7760.9247,Homo sapiens,11.39,High,2021-11-17T15:47:51Z,Homo sapiens,35.49,-0.9913,7.0382,0.6549,+81-XX-XXXX-XXXX,Widowed,7761.6289,/var/config/batch_510.json,7.28,VKMZ9GYVCALWLW3NP,https://example.com/users/417ed654/profile,-43.97%,Figure 3: Distribution,33.4038,NaCl
3278.5055,EMP15285,1,0,Single,,Salad,40-100,"[38.02, 72.73]",0.9967,RFC 3339,British Pound,8739,40-90,UTF-8,-2.0683,4-58,16.8518,96.857,-0.1541,142-26-5,Safari,"[0.9581, 0.1406, 0.8064, 0.3877, 0.6915, 0.2008, 0.545, 0.7043]",Thompson et al. (2001),,1644,1 year,33-90,_ga=9783112530.4983700,44.4975,9717.6293,39.0936,19.0828,9387.7352,raw.events -> analytics,3593916789982,"[0.5032, 0.5375, -0.0015, -0.3543, -1.6103, 2.7807, 2.0281, -0.6588]",[INTERNAL] Q2 strategy review pending board approval,360.3,PayPal,"[-0.8805, 0.2867, 0.168, 1.0401, 0.2073, -0.048, 0.0713, 0.2822]",58 10 * * *,31.0356,298,WebSocket,sk_cip60s6qt9jjeGEZO8SskV0FZHJAZwma,sales.orders,"[1.7912, -0.2195, -0.4395, -1.0027, 1.5206, -1.3743, -1.5125, 1.399]","[0.2964, -0.6574, 0.4246, -0.5485, 0.5197, -0.0594, -0.0647, 0.2618]",true,11.5,27.23,Rodriguez et al. (2009),0.1027,974,12.9939,63.22,gal,-7.91%,0.33%,amount <= 10000,572,82372.6,"[0.6576, 0.8393, 0.3946, 0.0003, 0.4157, 0.0952, 0.9343, 0.8525]",68.92,3321.1091,C6H12O6,39.1,Critical,2021-04-04T12:49:29Z,H2O,2.98,0.7768,6.5768,-0.5847,+1-XXX-XXX-XXXX,Married,6018.7976,/var/logs/daily_73.json,99.65,B4VIF1LVS90U6EV07,https://example.com/users/57d4d9e3/profile,-43.41%,Figure 8: Distribution,45.5896,NaCl
1098.5399,EMP69100,0,3742,Single,,Pizza,8-91,"[26.36, 70.26]",-0.7873,RFC 3339,British Pound,1311,7-79,UTF-8,-8.6141,11-84,95.4649,-88.7146,0.8482,13842-73-4,Firefox,"[0.9039, 0.4256, 0.5005, 0.7736, 0.0026, 0.5548, 0.9996, 0.6242]",Thomas et al. (2014),2022-02-23 04:18:06,9877,7 years,9-81,_ga=3615615208.1953362,14.6746,1148.2442,23.4337,1.7958,272.1064,curated.events -> analytics,5830695272082,"[1.3191, 0.2259, -0.1163, -0.5592, 1.1033, 0.4303, 0.0113, 0.8335]",[INTERNAL] Q2 strategy review pending board approval,317.5,Wire Transfer,"[-1.5647, -0.4501, 0.1473, 0.8589, -1.7156, -0.0707, -0.7342, -0.2319]",40 20 * * *,-10.7348,868,HTTP,sk_hRc2JxigOdxWPzMPK7uwDzUyw78HtYRA,hr.employees,"[0.6859, -0.449, 1.0127, -0.86, 0.0467, 0.9557, -0.2588, 0.9404]","[0.7022, 0.2476, 0.9245, -0.1296, 0.7554, 0.0112, -1.2237, -0.7831]",true,78.4,45.64,Martin et al. (2022),0.5946,285,-25.6406,53.57,kg,13.27%,12.85%,NOT NULL,2422,98421.6,"[0.3525, 0.911, 0.3129, 0.9423, 0.4512, 0.0024, 0.8607, 0.5022]",78.45,7831.3196,Fe2O3,60.5,Medium,2020-03-15T00:41:38Z,E. coli,63.58,-0.5517,80.968,0.4677,+81-XX-XXXX-XXXX,Married,4513.1121,/var/uploads/export_74.json,72.42,ZEH9O9POOG2A7GBER,https://example.com/users/8e1c30a3/profile,-45.36%,Figure 12: Overview,5.1357,C6H12O6
6740.2262,EMP55520,1,145,Single,,Pasta,1-69,"[12.95, 92.3]",-0.81,ISO 8601,Swiss Franc,553,20-63,ASCII,-74.8178,38-68,61.6641,66.6311,0.8885,78890-65-8,Opera,"[0.6012, 0.7559, 0.5759, 0.4746, 0.9454, 0.2585, 0.6967, 0.8532]",Johnson et al. (2015),,233,7 days,36-57,_ga=8630206481.9309735,37.622,6442.89,8.9539,8.1336,7860.1642,staging.users -> reports,2989806582832,"[-0.5838, -0.3302, -0.1905, 1.1095, -1.4431, -0.5203, -0.9631, 1.9177]",[INTERNAL] Q4 strategy review pending board approval,156.8,Cash,"[-0.4505, 0.9874, -0.7502, -0.3801, 1.645, -0.6353, 0.3094, -1.0298]",30 11 * * *,-63.0237,351,WebSocket,sk_Qzont3kFtk375S8MamFUwEFMysnrsLWB,sales.orders,"[-0.0287, -0.7416, 0.1549, -1.2233, -0.0065, 0.9816, -1.1701, 1.3375]","[0.0203, -0.1391, -0.4012, 0.2209, 0.1964, -0.394, -0.2949, -0.2256]",true,74.6,7.65,Davis et al. (2001),0.2894,240,92.3078,15.72,gal,47.17%,-4.71%,NOT NULL,9511,92574.0,"[0.7582, 0.9761, 0.0021, 0.8965, 0.1392, 0.6299, 0.1611, 0.3405]",12.61,5310.3036,Fe2O3,31.52,High,2020-07-27 17:31:16,E. coli,3.46,0.2891,-24.7519,0.226,+44-XXXX-XXXXXX,Widowed,4571.1876,/var/uploads/export_924.json,84.63,HZRW6GGKE77I6XOCY,https://example.com/users/8e304b8b/profile,27.69%,Figure 14: Distribution,39.1378,E. coli
4535.0048,EMP87201,1,1893,Married,2022-04-25T23:29:26Z,Tacos,50-54,"[2.48, 63.16]",0.4006,W3C Date,Japanese Yen,6464,49-86,ASCII,-37.5867,2-76,96.8341,88.0929,-0.3929,78309-44-5,Safari,"[0.5648, 0.0176, 0.3649, 0.2934, 0.066, 0.5552, 0.973, 0.8035]",Thomas et al. (2008),2018-01-14 15:06:21,9961,1 year,14-96,_ga=9159173858.3925702,46.3659,9487.3597,9.9127,4.4427,9280.6622,curated.orders -> reports,1215623367601,"[1.2989, -0.372, -1.0318, -0.292, -1.7861, -1.703, -0.0483, 1.4137]",[INTERNAL] Q4 strategy review pending board approval,143.7,ACH,"[0.3631, 1.4316, -1.4964, 1.1435, -0.1791, 0.7331, -0.7252, -1.2942]",8 3 * * 1-5,19.3606,918,SMTP,sk_gd6P1pnRZqCEsBXCk0aPQcaWjj52CEXN,sales.orders,"[0.7158, -0.9084, -0.7157, -1.7505, -0.8411, 0.6122, -1.6027, -1.7094]","[-0.5576, 0.3563, -0.0767, 1.4783, -0.0109, 0.2426, 0.1211, -0.1823]",NO,42.8,13.53,Thomas et al. (2009),0.98,231,79.6044,52.06,m,17.98%,28.42%,amount <= 10000,2004,84696.4,"[0.4746, 0.8862, 0.2963, 0.8907, 0.218, 0.6925, 0.2619, 0.4426]",92.39,9312.774,NaCl,94.41,Critical,2020-11-27 01:41:35,NaCl,60.12,-0.19,-83.1616,0.0399,+81-XX-XXXX-XXXX,Divorced,5662.8217,/var/config/daily_44.yaml,48.05,DH7RPCAOUN40CMYFV,https://example.com/users/069de6ed/profile,6.98%,Figure 13: Overview,46.5361,NaCl
-610.574,EMP51949,1,3945,Divorced,,Pizza,6-58,"[8.6, 71.91]",0.5967,POSIX,Japanese Yen,7321,26-90,UTF-8,85.8271,30-84,-81.2084,-82.657,-0.5867,3760-84-8,Edge,"[0.4607, 0.2697, 0.1118, 0.5954, 0.2171, 0.4603, 0.5634, 0.4795]",Johnson et al. (2013),,3246,7 years,6-59,_ga=3972675487.4834172,14.1227,4508.3853,7.4538,48.1177,7081.473,raw.events -> analytics,2298991547858,"[1.5973, -0.3307, -1.187, 1.6571, -1.4036, 1.0946, -0.0192, 0.1214]",[INTERNAL] Q1 strategy review pending board approval,426.7,Credit Card,"[1.5227, 0.6336, -3.0286, 1.5758, 0.1478, 0.354, 1.9326, 0.1256]",57 3 * * *,47.6571,155,WebSocket,sk_0RWLfqO4DtmbuQ67WPaQWsluT8yJnQMr,hr.employees,"[2.1053, 0.1198, -0.5645, -0.2654, 1.2566, -1.613, 0.8029, 1.0516]","[-1.0337, 0.2669, -0.006, 0.6376, 0.8508, 0.6537, 0.3939, -0.0639]",YES,70.6,99.97,Walker et al. (2018),-0.7721,155,28.7239,73.9,°C,18.41%,29.29%,"status IN ('active','pending')",1144,81056.3,"[0.1336, 0.0148, 0.9361, 0.9379, 0.1196, 0.658, 0.9141, 0.1775]",48.94,-136.2717,C6H12O6,4.09,Low,2018-01-03 01:02:12,Fe2O3,17.63,-0.7446,-10.1533,-0.9058,+81-XX-XXXX-XXXX,Widowed,9820.0858,/var/data/daily_637.parquet,86.52,SB559RS6YVQ8V2O0O,https://example.com/users/9f598023/profile,-32.69%,Figure 18: Timeline,41.4715,C6H12O6
3708.8654,EMP60573,0,1277,Widowed,,Tacos,27-73,"[19.44, 83.12]",-0.422,POSIX,Japanese Yen,9074,31-93,UTF-16,-48.0467,18-61,-57.2284,-3.1473,-0.6686,73156-26-0,Safari,"[0.2692, 0.4911, 0.9247, 0.6736, 0.527, 0.5357, 0.4208, 0.9216]",Martin et al. (2006),,7402,1 year,1-89,_ga=3244102198.3652897,40.1464,5805.3681,29.6789,17.598,9308.9624,curated.events -> analytics,5829088032660,"[-0.5562, -1.6918, 1.5757, 0.3361, 0.621, 0.9841, -0.1376, 0.4273]",[INTERNAL] Q3 strategy review pending board approval,65.7,Wire Transfer,"[-1.6483, 0.2531, 1.1261, 0.0674, -1.3036, 1.3228, 0.55, -0.6022]","26 12 * * 0,6",-43.0312,698,WebSocket,sk_7YYi0Y3dGJlBcihEdfafte9PuFnAAC1l,hr.employees,"[2.2744, -1.2577, 1.3456, 0.0602, -0.3907, -0.9829, 0.2845, 1.0016]","[0.7802, 0.2406, -0.2699, -0.7082, -0.4344, -0.1447, 0.9285, 0.4612]",NO,44.3,18.86,Walker et al. (2025),0.6688,310,24.7475,62.12,kg,-26.65%,-7.58%,"status IN ('active','pending')",7634,21481.2,"[0.5785, 0.4962, 0.3787, 0.3566, 0.5718, 0.7598, 0.4286, 0.559]",68.1,2322.8825,Fe2O3,40.98,Critical,2026-02-18 06:44:37,NaCl,22.6,0.7833,80.5704,0.8185,+1-XXX-XXX-XXXX,Married,8943.2742,/var/exports/batch_839.parquet,28.26,FE10ILJ4QHE9QSUVY,https://example.com/users/5f0270b9/profile,-12.05%,Figure 8: Comparison,42.2607,C6H12O6
1941.6787,EMP37060,0,6637,Divorced,,Tacos,46-60,"[29.69, 86.68]",0.4729,IEEE 754,British Pound,8446,25-88,UTF-16,41.627,46-53,-90.2618,93.8817,-0.8113,27586-44-3,Safari,"[0.7059, 0.3367, 0.989, 0.1019, 0.5378, 0.892, 0.7654, 0.292]",Anderson et al. (2015),2021-09-25T23:20:44Z,1151,30 days,23-59,_ga=9345147187.4596953,11.7937,9209.6673,48.9176,30.0841,5237.1051,staging.users -> analytics,8526090749612,"[1.3567, 0.5727, -0.9915, 0.8287, 2.7445, -0.0297, 1.62, 0.18]",[INTERNAL] Q2 strategy review pending board approval,161.3,PayPal,"[-1.1325, 0.7258, -0.6844, -1.5666, -0.4591, -0.814, -0.5116, 0.3529]",47 11 * * 1-5,89.8115,551,FTP,sk_JYQ3VDhnY6jXjC64MyRJQHBoMYen5rWm,analytics.events,"[-1.1951, 0.4402, -0.1595, 1.2384, -1.2616, -1.3859, 0.0618, 0.9798]","[-0.5257, 0.2956, -0.0297, -0.1744, 0.0582, 0.1946, -0.0274, -0.9133]",YES,63.8,23.75,Moore et al. (2004),-0.6773,106,99.075,85.07,gal,20.39%,-44.52%,"status IN ('active','pending')",2825,63696.8,"[0.1745, 0.8754, 0.8055, 0.8941, 0.6296, 0.536, 0.0716, 0.1098]",51.75,6034.8063,NaCl,4.69,High,2023-05-27T19:20:00Z,E. coli,33.24,-0.8686,-73.4184,0.026,+1-XXX-XXX-XXXX,Single,7295.6989,/var/uploads/batch_801.log,64.81,E6PDD9ARCEROMTA5O,https://example.com/users/c944d250/profile,-17.76%,Figure 3: Distribution,44.2315,Fe2O3
5426.9732,EMP61162,0,5361,Married,2018-03-14 06:40:16,Pasta,45-65,"[6.59, 77.51]",-0.5663,POSIX,US Dollar,7702,14-89,UTF-16,-21.1481,27-59,-62.234,-61.777,0.0128,85374-76-3,Chrome,"[0.0038, 0.2025, 0.0135, 0.0753, 0.6707, 0.028, 0.5312, 0.5786]",Davis et al. (2015),2020-09-18T23:06:17Z,3253,1 year,30-91,_ga=9503237355.1980967,16.7557,725.8525,39.6862,2.5869,9469.0296,curated.events -> analytics,8740544337741,"[1.655, 0.7514, 0.3928, -0.8444, -0.311, -0.8434, 0.5715, -0.6872]",[INTERNAL] Q3 strategy review pending board approval,476.9,Wire Transfer,"[-1.1014, -0.1466, -0.8118, 0.3843, 0.1301, -0.1726, -1.0177, -0.5965]","35 15 * * 0,6",47.6012,589,HTTPS,sk_ApiAt6jYloVXkyg891lq0NrQubDdwUn3,sales.orders,"[1.1838, 1.3098, 1.1682, 0.5606, -0.3058, -0.9998, 0.0588, 0.1542]","[0.711, -0.5916, -0.0102, 0.3457, -0.2353, 0.3339, -0.7921, 0.6352]",NO,70.2,91.83,Taylor et al. (2024),0.1512,60,-90.3288,16.99,L,12.39%,-28.63%,NOT NULL,1055,87482.9,"[0.1081, 0.9989, 0.5317, 0.814, 0.8067, 0.4828, 0.2585, 0.1204]",70.1,1519.5895,E. coli,70.16,High,2023-06-13T15:46:07Z,Fe2O3,8.88,0.944,35.7397,0.9077,+44-XXXX-XXXXXX,Divorced,1876.3391,/var/exports/batch_712.log,10.22,7DSORFP6FYVPYF3FY,https://example.com/users/f3623a29/profile,-49.14%,Figure 7: Comparison,4.7873,Fe2O3
9624.6929,EMP24730,1,7981,Divorced,,Sushi,24-59,"[23.76, 95.46]",0.6657,IEEE 754,Euro,7690,24-90,ISO-8859-1,-59.1583,42-72,-64.5787,-56.1563,-0.4256,2724-58-6,Edge,"[0.5452, 0.6509, 0.666, 0.6568, 0.1278, 0.008, 0.7004, 0.1092]",Lee et al. (2018),2018-07-11 17:46:34,2337,30 days,33-66,_ga=4572991367.1588118,10.4923,1629.9455,32.4652,12.8869,6261.6294,raw.events -> exports,3201972782173,"[-0.0235, 0.2633, -0.0278, -1.772, 0.1904, 0.8723, 0.2378, -0.9689]",[INTERNAL] Q4 strategy review pending board approval,35.8,ACH,"[-0.5204, -0.6537, 1.3221, -0.1181, -1.2038, 0.6446, 0.7081, -0.2307]",25 8 * * *,92.1933,705,WebSocket,sk_quFsRz0eJwlDgkjDkeTMcEZMEcXZ37qN,hr.employees,"[0.9053, -0.7777, 0.08, 0.137, 0.6946, -0.6505, -1.2909, -1.1192]","[0.2, -0.0834, -0.2494, -0.2083, 0.0924, -0.8822, 0.7897, -0.2586]",YES,0.1,79.95,Brown et al. (2013),0.22,509,82.7992,43.58,ft,30.84%,-45.75%,"status IN ('active','pending')",4971,77018.2,"[0.9945, 0.2867, 0.2202, 0.1483, 0.4177, 0.2806, 0.7825, 0.299]",60.69,1638.5538,C6H12O6,56.67,Info,2026-10-26T06:36:39Z,Fe2O3,29.07,0.4849,52.8236,-0.9453,+1-XXX-XXX-XXXX,Divorced,-503.8514,/var/data/batch_551.yaml,7.97,CWWQ21VOMYAUBHTJV,https://example.com/users/40ee7f9d/profile,14.47%,Figure 18: Distribution,29.6971,Homo sapiens
5015.1598,EMP29318,0,7686,Widowed,,Pasta,20-85,"[19.66, 69.97]",0.4315,W3C Date,Swiss Franc,3133,34-98,UTF-16,-34.6053,15-96,49.5748,-94.2582,0.6049,29840-41-6,Opera,"[0.5643, 0.2976, 0.3771, 0.0624, 0.6795, 0.9569, 0.2991, 0.4106]",Wright et al. (2016),,208,30 days,35-64,_ga=1022465286.4775160,49.5609,8521.0401,15.3611,16.0848,5803.8822,raw.events -> analytics,6324740997237,"[-1.5092, -0.8815, 1.7443, 1.5236, 0.2434, 1.4489, 1.8529, 0.4123]",[INTERNAL] Q2 strategy review pending board approval,63.5,Wire Transfer,"[-0.6179, 0.3628, 0.989, -1.2906, 1.3272, -0.7006, -0.2385, 1.1983]","20 4 * * 0,6",85.1259,519,SMTP,sk_ecO1053P8cZ6jifSrbddPmGA6bnuTWrL,sales.orders,"[-0.9176, 1.2641, -0.3099, 1.4042, 1.4766, 1.318, 1.2614, -0.6521]","[-0.4529, -0.3336, 0.8791, -0.4643, 0.3289, 0.0915, 0.9506, -0.468]",YES,69.4,92.73,Jackson et al. (2002),-0.0829,820,87.1721,89.94,m,-6.12%,29.64%,age >= 18,3533,59681.2,"[0.8921, 0.0157, 0.169, 0.9344, 0.1508, 0.8853, 0.7469, 0.9182]",36.8,4441.8877,Homo sapiens,52.29,Info,2020-07-08T10:18:35Z,Fe2O3,36.98,-0.5794,94.8419,-0.996,+44-XXXX-XXXXXX,Widowed,7440.9473,/var/uploads/export_982.xml,23.24,8JWWJ842U3AWUTPH1,https://example.com/users/1df79cbc/profile,13.33%,Figure 19: Distribution,20.1172,H2O
689.5931,EMP34268,1,4939,Married,,Tacos,8-67,"[34.44, 83.49]",0.6803,W3C Date,Euro,4905,43-98,ISO-8859-1,92.618,4-93,41.0545,-92.2862,-0.9029,30843-75-8,Edge,"[0.2623, 0.2185, 0.2916, 0.9614, 0.6954, 0.0556, 0.3693, 0.4064]",Martin et al. (2026),2018-01-11 15:42:32,4603,indefinite,3-56,_ga=6448106579.6743091,26.7622,7137.6171,9.4007,14.4629,-648.2287,raw.events -> analytics,3133654477732,"[-1.3512, -0.1928, 0.1249, -0.1589, -0.5882, 0.9036, -0.3867, -1.3438]",[INTERNAL] Q3 strategy review pending board approval,202.5,Cash,"[0.0466, 0.6737, -0.41, -0.1627, 0.4843, -1.0678, -1.6435, 0.3062]",35 17 * * *,-29.0374,757,gRPC,sk_lIQAPnFpoiVdVZF2K3LyqKtTE5kzaoGb,public.users,"[1.4102, 1.2951, 2.9206, -0.7493, -1.0152, 0.1197, -0.3881, -0.29]","[0.065, 0.6481, 0.0376, 0.2384, 0.75, 0.4375, 0.0603, 0.1675]",false,30.5,69.52,Smith et al. (2006),0.4632,470,66.9709,76.82,kg,24.67%,-24.08%,NOT NULL,3532,26511.6,"[0.9223, 0.8268, 0.1568, 0.8452, 0.6616, 0.7014, 0.4544, 0.2452]",53.41,5147.9494,H2O,96.6,Low,2020-04-01T10:40:33Z,Homo sapiens,66.67,-0.4414,-1.3818,0.2686,+1-XXX-XXX-XXXX,Divorced,3727.8968,/var/uploads/batch_959.log,56.82,0D80629QMZBW2R4WX,https://example.com/users/147ac650/profile,29.66%,Figure 11: Timeline,24.3117,Fe2O3
8125.4463,EMP26729,1,1393,Single,2025-08-01T03:42:35Z,Curry,31-67,"[32.77, 96.76]",0.0879,POSIX,US Dollar,8180,46-60,UTF-16,-54.5964,35-88,59.5176,60.9347,-0.4799,77230-92-9,Edge,"[0.8793, 0.1943, 0.9086, 0.4849, 0.8733, 0.5243, 0.1959, 0.9473]",Jones et al. (2004),,4297,7 years,39-61,_ga=5995415087.6012736,36.6519,7255.494,45.0877,40.9118,6952.5968,raw.users -> reports,6884351186881,"[-0.8158, 0.4221, -0.9083, 1.1879, 1.0044, -1.1243, -0.3246, -0.0293]",[INTERNAL] Q2 strategy review pending board approval,392.8,Debit Card,"[0.4347, -0.6968, -0.0175, 1.3286, 0.5764, 0.9375, 0.4756, 0.6889]",53 0 * * 1-5,72.9845,139,FTP,sk_HmZmLlZvftMrMvxB2WHSfCrJEAT3HAhk,analytics.events,"[0.8331, 0.1465, 2.254, -0.3651, 0.4126, 0.4752, 0.3584, 0.0124]","[0.5165, 0.1065, 0.4685, 0.1483, 0.1882, -0.6543, -0.2989, 0.3296]",false,89.2,50.94,Robinson et al. (2011),-0.341,383,-89.4862,74.11,L,-36.3%,-4.97%,amount <= 10000,6604,82310.2,"[0.8593, 0.5729, 0.0608, 0.4186, 0.1097, 0.1363, 0.2756, 0.2714]",99.18,3388.9001,C6H12O6,67.19,Critical,2025-04-27 18:35:33,E. coli,97.83,0.7489,-92.3559,0.1327,+44-XXXX-XXXXXX,Widowed,2444.6678,/var/config/export_949.csv,40.2,OEGXPGU625YEZVRQX,https://example.com/users/a4583b7e/profile,2.04%,Figure 15: Comparison,48.6341,NaCl
3103.4109,EMP28571,0,1752,Divorced,,Salad,35-82,"[4.88, 66.95]",0.1257,RFC 3339,British Pound,6358,46-51,UTF-16,55.19,28-71,79.9218,-11.9234,0.742,60403-41-9,Safari,"[0.8766, 0.3399, 0.0803, 0.343, 0.179, 0.4186, 0.816, 0.4543]",Wright et al. (2025),,9289,7 days,15-54,_ga=8167651165.7351571,47.4474,7880.9773,44.2531,0.8923,127.5323,raw.events -> reports,0032397250805,"[-1.5426, 0.9875, -0.568, -0.6131, 0.9685, -0.2253, -0.8912, -1.8658]",[INTERNAL] Q1 strategy review pending board approval,144.9,Cash,"[-0.4169, 0.228, 1.351, 0.7471, -0.3718, 0.9486, -0.3279, 0.5967]","16 6 * * 0,6",97.6524,990,WebSocket,sk_QtIQoJc2eQAITEhbCJaCSlLzEhC0mPyZ,hr.employees,"[0.6342, -1.5445, 0.4704, 2.1083, 0.7998, 0.5768, 0.8984, -1.3248]","[0.6733, -0.0436, -0.7714, 0.0287, 0.1512, -0.2887, 0.2244, 0.1796]",NO,53.3,38.05,Smith et al. (2021),-0.8377,281,-99.0711,71.08,lb,41.66%,17.58%,"status IN ('active','pending')",5283,84396.9,"[0.0125, 0.4932, 0.2475, 0.1825, 0.7347, 0.0505, 0.6834, 0.3898]",81.29,2277.3736,NaCl,47.41,Low,2022-01-20 10:03:18,H2O,15.67,-0.5122,-3.3378,0.2939,+44-XXXX-XXXXXX,Widowed,9598.9236,/var/data/batch_420.xml,49.5,CZ9QWTFQ9W3SL1E39,https://example.com/users/204084b0/profile,11.47%,Figure 18: Distribution,9.6477,E. coli
-850.4851,EMP82980,0,9155,Widowed,,Pizza,7-70,"[35.55, 62.33]",0.014,W3C Date,Euro,6349,21-57,UTF-16,-38.4129,23-65,94.6395,32.6479,-0.2446,32104-61-4,Edge,"[0.1821, 0.3287, 0.3724, 0.2496, 0.5162, 0.2413, 0.9157, 0.1102]",Young et al. (2008),2024-03-21T18:35:50Z,1734,1 year,22-97,_ga=8850143930.4462748,8.3279,228.9594,26.883,3.0853,1018.3995,staging.users -> reports,6813753761471,"[-0.8962, -0.5015, 1.487, -1.0661, 1.0074, 0.2459, 1.2293, 0.7296]",[INTERNAL] Q2 strategy review pending board approval,84.3,Credit Card,"[-1.7339, 0.4792, -0.8816, -1.1354, 0.7194, 0.9695, 1.5664, 2.7392]","37 17 * * 0,6",1.7243,189,FTP,sk_zjeXDIDbJ7d7MPDuYtFiQH2uNJdd1Ycs,sales.orders,"[1.22, -1.1314, 1.5909, -0.0311, -0.6349, -0.8112, -1.3728, 1.7519]","[0.6284, 0.2735, 0.0194, 0.3949, -0.1314, 0.3584, 0.7188, 0.2411]",true,26.1,43.07,White et al. (2008),-0.1822,877,38.6617,14.29,ft,-32.44%,-20.66%,"status IN ('active','pending')",246,73112.4,"[0.7197, 0.2989, 0.7191, 0.91, 0.8458, 0.9301, 0.4952, 0.6207]",86.17,-715.6073,NaCl,70.96,High,2023-09-05T04:41:38Z,H2O,0.6,0.7347,28.3362,0.2343,+81-XX-XXXX-XXXX,Single,3155.9188,/var/data/batch_718.csv,38.39,TFYPPO3WPBNVWLQAF,https://example.com/users/50a701e0/profile,-22.07%,Figure 9: Timeline,30.5194,Fe2O3
-963.8338,EMP80475,1,3129,Married,,Sushi,25-70,"[16.35, 90.44]",-0.2589,W3C Date,Euro,5333,19-82,ISO-8859-1,-70.3065,43-87,43.355,19.8693,0.5636,76191-58-4,Opera,"[0.2789, 0.9525, 0.0195, 0.4563, 0.4226, 0.1386, 0.5941, 0.3716]",Garcia et al. (2012),,640,30 days,16-70,_ga=1565329231.4978281,43.6815,5808.464,24.2033,12.8325,2457.0493,staging.events -> reports,7161847383624,"[0.4737, 0.1715, 2.2781, -0.4912, -0.2919, 1.2188, -1.5575, 0.5971]",[INTERNAL] Q1 strategy review pending board approval,33.6,Check,"[-1.5933, 0.6355, -1.5257, 1.8356, 0.3059, -0.9892, -0.4014, 0.1668]",16 6 * * 1-5,-52.4001,68,FTP,sk_7htY2rKHz9n5izZT6L2QO1XPkFoZARlo,hr.employees,"[0.0939, -0.0404, 0.6961, 0.5391, -0.2693, -0.4611, -1.9845, 0.3548]","[0.3655, 0.1796, 0.2044, 0.1752, -0.0205, 0.2222, -0.8574, -0.1211]",true,25.0,24.9,Jackson et al. (2002),-0.6883,431,-25.4313,21.68,m,-28.7%,9.26%,"status IN ('active','pending')",3670,75749.2,"[0.8122, 0.9494, 0.1016, 0.5524, 0.0392, 0.2176, 0.8396, 0.33]",88.54,-578.6185,H2O,54.15,Info,2020-11-11T10:43:52Z,Homo sapiens,96.99,0.6842,39.9899,-0.0641,+1-XXX-XXX-XXXX,Widowed,221.9842,/var/data/daily_927.json,9.67,NPJEXPGKP2J59PB4P,https://example.com/users/5fc172da/profile,26.36%,Figure 9: Distribution,22.8082,Fe2O3
3518.989,EMP57186,1,3568,Divorced,,Pasta,19-76,"[8.32, 74.97]",-0.7797,ISO 8601,Japanese Yen,998,3-85,ASCII,-6.9939,47-92,-43.722,36.2872,0.3183,37489-97-6,Firefox,"[0.1469, 0.8264, 0.3602, 0.4486, 0.7569, 0.1958, 0.769, 0.7474]",Miller et al. (2012),,9931,indefinite,19-92,_ga=8147412156.2898514,49.3748,4778.1154,10.899,25.3365,-864.5592,raw.events -> reports,7617564850929,"[-1.8414, -0.2468, 0.5048, -2.7513, -0.1762, 0.2386, 2.0547, -2.0287]",[INTERNAL] Q4 strategy review pending board approval,312.5,Credit Card,"[0.7429, -0.5945, 0.5382, 0.1341, -0.2358, -1.5848, -0.2864, -1.0918]","5 17 * * 0,6",-65.808,631,SSH,sk_ZydH7Z6ylDJL8uSRRSPUnNIilKY1CECy,hr.employees,"[1.0007, -0.2979, 0.2446, 0.3514, 0.1915, 0.79, -1.1261, -0.6774]","[0.3968, -0.1936, -0.145, 0.1539, 0.4043, 0.0305, 1.0644, 0.2753]",false,22.9,87.58,White et al. (2008),0.8889,852,52.6524,1.59,m,31.23%,7.09%,age >= 18,3886,51561.6,"[0.8631, 0.4433, 0.9667, 0.1843, 0.2689, 0.2611, 0.518, 0.5079]",89.7,3697.3133,NaCl,39.99,Info,2026-07-24T16:32:50Z,C6H12O6,31.16,0.5265,31.7887,-0.0058,+44-XXXX-XXXXXX,Married,8982.9629,/var/config/daily_283.xml,97.83,Q3RF4150GO48VEUVY,https://example.com/users/49ff3bda/profile,39.02%,Figure 4: Overview,44.952,Homo sapiens
2776.9165,EMP85522,1,8274,Widowed,,Sushi,39-84,"[27.53, 96.68]",0.0764,POSIX,Euro,7579,27-59,UTF-16,88.6358,38-80,69.8593,-71.3442,0.7317,39404-99-1,Brave,"[0.3597, 0.4787, 0.8235, 0.6345, 0.3194, 0.3989, 0.0978, 0.5381]",Thompson et al. (2019),,5208,7 days,15-97,_ga=0749397862.6888855,21.1072,2353.0671,1.3915,37.3212,9303.097,curated.events -> reports,7673471820166,"[0.7254, 1.1906, -1.4996, 1.4967, 0.0333, -1.2996, 1.4687, 0.8639]",[INTERNAL] Q3 strategy review pending board approval,59.5,Wire Transfer,"[-1.7948, 0.3194, 0.1721, -0.1187, 2.0202, -0.4689, -0.2559, -0.0595]",52 12 * * *,80.3633,135,MQTT,sk_quIUc7vgA7awWHnA7rXciG8tMP072Vqv,analytics.events,"[0.3975, 1.4706, -0.2489, 1.0442, 0.8295, 0.021, -0.8896, 0.0642]","[-0.2816, -0.5159, -0.4144, 0.5142, -0.0517, 1.4268, 0.5185, -0.789]",false,55.8,29.47,Smith et al. (2015),0.644,993,-23.5067,3.11,L,-46.98%,-44.97%,age >= 18,6946,82288.7,"[0.3254, 0.4296, 0.6875, 0.7834, 0.6073, 0.6616, 0.1898, 0.5897]",21.02,7555.1849,Homo sapiens,99.5,High,2025-02-11T10:04:10Z,E. coli,97.8,0.0447,45.3624,0.8348,+44-XXXX-XXXXXX,Widowed,3837.6481,/var/logs/daily_102.yaml,2.83,O5324FP0EG6QVKCK0,https://example.com/users/7463ff3a/profile,-29.38%,Figure 17: Timeline,38.9244,E. coli
3824.319,EMP35373,0,9069,Married,,Sushi,29-70,"[18.85, 77.52]",-0.5622,ISO 8601,Japanese Yen,6958,31-63,Latin-1,-85.3438,17-73,33.2887,59.43,-0.8972,48224-91-0,Opera,"[0.2571, 0.2681, 0.0685, 0.1187, 0.5635, 0.2863, 0.2645, 0.1243]",Clark et al. (2021),,6830,indefinite,13-92,_ga=0477688832.3195452,29.4708,9228.9173,8.5772,29.5017,8126.5426,raw.events -> analytics,0586026721200,"[-0.1936, -0.0592, 0.1359, 1.792, -0.4251, -0.6689, -1.5543, -1.1719]",[INTERNAL] Q3 strategy review pending board approval,299.8,Check,"[-0.6279, 1.2891, 0.9436, -0.2682, -1.1907, -0.1419, -0.0785, 2.1919]","47 19 * * 0,6",-28.8544,776,SSH,sk_sExlkhqjcUzId9z52cP9d4lZHT6vOWyR,analytics.events,"[-0.5774, -0.3351, -0.5339, -1.3828, -0.4718, -0.2806, -0.9567, 1.7971]","[-0.0489, -0.0885, 0.7461, -0.0732, 0.5102, -0.073, -0.9175, -0.3604]",NO,0.7,65.01,Williams et al. (2010),-0.836,424,-96.0947,12.23,kg,-46.7%,48.48%,NOT NULL,3197,75026.3,"[0.2604, 0.1228, 0.7186, 0.9676, 0.5092, 0.7824, 0.0709, 0.172]",87.43,1743.0125,NaCl,67.76,Critical,2019-12-09 05:13:50,H2O,62.61,-0.8303,-38.0775,0.1058,+44-XXXX-XXXXXX,Single,-586.1964,/var/tmp/export_747.csv,10.01,LU13Z5PBAKHYAXHZ7,https://example.com/users/47c32aa0/profile,26.62%,Figure 18: Overview,36.419,C6H12O6
1487.0065,EMP25298,1,8005,Divorced,,Pasta,37-58,"[34.35, 76.16]",-0.7483,IEEE 754,British Pound,5013,0-75,Latin-1,-90.271,37-55,70.1377,49.9447,-0.3737,93069-37-1,Chrome,"[0.0873, 0.1063, 0.5925, 0.1992, 0.0912, 0.9286, 0.0837, 0.0376]",Taylor et al. (2018),,7033,1 year,17-67,_ga=3017310006.4932346,31.8451,1455.2735,49.0097,9.9948,546.1158,staging.events -> exports,3229444239102,"[0.872, -0.8748, -0.5996, -0.3571, -1.0743, -0.7001, 0.3833, -0.6356]",[INTERNAL] Q3 strategy review pending board approval,181.8,PayPal,"[-0.967, -1.3442, 0.0278, -1.3783, 2.9511, -0.4777, 0.6384, -0.6165]",8 8 * * *,-99.3191,87,gRPC,sk_gQeAfuD04DrdOv0R6YPocOj3MwFBJf9j,analytics.events,"[0.0958, -0.3521, 0.5094, -0.8229, -1.3119, -0.8172, -0.3001, -0.6927]","[0.1236, -0.4804, 0.9056, -0.409, 0.3658, -0.4842, -0.0322, 0.2079]",NO,91.6,54.89,Lewis et al. (2007),-0.9429,706,-99.5022,53.38,m,-32.13%,0.07%,"status IN ('active','pending')",3564,38697.3,"[0.4933, 0.8516, 0.6823, 0.3959, 0.6878, 0.3811, 0.6038, 0.3616]",7.76,1507.1646,E. coli,67.12,High,2022-01-15 12:31:43,NaCl,80.04,-0.4404,-31.8359,0.5262,+1-XXX-XXX-XXXX,Widowed,2327.4785,/var/exports/daily_473.parquet,27.62,E3C3VZJTCV35KHGT9,https://example.com/users/0e6feacd/profile,-26.84%,Figure 5: Comparison,8.1777,H2O
790.0554,EMP31590,0,7357,Single,2019-12-17T09:18:49Z,Pizza,17-99,"[14.79, 70.0]",0.3941,W3C Date,Swiss Franc,1545,45-95,UTF-16,17.253,37-59,-34.7632,63.4955,0.5409,95201-56-1,Safari,"[0.6626, 0.3951, 0.1487, 0.801, 0.0903, 0.1588, 0.007, 0.1727]",Brown et al. (2003),,1695,30 days,27-58,_ga=0287096621.6139186,24.6857,9330.8182,45.9424,21.9223,3148.0423,staging.events -> exports,0838478183237,"[0.1814, -1.7742, -0.9062, -1.1558, 0.1792, 0.2089, -0.8784, 1.725]",[INTERNAL] Q1 strategy review pending board approval,459.4,Credit Card,"[-0.2452, -1.4724, -0.8129, -0.2613, 1.8256, -1.8731, -0.156, 1.4679]",7 18 * * 1-5,22.1636,970,FTP,sk_kYZ6lV4Ye7W7HC5dHj2H3z18HUSKKfCh,sales.orders,"[-1.5747, -0.2902, 0.6062, -0.5391, 1.5632, -0.6115, -0.3787, -1.7787]","[0.0034, -0.1582, 0.5499, -0.0503, 0.4675, 0.4402, -0.234, -0.4046]",false,69.2,89.0,Thomas et al. (2004),0.1494,801,-58.0313,26.64,lb,-23.91%,-18.34%,"status IN ('active','pending')",6624,28922.8,"[0.3619, 0.4886, 0.6502, 0.0905, 0.5841, 0.6257, 0.5597, 0.5992]",37.66,2139.6,C6H12O6,47.84,Low,2023-05-26 19:49:02,H2O,45.9,-0.9092,95.6811,-0.8989,+81-XX-XXXX-XXXX,Single,3116.6297,/var/data/batch_363.json,3.19,VM2VOYU6LJ3U6U9Z6,https://example.com/users/df4a5a9a/profile,-47.78%,Figure 2: Distribution,29.9353,H2O
7602.5898,EMP48244,1,6369,Widowed,,Steak,49-73,"[23.48, 85.84]",-0.8864,POSIX,US Dollar,6315,23-90,UTF-16,-3.46,14-61,51.5355,14.029,-0.6651,93884-22-1,Safari,"[0.6963, 0.7257, 0.2825, 0.5129, 0.2514, 0.0589, 0.5839, 0.8097]",Robinson et al. (2024),2023-03-09 11:23:49,2917,30 days,27-69,_ga=7511452264.6572282,19.2459,442.5958,21.2236,25.6302,-443.8953,raw.events -> reports,3435958322310,"[-0.3205, -0.0572, 0.291, 0.69, 0.7026, 0.2437, 0.0194, 1.1228]",[INTERNAL] Q4 strategy review pending board approval,368.4,Cash,"[1.0355, 0.0343, 1.2063, -2.3158, 1.639, -0.0016, 0.3738, 0.8264]",21 1 * * 1-5,92.8555,783,HTTPS,sk_LjUTsU8m5LsnBSsd2XgAKMAdwOlcZKmF,sales.orders,"[1.0481, -0.6749, 0.5487, -0.0769, 0.8603, 1.1085, 0.2677, 1.0797]","[-0.4796, -0.3779, 0.3402, -0.2109, -0.0984, -1.1779, -0.5637, 0.8122]",NO,91.5,4.58,Harris et al. (2014),0.0939,80,-44.4278,85.26,L,-12.59%,14.66%,NOT NULL,4559,92116.0,"[0.6793, 0.9058, 0.643, 0.2705, 0.7107, 0.0422, 0.6308, 0.3314]",3.55,9857.7373,Fe2O3,50.06,Medium,2023-03-11 05:38:34,C6H12O6,34.42,-0.7814,14.8185,-0.7766,+1-XXX-XXX-XXXX,Divorced,3245.2364,/var/uploads/daily_794.json,60.17,R2ZK4IORCFVUZ7TTZ,https://example.com/users/a81011a2/profile,-27.19%,Figure 4: Distribution,38.2991,Fe2O3
7078.9535,EMP10096,1,8258,Single,,Salad,33-86,"[8.9, 89.22]",0.0811,ISO 8601,US Dollar,9149,44-59,Latin-1,78.9778,30-73,-13.9821,52.7612,-0.8568,70003-81-5,Chrome,"[0.3093, 0.8808, 0.3735, 0.8968, 0.2784, 0.5419, 0.2704, 0.6891]",Johnson et al. (2014),,2526,7 days,25-62,_ga=7782472152.5474091,13.7695,3677.7103,26.1086,39.0588,1958.8197,raw.events -> exports,1803289451696,"[0.4984, -0.0462, -0.4315, 1.309, 0.7094, -0.2253, 0.2323, 1.6531]",[INTERNAL] Q1 strategy review pending board approval,271.6,Check,"[-1.134, -0.9656, 0.8997, -0.5561, 1.4274, 0.4865, -2.3442, 0.6852]",37 1 * * 1-5,-77.5141,668,HTTPS,sk_XBLWCysTwlf0IEzyTUocbnRewZTKA9Z9,public.users,"[-0.6096, 0.6992, -1.3963, -1.7658, 1.6067, -0.3866, -0.0204, 0.6436]","[0.0211, -0.172, -0.1817, 0.5094, 0.3203, -0.018, -0.0174, -0.2466]",false,59.1,97.5,Young et al. (2019),-0.2661,251,14.2385,29.03,ft,17.81%,34.86%,NOT NULL,9302,30688.0,"[0.0978, 0.8691, 0.1367, 0.452, 0.377, 0.8771, 0.748, 0.9543]",17.05,990.248,C6H12O6,53.62,Info,2021-02-11 20:11:15,H2O,84.55,0.0603,-20.9688,0.8975,+81-XX-XXXX-XXXX,Widowed,3992.0723,/var/uploads/export_603.parquet,92.8,5AD01MQIBGV1S67OE,https://example.com/users/535ca0f6/profile,-49.68%,Figure 20: Comparison,38.5043,Fe2O3
5853.1229,EMP84374,1,7434,Widowed,,Pasta,29-70,"[19.55, 93.43]",-0.7801,RFC 3339,British Pound,7682,18-87,UTF-16,-66.7029,17-78,51.4234,71.6129,-0.1012,76533-90-0,Brave,"[0.9554, 0.7602, 0.9487, 0.5211, 0.1101, 0.278, 0.2558, 0.143]",Thompson et al. (2006),,8769,indefinite,31-54,_ga=3722684642.2182088,26.4088,8090.3166,8.7359,36.5921,3796.3498,staging.orders -> exports,5194513870102,"[0.8387, 1.2686, -0.5002, -0.3695, -1.074, 0.9102, -1.9167, -0.789]",[INTERNAL] Q3 strategy review pending board approval,69.3,PayPal,"[2.16, 0.3497, 1.166, -0.4381, -0.4603, 0.155, -0.3666, 1.2393]",26 10 * * 1-5,1.4278,695,MQTT,sk_j3U1DUYno3QVwsSZ86RmqY5R0KARoJD9,sales.orders,"[-1.796, -1.2881, -0.1272, -1.1585, -0.7707, -1.9822, 0.3025, 1.2785]","[0.6285, 0.4005, 0.3337, -0.1426, 0.3324, -0.2481, 1.0902, -0.1856]",NO,93.2,90.13,Rodriguez et al. (2010),-0.6452,303,25.6675,9.22,°C,18.61%,1.08%,NOT NULL,6914,56677.2,"[0.7421, 0.777, 0.3897, 0.6042, 0.9693, 0.3826, 0.425, 0.7621]",27.34,3001.3946,E. coli,69.94,Critical,2026-02-13T18:24:41Z,NaCl,4.65,-0.4916,92.3429,0.7928,+81-XX-XXXX-XXXX,Single,8344.9836,/var/logs/daily_320.json,72.64,FHS8OJMUNS9U5G6V9,https://example.com/users/cbbc5aae/profile,-26.87%,Figure 17: Overview,7.2969,Fe2O3
6887.8013,EMP67903,0,1322,Married,,Tacos,42-82,"[5.46, 95.9]",-0.1491,IEEE 754,Japanese Yen,7092,4-65,UTF-8,91.784,32-54,-30.0439,43.3574,-0.0133,37958-20-6,Opera,"[0.1932, 0.2206, 0.4017, 0.1304, 0.2992, 0.9009, 0.4649, 0.9845]",Williams et al. (2005),,6226,7 days,43-99,_ga=9101144744.7601880,0.9877,5930.7467,17.0399,22.6263,-531.2641,staging.events -> exports,7191133376400,"[2.3475, 0.2149, 0.3856, -0.1892, 0.1746, 0.2769, -0.6057, 2.8216]",[INTERNAL] Q3 strategy review pending board approval,310.1,Credit Card,"[-0.4911, 0.4802, 0.5366, 1.0873, -0.3157, 0.5615, -1.8124, -0.0915]",0 10 * * 1-5,-75.3819,379,SMTP,sk_0xPU7g5Fqyi9fUzcfLIVSlO6PXlCgdTR,hr.employees,"[-0.0861, -1.4804, -0.6832, 0.2244, 1.7226, 0.1031, -0.4353, 0.8614]","[0.6612, -0.0018, -0.0157, 0.6408, -0.5317, -0.0251, -0.3134, 0.1885]",false,9.1,45.17,Martin et al. (2004),0.0807,779,-24.0273,22.13,°C,-3.08%,-32.93%,NOT NULL,8866,62147.3,"[0.4564, 0.5023, 0.4572, 0.5552, 0.8914, 0.2018, 0.7982, 0.0651]",95.78,2922.597,E. coli,30.74,Low,2025-04-15T20:39:54Z,E. coli,69.18,-0.7746,-31.8353,-0.5682,+81-XX-XXXX-XXXX,Divorced,9012.6353,/var/config/export_723.xml,21.08,OYQNDANG8S318OQ61,https://example.com/users/be8e0138/profile,15.85%,Figure 1: Comparison,45.8548,Homo sapiens
-740.2957,EMP60517,1,1889,Widowed,,Pizza,37-94,"[15.43, 95.9]",-0.7492,POSIX,Japanese Yen,4861,28-57,ASCII,-17.1132,11-63,-84.3393,-37.5021,0.8649,1777-41-4,Edge,"[0.9451, 0.0202, 0.5813, 0.2046, 0.9364, 0.715, 0.4858, 0.8178]",Jackson et al. (2003),,7035,7 years,48-80,_ga=0807648761.1757688,1.405,4367.0369,39.9349,33.3089,9710.7458,raw.orders -> analytics,0547595551404,"[0.7712, 0.1656, -0.2154, 0.4536, 0.9414, 0.3597, 0.093, -1.9414]",[INTERNAL] Q4 strategy review pending board approval,262.9,Cash,"[0.0129, -0.638, 0.3898, 0.9749, 0.5501, 0.7186, -0.5097, 0.16]",41 20 * * *,44.834,389,HTTP,sk_WcEuO6WLyLaFzItiX4lwEzk9jlLralhn,hr.employees,"[-0.0571, 0.1378, -0.8527, 0.4178, -0.3273, 1.1155, -1.0016, -0.7617]","[0.0514, 0.5373, -0.2569, -0.172, 0.0098, -0.3515, 0.0907, -0.2742]",YES,51.9,43.82,Lee et al. (2012),0.357,865,-23.239,44.57,ft,37.96%,27.31%,"status IN ('active','pending')",2851,8408.6,"[0.1561, 0.1532, 0.0413, 0.7439, 0.8063, 0.7782, 0.5483, 0.197]",3.89,933.6042,Fe2O3,46.76,Low,2025-08-02T01:25:15Z,C6H12O6,16.45,-0.6098,92.9075,-0.6198,+81-XX-XXXX-XXXX,Widowed,6165.6818,/var/tmp/daily_534.json,8.69,VXVZWB2Z75L24X0FO,https://example.com/users/5f3b77a5/profile,21.25%,Figure 3: Timeline,34.275,C6H12O6
9473.819,EMP93361,0,9269,Divorced,,Salad,26-66,"[17.38, 92.04]",0.2527,RFC 3339,British Pound,447,39-63,Latin-1,-62.8931,8-59,22.0528,69.1495,0.5906,16521-93-5,Opera,"[0.4259, 0.8896, 0.3696, 0.8548, 0.6617, 0.553, 0.9142, 0.648]",Anderson et al. (2003),,4231,30 days,47-75,_ga=5779722827.4814613,39.4195,8220.5255,19.714,37.8211,8179.3765,curated.users -> reports,1848369418487,"[-0.5563, -0.0083, 0.541, -0.1794, 0.1965, -0.1295, -1.2937, -0.188]",[INTERNAL] Q4 strategy review pending board approval,132.9,Debit Card,"[0.8117, 2.1064, 1.1799, -1.2684, 0.5652, 0.4288, 0.467, 0.3473]",36 5 * * *,-62.2032,278,MQTT,sk_jtMcY0xuSxJUSxHKNnEjNvpDy4NuzcJx,sales.orders,"[-0.9075, -1.7418, 3.5369, 0.5135, 0.845, 0.1093, 0.0471, 0.9857]","[-0.0036, 0.1982, -0.4874, 0.1817, 0.3526, -0.1828, -1.0011, 0.0072]",false,37.5,14.54,Jones et al. (2015),-0.9035,812,37.9731,4.25,°F,-7.29%,-28.61%,"status IN ('active','pending')",5453,58923.1,"[0.5172, 0.7305, 0.2923, 0.1576, 0.5718, 0.568, 0.1949, 0.1083]",80.86,1030.3773,H2O,1.26,Medium,2025-12-26 16:59:11,Homo sapiens,7.43,-0.8567,15.3009,-0.7817,+81-XX-XXXX-XXXX,Single,-69.1916,/var/exports/export_327.xml,15.24,0LFF5D8CW9QMFD9S8,https://example.com/users/e76805d8/profile,39.86%,Figure 12: Timeline,48.9457,Homo sapiens
9017.5928,EMP77973,0,4742,Single,,Sushi,20-66,"[39.98, 84.87]",-0.0575,ISO 8601,Japanese Yen,1549,49-56,ISO-8859-1,-72.2772,16-83,-34.8827,-50.3836,0.6799,94420-20-4,Edge,"[0.8776, 0.3522, 0.8368, 0.2484, 0.469, 0.7849, 0.1843, 0.6517]",Davis et al. (2016),,2138,1 year,41-65,_ga=5554881582.7076673,32.0897,1332.1312,35.2645,48.3245,6495.0674,staging.users -> analytics,1675034341736,"[-0.5006, -0.6227, 0.7136, -0.5143, 0.7375, 0.3851, 1.1661, 0.8958]",[INTERNAL] Q1 strategy review pending board approval,181.9,Credit Card,"[-1.2559, -1.0275, 2.3487, -1.1056, -0.1234, -1.3238, 1.2992, -0.6929]","18 7 * * 0,6",-29.5944,283,HTTP,sk_GFfAUCFdyadFOxLtSDuFnMHrvy118KEo,hr.employees,"[-0.3, 0.8565, -1.6229, 2.091, 0.7297, 0.3715, -0.0738, 0.3526]","[-1.0815, 0.0912, 0.1599, 0.044, 0.3116, -0.0128, 1.1371, -0.4423]",false,93.2,4.06,Young et al. (2001),-0.9098,232,41.2559,13.37,ft,38.75%,-20.12%,"status IN ('active','pending')",1282,27653.6,"[0.4162, 0.1895, 0.6832, 0.6051, 0.4719, 0.7926, 0.2835, 0.1422]",90.23,9811.9734,E. coli,22.59,Low,2024-11-27 04:56:47,C6H12O6,72.65,-0.0282,27.4159,-0.5513,+1-XXX-XXX-XXXX,Divorced,7988.7681,/var/exports/batch_479.parquet,38.08,A8JU0LJMWETHMOQ6A,https://example.com/users/6f2eefd9/profile,-33.44%,Figure 6: Distribution,49.5589,H2O
-169.1311,EMP23082,1,3612,Single,,Pizza,37-54,"[12.24, 86.41]",0.4721,POSIX,Swiss Franc,2475,43-83,UTF-16,-54.1172,46-83,-46.6877,-67.8548,-0.7849,35718-85-4,Opera,"[0.8898, 0.5232, 0.6552, 0.4063, 0.0685, 0.0577, 0.9537, 0.2256]",Brown et al. (2006),,3773,indefinite,2-99,_ga=7454510472.2668115,25.3139,6966.448,45.5364,3.7168,2069.209,raw.users -> analytics,9250204775367,"[-1.0375, 0.587, -0.0849, -0.8411, 0.0329, 0.5109, 1.6892, 2.1577]",[INTERNAL] Q2 strategy review pending board approval,10.1,Cash,"[0.0189, 0.3799, 0.3452, 1.246, 0.3543, -0.601, 0.3387, 0.5668]",23 17 * * 1-5,1.1016,65,HTTP,sk_hYlh01Z0LX8S0ysK1tOUbEpxprJEXYtq,sales.orders,"[1.3057, -0.3765, 1.6524, 0.7669, -0.3247, -0.7229, -1.261, 1.3011]","[-0.5997, 0.4397, 0.043, -0.2717, -0.6823, 0.5452, -1.0435, -0.1763]",false,20.6,15.85,Brown et al. (2009),0.1902,631,68.0471,78.65,lb,-34.02%,25.26%,amount <= 10000,8783,63838.7,"[0.1002, 0.3989, 0.7019, 0.867, 0.9315, 0.4945, 0.8722, 0.9583]",35.13,3020.9222,C6H12O6,48.81,Medium,2019-06-11 21:08:42,Fe2O3,87.61,0.3915,32.1189,0.651,+1-XXX-XXX-XXXX,Single,7802.7496,/var/data/batch_849.yaml,49.86,PT06BBRVPN683O8AW,https://example.com/users/9dab54cf/profile,5.64%,Figure 9: Timeline,38.4891,Homo sapiens
8837.3675,EMP92475,0,51,Single,,Salad,44-85,"[26.1, 84.45]",0.9842,W3C Date,Japanese Yen,6515,6-81,ASCII,62.3604,7-74,-24.0573,12.649,-0.6096,13181-52-1,Opera,"[0.6193, 0.5468, 0.0166, 0.3458, 0.9189, 0.2935, 0.858, 0.336]",Robinson et al. (2001),,7609,7 days,9-63,_ga=8145253058.4974232,43.9207,7200.0689,17.8497,25.5112,4783.8461,raw.users -> exports,2928743242873,"[1.0986, 1.5845, 2.1605, 1.1728, 0.204, 1.3959, 1.0284, 0.361]",[INTERNAL] Q4 strategy review pending board approval,229.0,ACH,"[0.2279, -0.0752, 0.0139, 1.1334, 2.8163, 0.2861, -0.6946, 0.7484]","28 14 * * 0,6",-80.1417,110,MQTT,sk_mX9p1V887csqVlhgOuTLF4yYC04vHzOV,analytics.events,"[-0.2883, 1.5529, 0.2439, 0.0361, -0.6914, 0.5318, 1.1891, 0.7722]","[-0.3099, -0.6812, 0.6059, -0.5703, 0.0103, 0.3411, 0.1766, -0.2689]",NO,71.2,83.65,Harris et al. (2008),0.4901,261,-66.1671,13.53,L,17.9%,-23.78%,"status IN ('active','pending')",982,69580.3,"[0.0672, 0.8433, 0.549, 0.2627, 0.2723, 0.8093, 0.9123, 0.2054]",12.43,9048.7454,H2O,66.74,High,2018-05-18T14:42:45Z,C6H12O6,85.25,-0.7195,-9.926,-0.0154,+44-XXXX-XXXXXX,Widowed,-317.7048,/var/data/batch_154.log,34.83,8T5A9V9K1UIY2UX1S,https://example.com/users/004aa083/profile,18.03%,Figure 17: Overview,22.8654,E. coli
9574.5164,EMP45148,1,2698,Divorced,,Pasta,7-53,"[13.29, 99.53]",0.5107,IEEE 754,Euro,8165,39-75,ISO-8859-1,4.4427,40-58,69.0398,-68.2614,0.7718,8094-81-4,Chrome,"[0.1651, 0.8234, 0.2022, 0.5506, 0.9053, 0.344, 0.3924, 0.1256]",Taylor et al. (2010),,8514,indefinite,19-91,_ga=3951544376.9003666,40.1351,3489.5522,17.8085,4.2859,8131.194,staging.users -> exports,4612034957453,"[-1.3011, -0.2846, 0.8753, 0.0029, 0.8807, -0.2958, 0.7659, -1.0781]",[INTERNAL] Q4 strategy review pending board approval,366.2,Check,"[-0.9336, 0.2737, 0.0472, 0.6332, 0.7554, 2.1659, 0.901, 0.1101]",55 1 * * *,2.8053,278,HTTPS,sk_zj7fMbbXGFut7FdXzkX9Uu4JrSKa3ynD,sales.orders,"[-1.5734, 1.5157, 0.784, 0.2718, 1.3327, -2.1585, 0.5064, -0.8979]","[-0.2939, 0.1708, -0.4045, 0.1903, 0.069, 0.0486, 0.4301, 0.0419]",false,94.7,90.85,Lewis et al. (2024),0.8421,80,-7.1029,69.27,m,11.04%,27.45%,"status IN ('active','pending')",6571,17853.9,"[0.1377, 0.7304, 0.9639, 0.547, 0.8827, 0.8978, 0.62, 0.6552]",75.59,2676.6969,NaCl,24.21,Low,2025-05-28T02:34:47Z,E. coli,66.43,0.5726,-28.6076,0.5899,+44-XXXX-XXXXXX,Widowed,5582.3162,/var/config/export_244.csv,93.11,NB7YLEQPLS32KODUJ,https://example.com/users/1a0f4dfc/profile,-5.02%,Figure 12: Overview,42.8727,NaCl
6581.3056,EMP19895,1,9819,Married,,Curry,9-100,"[14.48, 92.48]",-0.9631,W3C Date,Swiss Franc,5207,50-90,Latin-1,39.886,22-80,-92.932,96.4036,-0.1363,50082-50-1,Brave,"[0.0772, 0.083, 0.3857, 0.3297, 0.4736, 0.6569, 0.7933, 0.9513]",Thompson et al. (2001),,9853,7 years,50-87,_ga=4295855086.3021581,27.1665,6305.0261,15.5752,17.7972,7636.1059,staging.events -> reports,1525697230013,"[-0.7268, 0.3889, -0.9802, -1.0237, -0.877, 1.7286, -1.329, -0.1294]",[INTERNAL] Q4 strategy review pending board approval,278.5,Debit Card,"[1.1975, 0.3135, 0.2769, -0.4127, -0.9766, -0.0794, -0.1794, -1.37]",36 0 * * *,76.1594,863,HTTP,sk_MXwuq3wRnwvYEe0DwRW2GLhrqaT4sgMY,public.users,"[-0.5957, -1.1786, 2.6631, 0.0597, -0.2519, -1.7875, 1.1211, -0.1852]","[0.2886, 0.221, -0.6385, -0.2412, -0.2717, -0.1902, -0.0291, 0.5602]",false,18.0,26.82,Young et al. (2024),0.3362,746,70.339,90.7,gal,48.25%,10.49%,NOT NULL,6013,62210.8,"[0.9427, 0.0793, 0.2812, 0.154, 0.4638, 0.5463, 0.9381, 0.2711]",94.96,4938.7963,NaCl,85.86,Medium,2021-08-19 08:56:32,Homo sapiens,44.05,-0.2795,-98.3591,-0.7794,+44-XXXX-XXXXXX,Single,5563.2245,/var/logs/export_436.csv,68.75,1QX0SDG8C3ZHXPG41,https://example.com/users/d5e0f406/profile,-47.62%,Figure 17: Timeline,6.1188,Fe2O3
601.6613,EMP78406,1,7521,Single,,Pizza,41-59,"[32.35, 76.7]",0.8992,IEEE 754,Euro,7176,43-61,ISO-8859-1,8.4945,50-53,32.2957,-16.6563,0.9797,70276-63-3,Firefox,"[0.5846, 0.6335, 0.4018, 0.9765, 0.9734, 0.4731, 0.2897, 0.1203]",Martinez et al. (2009),,7688,indefinite,13-94,_ga=6914105370.3245044,0.1863,9264.1468,42.0071,31.276,-186.6763,curated.users -> exports,0457989045846,"[0.3132, -1.6825, 2.0128, -1.9543, 0.8517, 2.2338, -0.0584, -0.4993]",[INTERNAL] Q3 strategy review pending board approval,365.6,ACH,"[-0.0479, 1.3938, -0.9804, -0.8368, 0.9425, 0.2704, -0.488, 0.0307]",20 1 * * *,59.6886,824,MQTT,sk_wROUMZ5hrjJcx0YMQUI2y8TES8dWajuq,public.users,"[0.2812, 1.1488, 0.7711, -0.5597, 0.7369, -0.9612, -1.8319, -0.057]","[-0.2836, 0.408, -0.479, -0.5087, 0.1858, -0.1926, 1.0798, 0.1571]",YES,83.6,56.42,Young et al. (2011),-0.8633,195,69.2592,11.69,°F,35.84%,-49.45%,"status IN ('active','pending')",2477,81964.8,"[0.7681, 0.287, 0.7144, 0.9009, 0.7332, 0.3153, 0.2921, 0.7373]",39.05,579.4774,Homo sapiens,98.84,Critical,2023-11-19 21:29:58,H2O,45.02,-0.1217,-92.4382,0.8125,+1-XXX-XXX-XXXX,Divorced,-298.9089,/var/config/export_296.log,68.27,J1TI65T12DU9JEHKD,https://example.com/users/ed29f890/profile,-12.5%,Figure 10: Timeline,10.5614,E. coli
3096.4137,EMP21203,0,6261,Single,2026-10-24T10:55:45Z,Pasta,33-77,"[35.1, 75.24]",0.5659,IEEE 754,Japanese Yen,2030,10-95,UTF-16,-60.023,19-70,-61.6881,10.6786,-0.5227,22995-42-4,Chrome,"[0.0844, 0.6368, 0.7898, 0.8244, 0.1014, 0.7464, 0.3941, 0.2539]",Moore et al. (2019),,7981,1 year,26-94,_ga=5383979968.2743455,31.0243,1740.72,18.4551,5.8562,4789.7188,curated.orders -> reports,2658855532736,"[-0.3226, -2.7113, 0.035, -0.3815, 0.9324, 0.5077, 1.2167, 1.3112]",[INTERNAL] Q1 strategy review pending board approval,456.4,PayPal,"[-1.2526, -1.7377, 0.5713, 0.2949, -1.2641, -0.1523, 0.3127, 1.2484]",4 11 * * *,75.237,632,SMTP,sk_sfag48eZRt2CGwKFRZqnbl2fOlvPsNOb,analytics.events,"[0.3196, -1.019, -0.6897, 0.5526, -0.8516, 1.6062, -0.1757, -1.0228]","[0.3193, -0.192, -0.3648, -0.2647, 0.3105, 0.4987, 0.4362, -0.2075]",NO,81.8,71.19,Lee et al. (2005),0.0742,371,58.2455,43.83,kg,-13.62%,-0.6%,"status IN ('active','pending')",1970,32237.3,"[0.3934, 0.1753, 0.0712, 0.0916, 0.4585, 0.3337, 0.9724, 0.4761]",63.79,8056.3434,Homo sapiens,70.18,Info,2023-02-21T06:31:38Z,H2O,36.87,0.2887,47.6516,-0.6423,+81-XX-XXXX-XXXX,Married,8090.7273,/var/config/batch_692.parquet,64.78,3U3PUR04T18IY5BRW,https://example.com/users/a167a2d4/profile,-24.0%,Figure 3: Timeline,9.2974,E. coli
8585.2572,EMP51909,1,2971,Single,,Pizza,29-84,"[14.94, 99.79]",0.9364,RFC 3339,Swiss Franc,7417,31-67,ASCII,20.6262,49-60,71.4768,-86.2662,0.4017,40127-70-7,Opera,"[0.8021, 0.0487, 0.295, 0.8876, 0.3521, 0.5892, 0.7425, 0.3615]",White et al. (2013),,3837,7 days,42-78,_ga=6680733416.1326132,46.9401,2737.6908,33.4303,26.9042,7963.6546,raw.orders -> reports,3642719518940,"[-0.2223, 0.3571, -1.3734, -0.0007, 0.8022, -1.2274, 0.8562, -0.9661]",[INTERNAL] Q1 strategy review pending board approval,53.5,Debit Card,"[-0.1822, -0.1442, 0.0917, 1.5852, -1.448, -0.2462, -0.5437, -0.1975]",48 10 * * 1-5,-91.3428,297,FTP,sk_gbzpqvbpkELYjrt29E6VRg5H2HECP2WK,analytics.events,"[1.0121, 0.9219, 0.6476, -0.2383, -0.8442, -1.0729, 0.6594, -0.3725]","[-0.5192, -0.1829, 0.4144, 0.4833, -0.0914, -0.0612, -0.2264, 0.0984]",NO,50.3,81.89,Smith et al. (2004),0.7772,784,-63.0445,31.15,kg,-22.21%,46.21%,age >= 18,4195,41638.6,"[0.147, 0.6197, 0.5627, 0.3286, 0.8757, 0.1714, 0.5848, 0.4833]",42.57,98.1694,E. coli,22.26,Medium,2019-08-17 21:21:41,H2O,1.06,-0.9599,-33.5831,0.6154,+81-XX-XXXX-XXXX,Divorced,4666.0983,/var/logs/export_672.json,73.87,7IMQ7PNMAA9T683Z0,https://example.com/users/2f707207/profile,-45.26%,Figure 9: Overview,13.7045,Homo sapiens
-265.8316,EMP80737,1,3038,Married,,Pizza,16-72,"[22.79, 76.19]",-0.497,POSIX,Euro,4475,34-58,ASCII,-54.5907,39-52,-0.8852,55.2852,0.694,52035-84-2,Firefox,"[0.7993, 0.6903, 0.9968, 0.1973, 0.2265, 0.9076, 0.3361, 0.6599]",Martin et al. (2026),,1428,30 days,23-55,_ga=3048223349.9794032,23.9166,2389.7473,41.5697,13.9977,6222.8288,staging.users -> reports,8078239625061,"[0.4898, -1.9328, 1.0025, 1.1703, 0.3172, 1.7356, 1.2292, 0.503]",[INTERNAL] Q1 strategy review pending board approval,405.4,ACH,"[0.3644, 1.4141, 1.0458, 2.3093, 0.6703, -0.8398, -1.1768, 0.8561]","7 4 * * 0,6",-58.1385,92,SMTP,sk_YkCfyxTYow9htB3c8nEulnvuk0ZD4h8X,public.users,"[0.493, 0.4127, -0.3424, -1.0543, 1.8164, 0.6346, 0.3348, 0.348]","[-0.3182, -0.0173, -0.202, -0.3794, 1.0742, -0.3247, 0.3522, -0.6759]",YES,20.8,21.87,Walker et al. (2008),-0.5905,865,-23.2184,97.41,lb,4.89%,41.61%,"status IN ('active','pending')",5539,39751.8,"[0.2421, 0.1978, 0.2996, 0.3, 0.4475, 0.6075, 0.7268, 0.6194]",50.51,8173.6336,H2O,84.05,Critical,2022-05-06T05:25:55Z,H2O,26.76,-0.255,69.6255,-0.824,+1-XXX-XXX-XXXX,Single,1819.5436,/var/uploads/batch_702.log,89.41,UB9O51P3BR8OMJ3YW,https://example.com/users/ec61c15a/profile,-31.12%,Figure 13: Distribution,14.4081,C6H12O6
9248.1596,EMP12018,0,2612,Married,,Pasta,7-84,"[13.93, 60.65]",0.9564,ISO 8601,Swiss Franc,6838,7-90,UTF-16,26.8221,29-94,-80.7014,-90.0159,-0.7548,44309-69-8,Chrome,"[0.4176, 0.9396, 0.4287, 0.2923, 0.4131, 0.0766, 0.9068, 0.152]",Garcia et al. (2018),,8830,1 year,45-69,_ga=5308746990.5522548,25.2462,9855.4508,38.3786,6.5165,-650.7649,raw.orders -> reports,8407578968009,"[-0.1763, -0.6198, -0.8465, 0.6736, 3.0122, 0.2016, 0.9817, 1.6495]",[INTERNAL] Q2 strategy review pending board approval,293.8,Check,"[0.8147, -0.3754, 1.628, -0.0993, 0.9813, 1.0117, 0.6495, 1.7156]","7 0 * * 0,6",-60.2179,541,SSH,sk_8OaIUqoCmEha8kCd1paoP4G4ZOPZpE9x,public.users,"[0.8832, 0.9659, 0.5082, 1.6192, 0.2371, 0.9329, -0.4761, -0.5939]","[0.5509, -0.1393, -0.0746, 0.2294, 0.2024, -0.2551, 0.0764, 0.0325]",true,37.2,8.5,Smith et al. (2020),-0.1026,281,43.7475,78.53,kg,31.57%,-39.89%,"status IN ('active','pending')",8455,73533.4,"[0.0158, 0.0784, 0.7833, 0.919, 0.0336, 0.5341, 0.7587, 0.8353]",73.17,9256.1225,Fe2O3,57.06,Low,2020-11-09 04:30:07,NaCl,53.03,-0.347,-99.877,-0.7485,+81-XX-XXXX-XXXX,Divorced,5330.8873,/var/tmp/export_733.parquet,80.78,84IH12PIRHMVOWA99,https://example.com/users/cf39ae90/profile,-0.62%,Figure 15: Distribution,1.2414,Fe2O3
3163.3732,EMP38586,0,6492,Single,2025-07-13T18:12:41Z,Pizza,41-57,"[18.31, 88.98]",0.4727,IEEE 754,Euro,1291,1-73,ISO-8859-1,-63.7457,0-53,47.4862,48.5678,-0.3211,13043-84-1,Brave,"[0.2407, 0.4712, 0.8713, 0.1394, 0.4221, 0.9392, 0.0421, 0.5645]",Williams et al. (2008),,300,indefinite,29-93,_ga=8771564666.2685270,37.5403,2540.7679,17.0516,3.5862,5150.0502,raw.events -> analytics,2973263857092,"[1.1781, 0.7861, -0.5324, -0.5035, -2.0874, 0.6799, 1.3305, -0.8297]",[INTERNAL] Q1 strategy review pending board approval,36.9,Credit Card,"[0.2927, 1.6727, -0.3996, -1.5075, -1.793, 1.1095, 0.7347, -2.149]",29 21 * * *,5.0,358,HTTPS,sk_dPzjTGpeBMvCW2RIUqbLtrerK9GcSmAV,analytics.events,"[0.0407, 0.1731, 0.0942, -1.9629, -0.0818, -0.1908, -0.2897, -1.7647]","[0.0275, -0.5258, 0.0878, -0.6181, -1.2433, 0.3421, -0.0617, 0.1047]",YES,10.8,5.6,Thomas et al. (2015),0.316,577,36.9923,29.08,ft,-15.63%,-41.1%,amount <= 10000,1283,3157.6,"[0.6309, 0.3372, 0.4084, 0.9956, 0.3719, 0.809, 0.5376, 0.1913]",7.87,7429.9605,Fe2O3,51.67,Info,2018-10-23T13:31:08Z,Homo sapiens,33.96,-0.3686,-19.91,0.0515,+44-XXXX-XXXXXX,Married,6173.8203,/var/uploads/daily_467.yaml,28.46,ZR9Y4HFKV3I0KZTZK,https://example.com/users/7dfb3189/profile,30.15%,Figure 14: Timeline,41.8888,NaCl
-304.3016,EMP69752,0,5369,Married,,Steak,13-86,"[28.98, 61.39]",0.4862,W3C Date,US Dollar,4644,38-97,ISO-8859-1,79.6569,35-85,-5.1643,-21.1616,-0.6029,17983-41-1,Opera,"[0.9714, 0.2795, 0.313, 0.0619, 0.4088, 0.6248, 0.4717, 0.8438]",Harris et al. (2025),,4954,7 days,5-74,_ga=5699155507.4158535,39.6528,8938.4674,30.7459,43.6421,-762.4874,raw.orders -> reports,5799567844390,"[-1.0471, 0.3969, -1.6456, 0.3936, 2.2949, 0.3785, 0.2514, 0.8808]",[INTERNAL] Q2 strategy review pending board approval,99.3,Wire Transfer,"[-0.2111, -1.0236, 0.0553, 0.9273, 0.8287, -0.123, 0.7637, 1.0444]",36 11 * * 1-5,89.1895,258,FTP,sk_7x6tEBZrbQg4xyLjEnmGer48XrczVzqq,sales.orders,"[-0.1263, -0.527, -1.3549, -0.7322, -0.6443, -0.4533, 1.418, -0.3101]","[-0.7581, -0.3913, 0.5527, -0.0562, -0.1094, 0.6431, 0.2624, -0.3176]",NO,71.6,69.2,Anderson et al. (2006),0.087,877,-83.1182,90.13,kg,-49.73%,16.38%,"status IN ('active','pending')",6963,9674.0,"[0.2825, 0.1283, 0.4799, 0.5844, 0.7538, 0.1555, 0.2066, 0.3627]",37.17,3167.0996,H2O,79.76,Low,2021-07-28T23:55:38Z,E. coli,96.17,0.6355,-97.1098,-0.3908,+1-XXX-XXX-XXXX,Married,6004.8781,/var/config/export_605.csv,72.35,AAYEQAENNXHXXO90N,https://example.com/users/1b35a527/profile,8.25%,Figure 10: Comparison,22.8726,H2O
7720.9717,EMP95732,0,8487,Single,2019-03-10T03:06:30Z,Pizza,29-92,"[7.11, 89.82]",-0.5213,POSIX,US Dollar,4091,45-64,ISO-8859-1,-78.7348,28-70,-40.2482,51.4023,0.5452,36033-31-9,Firefox,"[0.121, 0.995, 0.2141, 0.5588, 0.2937, 0.5244, 0.0764, 0.5241]",Anderson et al. (2024),,466,1 year,4-62,_ga=7321536537.9901327,37.733,3528.4277,26.6162,17.2773,5502.6821,curated.users -> reports,8227124659276,"[0.6894, -0.9813, 0.0565, 1.1042, 0.1371, 1.8484, 1.1776, 1.8026]",[INTERNAL] Q2 strategy review pending board approval,42.7,Cash,"[-0.7872, -1.1726, 0.7464, 0.5832, -1.4756, -0.141, -0.3538, -0.4379]",57 3 * * *,-12.7543,199,gRPC,sk_KBuu6m3KkEQW0Ws1Zxw5ws7PPAyBhO3Y,analytics.events,"[1.4249, 0.4977, -0.1894, 0.5802, 0.508, 1.1237, -1.082, 1.7198]","[0.5847, -0.0598, -0.3635, 1.3307, -0.378, 0.0232, 0.4454, -0.244]",YES,43.6,56.19,King et al. (2018),-0.0592,926,13.6665,17.33,L,-47.15%,32.79%,age >= 18,5523,50026.4,"[0.2578, 0.4155, 0.0485, 0.8647, 0.0703, 0.2927, 0.5016, 0.3602]",39.29,9753.7339,C6H12O6,34.03,Critical,2018-03-08T20:14:39Z,H2O,25.26,0.8177,69.6968,-0.8238,+1-XXX-XXX-XXXX,Single,8223.1681,/var/uploads/export_748.csv,14.16,6WYHG13SPBD61QMU4,https://example.com/users/a80f6f46/profile,-46.09%,Figure 1: Overview,31.223,Fe2O3
7225.9045,EMP61383,1,9767,Married,,Steak,34-99,"[17.91, 85.06]",0.7822,POSIX,British Pound,6443,10-89,ISO-8859-1,-26.4985,17-82,47.573,11.6589,-0.3299,61963-77-8,Edge,"[0.4488, 0.8826, 0.4941, 0.363, 0.9806, 0.1364, 0.6982, 0.7993]",King et al. (2023),,8469,1 year,7-97,_ga=1237017607.7053477,26.8154,886.7418,43.1589,14.7092,1176.3961,curated.events -> analytics,6373637277308,"[-1.2749, -0.0417, 0.3798, -0.1232, -1.279, 0.6533, -1.4102, -1.3742]",[INTERNAL] Q3 strategy review pending board approval,321.6,PayPal,"[0.159, 0.7742, 0.6644, -0.7478, -0.7747, -2.1395, 0.3651, -0.0685]","51 9 * * 0,6",-16.8614,452,gRPC,sk_Wgc7UAzTgM0WmxB1P4jZNK5vA56ezVLF,public.users,"[0.6666, -0.2613, 1.0203, 0.7477, -0.1989, 0.0963, 0.1044, -0.3667]","[0.0367, 0.2124, 0.4057, 0.2787, -0.6657, -0.0884, 0.452, -0.0685]",true,89.6,96.78,Jackson et al. (2009),0.0942,394,90.2979,42.07,m,49.56%,23.58%,NOT NULL,2435,39074.4,"[0.717, 0.1865, 0.5741, 0.3438, 0.9412, 0.1676, 0.2745, 0.3642]",36.07,-142.3345,NaCl,60.86,Low,2019-07-08 02:45:03,E. coli,10.34,-0.5807,-77.9244,-0.5909,+1-XXX-XXX-XXXX,Married,578.3567,/var/tmp/export_798.xml,9.54,XGZ223MVVXFVKB7YY,https://example.com/users/d0c1fbc2/profile,19.2%,Figure 4: Distribution,44.1867,Homo sapiens
-500.4066,EMP65407,0,5733,Widowed,2020-02-05T01:14:15Z,Curry,38-75,"[16.37, 71.01]",0.6897,RFC 3339,US Dollar,1257,1-83,ISO-8859-1,-34.0858,31-58,-84.037,-51.0578,0.6491,59942-34-2,Chrome,"[0.149, 0.4766, 0.8289, 0.4712, 0.3229, 0.5976, 0.172, 0.9948]",Miller et al. (2022),,9044,30 days,29-73,_ga=9846352567.5534990,8.5891,2059.1066,31.0438,12.0948,6894.2602,staging.events -> analytics,3120951852358,"[-1.3613, 2.3011, 0.3485, 0.3811, 2.3309, 0.5962, 0.8744, -0.5119]",[INTERNAL] Q2 strategy review pending board approval,351.8,Check,"[0.4472, 1.1216, -0.7375, -0.5232, -1.0767, 0.1301, -0.1879, -0.3238]","9 10 * * 0,6",-70.4999,288,MQTT,sk_Ok9qBajmW3aqY1KuuSDn2hAmDYkiUHTe,public.users,"[-0.7397, 0.1128, 0.6531, -0.715, -1.3781, 1.5794, -0.8971, 2.8389]","[-0.2219, 0.6719, -0.3045, 0.0825, 0.7087, -0.664, -0.0941, 0.1267]",NO,37.7,82.13,Robinson et al. (2025),0.8766,10,-95.4271,72.16,lb,-17.38%,27.61%,NOT NULL,6443,57255.5,"[0.9921, 0.7241, 0.1177, 0.2665, 0.7504, 0.5906, 0.0204, 0.282]",47.81,941.4529,C6H12O6,23.74,High,2022-12-23T20:44:29Z,NaCl,61.21,0.948,-52.5164,-0.5861,+81-XX-XXXX-XXXX,Married,3933.367,/var/tmp/export_301.json,84.57,78LAAUKOCXKPE8S8D,https://example.com/users/ffe2a11c/profile,-10.9%,Figure 19: Distribution,36.2683,E. coli
8536.3039,EMP17087,1,8748,Single,2024-09-01T19:04:09Z,Tacos,40-59,"[39.75, 83.38]",-0.5532,RFC 3339,Euro,2191,19-90,Latin-1,59.9577,24-70,5.8403,18.6133,-0.539,11474-61-8,Edge,"[0.2132, 0.9665, 0.5945, 0.7994, 0.7985, 0.796, 0.2782, 0.3932]",Anderson et al. (2008),,270,7 days,21-73,_ga=9308147867.7501550,23.7221,1724.1155,38.2999,35.7902,3680.2612,curated.orders -> exports,4545229733168,"[0.1809, 1.4373, -1.3159, -1.5763, 0.2573, 0.059, 0.8785, 0.0667]",[INTERNAL] Q4 strategy review pending board approval,5.8,PayPal,"[-0.9271, 1.1854, -0.5446, -1.2453, -0.4722, 1.4527, 0.4167, 0.2151]",10 16 * * 1-5,0.6911,933,WebSocket,sk_6BhkHGWzpQLXVu6w1DcMuqcXlNxYzOH5,analytics.events,"[-0.1671, 1.4383, -0.1781, 0.0155, -1.7395, 0.8016, 0.6408, -0.7123]","[-0.2435, 0.2164, 0.2484, 0.1565, 0.0332, -0.8167, 0.9167, -0.0493]",YES,13.6,49.69,Brown et al. (2004),0.0226,30,-62.8976,13.4,°F,-5.34%,-13.06%,NOT NULL,366,17449.2,"[0.6912, 0.0946, 0.2467, 0.3047, 0.656, 0.4279, 0.2829, 0.7793]",36.32,6759.2085,NaCl,1.06,Critical,2019-03-19 20:28:57,C6H12O6,96.7,-0.6237,-99.9336,-0.8996,+1-XXX-XXX-XXXX,Divorced,7495.0577,/var/config/batch_884.log,27.97,NXB5TZYI4D6ODIWBT,https://example.com/users/1c131a22/profile,-25.45%,Figure 15: Overview,18.3407,H2O
4959.4343,EMP91152,0,7505,Married,,Pasta,23-62,"[0.31, 78.0]",-0.4199,IEEE 754,US Dollar,2220,1-70,UTF-16,-85.7187,48-94,-2.7301,98.1193,0.2082,42040-47-5,Safari,"[0.9655, 0.7297, 0.9421, 0.9117, 0.267, 0.996, 0.9287, 0.8564]",Harris et al. (2011),,8012,1 year,22-79,_ga=1732305292.3221032,49.7628,2346.5433,2.0213,26.2977,1279.2435,curated.orders -> analytics,9982339159845,"[-0.5888, 0.5551, 1.6429, 0.3989, 0.1035, -0.9527, -0.3108, -0.4478]",[INTERNAL] Q1 strategy review pending board approval,109.1,PayPal,"[0.2181, 0.6211, -0.866, 0.4557, -0.3098, -0.7071, 0.5926, 0.6291]",5 14 * * *,59.7947,838,WebSocket,sk_m8DTW1cPxbmktpZwmRkVC8y96UgS5tHc,sales.orders,"[0.9182, -1.3112, -0.191, -0.4459, 1.5875, -0.6918, 2.437, 0.5262]","[0.2071, 0.0828, 0.0927, -0.6088, 0.2103, -0.1061, -0.1375, 0.2364]",true,28.5,63.18,Lee et al. (2004),-0.9117,289,-54.836,40.34,L,-7.59%,29.56%,amount <= 10000,619,8701.4,"[0.8168, 0.3776, 0.4379, 0.6327, 0.9127, 0.7741, 0.1391, 0.8422]",63.48,3704.233,Fe2O3,85.93,Info,2024-05-28 01:10:34,Fe2O3,46.21,-0.4326,-75.0916,0.4924,+1-XXX-XXX-XXXX,Widowed,8749.4528,/var/logs/export_177.parquet,68.95,GG92PDS3VVLIKZ7F7,https://example.com/users/53594d13/profile,-6.58%,Figure 15: Timeline,12.8168,Fe2O3
9851.5796,EMP77771,1,8987,Divorced,,Pizza,23-91,"[24.22, 98.06]",-0.6051,W3C Date,British Pound,9232,32-51,UTF-16,-12.36,12-64,-73.3521,-71.4185,0.2414,84993-68-6,Opera,"[0.0756, 0.1929, 0.658, 0.9352, 0.0675, 0.9331, 0.2353, 0.2988]",Wright et al. (2015),2024-02-08T15:33:21Z,2735,30 days,36-96,_ga=6521273384.9474066,40.367,5051.0741,18.4779,9.9484,3390.1356,staging.orders -> reports,8212936392022,"[0.8794, -0.9026, -0.8359, -1.3657, -1.7626, -0.8924, 0.3163, 0.9168]",[INTERNAL] Q4 strategy review pending board approval,204.5,ACH,"[-0.8005, -0.1884, -0.8009, -1.3489, 0.1377, -0.4731, 0.5551, -1.1434]",8 12 * * *,-20.6335,310,HTTP,sk_vMIft9n68WtlYaO9LTRQ4Uk13xCFHvRc,public.users,"[-0.2071, -0.13, 1.3468, 1.0086, -1.0307, -1.5764, -0.4334, -0.0528]","[-0.4076, 0.2412, -0.4943, -0.2441, 0.4849, -0.1191, -0.6366, -0.0269]",true,64.1,66.13,Clark et al. (2021),-0.2952,272,95.4004,53.92,lb,-19.1%,-27.98%,"status IN ('active','pending')",130,17744.7,"[0.9196, 0.594, 0.844, 0.9885, 0.7926, 0.9944, 0.8786, 0.2301]",91.09,9881.4298,H2O,41.26,Medium,2025-09-25 10:02:09,E. coli,27.62,0.3969,35.301,-0.1129,+81-XX-XXXX-XXXX,Widowed,8262.6712,/var/exports/daily_584.csv,23.11,3KPKRJHRO0ZDJ6BGM,https://example.com/users/a2c53326/profile,49.98%,Figure 20: Overview,11.2722,C6H12O6
7215.085,EMP65421,1,2971,Single,2023-04-06T05:10:05Z,Pasta,9-83,"[27.57, 60.32]",0.4499,ISO 8601,Japanese Yen,4745,44-70,ISO-8859-1,-73.0046,42-79,-27.4681,34.7226,0.4229,49131-21-0,Brave,"[0.8005, 0.258, 0.5866, 0.4689, 0.8816, 0.0513, 0.5388, 0.0955]",Martinez et al. (2003),2026-10-14T22:02:56Z,5425,indefinite,31-89,_ga=9907944637.3713299,35.9302,-548.5204,25.6491,46.8435,6907.7518,staging.orders -> analytics,7006829159190,"[-0.046, -0.6779, 1.5786, 0.2934, 0.2549, 0.5085, 1.0297, 1.5357]",[INTERNAL] Q2 strategy review pending board approval,465.3,Wire Transfer,"[0.8374, -0.9677, 1.5988, 0.2816, -2.2292, -1.2947, 0.2164, 1.9852]","9 3 * * 0,6",16.057,309,HTTPS,sk_FO7k0GlHrhzXYTKiesHukJCozIP7KruO,sales.orders,"[0.3567, -0.5465, -0.7953, 0.112, -0.6529, -0.8714, -0.6995, -2.3997]","[-0.787, -0.2361, -0.1702, 0.3324, -0.7056, -0.3497, 0.9503, 0.3119]",YES,59.1,87.32,Martinez et al. (2023),-0.0574,641,-17.7814,56.75,lb,-21.2%,-25.56%,age >= 18,905,92171.5,"[0.2016, 0.2119, 0.3484, 0.9394, 0.4598, 0.4699, 0.217, 0.3471]",75.93,3249.1986,H2O,54.84,Medium,2022-09-27T09:05:25Z,H2O,91.84,-0.7091,-74.7303,0.7514,+44-XXXX-XXXXXX,Married,-55.7687,/var/config/batch_138.yaml,7.1,JALDNOBOR9YL88B6B,https://example.com/users/dd308209/profile,-33.52%,Figure 11: Timeline,12.1431,Fe2O3
9916.5006,EMP74710,1,1515,Single,,Pizza,11-98,"[32.9, 86.54]",0.1873,W3C Date,Swiss Franc,3264,41-78,ASCII,2.724,38-53,-70.3283,89.7371,0.2306,67392-55-6,Chrome,"[0.4744, 0.9747, 0.4271, 0.2352, 0.2826, 0.55, 0.1266, 0.543]",King et al. (2011),,5832,30 days,6-58,_ga=7649750231.7690176,36.7186,3302.2741,49.5304,39.6352,2246.2452,staging.events -> exports,9736611247741,"[-0.3896, -0.7264, 0.6057, -0.9456, -0.0473, -1.7364, -0.0472, 0.925]",[INTERNAL] Q1 strategy review pending board approval,288.8,ACH,"[0.3513, -0.736, 0.9863, -0.4686, -0.2781, 1.1654, 0.3093, 0.8184]",52 17 * * *,47.7631,286,WebSocket,sk_liOtvs4oymdObbns0ubA2Z5KUgdc2knB,analytics.events,"[0.1631, 0.11, -1.5187, -0.9277, -0.3969, 0.8815, -1.2981, 0.2085]","[-0.063, -0.8526, -0.1516, -0.8912, 0.8697, 0.0215, 0.031, -0.281]",true,99.2,65.95,Taylor et al. (2008),-0.5298,307,-49.4505,54.21,kg,19.05%,-33.82%,"status IN ('active','pending')",4350,63244.3,"[0.2827, 0.4646, 0.177, 0.6313, 0.3921, 0.182, 0.3171, 0.149]",99.43,737.78,H2O,7.32,Low,2023-09-06 17:04:25,C6H12O6,53.37,0.7413,-86.2936,0.228,+1-XXX-XXX-XXXX,Single,9144.5512,/var/logs/batch_316.log,90.71,4WX9O8VZH1VLVA6VF,https://example.com/users/cbe00cf2/profile,-42.78%,Figure 13: Timeline,15.956,H2O
2783.3932,EMP57879,1,5431,Married,2022-05-25 02:28:28,Salad,47-89,"[17.65, 99.46]",-0.1687,POSIX,Japanese Yen,72,6-99,UTF-8,72.0032,40-74,-84.9582,-26.8959,0.9227,54528-59-2,Chrome,"[0.8531, 0.6732, 0.1375, 0.8953, 0.3385, 0.426, 0.5158, 0.8137]",Taylor et al. (2001),,6856,7 years,42-60,_ga=2964332783.9337603,46.2165,3983.3699,23.9353,23.7121,6339.2921,staging.users -> exports,4287977636934,"[0.5236, -0.1748, -3.0918, 1.301, 0.0579, 2.1667, 1.3934, -1.9817]",[INTERNAL] Q3 strategy review pending board approval,83.5,Wire Transfer,"[-0.7922, -0.4458, -0.3824, -0.8952, -0.6109, 0.6603, -0.2794, 0.3331]",53 23 * * *,45.8092,456,gRPC,sk_n9aMppRtqKqbIMoFUTOgZdoG5riQU2Fj,sales.orders,"[0.8623, -0.0626, -0.7649, -0.3042, -0.9604, 1.2749, 1.2049, -1.2712]","[0.5869, 1.0451, -1.2596, -0.2581, 0.0601, 0.0775, 0.5701, 0.552]",YES,43.6,45.63,Lee et al. (2004),-0.1744,892,-24.0268,4.58,kg,-35.95%,-3.61%,"status IN ('active','pending')",6860,29673.6,"[0.9539, 0.9433, 0.6766, 0.2465, 0.8067, 0.3912, 0.859, 0.4234]",17.63,1745.6934,NaCl,20.44,Critical,2019-11-01 04:23:35,Fe2O3,68.52,-0.4654,-82.976,-0.2663,+81-XX-XXXX-XXXX,Single,2815.2598,/var/logs/export_416.csv,69.15,03ZFE305QSDCC9WOJ,https://example.com/users/273b082d/profile,-16.51%,Figure 3: Timeline,0.4654,H2O
2632.0,EMP25722,1,8130,Single,2025-01-17 14:12:56,Steak,3-96,"[24.92, 72.53]",0.7006,ISO 8601,Japanese Yen,9506,45-75,ASCII,66.1583,48-51,34.9313,-53.1895,-0.372,26517-16-3,Firefox,"[0.4347, 0.7669, 0.413, 0.7899, 0.7568, 0.2562, 0.8465, 0.6249]",Lewis et al. (2021),,874,7 days,26-53,_ga=2866247387.7264158,39.8297,2261.868,38.6791,20.7708,3564.4803,curated.orders -> exports,2674723901675,"[0.348, -0.1238, 0.2597, 0.2314, -0.2703, -0.0839, -0.3763, 0.2408]",[INTERNAL] Q4 strategy review pending board approval,291.9,Cash,"[1.7254, 0.6932, -0.3366, -0.4594, -0.4776, 0.197, -1.3913, 0.0796]",49 18 * * 1-5,32.7772,163,WebSocket,sk_xtJBdU7qmfEXWXDVPJsheDFYkiP4mbxx,hr.employees,"[1.465, 0.679, -0.8598, 2.7218, -0.4823, 0.8151, -0.9776, 0.2965]","[-0.0042, 0.0617, 0.2245, -0.0201, 1.1081, 0.6642, 0.0706, 0.0986]",NO,50.6,42.41,Harris et al. (2024),0.6267,272,-88.7057,91.19,m,-16.61%,14.19%,age >= 18,4081,26880.3,"[0.1672, 0.3407, 0.8676, 0.7964, 0.0474, 0.5879, 0.5995, 0.4919]",3.14,9737.2536,C6H12O6,84.97,Medium,2021-04-11T08:00:00Z,C6H12O6,30.86,-0.0229,79.9244,0.77,+1-XXX-XXX-XXXX,Widowed,2716.0711,/var/logs/daily_940.csv,12.71,MXAZQIPSWEUMCALW6,https://example.com/users/99f11aa0/profile,44.71%,Figure 20: Distribution,0.1458,Homo sapiens
5232.3283,EMP17264,1,1541,Married,,Pasta,19-98,"[17.78, 68.16]",0.64,W3C Date,Japanese Yen,2676,19-89,Latin-1,46.4086,49-80,9.7561,-95.3872,-0.1149,86384-15-1,Opera,"[0.8813, 0.8242, 0.8744, 0.8896, 0.8058, 0.9854, 0.3895, 0.28]",Robinson et al. (2001),,9963,7 years,5-81,_ga=8619730681.6830258,26.4382,4840.5109,6.7167,41.6696,7515.9172,curated.events -> analytics,3224299737613,"[2.4131, -0.7959, 0.1618, -0.119, -0.1776, -0.0451, 0.2052, -0.6895]",[INTERNAL] Q2 strategy review pending board approval,435.3,Check,"[1.4679, -0.1811, 0.9764, 0.3054, -1.136, 0.0797, -0.2647, -1.5329]",9 14 * * 1-5,-3.2405,432,HTTP,sk_6SpD302bZXxaTiAdz7pCHwpAVxwGbK3f,analytics.events,"[-0.3413, -0.3221, 0.1502, 0.2298, 0.1674, -0.4741, -1.1958, 1.3156]","[0.0182, 1.5192, 0.0085, -0.2408, 0.1219, -0.953, -0.0979, 0.0438]",NO,46.7,21.69,Garcia et al. (2020),0.2934,238,86.9432,99.5,°F,1.91%,34.1%,age >= 18,3304,14089.4,"[0.4774, 0.7212, 0.1461, 0.6526, 0.1072, 0.1331, 0.7865, 0.4034]",33.96,4203.3569,Fe2O3,38.7,Critical,2020-04-26T19:09:23Z,Homo sapiens,86.44,0.0958,-13.4609,0.4476,+81-XX-XXXX-XXXX,Divorced,8382.3109,/var/logs/daily_874.csv,29.88,AHT598T26RU3YPFTW,https://example.com/users/7153d882/profile,-10.86%,Figure 20: Timeline,18.4919,Fe2O3
4282.0566,EMP50523,1,7634,Divorced,,Steak,29-52,"[11.69, 83.43]",-0.5542,W3C Date,Euro,7957,0-64,ASCII,-26.5217,18-77,13.153,-86.8434,0.8571,8805-69-1,Firefox,"[0.3282, 0.7381, 0.6748, 0.9977, 0.857, 0.0907, 0.9894, 0.4336]",Martin et al. (2024),,5975,indefinite,12-63,_ga=5567252815.8021883,2.2513,3573.196,47.6759,40.4241,9998.1842,staging.orders -> reports,2643401113495,"[-0.1607, 1.8529, -1.4508, 0.7038, 1.424, -0.8798, 1.0845, -1.0373]",[INTERNAL] Q1 strategy review pending board approval,417.5,Cash,"[1.3928, -0.4852, 1.1955, -0.5629, 0.3428, 1.542, 0.2682, 1.3786]",21 23 * * *,-43.1099,549,MQTT,sk_sAXCmMZRjRN2jHOHZB7i3lnbhrnS7cvY,public.users,"[-0.0063, -0.9049, -0.632, -0.8428, 2.3599, -1.0116, -0.0682, 0.7505]","[-0.307, -0.2373, 0.2393, -0.442, -0.8724, 0.0272, -0.2009, -1.3888]",true,25.9,10.07,Garcia et al. (2017),0.5895,739,-97.2955,18.47,°C,-48.08%,-33.54%,NOT NULL,2681,690.1,"[0.2122, 0.462, 0.1367, 0.2747, 0.7446, 0.687, 0.8184, 0.3894]",67.15,9826.5393,C6H12O6,70.05,Medium,2021-04-23T11:11:00Z,H2O,13.48,0.7309,-76.6065,-0.375,+44-XXXX-XXXXXX,Married,648.4759,/var/config/daily_964.json,53.79,MBVNO5MXDEHEEE7H9,https://example.com/users/3ceeafc3/profile,-30.42%,Figure 4: Timeline,44.6992,Fe2O3
-87.9449,EMP85530,0,7716,Divorced,2020-06-12T08:02:35Z,Curry,4-52,"[0.68, 84.3]",0.1842,ISO 8601,British Pound,9852,23-93,UTF-8,24.6985,30-59,-58.2125,-9.8698,0.9379,91504-68-2,Firefox,"[0.4712, 0.8941, 0.3759, 0.8957, 0.147, 0.2023, 0.7697, 0.2491]",Clark et al. (2023),,8617,7 days,44-88,_ga=3839943373.8485318,44.1019,2695.6523,24.6508,24.0547,784.9062,raw.orders -> reports,5635553428956,"[2.9773, 0.4489, 1.0507, -0.9639, 0.2648, 0.1883, 1.902, -0.8718]",[INTERNAL] Q4 strategy review pending board approval,61.9,Credit Card,"[0.785, 0.6055, -0.7005, -0.1666, 0.0199, -1.6407, -1.4501, -0.1948]","49 14 * * 0,6",80.1887,740,FTP,sk_IS9bP4fiM0f2zvXfXMBF4sLJssCElScQ,public.users,"[-0.7735, -0.0556, -0.5833, 1.9802, -0.6987, -1.7959, 0.1045, -0.3579]","[-0.555, -0.3661, 0.0259, -0.1578, -0.5667, 0.6554, 0.2903, -0.4866]",true,17.4,47.51,Miller et al. (2026),0.4655,39,-16.9261,63.27,°F,5.06%,-25.97%,NOT NULL,8148,41099.6,"[0.9786, 0.3065, 0.6877, 0.4461, 0.0361, 0.6274, 0.7871, 0.4169]",90.6,5685.1695,H2O,77.42,Critical,2023-10-10 20:57:16,NaCl,55.21,-0.3848,-48.2806,-0.3143,+81-XX-XXXX-XXXX,Divorced,-271.5503,/var/uploads/batch_262.csv,91.34,3V3QYGL8PKN02D765,https://example.com/users/da3e770e/profile,14.24%,Figure 5: Overview,27.7722,E. coli
