f_309,ISSN,brandName,deleted_at_14,URL_PII_CONTEXT,p_lice,fmtspec,v_is_d,frequency_6,modified_at_field,customer_label_tag,updated_by,srcsys,meta_val,where_clause,body_text_raw,internal_communication_6,fact_legal_hold_document,data_type,booleanEnumeration,contract_val,src_date_time,version_number_val,contract_value_field,trade_secret,audit_finding_6,internal_communication_data,field_upr,val_lt,x_976,val_pla,tenant_id,employee_record,status,columnFieldName,customer_tenant_identifier,error_message_6,TIME_OF_DAY,internal_communication,LOAD_TIMESTAMP,var_ux,attr_on,kcihd39,d_def,customer_service_level_agreement,x_rr,COMMAND_ACTION,user_product_name,license,rubk97,tenant_id_2,TIME_TO_LIVE,legal_hold_document_6,validation_rule_info,dim_formula_expression,v_do,RECORD_IDENTIFIER,ENCODING,x_part,dim_power,cron_schedule_14,schemaname,src_threshold_limit,mnzny97,c_kge,encoding,validation_rule,boolean_flag,version_number,cmd,mapping_transform_6,var_821,audit_finding_data,MIME_TYPE,utf_8,contract_value,loadts,dataType,configuration_field,urlref,var_fqnt,createdBy,threshold_limit_6,modified_at,attr_718,meta_531,market_intel,default_value,val_ey,f_542,eaog48,user_pricing_strategy,data_lineage_14,dim_984,COUNTRY,STORAGE_SIZE,hostname,feature_vector_info,tradeSecret,raw_status_code,ETL_BATCH_ID,api_spec,meta_ema,var_567,maritalStatus,raw_encoding,wvt86,p_633,p_nc,drug_medication_name,src_retention_policy,TRADE_SECRET,attr_ciat,iso_currency_cd,FINANCIAL_FORECAST,attr_sa
,2711-3772,ValueMax,,https://example.com/users/e0041b98/profile,MIT,IEEE 754,false,7508.71,2021-04-25 14:37:28,high-priority,richard.white,Salesforce,BETWEEN 1 AND 100,date < 'active',The product monitors customer interactions.  The service includes compliance records.,[INTERNAL] Q3 strategy review pending board approval,HOLD-2026-141,JSON,Enabled,"$5,938,226",2020-10-24T00:00:00Z,1.18.41,"$8,615,643",[CONFIDENTIAL] Formula #873,Non-conformance: access control,[INTERNAL] Q3 strategy review pending board approval,99.502% uptime,,max_retries=505,GIT-9447,tenant-014,EMP-51942,approved,type,tenant-008,FileNotFoundError: 23,00:12:53,[INTERNAL] Q3 strategy review pending board approval,2021-07-06T18:16:17Z,staging.orders -> reports,2025-10-25 11:35:28,sales.orders,1,99.174% uptime,7 years,GET /api/users,NanoCore SDK,Apache-2.0,"Quantum Dynamics, Skyline Partners, Pioneer Software, Pacific Research Group",tenant-017,191 days,HOLD-2024-697,CHECK (val > 0),A = πr²,27 2 * * 1-5,USR-214169,ASCII,tenant=2024-01,22712.1,54 17 * * *,analytics.events,crit=3095,Software,sarah.jackson,Latin-1,CHECK (val > 0),no,3.19.91,GET /api/users,input -> field_b,SFO,Non-conformance: access control,application/json,ASCII,"$2,879,141",2026-01-28 15:03:03,TIMESTAMP,pool_size=648,https://acme.org/v2/api/users,EMP-60091,lucas.lee,max=7478,2023-01-21 16:38:42,update,ae212796a96c114f58432c9c8db8cecf8ccff6ab23e746043dd5e3e05646f5b4,Competitor Catalyst Ventures launched StreamLine ERP,false,OpenAPI 3.0,6077991504371,"Quantum Dynamics, Skyline Partners, Pioneer Software, TechCo Industries, Pacific Research Group",Value pricing,staging.events -> reports,P60577601,Netherlands,880707,app-14.dev.example.net,"[0.051, 0.8879, 0.2545, 0.4549, 0.2055, 0.694, 0.5761, 0.2084]",[CONFIDENTIAL] Formula #791,inactive,batch-20180820-05,GraphQL,outlook.com,rwx,Single,Latin-1,TXN-152793,false,batch-20210903-48,Amoxicillin,7 years,[CONFIDENTIAL] Formula #211,9882462,INR,Q1 2026: $57M projected,4.19.96
2023-06-08 15:27:15,3578-6156,TechBrand,,https://example.com/users/8ef1c62b/profile,Apache-2.0,POSIX,false,6018.58,2026-09-01T02:41:49Z,approved,james.smith,Snowflake,MATCHES '^[A-Z]+',type > '2024',This record tracks operational metrics.  The service represents data processing activities.,[INTERNAL] Q4 strategy review pending board approval,HOLD-2023-624,BOOLEAN,Inactive,"$2,735,551",2019-07-08T00:00:00Z,1.11.47,"$8,544,519",[CONFIDENTIAL] Formula #764,Observation: backup schedule,[INTERNAL] Q4 strategy review pending board approval,99.17% uptime,,max_retries=137,DZT-7778,tenant-035,EMP-71040,approved,status,tenant-027,ValueError: invalid literal for int(),16:55:42,[INTERNAL] Q2 strategy review pending board approval,2022-08-10T12:41:43Z,raw.orders -> analytics,2018-03-23 03:23:51,hr.employees,0,99.326% uptime,30 days,GET /api/users,StreamLine ERP,BSD-3-Clause,"Catalyst Ventures, Beacon Analytics, Global Solutions, Pioneer Software",tenant-032,56 days,HOLD-2024-359,CHECK (val > 0),E = mc²,24 13 * * *,6939167,UTF-8,dt=acme,22987.4,29 14 * * 1-5,analytics.events,max=7665,Electronics,elizabeth.jackson,ISO-8859-1,BETWEEN 1 AND 100,false,4.11.58,GET /api/users,input -> target_col,CDG,Major finding: data retention,text/csv,UTF-8,"$4,997,993",2023-11-07T03:21:27Z,INTEGER,timeout_ms=851,https://acme.org/data,EMP-83562,noah.miller,crit=5254,2019-06-22T16:58:32Z,insert,d7a67614951365000fdb3f91b3f38141222fb187483b11cc85342afda55bc709,Competitor Acme Corp launched FlexPay Platform,0,GraphQL,5980858130007,"Meridian Health, DataCraft Inc",Market-based,raw.users -> exports,N87767511,Mexico,403936,app-10.prod.acme.com,"[0.4966, 0.4685, 0.0908, 0.7206, 0.9666, 0.4294, 0.7763, 0.3781]",[CONFIDENTIAL] Formula #822,pending,batch-20220104-32,gRPC/protobuf,gmail.com,admin,Widowed,UTF-8,TXN-387329,false,batch-20180423-37,Aspirin,7 days,[CONFIDENTIAL] Formula #478,1357113,CHF,Q2 2026: $6M projected,3.14.89
,3005-3881,ProSeries,2021-02-10T15:52:31Z,https://example.com/users/da2bcb92/profile,Proprietary,POSIX,false,9799.55,2018-03-28T02:07:01Z,high-priority,noah.taylor,Workday,UNIQUE,type != '2024',The customer account monitors data processing activities.  The customer account includes customer interactions.,[INTERNAL] Q1 strategy review pending board approval,HOLD-2024-732,VARCHAR,Disabled,"$2,525,182",2018-10-14T00:00:00Z,1.10.92,"$1,416,736",[CONFIDENTIAL] Formula #308,Observation: backup schedule,[INTERNAL] Q1 strategy review pending board approval,99.426% uptime,,pool_size=33,XXT-3795,tenant-032,EMP-38136,pending,created_at,tenant-022,HTTP 503 Service Unavailable,13:23:21,[INTERNAL] Q2 strategy review pending board approval,2021-07-07T16:01:13Z,staging.users -> reports,2023-04-10T10:17:10Z,public.users,false,99.762% uptime,1 year,kubectl apply,AuditTrail Plus,BSD-3-Clause,"Vertex Technologies, Alpine Systems, DataCraft Inc, Meridian Health, Pioneer Software",tenant-022,74 days,HOLD-2026-465,BETWEEN 1 AND 100,PV = nRT,37 13 * * *,3045279,UTF-8,dt=us-east,47995.8,1 15 * * 1-5,sales.orders,crit=4700,Food,mason.young,UTF-8,NOT NULL,no,1.5.60,docker run,source_col -> output,LHR,Major finding: data retention,application/xml,UTF-8,"$9,323,966",2024-02-19T14:55:36Z,BOOLEAN,timeout_ms=869,https://example.com/status/status/users,EMP-55532,david.robinson,max=3590,2021-06-20T00:42:43Z,upsert,4ae946e905213b4a0ce37502a63c227a252a6210d0fb4b33536f71cf30e1440f,Competitor Catalyst Ventures launched AuditTrail Plus,CURRENT_TIMESTAMP,REST/JSON,3138236262708,"TechCo Industries, Catalyst Ventures, Pacific Research Group, Alpine Systems, Meridian Health",Cost-plus 25%,curated.users -> reports,O52057463,Japan,248037,app-13.staging.acme.com,"[0.6594, 0.8511, 0.5929, 0.9173, 0.7318, 0.5531, 0.6505, 0.752]",[CONFIDENTIAL] Formula #780,pending,batch-20210421-93,OpenAPI 3.0,example.com,write,Married,UTF-8,8967431,false,batch-20200711-02,Lisinopril,7 years,[CONFIDENTIAL] Formula #859,5607346,GBP,Q4 2027: $14M projected,1.3.52
2024-11-13 02:32:06,5174-7722,ValueMax,,https://example.com/users/7609238a/profile,Apache-2.0,POSIX,false,5547.48,2018-11-15T09:18:49Z,approved,ethan.king,Salesforce,NOT NULL,date IN 'active',This record monitors compliance records.  The product represents compliance records.  This record monitors compliance records.,[INTERNAL] Q1 strategy review pending board approval,HOLD-2025-985,JSON,Disabled,"$7,187,644",2020-05-10T00:00:00Z,2.11.47,"$6,150,771",[CONFIDENTIAL] Formula #390,Observation: backup schedule,[INTERNAL] Q2 strategy review pending board approval,99.227% uptime,,timeout_ms=772,UQJ-2690,tenant-030,EMP-39658,pending,amount,tenant-009,HTTP 503 Service Unavailable,21:50:16,[INTERNAL] Q1 strategy review pending board approval,2019-03-03 15:41:39,staging.orders -> reports,2024-02-05T08:43:50Z,analytics.events,null,99.953% uptime,30 days,docker run,FlexPay Platform,Apache-2.0,"Vertex Technologies, Quantum Dynamics, Global Solutions, Pioneer Software, Pacific Research Group",tenant-016,333 days,HOLD-2020-536,CHECK (val > 0),BMI = kg/m²,41 14 * * *,9289717,Latin-1,dt=us-east,36359.2,28 10 * * 1-5,public.users,min=7805,Services,michael.martin,UTF-8,NOT NULL,false,3.9.94,npm install,source_col -> field_b,SFO,Major finding: data retention,image/png,Latin-1,"$380,478",2026-02-11T17:00:45Z,JSON,pool_size=435,https://example.com/v2,EMP-94084,aiden.harris,crit=5936,2020-08-24T15:49:17Z,delete,e58ccf9405d64328ebed4c4c45fdaddfe67e2bd4e94272cded8155ea2aaceb4a,Competitor Beacon Analytics launched DataSync 3000,0,SOAP/XML,7011654338475,"Global Solutions, Acme Corp, Pioneer Software",Penetration,curated.orders -> exports,E64535690,United States,659207,api-5.staging.example.net,"[0.2553, 0.4569, 0.4177, 0.89, 0.6436, 0.0356, 0.5811, 0.8381]",[CONFIDENTIAL] Formula #835,approved,batch-20210618-62,SOAP/XML,example.com,rwx,Married,ASCII,9782941,false,batch-20241114-63,Ibuprofen,7 years,[CONFIDENTIAL] Formula #507,ID-173235,CAD,Q2 2025: $10M projected,3.6.41
,9607-2194,ProSeries,,https://example.com/users/51b65207/profile,Apache-2.0,ISO 8601,true,2256.68,2020-10-27T05:08:46Z,experimental,william.clark,Snowflake,UNIQUE,date != '2024',The product manages transaction histories.  This record manages customer interactions.,[INTERNAL] Q2 strategy review pending board approval,HOLD-2024-702,TEXT,Active,"$8,784,592",2019-10-31T00:00:00Z,0.7.47,"$369,252",[CONFIDENTIAL] Formula #191,Major finding: data retention,[INTERNAL] Q2 strategy review pending board approval,99.655% uptime,,pool_size=905,NLG-4649,tenant-043,EMP-34037,completed,name,tenant-046,FileNotFoundError: 4118,17:17:01,[INTERNAL] Q3 strategy review pending board approval,2019-02-05T04:16:49Z,staging.events -> exports,2019-06-06T05:35:11Z,analytics.events,'',99.838% uptime,1 year,npm install,SmartHub X1,MIT,"Pacific Research Group, Meridian Health, Catalyst Ventures, Vertex Technologies, Beacon Analytics",tenant-018,221 days,HOLD-2025-390,MATCHES '^[A-Z]+',BMI = kg/m²,21 7 * * *,5441305,ISO-8859-1,region=us-east,34669.5,28 9 * * *,analytics.events,max=492,Clothing,liam.garcia,ISO-8859-1,MATCHES '^[A-Z]+',0,3.20.45,kubectl apply,input -> field_b,ORD,Non-conformance: access control,image/png,ASCII,"$3,342,273",2026-09-03 01:01:50,TEXT,pool_size=557,https://api.service.com/data/status/users,EMP-97921,anna.jones,max=7558,2025-09-20 02:42:53,delete,c074bbd6a2933ff6dcbb2395c7a75fdbf4cbee4962ffa7092c7a7d81cbdaafe3,Competitor Meridian Health launched FlexPay Platform,'',OpenAPI 3.0,9627931859323,"Pioneer Software, Quantum Dynamics, Skyline Partners, Global Solutions",Market-based,curated.events -> exports,L95807341,Switzerland,690559,app-14.staging.acme.com,"[0.6046, 0.014, 0.7368, 0.1822, 0.4415, 0.9134, 0.6803, 0.4418]",[CONFIDENTIAL] Formula #305,completed,batch-20190426-89,SOAP/XML,gmail.com,write,Single,UTF-8,8915718,true,batch-20230626-07,Aspirin,7 years,[CONFIDENTIAL] Formula #196,ID-500194,GBP,Q3 2025: $73M projected,2.13.52
,3540-8296,SmartChoice,2022-06-19 00:37:05,https://example.com/users/65724866/profile,Proprietary,ISO 8601,false,9931.26,2020-01-26T20:40:47Z,experimental,elizabeth.taylor,Workday,MATCHES '^[A-Z]+',date < '2024',The customer account tracks customer interactions.  The product represents customer interactions.  The customer account manages customer interactions.,[INTERNAL] Q3 strategy review pending board approval,HOLD-2024-417,JSON,Inactive,"$5,647,051",2023-05-30T00:00:00Z,1.2.79,"$3,274,338",[CONFIDENTIAL] Formula #204,Non-conformance: access control,[INTERNAL] Q4 strategy review pending board approval,99.477% uptime,,max_retries=306,KIU-2310,tenant-016,EMP-77025,failed,status,tenant-049,NullPointerException at line 7634,16:06:24,[INTERNAL] Q1 strategy review pending board approval,2019-03-26T16:53:40Z,curated.users -> exports,2018-01-22 09:55:14,hr.employees,'',99.709% uptime,7 days,kubectl apply,Sentinel Monitor,CC BY 4.0,"Global Solutions, DataCraft Inc, Catalyst Ventures, Meridian Health",tenant-007,304 days,HOLD-2026-715,UNIQUE,F = ma,7 17 * * *,755802,UTF-8,dt=2024-01,7821.6,"29 10 * * 0,6",analytics.events,crit=5710,Electronics,susan.anderson,UTF-16,CHECK (val > 0),0,2.1.80,docker run,input -> target_col,ORD,Non-conformance: access control,text/html,Latin-1,"$3,223,790",2024-07-19 23:03:38,TIMESTAMP,pool_size=102,https://api.service.com/docs,EMP-93853,jennifer.wright,crit=1432,2026-02-04 16:38:50,update,d9addfd009e5e294c21320dcba913a2641f09f17236d5dcd175aba1d05f1840e,Competitor Skyline Partners launched StreamLine ERP,'',OpenAPI 3.0,9043276659547,"DataCraft Inc, Beacon Analytics, TechCo Industries, Acme Corp",Cost-plus 25%,staging.events -> exports,A55769876,France,621043,cache-15.prod.example.net,"[0.1065, 0.4636, 0.8231, 0.2632, 0.9936, 0.1618, 0.0663, 0.6161]",[CONFIDENTIAL] Formula #453,inactive,batch-20251024-35,GraphQL,gmail.com,rw,Divorced,UTF-8,318727,true,batch-20200712-59,Amoxicillin,30 days,[CONFIDENTIAL] Formula #429,3502717,GBP,Q4 2026: $95M projected,5.19.94
2023-09-12 14:05:37,4463-8927,ProSeries,,https://example.com/users/0f22ef0c/profile,Apache-2.0,RFC 3339,false,4237.44,2019-02-12 13:03:14,high-priority,sarah.king,Snowflake,NOT NULL,status > 'prod',The customer account tracks operational metrics.  The product includes operational metrics.,[INTERNAL] Q3 strategy review pending board approval,HOLD-2024-165,TEXT,Inactive,"$2,755,003",2025-05-16T00:00:00Z,0.5.27,"$370,336",[CONFIDENTIAL] Formula #262,Major finding: data retention,[INTERNAL] Q1 strategy review pending board approval,99.674% uptime,,timeout_ms=165,OSF-4094,tenant-001,EMP-54333,rejected,status,tenant-020,NullPointerException at line 1273,12:06:23,[INTERNAL] Q1 strategy review pending board approval,2024-08-04T01:46:46Z,staging.users -> reports,2021-01-16T23:07:56Z,public.users,0,99.496% uptime,30 days,docker run,FlexPay Platform,Proprietary,"Pioneer Software, Global Solutions, Acme Corp",tenant-020,57 days,HOLD-2025-859,CHECK (val > 0),F = ma,41 9 * * *,9296197,ISO-8859-1,tenant=acme,1650.7,9 3 * * *,hr.employees,max=7255,Hardware,oliver.jackson,Latin-1,CHECK (val > 0),yes,2.18.95,POST /api/orders,input -> output,JFK,Observation: backup schedule,text/csv,UTF-16,"$2,454,056",2020-07-17 17:17:17,FLOAT,batch_size=717,https://data.io/users/users,EMP-80956,amy.brown,crit=937,2022-03-23 21:42:41,snapshot,d885abf2f5adb982ceb7df1439da1eb46ca3440dbe165f218c222d22a8c27b03,Competitor Quantum Dynamics launched AuditTrail Plus,false,OpenAPI 3.0,6105547857420,"TechCo Industries, Vertex Technologies, Catalyst Ventures, DataCraft Inc, Beacon Analytics",Value pricing,staging.orders -> reports,U19182305,Italy,175172,db-5.prod.acme.com,"[0.1443, 0.78, 0.7992, 0.4044, 0.396, 0.8191, 0.4515, 0.646]",[CONFIDENTIAL] Formula #211,failed,batch-20250926-44,gRPC/protobuf,outlook.com,write,Widowed,Latin-1,8737385,false,batch-20260829-44,Aspirin,7 days,[CONFIDENTIAL] Formula #163,TXN-432517,BRL,Q4 2027: $54M projected,3.14.62
,3641-6782,SmartChoice,,https://example.com/users/feaf599c/profile,GPL-3.0,POSIX,false,7711.41,2026-03-18 12:18:40,experimental,jennifer.wright,PostgreSQL,MATCHES '^[A-Z]+',type IN 'prod',The system manages customer interactions.  The system represents customer interactions.  The system monitors customer interactions.,[INTERNAL] Q2 strategy review pending board approval,HOLD-2020-272,VARCHAR,Inactive,"$6,629,499",2025-06-01T00:00:00Z,3.20.78,"$8,086,265",[CONFIDENTIAL] Formula #760,Non-conformance: access control,[INTERNAL] Q4 strategy review pending board approval,99.497% uptime,2025-10-03T14:05:42Z,batch_size=586,NOG-2635,tenant-034,EMP-68948,rejected,amount,tenant-016,NullPointerException at line 9692,15:33:20,[INTERNAL] Q4 strategy review pending board approval,2025-11-04T10:07:45Z,staging.events -> exports,2019-09-14 20:45:25,public.users,false,99.749% uptime,7 years,POST /api/orders,Sentinel Monitor,Proprietary,"Global Solutions, Alpine Systems",tenant-013,57 days,HOLD-2025-525,BETWEEN 1 AND 100,PV = nRT,"49 16 * * 0,6",ID-370853,ASCII,region=acme,9266.3,24 2 * * 1-5,analytics.events,crit=3036,Food,oliver.wright,Latin-1,UNIQUE,true,2.7.43,GET /api/users,input -> target_col,SFO,Observation: backup schedule,image/png,UTF-8,"$8,841,867",2022-02-10T19:47:45Z,TEXT,pool_size=28,https://acme.org/data/users/docs,EMP-15631,james.jones,max=967,2021-06-15 13:51:19,delete,79cedb2713186e6774bd14cb9a90b8eeb4bee03a41d1ac19a8bd4db7a1a2bc10,Competitor Beacon Analytics launched NanoCore SDK,'',GraphQL,0016439264293,"Alpine Systems, Pioneer Software, Acme Corp",Premium,curated.users -> exports,K63481179,Israel,337545,cache-6.staging.example.net,"[0.255, 0.1932, 0.1429, 0.7866, 0.8457, 0.7024, 0.55, 0.0549]",[CONFIDENTIAL] Formula #466,inactive,batch-20180109-01,gRPC/protobuf,acme.org,execute,Single,UTF-16,7599781,false,batch-20250716-03,Metformin,30 days,[CONFIDENTIAL] Formula #865,7324030,CNY,Q2 2027: $62M projected,1.10.99
,9163-9544,TechBrand,,https://example.com/users/5382374c/profile,Proprietary,ISO 8601,false,3094.66,2023-10-27 05:15:37,approved,sophia.rodriguez,Workday,MATCHES '^[A-Z]+',type < 'active',The service tracks customer interactions.  This record monitors transaction histories.,[INTERNAL] Q3 strategy review pending board approval,HOLD-2026-861,INTEGER,Inactive,"$9,033,087",2026-07-31T00:00:00Z,3.14.74,"$9,850,192",[CONFIDENTIAL] Formula #258,Non-conformance: access control,[INTERNAL] Q2 strategy review pending board approval,99.892% uptime,,pool_size=242,EIG-8353,tenant-019,EMP-38147,inactive,created_at,tenant-050,FileNotFoundError: 4607,21:00:59,[INTERNAL] Q3 strategy review pending board approval,2019-09-08 03:53:17,raw.users -> reports,2022-08-02 07:13:50,hr.employees,false,99.17% uptime,30 days,kubectl apply,Widget Pro,BSD-3-Clause,"Pioneer Software, Pacific Research Group, TechCo Industries, Skyline Partners, Acme Corp",tenant-038,297 days,HOLD-2022-324,CHECK (val > 0),BMI = kg/m²,10 23 * * *,5914745,ISO-8859-1,dt=2024-01,42061.0,"12 6 * * 0,6",hr.employees,crit=464,Clothing,sarah.brown,ASCII,MATCHES '^[A-Z]+',no,1.16.31,POST /api/orders,input -> output,NRT,Non-conformance: access control,application/pdf,UTF-8,"$7,768,619",2020-12-04T09:37:28Z,INTEGER,max_retries=572,https://example.com/data/data/users,EMP-78459,robert.king,crit=7698,2023-07-20 07:25:01,upsert,8f91920392bedd3f2af97007032dbca265661ca3d3397125316875d33a6eaa4f,Competitor Alpine Systems launched AuditTrail Plus,null,OpenAPI 3.0,6952984250389,"Pioneer Software, Global Solutions, Vertex Technologies",Premium,curated.events -> analytics,W72134056,Sweden,809345,api-12.staging.acme.com,"[0.6498, 0.9474, 0.1556, 0.9131, 0.5578, 0.1246, 0.1865, 0.525]",[CONFIDENTIAL] Formula #875,cancelled,batch-20260109-36,GraphQL,yahoo.com,admin,Married,UTF-8,1637814,false,batch-20230103-17,Lisinopril,1 year,[CONFIDENTIAL] Formula #949,631075,CAD,Q2 2024: $8M projected,2.18.12
,5874-4197,SmartChoice,,https://example.com/users/fce96bd3/profile,GPL-3.0,POSIX,false,9743.82,2020-10-01 22:08:21,high-priority,anna.lewis,Kafka,BETWEEN 1 AND 100,status > '2024',The product tracks operational metrics.  The system manages compliance records.  The product represents data processing activities.,[INTERNAL] Q1 strategy review pending board approval,HOLD-2025-887,BOOLEAN,Disabled,"$8,356,705",2026-08-31T00:00:00Z,5.7.11,"$4,010,323",[CONFIDENTIAL] Formula #845,Major finding: data retention,[INTERNAL] Q3 strategy review pending board approval,99.081% uptime,,max_retries=238,KOQ-4659,tenant-007,EMP-52413,cancelled,created_at,tenant-034,Connection timeout after 3419ms,13:30:57,[INTERNAL] Q3 strategy review pending board approval,2020-11-17 07:02:47,raw.users -> exports,2019-10-01 15:08:56,hr.employees,false,99.216% uptime,indefinite,POST /api/orders,DataSync 3000,Proprietary,"Beacon Analytics, Quantum Dynamics, Vertex Technologies, Global Solutions",tenant-027,160 days,HOLD-2022-746,NOT NULL,F = ma,50 13 * * *,USR-685974,Latin-1,tenant=2024-01,24451.5,16 13 * * *,hr.employees,max=2467,Food,ethan.davis,ISO-8859-1,NOT NULL,1,4.20.45,kubectl apply,input -> target_col,CDG,Non-conformance: access control,image/png,ISO-8859-1,"$5,571,561",2019-07-20 12:23:38,BOOLEAN,max_retries=733,https://acme.org/users/api/docs,EMP-37897,emma.williams,max=7475,2021-07-20 02:57:53,snapshot,c88999b09904cfba1e71f5588b1ceed5764b20c84f94d438bcaa710dc3257f38,Competitor Beacon Analytics launched Widget Pro,1,REST/JSON,1803690289915,"Skyline Partners, Pacific Research Group, Meridian Health, Pioneer Software, TechCo Industries",Value pricing,staging.events -> analytics,V13406493,Japan,426204,app-6.staging.acme.com,"[0.3792, 0.1487, 0.2927, 0.8204, 0.3167, 0.0883, 0.1821, 0.1309]",[CONFIDENTIAL] Formula #611,pending,batch-20181121-78,OpenAPI 3.0,yahoo.com,admin,Married,ASCII,2847564,false,batch-20180620-43,Ibuprofen,1 year,[CONFIDENTIAL] Formula #204,9259007,AUD,Q4 2024: $11M projected,5.11.57
,9430-7950,TechBrand,,https://example.com/users/254728aa/profile,CC BY 4.0,POSIX,false,6141.21,2021-11-06 06:59:34,needs-review,emma.taylor,Snowflake,CHECK (val > 0),type IN 'active',The customer account includes compliance records.  The product monitors data processing activities.,[INTERNAL] Q1 strategy review pending board approval,HOLD-2026-619,FLOAT,Inactive,"$7,491,671",2023-06-25T00:00:00Z,0.3.96,"$3,791,456",[CONFIDENTIAL] Formula #813,Major finding: data retention,[INTERNAL] Q1 strategy review pending board approval,99.751% uptime,,timeout_ms=654,ZNK-1753,tenant-032,EMP-62933,failed,created_at,tenant-019,NullPointerException at line 8700,11:41:09,[INTERNAL] Q1 strategy review pending board approval,2026-06-09 11:02:12,curated.users -> exports,2023-06-10T23:23:21Z,public.users,0,99.761% uptime,30 days,kubectl apply,FlexPay Platform,MIT,"TechCo Industries, Alpine Systems, Global Solutions, DataCraft Inc",tenant-009,299 days,HOLD-2024-288,CHECK (val > 0),E = mc²,"32 10 * * 0,6",802429,UTF-16,region=acme,37383.3,33 22 * * *,sales.orders,max=3458,Clothing,michael.taylor,Latin-1,BETWEEN 1 AND 100,false,0.15.99,POST /api/orders,source_col -> field_b,LHR,Observation: backup schedule,text/csv,Latin-1,"$3,718,797",2021-04-17 22:33:32,INTEGER,batch_size=782,https://data.io/v2/status/api,EMP-11587,amy.robinson,warn=6113,2024-02-06 18:49:26,update,abfb93567bdef1a655957aac37a581e78f1eaa2580e01dea5c1c898ed844c83d,Competitor Skyline Partners launched AuditTrail Plus,CURRENT_TIMESTAMP,gRPC/protobuf,3601546110665,"Global Solutions, Beacon Analytics, Skyline Partners",Market-based,staging.orders -> exports,N52793325,Sweden,3124,web-19.staging.example.net,"[0.5957, 0.4315, 0.3003, 0.3428, 0.641, 0.665, 0.137, 0.9257]",[CONFIDENTIAL] Formula #503,completed,batch-20231015-59,GraphQL,outlook.com,r-x,Single,UTF-16,9228864,false,batch-20241231-36,Ibuprofen,30 days,[CONFIDENTIAL] Formula #631,REC-725736,INR,Q2 2024: $16M projected,3.1.21
,4654-2275,ValueMax,,https://example.com/users/ef18205f/profile,MIT,W3C Date,true,9369.31,2022-11-04 22:36:30,experimental,liam.lee,Snowflake,CHECK (val > 0),type = 'active',The service monitors data processing activities.  The product represents customer interactions.  This record manages operational metrics.,[INTERNAL] Q2 strategy review pending board approval,HOLD-2025-816,JSON,Enabled,"$5,369,570",2021-11-08T00:00:00Z,5.2.72,"$2,310,815",[CONFIDENTIAL] Formula #130,Non-conformance: access control,[INTERNAL] Q2 strategy review pending board approval,99.92% uptime,,max_retries=278,IPS-8318,tenant-026,EMP-68855,active,name,tenant-047,HTTP 503 Service Unavailable,20:22:39,[INTERNAL] Q2 strategy review pending board approval,2018-03-04T08:46:24Z,staging.users -> reports,2020-09-21 00:44:51,hr.employees,null,99.649% uptime,7 years,GET /api/users,FlexPay Platform,BSD-3-Clause,"Skyline Partners, Acme Corp, DataCraft Inc, Pioneer Software, Pacific Research Group",tenant-048,13 days,HOLD-2024-459,NOT NULL,BMI = kg/m²,24 17 * * 1-5,TXN-928854,Latin-1,dt=acme,22685.7,46 17 * * 1-5,sales.orders,warn=9416,Services,john.moore,ISO-8859-1,NOT NULL,1,5.14.71,GET /api/users,field_a -> target_col,ORD,Non-conformance: access control,text/html,ASCII,"$2,930,742",2023-06-14T08:09:43Z,TEXT,pool_size=171,https://acme.org/status/api,EMP-70947,jennifer.jackson,max=6458,2026-02-02T08:57:59Z,insert,19d3190314c89e4d311f343345fe2b2f1b82eebe6b0d02efee39f483e9b58352,Competitor Skyline Partners launched CloudGuard,CURRENT_TIMESTAMP,gRPC/protobuf,4403689286787,"DataCraft Inc, Acme Corp, Alpine Systems",Cost-plus 25%,raw.events -> exports,R18564351,France,381972,cache-1.dev.example.net,"[0.143, 0.5154, 0.5654, 0.6083, 0.3993, 0.9816, 0.2178, 0.5118]",[CONFIDENTIAL] Formula #607,pending,batch-20200331-44,REST/JSON,gmail.com,admin,Married,Latin-1,3026731,false,batch-20200324-17,Aspirin,indefinite,[CONFIDENTIAL] Formula #288,8366956,CNY,Q2 2026: $72M projected,5.14.79
,6279-1821,SmartChoice,,https://example.com/users/292a6304/profile,BSD-3-Clause,ISO 8601,false,8593.88,2022-04-07 06:10:19,approved,jennifer.lee,PostgreSQL,CHECK (val > 0),status != 'active',This record manages operational metrics.  The customer account represents operational metrics.  The product represents customer interactions.  The customer account monitors operational metrics.,[INTERNAL] Q3 strategy review pending board approval,HOLD-2025-732,VARCHAR,Disabled,"$1,993,523",2019-09-17T00:00:00Z,4.7.51,"$6,786,727",[CONFIDENTIAL] Formula #819,Major finding: data retention,[INTERNAL] Q1 strategy review pending board approval,99.199% uptime,2025-09-21 20:54:21,timeout_ms=658,ZGF-7462,tenant-026,EMP-60955,failed,created_at,tenant-014,FileNotFoundError: 1434,20:42:39,[INTERNAL] Q2 strategy review pending board approval,2019-10-26 04:56:33,curated.events -> reports,2025-12-02 23:09:46,public.users,0,99.551% uptime,30 days,npm install,VaultKeeper,GPL-3.0,"DataCraft Inc, Skyline Partners",tenant-038,251 days,HOLD-2024-887,UNIQUE,BMI = kg/m²,"26 13 * * 0,6",9240129,Latin-1,region=us-east,45443.7,10 2 * * *,hr.employees,warn=7271,Clothing,mary.williams,ASCII,CHECK (val > 0),yes,2.12.53,npm install,input -> target_col,LAX,Observation: backup schedule,application/json,Latin-1,"$3,247,981",2024-09-23T04:42:24Z,VARCHAR,max_retries=509,https://acme.org/docs/data/data,EMP-44218,jennifer.king,warn=8536,2021-02-16T15:02:35Z,update,10ee5140f6c50f2bf3b988892c366026789ddc925edc5fd7f22c99410841801e,Competitor Pacific Research Group launched NanoCore SDK,null,GraphQL,5966724927648,"Pacific Research Group, TechCo Industries, Meridian Health",Market-based,raw.users -> exports,M73144243,United States,940863,web-8.prod.acme.com,"[0.7584, 0.8239, 0.7748, 0.203, 0.6265, 0.6028, 0.4852, 0.6839]",[CONFIDENTIAL] Formula #681,rejected,batch-20190727-42,gRPC/protobuf,company.com,rwx,Widowed,UTF-16,9036625,true,batch-20210224-83,Aspirin,7 years,[CONFIDENTIAL] Formula #870,1863954,BRL,Q1 2024: $17M projected,3.4.4
,6492-3656,ValueMax,2019-07-03T12:12:01Z,https://example.com/users/20a396f0/profile,CC BY 4.0,IEEE 754,true,3779.62,2018-10-14 05:58:32,deprecated,john.martinez,PostgreSQL,NOT NULL,date > 'prod',The customer account monitors transaction histories.  The service tracks transaction histories.,[INTERNAL] Q2 strategy review pending board approval,HOLD-2022-569,FLOAT,Enabled,"$1,680,733",2025-05-22T00:00:00Z,5.10.93,"$5,903,812",[CONFIDENTIAL] Formula #200,Non-conformance: access control,[INTERNAL] Q3 strategy review pending board approval,99.772% uptime,,timeout_ms=676,WYS-4143,tenant-010,EMP-59835,pending,type,tenant-007,FileNotFoundError: 6168,03:44:57,[INTERNAL] Q1 strategy review pending board approval,2023-10-07 17:19:17,curated.users -> exports,2023-12-26T05:54:44Z,public.users,0,99.117% uptime,7 years,kubectl apply,NanoCore SDK,Proprietary,"Acme Corp, Quantum Dynamics",tenant-004,209 days,HOLD-2024-966,MATCHES '^[A-Z]+',F = ma,31 5 * * *,8806530,UTF-8,tenant=2024-01,33104.9,58 23 * * *,public.users,min=7127,Services,susan.martin,ASCII,UNIQUE,1,3.10.37,docker run,source_col -> field_b,SFO,Non-conformance: access control,image/png,UTF-16,"$3,119,635",2022-09-19 16:26:55,VARCHAR,max_retries=608,https://example.com/status/status,EMP-98734,emma.jones,min=3403,2019-06-04 13:08:10,delete,33e2203cbfcf7cee49248327c97146816cca1018951123d32eda323d8d9c3789,Competitor Meridian Health launched Widget Pro,'',SOAP/XML,5596150701765,"Pioneer Software, Pacific Research Group, Quantum Dynamics, Vertex Technologies",Cost-plus 25%,raw.users -> exports,Z12339187,South Korea,538038,web-6.staging.example.net,"[0.0694, 0.5889, 0.4874, 0.3825, 0.1296, 0.3289, 0.3203, 0.296]",[CONFIDENTIAL] Formula #803,active,batch-20241101-22,SOAP/XML,yahoo.com,r-x,Widowed,UTF-8,USR-747237,false,batch-20181106-42,Lisinopril,30 days,[CONFIDENTIAL] Formula #422,2086183,INR,Q4 2026: $40M projected,2.2.7
,2095-1614,SmartChoice,,https://example.com/users/c13a3817/profile,Apache-2.0,ISO 8601,true,4293.94,2018-10-01 22:17:42,stable,logan.taylor,Salesforce,UNIQUE,date = 'active',This record represents data processing activities.  The system monitors data processing activities.  This record manages data processing activities.,[INTERNAL] Q1 strategy review pending board approval,HOLD-2020-186,JSON,Enabled,"$2,328,057",2025-04-22T00:00:00Z,5.15.22,"$5,437,590",[CONFIDENTIAL] Formula #178,Observation: backup schedule,[INTERNAL] Q4 strategy review pending board approval,99.722% uptime,,max_retries=329,CZL-2803,tenant-006,EMP-63340,pending,name,tenant-026,FileNotFoundError: 1399,14:38:04,[INTERNAL] Q3 strategy review pending board approval,2023-09-09T23:59:58Z,raw.events -> analytics,2024-09-15 10:25:57,analytics.events,'',99.578% uptime,30 days,npm install,SmartHub X1,Apache-2.0,"Meridian Health, Alpine Systems, Pioneer Software",tenant-017,39 days,HOLD-2022-141,UNIQUE,E = mc²,27 7 * * 1-5,TXN-381304,UTF-16,dt=us-east,16049.8,25 15 * * *,analytics.events,max=7427,Electronics,sophia.williams,UTF-8,BETWEEN 1 AND 100,0,3.20.75,npm install,source_col -> target_col,NRT,Observation: backup schedule,text/html,UTF-16,"$5,770,501",2022-09-15T05:10:44Z,FLOAT,timeout_ms=550,https://acme.org/docs,EMP-98563,jessica.williams,crit=4203,2023-08-05 00:30:12,insert,9230e10b7ca6336f88153c0890d2010cd77852a7c8a8acfabc1dd60e02b4415b,Competitor TechCo Industries launched CloudGuard,CURRENT_TIMESTAMP,GraphQL,6928187706731,"Pioneer Software, Quantum Dynamics, DataCraft Inc, Pacific Research Group, Alpine Systems",Value pricing,staging.orders -> reports,Z67314865,Mexico,376351,app-16.prod.example.net,"[0.9829, 0.1094, 0.4301, 0.4708, 0.736, 0.4717, 0.7449, 0.2648]",[CONFIDENTIAL] Formula #826,approved,batch-20261125-90,REST/JSON,yahoo.com,rwx,Widowed,ISO-8859-1,ID-926920,true,batch-20200517-97,Aspirin,7 years,[CONFIDENTIAL] Formula #317,REC-221739,CAD,Q1 2025: $89M projected,0.9.13
,4972-7855,TechBrand,,https://example.com/users/e0eef905/profile,Apache-2.0,ISO 8601,false,9901.34,2025-02-28T03:24:00Z,stable,oliver.miller,Salesforce,MATCHES '^[A-Z]+',date IN 'prod',The customer account includes compliance records.  The service tracks compliance records.  The service tracks compliance records.,[INTERNAL] Q4 strategy review pending board approval,HOLD-2023-697,BOOLEAN,Inactive,"$100,966",2024-12-18T00:00:00Z,0.0.91,"$1,885,475",[CONFIDENTIAL] Formula #175,Non-conformance: access control,[INTERNAL] Q4 strategy review pending board approval,99.569% uptime,,pool_size=24,DQO-2269,tenant-010,EMP-43952,approved,email,tenant-028,HTTP 503 Service Unavailable,07:58:51,[INTERNAL] Q1 strategy review pending board approval,2023-02-14T06:38:07Z,raw.users -> reports,2019-12-18T03:09:54Z,analytics.events,0,99.829% uptime,7 years,npm install,NanoCore SDK,GPL-3.0,"DataCraft Inc, Pioneer Software",tenant-044,278 days,HOLD-2026-498,UNIQUE,E = mc²,18 2 * * 1-5,USR-639018,Latin-1,dt=2024-01,33641.9,"13 6 * * 0,6",hr.employees,min=6988,Electronics,aiden.jones,ASCII,MATCHES '^[A-Z]+',false,4.5.76,kubectl apply,source_col -> field_b,NRT,Major finding: data retention,image/png,UTF-8,"$9,423,362",2020-08-22 18:17:06,TEXT,pool_size=690,https://data.io/data/v2/status,EMP-91923,mary.miller,min=1071,2024-03-22 09:27:56,snapshot,a694e58e35098d516aab6b5fbb7d56b481d97e1f7f1c9189433dad7b7888a683,Competitor Vertex Technologies launched DataSync 3000,'',REST/JSON,1418390173116,"Alpine Systems, Skyline Partners, Acme Corp, Vertex Technologies, Quantum Dynamics",Penetration,staging.orders -> exports,S79259105,Canada,239174,db-2.staging.example.net,"[0.9164, 0.989, 0.9876, 0.1159, 0.7512, 0.9783, 0.8093, 0.2745]",[CONFIDENTIAL] Formula #934,pending,batch-20250402-75,GraphQL,acme.org,write,Single,UTF-8,ID-289740,true,batch-20240912-07,Aspirin,7 days,[CONFIDENTIAL] Formula #840,USR-585725,EUR,Q4 2025: $33M projected,1.19.61
2019-04-21T12:00:01Z,3953-1350,ValueMax,2023-12-23 15:34:29,https://example.com/users/ef53e931/profile,CC BY 4.0,ISO 8601,false,2736.63,2020-01-23 05:49:36,approved,david.martin,Kafka,NOT NULL,type IN 'prod',The product tracks compliance records.  The product tracks compliance records.,[INTERNAL] Q1 strategy review pending board approval,HOLD-2021-937,FLOAT,Active,"$1,601,647",2019-06-29T00:00:00Z,3.11.51,"$4,283,061",[CONFIDENTIAL] Formula #694,Major finding: data retention,[INTERNAL] Q4 strategy review pending board approval,99.922% uptime,,pool_size=565,NKP-2201,tenant-017,EMP-53838,active,id,tenant-008,ValueError: invalid literal for int(),18:36:58,[INTERNAL] Q3 strategy review pending board approval,2022-01-08T18:00:24Z,curated.users -> exports,2025-05-12 20:06:11,hr.employees,CURRENT_TIMESTAMP,99.358% uptime,1 year,kubectl apply,NanoCore SDK,BSD-3-Clause,"Beacon Analytics, Pacific Research Group, DataCraft Inc, Skyline Partners, Catalyst Ventures",tenant-041,298 days,HOLD-2020-165,BETWEEN 1 AND 100,PV = nRT,24 1 * * 1-5,8930378,UTF-8,tenant=acme,33827.2,"12 19 * * 0,6",analytics.events,crit=2402,Services,lucas.garcia,ISO-8859-1,CHECK (val > 0),1,0.7.12,kubectl apply,field_a -> field_b,CDG,Major finding: data retention,application/json,ASCII,"$5,949,689",2020-03-21T06:36:07Z,INTEGER,max_retries=302,https://api.service.com/docs/data,EMP-90662,robert.jones,max=1952,2019-10-10T02:05:49Z,delete,3cd7776e01321046c57e0842d37d41f064a76364b2eb033465edc72ea88d7467,Competitor Pacific Research Group launched AuditTrail Plus,false,OpenAPI 3.0,1605570741255,"DataCraft Inc, Alpine Systems",Penetration,curated.orders -> reports,K14009879,Norway,972970,web-10.staging.acme.com,"[0.2522, 0.0419, 0.8289, 0.768, 0.9903, 0.1911, 0.7936, 0.7134]",[CONFIDENTIAL] Formula #774,rejected,batch-20240125-96,GraphQL,outlook.com,write,Married,Latin-1,REC-924975,false,batch-20261112-07,Amoxicillin,1 year,[CONFIDENTIAL] Formula #912,7527136,GBP,Q1 2026: $11M projected,0.18.23
,2536-9402,EcoLine,,https://example.com/users/cfd02228/profile,MIT,IEEE 754,false,9469.84,2023-05-22T09:09:46Z,deprecated,aiden.king,Snowflake,MATCHES '^[A-Z]+',date > 'prod',This record includes compliance records.  The customer account represents customer interactions.  The customer account represents data processing activities.  The service tracks operational metrics.,[INTERNAL] Q1 strategy review pending board approval,HOLD-2021-669,TIMESTAMP,Disabled,"$6,198,766",2025-04-29T00:00:00Z,4.2.96,"$72,001",[CONFIDENTIAL] Formula #237,Non-conformance: access control,[INTERNAL] Q1 strategy review pending board approval,99.346% uptime,,timeout_ms=54,MTQ-5611,tenant-003,EMP-33542,pending,type,tenant-016,FileNotFoundError: 7814,13:43:21,[INTERNAL] Q1 strategy review pending board approval,2025-12-06 05:15:21,staging.events -> reports,2023-05-25T14:24:01Z,hr.employees,CURRENT_TIMESTAMP,99.155% uptime,7 years,POST /api/orders,FlexPay Platform,Proprietary,"Vertex Technologies, Quantum Dynamics",tenant-030,84 days,HOLD-2021-387,MATCHES '^[A-Z]+',A = πr²,7 22 * * *,466340,ASCII,dt=2024-01,24643.4,"11 16 * * 0,6",sales.orders,warn=9012,Electronics,oliver.white,ISO-8859-1,MATCHES '^[A-Z]+',yes,5.16.85,kubectl apply,source_col -> field_b,SFO,Major finding: data retention,application/xml,UTF-8,"$8,347,401",2024-04-09 06:35:05,INTEGER,pool_size=895,https://acme.org/v2/v2,EMP-15712,david.rodriguez,crit=8860,2021-08-28T08:28:48Z,update,b7e5d92d6db3e5e2c44ac1727fb5582b4c75f77991b28835c2faf17f8462f200,Competitor Catalyst Ventures launched StreamLine ERP,0,OpenAPI 3.0,7956913747327,"Meridian Health, Skyline Partners",Value pricing,curated.orders -> reports,I64636463,Australia,818827,db-9.dev.acme.com,"[0.0627, 0.1216, 0.9677, 0.724, 0.0321, 0.0672, 0.0025, 0.7526]",[CONFIDENTIAL] Formula #733,cancelled,batch-20230903-32,SOAP/XML,outlook.com,write,Single,UTF-16,USR-263816,false,batch-20210825-39,Aspirin,30 days,[CONFIDENTIAL] Formula #393,TXN-418000,CHF,Q2 2025: $44M projected,1.0.43
,1595-1537,SmartChoice,2024-04-07 13:24:47,https://example.com/users/a0071a06/profile,GPL-3.0,ISO 8601,false,1070.44,2020-11-18T13:06:03Z,needs-review,william.king,SAP,CHECK (val > 0),date IN 'prod',The service manages data processing activities.  The system tracks operational metrics.,[INTERNAL] Q4 strategy review pending board approval,HOLD-2026-162,INTEGER,Inactive,"$5,303,966",2026-12-11T00:00:00Z,3.0.45,"$2,858,832",[CONFIDENTIAL] Formula #708,Non-conformance: access control,[INTERNAL] Q2 strategy review pending board approval,99.403% uptime,,max_retries=59,WAT-5620,tenant-045,EMP-93776,rejected,name,tenant-049,FileNotFoundError: 4403,23:15:33,[INTERNAL] Q4 strategy review pending board approval,2025-10-24 04:31:12,curated.users -> exports,2026-11-23T20:33:54Z,analytics.events,null,99.936% uptime,7 days,docker run,FlexPay Platform,MIT,"Catalyst Ventures, Quantum Dynamics",tenant-028,340 days,HOLD-2024-568,NOT NULL,A = πr²,"27 19 * * 0,6",9368220,UTF-16,dt=acme,670.0,56 14 * * 1-5,sales.orders,warn=3288,Services,sophia.miller,Latin-1,CHECK (val > 0),yes,3.14.7,npm install,input -> field_b,LAX,Major finding: data retention,application/pdf,UTF-16,"$7,256,668",2021-03-11T03:22:53Z,VARCHAR,batch_size=311,https://example.com/status/v2/docs,EMP-82552,emily.johnson,max=1943,2026-12-18 01:48:35,snapshot,e9eca0a3831c66994434bf0b35f94ae29ce2ef6f2398d283eee3a48b78bd1913,Competitor Vertex Technologies launched VaultKeeper,'',SOAP/XML,0444417686675,"TechCo Industries, Beacon Analytics",Market-based,raw.events -> analytics,F97919325,Canada,422316,web-15.staging.example.net,"[0.6706, 0.4764, 0.9515, 0.2939, 0.2271, 0.4376, 0.273, 0.6512]",[CONFIDENTIAL] Formula #342,pending,batch-20210721-98,gRPC/protobuf,outlook.com,rw,Divorced,ASCII,8902606,false,batch-20230322-24,Lisinopril,30 days,[CONFIDENTIAL] Formula #548,ORD-384169,EUR,Q1 2026: $96M projected,2.3.99
,8272-8754,SmartChoice,,https://example.com/users/6f0afe5d/profile,Apache-2.0,IEEE 754,false,8573.81,2026-11-08T22:34:13Z,stable,elizabeth.taylor,PostgreSQL,UNIQUE,type = '2024',The system monitors compliance records.  The service tracks compliance records.  The customer account monitors operational metrics.,[INTERNAL] Q3 strategy review pending board approval,HOLD-2020-691,VARCHAR,Inactive,"$542,774",2018-05-14T00:00:00Z,5.20.64,"$4,795,275",[CONFIDENTIAL] Formula #913,Non-conformance: access control,[INTERNAL] Q3 strategy review pending board approval,99.901% uptime,,max_retries=613,OIL-6510,tenant-018,EMP-14388,inactive,status,tenant-027,HTTP 503 Service Unavailable,23:28:13,[INTERNAL] Q1 strategy review pending board approval,2024-12-22 22:59:41,raw.orders -> analytics,2019-07-21 16:55:23,sales.orders,'',99.602% uptime,7 years,docker run,FlexPay Platform,Apache-2.0,"Meridian Health, Pacific Research Group, DataCraft Inc, Global Solutions, Acme Corp",tenant-015,321 days,HOLD-2026-431,UNIQUE,BMI = kg/m²,41 11 * * 1-5,8272545,Latin-1,region=us-east,1255.5,24 20 * * 1-5,hr.employees,crit=274,Hardware,emma.king,ISO-8859-1,CHECK (val > 0),no,2.8.23,kubectl apply,input -> output,LHR,Non-conformance: access control,text/html,UTF-8,"$5,350,562",2022-03-04T06:04:33Z,FLOAT,max_retries=711,https://example.com/docs/users,EMP-72700,aiden.anderson,warn=8233,2018-11-23T03:09:04Z,insert,298f3d9c0e63fd89c6a153b8a859a1142b4ee3e07fb14f4d61420aadfe9de0b1,Competitor Beacon Analytics launched AuditTrail Plus,CURRENT_TIMESTAMP,SOAP/XML,6035349837766,"Global Solutions, Pacific Research Group, Quantum Dynamics, TechCo Industries, Meridian Health",Penetration,curated.events -> analytics,A93454619,United Kingdom,136558,cache-10.staging.example.net,"[0.4177, 0.5514, 0.9421, 0.9481, 0.7685, 0.6674, 0.4095, 0.6026]",[CONFIDENTIAL] Formula #693,inactive,batch-20260526-18,GraphQL,acme.org,rwx,Single,UTF-16,9535088,false,batch-20220118-38,Metformin,1 year,[CONFIDENTIAL] Formula #517,2889377,INR,Q4 2027: $13M projected,0.18.19
,5699-6129,ProSeries,,https://example.com/users/9f4c8786/profile,GPL-3.0,W3C Date,false,8399.27,2020-03-02 14:21:36,needs-review,noah.harris,Salesforce,MATCHES '^[A-Z]+',date IN 'active',The service manages data processing activities.  The service tracks operational metrics.,[INTERNAL] Q2 strategy review pending board approval,HOLD-2026-627,VARCHAR,Active,"$4,225,893",2026-11-22T00:00:00Z,5.20.95,"$969,815",[CONFIDENTIAL] Formula #152,Major finding: data retention,[INTERNAL] Q1 strategy review pending board approval,99.23% uptime,,timeout_ms=519,TQT-7886,tenant-028,EMP-51165,inactive,name,tenant-001,HTTP 503 Service Unavailable,23:42:01,[INTERNAL] Q1 strategy review pending board approval,2022-01-26 08:26:20,staging.orders -> reports,2026-08-08 12:41:53,analytics.events,1,99.478% uptime,30 days,kubectl apply,VaultKeeper,Proprietary,"Pacific Research Group, Catalyst Ventures",tenant-016,360 days,HOLD-2020-519,BETWEEN 1 AND 100,BMI = kg/m²,"51 22 * * 0,6",ID-364651,UTF-8,tenant=2024-01,33700.9,58 9 * * *,hr.employees,warn=9336,Food,anna.thompson,ASCII,CHECK (val > 0),false,4.16.33,POST /api/orders,source_col -> target_col,ORD,Major finding: data retention,image/png,UTF-16,"$5,853,238",2021-02-04T17:45:44Z,INTEGER,pool_size=82,https://acme.org/users/docs/api,EMP-97497,jennifer.anderson,crit=3783,2024-01-22T18:39:31Z,snapshot,6e6f4d8b677158e50aff48d905d2dc14bffaca9beecf3195261c1f0611eca212,Competitor Vertex Technologies launched AuditTrail Plus,null,SOAP/XML,2913272451917,"Vertex Technologies, Pioneer Software, Beacon Analytics, TechCo Industries, DataCraft Inc",Premium,curated.users -> exports,D45980635,Australia,821159,api-9.prod.acme.com,"[0.7156, 0.2485, 0.3371, 0.2467, 0.0639, 0.4299, 0.0876, 0.6134]",[CONFIDENTIAL] Formula #743,cancelled,batch-20180518-75,REST/JSON,acme.org,read,Single,UTF-8,8407878,false,batch-20190117-21,Aspirin,1 year,[CONFIDENTIAL] Formula #183,1091353,USD,Q1 2027: $34M projected,2.5.52
,3262-5089,ProSeries,,https://example.com/users/6adc7b14/profile,CC BY 4.0,RFC 3339,true,5341.75,2025-03-19 18:36:05,needs-review,ethan.lewis,PostgreSQL,BETWEEN 1 AND 100,status != 'prod',The system manages data processing activities.  The product represents customer interactions.,[INTERNAL] Q3 strategy review pending board approval,HOLD-2023-188,FLOAT,Active,"$6,190,567",2026-02-21T00:00:00Z,5.15.92,"$3,194,978",[CONFIDENTIAL] Formula #800,Non-conformance: access control,[INTERNAL] Q3 strategy review pending board approval,99.01% uptime,2026-11-05T03:13:08Z,timeout_ms=15,WOW-5584,tenant-046,EMP-54296,completed,name,tenant-047,PermissionDenied: insufficient privileges,05:01:33,[INTERNAL] Q3 strategy review pending board approval,2026-02-17T12:22:26Z,raw.events -> exports,2019-05-18T02:14:08Z,hr.employees,0,99.605% uptime,7 years,docker run,SmartHub X1,BSD-3-Clause,"Alpine Systems, Pioneer Software, DataCraft Inc",tenant-016,326 days,HOLD-2020-509,BETWEEN 1 AND 100,BMI = kg/m²,4 23 * * 1-5,REC-762810,ISO-8859-1,region=acme,47203.8,0 5 * * *,sales.orders,min=3253,Food,olivia.robinson,Latin-1,UNIQUE,0,1.15.91,kubectl apply,source_col -> target_col,NRT,Observation: backup schedule,text/html,Latin-1,"$1,148,880",2018-07-17T20:08:55Z,INTEGER,pool_size=369,https://example.com/v2/docs,EMP-87997,jennifer.walker,warn=6676,2025-03-01T03:25:00Z,snapshot,b6c5510ced6aeb57d0fa5fe64dab0585dcc43f827033ee9b3d59bb68a5bdd2ca,Competitor DataCraft Inc launched AuditTrail Plus,false,gRPC/protobuf,3235304377331,"TechCo Industries, Global Solutions, Catalyst Ventures",Premium,staging.orders -> analytics,L51603665,Norway,510536,cache-6.prod.acme.com,"[0.5464, 0.4867, 0.4097, 0.5036, 0.8954, 0.0356, 0.4012, 0.5913]",[CONFIDENTIAL] Formula #729,cancelled,batch-20250501-66,OpenAPI 3.0,acme.org,r-x,Married,UTF-16,6972265,false,batch-20230129-79,Metformin,indefinite,[CONFIDENTIAL] Formula #419,4017844,BRL,Q1 2027: $70M projected,1.19.80
,4757-6722,SmartChoice,,https://example.com/users/1beab644/profile,MIT,RFC 3339,true,4558.0,2018-11-23T11:42:03Z,high-priority,william.smith,SAP,MATCHES '^[A-Z]+',status > 'prod',The product monitors customer interactions.  The service monitors compliance records.,[INTERNAL] Q3 strategy review pending board approval,HOLD-2023-261,FLOAT,Inactive,"$6,563,244",2026-12-19T00:00:00Z,3.2.72,"$3,114,322",[CONFIDENTIAL] Formula #652,Non-conformance: access control,[INTERNAL] Q3 strategy review pending board approval,99.047% uptime,2023-10-21T21:56:01Z,timeout_ms=153,YYS-8677,tenant-019,EMP-64172,pending,name,tenant-012,NullPointerException at line 5492,06:40:43,[INTERNAL] Q3 strategy review pending board approval,2022-10-26T21:01:29Z,staging.users -> reports,2026-04-01T17:05:58Z,hr.employees,'',99.889% uptime,30 days,POST /api/orders,NanoCore SDK,Proprietary,"Beacon Analytics, Pioneer Software, Pacific Research Group, Global Solutions",tenant-037,54 days,HOLD-2024-209,UNIQUE,BMI = kg/m²,"11 4 * * 0,6",2025716,ASCII,region=2024-01,6029.6,"15 8 * * 0,6",hr.employees,min=4057,Clothing,sarah.thomas,Latin-1,BETWEEN 1 AND 100,true,3.19.23,GET /api/users,source_col -> target_col,NRT,Observation: backup schedule,application/json,ASCII,"$3,699,173",2023-08-17T04:36:07Z,TIMESTAMP,max_retries=986,https://data.io/v2/data/status,EMP-15042,oliver.davis,crit=3836,2020-02-27 11:24:55,delete,5a509b47a7110a0b965d53bd8f8abce7306b3625c7b2ea3b69943a86ab92e7a8,Competitor TechCo Industries launched FlexPay Platform,'',gRPC/protobuf,4173908562017,"Meridian Health, Catalyst Ventures, Alpine Systems",Penetration,staging.events -> analytics,Y35194494,United Kingdom,998376,web-14.prod.example.net,"[0.0772, 0.772, 0.7054, 0.3049, 0.8688, 0.5809, 0.9424, 0.6611]",[CONFIDENTIAL] Formula #182,cancelled,batch-20240903-47,REST/JSON,yahoo.com,rw,Single,Latin-1,ID-665519,false,batch-20200301-70,Lisinopril,1 year,[CONFIDENTIAL] Formula #238,1023732,EUR,Q3 2026: $71M projected,5.1.91
,7632-9391,TechBrand,2019-12-12 19:57:43,https://example.com/users/0938b61b/profile,GPL-3.0,POSIX,true,6065.25,2025-01-12T10:19:03Z,experimental,emily.jones,Kafka,NOT NULL,type > 'prod',The customer account includes transaction histories.  The system includes customer interactions.,[INTERNAL] Q3 strategy review pending board approval,HOLD-2024-891,JSON,Disabled,"$1,963,748",2024-02-07T00:00:00Z,2.4.55,"$8,444,133",[CONFIDENTIAL] Formula #445,Major finding: data retention,[INTERNAL] Q2 strategy review pending board approval,99.238% uptime,,timeout_ms=784,JNW-5629,tenant-004,EMP-20786,rejected,type,tenant-033,NullPointerException at line 9814,06:35:51,[INTERNAL] Q1 strategy review pending board approval,2025-12-13 04:21:02,curated.users -> reports,2018-09-03 02:12:20,hr.employees,false,99.344% uptime,7 days,GET /api/users,SmartHub X1,GPL-3.0,"Vertex Technologies, Alpine Systems",tenant-017,30 days,HOLD-2023-645,CHECK (val > 0),A = πr²,"32 4 * * 0,6",6211849,UTF-8,tenant=acme,5263.7,"9 17 * * 0,6",public.users,warn=3747,Software,olivia.young,UTF-8,CHECK (val > 0),0,4.12.1,kubectl apply,field_a -> target_col,NRT,Major finding: data retention,text/html,ASCII,"$8,331,554",2018-12-22 03:55:19,JSON,batch_size=718,https://example.com/docs,EMP-95794,amy.young,max=9442,2020-10-04T10:00:59Z,delete,9e6026adc7240f7e68064145b8579b14b80ced5e788fe0e36a16b12df8a7adb6,Competitor Skyline Partners launched Widget Pro,'',GraphQL,5409391370149,"Vertex Technologies, TechCo Industries, Global Solutions",Value pricing,raw.users -> analytics,Q87980691,Norway,993874,app-6.staging.acme.com,"[0.9984, 0.5725, 0.1783, 0.5675, 0.7101, 0.4968, 0.3424, 0.3255]",[CONFIDENTIAL] Formula #381,approved,batch-20240420-70,REST/JSON,gmail.com,write,Divorced,ISO-8859-1,4510310,false,batch-20250704-31,Ibuprofen,1 year,[CONFIDENTIAL] Formula #702,9982784,EUR,Q2 2027: $32M projected,5.4.17
,3560-7185,ValueMax,,https://example.com/users/6cbbaa40/profile,BSD-3-Clause,W3C Date,false,4685.59,2025-09-05 01:19:53,deprecated,patricia.williams,Salesforce,UNIQUE,date < 'prod',The service represents customer interactions.  The service manages transaction histories.  This record includes customer interactions.,[INTERNAL] Q3 strategy review pending board approval,HOLD-2023-290,TIMESTAMP,Disabled,"$2,491,023",2023-09-28T00:00:00Z,0.0.83,"$8,311,302",[CONFIDENTIAL] Formula #848,Non-conformance: access control,[INTERNAL] Q1 strategy review pending board approval,99.408% uptime,,max_retries=435,PVW-4917,tenant-044,EMP-90359,pending,status,tenant-033,HTTP 503 Service Unavailable,19:15:28,[INTERNAL] Q3 strategy review pending board approval,2019-12-27T03:01:11Z,staging.users -> reports,2018-07-13 21:37:07,hr.employees,null,99.824% uptime,7 days,docker run,VaultKeeper,Apache-2.0,"Pacific Research Group, Meridian Health, Alpine Systems",tenant-032,262 days,HOLD-2020-475,MATCHES '^[A-Z]+',PV = nRT,20 20 * * 1-5,1828956,ISO-8859-1,tenant=us-east,49167.8,"23 12 * * 0,6",analytics.events,warn=1260,Software,jennifer.walker,ISO-8859-1,NOT NULL,0,1.19.63,kubectl apply,field_a -> target_col,JFK,Major finding: data retention,image/png,Latin-1,"$730,759",2021-06-22 17:17:40,BOOLEAN,pool_size=287,https://api.service.com/docs/docs,EMP-73956,jennifer.thomas,min=7669,2019-06-17 03:07:40,delete,3bede54eb205042894de43bdc41f05ef6ecb1ceef3a7e3f775325ddc56bfe51b,Competitor Quantum Dynamics launched FlexPay Platform,0,GraphQL,4395894323645,"Quantum Dynamics, Skyline Partners, Acme Corp",Premium,staging.orders -> exports,W88615180,Norway,16984,api-10.staging.example.net,"[0.7664, 0.2008, 0.4565, 0.9075, 0.5614, 0.1567, 0.2246, 0.3032]",[CONFIDENTIAL] Formula #380,active,batch-20190510-70,GraphQL,acme.org,rwx,Married,ASCII,ID-143969,false,batch-20240322-24,Metformin,7 days,[CONFIDENTIAL] Formula #277,3693097,CAD,Q4 2025: $28M projected,2.13.37
,1914-6865,ProSeries,,https://example.com/users/a4274a44/profile,GPL-3.0,POSIX,true,7473.37,2026-10-11 02:31:23,approved,aiden.harris,Salesforce,CHECK (val > 0),status = 'active',The service represents customer interactions.  The service includes customer interactions.  The customer account includes customer interactions.  The system represents transaction histories.,[INTERNAL] Q2 strategy review pending board approval,HOLD-2024-318,TIMESTAMP,Inactive,"$1,985,599",2021-05-27T00:00:00Z,5.11.48,"$8,521,839",[CONFIDENTIAL] Formula #371,Observation: backup schedule,[INTERNAL] Q3 strategy review pending board approval,99.225% uptime,,max_retries=828,WIA-4413,tenant-050,EMP-32024,active,name,tenant-026,NullPointerException at line 6338,20:53:42,[INTERNAL] Q3 strategy review pending board approval,2019-06-14 02:15:05,curated.users -> reports,2018-03-19T05:20:13Z,sales.orders,0,99.359% uptime,1 year,docker run,Widget Pro,BSD-3-Clause,"Acme Corp, DataCraft Inc",tenant-046,233 days,HOLD-2021-371,BETWEEN 1 AND 100,PV = nRT,22 16 * * 1-5,5336678,UTF-8,dt=acme,14111.9,18 22 * * *,analytics.events,warn=5442,Hardware,david.clark,ASCII,MATCHES '^[A-Z]+',false,5.13.94,GET /api/users,field_a -> output,LAX,Observation: backup schedule,application/xml,ISO-8859-1,"$8,568,912",2023-11-18 17:08:55,TIMESTAMP,max_retries=100,https://data.io/api/docs/api,EMP-53625,jessica.young,crit=1238,2024-09-06T00:40:33Z,delete,cccd0f2f19b5a15877aa73f74fa8f4b0b38298c70f8d31d39b57c308202cacf2,Competitor Beacon Analytics launched CloudGuard,CURRENT_TIMESTAMP,GraphQL,8958478346141,"Pioneer Software, DataCraft Inc, Skyline Partners, Beacon Analytics",Market-based,raw.orders -> exports,V94463122,Sweden,359724,app-5.prod.example.net,"[0.4821, 0.5708, 0.5365, 0.8456, 0.8948, 0.3842, 0.977, 0.34]",[CONFIDENTIAL] Formula #762,pending,batch-20260203-04,GraphQL,acme.org,execute,Married,UTF-16,REC-673791,true,batch-20210809-63,Aspirin,1 year,[CONFIDENTIAL] Formula #425,TXN-468719,BRL,Q4 2026: $13M projected,3.12.72
,5989-4260,ValueMax,,https://example.com/users/7de4f054/profile,Apache-2.0,IEEE 754,false,8742.88,2023-02-02T12:28:58Z,stable,robert.king,Workday,NOT NULL,status < 'active',The product tracks customer interactions.  This record tracks compliance records.,[INTERNAL] Q3 strategy review pending board approval,HOLD-2026-503,JSON,Active,"$4,068,127",2024-07-20T00:00:00Z,4.4.12,"$1,806,415",[CONFIDENTIAL] Formula #806,Observation: backup schedule,[INTERNAL] Q3 strategy review pending board approval,99.916% uptime,,max_retries=180,HAN-9955,tenant-039,EMP-27112,cancelled,id,tenant-018,PermissionDenied: insufficient privileges,17:56:56,[INTERNAL] Q4 strategy review pending board approval,2019-11-06T20:56:48Z,curated.users -> exports,2019-01-07 03:32:35,public.users,'',99.085% uptime,indefinite,npm install,Widget Pro,MIT,"Alpine Systems, DataCraft Inc, Meridian Health, Pioneer Software",tenant-027,187 days,HOLD-2026-574,CHECK (val > 0),PV = nRT,"39 1 * * 0,6",REC-104605,UTF-8,dt=2024-01,8650.1,"16 9 * * 0,6",analytics.events,min=4801,Software,richard.smith,Latin-1,UNIQUE,yes,2.0.31,docker run,field_a -> output,ORD,Observation: backup schedule,application/pdf,ISO-8859-1,"$2,110,415",2020-01-11 20:47:02,INTEGER,pool_size=763,https://example.com/api/data,EMP-36229,lucas.jones,min=2328,2020-02-19 20:52:00,insert,286208c9b90a28e807e6d921385478a66181f898386a523f2938d42bb53ae03c,Competitor Quantum Dynamics launched FlexPay Platform,null,gRPC/protobuf,1274563771118,"DataCraft Inc, Catalyst Ventures",Cost-plus 25%,curated.orders -> exports,A35239060,Germany,830190,web-15.prod.acme.com,"[0.7346, 0.6717, 0.7364, 0.8762, 0.8054, 0.748, 0.9705, 0.3082]",[CONFIDENTIAL] Formula #928,failed,batch-20191220-41,SOAP/XML,gmail.com,write,Married,ISO-8859-1,6717753,false,batch-20190919-20,Amoxicillin,7 years,[CONFIDENTIAL] Formula #742,9040532,CHF,Q3 2026: $15M projected,3.13.20
,6622-6921,SmartChoice,,https://example.com/users/3f2bebb8/profile,BSD-3-Clause,POSIX,false,4535.11,2026-09-15 00:04:22,high-priority,aiden.martin,Kafka,MATCHES '^[A-Z]+',date IN 'active',The system represents data processing activities.  The customer account tracks transaction histories.  The service includes transaction histories.,[INTERNAL] Q4 strategy review pending board approval,HOLD-2026-389,VARCHAR,Enabled,"$870,178",2019-12-16T00:00:00Z,5.20.12,"$6,097,268",[CONFIDENTIAL] Formula #315,Non-conformance: access control,[INTERNAL] Q3 strategy review pending board approval,99.444% uptime,2023-06-16T03:42:27Z,max_retries=791,YRZ-9282,tenant-014,EMP-72344,active,id,tenant-050,FileNotFoundError: 5270,07:14:54,[INTERNAL] Q2 strategy review pending board approval,2022-09-04T22:28:50Z,raw.events -> analytics,2025-01-06T01:50:41Z,hr.employees,false,99.949% uptime,1 year,docker run,Widget Pro,GPL-3.0,"Skyline Partners, TechCo Industries, Acme Corp, Vertex Technologies",tenant-035,52 days,HOLD-2020-699,CHECK (val > 0),A = πr²,"19 10 * * 0,6",9608900,UTF-16,region=us-east,22070.4,39 17 * * 1-5,hr.employees,warn=7202,Clothing,mason.clark,ISO-8859-1,BETWEEN 1 AND 100,no,4.17.65,docker run,field_a -> field_b,ORD,Major finding: data retention,text/csv,UTF-16,"$1,870,111",2020-12-24T16:13:14Z,FLOAT,batch_size=813,https://acme.org/data/status/api,EMP-35587,richard.miller,warn=3842,2026-09-26 22:24:03,update,ea781a80bf9b60139c8f8a4ed5ddecf13404339c8a567d383c312ba884bce452,Competitor Alpine Systems launched FlexPay Platform,'',OpenAPI 3.0,0446132543171,"Pioneer Software, TechCo Industries, Acme Corp",Value pricing,staging.orders -> reports,B44573464,Switzerland,883491,web-14.dev.acme.com,"[0.2214, 0.864, 0.4115, 0.8774, 0.5706, 0.027, 0.4993, 0.1324]",[CONFIDENTIAL] Formula #391,approved,batch-20230523-11,SOAP/XML,yahoo.com,read,Widowed,ISO-8859-1,9416942,false,batch-20210526-12,Aspirin,30 days,[CONFIDENTIAL] Formula #561,4592141,JPY,Q3 2024: $47M projected,4.17.60
,5920-1954,TechBrand,,https://example.com/users/c07bd869/profile,Proprietary,POSIX,false,9806.16,2019-09-18 22:09:08,high-priority,john.clark,Workday,UNIQUE,type IN 'prod',The customer account monitors data processing activities.  The service tracks operational metrics.  The product includes data processing activities.,[INTERNAL] Q3 strategy review pending board approval,HOLD-2021-307,FLOAT,Active,"$8,140,712",2019-10-29T00:00:00Z,5.16.19,"$1,844,004",[CONFIDENTIAL] Formula #656,Non-conformance: access control,[INTERNAL] Q4 strategy review pending board approval,99.632% uptime,,pool_size=807,DUV-6974,tenant-032,EMP-94078,rejected,name,tenant-042,Connection timeout after 8800ms,21:58:00,[INTERNAL] Q3 strategy review pending board approval,2023-04-23T14:42:56Z,raw.users -> analytics,2019-10-02T22:43:04Z,public.users,1,99.206% uptime,7 years,npm install,NanoCore SDK,MIT,"Skyline Partners, Quantum Dynamics, TechCo Industries",tenant-037,84 days,HOLD-2024-636,UNIQUE,PV = nRT,7 13 * * 1-5,9596738,UTF-8,tenant=2024-01,47833.7,"30 21 * * 0,6",sales.orders,max=6923,Food,sarah.lewis,UTF-16,CHECK (val > 0),1,0.18.66,GET /api/users,field_a -> field_b,SIN,Observation: backup schedule,application/pdf,Latin-1,"$2,031,711",2022-09-22T06:18:03Z,BOOLEAN,batch_size=41,https://acme.org/status,EMP-83508,harper.jones,min=3158,2020-02-25T17:50:18Z,insert,03ea04187b11df35fa93bd8a5a0022ebe6fa88b44723eac01ead0e8c8a40e8d1,Competitor TechCo Industries launched DataSync 3000,false,REST/JSON,1871886800745,"TechCo Industries, Beacon Analytics, Pioneer Software, DataCraft Inc, Skyline Partners",Cost-plus 25%,staging.orders -> reports,N74965699,Italy,5260,web-15.prod.acme.com,"[0.8187, 0.442, 0.8102, 0.9543, 0.342, 0.2251, 0.6267, 0.549]",[CONFIDENTIAL] Formula #351,rejected,batch-20190324-73,GraphQL,company.com,rwx,Divorced,UTF-8,TXN-151950,true,batch-20230216-31,Ibuprofen,1 year,[CONFIDENTIAL] Formula #273,TXN-266599,CAD,Q1 2027: $99M projected,2.9.10
,6786-6029,TechBrand,,https://example.com/users/fb0ac8e9/profile,GPL-3.0,ISO 8601,false,8528.4,2022-05-19T07:24:49Z,deprecated,james.moore,Salesforce,UNIQUE,status < '2024',The product represents compliance records.  The service manages compliance records.  The product manages compliance records.  The customer account represents customer interactions.,[INTERNAL] Q2 strategy review pending board approval,HOLD-2026-101,TIMESTAMP,Inactive,"$5,439,553",2020-08-20T00:00:00Z,4.1.51,"$6,693,846",[CONFIDENTIAL] Formula #942,Observation: backup schedule,[INTERNAL] Q2 strategy review pending board approval,99.395% uptime,2020-12-12T13:39:47Z,pool_size=183,WEI-9902,tenant-021,EMP-79501,failed,created_at,tenant-029,Connection timeout after 7204ms,08:01:59,[INTERNAL] Q1 strategy review pending board approval,2020-10-08 06:18:46,curated.events -> reports,2020-11-14 17:21:49,sales.orders,null,99.757% uptime,indefinite,GET /api/users,CloudGuard,Apache-2.0,"Skyline Partners, Alpine Systems, Pacific Research Group, TechCo Industries, DataCraft Inc",tenant-042,16 days,HOLD-2021-841,MATCHES '^[A-Z]+',BMI = kg/m²,57 0 * * 1-5,3361444,Latin-1,tenant=us-east,30654.9,35 19 * * 1-5,public.users,crit=2265,Services,michael.jones,ASCII,NOT NULL,no,0.5.40,npm install,source_col -> field_b,LAX,Non-conformance: access control,image/png,ISO-8859-1,"$6,638,493",2021-03-02T18:52:46Z,INTEGER,batch_size=273,https://api.service.com/docs/status/v2,EMP-47404,olivia.taylor,warn=4952,2025-03-07 00:54:38,delete,20246baa18b5ed3f24f3f5226bd97b15f7b1df02a67160e04e4e54b84908dc9b,Competitor Alpine Systems launched CloudGuard,null,gRPC/protobuf,4189357025590,"Quantum Dynamics, DataCraft Inc",Value pricing,raw.orders -> analytics,E92449186,France,748425,web-2.prod.example.net,"[0.8194, 0.6297, 0.6292, 0.0159, 0.2214, 0.1371, 0.2996, 0.9858]",[CONFIDENTIAL] Formula #500,rejected,batch-20250916-50,OpenAPI 3.0,example.com,rwx,Married,UTF-16,484913,false,batch-20220606-53,Metformin,1 year,[CONFIDENTIAL] Formula #288,1265156,USD,Q2 2024: $14M projected,3.16.57
,8268-5751,ProSeries,2025-05-08 21:18:26,https://example.com/users/63acca2e/profile,Apache-2.0,ISO 8601,false,1042.47,2024-09-20T01:22:22Z,approved,david.smith,SAP,CHECK (val > 0),status < 'active',The service includes operational metrics.  The product monitors data processing activities.  The customer account monitors operational metrics.,[INTERNAL] Q4 strategy review pending board approval,HOLD-2024-843,TEXT,Disabled,"$6,745,185",2019-12-07T00:00:00Z,4.15.12,"$4,495,327",[CONFIDENTIAL] Formula #262,Observation: backup schedule,[INTERNAL] Q4 strategy review pending board approval,99.606% uptime,,batch_size=630,TVQ-2455,tenant-016,EMP-99490,cancelled,email,tenant-006,NullPointerException at line 9717,07:53:37,[INTERNAL] Q1 strategy review pending board approval,2020-06-03T21:08:56Z,raw.orders -> exports,2021-08-07 02:27:37,analytics.events,'',99.037% uptime,1 year,kubectl apply,CloudGuard,Apache-2.0,"Acme Corp, Global Solutions",tenant-025,226 days,HOLD-2023-454,CHECK (val > 0),A = πr²,47 11 * * *,4521877,UTF-16,dt=us-east,37291.4,6 1 * * *,hr.employees,max=5065,Clothing,jessica.jackson,UTF-8,CHECK (val > 0),1,1.0.94,npm install,field_a -> target_col,SIN,Observation: backup schedule,application/xml,UTF-16,"$1,020,170",2026-11-12 10:55:16,BOOLEAN,batch_size=950,https://api.service.com/docs/docs,EMP-52872,david.king,min=1181,2018-02-21T01:22:50Z,update,0a51c0ba3d7fad02d577e36ffef7e469920414644a00c0a03962a15fe99325a2,Competitor DataCraft Inc launched Sentinel Monitor,null,GraphQL,3131907604644,"Pacific Research Group, Skyline Partners, Quantum Dynamics",Cost-plus 25%,curated.orders -> reports,C14193344,India,454191,api-8.dev.acme.com,"[0.6358, 0.4966, 0.1259, 0.7288, 0.4982, 0.0406, 0.5268, 0.0566]",[CONFIDENTIAL] Formula #772,inactive,batch-20190716-62,REST/JSON,gmail.com,write,Single,UTF-16,4142911,true,batch-20220609-17,Metformin,7 days,[CONFIDENTIAL] Formula #213,ID-193202,USD,Q1 2027: $76M projected,4.3.7
2022-03-04 09:29:05,3980-2025,ValueMax,,https://example.com/users/7e98590c/profile,BSD-3-Clause,IEEE 754,false,1375.36,2019-02-14T21:04:37Z,deprecated,ethan.harris,Salesforce,CHECK (val > 0),type < '2024',This record manages transaction histories.  This record represents customer interactions.  The product monitors customer interactions.,[INTERNAL] Q4 strategy review pending board approval,HOLD-2022-827,FLOAT,Inactive,"$3,410,926",2024-02-20T00:00:00Z,4.6.69,"$4,431,778",[CONFIDENTIAL] Formula #934,Non-conformance: access control,[INTERNAL] Q3 strategy review pending board approval,99.3% uptime,,timeout_ms=117,HPK-5130,tenant-022,EMP-15403,pending,type,tenant-034,ValueError: invalid literal for int(),01:33:33,[INTERNAL] Q2 strategy review pending board approval,2019-05-26T06:17:27Z,staging.orders -> analytics,2023-05-07T14:21:15Z,public.users,null,99.882% uptime,7 years,GET /api/users,FlexPay Platform,Apache-2.0,"DataCraft Inc, Acme Corp, Global Solutions",tenant-038,126 days,HOLD-2020-643,NOT NULL,PV = nRT,"26 12 * * 0,6",7553577,ISO-8859-1,dt=acme,39811.3,24 5 * * 1-5,public.users,min=228,Food,amy.taylor,UTF-16,MATCHES '^[A-Z]+',false,2.16.52,kubectl apply,field_a -> field_b,ORD,Non-conformance: access control,text/csv,Latin-1,"$1,289,325",2019-10-20 03:38:44,TIMESTAMP,batch_size=723,https://example.com/data/v2,EMP-27268,amy.jones,max=4560,2023-10-27 21:29:11,upsert,badeb8f81e4ba89d35f73fd63c0253ff4225086f80559352d627f458a754fdb7,Competitor Acme Corp launched FlexPay Platform,0,OpenAPI 3.0,5991973402750,"Alpine Systems, Global Solutions, Meridian Health",Cost-plus 25%,raw.events -> reports,N21195429,Sweden,454486,web-6.prod.example.net,"[0.4214, 0.5026, 0.9524, 0.3661, 0.192, 0.8474, 0.0658, 0.3892]",[CONFIDENTIAL] Formula #963,inactive,batch-20201015-35,gRPC/protobuf,acme.org,admin,Widowed,Latin-1,9021512,false,batch-20250213-47,Ibuprofen,7 years,[CONFIDENTIAL] Formula #483,ID-107248,BRL,Q2 2027: $92M projected,0.9.69
,5171-6799,EcoLine,,https://example.com/users/b7ac7246/profile,Proprietary,POSIX,false,9547.37,2019-06-01T17:40:33Z,deprecated,emma.brown,SAP,UNIQUE,status = 'prod',The system tracks data processing activities.  The product monitors data processing activities.,[INTERNAL] Q4 strategy review pending board approval,HOLD-2024-710,FLOAT,Active,"$2,403,219",2021-11-12T00:00:00Z,4.19.56,"$9,640,701",[CONFIDENTIAL] Formula #146,Observation: backup schedule,[INTERNAL] Q3 strategy review pending board approval,99.472% uptime,,timeout_ms=130,DBH-8469,tenant-004,EMP-42834,approved,created_at,tenant-030,Connection timeout after 4353ms,08:11:31,[INTERNAL] Q1 strategy review pending board approval,2018-11-01T14:06:59Z,curated.events -> exports,2019-07-27 03:04:28,hr.employees,null,99.599% uptime,indefinite,npm install,Sentinel Monitor,Proprietary,"Global Solutions, Vertex Technologies, Alpine Systems, TechCo Industries",tenant-031,184 days,HOLD-2025-991,BETWEEN 1 AND 100,E = mc²,"38 6 * * 0,6",USR-435791,ASCII,dt=us-east,8382.2,"32 15 * * 0,6",sales.orders,crit=3835,Hardware,lucas.wright,ASCII,BETWEEN 1 AND 100,yes,2.18.74,kubectl apply,field_a -> target_col,SFO,Non-conformance: access control,application/json,ASCII,"$7,661,830",2018-03-03 18:38:57,FLOAT,max_retries=782,https://data.io/api/users/v2,EMP-60133,sarah.robinson,warn=3481,2020-01-02T14:07:38Z,insert,aaeae3c7434f3fee7b46095cfce1c215c612ac29f27100466acaed68cf24cb4a,Competitor Catalyst Ventures launched SmartHub X1,null,REST/JSON,9309412661924,"TechCo Industries, Skyline Partners, Acme Corp",Value pricing,staging.users -> exports,F46478504,Japan,972143,cache-9.dev.acme.com,"[0.8925, 0.1307, 0.842, 0.6268, 0.5025, 0.4539, 0.9094, 0.6906]",[CONFIDENTIAL] Formula #116,failed,batch-20240720-98,REST/JSON,company.com,admin,Married,ASCII,6043238,false,batch-20230912-64,Aspirin,7 days,[CONFIDENTIAL] Formula #248,1074351,GBP,Q2 2026: $50M projected,2.3.91
,5387-5710,EcoLine,,https://example.com/users/27a04af4/profile,Proprietary,POSIX,false,7743.4,2024-12-17 03:01:16,high-priority,logan.walker,Snowflake,NOT NULL,date != '2024',The system includes transaction histories.  The product includes transaction histories.  The customer account represents customer interactions.,[INTERNAL] Q1 strategy review pending board approval,HOLD-2020-736,TEXT,Disabled,"$2,134,494",2021-11-12T00:00:00Z,2.13.79,"$608,520",[CONFIDENTIAL] Formula #483,Observation: backup schedule,[INTERNAL] Q2 strategy review pending board approval,99.983% uptime,,max_retries=652,DKC-1379,tenant-001,EMP-97389,rejected,id,tenant-008,NullPointerException at line 8169,17:11:26,[INTERNAL] Q1 strategy review pending board approval,2022-11-17T10:27:04Z,raw.users -> reports,2025-11-03T01:42:30Z,public.users,CURRENT_TIMESTAMP,99.188% uptime,1 year,GET /api/users,NanoCore SDK,CC BY 4.0,"Vertex Technologies, Acme Corp",tenant-015,300 days,HOLD-2026-961,CHECK (val > 0),BMI = kg/m²,12 20 * * 1-5,REC-529849,UTF-16,region=acme,17435.9,46 18 * * *,sales.orders,min=744,Electronics,sophia.anderson,ISO-8859-1,BETWEEN 1 AND 100,false,4.2.67,POST /api/orders,field_a -> field_b,ORD,Non-conformance: access control,text/csv,UTF-8,"$8,178,438",2022-04-14 01:18:31,TIMESTAMP,timeout_ms=525,https://data.io/v2,EMP-79790,mason.harris,crit=3554,2024-07-05T02:07:24Z,update,a1dca75b0e457df976684c4b0c95428e741773bdd5f2024eed04eca6419cbd21,Competitor Pacific Research Group launched Sentinel Monitor,null,gRPC/protobuf,8655653958848,"Beacon Analytics, Pacific Research Group, Acme Corp",Cost-plus 25%,staging.users -> exports,C57311205,Australia,504940,cache-2.dev.example.net,"[0.6479, 0.9157, 0.6623, 0.9489, 0.6954, 0.4997, 0.5853, 0.5419]",[CONFIDENTIAL] Formula #225,completed,batch-20210207-63,SOAP/XML,outlook.com,write,Divorced,Latin-1,USR-287003,false,batch-20240425-53,Metformin,7 days,[CONFIDENTIAL] Formula #208,TXN-948071,USD,Q1 2027: $52M projected,0.20.10
,9044-1158,TechBrand,,https://example.com/users/738ee0c1/profile,Apache-2.0,IEEE 754,false,6913.51,2021-01-13 18:47:16,needs-review,mary.rodriguez,PostgreSQL,NOT NULL,status < '2024',The customer account monitors operational metrics.  The system manages customer interactions.  The system tracks customer interactions.  The product monitors customer interactions.,[INTERNAL] Q1 strategy review pending board approval,HOLD-2026-768,INTEGER,Inactive,"$3,232,041",2024-06-23T00:00:00Z,3.16.84,"$1,025,971",[CONFIDENTIAL] Formula #200,Observation: backup schedule,[INTERNAL] Q4 strategy review pending board approval,99.162% uptime,2019-05-04T09:48:26Z,timeout_ms=649,QHZ-8594,tenant-048,EMP-17035,completed,name,tenant-047,Connection timeout after 8380ms,09:31:42,[INTERNAL] Q2 strategy review pending board approval,2021-01-27T11:53:13Z,staging.events -> analytics,2020-11-09T15:22:18Z,analytics.events,1,99.257% uptime,30 days,npm install,FlexPay Platform,Apache-2.0,"TechCo Industries, Beacon Analytics, Pacific Research Group, DataCraft Inc",tenant-010,98 days,HOLD-2024-257,CHECK (val > 0),F = ma,4 7 * * 1-5,2083344,UTF-16,dt=us-east,41937.6,"40 14 * * 0,6",sales.orders,crit=254,Food,harper.smith,ASCII,CHECK (val > 0),1,2.3.95,docker run,source_col -> field_b,LAX,Observation: backup schedule,image/png,ASCII,"$1,155,295",2021-02-06T22:57:29Z,JSON,pool_size=358,https://example.com/v2,EMP-27145,sarah.martinez,warn=4918,2025-12-28 04:56:39,update,0c5dc0d7f53b1ab7341b5b6fc1784dbeee1be7a52988d9d474006c8fb14193c2,Competitor Acme Corp launched Sentinel Monitor,CURRENT_TIMESTAMP,gRPC/protobuf,4416041029081,"Pioneer Software, Global Solutions, Quantum Dynamics",Value pricing,staging.events -> reports,O54847634,Sweden,558921,app-9.prod.example.net,"[0.4386, 0.4412, 0.8794, 0.0117, 0.877, 0.8208, 0.4855, 0.6806]",[CONFIDENTIAL] Formula #583,active,batch-20250731-33,GraphQL,outlook.com,admin,Single,UTF-8,ORD-540316,false,batch-20250317-44,Ibuprofen,1 year,[CONFIDENTIAL] Formula #323,ORD-132411,JPY,Q1 2025: $12M projected,1.11.79
,7100-2114,ProSeries,,https://example.com/users/f65e9cfb/profile,CC BY 4.0,RFC 3339,false,3072.43,2026-09-02T09:00:50Z,stable,aiden.moore,Workday,BETWEEN 1 AND 100,type = '2024',The service manages operational metrics.  The product tracks transaction histories.  This record includes transaction histories.,[INTERNAL] Q2 strategy review pending board approval,HOLD-2025-468,BOOLEAN,Active,"$9,058,652",2021-09-03T00:00:00Z,5.16.21,"$9,896,513",[CONFIDENTIAL] Formula #865,Major finding: data retention,[INTERNAL] Q3 strategy review pending board approval,99.226% uptime,,batch_size=573,ZZX-6781,tenant-035,EMP-23225,cancelled,status,tenant-017,Connection timeout after 6616ms,03:52:25,[INTERNAL] Q2 strategy review pending board approval,2022-02-25 11:23:50,raw.orders -> exports,2020-05-01 20:00:31,analytics.events,0,99.866% uptime,30 days,kubectl apply,Sentinel Monitor,BSD-3-Clause,"Acme Corp, Alpine Systems, Pacific Research Group",tenant-001,291 days,HOLD-2024-619,CHECK (val > 0),PV = nRT,"2 7 * * 0,6",4238191,UTF-8,dt=2024-01,28296.3,40 13 * * 1-5,public.users,min=3340,Food,sophia.walker,UTF-16,CHECK (val > 0),true,5.3.25,kubectl apply,source_col -> target_col,SIN,Major finding: data retention,application/pdf,ISO-8859-1,"$370,241",2023-12-20 03:33:35,TEXT,timeout_ms=665,https://api.service.com/api,EMP-61162,amy.wright,max=9862,2020-12-06T11:34:33Z,update,227f8d498f7270fd8d39259268f25fb7a3b801eb2ebee43fd35b6f304c1e5109,Competitor Alpine Systems launched VaultKeeper,CURRENT_TIMESTAMP,GraphQL,4289466814684,"Quantum Dynamics, Skyline Partners, Global Solutions, Acme Corp",Penetration,raw.orders -> analytics,X19093805,Mexico,289780,db-19.dev.acme.com,"[0.8542, 0.6019, 0.5416, 0.7128, 0.6664, 0.6333, 0.1697, 0.588]",[CONFIDENTIAL] Formula #873,rejected,batch-20251231-02,REST/JSON,outlook.com,r-x,Divorced,UTF-16,6329843,false,batch-20200409-58,Ibuprofen,1 year,[CONFIDENTIAL] Formula #601,7778145,CNY,Q3 2026: $100M projected,5.0.62
,7027-2501,TechBrand,,https://example.com/users/c8aceff2/profile,Apache-2.0,IEEE 754,false,5416.62,2022-04-06T20:30:15Z,needs-review,anna.robinson,Kafka,CHECK (val > 0),type > '2024',The customer account monitors operational metrics.  The system manages compliance records.  The service monitors operational metrics.,[INTERNAL] Q2 strategy review pending board approval,HOLD-2023-552,JSON,Inactive,"$6,637,420",2025-05-01T00:00:00Z,2.4.35,"$8,419,882",[CONFIDENTIAL] Formula #305,Observation: backup schedule,[INTERNAL] Q4 strategy review pending board approval,99.584% uptime,,timeout_ms=551,IEV-7693,tenant-037,EMP-29972,approved,name,tenant-024,FileNotFoundError: 7559,00:26:32,[INTERNAL] Q1 strategy review pending board approval,2022-12-23 01:52:08,raw.events -> exports,2026-01-12T22:36:47Z,analytics.events,0,99.74% uptime,30 days,POST /api/orders,VaultKeeper,Proprietary,"Vertex Technologies, Catalyst Ventures, Beacon Analytics, Alpine Systems, Skyline Partners",tenant-032,56 days,HOLD-2022-982,CHECK (val > 0),BMI = kg/m²,"15 3 * * 0,6",ID-264372,ASCII,tenant=2024-01,20617.2,39 17 * * *,public.users,max=4976,Electronics,liam.garcia,Latin-1,UNIQUE,false,3.5.72,POST /api/orders,field_a -> target_col,LAX,Observation: backup schedule,image/png,UTF-8,"$443,172",2026-03-12 03:04:15,TIMESTAMP,timeout_ms=747,https://data.io/data/users/data,EMP-87908,linda.anderson,crit=2163,2021-05-02 04:14:05,delete,61d2e9c7b3de6f4d6bc1aec123805d1ceac0a55a3842b8df4478dcf536ccec05,Competitor Alpine Systems launched CloudGuard,CURRENT_TIMESTAMP,GraphQL,3991459082645,"Pioneer Software, Pacific Research Group",Value pricing,raw.events -> analytics,Q53521024,Israel,173545,db-5.dev.example.net,"[0.655, 0.1701, 0.165, 0.3064, 0.2017, 0.2864, 0.1099, 0.1]",[CONFIDENTIAL] Formula #917,active,batch-20240505-75,OpenAPI 3.0,yahoo.com,r-x,Single,ASCII,TXN-254661,false,batch-20251231-61,Lisinopril,1 year,[CONFIDENTIAL] Formula #655,REC-471230,GBP,Q4 2026: $75M projected,2.2.50
,4818-4858,ProSeries,,https://example.com/users/7adefae1/profile,CC BY 4.0,ISO 8601,false,995.81,2025-02-23T16:29:28Z,deprecated,ethan.rodriguez,Salesforce,BETWEEN 1 AND 100,date != '2024',The service monitors compliance records.  The service monitors operational metrics.  This record tracks data processing activities.,[INTERNAL] Q3 strategy review pending board approval,HOLD-2023-150,VARCHAR,Inactive,"$7,564,340",2025-01-17T00:00:00Z,3.0.36,"$2,798,631",[CONFIDENTIAL] Formula #194,Observation: backup schedule,[INTERNAL] Q2 strategy review pending board approval,99.705% uptime,,max_retries=701,MVH-4023,tenant-033,EMP-28487,approved,name,tenant-008,Connection timeout after 7825ms,12:13:18,[INTERNAL] Q1 strategy review pending board approval,2020-08-14T00:39:46Z,staging.events -> analytics,2019-04-10 23:30:58,hr.employees,CURRENT_TIMESTAMP,99.078% uptime,1 year,docker run,CloudGuard,CC BY 4.0,"Catalyst Ventures, TechCo Industries",tenant-048,186 days,HOLD-2025-896,CHECK (val > 0),E = mc²,51 13 * * *,TXN-387315,UTF-8,tenant=2024-01,9220.6,"55 6 * * 0,6",sales.orders,min=7512,Food,aiden.martinez,UTF-8,UNIQUE,true,3.1.61,POST /api/orders,field_a -> output,LAX,Non-conformance: access control,image/png,Latin-1,"$3,768,748",2024-04-02T18:14:32Z,VARCHAR,batch_size=917,https://data.io/status/docs/docs,EMP-93279,richard.jackson,warn=3196,2026-10-24 08:35:06,update,ed91b3bc5dc8d4a469fd0eed2d7307cf8d9d03ed2c0dd64aa0ed3bd4d309500e,Competitor TechCo Industries launched AuditTrail Plus,CURRENT_TIMESTAMP,gRPC/protobuf,7551860506533,"DataCraft Inc, Quantum Dynamics, Acme Corp",Market-based,staging.orders -> exports,H55744080,India,950700,db-15.prod.example.net,"[0.9044, 0.4996, 0.5801, 0.0612, 0.5736, 0.7227, 0.2, 0.2862]",[CONFIDENTIAL] Formula #940,cancelled,batch-20230210-27,OpenAPI 3.0,company.com,read,Divorced,ISO-8859-1,REC-597711,true,batch-20180616-66,Aspirin,30 days,[CONFIDENTIAL] Formula #704,9349615,CHF,Q3 2026: $33M projected,3.4.94
,5976-7977,EcoLine,,https://example.com/users/709c301a/profile,GPL-3.0,W3C Date,false,6123.06,2024-04-14 03:59:33,deprecated,mary.jones,Kafka,MATCHES '^[A-Z]+',date IN 'prod',This record manages operational metrics.  The customer account includes customer interactions.  The system represents data processing activities.,[INTERNAL] Q1 strategy review pending board approval,HOLD-2021-743,TEXT,Active,"$8,626,711",2024-09-26T00:00:00Z,3.9.64,"$7,981,900",[CONFIDENTIAL] Formula #491,Major finding: data retention,[INTERNAL] Q3 strategy review pending board approval,99.746% uptime,,timeout_ms=528,AFY-1810,tenant-050,EMP-49739,completed,type,tenant-035,NullPointerException at line 8959,04:33:47,[INTERNAL] Q2 strategy review pending board approval,2019-05-13T06:53:13Z,staging.events -> exports,2021-12-04 03:54:34,sales.orders,null,99.23% uptime,7 years,POST /api/orders,CloudGuard,BSD-3-Clause,"Pacific Research Group, Vertex Technologies",tenant-025,11 days,HOLD-2020-922,MATCHES '^[A-Z]+',BMI = kg/m²,15 22 * * *,8735204,Latin-1,region=us-east,11566.1,"28 2 * * 0,6",sales.orders,max=614,Hardware,david.young,ASCII,MATCHES '^[A-Z]+',0,4.20.19,kubectl apply,source_col -> target_col,ORD,Observation: backup schedule,text/csv,Latin-1,"$9,995,720",2018-07-07T01:30:56Z,INTEGER,max_retries=970,https://api.service.com/v2,EMP-79054,amy.moore,min=4345,2026-07-05 04:31:11,delete,61290a77c759d27ae3f3f9121759440bbf28a9694eacd66bdbfa7f6c26930dd0,Competitor Vertex Technologies launched StreamLine ERP,false,GraphQL,0293080294206,"Global Solutions, Skyline Partners, Vertex Technologies",Value pricing,curated.orders -> reports,K69548659,United Kingdom,973530,cache-1.prod.acme.com,"[0.3723, 0.0275, 0.0924, 0.392, 0.9494, 0.1769, 0.9746, 0.7972]",[CONFIDENTIAL] Formula #223,cancelled,batch-20211012-61,OpenAPI 3.0,gmail.com,admin,Single,ISO-8859-1,8019860,true,batch-20250902-37,Amoxicillin,1 year,[CONFIDENTIAL] Formula #591,4106448,USD,Q2 2026: $35M projected,3.10.55
,5994-2913,ProSeries,,https://example.com/users/7a6b9ee7/profile,MIT,POSIX,true,162.23,2022-01-08 16:03:11,stable,mason.taylor,Kafka,MATCHES '^[A-Z]+',date < 'prod',The product represents customer interactions.  The service includes customer interactions.  The system represents compliance records.  The product manages data processing activities.,[INTERNAL] Q1 strategy review pending board approval,HOLD-2024-884,TEXT,Enabled,"$7,990,555",2024-10-04T00:00:00Z,5.10.72,"$3,576,461",[CONFIDENTIAL] Formula #720,Non-conformance: access control,[INTERNAL] Q1 strategy review pending board approval,99.837% uptime,,timeout_ms=290,YMJ-3246,tenant-030,EMP-64304,rejected,id,tenant-033,PermissionDenied: insufficient privileges,03:45:20,[INTERNAL] Q2 strategy review pending board approval,2025-05-05 15:11:59,raw.orders -> analytics,2023-09-06T06:59:33Z,hr.employees,'',99.523% uptime,1 year,GET /api/users,VaultKeeper,Proprietary,"DataCraft Inc, TechCo Industries",tenant-037,345 days,HOLD-2026-524,CHECK (val > 0),PV = nRT,8 9 * * *,7651896,ISO-8859-1,region=2024-01,7774.0,0 11 * * 1-5,public.users,warn=8124,Food,patricia.moore,UTF-8,MATCHES '^[A-Z]+',no,2.6.59,npm install,field_a -> output,SFO,Non-conformance: access control,text/html,UTF-16,"$5,175,119",2020-09-20 12:38:08,FLOAT,max_retries=65,https://acme.org/status/docs/users,EMP-29807,mason.young,min=7481,2018-05-15 15:31:20,update,a294d679aac4f3c3239ed3c4bfb299c026962f460094f1eb6151addf041f5869,Competitor TechCo Industries launched VaultKeeper,CURRENT_TIMESTAMP,OpenAPI 3.0,8737649294959,"Acme Corp, TechCo Industries, Pioneer Software, Meridian Health, DataCraft Inc",Cost-plus 25%,curated.events -> exports,D78064340,Spain,173743,app-9.staging.example.net,"[0.1112, 0.2371, 0.733, 0.7415, 0.1738, 0.2131, 0.5863, 0.6652]",[CONFIDENTIAL] Formula #358,rejected,batch-20221218-82,REST/JSON,outlook.com,r-x,Divorced,UTF-16,8864676,false,batch-20220802-63,Metformin,7 days,[CONFIDENTIAL] Formula #561,ID-430660,CHF,Q3 2025: $14M projected,0.11.61
2025-01-03T06:17:08Z,2080-3531,SmartChoice,,https://example.com/users/f7b7e99c/profile,BSD-3-Clause,RFC 3339,true,1847.24,2025-03-23 16:12:13,stable,liam.williams,Workday,CHECK (val > 0),status < '2024',The system monitors data processing activities.  The system manages operational metrics.,[INTERNAL] Q2 strategy review pending board approval,HOLD-2024-912,FLOAT,Active,"$9,494,133",2020-06-28T00:00:00Z,3.6.90,"$4,542,907",[CONFIDENTIAL] Formula #229,Non-conformance: access control,[INTERNAL] Q2 strategy review pending board approval,99.061% uptime,,max_retries=756,THM-5379,tenant-032,EMP-70162,rejected,created_at,tenant-044,HTTP 503 Service Unavailable,09:14:15,[INTERNAL] Q1 strategy review pending board approval,2026-10-03 05:11:06,raw.orders -> exports,2023-04-12T03:46:14Z,public.users,'',99.195% uptime,indefinite,GET /api/users,DataSync 3000,Apache-2.0,"TechCo Industries, Pacific Research Group, Alpine Systems, Vertex Technologies",tenant-024,58 days,HOLD-2020-371,UNIQUE,PV = nRT,"14 12 * * 0,6",ID-949128,UTF-16,tenant=2024-01,7411.9,11 8 * * *,sales.orders,crit=8778,Hardware,liam.lewis,ASCII,CHECK (val > 0),no,0.10.97,GET /api/users,input -> output,LHR,Observation: backup schedule,application/xml,UTF-16,"$574,660",2018-05-03T11:51:38Z,BOOLEAN,timeout_ms=770,https://example.com/users/v2/data,EMP-80030,mason.martin,crit=8649,2023-04-10T21:07:51Z,snapshot,069234c34ecc0f277826d3b7ea7625554d0765dc2ce4dddb672bf01d8a000a69,Competitor Global Solutions launched DataSync 3000,null,GraphQL,7410490518441,"Alpine Systems, Meridian Health, Global Solutions, Skyline Partners, DataCraft Inc",Value pricing,raw.users -> analytics,U71832424,Switzerland,617342,web-7.staging.acme.com,"[0.0632, 0.8424, 0.751, 0.2376, 0.276, 0.4951, 0.6003, 0.6281]",[CONFIDENTIAL] Formula #873,cancelled,batch-20250511-23,GraphQL,example.com,admin,Divorced,ASCII,7425074,false,batch-20260127-43,Metformin,30 days,[CONFIDENTIAL] Formula #597,3487186,JPY,Q3 2026: $69M projected,1.1.96
2021-08-26T16:29:17Z,3428-2828,ProSeries,,https://example.com/users/9851701b/profile,GPL-3.0,RFC 3339,false,6367.89,2023-04-10T08:14:17Z,needs-review,michael.wright,Snowflake,CHECK (val > 0),status != '2024',The system manages operational metrics.  The product manages compliance records.,[INTERNAL] Q1 strategy review pending board approval,HOLD-2020-817,TEXT,Active,"$5,302,318",2022-04-11T00:00:00Z,3.1.91,"$6,735,549",[CONFIDENTIAL] Formula #537,Major finding: data retention,[INTERNAL] Q4 strategy review pending board approval,99.579% uptime,,batch_size=770,CZW-3844,tenant-036,EMP-31709,inactive,amount,tenant-047,ValueError: invalid literal for int(),17:17:46,[INTERNAL] Q3 strategy review pending board approval,2018-12-04 16:56:06,curated.events -> reports,2026-03-12T00:31:52Z,hr.employees,0,99.951% uptime,30 days,POST /api/orders,AuditTrail Plus,Apache-2.0,"Skyline Partners, Vertex Technologies, Acme Corp, DataCraft Inc, Catalyst Ventures",tenant-029,150 days,HOLD-2021-921,UNIQUE,E = mc²,26 22 * * *,9193821,Latin-1,tenant=us-east,34975.1,"45 4 * * 0,6",analytics.events,max=6921,Food,harper.miller,ASCII,CHECK (val > 0),yes,5.0.11,docker run,field_a -> field_b,SFO,Major finding: data retention,application/pdf,ISO-8859-1,"$1,522,247",2025-04-21 16:17:51,FLOAT,batch_size=349,https://acme.org/v2/v2/data,EMP-73034,olivia.williams,max=1621,2018-02-21T19:02:39Z,delete,db7a75fb8af479ad85bce05ed75562cc9517d24144a0df817994490fe375f680,Competitor Catalyst Ventures launched StreamLine ERP,false,GraphQL,9426782033002,"TechCo Industries, Acme Corp, Catalyst Ventures, Vertex Technologies, Quantum Dynamics",Value pricing,staging.orders -> analytics,P90229997,Brazil,296296,web-5.dev.example.net,"[0.4012, 0.1215, 0.4648, 0.951, 0.3963, 0.3662, 0.1155, 0.752]",[CONFIDENTIAL] Formula #286,failed,batch-20210910-68,REST/JSON,gmail.com,execute,Single,UTF-8,TXN-595959,false,batch-20220507-98,Aspirin,7 days,[CONFIDENTIAL] Formula #802,4174983,GBP,Q3 2026: $10M projected,0.4.93
,6582-4405,ProSeries,,https://example.com/users/9cfecfd9/profile,MIT,ISO 8601,false,1886.0,2020-06-08T11:35:05Z,high-priority,linda.clark,Snowflake,CHECK (val > 0),status IN 'active',The system tracks operational metrics.  The service manages customer interactions.,[INTERNAL] Q2 strategy review pending board approval,HOLD-2023-598,TEXT,Inactive,"$686,922",2023-12-25T00:00:00Z,5.12.66,"$2,457,674",[CONFIDENTIAL] Formula #220,Non-conformance: access control,[INTERNAL] Q2 strategy review pending board approval,99.525% uptime,,max_retries=767,QPN-7674,tenant-012,EMP-50883,failed,id,tenant-012,ValueError: invalid literal for int(),23:37:29,[INTERNAL] Q4 strategy review pending board approval,2025-06-04 11:00:25,raw.orders -> analytics,2021-03-02T06:12:02Z,sales.orders,null,99.302% uptime,1 year,npm install,DataSync 3000,BSD-3-Clause,"DataCraft Inc, Skyline Partners",tenant-025,203 days,HOLD-2020-353,NOT NULL,F = ma,58 12 * * *,1338371,Latin-1,dt=2024-01,16815.0,57 17 * * *,hr.employees,crit=816,Software,john.williams,ISO-8859-1,NOT NULL,0,2.14.70,kubectl apply,input -> field_b,ORD,Major finding: data retention,application/pdf,UTF-8,"$2,513,934",2026-02-13T03:39:42Z,JSON,pool_size=341,https://example.com/docs/v2,EMP-39077,william.harris,min=1756,2026-06-28T19:16:51Z,snapshot,44746c00223ba6a5a74458d494f3f2fbb2773890ef6ff53b248e1da54e325bdb,Competitor Pacific Research Group launched FlexPay Platform,'',SOAP/XML,7745387919546,"Beacon Analytics, Global Solutions, DataCraft Inc",Premium,staging.orders -> exports,Y34558273,Japan,674204,api-4.staging.acme.com,"[0.6171, 0.9135, 0.7511, 0.5173, 0.7469, 0.6891, 0.6193, 0.2743]",[CONFIDENTIAL] Formula #777,pending,batch-20240507-09,gRPC/protobuf,outlook.com,rwx,Single,ISO-8859-1,5279780,false,batch-20201215-45,Aspirin,7 days,[CONFIDENTIAL] Formula #612,USR-665253,CNY,Q3 2027: $95M projected,1.20.36
,4555-1473,TechBrand,,https://example.com/users/46b3b6b7/profile,MIT,IEEE 754,false,8260.31,2025-09-24T08:27:23Z,high-priority,mary.davis,Salesforce,MATCHES '^[A-Z]+',date != 'active',The system tracks compliance records.  The product includes operational metrics.  This record monitors operational metrics.  This record monitors compliance records.,[INTERNAL] Q1 strategy review pending board approval,HOLD-2023-714,TIMESTAMP,Inactive,"$4,997,155",2023-04-06T00:00:00Z,0.0.44,"$5,800,618",[CONFIDENTIAL] Formula #258,Observation: backup schedule,[INTERNAL] Q1 strategy review pending board approval,99.203% uptime,2024-06-23T15:35:14Z,batch_size=896,ALB-6033,tenant-010,EMP-90460,inactive,name,tenant-001,FileNotFoundError: 3684,00:50:17,[INTERNAL] Q3 strategy review pending board approval,2019-05-22 15:19:04,staging.orders -> analytics,2021-07-09T11:59:31Z,public.users,null,99.447% uptime,1 year,POST /api/orders,AuditTrail Plus,Proprietary,"Meridian Health, Catalyst Ventures, Skyline Partners",tenant-033,247 days,HOLD-2020-818,UNIQUE,BMI = kg/m²,38 20 * * *,ORD-498557,ISO-8859-1,region=acme,42691.4,15 19 * * 1-5,analytics.events,warn=2034,Electronics,liam.davis,Latin-1,MATCHES '^[A-Z]+',true,5.11.71,GET /api/users,field_a -> output,NRT,Non-conformance: access control,text/html,UTF-8,"$3,658,516",2024-10-05 22:38:42,VARCHAR,timeout_ms=957,https://api.service.com/v2/v2,EMP-34322,susan.thompson,crit=4666,2021-12-02 02:23:42,delete,078f7749231d19a98788493617bcc34c0f36e36c3fe11951529b1769b10555ac,Competitor Meridian Health launched AuditTrail Plus,'',OpenAPI 3.0,0590581518531,"Meridian Health, Vertex Technologies, Pioneer Software",Penetration,raw.events -> exports,L42405987,Switzerland,309443,web-7.staging.example.net,"[0.7465, 0.2796, 0.1904, 0.1962, 0.6798, 0.0083, 0.3846, 0.1295]",[CONFIDENTIAL] Formula #579,active,batch-20260313-83,GraphQL,yahoo.com,r-x,Single,Latin-1,460950,false,batch-20180811-69,Amoxicillin,7 years,[CONFIDENTIAL] Formula #334,TXN-702954,BRL,Q2 2027: $18M projected,1.11.6
,7235-5426,TechBrand,,https://example.com/users/35a86602/profile,CC BY 4.0,ISO 8601,false,444.75,2026-09-11 20:02:07,stable,michael.king,Snowflake,MATCHES '^[A-Z]+',date = '2024',This record monitors compliance records.  This record represents compliance records.,[INTERNAL] Q3 strategy review pending board approval,HOLD-2020-906,BOOLEAN,Enabled,"$1,274,193",2024-05-16T00:00:00Z,1.8.45,"$5,338,827",[CONFIDENTIAL] Formula #630,Observation: backup schedule,[INTERNAL] Q3 strategy review pending board approval,99.657% uptime,,batch_size=918,WPE-7371,tenant-013,EMP-80113,inactive,created_at,tenant-013,Connection timeout after 1641ms,06:53:13,[INTERNAL] Q4 strategy review pending board approval,2020-07-11 13:59:21,curated.orders -> analytics,2026-03-13 20:22:14,analytics.events,0,99.854% uptime,indefinite,GET /api/users,VaultKeeper,Proprietary,"Catalyst Ventures, Acme Corp",tenant-005,351 days,HOLD-2020-302,NOT NULL,E = mc²,51 14 * * 1-5,USR-993001,ASCII,dt=2024-01,41925.0,7 23 * * *,public.users,crit=9063,Services,harper.jackson,UTF-8,CHECK (val > 0),true,2.18.64,POST /api/orders,input -> field_b,CDG,Observation: backup schedule,application/xml,Latin-1,"$1,682,704",2024-03-04 11:41:39,TIMESTAMP,max_retries=544,https://acme.org/api/data/data,EMP-67762,emma.thompson,max=9132,2018-07-22 07:32:23,snapshot,31c87aac469f725777dcddd75d6bcc220b200f15a606e0df165615ea549d21a3,Competitor DataCraft Inc launched FlexPay Platform,'',GraphQL,0251757915440,"Skyline Partners, Pioneer Software",Premium,raw.events -> reports,H12251890,Australia,426038,cache-8.dev.example.net,"[0.0551, 0.366, 0.8873, 0.2061, 0.6125, 0.2038, 0.8007, 0.9202]",[CONFIDENTIAL] Formula #395,approved,batch-20211119-55,OpenAPI 3.0,gmail.com,r-x,Married,UTF-16,3431223,true,batch-20250302-86,Amoxicillin,7 days,[CONFIDENTIAL] Formula #547,ORD-693351,USD,Q1 2025: $26M projected,3.11.17
,6548-5039,EcoLine,2026-05-27 19:26:03,https://example.com/users/b1dfc172/profile,Proprietary,W3C Date,true,6071.29,2024-01-10 01:46:56,needs-review,sarah.lee,Snowflake,UNIQUE,status IN 'prod',This record represents customer interactions.  The product represents customer interactions.,[INTERNAL] Q4 strategy review pending board approval,HOLD-2025-687,INTEGER,Enabled,"$181,706",2018-03-20T00:00:00Z,3.19.77,"$163,369",[CONFIDENTIAL] Formula #136,Observation: backup schedule,[INTERNAL] Q3 strategy review pending board approval,99.662% uptime,,max_retries=1000,YIS-1893,tenant-009,EMP-20859,active,email,tenant-019,ValueError: invalid literal for int(),17:13:26,[INTERNAL] Q4 strategy review pending board approval,2021-04-25 17:29:24,staging.events -> analytics,2018-02-24T14:56:07Z,sales.orders,CURRENT_TIMESTAMP,99.426% uptime,7 days,GET /api/users,StreamLine ERP,MIT,"Acme Corp, Meridian Health, Skyline Partners, DataCraft Inc",tenant-006,119 days,HOLD-2022-809,NOT NULL,PV = nRT,4 8 * * 1-5,USR-415288,ISO-8859-1,region=us-east,15629.7,52 0 * * 1-5,public.users,warn=5085,Clothing,robert.walker,ISO-8859-1,UNIQUE,false,3.14.72,npm install,source_col -> field_b,SIN,Observation: backup schedule,image/png,ASCII,"$2,231,389",2021-02-11T21:54:01Z,VARCHAR,timeout_ms=17,https://data.io/docs/docs/docs,EMP-19425,mary.jones,max=9393,2024-08-09 03:07:17,upsert,56080e61cfd770633255d29d9d7a978c23571df2afa0b04f3811b3878d335ef1,Competitor Skyline Partners launched Sentinel Monitor,false,gRPC/protobuf,4234303194573,"Acme Corp, TechCo Industries, Quantum Dynamics",Penetration,curated.users -> reports,I69319961,India,710518,web-5.prod.example.net,"[0.4033, 0.8679, 0.6705, 0.7653, 0.2067, 0.9808, 0.9685, 0.9706]",[CONFIDENTIAL] Formula #189,pending,batch-20200223-43,OpenAPI 3.0,example.com,r-x,Single,UTF-8,ID-556124,true,batch-20190708-06,Lisinopril,7 years,[CONFIDENTIAL] Formula #525,USR-138612,CAD,Q3 2025: $92M projected,0.3.83
,5027-3344,SmartChoice,,https://example.com/users/5fea82f6/profile,BSD-3-Clause,IEEE 754,false,2969.34,2019-02-27T07:22:55Z,stable,elizabeth.johnson,Salesforce,BETWEEN 1 AND 100,date > 'prod',The system monitors customer interactions.  This record manages operational metrics.,[INTERNAL] Q2 strategy review pending board approval,HOLD-2020-390,VARCHAR,Enabled,"$1,999,531",2022-01-22T00:00:00Z,4.16.67,"$2,098,876",[CONFIDENTIAL] Formula #694,Major finding: data retention,[INTERNAL] Q4 strategy review pending board approval,99.061% uptime,,max_retries=757,NGZ-1784,tenant-015,EMP-52297,approved,id,tenant-041,PermissionDenied: insufficient privileges,11:19:20,[INTERNAL] Q2 strategy review pending board approval,2024-07-16 08:57:22,raw.events -> analytics,2019-02-28 16:16:24,public.users,0,99.154% uptime,7 days,kubectl apply,SmartHub X1,CC BY 4.0,"Quantum Dynamics, Acme Corp",tenant-008,107 days,HOLD-2026-389,CHECK (val > 0),E = mc²,26 16 * * 1-5,904630,ISO-8859-1,dt=acme,45711.6,23 19 * * 1-5,sales.orders,warn=6126,Services,noah.lee,UTF-16,NOT NULL,1,4.14.31,GET /api/users,source_col -> output,LAX,Non-conformance: access control,application/pdf,UTF-8,"$1,063,463",2020-01-07T22:09:52Z,FLOAT,timeout_ms=520,https://data.io/v2/status/docs,EMP-93078,john.johnson,min=5928,2023-05-07 17:50:20,update,96a2ec54959ffca89e7fef3c919df56f6400efc857116e02d464bf9e0ac48c97,Competitor Alpine Systems launched AuditTrail Plus,null,REST/JSON,5091585003686,"TechCo Industries, Global Solutions, Catalyst Ventures, Pioneer Software",Cost-plus 25%,curated.orders -> reports,O31408797,Australia,890748,cache-5.prod.acme.com,"[0.8538, 0.9498, 0.4155, 0.8381, 0.9767, 0.6268, 0.0635, 0.8351]",[CONFIDENTIAL] Formula #652,completed,batch-20230903-05,REST/JSON,acme.org,rwx,Divorced,ASCII,922731,true,batch-20250424-45,Amoxicillin,7 years,[CONFIDENTIAL] Formula #769,7361045,JPY,Q4 2026: $87M projected,0.11.59
2024-12-15 03:11:18,3780-6178,ValueMax,2026-09-23 22:50:54,https://example.com/users/289f30dc/profile,Proprietary,ISO 8601,false,3926.94,2021-06-12T11:52:11Z,stable,mary.lewis,Snowflake,CHECK (val > 0),type IN 'active',The customer account monitors compliance records.  The system represents compliance records.,[INTERNAL] Q4 strategy review pending board approval,HOLD-2021-394,TIMESTAMP,Enabled,"$9,432,711",2025-07-06T00:00:00Z,5.9.8,"$1,142,524",[CONFIDENTIAL] Formula #865,Non-conformance: access control,[INTERNAL] Q3 strategy review pending board approval,99.346% uptime,,max_retries=205,KDE-7006,tenant-043,EMP-15929,rejected,created_at,tenant-008,ValueError: invalid literal for int(),22:13:24,[INTERNAL] Q4 strategy review pending board approval,2023-11-08 14:53:43,staging.orders -> reports,2024-07-03 20:49:57,sales.orders,CURRENT_TIMESTAMP,99.23% uptime,1 year,docker run,AuditTrail Plus,GPL-3.0,"Alpine Systems, Beacon Analytics",tenant-030,238 days,HOLD-2021-726,MATCHES '^[A-Z]+',E = mc²,8 5 * * *,TXN-457281,ASCII,tenant=acme,315.1,"1 18 * * 0,6",hr.employees,crit=4393,Hardware,david.rodriguez,ISO-8859-1,CHECK (val > 0),1,1.2.29,kubectl apply,source_col -> field_b,CDG,Major finding: data retention,application/xml,ISO-8859-1,"$81,135",2022-09-14 17:36:00,INTEGER,max_retries=523,https://data.io/users/docs,EMP-92291,anna.robinson,min=1221,2020-04-12T10:09:41Z,insert,e17c19b86a452644f4d1f4bd6ba25664d2d9a3b4136cb1cb7a506e2983c398ca,Competitor Pacific Research Group launched Widget Pro,1,REST/JSON,4816436646113,"DataCraft Inc, TechCo Industries",Premium,raw.orders -> reports,T67971498,France,870939,db-7.dev.acme.com,"[0.7234, 0.321, 0.3881, 0.7956, 0.4553, 0.4927, 0.7408, 0.4767]",[CONFIDENTIAL] Formula #313,pending,batch-20180209-18,gRPC/protobuf,acme.org,read,Widowed,UTF-8,ORD-147519,false,batch-20240804-55,Aspirin,1 year,[CONFIDENTIAL] Formula #482,1513715,EUR,Q2 2025: $13M projected,4.20.90
,3336-5369,SmartChoice,2023-07-15T03:28:07Z,https://example.com/users/a263649d/profile,GPL-3.0,POSIX,false,6506.53,2024-01-23T16:17:00Z,approved,emily.lee,Snowflake,MATCHES '^[A-Z]+',type < 'prod',The system represents customer interactions.  The customer account monitors data processing activities.  The service manages compliance records.,[INTERNAL] Q2 strategy review pending board approval,HOLD-2025-541,VARCHAR,Enabled,"$5,376,037",2024-11-27T00:00:00Z,4.6.85,"$4,568,725",[CONFIDENTIAL] Formula #185,Observation: backup schedule,[INTERNAL] Q3 strategy review pending board approval,99.406% uptime,,pool_size=816,OEW-6611,tenant-008,EMP-57772,completed,status,tenant-031,NullPointerException at line 2504,02:30:04,[INTERNAL] Q2 strategy review pending board approval,2018-01-03T22:28:27Z,curated.orders -> exports,2018-09-10 03:19:17,analytics.events,'',99.649% uptime,7 days,kubectl apply,Sentinel Monitor,GPL-3.0,"Meridian Health, Vertex Technologies",tenant-024,351 days,HOLD-2026-768,BETWEEN 1 AND 100,PV = nRT,27 5 * * 1-5,REC-769901,ASCII,dt=us-east,10861.3,"54 19 * * 0,6",hr.employees,max=3085,Software,john.martinez,UTF-8,BETWEEN 1 AND 100,1,0.15.62,kubectl apply,source_col -> field_b,LAX,Observation: backup schedule,text/csv,UTF-8,"$7,872,932",2020-12-14 14:00:55,FLOAT,pool_size=142,https://data.io/users/docs/api,EMP-97422,amy.johnson,crit=5400,2018-03-13T07:52:58Z,snapshot,507aaff8bd58fe97f0c5678c9f609b08afcfbe6429b122d634e1883f854caaa5,Competitor Pioneer Software launched VaultKeeper,1,REST/JSON,7321423330375,"Acme Corp, Global Solutions, Catalyst Ventures",Value pricing,staging.users -> analytics,Y28300728,Germany,956445,app-13.prod.example.net,"[0.2713, 0.7749, 0.1166, 0.4159, 0.7072, 0.7409, 0.0539, 0.0995]",[CONFIDENTIAL] Formula #719,approved,batch-20221011-58,gRPC/protobuf,example.com,rwx,Widowed,UTF-16,3641897,false,batch-20250704-48,Aspirin,indefinite,[CONFIDENTIAL] Formula #430,6291248,BRL,Q1 2027: $43M projected,0.10.78
,4773-4913,EcoLine,,https://example.com/users/0c8227b5/profile,Apache-2.0,IEEE 754,false,1437.4,2026-03-28 15:35:09,experimental,john.garcia,SAP,MATCHES '^[A-Z]+',date != '2024',This record represents customer interactions.  This record manages data processing activities.,[INTERNAL] Q2 strategy review pending board approval,HOLD-2021-907,BOOLEAN,Disabled,"$7,123,715",2018-06-17T00:00:00Z,5.2.35,"$9,942,600",[CONFIDENTIAL] Formula #166,Observation: backup schedule,[INTERNAL] Q3 strategy review pending board approval,99.112% uptime,,max_retries=505,DBO-3672,tenant-015,EMP-38766,completed,type,tenant-012,Connection timeout after 1512ms,16:15:43,[INTERNAL] Q1 strategy review pending board approval,2026-04-03 08:41:53,curated.events -> analytics,2018-01-24T04:37:56Z,public.users,false,99.103% uptime,1 year,kubectl apply,Widget Pro,Apache-2.0,"Skyline Partners, Pacific Research Group",tenant-030,155 days,HOLD-2024-496,CHECK (val > 0),PV = nRT,41 16 * * 1-5,8277798,Latin-1,dt=2024-01,22501.7,56 4 * * 1-5,sales.orders,crit=5414,Food,mary.williams,ASCII,NOT NULL,true,1.16.92,docker run,source_col -> target_col,SFO,Non-conformance: access control,application/xml,UTF-8,"$2,275,943",2025-09-13 17:28:02,TEXT,pool_size=976,https://example.com/docs/status,EMP-46197,jessica.harris,crit=392,2021-07-06 00:28:45,upsert,01c993659f7f8b82fab82ca12a18b0498b57fcb5dd01d066313d016685161d3e,Competitor TechCo Industries launched AuditTrail Plus,null,REST/JSON,5665155599090,"Alpine Systems, Skyline Partners, Pioneer Software, Acme Corp",Premium,curated.events -> exports,D21426913,Sweden,501649,app-10.staging.example.net,"[0.7276, 0.5719, 0.2248, 0.5602, 0.9612, 0.9601, 0.9294, 0.5467]",[CONFIDENTIAL] Formula #489,pending,batch-20191104-55,OpenAPI 3.0,acme.org,r-x,Married,ASCII,7844297,false,batch-20230503-48,Aspirin,30 days,[CONFIDENTIAL] Formula #459,4248741,CHF,Q4 2024: $13M projected,4.5.2
,6460-6894,ValueMax,,https://example.com/users/0a6484d2/profile,CC BY 4.0,ISO 8601,false,2750.48,2019-01-15 02:43:12,experimental,susan.martin,Kafka,NOT NULL,date != 'active',The product includes customer interactions.  This record tracks transaction histories.  The system manages customer interactions.  The service includes customer interactions.,[INTERNAL] Q3 strategy review pending board approval,HOLD-2023-660,TIMESTAMP,Enabled,"$1,238,283",2021-09-14T00:00:00Z,0.10.54,"$7,827,181",[CONFIDENTIAL] Formula #323,Major finding: data retention,[INTERNAL] Q1 strategy review pending board approval,99.495% uptime,,pool_size=45,LHG-8315,tenant-030,EMP-68249,active,name,tenant-015,ValueError: invalid literal for int(),16:38:14,[INTERNAL] Q4 strategy review pending board approval,2024-08-08 03:37:19,staging.events -> exports,2023-05-06 17:47:57,analytics.events,'',99.097% uptime,7 days,POST /api/orders,SmartHub X1,BSD-3-Clause,"DataCraft Inc, Acme Corp, Beacon Analytics",tenant-030,138 days,HOLD-2025-813,MATCHES '^[A-Z]+',E = mc²,53 11 * * *,2189512,ASCII,region=acme,45053.6,10 16 * * *,hr.employees,max=9872,Software,logan.moore,UTF-16,CHECK (val > 0),0,5.11.39,docker run,field_a -> output,NRT,Observation: backup schedule,application/json,ISO-8859-1,"$1,251,181",2025-12-27T00:19:19Z,TEXT,timeout_ms=379,https://data.io/users,EMP-52046,linda.thompson,min=7383,2026-09-17T06:24:07Z,delete,dcb7bae10a5af75b528217d832e624b2c4a993f3e602f6b8bc6caf7991942f8c,Competitor Beacon Analytics launched StreamLine ERP,1,REST/JSON,8946877762307,"Alpine Systems, DataCraft Inc",Cost-plus 25%,curated.events -> exports,W73441025,United Kingdom,594364,db-12.prod.acme.com,"[0.3554, 0.1426, 0.3917, 0.1401, 0.7241, 0.3974, 0.4159, 0.3534]",[CONFIDENTIAL] Formula #905,active,batch-20211006-28,GraphQL,yahoo.com,rw,Widowed,ISO-8859-1,4756506,false,batch-20220808-82,Lisinopril,indefinite,[CONFIDENTIAL] Formula #793,TXN-256439,EUR,Q3 2026: $5M projected,2.3.67
2023-12-25T00:17:53Z,6298-1908,ProSeries,2026-02-17T06:21:33Z,https://example.com/users/9f1d3822/profile,MIT,POSIX,false,7917.24,2022-12-23 04:57:42,stable,amy.martinez,PostgreSQL,NOT NULL,date IN '2024',This record manages transaction histories.  The customer account represents data processing activities.,[INTERNAL] Q4 strategy review pending board approval,HOLD-2025-159,VARCHAR,Active,"$5,991,931",2026-04-12T00:00:00Z,4.12.77,"$8,647,720",[CONFIDENTIAL] Formula #822,Non-conformance: access control,[INTERNAL] Q1 strategy review pending board approval,99.339% uptime,2026-07-27 00:12:09,timeout_ms=783,GGF-2338,tenant-039,EMP-35218,active,name,tenant-033,HTTP 503 Service Unavailable,21:56:56,[INTERNAL] Q4 strategy review pending board approval,2020-12-26 14:12:51,curated.events -> analytics,2020-11-27T12:28:46Z,sales.orders,1,99.106% uptime,7 days,POST /api/orders,CloudGuard,Proprietary,"Global Solutions, Pioneer Software, Quantum Dynamics, Meridian Health",tenant-006,204 days,HOLD-2025-880,BETWEEN 1 AND 100,BMI = kg/m²,"11 6 * * 0,6",ORD-341354,Latin-1,region=acme,49257.7,52 19 * * 1-5,public.users,max=1269,Software,harper.rodriguez,ASCII,CHECK (val > 0),false,4.0.52,kubectl apply,source_col -> output,JFK,Major finding: data retention,application/json,UTF-16,"$6,948,707",2024-10-05T05:55:20Z,VARCHAR,timeout_ms=607,https://example.com/docs/api/users,EMP-58536,sarah.miller,warn=1467,2025-11-18 21:11:11,delete,4070824016ae54c3160f8b6ddce67f6f90be024c8dadb8962f9e0dee411f2a79,Competitor Global Solutions launched SmartHub X1,false,OpenAPI 3.0,7265150474401,"Vertex Technologies, Pioneer Software, Meridian Health, TechCo Industries",Penetration,staging.events -> analytics,H38053456,Norway,417009,db-15.staging.example.net,"[0.1446, 0.9595, 0.6227, 0.4611, 0.4547, 0.1463, 0.9621, 0.3426]",[CONFIDENTIAL] Formula #912,rejected,batch-20181215-92,SOAP/XML,yahoo.com,write,Married,UTF-16,6091829,false,batch-20190523-44,Amoxicillin,7 days,[CONFIDENTIAL] Formula #220,1528098,EUR,Q1 2025: $96M projected,3.18.76
,2900-1832,EcoLine,,https://example.com/users/8a3e74b6/profile,BSD-3-Clause,ISO 8601,false,8164.88,2020-02-18T22:03:26Z,experimental,mason.robinson,Salesforce,NOT NULL,type != 'prod',The service manages compliance records.  The service tracks operational metrics.  The customer account monitors operational metrics.  The customer account monitors transaction histories.,[INTERNAL] Q1 strategy review pending board approval,HOLD-2025-178,FLOAT,Disabled,"$616,759",2026-07-29T00:00:00Z,2.14.27,"$1,166,635",[CONFIDENTIAL] Formula #134,Observation: backup schedule,[INTERNAL] Q3 strategy review pending board approval,99.673% uptime,,max_retries=323,BTT-4696,tenant-028,EMP-21276,approved,id,tenant-031,Connection timeout after 2597ms,00:33:14,[INTERNAL] Q1 strategy review pending board approval,2019-12-15 08:58:06,curated.events -> analytics,2022-03-08T18:24:04Z,public.users,null,99.2% uptime,indefinite,GET /api/users,SmartHub X1,GPL-3.0,"Beacon Analytics, Vertex Technologies, Alpine Systems",tenant-025,34 days,HOLD-2026-322,NOT NULL,PV = nRT,"54 5 * * 0,6",4601841,UTF-8,tenant=us-east,18726.7,"12 2 * * 0,6",public.users,warn=2586,Electronics,jessica.smith,UTF-8,BETWEEN 1 AND 100,true,3.17.3,GET /api/users,input -> output,NRT,Non-conformance: access control,image/png,Latin-1,"$9,058,432",2022-12-28 19:37:22,FLOAT,pool_size=462,https://example.com/docs/data,EMP-42450,john.williams,warn=1810,2018-07-14T03:33:18Z,upsert,c7921c213f745a743597a977780360af7bc347179e90f4f2f2fb9a23d065f93e,Competitor Acme Corp launched StreamLine ERP,1,SOAP/XML,3217297990553,"Meridian Health, Pioneer Software",Penetration,raw.events -> analytics,B48535160,Australia,182963,web-3.staging.acme.com,"[0.5979, 0.4234, 0.398, 0.1314, 0.0102, 0.6987, 0.7726, 0.0959]",[CONFIDENTIAL] Formula #270,pending,batch-20180330-04,gRPC/protobuf,acme.org,write,Single,ASCII,7633159,false,batch-20180214-42,Ibuprofen,7 years,[CONFIDENTIAL] Formula #211,7451573,CHF,Q4 2027: $82M projected,0.2.97
,1065-6371,EcoLine,,https://example.com/users/a06f6f71/profile,MIT,W3C Date,false,1767.79,2023-03-13T17:03:13Z,approved,harper.jackson,Snowflake,BETWEEN 1 AND 100,status < 'prod',The service represents compliance records.  This record represents data processing activities.  The product manages compliance records.  The customer account tracks transaction histories.,[INTERNAL] Q1 strategy review pending board approval,HOLD-2026-445,VARCHAR,Active,"$1,826,963",2020-08-05T00:00:00Z,4.8.63,"$9,922,875",[CONFIDENTIAL] Formula #236,Major finding: data retention,[INTERNAL] Q1 strategy review pending board approval,99.678% uptime,,timeout_ms=802,BBX-6651,tenant-031,EMP-24928,rejected,id,tenant-033,ValueError: invalid literal for int(),16:56:32,[INTERNAL] Q2 strategy review pending board approval,2026-09-06 20:34:04,staging.events -> exports,2024-11-13 09:12:00,public.users,CURRENT_TIMESTAMP,99.39% uptime,7 days,npm install,SmartHub X1,MIT,"Pioneer Software, Alpine Systems, Catalyst Ventures, Skyline Partners, Beacon Analytics",tenant-027,172 days,HOLD-2026-382,CHECK (val > 0),PV = nRT,47 21 * * *,ORD-876780,UTF-8,region=us-east,37812.9,"47 3 * * 0,6",sales.orders,crit=8921,Food,noah.lee,ASCII,UNIQUE,false,1.20.12,GET /api/users,input -> field_b,JFK,Observation: backup schedule,application/json,Latin-1,"$1,694,990",2026-11-14 23:11:34,INTEGER,pool_size=363,https://acme.org/docs,EMP-66333,james.walker,max=8131,2023-04-05T03:45:35Z,snapshot,341d89e938a9bb8240af79d384f65769a7f9f1c0a3b24ed0f87ce80027906fd6,Competitor Acme Corp launched NanoCore SDK,1,GraphQL,9644517180931,"Catalyst Ventures, TechCo Industries, Beacon Analytics, Acme Corp",Cost-plus 25%,staging.orders -> reports,R26861867,Switzerland,330910,web-9.staging.example.net,"[0.235, 0.9104, 0.2173, 0.6975, 0.6084, 0.1268, 0.8639, 0.9614]",[CONFIDENTIAL] Formula #435,completed,batch-20190204-82,REST/JSON,company.com,read,Single,UTF-16,485523,false,batch-20240504-96,Amoxicillin,7 years,[CONFIDENTIAL] Formula #893,9557731,CHF,Q2 2026: $42M projected,2.17.47
,7573-6677,ValueMax,,https://example.com/users/b85a309f/profile,CC BY 4.0,IEEE 754,false,9045.41,2024-12-03 09:56:14,high-priority,william.taylor,SAP,UNIQUE,status = '2024',The service tracks compliance records.  The product manages data processing activities.  The product represents transaction histories.  The service tracks data processing activities.,[INTERNAL] Q3 strategy review pending board approval,HOLD-2020-712,TIMESTAMP,Enabled,"$2,934,956",2025-03-19T00:00:00Z,3.4.23,"$1,224,432",[CONFIDENTIAL] Formula #697,Non-conformance: access control,[INTERNAL] Q1 strategy review pending board approval,99.949% uptime,,batch_size=559,TNR-8959,tenant-022,EMP-66553,failed,amount,tenant-001,FileNotFoundError: 1072,21:28:58,[INTERNAL] Q2 strategy review pending board approval,2021-10-08 08:41:23,curated.users -> exports,2022-11-21T21:02:23Z,analytics.events,false,99.085% uptime,7 days,kubectl apply,StreamLine ERP,BSD-3-Clause,"Catalyst Ventures, Beacon Analytics, Alpine Systems",tenant-032,39 days,HOLD-2021-513,BETWEEN 1 AND 100,PV = nRT,"9 7 * * 0,6",3984354,ISO-8859-1,dt=2024-01,44879.9,"1 13 * * 0,6",analytics.events,crit=5558,Services,david.rodriguez,ISO-8859-1,MATCHES '^[A-Z]+',1,3.13.41,docker run,field_a -> output,JFK,Observation: backup schedule,application/json,Latin-1,"$1,595,588",2020-07-22 08:52:11,BOOLEAN,pool_size=197,https://api.service.com/api/status/status,EMP-34447,olivia.martin,warn=2847,2019-10-04T09:26:34Z,snapshot,11f7aabc87ca40a3eb29d23bdc5a95272913522398b8533daab4fe9b9eb88964,Competitor Pacific Research Group launched VaultKeeper,false,GraphQL,2680615448087,"Skyline Partners, Acme Corp",Value pricing,raw.users -> exports,O45699093,Israel,828641,api-13.prod.acme.com,"[0.0847, 0.2694, 0.1118, 0.6917, 0.7912, 0.9593, 0.184, 0.3261]",[CONFIDENTIAL] Formula #613,approved,batch-20240715-88,OpenAPI 3.0,company.com,rw,Married,UTF-16,ORD-277964,false,batch-20250902-78,Metformin,indefinite,[CONFIDENTIAL] Formula #543,TXN-404515,CAD,Q4 2025: $75M projected,1.12.51
2022-04-17T03:28:14Z,6238-2576,ProSeries,,https://example.com/users/049a46b3/profile,GPL-3.0,POSIX,false,3835.3,2023-01-14T14:24:51Z,approved,james.thomas,Salesforce,UNIQUE,type = '2024',This record manages compliance records.  This record manages operational metrics.,[INTERNAL] Q2 strategy review pending board approval,HOLD-2021-911,JSON,Inactive,"$7,880,856",2026-11-08T00:00:00Z,1.19.61,"$5,890,202",[CONFIDENTIAL] Formula #844,Major finding: data retention,[INTERNAL] Q3 strategy review pending board approval,99.669% uptime,,timeout_ms=496,AGN-1520,tenant-038,EMP-26771,inactive,type,tenant-049,Connection timeout after 8769ms,22:37:14,[INTERNAL] Q1 strategy review pending board approval,2022-11-05 21:57:23,staging.events -> analytics,2018-07-06 16:26:29,sales.orders,0,99.246% uptime,indefinite,GET /api/users,FlexPay Platform,GPL-3.0,"Pacific Research Group, Alpine Systems, Quantum Dynamics",tenant-019,216 days,HOLD-2021-584,NOT NULL,E = mc²,"48 4 * * 0,6",8032636,UTF-16,tenant=acme,45670.9,"33 11 * * 0,6",hr.employees,warn=3222,Electronics,logan.robinson,ISO-8859-1,CHECK (val > 0),true,4.4.50,GET /api/users,source_col -> output,SIN,Non-conformance: access control,application/pdf,UTF-8,"$1,675,483",2026-02-24T08:27:18Z,TIMESTAMP,batch_size=610,https://data.io/data/api/data,EMP-15993,anna.thomas,crit=7024,2023-02-02 04:49:36,update,ed772e6613e7aca08b7f0266301593c4dea3f79c1e024e24e63dd4173fbb85e4,Competitor Meridian Health launched StreamLine ERP,CURRENT_TIMESTAMP,SOAP/XML,6275979859496,"DataCraft Inc, Skyline Partners, Alpine Systems, Vertex Technologies, Acme Corp",Penetration,curated.orders -> exports,R84446455,Netherlands,232144,api-7.staging.acme.com,"[0.7414, 0.0917, 0.6622, 0.1071, 0.6566, 0.7709, 0.9689, 0.7913]",[CONFIDENTIAL] Formula #478,cancelled,batch-20210311-43,GraphQL,yahoo.com,execute,Married,ASCII,8225029,false,batch-20240318-60,Aspirin,indefinite,[CONFIDENTIAL] Formula #196,1789916,CAD,Q1 2026: $55M projected,1.5.63
,4700-9558,EcoLine,,https://example.com/users/b8d8442b/profile,CC BY 4.0,W3C Date,true,9015.15,2023-12-04T10:32:55Z,deprecated,jennifer.anderson,Salesforce,BETWEEN 1 AND 100,date != 'active',The customer account includes compliance records.  This record represents operational metrics.  The customer account includes operational metrics.  The customer account includes compliance records.,[INTERNAL] Q3 strategy review pending board approval,HOLD-2020-962,TIMESTAMP,Disabled,"$1,012,786",2025-04-20T00:00:00Z,0.14.73,"$8,702,139",[CONFIDENTIAL] Formula #834,Non-conformance: access control,[INTERNAL] Q2 strategy review pending board approval,99.603% uptime,,batch_size=217,JTP-5809,tenant-048,EMP-35817,inactive,status,tenant-001,FileNotFoundError: 7623,23:44:16,[INTERNAL] Q4 strategy review pending board approval,2020-01-13T09:03:36Z,staging.users -> reports,2020-01-10T16:18:00Z,sales.orders,false,99.072% uptime,1 year,kubectl apply,NanoCore SDK,MIT,"Global Solutions, Meridian Health, Skyline Partners",tenant-028,26 days,HOLD-2020-203,NOT NULL,PV = nRT,10 4 * * *,REC-389418,UTF-8,dt=2024-01,17259.8,48 11 * * 1-5,analytics.events,crit=3552,Services,emma.miller,ISO-8859-1,BETWEEN 1 AND 100,no,2.13.92,POST /api/orders,source_col -> field_b,NRT,Non-conformance: access control,text/csv,UTF-8,"$1,875,904",2023-02-16T00:45:42Z,BOOLEAN,max_retries=387,https://data.io/v2/docs,EMP-82441,elizabeth.harris,max=4380,2023-03-05 17:54:41,upsert,3343708e394d6be360b6cae75b98662a3b494e1f2afb20f45197f5eca2ce14bd,Competitor Catalyst Ventures launched SmartHub X1,0,OpenAPI 3.0,4457033331909,"Quantum Dynamics, Skyline Partners, Alpine Systems, Pacific Research Group, Global Solutions",Value pricing,curated.orders -> analytics,W45255303,Spain,781011,cache-2.staging.acme.com,"[0.3099, 0.7136, 0.2262, 0.4629, 0.0381, 0.1427, 0.1614, 0.9881]",[CONFIDENTIAL] Formula #901,failed,batch-20181204-89,gRPC/protobuf,yahoo.com,read,Widowed,UTF-8,2388259,false,batch-20250524-26,Ibuprofen,7 days,[CONFIDENTIAL] Formula #886,8752212,GBP,Q3 2024: $46M projected,0.9.44
,1345-2576,EcoLine,,https://example.com/users/ff647b82/profile,BSD-3-Clause,POSIX,true,5570.58,2025-02-28 06:10:23,high-priority,patricia.clark,Workday,CHECK (val > 0),date > 'active',This record monitors compliance records.  The service tracks customer interactions.  The service tracks transaction histories.  The product includes compliance records.,[INTERNAL] Q1 strategy review pending board approval,HOLD-2020-379,TEXT,Disabled,"$5,523,178",2025-01-01T00:00:00Z,3.5.66,"$1,824,459",[CONFIDENTIAL] Formula #482,Major finding: data retention,[INTERNAL] Q4 strategy review pending board approval,99.282% uptime,,batch_size=863,GSN-4503,tenant-006,EMP-24793,pending,id,tenant-009,HTTP 503 Service Unavailable,15:00:14,[INTERNAL] Q1 strategy review pending board approval,2019-09-21T22:55:04Z,curated.orders -> reports,2020-11-07T21:41:58Z,sales.orders,null,99.029% uptime,7 years,docker run,VaultKeeper,BSD-3-Clause,"Beacon Analytics, Catalyst Ventures, TechCo Industries",tenant-024,94 days,HOLD-2021-590,CHECK (val > 0),BMI = kg/m²,23 5 * * 1-5,ID-827989,UTF-16,dt=2024-01,32751.9,"28 23 * * 0,6",sales.orders,min=9012,Electronics,sarah.moore,UTF-16,NOT NULL,no,4.1.31,docker run,input -> target_col,ORD,Non-conformance: access control,application/xml,ISO-8859-1,"$2,965,613",2019-11-18 20:26:53,FLOAT,timeout_ms=222,https://api.service.com/v2/api/api,EMP-93876,logan.young,max=8955,2018-04-25T19:46:36Z,delete,964bdc4c4759b77cadd360877d99b5eda321b21850177db74550c7c348026de3,Competitor Acme Corp launched SmartHub X1,false,GraphQL,4867812748573,"Skyline Partners, DataCraft Inc, Alpine Systems",Value pricing,staging.users -> analytics,J82760204,Switzerland,764254,app-1.staging.example.net,"[0.6185, 0.4948, 0.2819, 0.6159, 0.6749, 0.8928, 0.1754, 0.0782]",[CONFIDENTIAL] Formula #376,approved,batch-20220617-56,SOAP/XML,gmail.com,read,Married,ASCII,8630218,false,batch-20250611-39,Amoxicillin,7 years,[CONFIDENTIAL] Formula #471,REC-925744,CNY,Q4 2026: $27M projected,2.14.66
,9891-1481,ValueMax,,https://example.com/users/39bc8016/profile,Apache-2.0,W3C Date,true,4776.14,2025-08-13 16:35:04,needs-review,logan.martinez,Kafka,MATCHES '^[A-Z]+',status IN '2024',The product includes operational metrics.  The customer account manages operational metrics.,[INTERNAL] Q3 strategy review pending board approval,HOLD-2021-238,FLOAT,Enabled,"$7,896,730",2025-01-03T00:00:00Z,5.17.41,"$8,312,918",[CONFIDENTIAL] Formula #975,Observation: backup schedule,[INTERNAL] Q4 strategy review pending board approval,99.257% uptime,2024-05-04T11:11:57Z,pool_size=570,PNA-6687,tenant-046,EMP-68974,completed,status,tenant-029,PermissionDenied: insufficient privileges,20:03:20,[INTERNAL] Q3 strategy review pending board approval,2018-05-08 15:25:48,raw.users -> exports,2026-09-22 16:50:34,analytics.events,CURRENT_TIMESTAMP,99.345% uptime,indefinite,npm install,FlexPay Platform,BSD-3-Clause,"Skyline Partners, DataCraft Inc, Pioneer Software, Acme Corp, Quantum Dynamics",tenant-004,65 days,HOLD-2023-589,NOT NULL,F = ma,"8 10 * * 0,6",6072147,UTF-16,dt=acme,9715.0,"32 10 * * 0,6",public.users,min=1378,Hardware,olivia.walker,ASCII,BETWEEN 1 AND 100,true,1.11.63,npm install,field_a -> target_col,SFO,Observation: backup schedule,application/json,UTF-16,"$3,517,095",2020-03-24 08:25:42,INTEGER,pool_size=362,https://api.service.com/v2/status,EMP-47540,aiden.clark,warn=3366,2018-01-26T14:31:45Z,snapshot,3615ad71e815e2986213f1f2aa514e9a7f2e31f34f40f89ebb4031defa9650b0,Competitor TechCo Industries launched SmartHub X1,0,gRPC/protobuf,9591112665891,"Vertex Technologies, Acme Corp, Pacific Research Group, Catalyst Ventures",Market-based,curated.users -> reports,C20246799,Norway,436464,db-5.prod.example.net,"[0.7622, 0.6197, 0.4674, 0.6461, 0.8957, 0.1353, 0.9121, 0.0258]",[CONFIDENTIAL] Formula #486,pending,batch-20240809-88,REST/JSON,company.com,admin,Divorced,ISO-8859-1,USR-781115,false,batch-20180115-54,Aspirin,7 days,[CONFIDENTIAL] Formula #814,USR-665710,EUR,Q3 2026: $16M projected,5.11.80
,6501-8222,SmartChoice,,https://example.com/users/6615abee/profile,BSD-3-Clause,POSIX,true,839.54,2021-08-09T18:52:09Z,approved,oliver.rodriguez,PostgreSQL,NOT NULL,date > 'prod',The service manages transaction histories.  The customer account manages operational metrics.,[INTERNAL] Q1 strategy review pending board approval,HOLD-2021-534,TIMESTAMP,Enabled,"$9,689,999",2026-02-19T00:00:00Z,5.20.6,"$4,647,185",[CONFIDENTIAL] Formula #501,Non-conformance: access control,[INTERNAL] Q3 strategy review pending board approval,99.467% uptime,,max_retries=937,NBG-8937,tenant-007,EMP-10343,failed,status,tenant-019,FileNotFoundError: 4656,01:58:35,[INTERNAL] Q1 strategy review pending board approval,2018-09-14T00:14:36Z,staging.users -> exports,2022-12-28 00:00:38,sales.orders,false,99.709% uptime,7 days,docker run,VaultKeeper,Apache-2.0,"Catalyst Ventures, Beacon Analytics, Pioneer Software, Quantum Dynamics",tenant-016,221 days,HOLD-2022-653,MATCHES '^[A-Z]+',A = πr²,30 20 * * 1-5,TXN-982741,UTF-16,dt=2024-01,20967.6,31 7 * * *,hr.employees,crit=5488,Hardware,james.brown,ISO-8859-1,CHECK (val > 0),yes,4.8.6,npm install,source_col -> field_b,CDG,Non-conformance: access control,application/xml,Latin-1,"$700,054",2019-12-17T09:16:43Z,INTEGER,batch_size=339,https://data.io/status/api/status,EMP-29096,susan.walker,min=8662,2020-11-01 13:58:20,delete,6c5d4f7879bd0d8bc3b1db43b5338117d9821668b7d556cf2c01f9e3241bb9b7,Competitor Skyline Partners launched FlexPay Platform,0,REST/JSON,8779583534737,"Quantum Dynamics, Pioneer Software, Skyline Partners",Premium,raw.orders -> analytics,X63097378,Mexico,499496,cache-7.staging.acme.com,"[0.894, 0.5983, 0.409, 0.7815, 0.9197, 0.4828, 0.3637, 0.2023]",[CONFIDENTIAL] Formula #764,failed,batch-20220626-79,gRPC/protobuf,gmail.com,rw,Widowed,ASCII,3647708,false,batch-20200304-82,Metformin,30 days,[CONFIDENTIAL] Formula #842,1696341,CNY,Q1 2025: $82M projected,0.19.60
,3598-4396,ValueMax,,https://example.com/users/b9c8ca7b/profile,Apache-2.0,POSIX,true,9625.65,2021-10-28T16:40:03Z,needs-review,logan.king,Workday,CHECK (val > 0),date IN 'prod',The product manages compliance records.  The system monitors operational metrics.  The system represents operational metrics.  The system represents operational metrics.,[INTERNAL] Q3 strategy review pending board approval,HOLD-2022-779,JSON,Active,"$322,115",2024-08-12T00:00:00Z,2.3.0,"$7,242,391",[CONFIDENTIAL] Formula #371,Non-conformance: access control,[INTERNAL] Q2 strategy review pending board approval,99.823% uptime,,timeout_ms=526,XNO-1434,tenant-022,EMP-29146,rejected,status,tenant-039,HTTP 503 Service Unavailable,12:32:19,[INTERNAL] Q4 strategy review pending board approval,2018-04-02T15:35:04Z,staging.users -> reports,2022-08-13T13:16:20Z,analytics.events,'',99.541% uptime,1 year,GET /api/users,Widget Pro,CC BY 4.0,"Quantum Dynamics, Skyline Partners",tenant-047,39 days,HOLD-2024-223,BETWEEN 1 AND 100,BMI = kg/m²,30 12 * * 1-5,REC-209534,Latin-1,dt=2024-01,6838.3,"42 11 * * 0,6",sales.orders,crit=3177,Software,emily.martin,ASCII,NOT NULL,yes,0.20.79,GET /api/users,source_col -> target_col,NRT,Observation: backup schedule,application/pdf,ASCII,"$3,146,898",2018-12-27 06:44:35,TIMESTAMP,timeout_ms=486,https://example.com/status/api,EMP-29554,emily.anderson,min=5313,2018-03-24 16:12:25,snapshot,eacd1f5ea75b91ffcb4b63e58cec3808f83dd6b9e337debaa2ef2e2a5c77b6b3,Competitor Beacon Analytics launched SmartHub X1,0,SOAP/XML,0923250354253,"DataCraft Inc, Pacific Research Group, Skyline Partners, Global Solutions",Market-based,curated.orders -> exports,K63223606,Canada,83479,db-1.staging.example.net,"[0.9174, 0.0052, 0.6688, 0.3123, 0.895, 0.3908, 0.0572, 0.0186]",[CONFIDENTIAL] Formula #571,active,batch-20211031-25,REST/JSON,example.com,read,Divorced,UTF-8,2019699,false,batch-20190604-13,Aspirin,7 years,[CONFIDENTIAL] Formula #656,6705990,CHF,Q2 2027: $27M projected,4.13.92
,4998-5563,EcoLine,2023-08-12T06:07:37Z,https://example.com/users/d42c3ab5/profile,Apache-2.0,ISO 8601,false,4341.23,2019-05-28T12:05:08Z,approved,ethan.anderson,Kafka,CHECK (val > 0),status = 'prod',This record represents data processing activities.  This record monitors compliance records.  The customer account represents transaction histories.,[INTERNAL] Q3 strategy review pending board approval,HOLD-2025-189,TIMESTAMP,Active,"$6,026,964",2022-12-31T00:00:00Z,2.18.18,"$2,614,641",[CONFIDENTIAL] Formula #692,Observation: backup schedule,[INTERNAL] Q1 strategy review pending board approval,99.654% uptime,,batch_size=947,BBX-8120,tenant-032,EMP-10357,completed,name,tenant-039,HTTP 503 Service Unavailable,01:46:14,[INTERNAL] Q2 strategy review pending board approval,2020-03-12 01:53:53,curated.users -> reports,2018-08-09T00:07:06Z,public.users,CURRENT_TIMESTAMP,99.228% uptime,7 days,GET /api/users,Sentinel Monitor,BSD-3-Clause,"Global Solutions, TechCo Industries",tenant-026,81 days,HOLD-2026-578,UNIQUE,A = πr²,59 6 * * 1-5,REC-378840,UTF-8,tenant=2024-01,41943.7,35 1 * * *,hr.employees,warn=5932,Software,mason.moore,ISO-8859-1,CHECK (val > 0),false,3.7.68,GET /api/users,field_a -> target_col,ORD,Major finding: data retention,application/xml,UTF-8,"$7,979,501",2021-03-03T07:03:07Z,FLOAT,max_retries=640,https://acme.org/api/docs,EMP-56395,aiden.lee,max=9010,2018-11-27 16:18:44,insert,83894bb7e56492cca5ecf1d46256a8bc3815a39118974669cdc8179f126194a2,Competitor Skyline Partners launched SmartHub X1,'',gRPC/protobuf,9316330212201,"Acme Corp, Pacific Research Group, Vertex Technologies, Skyline Partners",Value pricing,curated.users -> analytics,V89750886,Switzerland,223584,cache-11.staging.example.net,"[0.4954, 0.8792, 0.103, 0.4799, 0.3671, 0.9955, 0.6261, 0.8974]",[CONFIDENTIAL] Formula #663,rejected,batch-20231216-91,GraphQL,company.com,execute,Single,ASCII,ORD-901640,false,batch-20200620-80,Aspirin,indefinite,[CONFIDENTIAL] Formula #511,9839213,INR,Q4 2025: $15M projected,1.10.87
,5735-8534,ValueMax,2019-07-21T16:41:48Z,https://example.com/users/88f5e02c/profile,BSD-3-Clause,IEEE 754,false,6312.94,2025-03-10T05:29:28Z,needs-review,john.smith,SAP,CHECK (val > 0),status < 'active',The service manages transaction histories.  The system represents compliance records.  The service tracks compliance records.,[INTERNAL] Q3 strategy review pending board approval,HOLD-2020-603,TEXT,Disabled,"$3,277,584",2025-06-03T00:00:00Z,1.16.29,"$1,573,728",[CONFIDENTIAL] Formula #501,Observation: backup schedule,[INTERNAL] Q3 strategy review pending board approval,99.532% uptime,2023-05-28T03:37:19Z,max_retries=57,GOF-1253,tenant-029,EMP-65625,rejected,name,tenant-016,ValueError: invalid literal for int(),23:16:04,[INTERNAL] Q1 strategy review pending board approval,2026-01-20 22:08:51,staging.users -> reports,2026-12-21 12:12:46,sales.orders,'',99.825% uptime,7 days,GET /api/users,NanoCore SDK,Proprietary,"Meridian Health, Global Solutions",tenant-031,181 days,HOLD-2022-524,NOT NULL,A = πr²,"59 13 * * 0,6",1932264,UTF-8,dt=us-east,16039.5,53 18 * * 1-5,sales.orders,min=3027,Hardware,lucas.lee,Latin-1,MATCHES '^[A-Z]+',yes,4.17.42,POST /api/orders,field_a -> output,JFK,Non-conformance: access control,application/xml,ASCII,"$1,301,681",2024-11-04T08:19:06Z,BOOLEAN,max_retries=311,https://data.io/docs,EMP-54988,elizabeth.miller,min=440,2023-03-03 02:13:47,snapshot,1b862ee9033e8ace4bfae075a2447348840333e950439f21c91cf46cbc7ab4f3,Competitor Skyline Partners launched NanoCore SDK,null,OpenAPI 3.0,1602830628525,"Quantum Dynamics, Vertex Technologies, Pioneer Software, Acme Corp, Meridian Health",Market-based,curated.orders -> reports,Z84072916,Sweden,915402,db-14.dev.example.net,"[0.6358, 0.29, 0.5321, 0.3628, 0.7259, 0.9296, 0.9089, 0.0813]",[CONFIDENTIAL] Formula #803,active,batch-20231203-88,REST/JSON,company.com,write,Married,UTF-8,REC-396106,false,batch-20260530-36,Aspirin,7 days,[CONFIDENTIAL] Formula #326,2205874,BRL,Q2 2025: $39M projected,1.8.49
2020-10-22 07:55:17,6702-8224,ValueMax,,https://example.com/users/b6c43136/profile,Apache-2.0,ISO 8601,false,8450.03,2019-02-26 09:07:37,needs-review,aiden.garcia,PostgreSQL,NOT NULL,date != '2024',The product tracks operational metrics.  The system includes data processing activities.  The product includes customer interactions.,[INTERNAL] Q3 strategy review pending board approval,HOLD-2022-237,VARCHAR,Active,"$7,112,820",2020-03-25T00:00:00Z,3.13.86,"$9,611,332",[CONFIDENTIAL] Formula #793,Non-conformance: access control,[INTERNAL] Q1 strategy review pending board approval,99.618% uptime,,timeout_ms=797,MIY-4593,tenant-031,EMP-54379,approved,type,tenant-029,HTTP 503 Service Unavailable,19:05:27,[INTERNAL] Q4 strategy review pending board approval,2022-08-01 16:21:06,raw.orders -> exports,2025-05-12 10:17:05,sales.orders,false,99.46% uptime,7 days,docker run,DataSync 3000,MIT,"Beacon Analytics, Meridian Health, Pioneer Software",tenant-011,256 days,HOLD-2026-153,BETWEEN 1 AND 100,A = πr²,"58 10 * * 0,6",ID-883832,UTF-16,region=acme,14920.8,26 2 * * 1-5,public.users,max=9090,Clothing,patricia.thompson,Latin-1,NOT NULL,0,0.11.24,GET /api/users,field_a -> target_col,JFK,Non-conformance: access control,image/png,ISO-8859-1,"$7,231,905",2018-07-15T12:50:26Z,JSON,max_retries=426,https://example.com/data,EMP-72264,liam.wright,max=4070,2021-03-09 17:57:49,upsert,881470fc7899c339e4a29f7487c682c8f300a9514ada5675a7977cb385fb0f6b,Competitor Quantum Dynamics launched AuditTrail Plus,0,gRPC/protobuf,3119125485205,"Vertex Technologies, DataCraft Inc",Market-based,curated.orders -> analytics,Y99153776,Israel,59846,app-15.dev.acme.com,"[0.8701, 0.8462, 0.9844, 0.2049, 0.6908, 0.1035, 0.225, 0.2855]",[CONFIDENTIAL] Formula #961,rejected,batch-20260709-69,SOAP/XML,company.com,rwx,Widowed,ISO-8859-1,5104469,false,batch-20210403-23,Amoxicillin,7 days,[CONFIDENTIAL] Formula #611,USR-346851,USD,Q4 2026: $52M projected,4.4.25
2019-02-23 16:24:10,7066-4930,TechBrand,,https://example.com/users/98497211/profile,CC BY 4.0,ISO 8601,false,3234.63,2022-06-27T00:39:03Z,experimental,sophia.miller,Kafka,CHECK (val > 0),status = '2024',This record manages compliance records.  The system tracks data processing activities.  The system tracks transaction histories.,[INTERNAL] Q4 strategy review pending board approval,HOLD-2022-787,INTEGER,Enabled,"$8,704,812",2024-06-01T00:00:00Z,4.7.89,"$8,690,070",[CONFIDENTIAL] Formula #313,Observation: backup schedule,[INTERNAL] Q1 strategy review pending board approval,99.164% uptime,,timeout_ms=782,GMY-8930,tenant-048,EMP-66686,pending,type,tenant-032,NullPointerException at line 4595,08:27:58,[INTERNAL] Q2 strategy review pending board approval,2022-05-05 16:52:03,curated.orders -> reports,2018-09-21T09:43:35Z,hr.employees,1,99.186% uptime,indefinite,GET /api/users,StreamLine ERP,Proprietary,"Acme Corp, Pacific Research Group",tenant-025,226 days,HOLD-2026-398,BETWEEN 1 AND 100,A = πr²,37 6 * * 1-5,1975965,UTF-8,tenant=acme,10951.7,"0 3 * * 0,6",hr.employees,min=1515,Services,aiden.davis,Latin-1,UNIQUE,0,4.20.23,kubectl apply,field_a -> target_col,SFO,Non-conformance: access control,application/xml,ASCII,"$7,790,902",2023-06-22T15:10:50Z,TEXT,timeout_ms=85,https://acme.org/api/data,EMP-55752,emma.taylor,max=1993,2018-12-21T07:47:52Z,delete,0d87cd113933c438fe81c1b0512b13cbe2a5067faada51c191b176cb2ff368e3,Competitor Pacific Research Group launched FlexPay Platform,false,SOAP/XML,7370514123054,"Alpine Systems, Beacon Analytics",Market-based,curated.orders -> analytics,C13287535,France,699619,app-10.prod.example.net,"[0.2592, 0.8669, 0.3561, 0.3156, 0.9106, 0.0391, 0.6456, 0.5171]",[CONFIDENTIAL] Formula #330,completed,batch-20241130-05,REST/JSON,company.com,rwx,Widowed,ASCII,5326323,true,batch-20190418-54,Aspirin,30 days,[CONFIDENTIAL] Formula #874,4135890,CAD,Q1 2025: $3M projected,1.6.59
,7484-9367,SmartChoice,,https://example.com/users/daa5ea05/profile,CC BY 4.0,RFC 3339,false,2785.18,2019-02-25 08:25:42,high-priority,emma.brown,Workday,BETWEEN 1 AND 100,date = '2024',The product tracks transaction histories.  The service manages compliance records.  This record monitors customer interactions.,[INTERNAL] Q4 strategy review pending board approval,HOLD-2021-531,TIMESTAMP,Disabled,"$6,610,436",2018-03-15T00:00:00Z,3.8.58,"$4,376,681",[CONFIDENTIAL] Formula #623,Observation: backup schedule,[INTERNAL] Q1 strategy review pending board approval,99.393% uptime,,batch_size=86,ITC-6047,tenant-050,EMP-39960,pending,email,tenant-040,FileNotFoundError: 3420,07:40:05,[INTERNAL] Q1 strategy review pending board approval,2020-11-09T05:04:21Z,raw.users -> reports,2020-04-22 02:47:03,analytics.events,CURRENT_TIMESTAMP,99.593% uptime,7 days,kubectl apply,SmartHub X1,Apache-2.0,"Acme Corp, Quantum Dynamics",tenant-003,122 days,HOLD-2023-668,CHECK (val > 0),BMI = kg/m²,51 0 * * 1-5,3979736,UTF-16,dt=acme,21066.8,"45 5 * * 0,6",public.users,max=222,Clothing,james.smith,UTF-8,CHECK (val > 0),true,0.4.77,kubectl apply,input -> target_col,LHR,Non-conformance: access control,image/png,ASCII,"$2,431,483",2025-02-07T08:39:03Z,FLOAT,max_retries=210,https://example.com/docs,EMP-37963,harper.rodriguez,min=1021,2019-10-20 15:53:08,snapshot,7a5191e19e97dcd69a1b13ac8fb5c58fae82d1a3b209f3859d2a524c99b10f03,Competitor Pioneer Software launched AuditTrail Plus,null,OpenAPI 3.0,6325319720626,"Pioneer Software, Global Solutions, Meridian Health, DataCraft Inc",Market-based,staging.orders -> exports,C21627267,India,746539,db-10.dev.acme.com,"[0.9058, 0.8956, 0.0125, 0.1149, 0.6531, 0.5965, 0.5284, 0.5049]",[CONFIDENTIAL] Formula #374,rejected,batch-20251215-35,REST/JSON,yahoo.com,rwx,Widowed,UTF-8,1821257,false,batch-20220809-13,Lisinopril,indefinite,[CONFIDENTIAL] Formula #331,5803843,CNY,Q1 2026: $72M projected,4.6.99
2025-10-17T04:43:37Z,2888-8390,EcoLine,,https://example.com/users/7241baa5/profile,MIT,W3C Date,false,1786.72,2022-10-06T07:57:06Z,deprecated,mason.miller,PostgreSQL,CHECK (val > 0),type > 'prod',The system monitors transaction histories.  This record represents compliance records.  The system monitors transaction histories.,[INTERNAL] Q4 strategy review pending board approval,HOLD-2023-930,INTEGER,Enabled,"$5,615,775",2020-12-07T00:00:00Z,4.15.53,"$3,782,861",[CONFIDENTIAL] Formula #321,Non-conformance: access control,[INTERNAL] Q2 strategy review pending board approval,99.445% uptime,2020-12-15 09:39:41,max_retries=918,OEB-2110,tenant-029,EMP-21119,completed,status,tenant-007,ValueError: invalid literal for int(),08:34:37,[INTERNAL] Q1 strategy review pending board approval,2022-12-04 13:16:46,staging.orders -> reports,2019-09-12 10:23:55,hr.employees,null,99.724% uptime,7 days,kubectl apply,Widget Pro,BSD-3-Clause,"Pioneer Software, Skyline Partners, TechCo Industries, Acme Corp, Alpine Systems",tenant-008,124 days,HOLD-2021-430,NOT NULL,PV = nRT,31 12 * * *,USR-912399,UTF-8,tenant=us-east,11033.6,3 0 * * 1-5,analytics.events,warn=6403,Services,harper.martinez,UTF-8,NOT NULL,false,1.12.33,npm install,input -> field_b,JFK,Observation: backup schedule,application/json,UTF-16,"$609,906",2020-12-21T00:51:59Z,INTEGER,batch_size=844,https://example.com/users/data/docs,EMP-68652,emma.garcia,crit=9762,2020-06-03T20:21:09Z,upsert,fbbcf6956f4510926d605c151306b6bcbe2fc9c7d6ce1a0c9fddddd993b9bb89,Competitor Pioneer Software launched StreamLine ERP,false,REST/JSON,2606362924313,"Meridian Health, DataCraft Inc",Cost-plus 25%,raw.orders -> analytics,P43467562,Sweden,541753,web-5.prod.acme.com,"[0.0131, 0.024, 0.4121, 0.1521, 0.1032, 0.0562, 0.3059, 0.4486]",[CONFIDENTIAL] Formula #684,cancelled,batch-20240425-87,OpenAPI 3.0,company.com,write,Divorced,ASCII,5589223,false,batch-20231028-59,Lisinopril,indefinite,[CONFIDENTIAL] Formula #993,TXN-479183,AUD,Q2 2026: $28M projected,1.3.55
,5995-6547,ValueMax,,https://example.com/users/100bf9cc/profile,MIT,W3C Date,false,9606.2,2022-01-06T15:17:48Z,needs-review,harper.wright,Workday,CHECK (val > 0),status = 'active',The customer account manages data processing activities.  The customer account represents customer interactions.  The customer account monitors transaction histories.,[INTERNAL] Q2 strategy review pending board approval,HOLD-2026-106,TIMESTAMP,Active,"$8,551,497",2026-02-24T00:00:00Z,5.4.73,"$6,124,486",[CONFIDENTIAL] Formula #973,Major finding: data retention,[INTERNAL] Q2 strategy review pending board approval,99.211% uptime,2025-10-20T06:11:14Z,pool_size=779,CQA-3093,tenant-050,EMP-23519,approved,created_at,tenant-002,PermissionDenied: insufficient privileges,23:46:59,[INTERNAL] Q2 strategy review pending board approval,2019-06-10 14:06:30,staging.orders -> exports,2021-03-04T09:38:57Z,sales.orders,0,99.493% uptime,7 years,docker run,SmartHub X1,CC BY 4.0,"Meridian Health, Pioneer Software, TechCo Industries, Pacific Research Group",tenant-041,17 days,HOLD-2021-917,MATCHES '^[A-Z]+',BMI = kg/m²,39 21 * * 1-5,4322438,UTF-8,tenant=us-east,19918.4,"47 22 * * 0,6",hr.employees,max=8397,Hardware,sophia.young,ASCII,NOT NULL,true,0.7.77,GET /api/users,source_col -> field_b,NRT,Major finding: data retention,image/png,UTF-8,"$6,221,926",2020-02-16 06:14:37,TEXT,max_retries=818,https://example.com/users,EMP-65098,john.thompson,warn=3579,2020-12-09 18:23:01,delete,01891fa7dba71567651a01eafee268ac81bd8d734040eb093feca0afcd555ada,Competitor Catalyst Ventures launched CloudGuard,'',GraphQL,8686585399906,"DataCraft Inc, Catalyst Ventures, Meridian Health",Market-based,staging.events -> reports,C51390192,Italy,100633,api-3.staging.acme.com,"[0.9737, 0.5586, 0.028, 0.4674, 0.3106, 0.4907, 0.5468, 0.9414]",[CONFIDENTIAL] Formula #988,rejected,batch-20221023-48,gRPC/protobuf,acme.org,rw,Widowed,ASCII,9498435,true,batch-20201005-75,Ibuprofen,indefinite,[CONFIDENTIAL] Formula #783,6047367,CNY,Q3 2024: $89M projected,1.5.96
2022-03-21T13:58:56Z,8006-8855,ValueMax,,https://example.com/users/3726fd7e/profile,GPL-3.0,ISO 8601,false,9973.05,2025-07-01 07:53:26,approved,noah.wright,PostgreSQL,NOT NULL,date != '2024',The system tracks operational metrics.  The service includes data processing activities.  The customer account manages customer interactions.  This record represents transaction histories.,[INTERNAL] Q4 strategy review pending board approval,HOLD-2023-249,INTEGER,Enabled,"$6,280,448",2018-12-12T00:00:00Z,4.0.4,"$4,045,581",[CONFIDENTIAL] Formula #395,Observation: backup schedule,[INTERNAL] Q4 strategy review pending board approval,99.541% uptime,,max_retries=501,PHM-5851,tenant-041,EMP-51305,rejected,id,tenant-004,ValueError: invalid literal for int(),08:10:02,[INTERNAL] Q3 strategy review pending board approval,2024-12-13T16:06:39Z,staging.orders -> analytics,2023-03-24T01:09:02Z,analytics.events,0,99.346% uptime,7 days,GET /api/users,CloudGuard,Apache-2.0,"Pacific Research Group, Global Solutions, Quantum Dynamics, Catalyst Ventures",tenant-040,124 days,HOLD-2021-599,BETWEEN 1 AND 100,F = ma,53 5 * * 1-5,3372778,ISO-8859-1,tenant=2024-01,41824.7,"30 9 * * 0,6",hr.employees,min=7267,Services,jennifer.smith,Latin-1,BETWEEN 1 AND 100,1,3.14.21,GET /api/users,source_col -> field_b,SIN,Non-conformance: access control,application/pdf,Latin-1,"$6,198,509",2026-01-14T11:32:03Z,FLOAT,max_retries=2,https://api.service.com/docs/data/status,EMP-36636,patricia.taylor,crit=1913,2018-04-19T14:00:57Z,delete,cab7ac39976ccfb6c973a8893c82d958898b094581d235704d0c249d6d2942c8,Competitor Beacon Analytics launched Widget Pro,null,gRPC/protobuf,6287604920856,"Alpine Systems, Vertex Technologies, TechCo Industries",Premium,raw.events -> analytics,P95581323,India,159791,app-12.prod.acme.com,"[0.0331, 0.3867, 0.4439, 0.2302, 0.9102, 0.4032, 0.2021, 0.0438]",[CONFIDENTIAL] Formula #249,cancelled,batch-20190316-92,gRPC/protobuf,outlook.com,admin,Widowed,ASCII,REC-539708,true,batch-20200816-88,Lisinopril,indefinite,[CONFIDENTIAL] Formula #208,4941406,JPY,Q2 2027: $45M projected,2.12.12
,9881-5389,ValueMax,,https://example.com/users/7773d6ce/profile,MIT,POSIX,true,2947.24,2023-05-13T03:57:58Z,needs-review,john.harris,Salesforce,CHECK (val > 0),date IN 'active',The product monitors data processing activities.  The service includes data processing activities.  The customer account monitors customer interactions.,[INTERNAL] Q4 strategy review pending board approval,HOLD-2024-820,VARCHAR,Inactive,"$5,254,990",2024-02-26T00:00:00Z,1.3.45,"$2,983,640",[CONFIDENTIAL] Formula #789,Observation: backup schedule,[INTERNAL] Q3 strategy review pending board approval,99.522% uptime,,batch_size=5,GFN-6738,tenant-034,EMP-16267,active,created_at,tenant-021,NullPointerException at line 8542,02:45:01,[INTERNAL] Q1 strategy review pending board approval,2020-07-02 15:49:47,raw.orders -> exports,2021-02-15T20:34:01Z,analytics.events,CURRENT_TIMESTAMP,99.132% uptime,7 years,docker run,Widget Pro,MIT,"Global Solutions, Acme Corp, Meridian Health",tenant-049,289 days,HOLD-2025-204,UNIQUE,F = ma,53 23 * * 1-5,7754505,UTF-8,tenant=2024-01,34639.5,6 19 * * 1-5,analytics.events,min=5983,Hardware,logan.smith,ISO-8859-1,UNIQUE,false,1.12.78,GET /api/users,field_a -> target_col,JFK,Non-conformance: access control,text/html,UTF-16,"$4,665,887",2025-04-25 00:33:35,VARCHAR,batch_size=907,https://data.io/api/api,EMP-76463,mary.rodriguez,warn=1978,2026-07-27T23:11:46Z,insert,b0ee2e8e36dcded53ab6fc67b62a4cadfc0e754c3531056e7b6897c5f4bbd43f,Competitor Meridian Health launched SmartHub X1,false,GraphQL,8475189603116,"Quantum Dynamics, Beacon Analytics, Pacific Research Group, DataCraft Inc",Penetration,curated.orders -> exports,F17420032,South Korea,289376,app-18.prod.example.net,"[0.2721, 0.091, 0.8343, 0.4403, 0.8641, 0.2815, 0.5123, 0.2877]",[CONFIDENTIAL] Formula #428,active,batch-20190520-59,SOAP/XML,gmail.com,read,Divorced,ASCII,3975406,true,batch-20230128-94,Lisinopril,7 years,[CONFIDENTIAL] Formula #268,USR-809773,INR,Q4 2027: $4M projected,2.7.40
,1919-7939,ValueMax,,https://example.com/users/ae034413/profile,Proprietary,ISO 8601,false,8110.48,2025-01-27T17:44:57Z,approved,elizabeth.davis,Salesforce,CHECK (val > 0),status IN '2024',The customer account monitors data processing activities.  The service monitors compliance records.  The customer account manages customer interactions.  The service monitors transaction histories.,[INTERNAL] Q4 strategy review pending board approval,HOLD-2023-150,VARCHAR,Inactive,"$4,825,372",2019-10-22T00:00:00Z,5.4.90,"$745,034",[CONFIDENTIAL] Formula #970,Major finding: data retention,[INTERNAL] Q1 strategy review pending board approval,99.961% uptime,,batch_size=616,DHH-1300,tenant-025,EMP-76091,cancelled,name,tenant-027,ValueError: invalid literal for int(),14:46:03,[INTERNAL] Q3 strategy review pending board approval,2022-05-10 18:06:22,curated.users -> reports,2026-02-14T15:49:20Z,public.users,null,99.243% uptime,indefinite,POST /api/orders,DataSync 3000,Proprietary,"TechCo Industries, Quantum Dynamics, Acme Corp, DataCraft Inc, Vertex Technologies",tenant-031,278 days,HOLD-2020-694,BETWEEN 1 AND 100,BMI = kg/m²,40 3 * * 1-5,2991834,Latin-1,dt=2024-01,22717.0,47 11 * * *,analytics.events,max=9161,Electronics,robert.johnson,Latin-1,NOT NULL,1,4.16.96,docker run,field_a -> target_col,JFK,Major finding: data retention,application/xml,ISO-8859-1,"$7,678,411",2018-03-27 01:15:14,FLOAT,max_retries=122,https://api.service.com/v2,EMP-18036,noah.jones,min=8237,2026-06-27 23:04:30,snapshot,b824c6c484b131c0ca35c8fb8021175067d5da862959d9e64e7beefbde9aef60,Competitor Pioneer Software launched AuditTrail Plus,null,SOAP/XML,4457820293395,"Pioneer Software, Beacon Analytics, TechCo Industries",Value pricing,curated.users -> reports,P63188325,Sweden,684909,app-8.prod.acme.com,"[0.8529, 0.4174, 0.9563, 0.8603, 0.669, 0.7389, 0.7027, 0.1094]",[CONFIDENTIAL] Formula #422,active,batch-20240723-79,SOAP/XML,yahoo.com,r-x,Divorced,UTF-16,ID-436809,false,batch-20261019-63,Ibuprofen,indefinite,[CONFIDENTIAL] Formula #834,REC-705829,GBP,Q2 2027: $51M projected,1.0.33
,8306-3165,ValueMax,,https://example.com/users/8a5d370e/profile,CC BY 4.0,IEEE 754,false,9796.95,2022-10-07 19:56:34,needs-review,elizabeth.lee,Kafka,MATCHES '^[A-Z]+',date IN 'active',The customer account manages customer interactions.  This record tracks operational metrics.  The system represents transaction histories.,[INTERNAL] Q3 strategy review pending board approval,HOLD-2022-341,INTEGER,Disabled,"$7,914,066",2026-08-31T00:00:00Z,2.16.23,"$6,581,883",[CONFIDENTIAL] Formula #647,Major finding: data retention,[INTERNAL] Q2 strategy review pending board approval,99.083% uptime,,batch_size=944,VLL-6847,tenant-014,EMP-59256,failed,name,tenant-022,FileNotFoundError: 8523,16:58:23,[INTERNAL] Q2 strategy review pending board approval,2020-07-15 07:26:45,curated.orders -> reports,2019-05-10 22:23:05,public.users,CURRENT_TIMESTAMP,99.484% uptime,1 year,GET /api/users,DataSync 3000,Apache-2.0,"Alpine Systems, Global Solutions, Skyline Partners, DataCraft Inc, Quantum Dynamics",tenant-049,190 days,HOLD-2021-312,CHECK (val > 0),A = πr²,5 2 * * *,4849932,ASCII,dt=2024-01,24060.5,"5 8 * * 0,6",public.users,min=6790,Clothing,ethan.lee,ASCII,MATCHES '^[A-Z]+',no,4.10.34,npm install,source_col -> target_col,LHR,Major finding: data retention,text/csv,ISO-8859-1,"$2,500,516",2024-03-16 22:17:18,TIMESTAMP,timeout_ms=588,https://data.io/api/api,EMP-85704,amy.martinez,crit=6832,2021-03-27T15:46:06Z,upsert,a9cfe838dffded0107210dbffd3c3adc974146598db5f302c09ba550efa37158,Competitor Meridian Health launched CloudGuard,null,SOAP/XML,7726613981387,"Catalyst Ventures, Vertex Technologies, DataCraft Inc",Market-based,raw.users -> analytics,F78547254,Italy,972842,web-19.prod.example.net,"[0.7927, 0.3147, 0.104, 0.5998, 0.8321, 0.92, 0.6712, 0.4601]",[CONFIDENTIAL] Formula #936,inactive,batch-20250411-19,REST/JSON,outlook.com,rwx,Widowed,Latin-1,TXN-841812,false,batch-20180616-12,Metformin,7 years,[CONFIDENTIAL] Formula #863,USR-116692,CNY,Q2 2027: $12M projected,3.19.20
,1041-3719,ProSeries,,https://example.com/users/77381a6a/profile,GPL-3.0,IEEE 754,true,368.51,2020-03-17T17:38:23Z,approved,ethan.lee,SAP,UNIQUE,date > 'active',The service represents data processing activities.  The customer account monitors operational metrics.  The system tracks operational metrics.,[INTERNAL] Q3 strategy review pending board approval,HOLD-2024-479,JSON,Enabled,"$1,208,587",2021-10-14T00:00:00Z,3.4.73,"$5,442,110",[CONFIDENTIAL] Formula #734,Major finding: data retention,[INTERNAL] Q4 strategy review pending board approval,99.956% uptime,,pool_size=788,OJE-8029,tenant-048,EMP-60682,cancelled,email,tenant-049,ValueError: invalid literal for int(),07:16:11,[INTERNAL] Q4 strategy review pending board approval,2020-04-04 09:26:11,staging.events -> analytics,2023-12-16 18:31:44,analytics.events,1,99.166% uptime,indefinite,npm install,CloudGuard,CC BY 4.0,"Meridian Health, Pioneer Software, DataCraft Inc",tenant-042,304 days,HOLD-2023-416,NOT NULL,E = mc²,43 3 * * *,3890596,UTF-8,region=2024-01,27988.8,56 10 * * 1-5,public.users,max=5630,Food,jennifer.rodriguez,Latin-1,NOT NULL,no,4.4.73,npm install,source_col -> field_b,CDG,Major finding: data retention,text/csv,UTF-8,"$8,592,816",2025-07-16 15:40:19,INTEGER,pool_size=700,https://acme.org/v2/v2,EMP-40036,sarah.harris,max=591,2023-01-19 01:37:36,snapshot,0167d43f5e38adb426fef709d259f363c611b20f298209cc521e3d6d04ef85d2,Competitor DataCraft Inc launched SmartHub X1,1,GraphQL,6843713789466,"Alpine Systems, Global Solutions, TechCo Industries, Pioneer Software",Value pricing,raw.orders -> reports,R65017868,United States,388333,cache-6.prod.example.net,"[0.2375, 0.1723, 0.547, 0.8432, 0.9416, 0.8067, 0.6511, 0.6928]",[CONFIDENTIAL] Formula #231,completed,batch-20260718-41,SOAP/XML,yahoo.com,execute,Married,Latin-1,REC-579834,false,batch-20210413-73,Ibuprofen,1 year,[CONFIDENTIAL] Formula #649,6468687,USD,Q3 2026: $90M projected,2.20.94
2026-10-03T03:15:01Z,3510-5474,ProSeries,,https://example.com/users/a60cf75d/profile,GPL-3.0,W3C Date,false,2553.24,2022-05-18T00:05:22Z,stable,richard.martin,Salesforce,BETWEEN 1 AND 100,type = 'active',The system tracks customer interactions.  The product manages data processing activities.  The customer account monitors operational metrics.  The product manages compliance records.,[INTERNAL] Q2 strategy review pending board approval,HOLD-2025-813,INTEGER,Enabled,"$2,703,671",2026-07-04T00:00:00Z,1.13.85,"$5,750,860",[CONFIDENTIAL] Formula #886,Major finding: data retention,[INTERNAL] Q1 strategy review pending board approval,99.797% uptime,,timeout_ms=487,GBV-7069,tenant-021,EMP-26941,inactive,status,tenant-013,NullPointerException at line 7424,12:51:43,[INTERNAL] Q4 strategy review pending board approval,2020-05-16T03:04:58Z,raw.events -> exports,2022-06-04T15:12:09Z,public.users,0,99.96% uptime,7 days,kubectl apply,CloudGuard,BSD-3-Clause,"Acme Corp, Beacon Analytics, Pacific Research Group, Vertex Technologies",tenant-005,249 days,HOLD-2024-386,CHECK (val > 0),A = πr²,2 22 * * 1-5,9436664,ASCII,tenant=2024-01,48014.4,"41 5 * * 0,6",sales.orders,crit=9650,Software,jennifer.smith,UTF-16,MATCHES '^[A-Z]+',no,3.4.0,GET /api/users,source_col -> output,JFK,Major finding: data retention,image/png,ISO-8859-1,"$7,468,133",2020-12-10 23:37:37,BOOLEAN,timeout_ms=943,https://example.com/api,EMP-18689,aiden.wright,min=9042,2025-05-18T17:38:54Z,snapshot,9c6b549c683991d12fa97d4ce65cb9f49c5653f9543ade8a656697771faae22a,Competitor Skyline Partners launched DataSync 3000,'',SOAP/XML,9989323862031,"Global Solutions, TechCo Industries, DataCraft Inc",Value pricing,staging.events -> analytics,Y17244238,Singapore,455021,db-7.prod.example.net,"[0.3346, 0.2394, 0.133, 0.5007, 0.0126, 0.1832, 0.4643, 0.0686]",[CONFIDENTIAL] Formula #452,completed,batch-20240101-07,REST/JSON,yahoo.com,execute,Widowed,ASCII,4913642,false,batch-20211214-07,Aspirin,7 days,[CONFIDENTIAL] Formula #414,3442535,CHF,Q2 2024: $47M projected,3.17.66
,6944-4681,SmartChoice,,https://example.com/users/4cf7d8c3/profile,GPL-3.0,RFC 3339,false,9222.0,2018-08-24T03:14:20Z,needs-review,robert.williams,SAP,NOT NULL,status != 'active',The service represents customer interactions.  The service represents customer interactions.,[INTERNAL] Q2 strategy review pending board approval,HOLD-2022-952,VARCHAR,Active,"$2,660,179",2019-09-01T00:00:00Z,5.17.43,"$6,031,044",[CONFIDENTIAL] Formula #501,Major finding: data retention,[INTERNAL] Q2 strategy review pending board approval,99.214% uptime,,timeout_ms=683,KMW-7791,tenant-030,EMP-69599,pending,status,tenant-005,PermissionDenied: insufficient privileges,00:09:57,[INTERNAL] Q2 strategy review pending board approval,2019-09-06 06:26:02,curated.events -> reports,2020-09-05T14:27:31Z,hr.employees,0,99.579% uptime,1 year,docker run,SmartHub X1,MIT,"Beacon Analytics, DataCraft Inc, Pioneer Software",tenant-006,120 days,HOLD-2026-573,UNIQUE,PV = nRT,11 4 * * *,ID-321560,UTF-8,tenant=us-east,34137.5,37 13 * * *,public.users,min=1665,Hardware,amy.williams,ISO-8859-1,NOT NULL,1,4.20.85,npm install,field_a -> field_b,LAX,Non-conformance: access control,text/csv,UTF-8,"$8,958,702",2019-02-12 15:57:49,VARCHAR,timeout_ms=795,https://example.com/users/users/data,EMP-19235,lucas.brown,crit=772,2018-01-10 23:16:11,snapshot,6875ae8c83affb4da794f6ac0e128ec779e88f539acb4babeae74b9022837bd1,Competitor Alpine Systems launched DataSync 3000,CURRENT_TIMESTAMP,GraphQL,1964209937645,"Pioneer Software, Acme Corp, TechCo Industries, Catalyst Ventures",Value pricing,curated.users -> analytics,M34344196,India,571823,db-6.prod.example.net,"[0.4391, 0.9226, 0.8793, 0.6366, 0.8847, 0.9079, 0.1989, 0.7453]",[CONFIDENTIAL] Formula #502,pending,batch-20241001-46,OpenAPI 3.0,outlook.com,rw,Married,UTF-16,8684174,false,batch-20180926-97,Metformin,indefinite,[CONFIDENTIAL] Formula #481,549665,EUR,Q4 2027: $59M projected,1.1.19
,9544-5823,ValueMax,,https://example.com/users/19c7db40/profile,CC BY 4.0,ISO 8601,true,7135.31,2024-06-28T16:10:22Z,deprecated,sarah.clark,Salesforce,MATCHES '^[A-Z]+',status > 'prod',The product tracks compliance records.  The system manages operational metrics.  The product tracks compliance records.  The service manages operational metrics.,[INTERNAL] Q2 strategy review pending board approval,HOLD-2021-905,TIMESTAMP,Inactive,"$1,502,612",2026-06-10T00:00:00Z,4.12.62,"$1,763,484",[CONFIDENTIAL] Formula #201,Major finding: data retention,[INTERNAL] Q4 strategy review pending board approval,99.428% uptime,,timeout_ms=443,OZG-3138,tenant-024,EMP-68206,pending,email,tenant-021,FileNotFoundError: 3051,06:40:25,[INTERNAL] Q4 strategy review pending board approval,2019-10-03 09:46:24,curated.orders -> analytics,2018-06-27T00:59:53Z,analytics.events,'',99.462% uptime,indefinite,docker run,DataSync 3000,CC BY 4.0,"Meridian Health, Beacon Analytics, Pioneer Software, TechCo Industries, Pacific Research Group",tenant-030,183 days,HOLD-2022-199,NOT NULL,PV = nRT,"23 8 * * 0,6",USR-772432,UTF-16,dt=acme,12991.1,"22 19 * * 0,6",analytics.events,max=8217,Clothing,ethan.king,ASCII,NOT NULL,no,0.8.28,npm install,input -> output,ORD,Non-conformance: access control,image/png,ASCII,"$19,639",2025-03-14 00:28:26,BOOLEAN,pool_size=870,https://api.service.com/status/v2/docs,EMP-21878,oliver.robinson,min=4539,2023-01-11 03:03:40,update,8775a6c835a86cc32a959e1c45f56f283ba65f2a923e8f0f868e58fff6dc088f,Competitor DataCraft Inc launched VaultKeeper,0,SOAP/XML,4162538595645,"Alpine Systems, DataCraft Inc, Pacific Research Group",Cost-plus 25%,staging.users -> analytics,N68042585,Brazil,932516,api-13.staging.example.net,"[0.6062, 0.5742, 0.4871, 0.3272, 0.5399, 0.1345, 0.5695, 0.6964]",[CONFIDENTIAL] Formula #315,pending,batch-20261208-29,REST/JSON,outlook.com,execute,Single,ISO-8859-1,REC-536655,false,batch-20190115-12,Ibuprofen,30 days,[CONFIDENTIAL] Formula #241,9772677,JPY,Q3 2027: $19M projected,4.5.27
,9871-1164,EcoLine,2025-05-18 02:59:57,https://example.com/users/a488a25f/profile,GPL-3.0,RFC 3339,true,6294.15,2026-08-11 16:01:31,approved,jennifer.wright,PostgreSQL,UNIQUE,type != 'active',The customer account tracks customer interactions.  The product includes customer interactions.  The service includes transaction histories.  The service represents transaction histories.,[INTERNAL] Q4 strategy review pending board approval,HOLD-2022-762,FLOAT,Enabled,"$5,367,778",2023-11-23T00:00:00Z,5.14.46,"$6,371,661",[CONFIDENTIAL] Formula #863,Major finding: data retention,[INTERNAL] Q2 strategy review pending board approval,99.227% uptime,2024-10-24T16:22:10Z,max_retries=712,HXL-3882,tenant-035,EMP-68797,completed,email,tenant-016,FileNotFoundError: 6625,21:58:17,[INTERNAL] Q2 strategy review pending board approval,2023-11-24 16:45:59,staging.events -> exports,2026-01-27T03:12:39Z,sales.orders,null,99.882% uptime,30 days,GET /api/users,CloudGuard,Proprietary,"Alpine Systems, Quantum Dynamics, Vertex Technologies, Catalyst Ventures",tenant-043,13 days,HOLD-2020-952,BETWEEN 1 AND 100,A = πr²,"30 18 * * 0,6",8829527,UTF-8,region=acme,43640.3,19 20 * * *,hr.employees,crit=837,Electronics,sophia.jones,Latin-1,BETWEEN 1 AND 100,0,3.14.13,POST /api/orders,source_col -> target_col,LAX,Non-conformance: access control,application/xml,ISO-8859-1,"$9,007,151",2018-07-21T13:24:15Z,TIMESTAMP,pool_size=513,https://api.service.com/users,EMP-77073,jennifer.anderson,crit=7652,2022-06-14T05:14:08Z,snapshot,a86366b2d0fec3d67a0fef4a4d3ffd75b375f6ccdc5b0fd3d4c206be37d45227,Competitor Pioneer Software launched NanoCore SDK,null,GraphQL,3709675422264,"TechCo Industries, Meridian Health, Beacon Analytics, Quantum Dynamics",Premium,raw.orders -> analytics,S74134158,Australia,290218,db-18.dev.example.net,"[0.0518, 0.0176, 0.6559, 0.5098, 0.368, 0.5613, 0.679, 0.1473]",[CONFIDENTIAL] Formula #688,rejected,batch-20250328-44,OpenAPI 3.0,yahoo.com,r-x,Divorced,ISO-8859-1,1108873,false,batch-20190606-92,Lisinopril,indefinite,[CONFIDENTIAL] Formula #906,3753755,AUD,Q3 2025: $79M projected,3.16.25
,4723-8791,EcoLine,,https://example.com/users/3195eeb1/profile,Proprietary,POSIX,true,5053.21,2019-06-10T18:39:23Z,approved,oliver.clark,Workday,BETWEEN 1 AND 100,type != '2024',This record monitors data processing activities.  The system monitors data processing activities.,[INTERNAL] Q3 strategy review pending board approval,HOLD-2024-313,VARCHAR,Inactive,"$7,688,505",2020-08-18T00:00:00Z,1.20.95,"$6,778,747",[CONFIDENTIAL] Formula #593,Observation: backup schedule,[INTERNAL] Q1 strategy review pending board approval,99.977% uptime,,timeout_ms=92,VCG-9132,tenant-008,EMP-21336,completed,email,tenant-030,ValueError: invalid literal for int(),21:48:44,[INTERNAL] Q1 strategy review pending board approval,2019-11-23T21:49:16Z,raw.events -> exports,2021-07-28T20:46:09Z,public.users,CURRENT_TIMESTAMP,99.45% uptime,1 year,POST /api/orders,VaultKeeper,Apache-2.0,"Vertex Technologies, Catalyst Ventures, Beacon Analytics, Global Solutions",tenant-049,285 days,HOLD-2026-132,UNIQUE,F = ma,44 20 * * 1-5,TXN-239864,UTF-16,dt=2024-01,18176.2,9 23 * * *,public.users,crit=1968,Services,richard.white,UTF-16,UNIQUE,no,5.12.71,npm install,source_col -> output,NRT,Observation: backup schedule,image/png,ASCII,"$3,067,593",2020-10-16T14:57:20Z,FLOAT,batch_size=935,https://data.io/api,EMP-70419,logan.robinson,crit=7537,2022-11-27T01:05:25Z,insert,710d475e243f0d9f86beca44c7a6225b2a76014f324e973007dbe2192dd8c943,Competitor Catalyst Ventures launched DataSync 3000,null,SOAP/XML,8479715731748,"Vertex Technologies, Alpine Systems, DataCraft Inc, Catalyst Ventures",Premium,raw.orders -> analytics,O75974375,Spain,501298,api-6.staging.acme.com,"[0.4636, 0.558, 0.614, 0.5283, 0.5108, 0.125, 0.2115, 0.7256]",[CONFIDENTIAL] Formula #331,approved,batch-20220911-08,OpenAPI 3.0,yahoo.com,rwx,Widowed,UTF-8,1467861,true,batch-20260715-46,Ibuprofen,7 days,[CONFIDENTIAL] Formula #913,5885711,CAD,Q3 2024: $30M projected,0.4.33
,7230-5245,TechBrand,2021-01-22 12:27:44,https://example.com/users/4bb060cf/profile,CC BY 4.0,W3C Date,false,7669.45,2018-08-02 15:02:46,stable,patricia.jones,SAP,NOT NULL,date != '2024',The product includes compliance records.  The product represents data processing activities.  The product includes data processing activities.,[INTERNAL] Q1 strategy review pending board approval,HOLD-2025-462,TEXT,Inactive,"$8,436,824",2019-04-01T00:00:00Z,5.14.16,"$7,718,256",[CONFIDENTIAL] Formula #106,Major finding: data retention,[INTERNAL] Q1 strategy review pending board approval,99.388% uptime,,max_retries=485,CUZ-6845,tenant-022,EMP-42550,completed,created_at,tenant-048,Connection timeout after 853ms,23:15:20,[INTERNAL] Q2 strategy review pending board approval,2018-01-04T12:52:50Z,curated.events -> analytics,2024-09-05 05:55:49,sales.orders,CURRENT_TIMESTAMP,99.458% uptime,7 years,kubectl apply,FlexPay Platform,CC BY 4.0,"TechCo Industries, Catalyst Ventures, Alpine Systems, Meridian Health, Pacific Research Group",tenant-013,57 days,HOLD-2021-619,UNIQUE,PV = nRT,"35 0 * * 0,6",6800484,UTF-16,region=2024-01,492.6,"8 4 * * 0,6",hr.employees,crit=1011,Software,amy.lee,UTF-16,CHECK (val > 0),false,0.13.36,POST /api/orders,source_col -> field_b,SFO,Major finding: data retention,application/xml,ASCII,"$5,226,438",2018-02-12 15:59:47,TIMESTAMP,batch_size=684,https://api.service.com/api/docs,EMP-38817,jennifer.smith,min=5006,2023-07-14 10:57:43,snapshot,f992338e460305fc4166752c42e045ed6c71e54520be17cda13aedf5434d1d81,Competitor Vertex Technologies launched DataSync 3000,0,SOAP/XML,3380070439251,"Quantum Dynamics, Pacific Research Group, Meridian Health, Catalyst Ventures",Penetration,curated.users -> analytics,F52775551,Canada,730259,web-12.dev.acme.com,"[0.7339, 0.1038, 0.0923, 0.951, 0.7985, 0.1835, 0.5561, 0.7128]",[CONFIDENTIAL] Formula #905,approved,batch-20210821-73,gRPC/protobuf,example.com,execute,Married,UTF-8,ORD-391045,false,batch-20240606-02,Lisinopril,indefinite,[CONFIDENTIAL] Formula #922,ID-572997,AUD,Q2 2026: $99M projected,0.8.88
2019-08-24 17:22:37,4140-6676,ValueMax,,https://example.com/users/7ce592c0/profile,GPL-3.0,W3C Date,false,8464.22,2021-09-06 18:49:20,high-priority,liam.wright,Workday,BETWEEN 1 AND 100,date IN 'active',The system tracks transaction histories.  The product manages operational metrics.,[INTERNAL] Q2 strategy review pending board approval,HOLD-2020-634,BOOLEAN,Active,"$643,769",2019-10-11T00:00:00Z,3.4.4,"$7,505,803",[CONFIDENTIAL] Formula #427,Non-conformance: access control,[INTERNAL] Q1 strategy review pending board approval,99.636% uptime,2025-08-01 21:34:34,max_retries=929,BPX-6233,tenant-009,EMP-93385,active,email,tenant-001,HTTP 503 Service Unavailable,04:58:24,[INTERNAL] Q4 strategy review pending board approval,2025-05-05T20:00:18Z,curated.orders -> exports,2023-12-05 15:47:41,hr.employees,false,99.822% uptime,indefinite,kubectl apply,NanoCore SDK,MIT,"Catalyst Ventures, Beacon Analytics",tenant-024,344 days,HOLD-2026-295,MATCHES '^[A-Z]+',BMI = kg/m²,11 21 * * *,2125892,UTF-8,tenant=acme,17175.9,18 5 * * *,analytics.events,min=8596,Software,noah.johnson,Latin-1,CHECK (val > 0),no,5.1.38,GET /api/users,input -> output,CDG,Major finding: data retention,text/csv,UTF-16,"$4,315,044",2023-08-12 15:33:24,JSON,batch_size=143,https://acme.org/docs/docs/api,EMP-35560,linda.jackson,warn=1774,2020-09-10 22:46:56,update,8dc079ad53811b6bc76577231135ef8acdbff393de1af3e505c8f2a55284259a,Competitor TechCo Industries launched AuditTrail Plus,'',REST/JSON,9673405870233,"DataCraft Inc, Pioneer Software",Market-based,staging.users -> reports,T85546136,South Korea,599944,cache-14.dev.acme.com,"[0.9996, 0.2983, 0.2395, 0.6133, 0.7618, 0.986, 0.7695, 0.6022]",[CONFIDENTIAL] Formula #961,inactive,batch-20240123-30,OpenAPI 3.0,yahoo.com,rw,Divorced,ASCII,6180322,false,batch-20241024-98,Lisinopril,indefinite,[CONFIDENTIAL] Formula #251,6319539,GBP,Q3 2025: $20M projected,0.12.87
2021-11-25 05:15:12,5024-1255,EcoLine,2018-07-20 09:14:08,https://example.com/users/13515bcf/profile,Apache-2.0,W3C Date,true,5373.29,2018-11-13 00:22:12,approved,lucas.martin,PostgreSQL,UNIQUE,type > 'prod',The service manages operational metrics.  The service tracks operational metrics.  This record represents customer interactions.,[INTERNAL] Q4 strategy review pending board approval,HOLD-2024-974,TIMESTAMP,Disabled,"$2,583,562",2023-08-17T00:00:00Z,0.16.12,"$2,019,669",[CONFIDENTIAL] Formula #480,Major finding: data retention,[INTERNAL] Q3 strategy review pending board approval,99.438% uptime,2025-10-01 07:36:12,max_retries=191,CYU-1729,tenant-026,EMP-14938,rejected,name,tenant-046,PermissionDenied: insufficient privileges,02:25:56,[INTERNAL] Q2 strategy review pending board approval,2026-06-02T20:00:21Z,staging.users -> analytics,2025-02-19T00:19:40Z,hr.employees,CURRENT_TIMESTAMP,99.439% uptime,30 days,docker run,SmartHub X1,Apache-2.0,"Quantum Dynamics, DataCraft Inc, Acme Corp, Meridian Health",tenant-029,88 days,HOLD-2021-904,BETWEEN 1 AND 100,E = mc²,50 9 * * 1-5,8193456,UTF-16,dt=us-east,44834.4,"43 2 * * 0,6",sales.orders,crit=5984,Clothing,elizabeth.thompson,ASCII,BETWEEN 1 AND 100,yes,0.20.32,npm install,field_a -> output,JFK,Major finding: data retention,application/json,ISO-8859-1,"$7,342,480",2022-11-06T15:24:21Z,BOOLEAN,timeout_ms=986,https://example.com/api,EMP-14908,sarah.brown,max=6620,2019-02-17T07:03:50Z,snapshot,a964f13cf27681d58aa836b87eb15ca705eadafa6eae7e9f812ef5221fa22368,Competitor Beacon Analytics launched Sentinel Monitor,false,OpenAPI 3.0,3462040224172,"TechCo Industries, Alpine Systems, Catalyst Ventures, Beacon Analytics",Market-based,curated.orders -> reports,P70692639,South Korea,5294,app-3.dev.acme.com,"[0.1407, 0.4569, 0.5581, 0.8175, 0.9302, 0.6549, 0.5079, 0.7713]",[CONFIDENTIAL] Formula #571,rejected,batch-20260820-58,REST/JSON,gmail.com,rwx,Single,Latin-1,1410214,false,batch-20220522-16,Lisinopril,7 years,[CONFIDENTIAL] Formula #333,3842795,CAD,Q1 2024: $25M projected,5.6.88
,9496-9847,EcoLine,,https://example.com/users/6577e491/profile,MIT,RFC 3339,false,4162.88,2023-07-19 05:35:42,deprecated,richard.taylor,Snowflake,BETWEEN 1 AND 100,date = '2024',The system monitors transaction histories.  The customer account manages operational metrics.  The product includes operational metrics.  This record manages data processing activities.,[INTERNAL] Q2 strategy review pending board approval,HOLD-2024-407,INTEGER,Disabled,"$5,215,493",2023-09-30T00:00:00Z,2.20.28,"$5,913,590",[CONFIDENTIAL] Formula #530,Observation: backup schedule,[INTERNAL] Q2 strategy review pending board approval,99.625% uptime,2023-02-04T11:50:22Z,timeout_ms=494,WON-2363,tenant-020,EMP-37013,failed,status,tenant-012,PermissionDenied: insufficient privileges,03:47:32,[INTERNAL] Q1 strategy review pending board approval,2026-09-02 01:26:47,curated.orders -> analytics,2019-09-21T16:57:32Z,sales.orders,false,99.946% uptime,indefinite,docker run,SmartHub X1,GPL-3.0,"TechCo Industries, Pioneer Software, Alpine Systems, Global Solutions",tenant-009,107 days,HOLD-2020-328,NOT NULL,E = mc²,27 5 * * *,USR-985930,UTF-8,dt=2024-01,28169.0,25 6 * * *,hr.employees,min=4407,Food,lucas.taylor,ISO-8859-1,NOT NULL,yes,0.4.11,npm install,field_a -> target_col,SFO,Non-conformance: access control,application/pdf,ASCII,"$5,853,759",2023-10-01T17:01:40Z,TIMESTAMP,max_retries=304,https://api.service.com/users,EMP-59988,oliver.taylor,crit=3203,2021-02-19T00:43:31Z,insert,da87adae21b4dfc8a877abba4e8b8f0f7872cff84e79601c5d7e78100c55fff3,Competitor Pioneer Software launched NanoCore SDK,CURRENT_TIMESTAMP,GraphQL,5307069994260,"Skyline Partners, Quantum Dynamics, Beacon Analytics, Global Solutions",Cost-plus 25%,raw.events -> analytics,U19586877,Australia,291500,api-13.dev.acme.com,"[0.7436, 0.3767, 0.3418, 0.6876, 0.8215, 0.0461, 0.027, 0.0456]",[CONFIDENTIAL] Formula #554,rejected,batch-20230625-16,gRPC/protobuf,acme.org,execute,Single,UTF-16,USR-261294,false,batch-20240504-80,Lisinopril,indefinite,[CONFIDENTIAL] Formula #169,1681177,CHF,Q4 2027: $82M projected,1.12.53
,1045-7111,EcoLine,2018-07-28T09:56:50Z,https://example.com/users/2814c3b1/profile,MIT,POSIX,false,8914.1,2022-11-12 16:51:12,stable,logan.smith,Kafka,BETWEEN 1 AND 100,type < 'prod',The service manages data processing activities.  The product represents compliance records.  This record tracks compliance records.  The product monitors data processing activities.,[INTERNAL] Q3 strategy review pending board approval,HOLD-2025-917,BOOLEAN,Disabled,"$3,567,679",2018-01-21T00:00:00Z,2.12.69,"$5,203,135",[CONFIDENTIAL] Formula #588,Major finding: data retention,[INTERNAL] Q3 strategy review pending board approval,99.216% uptime,2020-11-07T19:24:04Z,batch_size=867,MTW-1581,tenant-020,EMP-29618,completed,email,tenant-027,FileNotFoundError: 690,17:47:39,[INTERNAL] Q4 strategy review pending board approval,2020-10-01 12:50:56,raw.users -> exports,2025-07-06T05:14:26Z,public.users,0,99.714% uptime,indefinite,npm install,CloudGuard,BSD-3-Clause,"DataCraft Inc, Acme Corp, Beacon Analytics, Global Solutions",tenant-049,76 days,HOLD-2023-866,CHECK (val > 0),F = ma,37 6 * * 1-5,ORD-246975,ASCII,tenant=2024-01,39957.8,30 1 * * *,public.users,min=7997,Hardware,liam.martinez,Latin-1,BETWEEN 1 AND 100,0,4.2.87,POST /api/orders,source_col -> target_col,LAX,Major finding: data retention,application/json,Latin-1,"$8,147,435",2020-12-25 00:35:10,BOOLEAN,max_retries=891,https://api.service.com/data/status,EMP-94280,michael.davis,min=7996,2023-06-28T23:21:59Z,snapshot,9dabceee498f7ef3f839912867722de1bd7d06461aea40826fdede19a6ad84a4,Competitor Quantum Dynamics launched SmartHub X1,'',OpenAPI 3.0,2123794304523,"DataCraft Inc, Pacific Research Group, Pioneer Software, Catalyst Ventures, Skyline Partners",Premium,raw.orders -> analytics,J51878250,Germany,38286,cache-5.prod.example.net,"[0.0405, 0.5087, 0.0723, 0.3868, 0.9983, 0.3946, 0.075, 0.2392]",[CONFIDENTIAL] Formula #742,cancelled,batch-20241230-93,REST/JSON,gmail.com,admin,Married,ASCII,1132088,false,batch-20251005-85,Metformin,30 days,[CONFIDENTIAL] Formula #684,1595603,GBP,Q4 2024: $26M projected,1.18.90
,3237-5404,EcoLine,,https://example.com/users/2ebcf5ab/profile,MIT,RFC 3339,false,8307.8,2020-03-21T01:13:39Z,high-priority,liam.martin,Workday,MATCHES '^[A-Z]+',type != 'active',The customer account manages transaction histories.  The customer account manages compliance records.  The service monitors compliance records.,[INTERNAL] Q1 strategy review pending board approval,HOLD-2024-322,FLOAT,Inactive,"$406,273",2024-08-02T00:00:00Z,4.18.78,"$3,706,651",[CONFIDENTIAL] Formula #715,Major finding: data retention,[INTERNAL] Q3 strategy review pending board approval,99.468% uptime,,batch_size=782,WYR-7259,tenant-001,EMP-22211,active,name,tenant-030,PermissionDenied: insufficient privileges,19:42:06,[INTERNAL] Q4 strategy review pending board approval,2018-01-01T19:53:59Z,staging.events -> reports,2022-12-16T16:46:55Z,public.users,false,99.467% uptime,30 days,docker run,NanoCore SDK,GPL-3.0,"Acme Corp, Catalyst Ventures, Beacon Analytics",tenant-018,157 days,HOLD-2026-153,MATCHES '^[A-Z]+',A = πr²,"27 21 * * 0,6",REC-791232,ISO-8859-1,tenant=us-east,27888.7,"13 13 * * 0,6",sales.orders,warn=5260,Services,linda.moore,Latin-1,BETWEEN 1 AND 100,no,4.6.17,docker run,input -> output,SIN,Major finding: data retention,application/xml,ASCII,"$636,072",2026-11-15 17:36:59,FLOAT,timeout_ms=12,https://data.io/api/data/api,EMP-52974,logan.harris,crit=3266,2019-03-08 23:59:25,upsert,5835ad1d0004daa513948fe90be34083859619162c266d58d00b30b66815965e,Competitor DataCraft Inc launched NanoCore SDK,1,REST/JSON,5111865959460,"Beacon Analytics, Quantum Dynamics, Global Solutions",Penetration,staging.users -> analytics,P54220453,Japan,391639,db-2.prod.acme.com,"[0.6999, 0.9993, 0.6675, 0.9177, 0.8992, 0.3771, 0.4923, 0.1186]",[CONFIDENTIAL] Formula #537,failed,batch-20190813-81,gRPC/protobuf,yahoo.com,read,Divorced,Latin-1,4440857,true,batch-20190930-59,Aspirin,7 years,[CONFIDENTIAL] Formula #419,ORD-391413,CHF,Q4 2025: $23M projected,2.1.14
,2509-5823,EcoLine,,https://example.com/users/b3674588/profile,CC BY 4.0,RFC 3339,false,4206.87,2025-08-08 19:46:38,approved,michael.harris,SAP,MATCHES '^[A-Z]+',type < 'prod',This record includes transaction histories.  This record includes data processing activities.  The system tracks data processing activities.  The system tracks data processing activities.,[INTERNAL] Q3 strategy review pending board approval,HOLD-2022-899,TIMESTAMP,Active,"$5,717,377",2025-04-17T00:00:00Z,2.2.41,"$1,915,273",[CONFIDENTIAL] Formula #189,Major finding: data retention,[INTERNAL] Q3 strategy review pending board approval,99.031% uptime,2025-08-18 14:32:53,max_retries=780,INF-5770,tenant-033,EMP-43152,pending,name,tenant-014,NullPointerException at line 4392,16:44:41,[INTERNAL] Q2 strategy review pending board approval,2018-12-28 01:27:15,curated.users -> reports,2019-03-06 10:04:22,hr.employees,CURRENT_TIMESTAMP,99.561% uptime,30 days,kubectl apply,SmartHub X1,MIT,"Pacific Research Group, DataCraft Inc, Pioneer Software, Skyline Partners",tenant-016,159 days,HOLD-2026-865,NOT NULL,BMI = kg/m²,"44 4 * * 0,6",8683118,Latin-1,region=us-east,24716.4,33 2 * * 1-5,sales.orders,max=2161,Electronics,noah.anderson,ISO-8859-1,UNIQUE,0,2.7.69,docker run,field_a -> field_b,NRT,Observation: backup schedule,image/png,UTF-8,"$293,428",2026-01-06T16:48:12Z,TIMESTAMP,pool_size=227,https://example.com/users/status,EMP-30468,jessica.young,max=5513,2025-09-27 10:24:18,snapshot,2290960aa01ba22c8ff14db778e849d71711dc4ca8798fa59b04686cde0404a5,Competitor Pacific Research Group launched AuditTrail Plus,null,SOAP/XML,0745184251700,"Global Solutions, Catalyst Ventures, Quantum Dynamics",Value pricing,curated.orders -> exports,U90031975,Italy,258759,web-13.dev.acme.com,"[0.7237, 0.2926, 0.0001, 0.4485, 0.5914, 0.7903, 0.2722, 0.7484]",[CONFIDENTIAL] Formula #826,cancelled,batch-20230529-46,GraphQL,example.com,write,Single,UTF-8,2456140,false,batch-20190817-92,Aspirin,indefinite,[CONFIDENTIAL] Formula #213,TXN-238638,INR,Q2 2025: $40M projected,4.7.15
2022-04-01T08:29:48Z,7390-8443,ProSeries,,https://example.com/users/ac9abe69/profile,Proprietary,IEEE 754,false,7185.56,2026-03-19 11:27:11,deprecated,david.jackson,Salesforce,BETWEEN 1 AND 100,type = 'active',The product includes data processing activities.  The service manages compliance records.,[INTERNAL] Q3 strategy review pending board approval,HOLD-2024-595,VARCHAR,Active,"$1,704,048",2024-06-24T00:00:00Z,4.1.39,"$5,401,507",[CONFIDENTIAL] Formula #109,Major finding: data retention,[INTERNAL] Q3 strategy review pending board approval,99.393% uptime,,pool_size=561,DQA-3796,tenant-039,EMP-39933,completed,created_at,tenant-040,FileNotFoundError: 425,18:06:09,[INTERNAL] Q4 strategy review pending board approval,2021-03-27T22:33:49Z,curated.events -> analytics,2025-02-18T01:00:59Z,sales.orders,0,99.578% uptime,indefinite,npm install,Widget Pro,BSD-3-Clause,"Quantum Dynamics, Pioneer Software",tenant-039,47 days,HOLD-2024-808,CHECK (val > 0),A = πr²,21 11 * * *,REC-258147,UTF-8,dt=us-east,28886.2,"50 21 * * 0,6",public.users,crit=8720,Services,anna.thomas,ISO-8859-1,MATCHES '^[A-Z]+',true,1.9.53,POST /api/orders,field_a -> target_col,NRT,Observation: backup schedule,application/xml,ISO-8859-1,"$8,900,092",2023-02-18 12:43:24,BOOLEAN,batch_size=253,https://data.io/data,EMP-82512,aiden.lee,min=4464,2018-03-02T20:42:37Z,snapshot,10c0c123f544481d0e725ca83a5e5bc0995cb84ed6c84a62d4a0938ae2624160,Competitor TechCo Industries launched StreamLine ERP,'',OpenAPI 3.0,8702313127694,"Beacon Analytics, Quantum Dynamics, TechCo Industries",Premium,raw.events -> exports,V71010196,Brazil,395119,cache-5.prod.acme.com,"[0.931, 0.3447, 0.838, 0.4693, 0.3019, 0.8042, 0.684, 0.7963]",[CONFIDENTIAL] Formula #758,rejected,batch-20241110-57,SOAP/XML,company.com,r-x,Single,Latin-1,259262,false,batch-20180803-20,Lisinopril,7 days,[CONFIDENTIAL] Formula #399,9089453,JPY,Q2 2025: $86M projected,3.4.39
,6685-1963,EcoLine,,https://example.com/users/ffce1542/profile,BSD-3-Clause,POSIX,false,7703.51,2021-01-18T17:39:50Z,needs-review,jennifer.wright,SAP,MATCHES '^[A-Z]+',date != 'active',The customer account represents customer interactions.  The service manages data processing activities.  The service tracks transaction histories.  The service monitors transaction histories.,[INTERNAL] Q3 strategy review pending board approval,HOLD-2023-830,INTEGER,Enabled,"$4,487,994",2020-11-02T00:00:00Z,5.17.18,"$7,804,147",[CONFIDENTIAL] Formula #678,Non-conformance: access control,[INTERNAL] Q2 strategy review pending board approval,99.688% uptime,,max_retries=776,ALV-1376,tenant-002,EMP-80197,completed,name,tenant-002,Connection timeout after 5742ms,20:51:07,[INTERNAL] Q4 strategy review pending board approval,2022-04-05 08:40:14,curated.orders -> analytics,2021-04-22T12:52:15Z,sales.orders,1,99.974% uptime,7 days,docker run,DataSync 3000,CC BY 4.0,"Alpine Systems, Quantum Dynamics, Vertex Technologies, Acme Corp, Global Solutions",tenant-001,164 days,HOLD-2026-937,NOT NULL,E = mc²,6 0 * * *,5968762,UTF-16,region=2024-01,28673.7,34 4 * * *,analytics.events,min=3837,Clothing,elizabeth.anderson,Latin-1,NOT NULL,0,5.6.79,kubectl apply,input -> field_b,LHR,Non-conformance: access control,application/pdf,ISO-8859-1,"$5,281,890",2024-05-14 22:34:06,BOOLEAN,timeout_ms=544,https://api.service.com/status/status/data,EMP-74433,emma.martin,crit=6815,2021-08-02T22:21:01Z,delete,022ae3d10b1c07ab80d0cfdeb9423c017f45599b42b7ce4bcca6f9be552b6252,Competitor Catalyst Ventures launched Widget Pro,CURRENT_TIMESTAMP,gRPC/protobuf,1477353635620,"Skyline Partners, Acme Corp, Beacon Analytics, Pacific Research Group",Penetration,curated.orders -> exports,K98048845,Norway,249573,api-17.staging.example.net,"[0.5206, 0.4571, 0.9199, 0.2136, 0.9074, 0.9014, 0.1339, 0.8148]",[CONFIDENTIAL] Formula #144,approved,batch-20210921-94,GraphQL,company.com,admin,Widowed,ASCII,ID-519751,true,batch-20180519-68,Amoxicillin,indefinite,[CONFIDENTIAL] Formula #981,340003,CNY,Q1 2025: $49M projected,0.13.51
,9627-3381,SmartChoice,,https://example.com/users/bdf4ece1/profile,Proprietary,ISO 8601,false,7364.72,2023-06-01T09:48:30Z,experimental,lucas.garcia,PostgreSQL,MATCHES '^[A-Z]+',date IN '2024',This record includes compliance records.  The service monitors compliance records.  The customer account monitors data processing activities.,[INTERNAL] Q4 strategy review pending board approval,HOLD-2022-495,TEXT,Inactive,"$5,208,022",2019-12-20T00:00:00Z,5.9.50,"$6,059,714",[CONFIDENTIAL] Formula #856,Non-conformance: access control,[INTERNAL] Q4 strategy review pending board approval,99.343% uptime,,pool_size=381,OXT-4475,tenant-006,EMP-38942,inactive,email,tenant-009,Connection timeout after 9349ms,13:32:14,[INTERNAL] Q2 strategy review pending board approval,2023-11-01T10:46:42Z,raw.users -> exports,2020-08-09T03:55:03Z,sales.orders,CURRENT_TIMESTAMP,99.219% uptime,7 days,GET /api/users,StreamLine ERP,Apache-2.0,"Alpine Systems, Quantum Dynamics, Meridian Health, Acme Corp",tenant-012,19 days,HOLD-2022-221,UNIQUE,A = πr²,21 16 * * 1-5,REC-705433,UTF-8,dt=us-east,21104.9,41 3 * * *,public.users,max=4653,Software,sophia.jackson,UTF-16,BETWEEN 1 AND 100,false,5.10.51,docker run,field_a -> output,ORD,Major finding: data retention,application/json,ISO-8859-1,"$5,807,684",2022-07-18T23:19:35Z,JSON,pool_size=420,https://acme.org/data/status,EMP-44596,linda.clark,crit=1463,2020-04-23T00:18:00Z,delete,923a68d67f0172e0da152232551bce2c6bcbc22f6ed15d762ca2430b5830db00,Competitor Global Solutions launched FlexPay Platform,'',GraphQL,8688889849551,"Alpine Systems, Acme Corp, Pioneer Software, Skyline Partners, Vertex Technologies",Penetration,staging.users -> analytics,N94003483,United States,363330,api-13.dev.acme.com,"[0.2802, 0.6488, 0.7134, 0.3849, 0.6489, 0.4383, 0.9214, 0.5624]",[CONFIDENTIAL] Formula #832,pending,batch-20190912-67,OpenAPI 3.0,example.com,rwx,Married,ISO-8859-1,ORD-346595,false,batch-20200719-61,Aspirin,indefinite,[CONFIDENTIAL] Formula #672,8158704,INR,Q2 2027: $18M projected,4.20.73
,5093-2542,SmartChoice,,https://example.com/users/0ac2e426/profile,GPL-3.0,W3C Date,false,6099.22,2023-03-25 18:22:25,high-priority,anna.robinson,PostgreSQL,BETWEEN 1 AND 100,type != '2024',This record monitors operational metrics.  The system monitors data processing activities.  The customer account includes transaction histories.,[INTERNAL] Q2 strategy review pending board approval,HOLD-2022-792,INTEGER,Active,"$8,825,432",2026-08-10T00:00:00Z,3.13.24,"$4,062,060",[CONFIDENTIAL] Formula #196,Observation: backup schedule,[INTERNAL] Q2 strategy review pending board approval,99.992% uptime,,max_retries=769,CHV-7733,tenant-019,EMP-24930,rejected,email,tenant-030,NullPointerException at line 3506,03:36:13,[INTERNAL] Q2 strategy review pending board approval,2021-05-06 12:11:42,staging.users -> reports,2025-02-27 18:18:11,sales.orders,1,99.621% uptime,7 years,kubectl apply,StreamLine ERP,Proprietary,"Alpine Systems, Pioneer Software, Pacific Research Group, Vertex Technologies, TechCo Industries",tenant-040,138 days,HOLD-2024-448,MATCHES '^[A-Z]+',BMI = kg/m²,29 19 * * 1-5,REC-433579,Latin-1,dt=2024-01,32714.9,24 5 * * *,public.users,crit=1043,Clothing,richard.garcia,Latin-1,NOT NULL,yes,0.9.29,POST /api/orders,field_a -> output,SFO,Observation: backup schedule,application/json,ISO-8859-1,"$6,113,507",2019-09-28 22:22:06,BOOLEAN,max_retries=764,https://example.com/v2/users/status,EMP-90604,amy.martinez,min=8735,2022-10-08T02:58:47Z,snapshot,fe7f440a8821fbfd2a8129c277709b4a02a02c1fb464de9c2f1ce73afec5a4e3,Competitor Pacific Research Group launched Widget Pro,false,GraphQL,8890581959481,"TechCo Industries, Pacific Research Group",Value pricing,raw.users -> analytics,E50843126,Netherlands,393054,app-13.staging.example.net,"[0.474, 0.8888, 0.5716, 0.4827, 0.7013, 0.9017, 0.3852, 0.2469]",[CONFIDENTIAL] Formula #197,completed,batch-20180304-24,gRPC/protobuf,outlook.com,r-x,Divorced,Latin-1,TXN-301843,false,batch-20180404-87,Aspirin,7 days,[CONFIDENTIAL] Formula #692,TXN-618521,BRL,Q2 2026: $83M projected,2.13.78
,6874-9129,ProSeries,,https://example.com/users/f05cfeb7/profile,Apache-2.0,RFC 3339,false,7730.17,2026-05-03T05:28:32Z,deprecated,sarah.smith,Snowflake,BETWEEN 1 AND 100,status IN 'active',The customer account represents transaction histories.  The customer account includes data processing activities.  The system represents operational metrics.,[INTERNAL] Q4 strategy review pending board approval,HOLD-2025-516,TIMESTAMP,Enabled,"$4,922,464",2022-07-18T00:00:00Z,4.14.76,"$9,203,307",[CONFIDENTIAL] Formula #974,Non-conformance: access control,[INTERNAL] Q4 strategy review pending board approval,99.649% uptime,,timeout_ms=733,WBI-2685,tenant-046,EMP-55707,rejected,id,tenant-036,FileNotFoundError: 2847,07:03:57,[INTERNAL] Q2 strategy review pending board approval,2020-02-28 13:17:05,raw.events -> exports,2018-10-09T11:43:15Z,hr.employees,'',99.807% uptime,7 years,kubectl apply,DataSync 3000,Apache-2.0,"TechCo Industries, Global Solutions, Meridian Health, Beacon Analytics, Pacific Research Group",tenant-015,273 days,HOLD-2022-859,MATCHES '^[A-Z]+',E = mc²,23 17 * * 1-5,7281290,UTF-8,tenant=2024-01,14382.3,26 13 * * 1-5,sales.orders,crit=5175,Services,lucas.brown,ASCII,NOT NULL,no,4.8.13,GET /api/users,input -> field_b,ORD,Non-conformance: access control,text/csv,Latin-1,"$6,969,319",2023-04-12T23:27:25Z,FLOAT,max_retries=506,https://api.service.com/data,EMP-22511,harper.thomas,warn=3469,2023-09-16T19:40:50Z,update,faaee50526aacf27f7e70533a5edf78e8b967ee89ea209267037761b59811075,Competitor Skyline Partners launched NanoCore SDK,null,REST/JSON,1560078949163,"Global Solutions, Vertex Technologies",Premium,staging.orders -> reports,R98240003,South Korea,753150,web-10.dev.example.net,"[0.8483, 0.5209, 0.2818, 0.9825, 0.9047, 0.3395, 0.5709, 0.0134]",[CONFIDENTIAL] Formula #987,rejected,batch-20220310-82,SOAP/XML,gmail.com,rwx,Married,ISO-8859-1,USR-690753,true,batch-20240305-49,Lisinopril,7 years,[CONFIDENTIAL] Formula #349,9309791,CHF,Q4 2024: $54M projected,3.4.37
,6665-2586,SmartChoice,2022-12-05 18:03:03,https://example.com/users/0b2944fe/profile,GPL-3.0,POSIX,false,194.01,2020-07-16T07:26:09Z,experimental,logan.jackson,Kafka,BETWEEN 1 AND 100,status IN '2024',The customer account represents customer interactions.  The system includes operational metrics.,[INTERNAL] Q3 strategy review pending board approval,HOLD-2023-728,JSON,Active,"$9,866,862",2021-09-08T00:00:00Z,4.15.43,"$4,623,805",[CONFIDENTIAL] Formula #214,Major finding: data retention,[INTERNAL] Q1 strategy review pending board approval,99.334% uptime,2024-01-20T09:50:30Z,timeout_ms=694,NPR-3908,tenant-002,EMP-54146,rejected,amount,tenant-047,Connection timeout after 8670ms,23:23:09,[INTERNAL] Q3 strategy review pending board approval,2019-04-01 18:06:23,raw.users -> reports,2020-03-10 21:22:17,hr.employees,false,99.87% uptime,30 days,kubectl apply,NanoCore SDK,Apache-2.0,"Alpine Systems, Acme Corp, Meridian Health, TechCo Industries",tenant-008,20 days,HOLD-2023-122,CHECK (val > 0),E = mc²,"39 22 * * 0,6",USR-305420,ISO-8859-1,tenant=acme,41136.2,3 21 * * 1-5,analytics.events,max=6031,Hardware,mary.king,UTF-16,UNIQUE,no,2.4.52,docker run,input -> output,CDG,Observation: backup schedule,application/json,ISO-8859-1,"$5,372,510",2026-04-13 18:21:16,JSON,max_retries=666,https://example.com/data/docs/v2,EMP-52533,jessica.king,min=3789,2025-10-04T11:18:31Z,upsert,a2c520c179f17c0e3cb3ccdef586bc4fc1959884bb4cbf8ce73e4ddc3c4d6025,Competitor Meridian Health launched CloudGuard,false,SOAP/XML,1397872186638,"Vertex Technologies, Pacific Research Group, Alpine Systems, Global Solutions, Beacon Analytics",Premium,curated.users -> reports,D22193283,India,715574,app-20.staging.acme.com,"[0.6288, 0.6486, 0.1329, 0.1011, 0.7599, 0.4348, 0.4086, 0.7109]",[CONFIDENTIAL] Formula #291,active,batch-20261211-65,GraphQL,example.com,r-x,Married,ISO-8859-1,ORD-898679,false,batch-20200411-81,Aspirin,indefinite,[CONFIDENTIAL] Formula #116,TXN-821797,BRL,Q4 2026: $10M projected,2.5.90
,8607-8916,SmartChoice,,https://example.com/users/29dc0d79/profile,CC BY 4.0,RFC 3339,false,6917.49,2019-06-08 23:19:31,stable,ethan.martin,Snowflake,CHECK (val > 0),date = '2024',This record manages transaction histories.  This record represents transaction histories.  The system includes operational metrics.,[INTERNAL] Q1 strategy review pending board approval,HOLD-2021-877,BOOLEAN,Enabled,"$8,850,720",2025-12-10T00:00:00Z,5.13.68,"$7,029,729",[CONFIDENTIAL] Formula #617,Non-conformance: access control,[INTERNAL] Q1 strategy review pending board approval,99.192% uptime,,max_retries=670,NUL-7264,tenant-007,EMP-69320,cancelled,type,tenant-050,HTTP 503 Service Unavailable,05:25:18,[INTERNAL] Q3 strategy review pending board approval,2025-01-03 01:47:51,raw.events -> analytics,2022-01-03T09:26:01Z,public.users,'',99.437% uptime,7 days,GET /api/users,DataSync 3000,CC BY 4.0,"Catalyst Ventures, Skyline Partners, Acme Corp, Pioneer Software, Quantum Dynamics",tenant-036,352 days,HOLD-2022-152,UNIQUE,F = ma,38 20 * * *,ORD-532659,UTF-8,region=acme,13976.0,12 5 * * *,analytics.events,crit=771,Electronics,amy.thompson,ASCII,MATCHES '^[A-Z]+',1,0.7.12,GET /api/users,field_a -> output,JFK,Non-conformance: access control,text/html,ASCII,"$701,034",2024-12-25T18:19:45Z,JSON,batch_size=329,https://api.service.com/data/users/api,EMP-34392,james.miller,min=192,2020-04-18T03:05:29Z,insert,9103cafb96c682df07c5d0ed89bf975893fc8d4664509e3825f48eb5b7ae807f,Competitor Pacific Research Group launched SmartHub X1,1,REST/JSON,2737451953945,"Global Solutions, Catalyst Ventures, Meridian Health, Pioneer Software",Value pricing,raw.orders -> exports,Z17681878,France,659664,cache-9.dev.acme.com,"[0.2631, 0.9589, 0.2002, 0.2728, 0.9643, 0.8046, 0.4099, 0.9019]",[CONFIDENTIAL] Formula #331,completed,batch-20190115-98,GraphQL,gmail.com,admin,Widowed,ASCII,7519765,false,batch-20200522-65,Aspirin,indefinite,[CONFIDENTIAL] Formula #487,3409315,CNY,Q4 2024: $55M projected,2.20.86
,8913-6160,TechBrand,,https://example.com/users/db312036/profile,Apache-2.0,ISO 8601,false,6715.11,2018-11-25 01:27:18,experimental,william.davis,Snowflake,CHECK (val > 0),status > 'active',The system manages operational metrics.  The system tracks compliance records.,[INTERNAL] Q2 strategy review pending board approval,HOLD-2026-864,JSON,Enabled,"$519,383",2024-11-21T00:00:00Z,2.10.83,"$9,151,605",[CONFIDENTIAL] Formula #801,Major finding: data retention,[INTERNAL] Q2 strategy review pending board approval,99.271% uptime,2024-02-16T14:58:54Z,timeout_ms=506,NVT-7118,tenant-015,EMP-43718,failed,id,tenant-021,Connection timeout after 9678ms,02:00:24,[INTERNAL] Q1 strategy review pending board approval,2019-07-08T18:51:47Z,raw.users -> analytics,2024-10-13 01:59:51,analytics.events,CURRENT_TIMESTAMP,99.517% uptime,indefinite,GET /api/users,CloudGuard,MIT,"Pioneer Software, Skyline Partners, Meridian Health, Quantum Dynamics, Acme Corp",tenant-011,251 days,HOLD-2020-447,CHECK (val > 0),BMI = kg/m²,"5 7 * * 0,6",TXN-666229,UTF-16,dt=us-east,34801.1,"59 6 * * 0,6",analytics.events,max=2717,Food,john.martin,ASCII,CHECK (val > 0),true,4.16.32,GET /api/users,input -> output,CDG,Observation: backup schedule,application/pdf,UTF-8,"$9,012,567",2018-01-26 16:10:13,VARCHAR,timeout_ms=776,https://acme.org/docs,EMP-17818,mason.harris,max=560,2023-07-11T06:26:34Z,update,6a80db3dc00050660a9044728b297d776703ea93c85066ffaadb5e92e7a8cbee,Competitor Pioneer Software launched AuditTrail Plus,false,SOAP/XML,1560174229282,"Alpine Systems, Pacific Research Group",Cost-plus 25%,curated.orders -> analytics,J80265519,Australia,973325,web-13.prod.example.net,"[0.0338, 0.3594, 0.0198, 0.8783, 0.679, 0.4508, 0.8788, 0.5321]",[CONFIDENTIAL] Formula #582,rejected,batch-20230215-90,OpenAPI 3.0,example.com,write,Single,UTF-16,9788750,false,batch-20250323-26,Amoxicillin,30 days,[CONFIDENTIAL] Formula #182,7694595,EUR,Q1 2027: $36M projected,2.4.31
,1237-5144,EcoLine,,https://example.com/users/d9a4f738/profile,Apache-2.0,W3C Date,false,2214.99,2025-12-12T06:00:29Z,needs-review,susan.wright,Snowflake,UNIQUE,date = 'active',The customer account represents transaction histories.  The product tracks data processing activities.,[INTERNAL] Q3 strategy review pending board approval,HOLD-2026-161,TEXT,Active,"$5,599,276",2020-05-19T00:00:00Z,4.8.35,"$2,459,534",[CONFIDENTIAL] Formula #609,Non-conformance: access control,[INTERNAL] Q3 strategy review pending board approval,99.266% uptime,,timeout_ms=70,NIO-6848,tenant-004,EMP-42236,inactive,email,tenant-016,FileNotFoundError: 9968,09:14:19,[INTERNAL] Q3 strategy review pending board approval,2024-05-15T10:15:03Z,curated.events -> reports,2023-02-02 21:40:06,analytics.events,CURRENT_TIMESTAMP,99.494% uptime,1 year,POST /api/orders,VaultKeeper,BSD-3-Clause,"Pacific Research Group, Quantum Dynamics, Acme Corp, Global Solutions",tenant-014,309 days,HOLD-2026-265,MATCHES '^[A-Z]+',F = ma,42 23 * * 1-5,ID-253642,UTF-8,dt=acme,48269.1,"22 12 * * 0,6",hr.employees,min=7021,Clothing,sarah.thomas,UTF-16,UNIQUE,1,3.10.51,npm install,input -> output,NRT,Non-conformance: access control,application/json,UTF-8,"$7,175,592",2022-10-05T17:42:16Z,VARCHAR,max_retries=179,https://data.io/users/docs/users,EMP-16115,lucas.anderson,min=6601,2018-04-18T23:23:07Z,snapshot,78c63c9774c7723c494b9d75760d3265d5565656420c72e81ebf29cf1f62a3b7,Competitor TechCo Industries launched Sentinel Monitor,'',REST/JSON,9199584172621,"Pacific Research Group, Pioneer Software, Skyline Partners",Premium,curated.events -> analytics,L35509859,Mexico,225606,api-4.prod.acme.com,"[0.436, 0.0893, 0.403, 0.2738, 0.4153, 0.1879, 0.346, 0.5709]",[CONFIDENTIAL] Formula #683,pending,batch-20200208-98,SOAP/XML,company.com,execute,Single,ASCII,REC-470394,true,batch-20200831-68,Lisinopril,30 days,[CONFIDENTIAL] Formula #263,5362632,EUR,Q2 2024: $53M projected,0.17.67
,3859-4479,ProSeries,,https://example.com/users/57ec2d75/profile,MIT,IEEE 754,false,939.12,2025-04-25 04:26:01,high-priority,ethan.martin,Kafka,UNIQUE,type IN 'active',This record manages data processing activities.  The service includes compliance records.  This record tracks transaction histories.  The service manages transaction histories.,[INTERNAL] Q4 strategy review pending board approval,HOLD-2025-496,TEXT,Inactive,"$5,341,899",2026-03-26T00:00:00Z,2.10.24,"$6,676,371",[CONFIDENTIAL] Formula #633,Observation: backup schedule,[INTERNAL] Q1 strategy review pending board approval,99.275% uptime,,batch_size=535,ZDJ-3088,tenant-036,EMP-39230,cancelled,status,tenant-017,HTTP 503 Service Unavailable,08:01:19,[INTERNAL] Q2 strategy review pending board approval,2021-06-27 20:40:55,staging.users -> reports,2022-11-22 01:58:51,public.users,false,99.68% uptime,indefinite,kubectl apply,VaultKeeper,Apache-2.0,"Alpine Systems, Quantum Dynamics",tenant-049,136 days,HOLD-2021-300,CHECK (val > 0),E = mc²,48 4 * * 1-5,USR-349978,UTF-16,tenant=2024-01,32707.4,10 4 * * 1-5,sales.orders,min=1438,Food,olivia.garcia,UTF-8,BETWEEN 1 AND 100,false,3.18.92,kubectl apply,field_a -> output,ORD,Non-conformance: access control,text/html,UTF-8,"$2,697,264",2023-02-20T16:38:58Z,FLOAT,pool_size=239,https://example.com/data/users/docs,EMP-27455,jessica.lewis,crit=384,2024-01-14 10:23:15,insert,87bc61794fbfb15ca05cc24ae9c1a2602cf2786f2a51b641d83ffb27a3d34134,Competitor Quantum Dynamics launched Sentinel Monitor,1,gRPC/protobuf,1049890454968,"Meridian Health, Pacific Research Group, TechCo Industries, Alpine Systems, Catalyst Ventures",Value pricing,curated.orders -> analytics,C23425199,Sweden,351125,db-3.dev.example.net,"[0.5092, 0.9046, 0.0959, 0.2046, 0.724, 0.2368, 0.4211, 0.0068]",[CONFIDENTIAL] Formula #274,failed,batch-20200923-77,gRPC/protobuf,example.com,rw,Single,ASCII,1255621,false,batch-20220401-45,Metformin,30 days,[CONFIDENTIAL] Formula #812,7426188,CHF,Q1 2025: $53M projected,0.8.18
2023-11-03 03:01:07,7724-9388,ProSeries,2026-01-19T02:53:30Z,https://example.com/users/cc77fb51/profile,Apache-2.0,W3C Date,true,9611.6,2026-12-14T08:37:11Z,experimental,patricia.rodriguez,Snowflake,BETWEEN 1 AND 100,status > 'prod',This record monitors operational metrics.  The customer account manages compliance records.  This record represents customer interactions.  This record tracks compliance records.,[INTERNAL] Q2 strategy review pending board approval,HOLD-2023-834,BOOLEAN,Inactive,"$5,282,408",2018-03-02T00:00:00Z,1.1.96,"$6,444,904",[CONFIDENTIAL] Formula #976,Observation: backup schedule,[INTERNAL] Q4 strategy review pending board approval,99.565% uptime,,max_retries=283,CYX-2547,tenant-046,EMP-23117,active,email,tenant-019,NullPointerException at line 7396,19:31:08,[INTERNAL] Q4 strategy review pending board approval,2019-09-08 13:06:20,curated.orders -> analytics,2023-10-05T20:48:36Z,analytics.events,CURRENT_TIMESTAMP,99.256% uptime,30 days,docker run,DataSync 3000,Proprietary,"Acme Corp, Vertex Technologies, Pioneer Software, Meridian Health, DataCraft Inc",tenant-025,181 days,HOLD-2020-567,MATCHES '^[A-Z]+',BMI = kg/m²,5 20 * * *,6409248,UTF-16,region=2024-01,17221.3,16 5 * * 1-5,hr.employees,crit=3544,Electronics,harper.rodriguez,UTF-8,NOT NULL,no,5.14.6,npm install,input -> field_b,LAX,Observation: backup schedule,application/xml,UTF-16,"$6,106,011",2022-06-22T09:27:21Z,JSON,max_retries=898,https://acme.org/data/status/data,EMP-45259,jennifer.wright,crit=6239,2023-03-01 20:01:00,delete,3c9cba3cd0f3a3686550f804dcd31c20aa2a940de34a185cd22d123067fe7637,Competitor DataCraft Inc launched VaultKeeper,0,GraphQL,6247263037356,"TechCo Industries, Skyline Partners",Value pricing,raw.users -> exports,K43810789,Germany,698703,cache-18.dev.example.net,"[0.0789, 0.8616, 0.5987, 0.1008, 0.5312, 0.8251, 0.0471, 0.2548]",[CONFIDENTIAL] Formula #988,approved,batch-20260826-83,GraphQL,outlook.com,rw,Widowed,UTF-16,8589918,true,batch-20230623-60,Aspirin,30 days,[CONFIDENTIAL] Formula #966,ORD-299525,EUR,Q3 2026: $93M projected,0.11.88
,8475-9954,SmartChoice,,https://example.com/users/70cf8601/profile,Apache-2.0,POSIX,false,839.77,2021-02-11 11:50:50,experimental,emma.robinson,Salesforce,MATCHES '^[A-Z]+',date = '2024',The product tracks data processing activities.  The customer account represents transaction histories.,[INTERNAL] Q4 strategy review pending board approval,HOLD-2021-933,JSON,Active,"$1,219,044",2020-12-24T00:00:00Z,5.6.63,"$1,402,076",[CONFIDENTIAL] Formula #457,Non-conformance: access control,[INTERNAL] Q3 strategy review pending board approval,99.957% uptime,,timeout_ms=617,BDF-6348,tenant-019,EMP-22913,cancelled,created_at,tenant-012,Connection timeout after 8587ms,19:48:33,[INTERNAL] Q1 strategy review pending board approval,2020-12-23T12:56:01Z,curated.users -> exports,2020-04-08T11:07:12Z,public.users,'',99.827% uptime,indefinite,npm install,Widget Pro,GPL-3.0,"Skyline Partners, Pioneer Software, Pacific Research Group, Catalyst Ventures, Vertex Technologies",tenant-045,284 days,HOLD-2023-399,UNIQUE,E = mc²,37 9 * * *,TXN-742592,ASCII,dt=acme,44664.0,52 10 * * *,public.users,max=9054,Services,emma.moore,ASCII,CHECK (val > 0),no,3.19.13,npm install,field_a -> field_b,CDG,Major finding: data retention,application/pdf,UTF-8,"$412,280",2026-07-07 12:34:58,TEXT,timeout_ms=622,https://data.io/docs,EMP-60040,david.martin,crit=1051,2026-03-01T05:59:26Z,update,600554cfa5756e4e69d0e8b89480930e5355a9d942eea5d8e88ffd4c38e7bcc8,Competitor Global Solutions launched SmartHub X1,1,REST/JSON,1568244634952,"Beacon Analytics, Pacific Research Group, Skyline Partners",Value pricing,raw.orders -> analytics,A10854518,Mexico,305289,app-9.dev.acme.com,"[0.68, 0.8309, 0.0003, 0.1541, 0.3298, 0.1632, 0.9887, 0.9736]",[CONFIDENTIAL] Formula #836,active,batch-20250812-11,REST/JSON,acme.org,rwx,Divorced,ISO-8859-1,ORD-508542,false,batch-20251228-53,Amoxicillin,7 years,[CONFIDENTIAL] Formula #352,3665093,JPY,Q2 2024: $8M projected,2.13.81
,6137-3893,TechBrand,,https://example.com/users/2d0506d1/profile,GPL-3.0,RFC 3339,false,61.96,2023-09-04 08:20:55,approved,sarah.king,Salesforce,MATCHES '^[A-Z]+',date > 'active',The customer account includes customer interactions.  The system includes operational metrics.,[INTERNAL] Q4 strategy review pending board approval,HOLD-2026-799,FLOAT,Disabled,"$3,665,365",2025-08-02T00:00:00Z,2.12.52,"$6,494,385",[CONFIDENTIAL] Formula #968,Observation: backup schedule,[INTERNAL] Q3 strategy review pending board approval,99.528% uptime,,batch_size=33,AOY-5916,tenant-021,EMP-79126,rejected,created_at,tenant-029,Connection timeout after 4510ms,10:27:04,[INTERNAL] Q2 strategy review pending board approval,2021-04-21 23:42:37,raw.orders -> analytics,2025-07-18T22:13:31Z,sales.orders,1,99.898% uptime,1 year,GET /api/users,SmartHub X1,GPL-3.0,"TechCo Industries, Acme Corp, Skyline Partners, Beacon Analytics, Alpine Systems",tenant-010,308 days,HOLD-2020-426,CHECK (val > 0),E = mc²,2 21 * * 1-5,ORD-548290,UTF-16,dt=2024-01,22533.4,"27 3 * * 0,6",public.users,max=7352,Food,linda.taylor,UTF-8,MATCHES '^[A-Z]+',yes,2.0.69,kubectl apply,source_col -> field_b,SFO,Non-conformance: access control,application/json,UTF-8,"$3,634,593",2020-02-06T10:20:12Z,JSON,timeout_ms=36,https://acme.org/status,EMP-49596,emma.martinez,min=3706,2024-09-24T12:52:57Z,snapshot,1afec1249a9b380e8b11fd1a16c77ae152b209219e18e41afa77fe1f60c410b7,Competitor DataCraft Inc launched StreamLine ERP,'',SOAP/XML,8709871441604,"Vertex Technologies, Catalyst Ventures, Acme Corp",Market-based,staging.orders -> analytics,D78132758,Spain,522898,cache-4.dev.acme.com,"[0.4813, 0.5098, 0.7115, 0.9413, 0.1701, 0.0566, 0.2535, 0.5247]",[CONFIDENTIAL] Formula #402,rejected,batch-20240616-23,SOAP/XML,acme.org,rwx,Single,UTF-8,TXN-149952,true,batch-20260424-54,Lisinopril,7 days,[CONFIDENTIAL] Formula #483,6713262,EUR,Q2 2025: $97M projected,4.8.5
,9610-4531,ValueMax,,https://example.com/users/5e2ffec8/profile,Proprietary,RFC 3339,false,6029.42,2025-12-08T17:31:59Z,experimental,elizabeth.davis,Kafka,CHECK (val > 0),date < '2024',The product tracks compliance records.  The system includes operational metrics.  The product monitors data processing activities.,[INTERNAL] Q1 strategy review pending board approval,HOLD-2022-571,BOOLEAN,Enabled,"$6,479,148",2026-06-08T00:00:00Z,1.14.81,"$7,607,006",[CONFIDENTIAL] Formula #306,Major finding: data retention,[INTERNAL] Q2 strategy review pending board approval,99.483% uptime,2026-09-05 13:26:07,max_retries=887,IQH-9719,tenant-004,EMP-35197,completed,type,tenant-013,PermissionDenied: insufficient privileges,20:22:20,[INTERNAL] Q3 strategy review pending board approval,2024-07-15T09:01:17Z,curated.users -> reports,2018-08-21T10:34:40Z,hr.employees,1,99.259% uptime,30 days,GET /api/users,Sentinel Monitor,Proprietary,"Alpine Systems, Global Solutions, Catalyst Ventures",tenant-002,166 days,HOLD-2026-602,MATCHES '^[A-Z]+',PV = nRT,"13 5 * * 0,6",255504,Latin-1,tenant=acme,25352.4,58 13 * * *,sales.orders,min=4103,Clothing,logan.harris,UTF-8,NOT NULL,true,3.10.42,kubectl apply,field_a -> field_b,NRT,Major finding: data retention,application/pdf,UTF-8,"$7,352,334",2026-03-06 19:46:19,JSON,pool_size=524,https://example.com/api/docs,EMP-84516,lucas.thompson,crit=2840,2020-01-22 07:15:47,delete,ba4cd2f789cf5d3b766b734307817e05b1faaf1b8db3ded8b6b29d23cf56eb22,Competitor Acme Corp launched FlexPay Platform,false,REST/JSON,2592745863011,"TechCo Industries, Beacon Analytics",Market-based,curated.events -> reports,D71631380,Brazil,826953,db-5.staging.acme.com,"[0.4445, 0.6379, 0.229, 0.9221, 0.1284, 0.0392, 0.7479, 0.6403]",[CONFIDENTIAL] Formula #521,inactive,batch-20200828-87,gRPC/protobuf,yahoo.com,admin,Married,UTF-8,USR-910999,false,batch-20260121-83,Aspirin,7 days,[CONFIDENTIAL] Formula #898,2074613,EUR,Q4 2027: $46M projected,0.20.78
,7998-3411,SmartChoice,2024-03-28T18:49:01Z,https://example.com/users/791a3be7/profile,Apache-2.0,IEEE 754,false,6406.53,2023-05-23 02:47:48,approved,james.thomas,SAP,MATCHES '^[A-Z]+',status = 'prod',The customer account manages transaction histories.  The customer account represents compliance records.  The system represents data processing activities.  The product represents customer interactions.,[INTERNAL] Q2 strategy review pending board approval,HOLD-2021-337,TEXT,Disabled,"$36,680",2024-01-03T00:00:00Z,3.5.83,"$1,918,860",[CONFIDENTIAL] Formula #373,Observation: backup schedule,[INTERNAL] Q2 strategy review pending board approval,99.922% uptime,,max_retries=44,DFH-7753,tenant-031,EMP-57523,completed,name,tenant-019,FileNotFoundError: 1558,03:40:26,[INTERNAL] Q2 strategy review pending board approval,2019-01-18 07:06:10,raw.users -> reports,2023-07-07 19:23:35,hr.employees,'',99.811% uptime,30 days,docker run,Widget Pro,MIT,"Catalyst Ventures, Global Solutions",tenant-016,90 days,HOLD-2025-463,MATCHES '^[A-Z]+',E = mc²,"26 8 * * 0,6",2711735,UTF-8,region=acme,34250.6,50 20 * * *,analytics.events,min=1353,Software,amy.young,ASCII,BETWEEN 1 AND 100,false,2.9.54,docker run,source_col -> output,NRT,Observation: backup schedule,text/csv,UTF-16,"$5,943,036",2023-06-23 09:56:20,INTEGER,batch_size=971,https://data.io/status/docs,EMP-13185,logan.moore,crit=9250,2019-01-03T15:38:05Z,insert,0749cde4e2386bbd228250c284fcbc92f6669a82156db29a981def914e2204f5,Competitor Meridian Health launched Sentinel Monitor,'',SOAP/XML,7943837999020,"Skyline Partners, Pioneer Software",Value pricing,curated.orders -> exports,H71115925,Switzerland,209128,app-18.dev.example.net,"[0.2374, 0.8927, 0.2084, 0.025, 0.528, 0.0755, 0.863, 0.8019]",[CONFIDENTIAL] Formula #425,failed,batch-20210411-83,OpenAPI 3.0,example.com,rw,Widowed,Latin-1,1784166,false,batch-20231023-84,Ibuprofen,7 years,[CONFIDENTIAL] Formula #665,349009,INR,Q2 2026: $50M projected,3.18.85
