var_656,attr_date,c_pr,year,val_316,field_crea,dim_row_count,raw_log_message,startDate,DEVICE_TYPE,var_105,quarter_info,eml_domain,LOCATION_TEXT,pbdq25,x_fips,DATE,nxat98,desc,endDate,budget_allocation_info,START_DATE,browser_user_agent_22,END_DATE,d_nt,kxa34,columnFieldName,meta_lat,month_22,raw_vehicle_identification_number,mqafff23,bjhwdb16,CRON_SCHEDULE,startdt,jem43,film,val_cha,val_bq,decimal_float_v2,day_of_week_field,devtype,loctxt,currency_name_info,day_of_week,dateval,col_309,ekrahv2,dte_of_birth,rewy3,perm,quartile,f_month,x_889,user_date,dayOfWeek,site,month,score_index_38,eef88,query_search_text_30,attr_274,YEAR,mime_type_v2,f_pr,yearval,sla,meta_mon,data_type,cronval,dataType,browserUserAgent,postal_code_v2,BROWSER_USER_AGENT,payment_card_number_v2,vintage,duration,periodInterval,PERIOD_INTERVAL,timeOfDay,attr_onj,x_709,dim_drug_medication_name,body_text,p_rryw,SEC_CIK_NUMBER,score_index_v2,meashum,dim_phone_number,template_pattern_raw,channel_field,iot,val_def,attr_pres,effective_date,createdAt,user_device_type,status_code_raw,field_dln,x_bqr,score_index,stage,quarter,legal_hold,channel,user_transaction_amount,qllz31,enddt,f_293,data_lineage_22,attr_date_2
Sunday,2020-05-18T00:00:00Z,90.4,2025,Brave,elizabeth.robinson,4347,[ERROR] Cache miss for key 8059,2018-12-27,Wearable,55 5 * * *,Q1 2022,outlook.com,"Denver, Mexico",Infographic,44131,2024-08-15,42.22,The customer account includes compliance records.,2025-11-26,"$3,922,001",2023-09-06,Chrome,2024-10-04,Dear {{customer}},source_col -> target_col,amount,-10.727241,February,CFC0IRKALKKX2BR4H,fp_b3b437a5c22f05fb,7.92,42 19 * * 1-5,2020-01-03,"[0.1463, 0.6928, 0.434, -0.1428, -0.3021, -0.6544, -0.9272, -0.6703]",Interstellar,In-Store,Jan-Mar,5050.0523,Sunday,Desktop,"Dallas, Australia",Japanese Yen,Saturday,2026-05-21,GPL-3.0,Safari,08/26/1956,2002,rw,13.82,July,2022-10-23,2024-06-20,Wednesday,"Houston, Japan",October,2.74,Safari,SELECT * FROM users WHERE id = 'active',72.7,2008,application/pdf,09:25:34,2003,99.958% uptime,May,JSON,1 23 * * 1-5,FLOAT,Edge,81094,Chrome,5728-5972-8324-8076,2013,76698,2020-2025,FY 2025,08:05:19,8 2 * * 1-5,Social Media,Ibuprofen,The product manages data processing activities.  This record represents compliance records.  The system manages transaction histories.  The product represents data processing activities.,"$8,713,206",0009148071,4.7,79.1,384-897-9940,Order #{{id}},Mobile,Smart TV,A operational definition of compliance.,389.5,2023-06-09,2018-01-10T15:04:00Z,Tablet,completed,OH1188574,2004,6.43,In Review,Q3 2021,HOLD-2025-313,Social Media,"$56,066.65",Wednesday,2026-05-10,Q2 2020,staging.orders -> exports,2021-06-13
Tuesday,2018-04-22T00:00:00Z,62.3,1999,Chrome,john.martinez,34766,[WARN] Batch 1645 completed,2019-12-27,Smart TV,53 6 * * *,Q2 2026,outlook.com,"Miami, Australia",Video,35979,2020-10-15,84.91,The system includes customer interactions.,2022-12-13,"$3,168,290",2019-05-08,Safari,2021-10-04,Order #{{id}},input -> output,email,59.658359,May,MMFNLVOWMSQIRR7NT,fp_406bb08968a4bb3c,0.66,"16 22 * * 0,6",2022-12-02,"[0.3866, 0.3062, 0.1095, -0.0843, 0.4267, -0.3822, 0.7728, -0.4808]",The Matrix,Chat,H2 2023,5321.6109,Wednesday,Tablet,"San Francisco, Singapore",Swiss Franc,Monday,2026-03-28,Apache-2.0,Safari,11/20/1961,2017,rw,89.94,July,2021-07-07,2025-02-18,Tuesday,"Miami, Switzerland",August,9.23,Firefox,SELECT * FROM products WHERE type = 'pending',58.4,2022,application/pdf,12:06:13,2012,99.214% uptime,October,FLOAT,"27 7 * * 0,6",VARCHAR,Safari,UJ1 1HG,Edge,4893-7042-6834-1194,2001,18008,FY 2025,Q1 2024,04:17:34,17 22 * * *,In-Store,Lisinopril,The customer account monitors operational metrics.  The system manages data processing activities.  The customer account tracks data processing activities.  The product represents operational metrics.,"$5,632,841",0005645007,2.91,11.1,(800) 621-1100,Dear {{customer}},Web,Tablet,A formal definition of data quality.,114.6,2022-04-09,2022-03-09 05:18:53,IoT,completed,CA4961508,1995,3.27,Archived,Q4 2021,HOLD-2022-830,Chat,39729.77,Saturday,2018-07-30,Q4 2023,raw.orders -> exports,2018-07-13
Monday,2026-09-18T00:00:00Z,87.3,2019,Safari,noah.garcia,29084,[DEBUG] Batch 7217 completed,2022-03-30,Smart TV,"26 19 * * 0,6",Q2 2026,acme.org,"Phoenix, Japan",Podcast,44166,2021-04-07,6.74,The service represents operational metrics.,2023-10-10,"$3,134,070",2018-04-23,Safari,2021-06-14,Order #{{id}},field_a -> target_col,created_at,37.91492,November,7NKNF9Y46WA718JEG,fp_fc3307fdc0b1eff1,2.36,46 18 * * 1-5,2018-02-20,"[-0.1048, -0.2084, 0.0191, -0.0108, -0.3309, -0.2282, -0.2247, 0.7595]",Blade Runner,Web,H2 2023,8185.6707,Tuesday,Desktop,"Atlanta, Israel",Euro,Sunday,2019-06-18,MIT,Brave,06/18/1945,2026,read,64.3,February,2024-10-10,2026-05-27,Wednesday,"Boston, Israel",August,9.12,Firefox,SELECT * FROM orders WHERE type = 'active',40.7,2013,application/pdf,09:30:05,1993,99.448% uptime,December,FLOAT,"28 22 * * 0,6",BOOLEAN,Opera,88875,Edge,XXXX-XXXX-XXXX-0988,1995,5609,2020-2025,Q1 2024,05:44:29,"25 15 * * 0,6",Web,Lisinopril,The product monitors operational metrics.  The customer account monitors customer interactions.,"$8,088,949",0005530084,1.07,86.6,554 593 2066,{{date}} - {{event}},Mobile,IoT,A operational definition of risk.,1943.9,2022-08-31,2020-04-02T16:57:54Z,Mobile,completed,GA7035373,2021,9.15,In Review,Q2 2026,HOLD-2026-487,In-Store,"$43,265.59",Thursday,2021-01-19,Q3 2021,raw.users -> analytics,2019-02-25
Thursday,2023-09-26T00:00:00Z,49.5,1990,Safari,elizabeth.moore,62252,[WARN] Health check passed,2024-02-16,Wearable,"9 8 * * 0,6",Q2 2021,example.com,"Austin, Brazil",Image,50061,2023-03-30,42.39,The product manages data processing activities.,2019-08-25,"$329,841",2024-01-20,Firefox,2019-05-17,Hello {{name}},field_a -> target_col,status,87.181572,June,R6BXP2C1H7DRDPPZ8,fp_e2cbf3673f0bc37e,0.08,3 18 * * 1-5,2019-03-29,"[-0.6433, 0.5046, 0.376, -1.0513, 0.214, -0.073, -0.6442, 0.3934]",Interstellar,Social Media,Jan-Mar,4642.1264,Sunday,IoT,"Atlanta, United States",US Dollar,Friday,2020-06-24,CC BY 4.0,Edge,08-04-1950,2000,write,24.93,October,2026-04-25,2026-01-17,Tuesday,"Toronto, Israel",September,1.64,Chrome,SELECT * FROM products WHERE status = 'active',74.7,2024,application/json,09:41:30,2001,99.731% uptime,April,FLOAT,"3 21 * * 0,6",INTEGER,Safari,93812,Edge,3710-7512-9978-4340,2007,26711,H2 2023,2020-2025,07:10:10,"46 18 * * 0,6",Mobile,Metformin,This record includes customer interactions.  The service manages customer interactions.,"$2,948,091",0003887005,6.09,25.7,726-437-8993,Hello {{name}},In-Store,Wearable,A systematic definition of data quality.,623.7,2019-09-09,2024-11-24T23:47:32Z,Mobile,cancelled,CO4989829,1999,7.78,Deprecated,Q3 2024,HOLD-2020-239,Social Media,25405.66,Saturday,2019-07-15,Q3 2025,staging.users -> exports,2024-01-07
Monday,2019-08-20T00:00:00Z,11.5,2007,Opera,olivia.wright,55183,[ERROR] Batch 4394 completed,2023-06-18,IoT,"41 10 * * 0,6",Q3 2023,yahoo.com,"Chicago, Netherlands",Image,33654,2023-02-07,79.31,The service tracks customer interactions.,2025-07-23,"$1,899,831",2024-02-20,Brave,2018-08-30,Dear {{customer}},source_col -> field_b,name,-4.708746,December,P2J78PS90XXHTSBRZ,fp_1e4a19acec5bd236,1.08,38 6 * * 1-5,2024-07-10,"[-0.1287, -0.6458, -0.5497, 0.5866, -0.2281, -0.6535, -0.3336, -0.1107]",Blade Runner,Web,Jan-Mar,6706.6862,Thursday,IoT,"Miami, Singapore",Euro,Saturday,2018-06-10,Proprietary,Opera,11/11/1989,2020,r-x,4.87,April,2026-01-20,2018-08-22,Saturday,"Atlanta, Italy",February,8.2,Opera,SELECT * FROM users WHERE id = 'pending',57.3,2016,text/csv,13:34:37,1995,99.098% uptime,July,JSON,30 7 * * *,TEXT,Chrome,49408,Opera,5088-4482-2865-7099,2005,4916,Jan-Mar,H2 2023,09:44:10,5 11 * * 1-5,Social Media,Amoxicillin,This record tracks compliance records.  The service includes operational metrics.  The customer account includes compliance records.,"$701,524",0008665958,4.1,76.4,+15023164128,Order #{{id}},Web,Tablet,A systematic definition of compliance.,1942.5,2026-05-01,2023-11-17T04:27:23Z,IoT,cancelled,PA7894936,2007,7.51,Archived,Q1 2022,HOLD-2022-790,Phone,320.50,Saturday,2024-02-07,Q1 2020,curated.events -> exports,2019-05-17
Sunday,2020-05-15T00:00:00Z,31.9,2018,Firefox,noah.miller,49096,[ERROR] Cache miss for key 9341,2024-12-27,Smart TV,50 7 * * *,Q1 2023,outlook.com,"Dallas, United Kingdom",Image,19357,2020-01-12,61.01,The system tracks operational metrics.,2022-03-27,"$2,264,829",2022-05-30,Edge,2020-01-29,Hello {{name}},source_col -> field_b,status,49.264112,June,7S784OSEP72GNDEF8,fp_ce0a0a8d8fe39a86,7.92,49 23 * * *,2026-09-26,"[-0.2759, 0.5435, -0.2407, 0.8558, -0.5254, -0.0618, -0.291, 0.1826]",The Godfather,Social Media,FY 2025,2201.513,Thursday,IoT,"Tokyo, Switzerland",Japanese Yen,Friday,2022-06-25,Apache-2.0,Firefox,03-21-1987,2003,r-x,1.61,October,2023-08-08,2023-09-29,Sunday,"Berlin, Brazil",November,9.89,Firefox,SELECT * FROM users WHERE status = 'active',47.4,2021,application/pdf,22:48:13,1990,99.435% uptime,April,TEXT,13 9 * * 1-5,TEXT,Edge,80525,Brave,4376-3808-7046-8430,1999,67120,H2 2023,2020-2025,09:18:24,"43 12 * * 0,6",Web,Amoxicillin,The system represents customer interactions.  The service represents transaction histories.  The service monitors operational metrics.  The service includes operational metrics.,"$5,966,504",0002989393,7.39,79.8,(363) 240-3118,Hello {{name}},Mobile,Wearable,A formal definition of data quality.,1921.6,2019-08-05,2022-04-17 20:29:29,Mobile,active,MA1165375,2000,6.49,Draft,Q3 2026,HOLD-2025-479,Social Media,69131.31,Friday,2025-06-21,Q3 2022,staging.orders -> analytics,2019-02-16
Monday,2023-08-02T00:00:00Z,86.9,2019,Firefox,david.jones,4022,[INFO] Health check passed,2026-11-01,Tablet,10 15 * * *,Q4 2024,example.com,"Boston, India",Image,20292,2024-12-25,85.07,This record includes data processing activities.,2024-06-04,"$447,918",2020-05-28,Chrome,2019-04-28,Order #{{id}},source_col -> output,id,65.307335,September,NN7GD4K9R97KS24XT,fp_da1fed83d00762bb,5.84,44 13 * * *,2018-06-18,"[-0.2031, 0.0973, 0.4685, 0.3445, 0.1932, -0.1156, -0.0353, -0.6069]",The Godfather,Email,FY 2025,2584.7494,Friday,Mobile,"Tokyo, United Kingdom",British Pound,Wednesday,2020-03-01,BSD-3-Clause,Chrome,0007-12-1996,2026,admin,76.11,November,2019-07-08,2023-10-25,Saturday,"Miami, Sweden",November,1.43,Firefox,SELECT * FROM products WHERE id = 'active',76.6,2014,image/png,00:41:45,2025,99.045% uptime,April,FLOAT,20 2 * * *,TIMESTAMP,Firefox,46377,Chrome,5996-0820-9880-1120,2000,24217,Q1 2024,H2 2023,16:50:11,0 15 * * 1-5,Web,Ibuprofen,The service monitors transaction histories.  This record monitors data processing activities.,"$4,428,335",0008593170,6.17,81.4,+16787501760,Hello {{name}},Phone,IoT,A operational definition of compliance.,643.2,2022-09-22,2024-07-16 00:28:20,Tablet,inactive,MA5224770,2014,2.13,Deprecated,Q1 2022,HOLD-2026-821,Chat,91530.12,Friday,2024-01-08,Q2 2025,raw.events -> reports,2026-01-20
Monday,2018-02-14T00:00:00Z,33.9,2017,Brave,mason.johnson,69736,[DEBUG] Health check passed,2024-02-18,Smart TV,28 18 * * *,Q3 2024,company.com,"Portland, Italy",Image,39032,2018-05-15,86.69,The customer account represents transaction histories.,2020-12-24,"$42,710",2023-11-08,Brave,2022-07-15,Order #{{id}},source_col -> output,email,-86.832266,June,TDJDQJQFJ83R0YF1Z,fp_89492e467a4a1031,2.59,31 14 * * *,2020-01-03,"[0.093, -0.633, 0.7699, -0.0239, -0.4252, -0.1426, 0.0478, -0.0383]",Inception,Web,H2 2023,8508.9705,Tuesday,Mobile,"Paris, Brazil",Euro,Sunday,2022-06-07,MIT,Firefox,0004-07-1988,1995,r-x,98.92,July,2019-01-05,2024-02-26,Wednesday,"Phoenix, Italy",February,3.36,Brave,SELECT * FROM users WHERE type = '1',7.9,2022,application/json,23:07:39,2018,99.034% uptime,July,TIMESTAMP,"52 15 * * 0,6",VARCHAR,Safari,LB9 3AG,Firefox,XXXX-XXXX-XXXX-0848,2026,151,FY 2025,H2 2023,05:53:36,"3 20 * * 0,6",Phone,Ibuprofen,The system includes operational metrics.  The customer account manages customer interactions.  This record manages compliance records.,"$3,824,542",0003423620,4.11,21.2,477.966.2712,Hello {{name}},Web,Smart TV,A formal definition of compliance.,693.0,2026-06-26,2026-07-01T03:27:49Z,Wearable,completed,PA8045841,1990,4.48,Published,Q4 2020,HOLD-2025-763,Phone,"$16,208.09",Monday,2025-05-06,Q2 2022,staging.users -> exports,2022-03-04
Friday,2018-05-19T00:00:00Z,19.2,2022,Firefox,david.miller,544,[INFO] Request processed in 2383ms,2026-11-15,Desktop,11 8 * * 1-5,Q4 2020,outlook.com,"Atlanta, United Kingdom",Image,08465,2022-04-20,1.89,The product includes compliance records.,2024-02-22,"$2,906,723",2018-02-09,Firefox,2022-03-18,Order #{{id}},source_col -> target_col,status,16.359828,February,I5SKUHLXBD2OEGKP6,fp_1a6324ef00accc20,6.64,"34 4 * * 0,6",2020-01-12,"[-1.0222, -0.9634, -0.4053, 0.1418, 0.2298, 0.0919, 0.1668, 0.2322]",Blade Runner,In-Store,H2 2023,2685.4701,Saturday,Smart TV,"Houston, United States",US Dollar,Wednesday,2023-07-28,CC BY 4.0,Opera,12/07/1987,1990,rw,10.84,September,2019-12-13,2022-01-11,Friday,"London, Israel",July,4.16,Opera,SELECT * FROM users WHERE id = 'pending',28.4,2001,text/html,00:08:12,2025,99.086% uptime,November,BOOLEAN,30 7 * * 1-5,TIMESTAMP,Brave,KZ8 1BH,Firefox,3782-2298-8085-5565,2005,34629,2020-2025,Q1 2024,02:11:02,5 18 * * 1-5,Social Media,Metformin,The customer account includes transaction histories.  The service represents operational metrics.  This record tracks compliance records.  This record manages operational metrics.,"$1,139,330",0006689267,6.88,80.1,(531) 801-3140,Dear {{customer}},Mobile,Wearable,A operational definition of data quality.,1829.6,2018-04-09,2022-03-06 12:35:11,Mobile,completed,NC7990910,2002,6.9,Archived,Q4 2026,HOLD-2022-823,Social Media,23171.91,Friday,2020-10-21,Q4 2024,curated.events -> exports,2020-07-16
Friday,2026-02-07T00:00:00Z,36.5,2025,Brave,patricia.walker,50913,[WARN] Health check passed,2020-04-04,Desktop,"0 6 * * 0,6",Q4 2025,acme.org,"Tokyo, Sweden",Infographic,43733,2024-08-15,71.23,The system monitors transaction histories.,2021-10-28,"$4,976,588",2025-10-06,Chrome,2021-11-18,Order #{{id}},input -> target_col,id,42.597516,September,0IUKY8N9BPP4MQKBT,fp_cf33fd0160b6ab5c,8.7,"58 10 * * 0,6",2025-10-27,"[-0.0021, 0.0303, -0.3495, 0.5107, 0.1981, 0.4767, 0.3185, -0.0375]",Blade Runner,Email,Jan-Mar,2392.2942,Monday,Mobile,"Seattle, Brazil",Swiss Franc,Thursday,2023-10-30,Apache-2.0,Opera,03-19-1981,2016,admin,48.58,September,2022-03-13,2019-02-15,Saturday,"Chicago, India",March,3.25,Brave,SELECT * FROM users WHERE id = 'pending',2.4,2009,text/html,12:19:56,1998,99.85% uptime,October,JSON,16 18 * * 1-5,BOOLEAN,Opera,83899,Safari,4432-8549-4270-5702,1999,81862,H2 2023,FY 2025,13:06:43,10 12 * * *,In-Store,Metformin,The customer account represents data processing activities.  The system tracks data processing activities.  The customer account includes operational metrics.  The customer account tracks transaction histories.,"$9,244,802",0002294766,0.88,60.6,(467) 837-1770,Dear {{customer}},Email,Smart TV,A systematic definition of data quality.,1713.3,2024-07-13,2020-02-03 05:15:33,Wearable,pending,TX8531941,1997,6.53,Archived,Q2 2021,HOLD-2020-516,Chat,4858.14,Saturday,2021-06-26,Q4 2024,raw.events -> reports,2024-01-14
Friday,2024-07-09T00:00:00Z,14.6,1999,Edge,susan.young,25773,[DEBUG] Request processed in 3426ms,2026-04-17,Smart TV,24 13 * * *,Q1 2025,yahoo.com,"Sydney, Singapore",Podcast,38449,2018-05-05,71.88,The product monitors compliance records.,2023-11-21,"$4,054,226",2022-03-10,Edge,2023-01-21,Hello {{name}},input -> target_col,email,-39.972909,March,DBS5LIALVI1BVHQ73,fp_80916b973bf7bdb9,3.15,18 23 * * 1-5,2019-08-18,"[0.4484, -0.3658, -0.4671, 0.0101, 0.5723, -0.7785, -0.1959, -0.6991]",The Matrix,Chat,2020-2025,1241.3584,Thursday,Smart TV,"Boston, Germany",Japanese Yen,Tuesday,2018-08-04,BSD-3-Clause,Opera,11-13-1961,2000,read,81.62,August,2023-02-09,2018-03-12,Saturday,"Los Angeles, Brazil",June,7.9,Brave,SELECT * FROM users WHERE id = '1',33.7,1991,application/pdf,06:09:16,1996,99.622% uptime,September,TIMESTAMP,57 22 * * *,INTEGER,Safari,29526,Edge,5195-5831-7582-1520,2014,39659,FY 2025,Q1 2024,20:13:22,"35 5 * * 0,6",Email,Ibuprofen,The service represents data processing activities.  The service includes operational metrics.  The product represents customer interactions.,"$9,793,059",0006857618,8.93,90.4,707.249.9537,Order #{{id}},Web,IoT,A formal definition of data quality.,707.6,2020-01-05,2020-04-09 05:27:18,IoT,inactive,PA8169854,2002,4.06,Published,Q4 2021,HOLD-2024-456,Social Media,90115.09,Friday,2019-10-02,Q3 2025,raw.users -> exports,2018-12-14
Tuesday,2026-01-26T00:00:00Z,83.2,2025,Edge,aiden.anderson,45026,[INFO] Retry attempt 9015 of 3,2023-12-23,Wearable,"59 6 * * 0,6",Q4 2021,gmail.com,"Berlin, Spain",Video,39729,2024-01-22,35.7,The service manages compliance records.,2019-06-17,"$62,694",2021-10-08,Brave,2019-12-05,Hello {{name}},field_a -> target_col,email,-89.099109,May,0WQP121DWJK6ZEBTL,fp_b11b17c0fb7bf077,5.67,13 15 * * *,2020-03-19,"[0.3931, -0.5331, -0.6601, -0.1641, -0.5689, -0.6114, -0.7777, 0.678]",Inception,Phone,Q1 2024,7364.0802,Tuesday,Desktop,"New York, Singapore",US Dollar,Wednesday,2020-09-15,Apache-2.0,Firefox,11/20/1973,1996,read,30.12,August,2024-07-30,2024-01-03,Monday,"Seattle, India",January,6.43,Opera,SELECT * FROM users WHERE type = 'active',99.3,1993,image/png,05:34:00,2006,99.492% uptime,January,VARCHAR,32 15 * * *,TEXT,Opera,80288,Firefox,XXXX-XXXX-XXXX-7172,2006,21714,Jan-Mar,H2 2023,20:47:31,58 14 * * *,Web,Metformin,This record tracks transaction histories.  The service represents compliance records.  The customer account manages operational metrics.,"$8,253,237",0006816065,6.8,3.6,(460) 417-9752,Order #{{id}},Mobile,Smart TV,A systematic definition of compliance.,958.6,2022-07-04,2022-02-27 18:43:13,Mobile,pending,GA5140965,1997,7.01,Draft,Q2 2025,HOLD-2023-601,Mobile,"$30,411.70",Monday,2025-02-16,Q3 2025,staging.events -> reports,2020-12-30
Tuesday,2025-09-26T00:00:00Z,43.5,2021,Brave,oliver.harris,84507,[WARN] Request processed in 8016ms,2024-10-07,Mobile,"16 10 * * 0,6",Q2 2020,example.com,"Tokyo, Sweden",Video,10161,2020-08-05,73.89,The service tracks compliance records.,2026-03-08,"$2,014,214",2026-06-24,Firefox,2025-05-10,{{date}} - {{event}},input -> output,email,-79.976447,March,3LIN09VN3VIXYJASP,fp_a39c49821fdeeb6b,9.85,30 18 * * *,2019-04-01,"[0.1849, 0.2464, 0.2478, 0.2971, -0.4702, -0.1327, 0.7307, -0.3443]",The Matrix,Email,Q1 2024,9715.4053,Tuesday,IoT,"Los Angeles, Sweden",Japanese Yen,Monday,2024-02-17,GPL-3.0,Brave,03-02-1992,2005,rwx,35.0,August,2026-10-20,2022-06-16,Wednesday,"New York, Canada",January,8.86,Brave,SELECT * FROM orders WHERE id = 'active',37.9,2004,application/pdf,16:26:53,2001,99.471% uptime,December,TIMESTAMP,42 9 * * 1-5,FLOAT,Firefox,22776,Edge,5648-7736-5163-6143,2006,62428,Jan-Mar,FY 2025,04:31:04,30 23 * * 1-5,Chat,Lisinopril,The product represents transaction histories.  The system monitors compliance records.  This record includes transaction histories.  This record monitors compliance records.,"$6,657,146",0008391525,6.14,60.2,(975) 369-7032,Dear {{customer}},Mobile,Tablet,A systematic definition of risk.,1775.2,2022-08-17,2022-04-13 13:29:28,Tablet,completed,FL4920688,2018,2.96,Archived,Q2 2023,HOLD-2020-125,In-Store,"$90,266.79",Monday,2020-05-27,Q3 2023,staging.events -> analytics,2024-09-25
Thursday,2018-06-16T00:00:00Z,31.2,2014,Firefox,jessica.miller,20111,[ERROR] Cache miss for key 3098,2024-01-03,Tablet,"30 23 * * 0,6",Q1 2020,acme.org,"Boston, Spain",Podcast,09878,2024-08-03,49.97,The system represents operational metrics.,2023-11-11,"$3,022,814",2023-01-18,Brave,2023-09-15,Hello {{name}},source_col -> output,created_at,77.320403,December,69M44SBPI2D9Q1MFO,fp_cc0437c460ebcd90,1.6,52 23 * * *,2024-12-04,"[-0.2976, 0.0589, -0.0675, 0.218, -0.2665, 0.8986, -0.3128, 0.5987]",Inception,Social Media,FY 2025,9699.094,Monday,IoT,"Houston, Netherlands",Swiss Franc,Saturday,2026-05-14,Proprietary,Opera,09/13/1962,1997,admin,79.38,September,2023-06-26,2026-10-21,Monday,"San Francisco, Japan",September,2.61,Firefox,SELECT * FROM orders WHERE type = '1',42.2,1993,application/json,03:30:33,1996,99.852% uptime,March,INTEGER,29 21 * * *,FLOAT,Edge,WA6 9US,Opera,XXXX-XXXX-XXXX-0534,2022,80892,Q1 2024,H2 2023,10:14:23,17 3 * * 1-5,Web,Amoxicillin,The system monitors compliance records.  The service manages customer interactions.  The system tracks customer interactions.  The service monitors transaction histories.,"$2,765,413",0003996367,1.4,86.6,452-658-2436,Hello {{name}},Chat,Desktop,A formal definition of risk.,1458.1,2022-03-16,2026-12-10 07:43:00,Tablet,pending,PA6180260,1991,3.59,Draft,Q2 2026,HOLD-2026-117,Social Media,25192.07,Friday,2024-07-04,Q1 2025,curated.users -> analytics,2018-11-29
Wednesday,2025-03-13T00:00:00Z,53.3,2006,Firefox,emma.miller,32347,[WARN] Batch 3004 completed,2020-11-27,Wearable,46 18 * * *,Q4 2021,acme.org,"San Francisco, India",Podcast,56162,2024-11-24,49.38,The service monitors transaction histories.,2022-05-02,"$3,506,489",2020-05-13,Opera,2026-09-15,Hello {{name}},source_col -> field_b,name,75.974133,August,ZQ95VD5SA0550H27Q,fp_e663e718bf2c6cf1,5.64,13 0 * * *,2025-06-27,"[0.4893, 0.3881, -0.2851, 0.4219, 0.5946, -0.2562, 0.3169, 0.4567]",Blade Runner,Phone,FY 2025,4231.234,Tuesday,Desktop,"Phoenix, United Kingdom",Japanese Yen,Sunday,2025-11-25,Proprietary,Edge,02-23-2000,2001,execute,11.23,May,2018-12-27,2023-09-01,Tuesday,"Boston, Netherlands",May,8.33,Safari,SELECT * FROM users WHERE type = '1',68.1,2000,application/xml,14:21:03,2022,99.042% uptime,November,TEXT,37 18 * * 1-5,TEXT,Chrome,39419,Edge,5136-1003-8742-2648,1993,83270,Jan-Mar,Jan-Mar,13:32:56,"25 7 * * 0,6",Web,Amoxicillin,This record tracks compliance records.  The service tracks operational metrics.  The customer account tracks customer interactions.  The service represents operational metrics.,"$3,415,748",0001463534,6.57,8.4,534.778.8156,Order #{{id}},In-Store,Wearable,A systematic definition of risk.,58.8,2021-03-23,2019-03-10 06:18:05,Wearable,rejected,OH8432319,2014,5.58,Deprecated,Q4 2022,HOLD-2026-617,Mobile,"$8,486.03",Thursday,2026-07-02,Q3 2023,raw.events -> analytics,2023-01-23
Wednesday,2018-02-17T00:00:00Z,92.8,2000,Brave,emily.king,29587,[INFO] Cache miss for key 7733,2018-01-05,Wearable,51 12 * * 1-5,Q4 2026,company.com,"Austin, Singapore",Infographic,10183,2025-04-12,93.24,The system monitors data processing activities.,2022-06-08,"$3,198,305",2022-05-29,Edge,2019-05-28,Order #{{id}},input -> output,amount,47.34264,November,DI1JR3LCO20THSSEX,fp_6f4058cf3cfc86b6,4.1,50 4 * * 1-5,2023-08-25,"[-0.0109, -0.3689, 0.7558, 0.9075, 0.9583, -0.8836, 0.8846, -0.4455]",Inception,Social Media,Jan-Mar,3213.1945,Wednesday,Wearable,"Portland, France",US Dollar,Tuesday,2020-08-07,MIT,Edge,06-19-1960,2000,rwx,24.86,May,2021-12-17,2024-11-24,Thursday,"Paris, Italy",January,7.2,Edge,SELECT * FROM users WHERE type = 'pending',54.5,2018,application/xml,19:01:40,2008,99.079% uptime,June,TIMESTAMP,51 7 * * 1-5,FLOAT,Safari,81655,Firefox,XXXX-XXXX-XXXX-0055,2022,24355,2020-2025,H2 2023,14:08:38,24 9 * * 1-5,Mobile,Amoxicillin,This record monitors transaction histories.  This record includes customer interactions.  The system includes compliance records.  This record manages customer interactions.,"$4,535,379",0009259007,3.04,67.4,710.581.5750,Hello {{name}},Social Media,Tablet,A formal definition of data quality.,1707.0,2026-12-05,2019-09-22T01:56:48Z,Desktop,failed,TX3309086,2009,8.58,Published,Q3 2023,HOLD-2022-264,Mobile,"$16,250.66",Friday,2019-09-06,Q1 2021,staging.orders -> reports,2018-01-10
Tuesday,2026-04-14T00:00:00Z,36.4,2002,Brave,michael.williams,74522,[DEBUG] Retry attempt 4305 of 3,2024-06-05,Tablet,23 19 * * 1-5,Q2 2024,example.com,"Austin, Italy",Article,37352,2025-03-31,46.94,The service manages operational metrics.,2022-10-14,"$958,286",2024-03-19,Edge,2025-04-07,Hello {{name}},source_col -> field_b,id,80.016083,May,OSNIGWRTXVWA41M6X,fp_b8b890823517619d,7.9,56 2 * * 1-5,2024-01-18,"[0.2319, 0.3989, 0.0064, -0.021, 0.0859, -0.6292, -0.6185, -0.1003]",Blade Runner,Email,H2 2023,3113.102,Friday,Mobile,"Houston, Italy",Swiss Franc,Sunday,2023-04-22,GPL-3.0,Safari,0005-02-1951,2015,read,85.34,September,2024-02-03,2020-11-30,Friday,"Seattle, United Kingdom",March,5.05,Edge,SELECT * FROM orders WHERE type = '1',9.8,2022,application/pdf,06:14:08,1998,99.002% uptime,September,VARCHAR,"12 0 * * 0,6",VARCHAR,Opera,63545,Opera,5674-1893-3715-3178,2009,106,Jan-Mar,Q1 2024,19:51:16,52 8 * * 1-5,In-Store,Metformin,The service tracks data processing activities.  This record manages customer interactions.  The customer account manages data processing activities.,"$6,222,606",0004820032,2.39,68.0,+17308448038,Order #{{id}},Chat,IoT,A operational definition of risk.,1439.6,2023-05-03,2023-05-26 13:49:39,Wearable,completed,NC8001433,2015,8.83,In Review,Q4 2026,HOLD-2021-859,Phone,74546.32,Monday,2018-12-26,Q1 2020,curated.users -> exports,2022-12-07
Tuesday,2019-08-26T00:00:00Z,35.0,1991,Opera,william.smith,76835,[INFO] Request processed in 6848ms,2020-07-19,Wearable,"1 1 * * 0,6",Q1 2021,company.com,"Portland, Australia",Article,07261,2026-03-08,72.21,The service includes operational metrics.,2023-03-22,"$1,843,454",2022-09-18,Brave,2019-06-11,Order #{{id}},input -> output,email,-47.67063,November,GVUNJDD6IHS95DNSC,fp_cb7a7a231b9008f1,1.88,"9 17 * * 0,6",2023-08-18,"[-0.6735, 0.578, -0.2771, 0.0067, -0.1524, -0.4491, 0.4173, 0.1275]",The Godfather,Social Media,2020-2025,1251.5919,Friday,Smart TV,"Dallas, Singapore",Japanese Yen,Saturday,2021-02-15,Apache-2.0,Opera,08-06-1961,2018,read,48.4,December,2026-11-02,2022-12-27,Sunday,"Paris, South Korea",June,0.92,Chrome,SELECT * FROM products WHERE status = 'pending',16.4,2009,text/csv,08:09:09,1992,99.851% uptime,May,INTEGER,"41 19 * * 0,6",INTEGER,Opera,MY4 4CB,Brave,XXXX-XXXX-XXXX-4550,2014,47667,Q1 2024,H2 2023,08:15:54,58 13 * * 1-5,In-Store,Aspirin,The system represents operational metrics.  The system includes customer interactions.  The system represents compliance records.,"$2,378,457",0001826359,1.58,22.2,916-252-1969,{{date}} - {{event}},Email,Tablet,A formal definition of risk.,1846.5,2018-07-14,2022-11-26T19:46:51Z,Smart TV,failed,MA4920129,2024,5.12,Draft,Q3 2025,HOLD-2026-962,Mobile,"$28,679.52",Sunday,2019-09-18,Q4 2021,curated.orders -> analytics,2018-08-03
Sunday,2019-08-23T00:00:00Z,85.9,1996,Safari,emma.williams,6348,[INFO] Batch 1432 completed,2018-03-27,IoT,"56 11 * * 0,6",Q4 2025,yahoo.com,"Atlanta, Mexico",Video,47919,2022-04-16,32.12,The service manages compliance records.,2021-10-08,"$4,190,096",2024-01-13,Edge,2020-05-24,{{date}} - {{event}},input -> output,name,-41.559424,August,YA3I30S55I09H08AC,fp_cd10b02871190d79,7.84,"29 18 * * 0,6",2024-02-19,"[-0.071, 0.7705, 0.378, -0.3421, -0.5826, -0.5148, 0.7658, 0.6233]",Interstellar,Phone,Q1 2024,-536.7266,Wednesday,Smart TV,"Berlin, Germany",Swiss Franc,Wednesday,2019-08-08,Proprietary,Firefox,06/09/1958,1993,rw,57.08,May,2019-04-24,2026-12-06,Wednesday,"Boston, Germany",April,6.13,Brave,SELECT * FROM orders WHERE status = '1',22.6,2017,application/xml,03:36:15,2019,99.381% uptime,July,JSON,"6 6 * * 0,6",BOOLEAN,Firefox,DU8 8YZ,Opera,6011-7090-6952-6707,2005,8214,FY 2025,Jan-Mar,07:34:45,"49 13 * * 0,6",Web,Amoxicillin,The customer account represents data processing activities.  The customer account tracks transaction histories.,"$1,105,425",0004165926,9.32,18.9,272.652.5317,Dear {{customer}},Social Media,Wearable,A systematic definition of compliance.,1545.5,2018-03-10,2020-08-05T15:03:32Z,Smart TV,active,CA6085333,2001,2.0,Archived,Q1 2024,HOLD-2021-503,Chat,67731.96,Thursday,2020-06-30,Q3 2022,raw.events -> reports,2020-02-20
Friday,2024-07-22T00:00:00Z,42.8,2025,Safari,jessica.rodriguez,3196,[WARN] Health check passed,2026-02-09,Mobile,"55 20 * * 0,6",Q2 2025,yahoo.com,"Portland, Canada",Podcast,27275,2023-04-04,82.97,The product includes compliance records.,2020-07-17,"$4,062,675",2026-08-27,Edge,2025-04-10,{{date}} - {{event}},source_col -> output,type,-1.111756,September,RXQNFGL9X8MMCZ3L2,fp_2c29ae65ed52fbaa,3.87,58 20 * * *,2023-10-23,"[-0.5875, -0.8865, -0.1261, 0.0444, 0.3826, 0.9295, 0.0725, -0.1204]",Blade Runner,Mobile,H2 2023,8810.6899,Sunday,Wearable,"Toronto, Singapore",US Dollar,Friday,2018-10-04,CC BY 4.0,Chrome,07-17-1999,2025,rwx,74.78,December,2024-11-08,2020-11-06,Friday,"Toronto, Singapore",January,9.83,Opera,SELECT * FROM orders WHERE type = 'pending',22.8,2006,image/png,10:17:37,1995,99.926% uptime,April,JSON,44 15 * * *,FLOAT,Safari,AX3 2NO,Brave,4415-1718-6391-1251,2008,49695,H2 2023,2020-2025,11:30:01,0 1 * * *,Chat,Ibuprofen,The system manages compliance records.  The system monitors data processing activities.  The service tracks data processing activities.  The system tracks data processing activities.,"$323,433",0000959417,4.85,73.8,+13565912760,Hello {{name}},In-Store,Desktop,A operational definition of compliance.,1081.4,2021-02-01,2018-05-06T03:12:37Z,Mobile,failed,WA5674821,2016,2.24,Archived,Q2 2022,HOLD-2020-259,Email,89703.55,Tuesday,2021-09-30,Q3 2022,curated.users -> reports,2020-06-24
Friday,2026-12-13T00:00:00Z,84.4,2012,Opera,david.thompson,60641,[ERROR] Batch 4540 completed,2025-03-06,IoT,5 14 * * 1-5,Q3 2022,example.com,"London, South Korea",Video,21609,2024-05-10,93.32,The system manages compliance records.,2021-09-03,"$4,816,105",2026-08-25,Brave,2022-03-15,{{date}} - {{event}},input -> target_col,type,-75.460592,November,6UTO9T6X9J5YM33HV,fp_1c0dadc2a882eca0,1.74,36 8 * * *,2023-11-10,"[0.5218, 1.227, 0.1138, 0.999, -0.0397, 0.7085, 0.3018, 0.1283]",Blade Runner,Email,H2 2023,3090.0858,Saturday,IoT,"Boston, Netherlands",US Dollar,Saturday,2021-06-06,MIT,Safari,09-06-1978,1995,admin,56.79,October,2020-10-16,2020-06-14,Saturday,"Miami, Israel",February,3.31,Chrome,SELECT * FROM orders WHERE status = 'active',22.5,1994,application/pdf,05:33:28,2017,99.72% uptime,January,VARCHAR,"55 5 * * 0,6",TEXT,Brave,26982,Safari,XXXX-XXXX-XXXX-5675,1997,11358,Jan-Mar,H2 2023,08:13:58,37 8 * * *,Web,Metformin,The service manages data processing activities.  The system monitors compliance records.  This record represents transaction histories.  The service represents customer interactions.,"$1,558,591",0009869384,3.75,31.6,(211) 762-7777,Dear {{customer}},Mobile,Tablet,A formal definition of risk.,1547.1,2024-01-15,2026-03-21T16:58:33Z,Smart TV,pending,MA2397863,2012,8.59,In Review,Q4 2020,HOLD-2025-471,Chat,26984.08,Tuesday,2022-06-23,Q3 2024,curated.orders -> exports,2020-08-13
Thursday,2025-10-09T00:00:00Z,25.0,2015,Safari,linda.lee,13132,[DEBUG] Cache miss for key 4278,2024-10-01,Smart TV,49 15 * * *,Q4 2021,example.com,"New York, Switzerland",Podcast,42397,2020-07-21,54.12,The system manages transaction histories.,2023-11-28,"$4,659,474",2018-03-29,Opera,2018-07-09,Dear {{customer}},input -> field_b,amount,43.641885,December,YTZUSR8U2V12P6CC2,fp_cf3dab8055c27f47,6.76,12 14 * * *,2018-12-18,"[-0.0946, 0.0189, 0.1395, -0.1358, -0.2568, -0.3961, -0.871, -0.0464]",The Matrix,Email,2020-2025,8476.7723,Saturday,Mobile,"Denver, South Korea",British Pound,Friday,2020-05-15,BSD-3-Clause,Chrome,0006-19-1969,2001,r-x,54.78,February,2022-11-14,2024-01-05,Monday,"Austin, Italy",January,9.81,Safari,SELECT * FROM users WHERE status = '1',89.1,1996,application/pdf,23:40:22,1998,99.547% uptime,August,VARCHAR,1 9 * * 1-5,JSON,Opera,KZ5 8KZ,Brave,6011-8291-5462-3920,1990,49503,2020-2025,Q1 2024,13:21:23,"17 10 * * 0,6",Chat,Lisinopril,The service includes customer interactions.  The service monitors customer interactions.,"$6,564,690",0003061087,8.12,40.0,601 352 8995,Order #{{id}},Phone,Smart TV,A operational definition of data quality.,614.9,2023-03-14,2022-05-28T06:19:07Z,Tablet,rejected,WA9550662,2019,7.3,In Review,Q3 2021,HOLD-2025-272,Web,"$42,835.36",Tuesday,2020-03-14,Q3 2020,staging.events -> analytics,2026-04-27
Friday,2024-03-31T00:00:00Z,47.4,2013,Chrome,harper.clark,10231,[ERROR] Request processed in 4017ms,2024-04-22,Mobile,18 2 * * 1-5,Q4 2025,yahoo.com,"Boston, Norway",Infographic,53508,2023-03-30,12.56,This record manages data processing activities.,2026-08-27,"$1,161,723",2026-09-27,Firefox,2025-06-18,Order #{{id}},input -> target_col,amount,-42.986438,June,9WXXON0VKML1O59WO,fp_b78371dccb892f4c,6.65,51 14 * * *,2018-11-14,"[-0.3879, 0.2625, 0.6574, 0.0213, -0.2447, -0.0183, 0.4075, 0.7675]",Interstellar,In-Store,Jan-Mar,6470.5503,Wednesday,Wearable,"Sydney, Sweden",US Dollar,Sunday,2021-02-16,Proprietary,Safari,08/27/1979,2022,rwx,45.41,March,2019-08-19,2021-02-03,Monday,"Chicago, France",July,2.7,Chrome,SELECT * FROM users WHERE id = '1',82.8,2001,text/csv,00:46:07,2016,99.948% uptime,June,BOOLEAN,"55 7 * * 0,6",FLOAT,Brave,RN6 9ZQ,Chrome,4220-2643-1136-2339,1991,47841,Q1 2024,Jan-Mar,12:29:25,24 5 * * *,In-Store,Aspirin,The service represents customer interactions.  The service represents transaction histories.  The product includes transaction histories.  The service represents data processing activities.,"$6,125,704",0002543342,2.84,73.7,803 577 9780,{{date}} - {{event}},Social Media,Smart TV,A formal definition of compliance.,841.1,2018-08-14,2025-09-07 06:15:29,Mobile,inactive,IL2638697,2018,1.28,Draft,Q2 2022,HOLD-2020-152,Social Media,"$43,976.07",Friday,2019-02-12,Q3 2022,curated.users -> exports,2026-02-04
Sunday,2025-06-20T00:00:00Z,50.6,2006,Edge,emma.thomas,91879,[INFO] Retry attempt 9191 of 3,2022-02-23,Mobile,31 22 * * 1-5,Q4 2025,yahoo.com,"Portland, Canada",Article,46406,2022-05-14,90.6,The customer account represents data processing activities.,2024-11-01,"$1,361,974",2025-07-12,Edge,2019-11-29,Dear {{customer}},source_col -> target_col,email,-20.243572,April,P76DGDK097KONOCMJ,fp_37a9edff3f9fdf7d,0.33,12 5 * * 1-5,2025-09-14,"[-0.0568, -0.0269, 0.8595, -0.3083, 0.1317, -0.5241, 0.1523, -0.632]",Blade Runner,Mobile,H2 2023,9955.1286,Sunday,Tablet,"Austin, Sweden",US Dollar,Monday,2026-08-14,GPL-3.0,Firefox,11/05/1970,2005,read,29.18,November,2025-09-27,2023-09-25,Sunday,"Denver, Israel",May,2.23,Opera,SELECT * FROM products WHERE type = 'pending',27.2,2022,application/json,05:31:21,2009,99.509% uptime,April,JSON,"1 1 * * 0,6",TEXT,Firefox,LB1 6EO,Chrome,XXXX-XXXX-XXXX-5517,2023,23039,2020-2025,Jan-Mar,06:47:14,53 18 * * *,Phone,Ibuprofen,The service includes operational metrics.  The system tracks customer interactions.  The system includes data processing activities.,"$1,983,749",0007925968,3.07,65.8,476 685 5236,Hello {{name}},Web,Mobile,A formal definition of compliance.,614.3,2023-08-24,2024-11-27 19:09:38,Wearable,rejected,GA5458650,2015,1.45,Deprecated,Q1 2026,HOLD-2024-713,Mobile,2941.01,Friday,2025-12-09,Q2 2026,staging.users -> exports,2022-09-22
Wednesday,2023-06-30T00:00:00Z,17.5,2007,Safari,anna.miller,71190,[DEBUG] Cache miss for key 5037,2022-01-11,Smart TV,"24 19 * * 0,6",Q4 2021,example.com,"London, France",Image,21790,2019-03-24,19.01,The service monitors data processing activities.,2026-04-19,"$1,570,812",2026-11-21,Safari,2021-12-15,{{date}} - {{event}},source_col -> output,id,64.692235,December,2E6XC713EJHDO49IA,fp_c0f9919391e98baa,8.1,21 23 * * *,2023-08-20,"[0.473, -0.7824, 0.3085, -0.6502, -0.3393, 0.8996, 0.9226, 0.2374]",Interstellar,Mobile,2020-2025,7640.53,Tuesday,Smart TV,"Atlanta, Sweden",US Dollar,Sunday,2026-12-16,Apache-2.0,Brave,04-16-1994,2005,read,19.06,February,2021-06-17,2022-02-04,Sunday,"San Francisco, Spain",March,6.23,Edge,SELECT * FROM users WHERE status = 'pending',74.6,1990,application/xml,16:08:45,2015,99.043% uptime,September,VARCHAR,"18 14 * * 0,6",VARCHAR,Chrome,40773,Safari,XXXX-XXXX-XXXX-4404,1992,37973,H2 2023,Jan-Mar,06:41:34,40 4 * * 1-5,Phone,Metformin,The service tracks compliance records.  The service tracks customer interactions.  The product includes operational metrics.,"$9,807,725",0001210204,6.41,27.7,+14155182331,{{date}} - {{event}},Web,Smart TV,A systematic definition of compliance.,609.8,2026-09-26,2025-01-04T02:35:38Z,IoT,pending,PA4879263,2019,5.79,Published,Q1 2024,HOLD-2021-981,Email,"$96,873.68",Wednesday,2020-04-30,Q4 2024,curated.users -> analytics,2019-04-09
Tuesday,2019-11-20T00:00:00Z,66.3,2018,Brave,john.thomas,18856,[WARN] Connection established to 7322,2024-03-16,Wearable,"32 18 * * 0,6",Q2 2026,gmail.com,"Seattle, Israel",Video,18732,2025-01-01,48.35,The system tracks customer interactions.,2024-11-07,"$140,850",2019-05-23,Chrome,2025-11-13,Order #{{id}},field_a -> output,type,64.37424,April,AW4FQ9QK2PUWT5DQO,fp_e0114bbdf0be2c3c,4.07,"51 6 * * 0,6",2024-04-02,"[-0.1921, -0.2606, 0.3411, 1.0718, 0.156, 0.5774, -0.0329, -0.7045]",Blade Runner,Mobile,2020-2025,5712.8663,Monday,Desktop,"San Francisco, Germany",Japanese Yen,Thursday,2020-06-25,CC BY 4.0,Safari,07/11/1955,2004,rw,38.98,March,2024-09-14,2018-07-10,Tuesday,"Berlin, Netherlands",October,2.39,Brave,SELECT * FROM orders WHERE id = 'pending',90.6,2003,application/json,19:14:10,2007,99.32% uptime,July,TEXT,"20 14 * * 0,6",VARCHAR,Safari,42333,Brave,4992-6612-2186-7418,1995,9041,H2 2023,2020-2025,22:32:34,"26 20 * * 0,6",In-Store,Amoxicillin,The service includes transaction histories.  This record includes customer interactions.  The system manages compliance records.,"$182,436",0007746200,3.87,44.1,(531) 505-8531,Hello {{name}},Mobile,Mobile,A systematic definition of risk.,343.1,2025-10-05,2024-02-11 16:56:17,Mobile,active,NC3105032,2021,2.21,Published,Q4 2022,HOLD-2026-356,Mobile,79139.12,Wednesday,2024-05-27,Q1 2021,raw.users -> exports,2018-03-13
Sunday,2025-09-14T00:00:00Z,67.6,1996,Edge,aiden.wright,60133,[ERROR] Retry attempt 2937 of 3,2026-06-11,Mobile,28 12 * * *,Q4 2022,outlook.com,"Toronto, Brazil",Image,08076,2019-04-16,14.37,The product monitors transaction histories.,2018-08-25,"$4,043,312",2018-07-08,Chrome,2025-01-16,Order #{{id}},field_a -> output,type,50.091349,December,KR1SF1T7SFLX06ODY,fp_b28a553cc4aa7799,9.89,"28 13 * * 0,6",2022-06-11,"[-0.0212, 0.0487, -0.2452, 0.1733, 0.5901, 0.4177, -0.428, -0.9548]",The Godfather,Phone,H2 2023,1293.666,Wednesday,Desktop,"Tokyo, Israel",Japanese Yen,Thursday,2020-10-19,Apache-2.0,Safari,0011-27-1958,2024,read,24.34,April,2025-04-13,2023-10-15,Monday,"Boston, Canada",March,1.77,Brave,SELECT * FROM users WHERE type = 'pending',52.2,2004,application/xml,21:54:40,2009,99.487% uptime,December,TIMESTAMP,35 3 * * *,BOOLEAN,Opera,81463,Chrome,XXXX-XXXX-XXXX-9981,2012,76030,Q1 2024,2020-2025,21:03:44,24 6 * * *,Social Media,Metformin,This record includes data processing activities.  The service includes data processing activities.,"$254,556",0005988564,1.06,66.7,+13908388847,Dear {{customer}},Chat,IoT,A operational definition of data quality.,784.2,2026-06-01,2026-07-05T09:50:24Z,Mobile,active,OH8994928,1993,7.45,In Review,Q1 2025,HOLD-2025-448,Chat,"$27,044.07",Wednesday,2022-04-27,Q4 2021,curated.events -> exports,2020-11-02
Monday,2024-09-30T00:00:00Z,97.9,2022,Edge,aiden.smith,93018,[ERROR] Cache miss for key 8271,2025-09-17,Tablet,31 14 * * 1-5,Q4 2022,example.com,"Boston, United Kingdom",Image,35786,2023-01-17,75.54,This record monitors operational metrics.,2023-01-29,"$543,907",2018-04-01,Safari,2026-02-05,Hello {{name}},source_col -> output,amount,47.216249,July,X3U3ZYWSB9H11XZQZ,fp_09c5cc5d1f931c1a,3.7,"28 8 * * 0,6",2018-07-26,"[-0.5256, -0.1545, 0.1887, 0.1388, 0.5782, 0.068, 0.4057, 0.5489]",Interstellar,Social Media,FY 2025,-551.5927,Monday,Smart TV,"Portland, Canada",US Dollar,Thursday,2020-12-06,GPL-3.0,Opera,0004-06-1971,2018,read,54.81,May,2026-08-22,2018-07-21,Saturday,"Toronto, Mexico",November,9.13,Firefox,SELECT * FROM orders WHERE status = 'active',80.7,2004,application/xml,15:24:00,2015,99.144% uptime,July,FLOAT,50 21 * * *,VARCHAR,Safari,WI3 8CW,Opera,XXXX-XXXX-XXXX-9277,1999,7903,Jan-Mar,2020-2025,12:24:42,"53 4 * * 0,6",In-Store,Amoxicillin,The system manages operational metrics.  The system monitors compliance records.  The service tracks data processing activities.,"$3,340,817",0001358309,2.77,86.2,(939) 643-5122,Order #{{id}},In-Store,Mobile,A operational definition of compliance.,1477.2,2024-06-28,2022-04-17T08:06:03Z,Tablet,failed,FL4157889,2002,1.29,In Review,Q4 2021,HOLD-2023-573,Social Media,47646.94,Saturday,2025-08-13,Q4 2022,curated.users -> reports,2023-09-02
Saturday,2022-05-08T00:00:00Z,70.8,2015,Safari,patricia.johnson,39314,[WARN] Batch 4211 completed,2023-03-28,Smart TV,"53 2 * * 0,6",Q3 2021,outlook.com,"New York, Sweden",Image,54276,2026-11-19,13.52,The product represents compliance records.,2019-01-11,"$1,359,179",2023-10-24,Chrome,2024-11-25,Dear {{customer}},field_a -> target_col,type,0.979215,November,8G8KKJUA48CHSC674,fp_02b79dfee2df83ed,5.07,"56 4 * * 0,6",2020-07-11,"[0.3351, 0.4375, 0.2994, 0.4891, 0.0087, -0.9865, 0.1856, 0.0991]",Inception,Social Media,Jan-Mar,7710.6874,Tuesday,Mobile,"Chicago, Israel",US Dollar,Thursday,2024-03-27,MIT,Safari,04/13/1955,1995,write,88.68,November,2024-04-25,2026-12-07,Saturday,"Atlanta, Norway",January,7.73,Edge,SELECT * FROM users WHERE id = 'pending',50.7,2021,application/json,20:56:42,2009,99.058% uptime,August,BOOLEAN,"10 16 * * 0,6",TEXT,Chrome,21896,Firefox,5387-1357-0046-5729,2004,18810,Q1 2024,2020-2025,09:57:31,46 1 * * 1-5,Social Media,Aspirin,The customer account includes transaction histories.  The system represents transaction histories.  This record represents transaction histories.,"$4,715,115",0001661910,9.25,8.4,847-370-9043,Order #{{id}},Email,IoT,A operational definition of risk.,749.3,2022-02-24,2026-08-04 08:50:30,Wearable,approved,NC1298983,2011,0.87,Archived,Q3 2023,HOLD-2023-816,Mobile,"$61,884.49",Thursday,2025-11-30,Q4 2021,curated.orders -> reports,2025-09-26
Sunday,2019-03-19T00:00:00Z,84.8,2010,Chrome,liam.king,28287,[WARN] Request processed in 7209ms,2023-01-16,Wearable,"56 16 * * 0,6",Q4 2020,example.com,"Houston, South Korea",Article,35103,2018-10-12,9.94,The product manages operational metrics.,2025-04-16,"$2,626,442",2018-07-08,Firefox,2026-10-30,Order #{{id}},input -> output,status,-26.777408,May,C16XACL962QEAR2ZZ,fp_aa230c3dbc370a43,4.77,8 12 * * *,2022-11-07,"[-0.3451, -0.9733, -0.2904, 0.499, 1.1836, 0.5654, 0.3204, -0.6078]",The Matrix,In-Store,Jan-Mar,2647.4584,Monday,IoT,"Los Angeles, Italy",Japanese Yen,Thursday,2019-10-24,CC BY 4.0,Chrome,0006-20-1985,1999,execute,72.36,November,2020-10-17,2021-03-23,Monday,"Berlin, Spain",November,2.4,Firefox,SELECT * FROM users WHERE type = 'active',92.9,2004,text/csv,09:59:44,2006,99.669% uptime,April,BOOLEAN,40 3 * * 1-5,JSON,Chrome,27310,Brave,XXXX-XXXX-XXXX-2594,2016,51758,Q1 2024,Q1 2024,18:17:45,5 1 * * *,Mobile,Ibuprofen,The system tracks operational metrics.  The service represents compliance records.  The service monitors data processing activities.,"$1,843,536",0000395030,4.1,81.7,+13963459833,Order #{{id}},Web,Desktop,A formal definition of risk.,1117.8,2026-01-06,2024-09-04 12:16:47,Desktop,inactive,CO3344902,2009,3.95,Draft,Q2 2024,HOLD-2024-351,Phone,"$63,315.14",Monday,2022-02-19,Q1 2025,curated.events -> exports,2020-08-11
Monday,2019-10-14T00:00:00Z,50.5,2008,Brave,michael.thomas,85944,[ERROR] Retry attempt 6731 of 3,2021-03-22,Tablet,16 20 * * *,Q1 2022,gmail.com,"Phoenix, South Korea",Infographic,16815,2026-12-16,40.25,The system represents compliance records.,2020-10-14,"$3,943,649",2024-08-17,Chrome,2018-07-04,Hello {{name}},input -> target_col,id,-3.177001,April,DKJHYF6QTAE224MRE,fp_6fba65f17f3051c0,2.93,"16 12 * * 0,6",2022-02-16,"[0.3006, 0.9862, 0.0348, -0.3342, -0.3719, -0.4489, -0.2351, -0.0715]",Interstellar,Mobile,H2 2023,104.3401,Wednesday,Tablet,"Boston, Norway",Japanese Yen,Tuesday,2022-12-16,BSD-3-Clause,Brave,0005-17-1947,2021,execute,31.29,October,2026-08-07,2025-04-02,Saturday,"Dallas, United Kingdom",December,1.11,Brave,SELECT * FROM orders WHERE type = 'pending',84.5,2004,application/xml,03:19:26,2005,99.36% uptime,June,BOOLEAN,23 14 * * 1-5,FLOAT,Brave,GB2 8NC,Safari,XXXX-XXXX-XXXX-1903,1999,42013,Jan-Mar,2020-2025,14:11:04,46 19 * * *,In-Store,Metformin,The customer account represents data processing activities.  The product monitors data processing activities.  The service monitors data processing activities.  The product manages transaction histories.,"$1,954,410",0007354405,9.46,37.4,(584) 256-9027,Hello {{name}},Web,Mobile,A systematic definition of compliance.,1469.4,2018-02-06,2022-09-21T07:49:00Z,Desktop,completed,CO6414356,2015,2.25,Deprecated,Q2 2022,HOLD-2021-856,Mobile,"$67,308.72",Tuesday,2019-06-27,Q3 2020,staging.users -> exports,2018-08-13
Tuesday,2022-01-29T00:00:00Z,42.2,1991,Safari,sarah.white,54082,[DEBUG] Health check passed,2019-02-18,Tablet,"36 9 * * 0,6",Q4 2025,company.com,"Los Angeles, Australia",Podcast,23695,2019-11-18,9.66,The system includes customer interactions.,2018-03-28,"$1,059,522",2019-08-30,Edge,2026-05-04,Dear {{customer}},field_a -> field_b,created_at,-10.251852,March,PJ38XCXQS0NLROV8C,fp_870e9e845f1ecd78,9.43,3 20 * * *,2021-07-13,"[-0.4179, 0.0741, 0.2376, 1.5447, 0.3782, -0.8472, -0.0117, -0.8017]",The Godfather,In-Store,Q1 2024,-289.712,Monday,Wearable,"Austin, Brazil",Swiss Franc,Friday,2025-08-05,CC BY 4.0,Safari,04-19-1973,2021,execute,6.2,February,2019-08-05,2021-03-17,Tuesday,"Miami, Sweden",September,4.03,Firefox,SELECT * FROM orders WHERE type = 'active',37.9,2014,text/csv,11:17:59,1994,99.665% uptime,February,INTEGER,"2 2 * * 0,6",VARCHAR,Firefox,48276,Opera,6011-5385-3847-9906,2017,35492,H2 2023,H2 2023,21:08:52,"19 3 * * 0,6",Mobile,Metformin,The customer account includes transaction histories.  The system represents transaction histories.  The customer account manages operational metrics.  This record manages operational metrics.,"$7,451,740",0004416426,4.92,97.9,278.796.3348,{{date}} - {{event}},Phone,Desktop,A systematic definition of data quality.,263.1,2023-07-13,2025-02-11 00:00:41,Desktop,inactive,PA9910977,2006,6.73,Deprecated,Q1 2020,HOLD-2025-234,Chat,"$34,424.60",Tuesday,2021-01-24,Q4 2025,curated.users -> reports,2024-04-15
Monday,2023-01-02T00:00:00Z,44.9,1999,Safari,richard.jones,25563,[DEBUG] Retry attempt 33 of 3,2022-02-06,Wearable,"5 4 * * 0,6",Q3 2024,company.com,"San Francisco, India",Podcast,34070,2022-12-23,31.15,The service tracks transaction histories.,2023-12-03,"$2,330,746",2018-09-15,Firefox,2018-06-09,Dear {{customer}},source_col -> field_b,id,-42.833749,September,C152GWS411C5LPFDA,fp_5c74974c08ea5ffa,0.44,"31 4 * * 0,6",2026-09-14,"[-1.1335, -0.3387, 0.1273, -0.302, 0.7225, -0.1636, 0.4096, 0.275]",Inception,Mobile,Q1 2024,2919.0292,Thursday,Mobile,"Berlin, France",British Pound,Saturday,2021-06-20,Apache-2.0,Brave,03-26-1945,2015,rwx,90.72,January,2018-05-26,2026-03-11,Wednesday,"Phoenix, India",June,7.92,Opera,SELECT * FROM products WHERE status = 'pending',71.0,1993,text/html,09:31:40,2010,99.628% uptime,August,JSON,42 0 * * 1-5,TIMESTAMP,Safari,ZC9 6RN,Chrome,6011-1495-6910-7102,2002,4815,FY 2025,Q1 2024,06:16:56,29 14 * * *,Social Media,Lisinopril,The product monitors compliance records.  The customer account manages compliance records.  The system represents customer interactions.,"$1,546,970",0005818073,6.13,18.2,+15122173869,Hello {{name}},In-Store,IoT,A formal definition of data quality.,642.4,2024-04-13,2022-06-10 13:16:08,Desktop,active,GA7478322,2009,7.25,Archived,Q1 2025,HOLD-2025-235,Email,75475.11,Friday,2018-01-06,Q3 2024,staging.events -> analytics,2024-12-17
Monday,2020-07-23T00:00:00Z,17.7,1998,Safari,olivia.lee,12561,[DEBUG] Connection established to 2636,2021-07-19,Wearable,"36 3 * * 0,6",Q2 2023,company.com,"Tokyo, Italy",Article,41605,2026-04-10,57.42,The system monitors compliance records.,2023-09-29,"$4,308,122",2026-05-23,Brave,2018-04-26,Hello {{name}},source_col -> target_col,created_at,46.727675,December,V7PAW93WQHVMD7NWE,fp_acd88431d674a37e,7.69,"26 4 * * 0,6",2019-12-25,"[0.2561, 0.0853, -0.3375, -1.4554, 0.5619, 0.9672, 0.1515, 0.3726]",The Matrix,Phone,Q1 2024,1508.2587,Tuesday,IoT,"Berlin, Switzerland",Euro,Sunday,2020-10-06,BSD-3-Clause,Opera,0001-05-1961,1996,r-x,98.97,August,2020-12-05,2022-01-16,Wednesday,"Houston, Israel",January,6.25,Opera,SELECT * FROM users WHERE type = '1',37.2,2006,text/html,09:02:27,2020,99.951% uptime,June,FLOAT,16 17 * * *,VARCHAR,Edge,ZF3 9QT,Brave,XXXX-XXXX-XXXX-3610,1997,47409,Jan-Mar,FY 2025,21:36:17,"27 11 * * 0,6",Mobile,Aspirin,The service represents operational metrics.  The customer account tracks transaction histories.  This record manages customer interactions.  The product includes compliance records.,"$8,951,650",0005142271,5.52,58.8,723-590-9143,Dear {{customer}},Email,Desktop,A formal definition of data quality.,1655.9,2019-08-23,2025-01-01T22:00:59Z,IoT,rejected,OH9425599,1998,3.15,Archived,Q3 2022,HOLD-2024-751,Chat,"$50,796.91",Saturday,2026-03-14,Q3 2023,staging.users -> exports,2019-07-10
Monday,2026-10-18T00:00:00Z,53.2,2021,Safari,richard.jones,534,[WARN] Request processed in 8306ms,2024-05-20,IoT,23 22 * * 1-5,Q4 2021,gmail.com,"Sydney, Brazil",Article,07837,2025-11-05,92.12,The system monitors transaction histories.,2018-05-12,"$128,472",2022-01-29,Chrome,2024-02-27,{{date}} - {{event}},input -> target_col,type,53.891797,December,H7SVDWIWMITGG6G1D,fp_72a8005b6482da87,8.42,42 10 * * *,2023-12-22,"[-0.2592, -0.2251, 0.1109, 0.457, -0.0453, -0.1741, -0.2083, 0.3317]",Interstellar,Web,2020-2025,488.2257,Wednesday,Desktop,"Paris, Canada",US Dollar,Tuesday,2019-04-25,BSD-3-Clause,Safari,0008-03-1991,2021,read,94.83,June,2024-09-13,2019-05-03,Monday,"Miami, France",February,4.66,Opera,SELECT * FROM orders WHERE type = 'active',32.7,1992,application/xml,14:45:20,2011,99.01% uptime,November,JSON,50 22 * * *,VARCHAR,Firefox,88230,Safari,XXXX-XXXX-XXXX-4043,2008,68062,Q1 2024,2020-2025,16:21:15,"7 18 * * 0,6",Web,Metformin,The service tracks transaction histories.  This record includes customer interactions.,"$3,086,331",0000565735,5.2,84.2,353-800-5897,Hello {{name}},Email,Smart TV,A operational definition of risk.,1035.9,2026-12-06,2025-03-02T01:39:12Z,Desktop,approved,NC1069345,2023,8.87,Archived,Q3 2020,HOLD-2020-715,Email,"$49,863.83",Monday,2021-10-14,Q1 2020,curated.events -> analytics,2019-12-14
Tuesday,2018-11-11T00:00:00Z,47.6,2011,Safari,john.smith,68077,[ERROR] Connection established to 9324,2022-08-10,Desktop,"47 5 * * 0,6",Q1 2024,gmail.com,"Los Angeles, Brazil",Video,10962,2021-03-13,3.72,The service tracks customer interactions.,2020-01-19,"$3,379,045",2026-05-28,Edge,2018-03-04,Dear {{customer}},source_col -> field_b,email,-64.564807,May,QXTQ89TKX1A4TH2QL,fp_f86f5e4b109e6abc,5.6,16 12 * * 1-5,2020-08-27,"[0.1447, -0.1401, -0.3386, 0.3409, -0.1748, 0.2126, -0.3196, -0.368]",The Godfather,Phone,2020-2025,9980.7845,Monday,Mobile,"New York, Mexico",Japanese Yen,Saturday,2018-07-30,BSD-3-Clause,Opera,0007-12-1970,1997,read,41.64,August,2021-10-08,2021-12-21,Monday,"Sydney, Italy",October,6.58,Firefox,SELECT * FROM orders WHERE type = '1',89.0,1999,text/html,08:51:55,1991,99.998% uptime,August,INTEGER,12 1 * * 1-5,INTEGER,Brave,NG3 4ZU,Opera,3783-9684-4103-8880,2005,10300,H2 2023,Q1 2024,08:42:45,0 18 * * *,Social Media,Amoxicillin,The system monitors compliance records.  The product manages transaction histories.  The service includes operational metrics.  The customer account represents customer interactions.,"$8,214,000",0008278962,7.52,39.4,+13179439143,Order #{{id}},Mobile,Tablet,A systematic definition of risk.,1190.5,2020-02-10,2024-06-21 07:20:25,IoT,completed,IL8393854,2021,1.73,Archived,Q4 2026,HOLD-2022-985,In-Store,"$41,829.63",Thursday,2023-04-26,Q1 2024,curated.orders -> reports,2021-05-26
Thursday,2022-09-02T00:00:00Z,14.6,2009,Brave,sarah.taylor,52437,[DEBUG] Retry attempt 333 of 3,2024-08-30,Smart TV,"45 9 * * 0,6",Q1 2024,outlook.com,"Los Angeles, Netherlands",Video,41871,2025-05-10,5.94,The product tracks transaction histories.,2024-10-16,"$2,958,459",2023-05-29,Safari,2022-07-03,Order #{{id}},source_col -> target_col,status,-27.274856,October,355XW1K3FVL6DEDSO,fp_2da167bb8c3d4da5,5.37,32 12 * * *,2022-01-19,"[0.6378, 0.2465, -0.431, 0.5884, -0.3545, -0.4658, -0.2375, -0.7322]",Blade Runner,Email,H2 2023,5678.4767,Wednesday,Wearable,"Miami, United States",Euro,Thursday,2019-06-07,MIT,Safari,12-19-1983,2010,read,81.44,June,2022-03-21,2019-10-21,Friday,"Boston, Israel",September,7.02,Opera,SELECT * FROM orders WHERE status = 'pending',54.1,1990,image/png,07:14:58,2010,99.413% uptime,June,INTEGER,"35 7 * * 0,6",FLOAT,Firefox,15249,Chrome,3701-4818-9699-1641,1995,56749,2020-2025,Jan-Mar,02:50:51,"32 18 * * 0,6",Mobile,Lisinopril,The customer account monitors data processing activities.  The service represents customer interactions.  The system tracks customer interactions.,"$2,392,132",0000770003,8.1,1.5,293 462 7658,{{date}} - {{event}},Web,Smart TV,A systematic definition of data quality.,1615.1,2024-07-19,2024-07-12T09:38:17Z,IoT,cancelled,FL3927247,2017,5.98,Deprecated,Q1 2026,HOLD-2026-367,Mobile,64689.27,Friday,2023-06-28,Q1 2023,raw.users -> analytics,2019-10-21
Wednesday,2021-12-19T00:00:00Z,4.4,2019,Opera,harper.jackson,87694,[INFO] Health check passed,2025-05-04,Wearable,"24 0 * * 0,6",Q3 2025,outlook.com,"Miami, Singapore",Infographic,45778,2023-12-23,7.52,The customer account includes customer interactions.,2026-07-07,"$3,556,032",2024-05-06,Chrome,2018-06-17,Dear {{customer}},input -> field_b,type,74.08592,March,R0MLH5HHET1XJZS2N,fp_4fcf1cb27dbaf1a4,0.58,49 9 * * 1-5,2025-05-06,"[-0.8563, -0.428, 0.6638, -0.7982, -0.5238, -0.2914, -0.0485, -0.2023]",Interstellar,Web,H2 2023,263.356,Thursday,Mobile,"Phoenix, Germany",Euro,Tuesday,2026-12-22,MIT,Opera,0008-14-1960,2008,read,69.44,March,2025-06-14,2024-03-26,Sunday,"Miami, Germany",February,7.68,Chrome,SELECT * FROM orders WHERE id = 'pending',9.1,2002,image/png,10:20:45,2025,99.126% uptime,December,BOOLEAN,30 7 * * *,FLOAT,Safari,51636,Opera,4104-8164-2139-7561,1994,41955,Q1 2024,2020-2025,22:08:20,55 10 * * *,Web,Amoxicillin,The customer account represents compliance records.  The service includes operational metrics.,"$5,896,925",0008423150,4.48,64.8,844.491.3916,Dear {{customer}},Mobile,Smart TV,A systematic definition of risk.,1871.1,2019-07-17,2022-10-01 04:55:24,Smart TV,cancelled,OH3944988,2004,1.29,Archived,Q2 2022,HOLD-2025-122,Chat,"$53,108.77",Friday,2024-05-19,Q4 2022,curated.events -> exports,2022-04-30
Thursday,2024-08-06T00:00:00Z,46.5,2026,Edge,ethan.rodriguez,73618,[DEBUG] Retry attempt 5623 of 3,2024-03-28,Smart TV,20 4 * * 1-5,Q4 2022,yahoo.com,"Tokyo, Australia",Podcast,31292,2021-02-16,6.88,The system tracks operational metrics.,2025-09-12,"$3,747,055",2019-12-23,Opera,2023-05-21,Order #{{id}},field_a -> field_b,status,-62.284184,December,QK83V3RYUY24LV4XI,fp_d800da415212ebeb,9.28,21 3 * * 1-5,2023-12-13,"[-0.337, -0.0525, 0.1357, -0.3323, -0.6904, -0.1789, 0.2223, 1.0603]",The Matrix,Phone,Q1 2024,5941.1531,Monday,IoT,"Houston, Japan",Euro,Monday,2019-05-03,Apache-2.0,Firefox,04-26-1971,2007,r-x,11.73,March,2021-12-27,2022-08-31,Monday,"Sydney, Spain",December,0.23,Chrome,SELECT * FROM users WHERE status = '1',79.5,2004,text/csv,08:50:23,1996,99.599% uptime,January,VARCHAR,57 1 * * *,JSON,Edge,27216,Safari,3739-5592-4027-6417,2018,38682,Jan-Mar,H2 2023,21:13:46,6 4 * * 1-5,In-Store,Metformin,The product tracks data processing activities.  The system represents compliance records.  The customer account includes compliance records.,"$4,379,586",0006709869,1.4,46.2,+12715957439,Hello {{name}},Email,Wearable,A operational definition of risk.,405.5,2026-12-13,2022-06-11 20:24:56,Mobile,active,CO4298380,2016,5.1,Archived,Q4 2024,HOLD-2020-963,Web,93470.44,Wednesday,2021-07-26,Q1 2025,staging.users -> reports,2018-03-07
Wednesday,2024-10-16T00:00:00Z,28.0,2011,Edge,susan.robinson,85800,[ERROR] Batch 7455 completed,2021-10-21,Mobile,34 7 * * *,Q3 2023,example.com,"New York, Spain",Image,03931,2020-11-08,53.41,The service represents operational metrics.,2020-05-07,"$250,384",2023-04-16,Opera,2022-04-15,Order #{{id}},source_col -> output,id,40.56661,April,JXCN51ZSG7U01MT30,fp_96da9dd31a0716ea,7.51,25 3 * * 1-5,2018-01-27,"[0.5984, 0.4065, 0.3104, 0.0551, 0.3027, 0.3191, 0.4098, 0.4233]",Interstellar,Web,2020-2025,5759.5234,Saturday,Tablet,"Toronto, Netherlands",Swiss Franc,Friday,2020-07-23,CC BY 4.0,Opera,0002-12-1986,2004,rwx,15.45,December,2018-10-02,2024-07-28,Saturday,"Phoenix, South Korea",August,0.8,Edge,SELECT * FROM orders WHERE type = 'pending',8.1,2023,application/pdf,17:33:05,2005,99.23% uptime,November,BOOLEAN,"12 1 * * 0,6",FLOAT,Brave,OJ4 9RB,Safari,4581-2983-0803-4208,2022,43626,Jan-Mar,H2 2023,00:33:01,"13 10 * * 0,6",Chat,Ibuprofen,The service monitors transaction histories.  This record includes data processing activities.  This record tracks compliance records.  The system tracks compliance records.,"$5,088,950",0004434268,8.66,96.4,(346) 433-5832,Order #{{id}},Social Media,Wearable,A formal definition of risk.,516.8,2018-06-30,2025-11-23 00:27:32,Desktop,failed,IL4367383,2025,2.25,Archived,Q4 2022,HOLD-2022-692,Chat,40259.88,Thursday,2019-10-02,Q2 2024,raw.users -> reports,2022-01-10
Thursday,2026-07-31T00:00:00Z,74.4,2013,Brave,liam.williams,18472,[DEBUG] Retry attempt 9563 of 3,2020-07-15,Tablet,"24 15 * * 0,6",Q3 2023,company.com,"Austin, Israel",Video,56490,2023-10-20,17.58,The product represents customer interactions.,2023-03-14,"$2,200,441",2023-07-19,Brave,2022-10-09,{{date}} - {{event}},field_a -> output,name,-66.598988,February,YLFXBSEHWJMDNQGVK,fp_6ebe60d75e9b6c7e,8.52,12 20 * * *,2023-01-04,"[0.0077, -0.686, 0.8206, -0.1355, 0.0913, -0.4792, -0.6759, 0.5027]",Interstellar,Chat,Jan-Mar,3877.5872,Monday,Desktop,"Chicago, Brazil",British Pound,Sunday,2024-02-02,Apache-2.0,Safari,02-10-1969,2004,rwx,10.92,April,2026-03-10,2018-11-07,Friday,"Dallas, United Kingdom",October,2.2,Chrome,SELECT * FROM users WHERE status = 'pending',28.2,2014,text/html,21:56:22,2013,99.559% uptime,June,BOOLEAN,"14 18 * * 0,6",TIMESTAMP,Edge,BM5 5ON,Chrome,3717-0453-2554-8093,2003,51397,2020-2025,Q1 2024,16:33:41,47 23 * * 1-5,Chat,Metformin,The service monitors transaction histories.  The service monitors data processing activities.  The system represents operational metrics.  The customer account manages customer interactions.,"$3,519,611",0007677102,2.26,29.7,368 640 9811,Dear {{customer}},Phone,IoT,A formal definition of data quality.,1870.9,2025-04-13,2023-09-01 00:46:50,Desktop,active,IL2839913,2004,3.18,Deprecated,Q2 2026,HOLD-2024-827,Chat,17987.97,Saturday,2022-10-12,Q4 2021,staging.events -> exports,2021-07-23
Wednesday,2023-09-01T00:00:00Z,17.2,2023,Firefox,olivia.robinson,46256,[DEBUG] Cache miss for key 4491,2023-04-16,Tablet,40 23 * * 1-5,Q1 2024,yahoo.com,"Paris, France",Article,42254,2024-12-25,78.03,The service manages compliance records.,2020-09-03,"$397,232",2023-03-20,Opera,2026-07-23,Order #{{id}},source_col -> target_col,status,48.114906,June,NPPCS7CENOD4D5FII,fp_38361dd6dfda4069,1.15,"30 8 * * 0,6",2020-11-14,"[-0.0146, 0.258, 0.6928, 0.7386, 0.2212, -0.7473, 0.7788, -0.2508]",The Matrix,Mobile,Q1 2024,14.0724,Saturday,IoT,"Atlanta, Netherlands",Japanese Yen,Friday,2026-11-14,Apache-2.0,Brave,12/19/1998,2005,read,83.85,January,2019-06-27,2023-05-16,Saturday,"Austin, Israel",July,3.5,Edge,SELECT * FROM users WHERE status = '1',36.0,1990,text/csv,04:57:57,2016,99.357% uptime,July,INTEGER,18 12 * * *,VARCHAR,Firefox,76889,Edge,XXXX-XXXX-XXXX-8849,2006,52611,2020-2025,2020-2025,12:49:06,50 6 * * *,In-Store,Ibuprofen,The service monitors data processing activities.  The service tracks transaction histories.  The service monitors customer interactions.,"$2,838,766",0003308483,4.26,93.3,341.685.3288,Order #{{id}},In-Store,Mobile,A systematic definition of data quality.,1648.9,2022-04-23,2019-09-11T23:34:41Z,Smart TV,active,CO1687818,2002,8.09,In Review,Q2 2026,HOLD-2021-407,Phone,"$84,422.63",Wednesday,2024-08-30,Q1 2026,raw.orders -> analytics,2020-04-22
Saturday,2019-07-20T00:00:00Z,50.3,2013,Brave,patricia.martinez,21805,[DEBUG] Cache miss for key 6287,2025-12-24,IoT,41 22 * * *,Q2 2024,example.com,"Los Angeles, Singapore",Image,16255,2023-09-16,86.12,The product includes customer interactions.,2025-10-22,"$2,629,547",2019-03-13,Brave,2025-11-19,Hello {{name}},source_col -> target_col,status,-65.696016,November,WJHAR8WT9UX32VP3N,fp_fadf7553111ceb01,6.48,5 4 * * *,2026-07-12,"[-0.262, 1.1555, -0.1942, -0.4624, -0.019, 0.7889, 0.7848, 0.4117]",The Godfather,Chat,H2 2023,1588.2493,Sunday,Tablet,"Toronto, Brazil",British Pound,Wednesday,2018-04-01,Apache-2.0,Chrome,02/01/1978,2020,write,40.3,November,2025-07-15,2023-05-31,Wednesday,"Atlanta, Germany",July,7.05,Edge,SELECT * FROM products WHERE status = 'pending',92.2,2019,text/html,06:51:13,2015,99.209% uptime,December,FLOAT,13 14 * * *,BOOLEAN,Chrome,29676,Firefox,4824-3974-9172-2965,2015,63128,H2 2023,2020-2025,08:01:31,"21 18 * * 0,6",Phone,Lisinopril,This record includes transaction histories.  The customer account tracks customer interactions.  The service tracks transaction histories.,"$3,385,571",0004978104,9.35,9.7,988.808.3124,Hello {{name}},Chat,Mobile,A operational definition of compliance.,1010.9,2025-07-04,2024-12-16 02:57:19,Wearable,approved,WA9193742,2000,2.86,Deprecated,Q2 2022,HOLD-2021-448,Phone,"$59,014.42",Saturday,2026-05-07,Q2 2026,staging.users -> analytics,2019-01-11
Saturday,2023-12-07T00:00:00Z,87.6,2013,Chrome,lucas.lewis,8750,[DEBUG] Batch 7959 completed,2021-08-05,Mobile,58 12 * * 1-5,Q2 2020,yahoo.com,"Miami, United Kingdom",Podcast,17869,2020-11-11,82.99,The customer account monitors customer interactions.,2020-01-17,"$1,704,982",2021-10-02,Opera,2025-03-30,Dear {{customer}},field_a -> target_col,amount,56.743704,October,AUKPY9ETCITV5793H,fp_20f74ffaa7e988ac,7.74,5 10 * * *,2023-08-17,"[-0.1848, 0.6379, -0.3264, -0.7401, -0.3229, -1.0943, 1.3851, 0.6419]",Blade Runner,Phone,2020-2025,9875.8855,Wednesday,Wearable,"Austin, Israel",Euro,Wednesday,2019-11-05,BSD-3-Clause,Chrome,08/15/1947,2000,execute,42.27,April,2022-12-09,2026-02-28,Saturday,"Miami, Brazil",February,3.42,Safari,SELECT * FROM users WHERE status = 'active',85.6,1998,application/pdf,19:10:01,2010,99.915% uptime,December,BOOLEAN,34 11 * * *,JSON,Firefox,90527,Chrome,6011-1261-2161-1373,2023,439,Jan-Mar,H2 2023,16:23:46,22 19 * * *,Chat,Aspirin,The service monitors customer interactions.  The service represents compliance records.  The system includes data processing activities.,"$9,392,637",0000893873,4.54,66.6,346-291-8888,{{date}} - {{event}},Web,Tablet,A systematic definition of compliance.,572.6,2018-02-21,2026-08-27T19:13:29Z,Tablet,pending,IL3119140,2020,8.29,Deprecated,Q4 2022,HOLD-2023-882,Web,3087.51,Sunday,2026-04-18,Q3 2021,raw.events -> reports,2025-01-28
Tuesday,2025-10-13T00:00:00Z,46.6,2009,Edge,linda.taylor,62670,[ERROR] Cache miss for key 142,2018-04-19,Smart TV,46 7 * * 1-5,Q2 2022,outlook.com,"San Francisco, Canada",Infographic,31031,2018-10-15,63.55,This record includes data processing activities.,2018-05-29,"$2,667,954",2021-05-19,Chrome,2024-09-12,Order #{{id}},input -> output,name,4.474644,September,EHBCN8U6S3LYQSVL7,fp_6e5ed0edc77779d4,2.91,38 8 * * 1-5,2022-01-23,"[0.029, -0.3652, -0.3376, 0.0667, -0.3807, 1.3941, 0.0435, 0.589]",Inception,Email,Q1 2024,5166.1532,Sunday,Wearable,"Atlanta, Switzerland",Euro,Saturday,2020-11-10,CC BY 4.0,Opera,10/04/1970,1994,admin,61.53,January,2019-06-17,2022-03-14,Saturday,"Sydney, France",October,0.48,Opera,SELECT * FROM users WHERE status = 'active',65.4,1994,application/json,09:24:15,1994,99.27% uptime,December,INTEGER,34 15 * * 1-5,TEXT,Edge,86926,Safari,3752-8919-8471-5615,1994,84237,2020-2025,Jan-Mar,13:24:38,7 22 * * *,Chat,Ibuprofen,This record monitors data processing activities.  The product manages compliance records.,"$5,162,438",0007288144,0.1,25.3,699-202-2383,Order #{{id}},Chat,Tablet,A formal definition of data quality.,820.9,2020-10-22,2025-10-01 19:20:35,Smart TV,approved,NC9237365,2007,2.12,Published,Q2 2020,HOLD-2023-271,Social Media,"$45,004.95",Saturday,2021-07-23,Q2 2023,curated.orders -> reports,2026-06-22
Monday,2025-02-09T00:00:00Z,54.2,1996,Chrome,jessica.jones,25021,[ERROR] Health check passed,2023-08-04,Mobile,50 8 * * *,Q4 2023,yahoo.com,"Toronto, Germany",Podcast,06136,2024-12-11,98.98,The customer account represents transaction histories.,2020-03-02,"$3,764,916",2024-12-30,Brave,2024-01-26,Order #{{id}},field_a -> target_col,id,-17.491194,September,4O7A8I2050BOL4V8E,fp_aac322eda272a7db,0.44,"54 10 * * 0,6",2020-12-10,"[0.5808, 0.1478, 0.9217, -0.0546, -0.303, -1.0561, 0.863, -0.0784]",The Matrix,Social Media,FY 2025,3732.7998,Tuesday,Mobile,"Sydney, Brazil",US Dollar,Thursday,2021-09-21,CC BY 4.0,Opera,0011-14-2001,2003,execute,44.72,March,2021-12-21,2023-07-20,Friday,"Miami, Singapore",December,4.72,Brave,SELECT * FROM users WHERE status = 'active',12.4,1995,image/png,12:01:12,1997,99.041% uptime,December,FLOAT,34 23 * * *,VARCHAR,Chrome,AX2 8HH,Firefox,3731-3053-4067-1651,1995,64424,Q1 2024,Jan-Mar,22:38:10,"42 5 * * 0,6",In-Store,Metformin,This record includes data processing activities.  The system tracks operational metrics.  The system manages operational metrics.,"$7,449,562",0007003221,6.21,94.6,437.652.5888,Hello {{name}},Chat,Tablet,A systematic definition of data quality.,1377.9,2021-06-29,2026-04-14T07:36:31Z,Desktop,active,CO7523069,2017,6.2,Draft,Q2 2023,HOLD-2022-903,Social Media,69713.83,Thursday,2019-08-11,Q3 2022,raw.users -> exports,2019-07-19
Wednesday,2022-07-25T00:00:00Z,12.3,2007,Opera,sarah.jackson,5379,[DEBUG] Retry attempt 9308 of 3,2024-08-30,Mobile,"28 10 * * 0,6",Q3 2026,example.com,"Phoenix, United Kingdom",Infographic,51816,2018-06-14,19.62,The customer account monitors compliance records.,2021-02-22,"$138,215",2024-05-04,Safari,2023-12-22,Dear {{customer}},input -> target_col,name,-46.764883,January,V09R2XFKDDDGU3J26,fp_4240d13a2ed33c6c,3.08,"52 1 * * 0,6",2023-03-30,"[-0.0724, 1.2806, -0.2783, 0.1426, -0.1528, 0.6173, 0.0665, 0.4254]",The Godfather,Email,Q1 2024,9689.2375,Sunday,Wearable,"London, Sweden",Japanese Yen,Monday,2019-08-08,Apache-2.0,Brave,04-21-1949,2016,r-x,52.78,September,2025-09-09,2020-03-19,Monday,"Chicago, Singapore",November,9.62,Opera,SELECT * FROM products WHERE type = 'active',45.3,1998,image/png,21:17:26,2000,99.812% uptime,January,VARCHAR,23 19 * * 1-5,TIMESTAMP,Chrome,OF4 2JR,Brave,XXXX-XXXX-XXXX-5161,2015,75965,H2 2023,H2 2023,06:13:42,35 12 * * 1-5,Mobile,Amoxicillin,This record monitors compliance records.  The product includes customer interactions.  The service tracks operational metrics.  The product monitors operational metrics.,"$7,242,478",0005911371,7.76,86.6,(993) 976-2848,Hello {{name}},Chat,Tablet,A formal definition of compliance.,18.6,2019-09-23,2019-03-21 08:18:43,Wearable,rejected,OH9667720,2021,0.01,In Review,Q3 2021,HOLD-2022-387,Mobile,33273.02,Thursday,2021-08-06,Q2 2020,raw.users -> exports,2018-10-05
Sunday,2018-02-02T00:00:00Z,67.1,1999,Brave,david.jones,11107,[DEBUG] Health check passed,2024-09-26,Wearable,1 7 * * *,Q1 2022,acme.org,"Sydney, United Kingdom",Image,35009,2018-12-10,26.37,This record monitors operational metrics.,2018-06-13,"$4,781,919",2018-05-09,Edge,2021-04-30,Order #{{id}},input -> output,type,-73.153995,March,9BNB8D0GF7ESEV8C8,fp_9531c93a2849cba4,7.09,18 15 * * 1-5,2021-09-15,"[0.338, 0.0212, -0.7543, 0.5603, 0.494, 0.1336, -0.551, -0.0629]",Inception,In-Store,H2 2023,5743.1466,Tuesday,IoT,"Austin, Mexico",British Pound,Monday,2022-03-29,Apache-2.0,Chrome,0006-20-1955,2017,admin,50.53,June,2018-01-16,2026-10-28,Thursday,"San Francisco, India",July,9.97,Edge,SELECT * FROM users WHERE type = 'active',4.6,1994,application/xml,13:58:17,2006,99.547% uptime,February,JSON,12 16 * * *,VARCHAR,Safari,SN6 9BM,Safari,5300-5268-0247-6308,1998,44440,Q1 2024,Jan-Mar,17:10:58,2 8 * * 1-5,Web,Lisinopril,The product represents operational metrics.  The customer account tracks operational metrics.,"$8,055,228",0000596770,8.36,77.1,928.555.5756,Dear {{customer}},Web,IoT,A systematic definition of risk.,745.8,2024-08-04,2020-02-01T22:51:53Z,Desktop,rejected,NC3635017,2001,6.8,Deprecated,Q2 2024,HOLD-2021-254,Mobile,43377.22,Friday,2019-02-12,Q3 2023,raw.orders -> analytics,2025-11-21
Saturday,2026-06-13T00:00:00Z,54.7,2022,Edge,mary.king,66668,[WARN] Request processed in 6079ms,2019-09-29,IoT,"29 5 * * 0,6",Q3 2026,company.com,"Seattle, Sweden",Image,09178,2020-03-06,91.41,The system tracks operational metrics.,2018-03-17,"$4,824,822",2024-09-26,Chrome,2021-05-09,Dear {{customer}},field_a -> output,status,74.310848,December,FYRY6Z5EK1CHQ3481,fp_ab1bb9a20e3f0ae4,0.35,23 20 * * 1-5,2019-12-24,"[-0.2615, 0.1659, 0.0539, -0.128, 0.1061, 0.3348, 0.7953, -0.1177]",The Matrix,Phone,FY 2025,2008.8407,Tuesday,Tablet,"Houston, United States",Japanese Yen,Wednesday,2018-09-09,GPL-3.0,Opera,12/26/1998,2007,rw,90.81,March,2018-05-18,2022-03-12,Tuesday,"Sydney, Switzerland",September,8.54,Edge,SELECT * FROM users WHERE status = 'pending',80.5,2024,text/csv,07:08:44,2018,99.69% uptime,January,TIMESTAMP,10 21 * * *,INTEGER,Edge,19165,Edge,6011-0494-1172-8568,2003,51777,FY 2025,FY 2025,10:43:27,2 3 * * 1-5,Social Media,Amoxicillin,The customer account represents transaction histories.  The customer account manages data processing activities.,"$267,124",0004188002,3.86,91.4,(790) 296-3539,Order #{{id}},Mobile,Wearable,A formal definition of compliance.,1363.4,2021-11-29,2023-12-03 04:34:32,Mobile,rejected,GA3644110,1993,9.57,Deprecated,Q2 2021,HOLD-2020-719,Email,88281.37,Friday,2019-01-08,Q4 2024,staging.events -> analytics,2024-05-06
Wednesday,2025-11-06T00:00:00Z,20.8,1990,Chrome,logan.taylor,55281,[DEBUG] Retry attempt 979 of 3,2018-04-10,Tablet,32 21 * * 1-5,Q2 2020,gmail.com,"Berlin, France",Podcast,14802,2022-02-11,19.41,The customer account represents compliance records.,2023-01-06,"$404,628",2019-11-17,Firefox,2018-06-25,Order #{{id}},source_col -> field_b,id,29.612479,June,JVTMD4QFYYZE7IGP0,fp_5ec34260137ce33d,4.79,"3 14 * * 0,6",2026-05-26,"[-0.4483, 0.1258, -0.3866, 0.2929, -0.507, -0.4464, -0.1673, -0.1032]",The Matrix,Mobile,Q1 2024,5966.9662,Monday,Tablet,"London, Netherlands",Swiss Franc,Friday,2023-10-11,GPL-3.0,Brave,01/20/1994,2007,read,9.4,January,2018-10-22,2021-06-20,Tuesday,"Chicago, Brazil",November,0.22,Edge,SELECT * FROM users WHERE status = 'active',60.2,1991,application/json,23:22:13,2011,99.517% uptime,August,VARCHAR,"21 20 * * 0,6",FLOAT,Edge,AC3 5GJ,Chrome,XXXX-XXXX-XXXX-5211,1993,75964,H2 2023,Q1 2024,22:44:59,45 21 * * 1-5,Web,Lisinopril,The product monitors transaction histories.  The service tracks compliance records.,"$2,158,276",0003702232,9.85,18.0,460 412 3493,Hello {{name}},Social Media,Desktop,A systematic definition of risk.,979.2,2025-03-25,2025-07-01T16:13:42Z,Desktop,active,FL7751690,1995,1.65,Archived,Q2 2022,HOLD-2024-797,Chat,"$43,911.53",Thursday,2020-08-10,Q1 2026,raw.events -> reports,2019-08-20
Sunday,2021-09-08T00:00:00Z,78.0,2001,Chrome,james.thompson,43227,[ERROR] Batch 222 completed,2021-04-28,Wearable,8 10 * * *,Q2 2021,example.com,"Berlin, Israel",Video,08590,2026-08-27,55.56,The service tracks transaction histories.,2026-09-23,"$1,109,787",2020-03-09,Opera,2025-08-18,Dear {{customer}},field_a -> target_col,type,-43.076747,August,L6ZFPIJBIS9H55LRD,fp_fee987a6c5980a8d,3.34,"44 8 * * 0,6",2021-04-20,"[-0.3299, 0.2652, 0.2929, 1.3292, 0.2767, -0.0037, -0.1246, 0.1749]",Blade Runner,Mobile,Jan-Mar,9949.9951,Wednesday,Wearable,"Phoenix, France",Euro,Tuesday,2026-01-04,GPL-3.0,Firefox,06/28/1963,2017,rw,94.42,January,2018-10-21,2018-12-26,Monday,"Miami, United States",October,0.12,Chrome,SELECT * FROM users WHERE status = '1',69.5,2002,image/png,19:18:09,1995,99.967% uptime,June,VARCHAR,"46 4 * * 0,6",BOOLEAN,Edge,RG3 6JH,Edge,XXXX-XXXX-XXXX-0795,2017,24599,FY 2025,FY 2025,23:21:45,25 1 * * *,In-Store,Metformin,The service represents transaction histories.  This record tracks data processing activities.  The product represents customer interactions.  The service tracks operational metrics.,"$7,479,017",0000941969,7.92,29.7,530-795-9437,Dear {{customer}},Chat,Tablet,A systematic definition of data quality.,1128.4,2026-06-07,2019-08-23 13:17:11,Mobile,pending,NY5779122,2000,2.65,Deprecated,Q4 2021,HOLD-2026-568,Chat,"$56,050.86",Sunday,2020-04-16,Q2 2021,staging.users -> analytics,2020-04-21
Wednesday,2020-11-28T00:00:00Z,83.0,1998,Brave,emily.lewis,71926,[WARN] Batch 9702 completed,2022-02-20,Tablet,2 10 * * *,Q4 2026,yahoo.com,"Dallas, Germany",Image,35781,2019-09-28,28.38,The system represents compliance records.,2023-11-09,"$3,483,568",2024-05-05,Firefox,2021-10-03,Hello {{name}},source_col -> field_b,type,35.824078,December,5D02B5DF4JANR4G7N,fp_38c67e29d27fc15b,4.3,55 5 * * *,2025-02-24,"[0.4747, 0.3875, -0.2026, 0.2657, -0.5807, -0.3031, 0.1445, -0.4213]",The Matrix,In-Store,H2 2023,5565.7703,Tuesday,IoT,"Paris, Israel",US Dollar,Friday,2020-01-14,MIT,Firefox,07/28/1982,2014,execute,72.58,February,2023-01-01,2025-05-25,Sunday,"Paris, France",December,7.33,Brave,SELECT * FROM users WHERE type = 'active',74.8,2023,application/pdf,20:20:42,2000,99.685% uptime,February,TEXT,44 23 * * *,FLOAT,Opera,VQ8 5XL,Chrome,5100-9792-8452-8248,2014,80185,Q1 2024,FY 2025,18:15:37,6 1 * * 1-5,Social Media,Lisinopril,This record monitors customer interactions.  The customer account represents transaction histories.,"$2,793,796",0006858343,9.02,54.4,+18406231928,Hello {{name}},Social Media,Desktop,A formal definition of compliance.,1138.8,2020-08-04,2025-05-16 21:35:12,Smart TV,inactive,PA4523785,2022,9.19,In Review,Q2 2021,HOLD-2022-145,Chat,"$45,906.45",Saturday,2022-05-20,Q3 2023,raw.orders -> exports,2018-07-07
Friday,2020-01-10T00:00:00Z,76.5,2002,Edge,emily.lewis,47141,[ERROR] Retry attempt 7542 of 3,2022-08-11,Smart TV,32 17 * * 1-5,Q2 2023,outlook.com,"Paris, Italy",Article,02409,2025-12-31,32.17,This record represents customer interactions.,2019-11-30,"$1,950,093",2022-12-28,Firefox,2021-02-22,{{date}} - {{event}},source_col -> target_col,status,81.673845,March,LBGQBKH744SIQ2HWJ,fp_041a684dc76ae6a2,4.65,"28 10 * * 0,6",2026-08-02,"[0.0584, 0.1015, 0.1238, -0.7945, -0.4511, -0.5025, -0.3973, -0.2944]",Inception,Phone,2020-2025,4634.7505,Wednesday,Tablet,"Chicago, Netherlands",US Dollar,Friday,2023-07-13,MIT,Brave,0004-19-1986,1994,execute,95.16,February,2022-10-22,2018-11-27,Saturday,"Paris, Singapore",December,8.57,Edge,SELECT * FROM orders WHERE id = 'pending',37.6,2005,application/json,04:54:03,2002,99.958% uptime,October,TIMESTAMP,"53 16 * * 0,6",VARCHAR,Edge,CU6 4SY,Firefox,3728-1434-5678-0956,2026,61583,FY 2025,Q1 2024,12:52:37,"29 6 * * 0,6",In-Store,Aspirin,This record tracks data processing activities.  The service manages operational metrics.  The product monitors operational metrics.  The product tracks operational metrics.,"$8,845,198",0006627172,9.68,6.1,249 397 9107,Dear {{customer}},Email,Tablet,A formal definition of data quality.,1270.1,2026-05-17,2020-09-04 17:15:53,Smart TV,active,CA9847072,1999,1.54,Published,Q1 2023,HOLD-2020-742,Web,95801.80,Saturday,2023-01-25,Q2 2024,curated.users -> analytics,2021-11-07
Friday,2026-12-17T00:00:00Z,83.0,2016,Safari,elizabeth.martin,29642,[WARN] Connection established to 9033,2023-09-27,Smart TV,"2 11 * * 0,6",Q1 2020,gmail.com,"Paris, South Korea",Video,19824,2020-12-09,52.81,The product includes customer interactions.,2022-11-09,"$4,080,293",2026-02-18,Chrome,2018-04-02,Dear {{customer}},field_a -> output,amount,47.826574,August,5Y7GFP9S3XDLUHRJ0,fp_58f2a4d81af88f80,7.55,52 11 * * 1-5,2026-09-23,"[0.2776, 0.292, -0.2398, 0.3483, 0.4929, 0.1857, 0.487, 0.7258]",Blade Runner,Phone,FY 2025,7040.5664,Wednesday,Mobile,"San Francisco, Switzerland",Euro,Monday,2018-01-19,CC BY 4.0,Edge,03/18/1988,2018,execute,19.07,July,2023-02-18,2020-04-28,Thursday,"New York, Netherlands",April,3.87,Brave,SELECT * FROM products WHERE id = '1',72.6,1998,application/pdf,22:06:53,2015,99.543% uptime,November,FLOAT,"38 3 * * 0,6",INTEGER,Safari,SH7 3EG,Opera,3755-0607-6234-8154,2004,6714,FY 2025,H2 2023,15:17:15,55 17 * * 1-5,In-Store,Aspirin,The customer account includes compliance records.  This record tracks transaction histories.  The product monitors customer interactions.,"$235,669",0003170532,6.29,84.1,(583) 813-3600,{{date}} - {{event}},Mobile,Tablet,A formal definition of risk.,1195.2,2021-04-11,2022-12-10T18:39:35Z,Mobile,cancelled,MA3775504,1991,0.17,Deprecated,Q1 2025,HOLD-2021-757,Web,45368.96,Sunday,2020-12-28,Q1 2021,staging.events -> exports,2021-01-10
Monday,2026-08-22T00:00:00Z,53.4,1998,Brave,emily.moore,34465,[INFO] Health check passed,2018-09-11,IoT,49 9 * * 1-5,Q2 2021,outlook.com,"Boston, Singapore",Podcast,07281,2023-07-07,10.35,The service includes operational metrics.,2020-11-14,"$2,630,890",2024-03-23,Chrome,2024-09-05,Dear {{customer}},field_a -> target_col,name,-22.703152,March,XCBXKUO56F9RT7NYI,fp_df6a6e54bbc651d7,8.98,54 21 * * 1-5,2020-11-28,"[-0.4431, -0.2377, 0.1561, 1.2482, 0.0502, -0.2301, -0.459, 0.1206]",The Godfather,In-Store,2020-2025,1639.8975,Monday,Tablet,"Portland, Japan",US Dollar,Wednesday,2020-10-17,MIT,Opera,0004-22-1951,1996,rw,87.53,May,2026-02-16,2023-09-28,Saturday,"London, Canada",July,7.02,Opera,SELECT * FROM products WHERE id = '1',38.0,2024,application/json,14:28:42,2006,99.897% uptime,May,BOOLEAN,"33 18 * * 0,6",VARCHAR,Opera,45791,Firefox,3789-9915-9510-2736,1995,65706,2020-2025,H2 2023,08:15:03,38 19 * * 1-5,Mobile,Ibuprofen,The customer account manages data processing activities.  The service manages data processing activities.  The customer account tracks compliance records.,"$4,722,157",0000326797,3.48,7.1,(986) 991-8074,{{date}} - {{event}},Social Media,IoT,A formal definition of risk.,1275.9,2020-04-08,2019-01-19T03:04:57Z,Tablet,inactive,CO7188420,2016,1.27,In Review,Q3 2022,HOLD-2026-911,Chat,"$18,555.39",Friday,2024-10-24,Q1 2026,raw.events -> reports,2023-03-07
Saturday,2023-07-28T00:00:00Z,40.1,2008,Firefox,patricia.lewis,41613,[ERROR] Retry attempt 9835 of 3,2023-04-07,Desktop,39 10 * * 1-5,Q4 2024,acme.org,"Phoenix, Switzerland",Image,47745,2020-08-11,4.34,The customer account monitors data processing activities.,2024-10-18,"$1,583,194",2026-12-14,Chrome,2026-10-25,Order #{{id}},field_a -> output,amount,54.939878,February,JCWY3QBZ6C0Y5CWK0,fp_00291f5cbb615314,0.72,51 11 * * *,2025-01-07,"[-0.2615, 0.2421, -0.0821, -0.3936, 0.2254, 0.2844, 0.1323, -0.6624]",Interstellar,Email,H2 2023,3672.2534,Thursday,IoT,"New York, United Kingdom",US Dollar,Wednesday,2024-09-16,Proprietary,Firefox,0003-01-1997,2013,execute,27.08,March,2023-10-12,2024-11-20,Saturday,"Austin, India",December,7.21,Edge,SELECT * FROM products WHERE status = '1',16.9,2020,text/html,23:17:59,1992,99.836% uptime,August,BOOLEAN,"31 9 * * 0,6",TIMESTAMP,Safari,KP3 7KB,Firefox,6011-1193-6029-1842,2013,26542,Jan-Mar,2020-2025,08:17:22,38 8 * * 1-5,Social Media,Ibuprofen,This record tracks transaction histories.  The system represents operational metrics.  This record tracks data processing activities.,"$9,517,879",0001639380,0.85,73.6,613.654.5694,Hello {{name}},Chat,IoT,A systematic definition of risk.,1152.7,2022-01-07,2022-05-21 08:12:47,Mobile,active,WA4355472,2002,0.17,Draft,Q4 2024,HOLD-2022-202,Email,"$29,893.74",Monday,2023-07-15,Q2 2023,raw.users -> exports,2023-06-08
Friday,2022-03-19T00:00:00Z,29.6,1999,Chrome,lucas.moore,69716,[WARN] Health check passed,2022-02-16,Wearable,"15 7 * * 0,6",Q4 2024,yahoo.com,"Los Angeles, Canada",Video,25105,2020-02-10,63.71,The customer account tracks customer interactions.,2023-01-18,"$4,502,727",2023-05-21,Brave,2018-06-15,{{date}} - {{event}},input -> output,amount,-77.587789,November,1IN04ZMQJ0DS40639,fp_ddca51fd9655d2b2,5.38,46 7 * * *,2021-05-24,"[0.5315, -0.3095, -0.3687, -0.2348, 0.0116, 0.5736, 0.2236, 0.0704]",Interstellar,Email,2020-2025,8586.5979,Friday,Wearable,"Miami, Switzerland",Swiss Franc,Wednesday,2020-02-07,MIT,Brave,03/22/1943,2012,r-x,71.18,October,2025-08-26,2025-06-27,Wednesday,"Toronto, Mexico",July,8.97,Chrome,SELECT * FROM users WHERE status = 'pending',35.1,2017,application/pdf,07:24:25,1996,99.534% uptime,April,FLOAT,"25 10 * * 0,6",VARCHAR,Brave,27684,Chrome,4443-8779-6169-2299,2023,67841,Q1 2024,Jan-Mar,09:09:54,"41 7 * * 0,6",Chat,Aspirin,The product manages operational metrics.  The service represents transaction histories.  The product monitors operational metrics.  The system includes customer interactions.,"$582,585",0006989112,1.04,85.4,+18389904717,Dear {{customer}},In-Store,Smart TV,A formal definition of data quality.,723.6,2020-01-22,2026-04-18T10:22:27Z,Wearable,active,FL5377615,2018,6.45,Published,Q4 2021,HOLD-2021-781,Email,91477.05,Monday,2018-07-27,Q4 2024,curated.users -> reports,2026-03-09
Thursday,2024-09-09T00:00:00Z,55.6,2003,Opera,noah.garcia,26459,[ERROR] Cache miss for key 1670,2023-03-18,Smart TV,46 6 * * 1-5,Q1 2020,acme.org,"Chicago, Sweden",Infographic,54926,2025-03-26,86.49,The product monitors data processing activities.,2026-04-23,"$2,129,349",2025-06-23,Chrome,2023-07-22,Dear {{customer}},source_col -> output,amount,37.511608,February,NWFBAQLJIRWLY6IOQ,fp_330667076440a8e3,2.22,32 1 * * 1-5,2021-01-06,"[-0.403, -0.7634, -0.0233, 0.8163, 0.3371, -0.4079, -0.3555, 0.1134]",Blade Runner,Email,H2 2023,5287.5822,Friday,Tablet,"Denver, United States",Euro,Sunday,2019-08-16,Apache-2.0,Opera,08-14-1971,2015,admin,9.72,June,2026-09-16,2026-03-06,Saturday,"Dallas, Germany",November,2.73,Firefox,SELECT * FROM users WHERE id = 'pending',7.2,2002,image/png,12:00:18,1997,99.17% uptime,December,TIMESTAMP,14 7 * * *,JSON,Edge,54080,Brave,4943-8814-5608-7096,2000,72405,Jan-Mar,2020-2025,08:34:23,"19 2 * * 0,6",Phone,Amoxicillin,This record manages compliance records.  The customer account manages data processing activities.,"$5,636,269",0006889747,4.67,1.7,820 697 1635,Order #{{id}},Web,Wearable,A formal definition of risk.,551.5,2021-05-20,2019-06-10T13:59:28Z,Wearable,rejected,GA6740016,2002,6.6,Published,Q4 2022,HOLD-2023-422,Phone,1029.86,Friday,2021-10-08,Q3 2025,raw.orders -> exports,2024-09-29
Monday,2020-07-08T00:00:00Z,14.0,2004,Opera,linda.williams,66440,[WARN] Batch 1455 completed,2026-02-22,Desktop,46 21 * * 1-5,Q1 2023,gmail.com,"Toronto, Japan",Video,21714,2021-06-19,28.79,The customer account monitors data processing activities.,2025-01-21,"$4,704,781",2022-04-01,Firefox,2022-12-30,Dear {{customer}},source_col -> output,type,-45.868624,November,2RD8NOLFZSN6SQTSJ,fp_1aa5d9095734871e,4.55,"1 3 * * 0,6",2023-06-25,"[-0.7669, 0.0647, 0.1504, -0.5161, -0.1615, -0.6651, -0.4282, -0.0399]",The Godfather,Phone,H2 2023,3817.1476,Monday,Smart TV,"London, Spain",Swiss Franc,Monday,2022-05-16,GPL-3.0,Brave,04-08-1982,2016,read,21.65,October,2021-10-27,2026-04-13,Friday,"Paris, Sweden",February,0.94,Chrome,SELECT * FROM products WHERE status = 'pending',91.1,2009,image/png,08:12:49,1993,99.725% uptime,June,BOOLEAN,8 3 * * *,JSON,Brave,UN3 3LN,Edge,3762-5525-6817-1269,2018,57029,FY 2025,Q1 2024,16:43:54,49 1 * * 1-5,In-Store,Amoxicillin,This record includes transaction histories.  This record tracks operational metrics.  The customer account tracks compliance records.  The system represents compliance records.,"$5,111,639",0001253814,5.58,16.5,910 813 6547,Hello {{name}},Mobile,IoT,A operational definition of data quality.,1403.7,2025-10-20,2019-12-04T06:27:38Z,Tablet,failed,CO1632620,1996,3.04,Published,Q2 2024,HOLD-2026-356,In-Store,"$59,875.30",Wednesday,2019-07-26,Q3 2021,raw.orders -> analytics,2026-07-07
Tuesday,2022-05-04T00:00:00Z,51.5,1992,Safari,michael.garcia,23123,[INFO] Health check passed,2021-02-12,Tablet,41 22 * * 1-5,Q4 2025,example.com,"Dallas, India",Video,42422,2024-02-27,61.59,This record includes customer interactions.,2025-07-26,"$3,549,032",2021-02-23,Opera,2018-10-31,Dear {{customer}},input -> output,status,87.893974,November,KCSA8XRJLA4VW2SQC,fp_1affb0409834145e,6.45,14 23 * * *,2020-10-02,"[0.0928, -0.1018, 0.1913, -0.6369, -0.621, 0.519, -0.0766, -0.1373]",Interstellar,Chat,Q1 2024,6723.6455,Friday,Wearable,"London, France",Japanese Yen,Sunday,2021-03-16,Apache-2.0,Brave,07/18/1947,2021,rwx,45.72,June,2020-08-09,2019-08-22,Friday,"Houston, Canada",August,9.58,Firefox,SELECT * FROM users WHERE status = 'pending',84.6,2020,application/xml,18:29:44,1997,99.32% uptime,February,JSON,"38 3 * * 0,6",BOOLEAN,Edge,37990,Opera,XXXX-XXXX-XXXX-6901,2003,41805,Jan-Mar,2020-2025,04:02:51,4 16 * * *,Email,Amoxicillin,This record manages transaction histories.  The system represents customer interactions.  This record tracks operational metrics.,"$757,135",0003403966,6.33,74.7,891-713-4112,Hello {{name}},Mobile,Mobile,A formal definition of risk.,1319.7,2020-09-04,2021-03-04T01:37:43Z,Desktop,failed,CA1786151,2008,7.99,Deprecated,Q3 2026,HOLD-2020-908,Email,"$10,003.74",Tuesday,2020-03-31,Q1 2022,raw.users -> exports,2024-05-03
Sunday,2026-08-16T00:00:00Z,34.9,2007,Firefox,william.white,64762,[DEBUG] Retry attempt 2822 of 3,2022-02-11,Tablet,"5 10 * * 0,6",Q1 2024,acme.org,"Chicago, Norway",Image,15596,2023-04-27,71.24,The customer account manages data processing activities.,2025-10-11,"$634,368",2021-11-26,Edge,2025-12-30,{{date}} - {{event}},field_a -> output,email,44.498268,January,MO7GGDIRP0XZ038TS,fp_6974bcbf90de02c8,7.22,"59 17 * * 0,6",2019-06-17,"[-0.4459, 0.3655, 0.611, 0.0133, 0.2795, 0.9688, -0.6343, -0.8824]",The Godfather,Web,2020-2025,2454.6335,Friday,IoT,"Phoenix, Switzerland",Swiss Franc,Wednesday,2024-09-18,CC BY 4.0,Edge,0011-19-2010,2011,read,42.08,November,2023-04-19,2025-10-10,Sunday,"Miami, Canada",June,9.76,Firefox,SELECT * FROM products WHERE type = 'active',47.3,2002,text/csv,11:17:44,1996,99.076% uptime,March,JSON,22 1 * * 1-5,INTEGER,Brave,BA5 5FZ,Safari,3786-2087-0900-6315,2001,7103,2020-2025,Q1 2024,12:37:44,14 1 * * 1-5,Chat,Ibuprofen,This record manages data processing activities.  The service represents data processing activities.  This record manages data processing activities.,"$3,675,183",0006951496,8.12,23.2,929.315.3538,{{date}} - {{event}},Phone,Mobile,A systematic definition of risk.,337.3,2023-05-16,2019-07-28 15:34:30,Mobile,active,OH2576330,2013,0.93,In Review,Q1 2022,HOLD-2025-879,In-Store,60687.11,Thursday,2022-01-28,Q3 2021,raw.events -> analytics,2023-03-21
Friday,2018-12-23T00:00:00Z,39.7,1995,Firefox,richard.martinez,15101,[WARN] Health check passed,2020-07-08,Desktop,35 13 * * 1-5,Q2 2022,outlook.com,"London, Israel",Image,21546,2019-11-08,47.38,The service monitors customer interactions.,2021-07-31,"$4,736,012",2019-01-11,Brave,2020-03-01,Dear {{customer}},source_col -> target_col,email,-12.312614,February,DP8RV3RJJ60SYMQ6I,fp_8295ed8d63697f1c,7.65,"23 4 * * 0,6",2018-11-26,"[-0.0433, 0.6087, 0.2456, -0.4592, 0.2807, -0.5613, -0.6832, 0.1178]",Inception,Phone,FY 2025,8342.3914,Friday,Wearable,"Atlanta, Sweden",Japanese Yen,Wednesday,2020-11-12,Proprietary,Firefox,03-20-1983,2005,rw,20.99,February,2026-11-21,2023-07-07,Monday,"Paris, Brazil",August,9.98,Brave,SELECT * FROM orders WHERE status = 'pending',50.2,2012,application/pdf,12:09:01,2001,99.925% uptime,July,BOOLEAN,"40 14 * * 0,6",TEXT,Brave,64649,Opera,6011-0300-1971-9168,2020,54319,FY 2025,2020-2025,22:45:22,27 11 * * 1-5,Social Media,Ibuprofen,This record monitors transaction histories.  The product represents compliance records.  This record includes customer interactions.  The customer account tracks operational metrics.,"$9,093,745",0000180139,2.15,65.4,(800) 510-1059,Order #{{id}},Social Media,Mobile,A operational definition of risk.,169.6,2025-11-24,2026-03-26 16:56:33,Smart TV,rejected,FL9717111,1993,4.86,Draft,Q1 2022,HOLD-2021-535,Chat,50993.56,Saturday,2019-09-20,Q3 2024,staging.orders -> reports,2019-05-09
Wednesday,2019-03-18T00:00:00Z,1.5,2012,Firefox,logan.rodriguez,81930,[INFO] Batch 2068 completed,2023-09-04,Smart TV,19 15 * * 1-5,Q1 2022,company.com,"Berlin, Japan",Article,35288,2019-05-16,65.46,The system represents compliance records.,2023-05-23,"$4,712,612",2024-07-31,Firefox,2023-09-26,Hello {{name}},field_a -> field_b,created_at,20.278854,April,HFGAECDSDWS5AJEI7,fp_a685015d10123224,7.76,47 5 * * *,2023-01-10,"[-0.4207, -0.4638, 0.2056, -0.0088, 0.1718, -0.4095, 0.5926, 0.2533]",Blade Runner,Chat,H2 2023,8076.436,Wednesday,Tablet,"Austin, Brazil",Euro,Tuesday,2020-05-14,GPL-3.0,Opera,01-17-1945,2000,write,74.26,July,2022-07-04,2021-09-02,Saturday,"Boston, France",July,7.22,Brave,SELECT * FROM products WHERE type = '1',29.8,1996,text/html,08:29:29,1990,99.736% uptime,October,JSON,18 19 * * *,FLOAT,Opera,84291,Opera,XXXX-XXXX-XXXX-9401,2005,745,Jan-Mar,FY 2025,05:53:12,43 22 * * 1-5,In-Store,Lisinopril,The service monitors data processing activities.  The service manages customer interactions.  The service manages transaction histories.,"$915,917",0000277905,0.74,88.2,+12519305331,{{date}} - {{event}},Mobile,Desktop,A operational definition of risk.,1885.6,2022-02-21,2021-08-17 13:17:10,Desktop,approved,WA8272390,1991,5.7,Deprecated,Q2 2024,HOLD-2025-498,Phone,"$48,985.69",Monday,2023-02-19,Q1 2025,curated.events -> analytics,2019-12-30
Wednesday,2024-04-24T00:00:00Z,49.7,2026,Safari,michael.wright,28987,[DEBUG] Connection established to 4433,2020-04-07,Smart TV,"57 4 * * 0,6",Q4 2023,company.com,"San Francisco, India",Article,36168,2018-02-21,51.92,The product includes transaction histories.,2023-04-11,"$4,755,681",2023-10-18,Brave,2020-05-15,Order #{{id}},source_col -> output,type,-60.064478,January,15EBCQFOKDLUYKGU1,fp_081d517e8579b113,0.76,57 12 * * *,2026-10-13,"[0.0701, 0.9221, -0.6156, -0.1998, 0.1857, 0.4422, -0.6416, -0.6497]",Interstellar,Mobile,FY 2025,4313.8541,Tuesday,Tablet,"Houston, Singapore",Japanese Yen,Thursday,2026-08-03,Apache-2.0,Opera,04/16/1998,1996,rwx,99.58,January,2020-06-28,2026-07-25,Wednesday,"Boston, India",October,9.87,Firefox,SELECT * FROM orders WHERE type = 'pending',15.6,2021,text/csv,18:56:22,2002,99.021% uptime,September,INTEGER,"33 14 * * 0,6",TIMESTAMP,Edge,87551,Firefox,3750-9732-7388-9948,2018,50402,FY 2025,2020-2025,21:09:12,"9 16 * * 0,6",Mobile,Ibuprofen,The service tracks transaction histories.  The service monitors operational metrics.,"$9,555,494",0003293908,2.16,90.5,+18833258491,Hello {{name}},Email,IoT,A formal definition of compliance.,233.1,2021-03-15,2021-07-19 15:08:57,Desktop,failed,PA3950733,2015,7.41,In Review,Q3 2024,HOLD-2024-613,Web,"$61,455.17",Friday,2020-10-08,Q4 2020,curated.events -> exports,2023-01-21
Thursday,2023-03-17T00:00:00Z,55.7,2009,Brave,oliver.thomas,55882,[ERROR] Batch 8628 completed,2020-05-18,Smart TV,"47 20 * * 0,6",Q1 2023,example.com,"New York, Brazil",Image,46614,2024-08-16,67.93,This record tracks transaction histories.,2026-05-06,"$2,911,962",2019-03-04,Firefox,2026-07-04,Hello {{name}},source_col -> target_col,type,-38.309612,July,PBNF24ZOX4PAY8BX0,fp_109e385983556697,8.68,44 18 * * 1-5,2021-03-27,"[-0.7039, 0.4601, 0.3721, 0.3089, -0.0337, -0.1888, -0.2115, 0.6759]",Inception,Mobile,Q1 2024,1315.8237,Saturday,IoT,"Paris, Germany",Euro,Wednesday,2020-10-07,MIT,Brave,0001-06-1988,2022,rw,42.46,May,2022-07-22,2021-11-24,Monday,"Los Angeles, Brazil",September,0.89,Edge,SELECT * FROM users WHERE id = 'active',41.6,1997,application/json,19:21:53,1996,99.02% uptime,October,INTEGER,15 0 * * 1-5,VARCHAR,Edge,96751,Brave,XXXX-XXXX-XXXX-5213,2014,83600,Q1 2024,FY 2025,10:04:33,4 16 * * 1-5,Phone,Aspirin,This record monitors operational metrics.  The system manages transaction histories.  The product manages data processing activities.  The product tracks operational metrics.,"$5,982,265",0006006241,6.31,53.6,874 951 7563,{{date}} - {{event}},Email,IoT,A operational definition of data quality.,152.4,2019-07-21,2022-12-22 11:16:09,Wearable,failed,MA5309393,2000,2.22,Archived,Q4 2023,HOLD-2021-460,In-Store,85578.78,Tuesday,2023-09-28,Q2 2025,staging.users -> reports,2020-01-03
Tuesday,2020-11-26T00:00:00Z,74.0,2010,Firefox,oliver.thompson,12815,[DEBUG] Request processed in 1067ms,2020-02-14,Smart TV,27 11 * * *,Q2 2026,yahoo.com,"Miami, Germany",Infographic,20929,2018-08-11,36.54,The system monitors compliance records.,2023-08-29,"$3,228,506",2021-06-04,Chrome,2019-10-18,Order #{{id}},field_a -> field_b,created_at,-86.331328,May,SXKPARMNYPU1OXL0K,fp_ab3098a84e8d1e01,2.39,55 7 * * *,2026-02-08,"[0.6789, -0.1407, 0.1897, 0.3618, 0.5231, 0.2777, -0.7137, 0.4528]",Interstellar,In-Store,FY 2025,-991.9089,Saturday,IoT,"Phoenix, South Korea",British Pound,Thursday,2026-12-14,GPL-3.0,Edge,06/20/1977,2012,execute,55.23,October,2022-07-16,2021-08-29,Saturday,"New York, Brazil",October,6.45,Brave,SELECT * FROM products WHERE type = '1',22.3,2022,image/png,04:29:26,2024,99.585% uptime,July,JSON,"35 2 * * 0,6",TEXT,Chrome,PI1 6AD,Edge,6011-9893-6915-3200,2023,49042,FY 2025,Q1 2024,16:32:19,18 12 * * *,Email,Ibuprofen,The system monitors transaction histories.  The system manages transaction histories.  The system includes operational metrics.,"$5,702,692",0009543817,9.49,45.1,(220) 470-1988,Hello {{name}},Email,Smart TV,A systematic definition of data quality.,355.7,2020-05-06,2026-10-19T00:47:18Z,IoT,failed,CA7256098,1992,4.52,Draft,Q4 2024,HOLD-2020-219,Web,"$48,875.58",Thursday,2026-02-12,Q1 2021,raw.users -> analytics,2018-04-13
Friday,2021-05-29T00:00:00Z,19.9,2023,Firefox,susan.martinez,52266,[ERROR] Cache miss for key 4648,2021-01-21,Smart TV,"25 15 * * 0,6",Q3 2021,gmail.com,"Seattle, Australia",Article,11059,2021-05-14,19.24,The customer account includes operational metrics.,2018-06-21,"$2,009,981",2020-01-20,Firefox,2018-11-11,Dear {{customer}},source_col -> output,email,-43.308043,February,K92X6IOT7W4HMJG32,fp_59d0e575bfabd2c0,8.12,"3 11 * * 0,6",2024-06-21,"[0.0638, 0.5435, -0.0217, -0.9765, 0.799, -0.7042, -0.8348, -0.3384]",Interstellar,Social Media,FY 2025,5505.8463,Saturday,IoT,"Denver, Israel",Swiss Franc,Tuesday,2024-02-21,CC BY 4.0,Safari,04/20/1977,2011,read,23.16,November,2021-03-07,2023-11-21,Wednesday,"San Francisco, Norway",November,2.24,Safari,SELECT * FROM products WHERE id = '1',5.0,1997,application/pdf,07:05:53,2016,99.393% uptime,May,BOOLEAN,7 15 * * 1-5,FLOAT,Firefox,WJ4 8UB,Firefox,6011-6817-0072-4850,2019,83123,FY 2025,H2 2023,12:56:03,28 3 * * 1-5,Email,Metformin,The customer account monitors transaction histories.  The system includes data processing activities.  This record represents customer interactions.,"$3,521,191",0003926154,5.12,78.2,(373) 591-9988,Hello {{name}},Email,Wearable,A operational definition of compliance.,1764.8,2018-02-10,2022-09-14T14:55:13Z,Smart TV,active,CO5653262,2003,8.93,Archived,Q4 2024,HOLD-2026-615,Mobile,"$83,398.31",Saturday,2019-11-14,Q4 2024,curated.events -> exports,2026-09-18
Friday,2023-08-15T00:00:00Z,15.0,2018,Edge,jennifer.garcia,68563,[INFO] Connection established to 4177,2023-07-19,Tablet,29 6 * * 1-5,Q2 2023,outlook.com,"Houston, South Korea",Article,10494,2022-01-03,1.67,The product includes operational metrics.,2021-04-10,"$965,920",2020-02-07,Chrome,2025-08-06,{{date}} - {{event}},field_a -> target_col,type,12.264022,November,7JMDJBQ07QU6E0CDF,fp_c133933a3ecf08b8,3.81,"39 2 * * 0,6",2022-01-22,"[0.4702, -0.2097, -0.0121, 0.3664, 0.2054, -0.4216, -0.5193, -0.1831]",The Matrix,Chat,FY 2025,4078.8662,Friday,Tablet,"Denver, Germany",Japanese Yen,Tuesday,2023-05-19,CC BY 4.0,Edge,0009-05-1986,2009,r-x,23.3,August,2018-09-30,2020-05-12,Saturday,"Denver, Germany",August,9.83,Safari,SELECT * FROM products WHERE id = 'active',18.1,2010,image/png,05:25:09,2009,99.334% uptime,April,TIMESTAMP,44 0 * * 1-5,VARCHAR,Firefox,FD1 7LQ,Edge,4317-7894-5987-8041,2021,50307,Q1 2024,2020-2025,14:12:02,16 22 * * *,Email,Metformin,The system represents operational metrics.  This record tracks operational metrics.  This record includes customer interactions.  The customer account represents data processing activities.,"$724,860",0008625577,1.11,68.5,(585) 923-2540,Dear {{customer}},Phone,Mobile,A operational definition of compliance.,232.7,2022-08-18,2018-10-25T11:19:12Z,Smart TV,approved,WA4829372,2015,8.54,Archived,Q1 2024,HOLD-2024-359,In-Store,"$17,079.91",Sunday,2020-10-20,Q1 2024,curated.users -> analytics,2019-09-08
Thursday,2023-06-03T00:00:00Z,33.8,1995,Edge,amy.harris,36924,[INFO] Cache miss for key 7975,2025-04-27,IoT,43 9 * * 1-5,Q2 2024,gmail.com,"Phoenix, Switzerland",Infographic,49813,2018-07-25,67.45,The product monitors transaction histories.,2022-10-22,"$3,979,270",2022-05-29,Brave,2025-01-15,Hello {{name}},field_a -> target_col,created_at,54.569788,October,7532LN8OMYE4NRQH1,fp_1c1f7035290a10e3,0.85,17 6 * * *,2020-06-07,"[0.1358, 0.2683, 0.0613, -0.0253, -0.1495, 0.7693, 0.3488, -0.2023]",Blade Runner,Chat,H2 2023,-821.0282,Sunday,Tablet,"Dallas, Mexico",US Dollar,Tuesday,2025-01-15,CC BY 4.0,Safari,0004-24-1961,2011,r-x,43.06,March,2022-07-17,2021-10-28,Wednesday,"Tokyo, South Korea",January,4.56,Chrome,SELECT * FROM orders WHERE status = 'active',14.1,2012,image/png,15:34:43,1990,99.44% uptime,August,VARCHAR,40 8 * * *,TIMESTAMP,Chrome,TH3 3JQ,Edge,XXXX-XXXX-XXXX-7119,2019,18273,Jan-Mar,2020-2025,02:33:40,32 19 * * 1-5,Web,Ibuprofen,The customer account manages compliance records.  The product represents transaction histories.  The customer account represents data processing activities.,"$811,557",0002628398,3.5,66.7,748-939-7574,Order #{{id}},Mobile,IoT,A systematic definition of risk.,797.6,2018-08-01,2023-10-25 21:13:08,Wearable,inactive,IL8040385,2025,6.18,Draft,Q3 2024,HOLD-2025-814,Social Media,58318.75,Friday,2023-01-15,Q2 2022,raw.orders -> exports,2025-01-10
Sunday,2026-04-22T00:00:00Z,12.2,1991,Firefox,lucas.martin,36612,[INFO] Request processed in 6535ms,2020-09-30,Desktop,"32 22 * * 0,6",Q1 2020,company.com,"Portland, Italy",Image,45906,2025-01-19,85.91,The service includes transaction histories.,2021-06-25,"$3,136,934",2025-10-08,Edge,2025-02-17,Hello {{name}},field_a -> field_b,created_at,50.81663,July,8VCXERJSEJUVOP0CB,fp_1db9c83707cb8c8d,5.94,52 17 * * 1-5,2023-10-27,"[-0.7261, 0.0833, 0.3277, -0.5076, 0.444, 0.9428, 0.5767, -0.1126]",Interstellar,Web,Q1 2024,9739.6521,Sunday,Wearable,"Berlin, Brazil",Swiss Franc,Tuesday,2021-10-27,Proprietary,Firefox,0002-26-2004,2021,rwx,37.34,February,2018-10-25,2018-03-27,Monday,"Toronto, Spain",November,6.69,Brave,SELECT * FROM products WHERE status = 'active',73.1,2005,text/html,06:53:12,1999,99.484% uptime,November,VARCHAR,37 22 * * 1-5,TEXT,Firefox,AA2 1UP,Firefox,3750-6984-8451-5534,2023,60872,FY 2025,FY 2025,00:55:38,"2 17 * * 0,6",Phone,Lisinopril,The service includes operational metrics.  This record manages compliance records.  The system represents transaction histories.,"$7,834,592",0002306225,6.2,42.1,782.778.2509,{{date}} - {{event}},Email,Mobile,A operational definition of data quality.,66.4,2021-01-09,2025-02-28 17:48:33,Tablet,approved,FL3674366,2017,3.35,Deprecated,Q1 2026,HOLD-2022-633,Social Media,"$18,041.67",Monday,2021-12-10,Q3 2023,curated.users -> analytics,2026-10-21
Tuesday,2020-06-23T00:00:00Z,75.0,2005,Opera,david.anderson,66938,[DEBUG] Batch 5672 completed,2023-01-26,Smart TV,27 15 * * 1-5,Q3 2023,company.com,"Atlanta, Mexico",Podcast,53971,2025-12-17,1.8,The product monitors operational metrics.,2024-04-21,"$2,156,248",2024-07-28,Brave,2023-05-20,Dear {{customer}},input -> output,status,-33.790204,November,29VBHVLB0ADO407WP,fp_b8fd3a3655d75d89,6.25,45 9 * * 1-5,2025-01-31,"[0.6354, 0.6651, -0.5889, 0.0902, 0.8632, -0.0152, -0.0537, -0.5291]",The Godfather,Chat,FY 2025,7732.7,Monday,Desktop,"Austin, Sweden",British Pound,Sunday,2025-11-14,GPL-3.0,Brave,0011-27-1998,2017,admin,74.07,February,2026-03-09,2020-07-15,Friday,"Toronto, Italy",December,4.7,Chrome,SELECT * FROM products WHERE id = 'active',49.4,2019,application/pdf,05:10:51,2000,99.19% uptime,June,BOOLEAN,"39 16 * * 0,6",TIMESTAMP,Chrome,87794,Chrome,XXXX-XXXX-XXXX-9916,1996,56115,H2 2023,Jan-Mar,22:31:08,"21 7 * * 0,6",Mobile,Amoxicillin,The product includes transaction histories.  The service manages compliance records.  This record represents data processing activities.  The system includes compliance records.,"$7,508,993",0005616176,9.0,26.8,919 468 8702,Order #{{id}},Web,Smart TV,A formal definition of data quality.,1791.5,2024-09-14,2026-06-26 00:32:30,Desktop,failed,NY9240273,2001,7.79,In Review,Q1 2022,HOLD-2020-675,Mobile,61835.81,Friday,2026-02-27,Q4 2021,staging.users -> analytics,2022-04-13
Thursday,2018-03-02T00:00:00Z,92.4,1996,Firefox,ethan.martinez,96097,[ERROR] Retry attempt 3166 of 3,2026-06-22,Mobile,58 9 * * *,Q2 2021,gmail.com,"Phoenix, Netherlands",Podcast,52350,2019-08-18,26.55,The product represents data processing activities.,2021-11-04,"$1,649,347",2025-06-08,Brave,2025-06-21,Hello {{name}},input -> output,amount,-38.855319,August,89FJCQUX2MSOGJH2V,fp_74c6b74f82a73f51,4.88,58 9 * * *,2021-07-25,"[-0.4468, 0.0327, -0.3463, 1.0207, 0.9914, -1.1185, -0.37, 0.3219]",Blade Runner,Social Media,Jan-Mar,3841.0989,Saturday,Desktop,"Sydney, United Kingdom",Swiss Franc,Thursday,2025-01-12,MIT,Safari,0012-07-1986,1996,write,71.56,April,2020-02-09,2022-10-13,Wednesday,"Berlin, Spain",May,3.85,Safari,SELECT * FROM products WHERE type = 'pending',69.5,2009,application/pdf,17:36:59,1992,99.02% uptime,July,VARCHAR,"7 22 * * 0,6",FLOAT,Firefox,45917,Chrome,3779-4630-0535-9341,2021,21019,H2 2023,Q1 2024,08:59:21,14 2 * * 1-5,Social Media,Aspirin,This record includes operational metrics.  The product manages transaction histories.  This record represents compliance records.  The service represents customer interactions.,"$7,010,753",0008334923,3.81,15.4,+14898073066,Dear {{customer}},Chat,Wearable,A systematic definition of data quality.,462.5,2022-08-18,2022-03-27T23:17:25Z,IoT,pending,PA3476034,2014,6.92,Draft,Q2 2024,HOLD-2020-751,Social Media,"$13,849.14",Saturday,2020-02-21,Q1 2025,curated.users -> reports,2018-10-11
Tuesday,2025-05-22T00:00:00Z,26.4,2016,Opera,michael.lewis,67161,[WARN] Connection established to 8202,2024-09-29,Wearable,57 20 * * 1-5,Q3 2020,company.com,"Portland, India",Podcast,17182,2023-12-06,37.58,The service manages transaction histories.,2018-04-21,"$1,144,721",2019-01-08,Safari,2019-05-27,{{date}} - {{event}},input -> field_b,name,28.210173,November,CT38TTHFPW3M4QCW1,fp_dbf31afe2d043187,9.38,6 19 * * *,2022-07-23,"[-0.3501, 0.125, -0.2741, 0.0283, -0.3298, 0.0452, -0.2459, 0.3091]",The Godfather,Phone,H2 2023,5037.0397,Tuesday,Tablet,"Miami, Australia",Euro,Sunday,2025-01-16,Proprietary,Brave,03-22-2005,2011,execute,22.73,July,2024-04-25,2020-05-08,Saturday,"Berlin, Italy",August,3.75,Edge,SELECT * FROM orders WHERE id = '1',9.1,1997,text/csv,12:07:31,2025,99.003% uptime,July,FLOAT,49 23 * * 1-5,VARCHAR,Brave,95676,Firefox,6011-2613-1837-9629,1999,83976,FY 2025,Jan-Mar,01:14:06,"46 9 * * 0,6",Phone,Lisinopril,The system manages operational metrics.  This record tracks data processing activities.  The system tracks data processing activities.  This record includes data processing activities.,"$7,074,646",0005968431,4.39,28.7,814 649 3021,{{date}} - {{event}},In-Store,Desktop,A systematic definition of risk.,973.5,2023-05-25,2022-04-18T04:56:16Z,IoT,completed,IL7367137,1994,8.45,Draft,Q3 2026,HOLD-2026-227,Mobile,"$93,167.02",Sunday,2019-12-07,Q1 2021,raw.orders -> exports,2019-11-28
Friday,2023-06-08T00:00:00Z,53.5,2011,Opera,mason.white,82544,[DEBUG] Connection established to 2383,2025-09-20,Desktop,"51 16 * * 0,6",Q3 2021,outlook.com,"Miami, Australia",Image,16905,2022-04-21,41.9,The system tracks data processing activities.,2025-12-06,"$471,452",2025-03-11,Brave,2020-05-26,Dear {{customer}},source_col -> output,email,54.390141,August,EUF3PXNXI25PBDTBS,fp_dbdc0f9145eaaf3e,1.1,29 2 * * *,2023-06-28,"[0.261, -0.8389, -0.1199, 0.2041, 0.4339, -0.0511, 0.2628, 0.366]",The Godfather,Chat,Jan-Mar,-796.3539,Thursday,Tablet,"Portland, Switzerland",British Pound,Tuesday,2018-09-29,GPL-3.0,Edge,06-13-1947,2018,execute,5.87,December,2019-10-21,2020-03-18,Saturday,"Boston, Spain",September,5.37,Chrome,SELECT * FROM users WHERE status = 'pending',65.8,2020,image/png,03:34:33,1990,99.877% uptime,June,JSON,3 1 * * *,FLOAT,Edge,SE1 4NW,Brave,4823-0066-4873-6680,2003,77841,FY 2025,H2 2023,14:29:01,"19 23 * * 0,6",Mobile,Lisinopril,The customer account includes transaction histories.  The customer account manages operational metrics.  The service monitors compliance records.  The system tracks compliance records.,"$1,849,404",0007561238,9.0,94.1,(530) 631-9978,Hello {{name}},In-Store,Wearable,A formal definition of compliance.,267.1,2022-08-15,2018-09-04T05:15:39Z,IoT,cancelled,MA7900751,2001,1.32,Published,Q3 2020,HOLD-2020-467,Phone,"$41,455.72",Friday,2026-07-08,Q4 2026,raw.events -> exports,2025-03-01
Monday,2026-05-14T00:00:00Z,66.7,1999,Firefox,lucas.martin,70771,[ERROR] Retry attempt 9738 of 3,2026-10-20,Mobile,33 11 * * *,Q1 2022,outlook.com,"San Francisco, United States",Image,41657,2021-01-15,9.34,This record includes data processing activities.,2023-11-29,"$4,854,076",2020-02-11,Chrome,2022-11-27,{{date}} - {{event}},source_col -> field_b,amount,-10.312623,July,CKG4LLRWO1138JBKI,fp_dee70a3c7aa38391,0.26,9 6 * * 1-5,2020-08-05,"[-0.1166, -0.3313, -0.3386, 0.187, 0.3829, 0.2889, -1.1952, 0.0168]",The Matrix,Chat,Q1 2024,6417.9216,Thursday,Tablet,"Tokyo, Norway",Euro,Saturday,2021-05-23,GPL-3.0,Edge,0001-04-1972,2017,rw,11.2,April,2022-07-07,2021-11-03,Friday,"Los Angeles, Mexico",March,4.85,Opera,SELECT * FROM products WHERE id = 'active',42.6,2023,application/xml,22:28:31,2017,99.523% uptime,September,TEXT,2 10 * * 1-5,VARCHAR,Edge,19120,Chrome,5760-8025-6629-3534,2022,3453,FY 2025,2020-2025,06:23:15,53 3 * * 1-5,Phone,Aspirin,The customer account tracks compliance records.  The system tracks data processing activities.  This record manages transaction histories.,"$9,522,119",0000868452,7.0,84.7,(917) 800-7764,Dear {{customer}},Phone,Wearable,A formal definition of data quality.,1131.4,2026-09-18,2026-11-12T13:45:51Z,Smart TV,cancelled,MA5518956,2021,7.28,In Review,Q4 2026,HOLD-2023-283,In-Store,"$80,204.21",Tuesday,2021-08-19,Q2 2026,raw.orders -> analytics,2018-10-21
Sunday,2022-09-10T00:00:00Z,26.9,2002,Chrome,logan.king,91515,[INFO] Connection established to 5943,2022-08-11,Wearable,"12 3 * * 0,6",Q1 2025,gmail.com,"Boston, Australia",Infographic,09764,2020-11-13,88.59,The service tracks data processing activities.,2026-08-21,"$2,836,944",2018-02-23,Edge,2018-04-27,{{date}} - {{event}},input -> field_b,id,62.281371,September,VDRIQ8X7P92BZZT1Q,fp_f6caf7cd5cc06d09,2.41,46 10 * * 1-5,2025-09-09,"[-0.2493, 0.6963, 0.676, 0.1505, 0.5625, 0.2499, -0.3671, 0.2637]",Interstellar,Chat,2020-2025,3709.2024,Friday,Wearable,"Austin, Spain",Japanese Yen,Wednesday,2022-06-14,BSD-3-Clause,Edge,11/26/2005,2010,rwx,3.89,May,2018-01-26,2026-04-26,Wednesday,"Portland, India",July,7.23,Opera,SELECT * FROM users WHERE type = 'pending',39.1,2006,application/pdf,07:07:18,2004,99.213% uptime,March,TEXT,"50 17 * * 0,6",FLOAT,Brave,SY6 3LP,Chrome,3779-9968-2960-1732,1992,28427,2020-2025,Jan-Mar,10:12:08,24 10 * * *,Mobile,Ibuprofen,The product manages compliance records.  The customer account manages operational metrics.  The customer account represents transaction histories.,"$4,045,224",0009953496,9.56,98.0,383.222.8566,Order #{{id}},In-Store,Wearable,A operational definition of compliance.,939.9,2021-01-03,2023-11-10T18:41:08Z,Tablet,active,WA8382718,1992,8.51,Published,Q3 2026,HOLD-2026-661,Mobile,"$91,708.92",Monday,2026-11-12,Q3 2021,raw.orders -> analytics,2021-01-14
Friday,2018-10-16T00:00:00Z,85.1,2006,Chrome,mason.lewis,2430,[WARN] Cache miss for key 151,2025-10-28,IoT,44 6 * * 1-5,Q2 2021,example.com,"Los Angeles, Japan",Infographic,18465,2019-01-27,8.53,This record represents compliance records.,2019-01-20,"$169,120",2025-03-09,Edge,2020-11-06,Dear {{customer}},field_a -> target_col,email,50.041483,May,S8DC45ZPSVJGLR1AS,fp_7a5cec7eb23b664d,7.74,38 16 * * 1-5,2026-02-28,"[-0.1457, 0.2449, -0.4846, -0.5318, -0.3528, -0.2298, 1.1004, 1.0521]",The Matrix,Web,Q1 2024,3384.6378,Thursday,Smart TV,"San Francisco, India",Japanese Yen,Friday,2020-07-05,CC BY 4.0,Opera,0005-01-1972,1990,read,85.69,March,2023-10-08,2024-05-28,Saturday,"Portland, Singapore",November,1.94,Chrome,SELECT * FROM users WHERE status = '1',72.5,2025,application/xml,14:10:41,2009,99.977% uptime,November,JSON,6 16 * * *,JSON,Edge,30230,Chrome,4754-5932-2595-3268,2013,9806,Jan-Mar,Jan-Mar,08:42:20,16 11 * * 1-5,Phone,Amoxicillin,This record tracks customer interactions.  The service includes operational metrics.  The service includes data processing activities.,"$781,855",0007230235,8.59,81.6,(719) 556-3834,Hello {{name}},Chat,Smart TV,A systematic definition of data quality.,1109.2,2025-07-12,2023-07-04 01:00:02,IoT,rejected,IL8225754,2015,1.64,Published,Q4 2026,HOLD-2023-153,Phone,33122.69,Sunday,2023-03-28,Q1 2022,staging.users -> exports,2026-09-04
Saturday,2022-01-06T00:00:00Z,30.9,2025,Edge,olivia.young,11021,[ERROR] Health check passed,2021-02-12,Wearable,"33 1 * * 0,6",Q2 2024,gmail.com,"Tokyo, Japan",Video,26640,2024-03-30,7.55,The customer account manages compliance records.,2026-04-07,"$2,008,520",2025-11-13,Safari,2021-08-21,{{date}} - {{event}},source_col -> output,name,-36.291123,December,H9IOOIL77FN3WWUN9,fp_016098fe06302c6b,1.57,25 11 * * *,2023-12-08,"[0.7401, 0.5699, 0.4855, -0.6412, 0.918, -0.5856, 0.117, 1.1617]",Blade Runner,Email,Jan-Mar,6565.5856,Saturday,Smart TV,"Los Angeles, United Kingdom",British Pound,Saturday,2023-07-05,Apache-2.0,Safari,06-13-1983,2024,read,95.07,January,2020-09-13,2020-04-25,Saturday,"Houston, India",June,3.03,Brave,SELECT * FROM products WHERE status = 'pending',41.5,1995,image/png,21:13:43,1990,99.04% uptime,May,VARCHAR,59 0 * * *,JSON,Opera,49802,Firefox,4270-3065-4529-7571,1991,34036,H2 2023,Q1 2024,09:47:44,50 8 * * *,Mobile,Ibuprofen,This record tracks transaction histories.  The service monitors data processing activities.,"$406,347",0004623187,1.33,28.9,527-716-2250,Dear {{customer}},Email,Desktop,A operational definition of risk.,1415.2,2022-01-14,2023-01-13 14:41:58,Smart TV,inactive,PA3655644,2002,3.73,Draft,Q2 2026,HOLD-2020-445,Mobile,"$41,713.47",Wednesday,2023-12-28,Q2 2020,curated.events -> analytics,2020-08-11
Friday,2018-01-18T00:00:00Z,54.5,2016,Firefox,aiden.jackson,69888,[DEBUG] Health check passed,2019-04-05,Desktop,32 12 * * *,Q3 2020,acme.org,"Chicago, South Korea",Podcast,46828,2025-04-05,92.74,The customer account manages transaction histories.,2023-01-03,"$2,277,971",2021-05-09,Chrome,2026-07-26,{{date}} - {{event}},source_col -> target_col,amount,-53.868354,November,ILT8G8S6D85P26M3M,fp_220ec735fba74dbb,5.42,34 10 * * *,2026-04-11,"[-0.0869, -0.4989, 0.6302, 0.1739, 0.5033, -0.1194, -0.1209, 0.5899]",Interstellar,Email,Q1 2024,216.7355,Saturday,Desktop,"Chicago, Norway",British Pound,Monday,2022-08-23,MIT,Opera,02-12-1951,2007,rwx,22.45,March,2023-02-12,2018-03-02,Wednesday,"San Francisco, Switzerland",January,3.72,Chrome,SELECT * FROM products WHERE id = 'pending',51.5,2008,application/pdf,13:37:09,1994,99.173% uptime,April,INTEGER,"3 20 * * 0,6",INTEGER,Safari,TF5 3GA,Chrome,3781-4096-1559-8805,2008,34464,FY 2025,2020-2025,23:17:10,"56 18 * * 0,6",In-Store,Ibuprofen,The customer account tracks data processing activities.  The product manages compliance records.  This record manages compliance records.  The system includes data processing activities.,"$3,095,049",0000497686,2.87,21.3,441-538-2385,{{date}} - {{event}},Web,IoT,A formal definition of compliance.,1188.3,2026-07-01,2022-06-19 13:43:14,Wearable,approved,GA1054979,2000,3.63,Published,Q4 2020,HOLD-2023-992,In-Store,87561.22,Tuesday,2023-07-28,Q3 2026,curated.users -> analytics,2019-08-20
Friday,2019-02-21T00:00:00Z,66.1,2022,Safari,michael.jackson,69257,[ERROR] Retry attempt 5056 of 3,2026-04-06,Wearable,"17 12 * * 0,6",Q1 2022,acme.org,"Portland, Germany",Podcast,07588,2022-09-02,44.92,The customer account tracks customer interactions.,2018-04-10,"$4,159,918",2026-04-23,Opera,2024-05-12,Hello {{name}},input -> output,name,-29.954164,July,SE0GDOWNEEGY8B7M9,fp_560a6f14d3f43d10,1.01,6 13 * * *,2026-05-03,"[0.2307, 0.4666, -0.1648, -0.0689, -0.0308, 0.556, -0.3752, 0.176]",The Matrix,Chat,2020-2025,-287.3802,Monday,Smart TV,"Portland, France",Euro,Sunday,2025-10-10,Apache-2.0,Opera,01/17/1945,1992,execute,73.02,July,2021-08-25,2026-05-14,Wednesday,"London, Germany",January,5.49,Opera,SELECT * FROM orders WHERE id = 'active',0.4,1993,image/png,11:46:59,2021,99.089% uptime,January,INTEGER,37 5 * * *,TIMESTAMP,Edge,DK2 2EP,Firefox,XXXX-XXXX-XXXX-6591,1996,44990,Q1 2024,H2 2023,18:37:56,27 21 * * *,Chat,Aspirin,The product monitors compliance records.  This record includes operational metrics.  The customer account tracks data processing activities.  This record includes data processing activities.,"$5,589,863",0003616497,8.65,93.0,(260) 328-2526,Hello {{name}},In-Store,Smart TV,A formal definition of data quality.,337.6,2020-03-31,2020-07-08T15:30:13Z,Mobile,rejected,TX2351301,2019,8.05,Draft,Q1 2021,HOLD-2025-841,Email,"$33,979.21",Friday,2022-07-03,Q4 2026,raw.orders -> reports,2022-02-03
Tuesday,2020-12-05T00:00:00Z,98.3,2005,Chrome,elizabeth.anderson,80337,[ERROR] Retry attempt 9626 of 3,2019-12-09,Tablet,19 17 * * 1-5,Q4 2025,example.com,"Paris, Australia",Podcast,03252,2023-04-12,19.5,The system manages customer interactions.,2022-10-10,"$1,060,701",2026-12-20,Edge,2018-02-08,{{date}} - {{event}},input -> field_b,name,43.684771,October,BSDT8Y5B1BVF76MHA,fp_885f14ce7bcf2c05,8.82,49 0 * * 1-5,2018-04-02,"[-0.1405, 0.3443, 1.3348, -0.2674, 0.1355, -0.1162, 0.5285, 0.1999]",Inception,Phone,FY 2025,1660.432,Tuesday,Tablet,"Portland, Spain",Euro,Friday,2025-08-06,Proprietary,Firefox,0010-22-1985,1990,write,39.31,January,2021-09-01,2021-02-27,Thursday,"Boston, Japan",August,1.98,Edge,SELECT * FROM products WHERE status = '1',90.3,1997,application/pdf,14:42:25,1994,99.109% uptime,January,TIMESTAMP,24 6 * * *,JSON,Opera,48418,Safari,XXXX-XXXX-XXXX-6360,2018,65335,Jan-Mar,Jan-Mar,04:23:58,"24 19 * * 0,6",Mobile,Amoxicillin,The customer account includes data processing activities.  The service monitors compliance records.,"$8,717,459",0005334572,4.63,42.3,(607) 821-2532,{{date}} - {{event}},Email,Desktop,A operational definition of risk.,90.1,2020-07-06,2025-02-11T03:49:17Z,Desktop,inactive,TX2310673,1994,1.66,Published,Q2 2024,HOLD-2024-558,Mobile,"$45,899.06",Tuesday,2025-11-09,Q2 2025,curated.events -> exports,2024-02-28
Tuesday,2023-12-01T00:00:00Z,74.3,2008,Chrome,aiden.thompson,79400,[WARN] Health check passed,2018-09-30,IoT,23 2 * * *,Q4 2024,gmail.com,"Chicago, Singapore",Infographic,21248,2023-09-30,10.87,The customer account tracks transaction histories.,2019-10-08,"$2,702,816",2022-01-08,Brave,2024-01-31,Order #{{id}},source_col -> target_col,status,19.170556,December,VH0WIRF689URQOEWB,fp_fd7439e8e24e0ed6,1.45,"54 2 * * 0,6",2025-03-03,"[0.7244, 0.2608, -0.2626, 0.6776, 0.3426, 0.7215, -0.6444, -0.2929]",The Godfather,Mobile,2020-2025,4418.0805,Monday,Mobile,"Dallas, Norway",British Pound,Saturday,2026-11-19,GPL-3.0,Firefox,01/20/1968,2025,write,24.91,July,2026-09-07,2025-06-22,Tuesday,"Phoenix, Brazil",July,6.16,Opera,SELECT * FROM orders WHERE status = '1',63.7,2023,application/pdf,06:44:39,2003,99.425% uptime,January,FLOAT,10 18 * * *,VARCHAR,Firefox,GY8 7MC,Chrome,6011-9044-0500-0904,1999,31269,Jan-Mar,FY 2025,12:26:33,25 6 * * 1-5,In-Store,Amoxicillin,This record monitors data processing activities.  The customer account tracks transaction histories.  The customer account monitors operational metrics.,"$5,805,344",0001855236,9.1,19.0,250 243 7385,Hello {{name}},Email,Mobile,A operational definition of data quality.,1399.5,2021-06-30,2018-04-28 08:06:24,Desktop,failed,IL4946056,1993,0.01,Draft,Q4 2024,HOLD-2025-478,Web,1319.26,Thursday,2023-12-12,Q2 2023,curated.orders -> exports,2021-11-25
Saturday,2024-11-03T00:00:00Z,63.0,2006,Chrome,linda.king,68728,[ERROR] Cache miss for key 8328,2025-12-12,Desktop,"27 4 * * 0,6",Q4 2021,yahoo.com,"Paris, Sweden",Article,11468,2020-12-31,3.4,The product represents customer interactions.,2024-11-13,"$333,298",2020-08-16,Chrome,2025-11-07,Dear {{customer}},source_col -> output,created_at,10.078509,August,DWQ9JF0D6XM7ZIJT2,fp_aaa83f013fc2a2e4,3.21,"4 10 * * 0,6",2020-08-12,"[-0.4848, 0.1365, -0.0937, 0.3123, -0.143, 0.3792, -0.6792, -0.0548]",Inception,Web,2020-2025,4441.4745,Wednesday,Smart TV,"Miami, India",Euro,Wednesday,2018-07-05,Proprietary,Safari,05-14-1991,2002,read,41.27,August,2020-03-03,2021-08-25,Thursday,"Houston, Norway",January,1.02,Opera,SELECT * FROM orders WHERE status = '1',49.0,2007,text/csv,17:20:44,2022,99.188% uptime,November,TIMESTAMP,"38 14 * * 0,6",TEXT,Edge,74888,Brave,XXXX-XXXX-XXXX-5835,2016,62323,Jan-Mar,Q1 2024,09:43:37,48 14 * * *,In-Store,Metformin,The service represents operational metrics.  The customer account tracks data processing activities.,"$7,239,926",0009163143,0.66,81.8,+18524251754,Order #{{id}},Email,IoT,A formal definition of risk.,686.8,2023-08-15,2019-11-16 01:45:49,Desktop,completed,GA2906205,2010,6.55,Deprecated,Q4 2020,HOLD-2022-803,Social Media,21017.23,Tuesday,2023-11-21,Q3 2023,raw.orders -> analytics,2025-06-24
Sunday,2019-04-28T00:00:00Z,13.2,2020,Chrome,anna.anderson,77276,[WARN] Health check passed,2025-05-07,Smart TV,"44 20 * * 0,6",Q1 2022,example.com,"Portland, Sweden",Video,14380,2025-12-27,46.32,The service manages customer interactions.,2019-06-17,"$3,788,588",2019-09-19,Opera,2020-11-25,{{date}} - {{event}},source_col -> field_b,status,25.927897,November,KZ6YTB610LRY4XGYR,fp_694334846a796018,2.16,16 5 * * *,2025-01-28,"[0.5038, 0.2789, 0.2648, 0.075, 0.8731, -0.0207, 0.5531, -0.6994]",The Godfather,Chat,Q1 2024,3940.5643,Saturday,IoT,"Seattle, Australia",Japanese Yen,Tuesday,2025-02-20,Apache-2.0,Brave,0008-19-2001,2020,r-x,59.58,April,2021-01-15,2023-09-10,Wednesday,"Paris, Switzerland",January,8.86,Opera,SELECT * FROM orders WHERE type = 'active',58.8,1996,application/json,07:52:53,2005,99.144% uptime,June,JSON,33 0 * * *,FLOAT,Edge,13021,Opera,6011-4260-6471-7791,2013,169,Jan-Mar,H2 2023,16:16:42,"0 18 * * 0,6",Web,Ibuprofen,The system tracks compliance records.  The service represents compliance records.  The system represents data processing activities.,"$2,330,241",0003287777,3.47,30.6,385-271-6476,Dear {{customer}},In-Store,IoT,A operational definition of data quality.,635.1,2021-06-17,2024-02-27T20:53:30Z,IoT,approved,PA7355810,2015,4.62,In Review,Q2 2022,HOLD-2024-453,Web,"$97,620.84",Tuesday,2020-02-23,Q4 2022,raw.orders -> exports,2019-06-26
Tuesday,2025-12-14T00:00:00Z,93.0,2007,Brave,david.lewis,34743,[INFO] Batch 2218 completed,2025-08-13,IoT,41 12 * * *,Q2 2020,acme.org,"Dallas, Switzerland",Podcast,33500,2026-02-11,47.01,The system monitors transaction histories.,2023-01-15,"$834,469",2020-06-11,Brave,2024-12-17,Hello {{name}},input -> output,id,60.243491,August,9GBIZ67C13WSCA9I2,fp_5c78aea4a0b339d0,3.4,"59 9 * * 0,6",2021-01-29,"[0.4175, 0.0358, -0.3425, 0.0991, 0.0765, 0.3535, -0.0404, 0.4905]",Blade Runner,Web,Q1 2024,6218.2982,Wednesday,Wearable,"Chicago, South Korea",Euro,Friday,2024-07-26,GPL-3.0,Safari,09/20/1979,2003,rwx,58.06,September,2023-11-14,2018-08-10,Wednesday,"Seattle, Australia",June,4.85,Brave,SELECT * FROM users WHERE type = 'pending',30.2,2024,image/png,12:36:49,2010,99.555% uptime,February,VARCHAR,23 22 * * 1-5,FLOAT,Brave,11913,Brave,XXXX-XXXX-XXXX-9046,1997,46351,Jan-Mar,H2 2023,23:50:34,8 14 * * 1-5,Phone,Metformin,The system manages customer interactions.  The customer account tracks compliance records.  This record monitors customer interactions.,"$8,709,173",0003707619,3.55,92.3,530 440 4251,Dear {{customer}},In-Store,IoT,A operational definition of risk.,530.3,2020-05-29,2018-01-11T21:29:04Z,Tablet,pending,IL6883039,2011,4.88,Published,Q2 2025,HOLD-2020-305,Chat,"$28,361.52",Tuesday,2025-06-28,Q2 2025,raw.events -> reports,2020-03-18
Thursday,2019-01-10T00:00:00Z,54.1,2015,Chrome,logan.thomas,89719,[ERROR] Cache miss for key 3518,2022-10-01,Smart TV,34 17 * * 1-5,Q1 2025,company.com,"Miami, Mexico",Video,37579,2021-09-06,63.52,The system tracks transaction histories.,2019-02-26,"$2,668,100",2018-06-23,Brave,2022-09-15,{{date}} - {{event}},input -> target_col,amount,20.745871,May,NPFKZXAJRQZNOVGR1,fp_aa5abc85e6affae9,1.37,"9 1 * * 0,6",2023-11-13,"[0.4759, 0.3691, -0.1397, 0.0558, -0.6919, -0.1742, 0.9562, -0.0572]",The Godfather,Social Media,H2 2023,1884.4198,Wednesday,Mobile,"Sydney, United States",US Dollar,Sunday,2020-12-17,Apache-2.0,Safari,0002-28-1973,2024,execute,96.07,April,2026-03-01,2026-04-11,Sunday,"Denver, Switzerland",April,4.67,Edge,SELECT * FROM orders WHERE type = 'active',67.4,1997,text/html,10:39:34,2008,99.478% uptime,July,BOOLEAN,48 10 * * *,JSON,Edge,ET6 2OB,Edge,6011-3374-4995-1974,2009,73561,Jan-Mar,FY 2025,23:32:53,46 1 * * 1-5,Email,Metformin,The system represents compliance records.  This record includes transaction histories.,"$8,798,445",0009870539,6.55,59.6,+19486328184,Hello {{name}},Social Media,Smart TV,A systematic definition of risk.,1878.1,2022-02-26,2023-07-22T23:34:56Z,Tablet,rejected,MA9021473,1995,9.51,Deprecated,Q4 2025,HOLD-2020-416,Social Media,91766.88,Tuesday,2018-04-18,Q4 2025,curated.orders -> reports,2023-03-04
Tuesday,2026-04-29T00:00:00Z,68.4,2000,Chrome,robert.thompson,69583,[DEBUG] Health check passed,2024-06-30,Wearable,22 17 * * *,Q2 2024,company.com,"Atlanta, Canada",Video,49020,2021-03-09,21.81,The system includes operational metrics.,2021-11-11,"$1,629,288",2023-04-04,Firefox,2021-01-24,Order #{{id}},source_col -> target_col,amount,53.263962,March,6HDZTM042JFSUJ6QJ,fp_09887837844c420c,5.67,55 2 * * 1-5,2023-04-19,"[-0.528, -0.2903, 0.2476, 0.1596, 0.1964, 0.4948, -0.1013, -0.2781]",Blade Runner,Phone,2020-2025,6124.2219,Friday,Wearable,"Sydney, Netherlands",Euro,Sunday,2019-11-27,CC BY 4.0,Chrome,0006-12-1954,2021,rwx,29.78,April,2024-03-14,2020-06-28,Wednesday,"Sydney, Mexico",May,2.92,Edge,SELECT * FROM orders WHERE id = '1',26.6,2019,text/html,00:54:43,2024,99.134% uptime,May,INTEGER,35 23 * * 1-5,FLOAT,Opera,FR9 6EV,Firefox,XXXX-XXXX-XXXX-9668,2002,46454,H2 2023,H2 2023,21:44:59,"21 13 * * 0,6",In-Store,Ibuprofen,The product monitors compliance records.  The service manages transaction histories.  The customer account represents transaction histories.  The system includes data processing activities.,"$3,612,145",0007344371,8.9,78.4,435.267.9691,{{date}} - {{event}},Email,Tablet,A formal definition of risk.,513.0,2019-08-16,2019-02-04T23:16:24Z,Desktop,pending,NY6763065,1991,3.87,In Review,Q2 2023,HOLD-2023-188,Mobile,"$35,339.25",Friday,2025-05-14,Q1 2025,staging.orders -> analytics,2024-06-28
Thursday,2019-04-05T00:00:00Z,62.2,2006,Opera,aiden.miller,79210,[INFO] Cache miss for key 5843,2026-08-29,Tablet,52 19 * * *,Q2 2025,example.com,"New York, Australia",Infographic,43092,2024-11-08,64.86,The customer account monitors operational metrics.,2025-11-09,"$2,486,087",2019-08-17,Chrome,2024-08-11,Order #{{id}},input -> target_col,amount,-49.224195,August,U8T6RFGYY37FYQRHS,fp_21b584d45e152e76,5.16,59 22 * * 1-5,2024-11-09,"[0.2723, 0.2327, -0.2945, -0.0932, -0.0312, -0.9139, -0.5447, -0.2463]",Inception,Social Media,Q1 2024,2176.2124,Saturday,IoT,"Los Angeles, South Korea",British Pound,Monday,2026-06-07,BSD-3-Clause,Opera,05-19-1956,2018,rwx,84.72,October,2025-05-20,2026-09-05,Wednesday,"Austin, Israel",January,1.56,Chrome,SELECT * FROM orders WHERE status = '1',99.2,1999,text/csv,15:01:33,2024,99.763% uptime,November,FLOAT,32 23 * * 1-5,JSON,Brave,42834,Brave,3783-2649-0521-7112,2003,32529,FY 2025,Jan-Mar,15:49:09,55 11 * * *,Phone,Aspirin,The system tracks customer interactions.  The system includes customer interactions.  The product represents customer interactions.  The service represents compliance records.,"$4,393,937",0002956767,1.71,35.6,+15729807510,Hello {{name}},Chat,Mobile,A operational definition of risk.,1481.1,2026-05-08,2023-02-22T00:05:12Z,IoT,cancelled,WA7041306,2015,0.37,Published,Q2 2021,HOLD-2022-742,Phone,"$51,393.39",Wednesday,2023-08-30,Q3 2024,curated.events -> analytics,2018-04-28
Saturday,2018-07-10T00:00:00Z,68.3,2012,Opera,amy.moore,94733,[INFO] Batch 21 completed,2023-10-27,Desktop,"29 3 * * 0,6",Q4 2026,acme.org,"Paris, Netherlands",Image,33445,2026-12-04,52.65,The system tracks compliance records.,2020-02-28,"$2,310,655",2025-12-01,Chrome,2020-09-19,Order #{{id}},source_col -> field_b,status,34.317896,February,100QKX2J8ZDIQG21T,fp_ed847801745bb714,5.34,53 13 * * 1-5,2024-11-01,"[-0.1536, -0.2198, 0.0231, -0.5583, 0.6062, 0.6715, -0.486, -0.3403]",Blade Runner,Phone,FY 2025,6837.1678,Sunday,Desktop,"Paris, India",British Pound,Sunday,2026-06-29,CC BY 4.0,Edge,0011-03-1987,2003,write,52.16,November,2023-10-12,2025-11-26,Sunday,"Boston, Sweden",April,2.11,Brave,SELECT * FROM orders WHERE id = '1',50.3,2014,application/json,01:23:23,2024,99.487% uptime,September,FLOAT,"52 22 * * 0,6",FLOAT,Edge,28435,Edge,XXXX-XXXX-XXXX-2070,2004,43747,Jan-Mar,2020-2025,13:22:25,18 22 * * *,Chat,Ibuprofen,The customer account includes data processing activities.  The system represents data processing activities.  The service tracks data processing activities.,"$1,990,675",0000372948,6.46,65.4,226-635-4667,{{date}} - {{event}},Web,Desktop,A operational definition of data quality.,1564.4,2020-09-02,2020-09-10T03:48:08Z,Desktop,cancelled,CO6590258,2006,7.57,In Review,Q1 2021,HOLD-2021-418,Chat,62120.41,Tuesday,2024-04-21,Q1 2020,staging.users -> analytics,2026-08-16
Sunday,2018-11-15T00:00:00Z,69.5,2017,Firefox,michael.clark,10486,[WARN] Cache miss for key 9418,2023-01-21,Smart TV,25 4 * * 1-5,Q3 2022,outlook.com,"Boston, Singapore",Video,40917,2024-06-13,9.78,The product tracks data processing activities.,2024-03-14,"$4,997,428",2022-12-06,Edge,2022-02-27,Dear {{customer}},source_col -> field_b,email,-65.033121,January,HANG5LPM120ZPSC2I,fp_80b46f63afe33d1c,2.01,"15 11 * * 0,6",2026-04-15,"[0.1329, 0.5603, 0.6701, 0.6408, 0.0545, 0.3704, -0.2535, -0.0456]",The Matrix,Mobile,Q1 2024,4685.8678,Wednesday,Tablet,"London, India",Swiss Franc,Sunday,2019-07-27,GPL-3.0,Brave,01-14-1942,2020,r-x,31.28,January,2020-09-17,2021-06-29,Tuesday,"Houston, Switzerland",March,3.9,Chrome,SELECT * FROM orders WHERE id = 'active',24.2,1991,text/csv,15:31:56,2000,99.084% uptime,June,JSON,1 18 * * 1-5,BOOLEAN,Opera,93536,Chrome,XXXX-XXXX-XXXX-2804,2014,31195,Q1 2024,2020-2025,06:10:16,5 20 * * *,Mobile,Amoxicillin,The service tracks compliance records.  This record monitors compliance records.,"$8,091,903",0001129355,9.96,6.5,+15683825093,Hello {{name}},Social Media,Tablet,A systematic definition of risk.,1338.0,2026-10-30,2025-09-25 02:52:14,Wearable,cancelled,NC8227054,2015,1.33,Draft,Q2 2022,HOLD-2023-501,Chat,"$6,755.58",Sunday,2025-04-30,Q2 2026,raw.orders -> analytics,2020-03-25
Tuesday,2019-03-03T00:00:00Z,50.5,2009,Opera,michael.walker,90378,[INFO] Cache miss for key 1688,2019-08-28,IoT,12 13 * * *,Q2 2022,gmail.com,"Chicago, Sweden",Infographic,23264,2024-12-20,49.39,The system includes operational metrics.,2023-04-24,"$438,798",2025-04-24,Chrome,2025-09-16,Dear {{customer}},source_col -> target_col,id,79.889229,March,LNQEUN6BPCV5S1SA8,fp_e10ae8c0a5710846,4.31,"32 5 * * 0,6",2021-10-02,"[0.3827, -0.6005, 0.1773, 0.1528, -0.3039, 0.0251, -0.0485, -0.2869]",Blade Runner,Chat,2020-2025,3529.0633,Sunday,Smart TV,"Atlanta, South Korea",Japanese Yen,Saturday,2022-04-17,BSD-3-Clause,Firefox,11-06-1951,2014,admin,66.64,March,2019-02-16,2019-06-27,Thursday,"San Francisco, Canada",September,1.92,Brave,SELECT * FROM orders WHERE type = 'pending',31.7,2026,application/json,16:20:28,2003,99.108% uptime,June,TIMESTAMP,"51 17 * * 0,6",FLOAT,Brave,GP1 5ET,Edge,3750-0245-1530-8454,2021,84964,FY 2025,Jan-Mar,20:00:53,36 10 * * *,Chat,Aspirin,The system represents data processing activities.  This record monitors compliance records.  The service manages customer interactions.,"$373,553",0006707756,2.18,54.0,(938) 661-4373,Hello {{name}},Email,IoT,A systematic definition of data quality.,615.1,2026-06-25,2021-10-04T05:14:18Z,Tablet,cancelled,IL5328537,2014,8.58,In Review,Q2 2026,HOLD-2021-578,Email,38777.69,Tuesday,2021-06-14,Q4 2025,curated.events -> analytics,2024-09-10
Thursday,2020-11-21T00:00:00Z,84.8,2012,Opera,ethan.white,81316,[DEBUG] Retry attempt 223 of 3,2024-11-16,Mobile,"29 18 * * 0,6",Q3 2024,outlook.com,"Portland, Germany",Video,22842,2019-02-20,16.05,This record represents transaction histories.,2019-07-08,"$3,859,376",2019-11-08,Safari,2022-05-17,Order #{{id}},input -> target_col,type,-43.017439,April,KHDIP4Z5WW53KADEC,fp_8d971c8ab3239cb5,0.56,25 9 * * 1-5,2020-08-21,"[0.2836, 0.6834, -0.1126, -0.0744, 0.1631, 0.2921, 0.3456, -0.3854]",The Matrix,Email,Q1 2024,6812.0088,Thursday,IoT,"Boston, Singapore",Japanese Yen,Monday,2020-06-22,MIT,Chrome,0009-21-2000,2006,write,80.89,November,2022-07-03,2022-05-07,Tuesday,"Phoenix, Italy",February,3.89,Opera,SELECT * FROM products WHERE status = 'active',54.2,2026,image/png,21:48:12,2026,99.801% uptime,April,VARCHAR,5 2 * * 1-5,BOOLEAN,Brave,14702,Firefox,3781-4086-0974-1111,2018,219,2020-2025,Jan-Mar,03:06:14,38 10 * * *,In-Store,Lisinopril,The product includes compliance records.  The product tracks transaction histories.  The system tracks compliance records.  The product includes compliance records.,"$2,865,774",0007887504,8.7,70.0,(642) 628-7978,Order #{{id}},Phone,Wearable,A operational definition of risk.,649.5,2018-05-26,2024-05-11T14:36:22Z,Wearable,pending,IL7662209,1993,9.44,Deprecated,Q2 2025,HOLD-2023-546,Phone,"$7,331.21",Friday,2023-07-30,Q4 2022,raw.users -> analytics,2022-07-26
Tuesday,2023-06-07T00:00:00Z,21.5,2004,Firefox,sarah.lewis,93252,[INFO] Retry attempt 9653 of 3,2019-11-22,Mobile,45 22 * * 1-5,Q2 2022,example.com,"Los Angeles, Germany",Article,52404,2026-03-15,41.66,This record manages transaction histories.,2018-02-08,"$7,369",2020-09-27,Opera,2018-02-28,Hello {{name}},input -> field_b,created_at,-74.018262,October,YWV3H8Q1KN2GNNUBJ,fp_b36c937ce1fbe457,3.4,44 12 * * *,2026-06-01,"[-0.2187, 0.1472, 1.0949, 0.3049, 0.2649, -0.1287, -1.233, 0.1375]",Inception,Social Media,2020-2025,-332.7715,Tuesday,Tablet,"Houston, Israel",Japanese Yen,Monday,2025-06-06,BSD-3-Clause,Firefox,0011-22-1957,1991,execute,81.15,October,2024-05-05,2024-05-13,Thursday,"Denver, Australia",July,5.27,Firefox,SELECT * FROM orders WHERE type = '1',85.2,2025,image/png,21:16:24,2022,99.581% uptime,October,FLOAT,6 14 * * 1-5,TEXT,Brave,65395,Brave,5399-8426-4287-3813,2025,8011,H2 2023,H2 2023,07:02:08,"40 6 * * 0,6",Web,Ibuprofen,This record represents transaction histories.  This record includes data processing activities.,"$8,892,490",0001328979,1.61,19.1,421-894-5797,Order #{{id}},Web,Tablet,A systematic definition of data quality.,372.4,2020-05-07,2022-05-04T09:19:15Z,Mobile,active,NC8964889,2001,6.66,In Review,Q2 2023,HOLD-2025-188,Web,8172.08,Friday,2021-12-15,Q4 2021,raw.users -> exports,2020-12-01
Friday,2022-08-04T00:00:00Z,80.2,2010,Opera,linda.jones,95147,[INFO] Cache miss for key 5352,2023-07-11,Mobile,35 19 * * *,Q3 2025,example.com,"Atlanta, Sweden",Podcast,43622,2023-05-01,1.94,The system tracks data processing activities.,2026-05-19,"$298,092",2018-12-14,Chrome,2018-05-26,Hello {{name}},source_col -> target_col,amount,10.591731,June,40Q3MR3PZQKWY44BR,fp_75178d205e4737bc,7.32,1 4 * * *,2022-02-26,"[-1.0198, -0.1605, -0.4724, -0.3982, -0.194, -0.098, -0.9038, -0.0207]",The Matrix,Email,FY 2025,8332.0056,Sunday,Mobile,"Tokyo, Italy",Swiss Franc,Monday,2019-08-17,GPL-3.0,Brave,06-04-1982,1997,admin,21.39,March,2019-03-17,2022-09-15,Saturday,"London, India",January,2.36,Edge,SELECT * FROM users WHERE type = 'pending',35.3,2017,application/xml,04:08:59,2002,99.744% uptime,May,FLOAT,"9 18 * * 0,6",TEXT,Edge,HD4 9ZI,Firefox,6011-1559-0454-8762,1992,66270,H2 2023,2020-2025,20:05:38,34 4 * * *,Email,Amoxicillin,The product includes customer interactions.  The service manages data processing activities.  The service manages transaction histories.,"$1,613,846",0006624504,7.06,83.3,+14043607408,Dear {{customer}},Mobile,IoT,A formal definition of compliance.,780.1,2025-06-01,2023-06-26T18:03:38Z,Tablet,approved,IL9299913,2016,0.85,Archived,Q1 2021,HOLD-2026-174,Email,"$92,479.45",Thursday,2025-04-04,Q3 2023,curated.events -> analytics,2018-01-11
Tuesday,2025-08-13T00:00:00Z,52.5,2002,Edge,robert.martin,35486,[INFO] Retry attempt 3041 of 3,2025-11-25,Smart TV,45 18 * * 1-5,Q2 2026,example.com,"Sydney, Sweden",Article,40754,2021-01-25,59.63,This record monitors transaction histories.,2018-08-22,"$4,187,335",2024-05-10,Chrome,2022-07-24,{{date}} - {{event}},source_col -> output,type,-59.668088,September,EX1WCG139V591T2IV,fp_bb2ce2e8fd52dd36,4.93,36 22 * * *,2026-04-02,"[0.2903, 1.0935, -0.2601, 0.4116, 0.1098, -0.8324, -0.0239, -0.5676]",The Godfather,Chat,Q1 2024,8956.8642,Friday,Mobile,"Denver, Brazil",British Pound,Sunday,2025-03-08,GPL-3.0,Firefox,0009-25-2003,1995,execute,9.9,August,2024-11-19,2024-12-24,Wednesday,"Boston, Norway",July,2.63,Firefox,SELECT * FROM orders WHERE type = '1',1.5,2014,application/xml,21:26:52,2007,99.697% uptime,April,TIMESTAMP,"52 12 * * 0,6",INTEGER,Firefox,MV1 4JG,Edge,3741-6351-2707-5746,2019,54511,FY 2025,Jan-Mar,20:31:47,14 12 * * *,In-Store,Aspirin,The system represents customer interactions.  The product represents transaction histories.  The customer account includes operational metrics.,"$8,661,470",0004191748,1.31,58.1,202 501 2383,Dear {{customer}},Mobile,IoT,A systematic definition of compliance.,1645.6,2022-11-20,2021-05-18 05:51:51,Tablet,inactive,NY8786793,2019,3.1,Published,Q1 2025,HOLD-2023-707,Chat,"$1,354.79",Monday,2020-04-15,Q4 2023,curated.events -> exports,2019-05-21
Wednesday,2025-03-29T00:00:00Z,6.6,1997,Opera,elizabeth.moore,72015,[ERROR] Request processed in 2002ms,2022-03-24,IoT,31 7 * * 1-5,Q2 2026,outlook.com,"Houston, Italy",Infographic,27128,2022-03-24,33.63,This record includes transaction histories.,2021-06-18,"$2,977,477",2024-12-27,Brave,2022-12-05,{{date}} - {{event}},source_col -> target_col,email,-0.401863,December,IZURK386MN4BDI13K,fp_7e20ab4d3dffd695,9.73,15 16 * * *,2024-04-05,"[-0.484, -0.0422, -0.5287, -0.828, -0.7722, 0.2487, 0.196, 0.0151]",Blade Runner,Social Media,Q1 2024,-361.8158,Saturday,Wearable,"Phoenix, Mexico",US Dollar,Sunday,2022-08-14,CC BY 4.0,Edge,0003-23-1959,2011,rw,45.83,August,2025-04-10,2025-02-15,Tuesday,"Dallas, United Kingdom",September,3.75,Chrome,SELECT * FROM orders WHERE id = '1',67.4,2008,application/json,06:55:53,2012,99.178% uptime,February,TIMESTAMP,38 0 * * *,TEXT,Firefox,LE7 9LL,Edge,3738-1089-7481-5909,2001,45682,H2 2023,Jan-Mar,11:08:15,"56 14 * * 0,6",In-Store,Aspirin,The system tracks operational metrics.  The system tracks customer interactions.  This record includes customer interactions.,"$883,922",0001099358,6.89,63.9,356.867.2832,Hello {{name}},Web,Wearable,A systematic definition of risk.,1035.8,2018-09-22,2024-12-21 06:35:27,Tablet,approved,TX1872461,2023,3.92,Published,Q3 2021,HOLD-2023-783,Email,"$64,012.98",Friday,2021-11-02,Q2 2024,staging.users -> exports,2019-03-10
Saturday,2023-10-13T00:00:00Z,75.8,1998,Opera,mason.miller,80993,[WARN] Health check passed,2021-06-30,Smart TV,26 22 * * 1-5,Q3 2026,company.com,"Boston, France",Image,06768,2026-11-30,38.18,The customer account monitors operational metrics.,2024-04-24,"$1,799,450",2026-09-28,Opera,2024-09-24,Dear {{customer}},source_col -> target_col,status,41.341509,September,YDCD31LLPS31IULNH,fp_1b8592c3cc434463,2.43,45 17 * * 1-5,2023-08-19,"[0.3508, -0.0692, -0.3668, 0.5383, 0.1286, -0.5903, -0.6564, -0.0673]",Blade Runner,In-Store,2020-2025,4394.2152,Thursday,Mobile,"Los Angeles, Germany",US Dollar,Friday,2026-04-27,MIT,Safari,07-20-1992,2020,r-x,17.62,January,2024-07-15,2022-05-24,Wednesday,"Sydney, Netherlands",April,8.57,Edge,SELECT * FROM products WHERE type = 'active',7.6,1999,application/xml,00:19:04,2004,99.656% uptime,September,BOOLEAN,19 5 * * 1-5,BOOLEAN,Firefox,OH4 4AA,Brave,4060-5432-7548-7429,2015,19813,H2 2023,H2 2023,21:06:22,"11 5 * * 0,6",Chat,Lisinopril,The system monitors data processing activities.  This record tracks compliance records.  The service monitors compliance records.  The product tracks operational metrics.,"$8,149,412",0000949980,4.7,47.8,716.609.3428,Hello {{name}},Email,IoT,A formal definition of data quality.,1679.0,2025-08-11,2022-02-22T02:19:31Z,Wearable,cancelled,FL4201821,1990,0.33,In Review,Q2 2024,HOLD-2020-711,Phone,"$25,509.33",Tuesday,2021-07-15,Q4 2025,staging.events -> analytics,2023-04-07
Saturday,2025-11-21T00:00:00Z,25.1,1992,Edge,sarah.thompson,95914,[DEBUG] Batch 2199 completed,2020-12-11,Wearable,"32 5 * * 0,6",Q3 2022,example.com,"Atlanta, India",Infographic,42099,2023-06-21,82.17,The system represents transaction histories.,2024-10-27,"$2,696,572",2021-06-06,Opera,2021-05-19,Dear {{customer}},input -> target_col,name,10.717261,November,L6IXQIZ3UQXZ68S78,fp_4c6dab2368e65f6a,2.11,36 18 * * *,2022-02-18,"[0.499, -0.7109, -0.1749, 0.7478, -0.6144, -0.8753, 0.2285, 0.0881]",Blade Runner,Email,Jan-Mar,2187.0749,Friday,Wearable,"Seattle, Sweden",Euro,Thursday,2022-06-01,Proprietary,Safari,03-24-1968,1992,admin,33.34,February,2018-06-09,2018-03-05,Tuesday,"Seattle, Italy",October,8.0,Opera,SELECT * FROM orders WHERE type = 'active',40.0,1998,text/html,00:56:17,2020,99.406% uptime,October,INTEGER,"39 20 * * 0,6",INTEGER,Chrome,22800,Brave,XXXX-XXXX-XXXX-7843,2003,24653,Q1 2024,H2 2023,03:10:01,47 7 * * 1-5,Email,Amoxicillin,The customer account tracks transaction histories.  The product tracks compliance records.,"$4,019,447",0006797135,5.4,38.7,+12615779301,Hello {{name}},Phone,IoT,A systematic definition of compliance.,1725.5,2021-11-01,2019-06-21T11:06:34Z,Desktop,rejected,NY9131402,2009,4.76,Published,Q3 2026,HOLD-2023-868,Social Media,"$9,944.47",Tuesday,2025-10-24,Q1 2020,raw.orders -> exports,2022-08-08
Tuesday,2024-07-29T00:00:00Z,15.8,2007,Chrome,oliver.williams,99282,[WARN] Retry attempt 5099 of 3,2018-02-13,Wearable,11 20 * * *,Q3 2023,acme.org,"Los Angeles, United Kingdom",Article,20766,2025-07-28,40.07,The system monitors data processing activities.,2023-01-26,"$1,621,839",2026-04-06,Chrome,2021-07-03,Hello {{name}},source_col -> target_col,created_at,48.826579,May,PGPUL2PXPJV2GSX5A,fp_e75be4867d3d6bb7,3.5,30 2 * * *,2021-12-05,"[-0.4357, -0.3881, 0.1195, -0.1604, -0.0187, 0.4858, -1.1914, 0.8955]",Inception,Email,Q1 2024,1191.1616,Saturday,Wearable,"Berlin, Switzerland",Japanese Yen,Monday,2024-04-06,MIT,Firefox,07-01-1980,2016,rwx,44.89,December,2023-11-30,2026-09-18,Saturday,"Dallas, Spain",April,9.64,Chrome,SELECT * FROM users WHERE status = 'active',43.2,1994,application/xml,04:51:59,2016,99.507% uptime,May,VARCHAR,57 9 * * 1-5,INTEGER,Opera,WF5 5GQ,Firefox,XXXX-XXXX-XXXX-0782,2014,53102,2020-2025,2020-2025,18:26:20,"27 5 * * 0,6",Phone,Aspirin,This record represents operational metrics.  This record represents compliance records.  The customer account represents compliance records.  The product monitors transaction histories.,"$9,765,260",0000534702,2.59,95.9,(536) 437-8546,Order #{{id}},Web,IoT,A operational definition of compliance.,1132.0,2020-11-28,2022-10-17T09:03:01Z,Wearable,cancelled,CO2536283,1992,6.64,In Review,Q3 2021,HOLD-2020-743,Email,"$81,490.66",Thursday,2021-04-02,Q1 2023,raw.events -> reports,2020-07-16
Monday,2026-10-04T00:00:00Z,13.0,2022,Brave,lucas.martin,90356,[DEBUG] Health check passed,2020-08-07,Mobile,"34 14 * * 0,6",Q4 2020,outlook.com,"Paris, United Kingdom",Video,05154,2021-11-05,56.3,The customer account represents customer interactions.,2021-07-30,"$3,867,359",2021-11-14,Brave,2026-11-12,Dear {{customer}},input -> output,created_at,54.659108,March,X6RGNQWDA2LGREC13,fp_6b0dac95e4d06e10,0.74,11 7 * * *,2021-06-22,"[-0.0565, -0.5751, -0.2632, -0.3786, -0.2921, 0.2897, 0.0517, 0.9255]",Blade Runner,Web,2020-2025,7328.2055,Monday,Tablet,"London, India",Euro,Friday,2023-04-14,Proprietary,Opera,08/24/1978,1994,execute,17.27,July,2022-11-03,2022-07-24,Sunday,"Portland, Germany",February,1.82,Safari,SELECT * FROM orders WHERE type = 'active',36.8,1996,text/csv,14:24:58,2023,99.881% uptime,March,FLOAT,"21 22 * * 0,6",FLOAT,Safari,63257,Brave,5386-2779-9951-3413,2004,57619,H2 2023,FY 2025,00:24:53,19 0 * * 1-5,Social Media,Amoxicillin,The product tracks compliance records.  This record monitors transaction histories.,"$6,723,118",0000196691,8.88,29.6,970-824-1937,Order #{{id}},Mobile,Desktop,A systematic definition of compliance.,1238.0,2018-02-24,2026-03-07T02:01:31Z,Tablet,active,CA2386834,1996,7.44,Archived,Q2 2024,HOLD-2026-467,Email,26277.38,Monday,2022-02-20,Q3 2020,raw.events -> analytics,2021-05-16
