LATITUDE,v_bm,disabil,percentage,weight_mass,attr_334,DISTANCE,memory_usage_38,raw_power,continent,SOFT_DELETE_FLAG,meta_cou,qfk92,dim_humidity,contract_val,browser_user_agent,specific_gravity,c_771,weightMass,performance_review,storageSize,SPEED_VELOCITY,zuhht34,dim_price_cost,src_encoding,fx_rate,global_trade_item_number_val,c_618,count_field,age,measdist,customer_luminosity_brightness,miles,BUDGET_ALLOCATION,count,var_929,concentration_14,d_nai,cpu_usage_raw,meta_bran,src_exchange_rate,measlat,rate,vjrotv91,brandname,count_2,customer_density,memory_usage,sku,attr_memo,x_289,energy_22,var_384,col_351,median,marketValue,d_qt,electricCurrent,luminosity_brightness_14,changed_at,measprs,ping,category_val,okmu64,confidenceInterval,percentage_2,d_lum,WEIGHT_MASS,power_22,mjlk24,p_ohd,bic,PERCENTAGE,measspd,density_14,raw_distance,v_cwc,product_nm,meta_mmc,statusState,created_at_30,REVENUE_SALES,distance_102,voltage_14,scoreIndex,statusCode,resolution,price_cost_46,SCORE_INDEX,measangle,etlBatchId,product_name_v2,energy,SOUND_LEVEL,luminosity_brightness,fact_volume,speed,investment_account_v2,col_mov,contract_value_info,MEMORY_USAGE,humidity_22,ph_level_14,x_trs
-67.575249,29.32,Mobility,8.76%,22.95,6320.6,7292.3,70.2,29771.5,Asia,false,37944,1778.45,37.4,"$5,271,610",Edge,12.592,"6631 Elm St, Dallas, NY 41525",254.4,Outstanding,793356,176.7,48.1,5636.02,UTF-8,15.8036,5662152641361,"-----BEGIN CERTIFICATE-----
KVX14bF4NRubasLo+GzmC8g3xvjudkcwHnS9mVmEqHLaq54nyYk8xQx+4e4COEMg
-----END CERTIFICATE-----",7660,120,7957.9,89463.0,7002.2,"$362,261",70192,Software,343.46,365634,97.7,EcoLine,45.6069,41.43012,9350.27,296.1,ProSeries,85264,14.406,36.5,FZR-3928,63.2,72223,6925.4,"$8,177,888",2022-02-12T18:57:06Z,39.2109,"$32,895,740",15.38,6.2,30030.6,2019-10-01T03:59:44Z,1771.7,1094,Electronics,ec8c03dfa458f5f0b417f668eb28317f15d5c5296f85e5348b06e8a84b2a52fb,"[38.5, 97.19]",40.82%,11184.2,752.91,41603.6,5e853f7af39dae095005e649e8b80acf8bafbc052dc3bc209819f6ac495f5d36,Sibling,897126879,21.48%,113.5,13.327,207.0,USR-696242,SmartHub X1,97055.8,pending,2019-05-21T00:27:06Z,"$3,990,703",1292.3,234.3,1.44,inactive,1280x720,1289.88,0.21,96.08,batch-20181202-26,FlexPay Platform,22686.9,48.2,54280.4,7803.53,276.9,INV-566576,-150.132523,"$7,963,063",61.5,14.2,4.74,Non-binary
48.713892,60.34,Hearing,72.39%,678.42,4078.1,9768.0,76.7,24835.0,Africa,false,65208,7665.3,47.7,"$9,152,341",Opera,13.316,"2157 Cedar Ln, New York, OH 59670",309.27,Exceeds expectations,384384,241.7,88.1,3087.46,Latin-1,31.7326,6891932020161,"-----BEGIN CERTIFICATE-----
Va6e6UYaIkZFmiTIxvFtr+qNs1lUXKcmf1kln2V25bdZ8dDbbM/ZL8z4Di24eMPl
-----END CERTIFICATE-----",79345,5,142.2,28620.0,5408.1,"$3,204,774",45542,Hardware,913.98,342207,50.4,EcoLine,76.4825,-54.727445,4296.52,54.29,SmartChoice,41235,16.609,13.1,BJI-2890,94.9,72357,89651.6,"$1,887,333",2026-01-22 07:28:20,-60.1438,"$621,108,003",17.9134,39.86,34512.2,2023-03-15 01:55:07,114.8,2849,Electronics,275c9d892900b0f13aedcc509cae7a4aa7aeebc72c39bb3de19ca2270517aa62,"[19.18, 99.63]",54.13%,2756.4,849.95,18774.5,9f8920572fae2415f1a34ceb244d667c8ea6ca6eb60ee07b3ad15ea3d7ed3f02,Parent,036652823,97.78%,31.6,16.154,5553.1,3512159,DataSync 3000,75301.4,inactive,2022-07-28 01:46:30,"$6,349,646",3490.6,164.6,3.51,cancelled,1920x1080,9040.68,6.57,91.97,batch-20210113-80,CloudGuard,76631.2,106.1,39434.4,1160.94,227.8,INV-369444,46.431863,"$78,284",5.8,96.5,5.39,Other
-22.477383,34.85,Visual,64.77%,362.72,5571.1,6974.4,21.6,7560.7,Asia,false,37368,1354.5,73.8,"$4,095,396",Opera,16.908,"467 Park Blvd, Portland, MA 36653",576.66,Needs improvement,949832,216.6,8.6,2242.57,UTF-8,91.7552,1827517277429,"-----BEGIN CERTIFICATE-----
HXas8wFzr3XeDsb0c3co1wwvN+IAAcruRTwmi+ZGqrh9lSde3G98WcEmG4pbRmRB
-----END CERTIFICATE-----",17318,8,9755.0,2872.1,2572.5,"$696,437",76424,Services,868.97,517484,20.3,ProSeries,87.2279,25.887671,1478.2,401.39,ValueMax,26171,17.536,90.8,EWQ-4150,64.0,91731,91291.6,"$6,864,327",2021-06-16 06:35:10,22.1707,"$950,286,588",52.8742,0.09,98184.3,2025-04-21T01:02:13Z,1922.3,1501,Food,8943dd306be3a9a3884e589586183d050d61f0d6d8e06cd834ce9281b8b5689a,"[8.42, 75.3]",78.68%,18130.5,760.77,6271.7,dd315060a3308c65702f468e25f79f31ca295de238c3279ef80d830746160779,Manager,545200532,26.55%,260.2,16.677,4139.5,TXN-682364,AuditTrail Plus,63735.2,rejected,2024-02-08 08:43:09,"$1,995,278",2563.0,63.4,9.7,rejected,1920x1080,7754.82,7.39,32.53,batch-20190607-70,VaultKeeper,17551.0,18.2,67895.4,4041.36,36.5,INV-317672,-60.579597,"$4,839,296",80.9,98.7,9.22,Male
-38.232124,5.47,None,40.88%,986.99,7358.4,6883.1,93.5,7163.3,Europe,false,19666,4068.22,25.2,"$66,292",Brave,14.026,"1190 Maple Dr, Portland, MA 32440",628.87,Exceeds expectations,892132,271.0,90.0,4555.26,ISO-8859-1,7.0838,3355130698774,"-----BEGIN CERTIFICATE-----
QzHZQqvybaKE8m/+MyW7DmsqDXD/QPX2PoyUxlI7qeppf3rEM0LyUdxEr4be93v9
-----END CERTIFICATE-----",56614,61,9052.7,13072.6,3456.5,"$3,114,415",65660,Services,430.35,664070,94.8,ValueMax,69.6529,-81.626559,7698.73,951.8,SmartChoice,42979,14.335,76.1,FHH-6838,35.0,66137,54370.5,"$569,550",2021-11-11T09:50:00Z,76.4464,"$752,830,212",90.9522,7.19,86568.2,2019-04-15T21:42:23Z,1087.1,1370,Electronics,e75373ad3573b1e71859099d1a0f3b499991506f3d951d8b8a6717fd3d35a3a2,"[21.23, 78.83]",36.43%,33431.1,123.15,260.4,813865d89a2d4e5a41012b2be7823163c984a61145dbe440a9f8782bef8b2f29,Parent,685307409,79.0%,133.9,8.925,8646.2,3469773,Widget Pro,12324.5,failed,2023-09-06T21:43:04Z,"$1,846,537",3421.5,388.0,5.58,inactive,2560x1440,7931.22,2.02,110.17,batch-20220416-89,NanoCore SDK,26815.5,51.7,53140.4,7942.74,237.4,INV-833469,156.533848,"$4,696,584",79.5,55.0,11.05,Non-binary
-77.558388,45.93,Cognitive,96.74%,594.24,9765.5,7076.1,30.1,24372.8,South America,false,53532,9537.82,32.8,"$6,650,549",Brave,2.547,"7697 Pine Rd, Toronto, TX 98545",22.12,Meets expectations,587212,15.8,76.9,3521.27,ISO-8859-1,25.5711,2365293039587,"-----BEGIN CERTIFICATE-----
19zITfoOhswCYUr436KFRq8idT7ixik9Q3ybUVUqysneIWu2HP0P/q4FKeEA4NcF
-----END CERTIFICATE-----",86589,27,8040.2,65198.0,8726.1,"$4,767,864",77745,Software,855.94,825910,64.4,ValueMax,131.5338,65.47904,3378.2,179.68,ProSeries,37626,6.205,98.1,IXM-3217,79.6,8769,27999.9,"$3,926,131",2018-06-05 08:26:41,-74.6274,"$195,635,228",25.0121,97.09,1521.6,2020-03-12T11:31:48Z,215.7,2753,Software,daf26ce99731cbf8fe6176c56804efeecb556e2707e7af438b161f27641286a9,"[16.21, 94.68]",78.8%,30268.7,934.22,9830.5,0a02a0d363b8835feb3afb3c44dc210c960925ebf4ed1addfda0156921e671ac,Child,301791517,31.67%,227.5,5.896,1788.7,TXN-363050,Widget Pro,73009.5,pending,2019-04-22 05:10:52,"$6,194,196",2775.6,19.9,7.55,failed,2560x1440,2234.51,1.75,191.73,batch-20260514-04,DataSync 3000,15952.0,97.9,58855.3,7019.07,52.5,INV-168619,68.354626,"$5,779,891",97.2,36.5,10.16,Male
85.686002,92.14,Mobility,53.62%,265.71,7126.1,5633.6,51.6,28793.7,Antarctica,false,32693,9125.81,66.2,"$6,999,164",Edge,2.674,"6144 Cedar Ln, Paris, GA 29001",472.51,Exceeds expectations,375212,182.9,51.5,4295.77,Latin-1,64.4756,1045736909392,"-----BEGIN CERTIFICATE-----
x6bdS7otN9Ka5Oh3jbPKClFnpFTrDgsYNWDoJw1vhminlr0YhfDXXiWhV5MhvYOf
-----END CERTIFICATE-----",80942,36,9714.9,19150.5,7562.1,"$4,166,266",34728,Services,40.15,493734,20.7,TechBrand,24.7471,-56.778887,5680.87,536.65,TechBrand,90802,11.183,97.9,SOA-5770,4.3,74582,65790.5,"$760,007",2023-06-11 14:37:46,-28.9608,"$75,153,997",19.5569,50.04,47469.8,2021-01-23T18:15:28Z,1866.5,4415,Clothing,0492ed29656c3904d95c84f674c0231d7d4a33fa397863e64576a0d2c6ab02c8,"[14.66, 92.73]",81.3%,91794.6,906.32,27512.6,63f60bd89ec907aa9f94a7ab70dca2e03db8f612221c7dd5f5088034879ae16b,Peer,492201612,65.53%,16.0,17.999,8988.5,USR-159890,Sentinel Monitor,81403.2,completed,2021-08-27 14:53:44,"$72,353",4413.0,130.1,6.97,rejected,1280x720,7430.64,9.63,233.12,batch-20210928-79,FlexPay Platform,90068.3,42.0,60974.4,4010.74,78.3,INV-584692,-58.429568,"$9,435,504",89.4,80.1,7.68,Female
-11.920695,34.43,Hearing,70.59%,35.27,3724.5,4823.7,14.3,38882.7,Asia,true,97894,5261.03,65.5,"$9,632,161",Edge,10.712,"9152 Cedar Ln, Atlanta, TX 63638",86.3,Exceeds expectations,378628,117.2,35.3,8257.26,UTF-8,39.343,9578014284402,"-----BEGIN CERTIFICATE-----
ag24+aRlxXmD+39dHGN5Bnner2JePnDKZwn2L+/Ja3srT/N8mjnGQ4VE3U/XxZxe
-----END CERTIFICATE-----",23502,57,7494.1,43948.4,9599.0,"$4,038,184",31841,Services,408.61,811425,90.5,TechBrand,46.9366,6.717447,2775.47,214.16,TechBrand,66278,4.996,57.2,YCW-1440,82.5,23261,16666.3,"$9,939,604",2018-06-05 17:58:24,-52.613,"$28,784,934",91.5328,11.59,82385.8,2021-10-12T19:00:01Z,1223.0,2213,Hardware,763738b4e3e6446bf57bcea1cd47e10d28f235c3145500079f674fd821340cae,"[20.57, 85.83]",39.6%,13064.7,490.09,10724.4,5a2cde5546359dfa9c5bdacaa6fb2147b8f84f1e60d3bad53b06744df5a49cb6,Child,213299697,14.5%,127.1,19.576,5778.8,9091174,DataSync 3000,21980.5,rejected,2019-10-15 14:52:04,"$6,384,028",3984.2,476.9,4.08,approved,1920x1080,9121.97,2.24,101.46,batch-20230416-35,DataSync 3000,78545.8,124.0,70366.6,2986.27,256.3,INV-658987,-1.942798,"$4,133,472",65.3,74.1,11.03,Male
28.186568,10.23,Cognitive,65.15%,123.98,4643.3,8523.0,85.1,46769.1,Oceania,false,44027,9527.44,20.9,"$8,774,343",Chrome,0.248,"9703 Pine Rd, Sydney, FL 21678",998.68,Exceeds expectations,481028,81.3,71.1,4290.13,Latin-1,99.299,1440319772486,"-----BEGIN CERTIFICATE-----
b3JubetRmW2nwHoJWs+1qWXxhvE1gSantfL6ek2EuZcfSw7iyXZeAp99fXH3Vjr+
-----END CERTIFICATE-----",56380,57,4405.4,75392.3,4560.4,"$3,563,309",87984,Clothing,452.67,541569,1.5,EcoLine,93.1329,-79.527093,8927.34,280.24,EcoLine,2004,16.7,31.1,ZEM-2015,65.8,6860,84543.6,"$3,267,855",2026-04-28 09:22:18,56.3945,"$142,549,482",102.9842,28.53,90550.8,2025-11-11T04:19:07Z,1801.3,3363,Clothing,738d6204de8f60614e35390e1a42c85e00ae13b474fbf82d895cf639dabaee3e,"[22.62, 61.11]",93.61%,53995.6,731.87,16534.7,486eadcb7e82e0fba611034a19cfba1cb5799d346514b3c0b8db0a9013e9582d,Child,762742873,9.46%,292.6,16.804,6079.4,ORD-281379,AuditTrail Plus,193.4,failed,2021-06-25T19:07:05Z,"$8,406,534",8543.1,424.8,1.53,approved,1280x720,1740.86,3.92,242.32,batch-20250410-45,FlexPay Platform,28763.1,105.8,69545.7,3659.79,123.5,INV-380311,-15.843548,"$7,596,022",71.1,4.8,6.43,Male
-6.31803,60.14,None,66.13%,375.53,8435.7,6883.2,47.2,17643.4,Oceania,false,42423,7187.41,21.0,"$2,644,001",Safari,19.893,"9226 Pine Rd, London, NC 98556",166.03,Meets expectations,493649,250.9,20.6,3352.63,UTF-8,119.9278,1382806002084,"-----BEGIN CERTIFICATE-----
q/GZ6KYQR92rOccYVzEOAr8i49VAWA6Er+A6Bh+K7XRPp+31xdy3Pb/O9rKpYyRX
-----END CERTIFICATE-----",93291,75,861.6,66446.6,3699.7,"$3,851,533",94410,Clothing,347.36,360611,61.9,TechBrand,42.5513,55.189616,180.27,758.7,EcoLine,30883,8.149,10.1,FEJ-7024,62.3,43222,56210.2,"$6,675,662",2020-11-09 20:29:57,-9.1985,"$789,737,587",10.0065,98.26,26317.9,2026-11-09 18:58:58,1949.9,1502,Hardware,be344c73d712e7d440c5e1580bb3a7a43cdf220b5be56aaf0409880bf8431309,"[15.58, 85.46]",97.36%,76354.2,666.86,27802.7,30d138c8392ea1175bfdb53d14c9204f7cb0389b2fdef69a62d3998b08d38a66,Peer,117873434,96.09%,240.7,7.438,8989.5,ORD-302554,SmartHub X1,16044.6,rejected,2019-12-27 22:07:05,"$1,589,055",5884.7,42.2,8.53,active,3840x2160,7211.86,2.49,301.87,batch-20210322-06,DataSync 3000,26209.7,21.3,94841.0,4021.62,257.9,INV-544294,-14.000731,"$243,588",75.4,83.6,1.33,Male
47.853484,41.4,Cognitive,91.67%,532.81,6278.2,3910.5,96.1,8788.3,Oceania,false,25949,7633.21,22.6,"$3,837,038",Safari,16.767,"9963 Pine Rd, Toronto, CA 57712",260.45,Outstanding,482311,125.5,83.1,4958.27,UTF-16,135.8056,0447438840290,"-----BEGIN CERTIFICATE-----
fFiByDDRkur7M3oVVX/RTPpz09kqhd2V+GR3CyLRAI/3jVsIWQ5hdAknTSHFkkXk
-----END CERTIFICATE-----",25253,92,7706.6,15324.6,3442.7,"$3,951,797",49597,Hardware,701.93,363979,88.5,SmartChoice,88.2256,86.209696,3863.37,826.79,TechBrand,95960,9.518,26.2,TDJ-3207,54.0,90043,62664.5,"$9,658,594",2024-12-27 20:07:24,-32.9998,"$783,641,940",48.3596,86.71,24125.3,2024-08-18 05:43:42,376.5,1603,Food,14188f7b030902f9f828a2e23fd9b34903a3f31d9d167b5ea3166860181d65e2,"[11.77, 63.24]",99.07%,25121.3,494.74,29369.3,e77d122c21f54ce2e907b44d43af2e9905a892b694b0d7de12575361034e0b5c,Parent,492445407,98.83%,298.6,6.907,4376.5,2565161,VaultKeeper,74096.5,completed,2018-01-28T03:38:27Z,"$4,609,706",7190.5,287.3,1.21,inactive,1920x1080,2586.7,0.27,16.07,batch-20200119-73,Widget Pro,73890.3,107.0,63417.1,4761.95,194.2,INV-155921,59.973049,"$2,005,290",19.0,44.7,6.7,Male
41.317002,9.5,Mobility,67.84%,46.0,4176.9,4200.3,25.0,29597.5,Oceania,false,34638,1394.03,59.5,"$9,356,173",Brave,18.439,"3925 Main St, Phoenix, TX 42015",118.4,Exceeds expectations,705705,46.4,42.9,3686.47,ASCII,52.7057,8789375740116,"-----BEGIN CERTIFICATE-----
fe6+C6DvihInKCqm7l+NN0E9g6awPE20ei5baZ8FGZnYyOFnZAjZDgwyRoqhcnX9
-----END CERTIFICATE-----",65745,115,2893.9,80593.2,6762.9,"$4,574,186",45059,Electronics,461.41,201190,20.8,ValueMax,131.8378,15.398667,51.34,456.09,EcoLine,17366,0.448,21.0,LYW-3331,15.6,84401,43057.1,"$5,384,468",2023-01-15T00:48:58Z,94.9801,"$965,393,845",10.9166,86.49,3170.3,2026-07-21T00:06:16Z,1835.7,1242,Clothing,febeccd25476bb81bfda5fd56ea0c1181b77bae29e5f6bba160519dbcc97ad97,"[14.17, 95.3]",43.97%,71993.3,362.41,29077.6,003099157fd68c7616c33b76a855f4c27d35183220689e8ffd121a1784fea61d,Spouse,285975461,75.3%,36.1,13.558,6741.3,8426129,Sentinel Monitor,63876.8,inactive,2022-04-18 00:12:28,"$3,251,686",4384.1,125.5,7.28,failed,2560x1440,5432.53,2.59,93.07,batch-20230125-88,SmartHub X1,74211.9,41.7,5181.4,9618.69,88.5,INV-208470,150.54455,"$7,886,468",11.0,52.6,6.23,Female
-84.036128,27.41,Cognitive,84.14%,479.37,2196.2,6517.8,67.9,14275.4,South America,false,87798,7866.05,82.7,"$5,403,347",Brave,8.944,"5014 Maple Dr, Seattle, CO 61143",856.95,Needs improvement,113797,168.9,4.7,1993.51,UTF-16,45.179,7952420469328,"-----BEGIN CERTIFICATE-----
YS6PhmdJKdWsmVwGsWMtcndfw+ibJg4wElQYJ0uhpXTzTdxZMN40bCxtuoWj+7Js
-----END CERTIFICATE-----",70640,53,8316.5,22281.4,486.6,"$3,230,400",3296,Services,83.46,896912,9.6,SmartChoice,89.1011,-84.037971,8064.82,685.76,ProSeries,5075,14.197,31.5,FBC-9928,19.2,64521,35477.2,"$9,501,262",2019-09-05T19:00:47Z,-49.7388,"$594,453,686",33.2989,8.18,10212.5,2025-04-23T10:39:19Z,1839.2,4824,Clothing,2b19f10cab6edc4edafa725587b92a80438ad952280bf023001c29fdb6e5b0b5,"[14.05, 63.45]",35.59%,67442.7,317.67,29118.5,394613e7356052a7038b00a14bbe7e446909b7f38f9c27eac419d2dcd397ea2a,Manager,078779977,68.44%,248.6,7.084,7444.2,REC-409833,NanoCore SDK,16868.4,cancelled,2024-08-23 03:16:07,"$87,000",5335.4,395.1,7.73,approved,1280x720,9133.88,3.07,209.37,batch-20201026-39,FlexPay Platform,70410.2,88.3,92771.5,5339.47,258.1,INV-898517,-18.271511,"$5,657,245",88.9,5.7,0.52,Non-binary
3.917246,34.82,Cognitive,48.05%,439.85,2708.6,3974.4,70.9,17566.7,Oceania,true,36867,6710.77,4.7,"$1,985,369",Firefox,9.42,"6711 Pine Rd, Phoenix, PA 81723",501.08,Exceeds expectations,706690,3.3,15.6,2721.16,ISO-8859-1,128.8269,6078856972898,"-----BEGIN CERTIFICATE-----
fmYctChFdk2gm4r5JGu0MdsJ/oFHMgYvoYHARQn8OaY3FEiV19uWdBO8lTvyN3zq
-----END CERTIFICATE-----",18531,117,2264.6,78216.2,8292.0,"$1,039,434",48228,Food,44.99,673363,76.4,TechBrand,39.9644,-80.610666,2521.43,963.17,ProSeries,59282,19.595,46.0,MSL-5823,72.9,43974,25335.7,"$2,902,798",2018-09-24 07:00:23,-58.7534,"$103,339,882",88.0676,40.36,20196.0,2024-02-28T09:05:49Z,208.7,3234,Electronics,8085f00c476d17ac22da8b3b45f1cda4721ba718f777d6daef0ac057472f11eb,"[15.16, 64.22]",71.23%,42929.3,330.68,19336.6,67baf49d8048c654f3e70d4ca118ecbe678b66686e458dcc6c71cbdf64d9e728,Parent,635522092,42.92%,91.0,4.501,7901.5,7429718,NanoCore SDK,22928.6,active,2019-03-04 08:41:32,"$9,945,541",1433.2,155.1,6.91,completed,1280x720,7148.16,4.44,349.92,batch-20210928-72,StreamLine ERP,75814.6,16.6,88663.8,6419.01,154.0,INV-755372,18.170519,"$8,427,215",95.8,83.7,0.83,Female
-10.970979,19.34,Mobility,20.05%,917.17,7425.6,1468.4,59.3,10989.8,Europe,false,96777,4614.9,51.7,"$3,733,892",Opera,16.815,"3739 Park Blvd, New York, PA 41829",831.57,Meets expectations,424204,89.1,29.7,3534.57,ISO-8859-1,6.9303,3504493447532,"-----BEGIN CERTIFICATE-----
mOsrk/8rmnJgoq4HA4h1gOD364ADbicx4pqjmBFEHyhpdJVmczoF6GFeO2jg5RpW
-----END CERTIFICATE-----",72023,47,6997.2,35343.9,7506.3,"$4,653,554",70498,Food,652.69,233823,66.4,ValueMax,90.5902,2.972875,6785.25,481.28,SmartChoice,29042,1.619,82.8,LTN-6289,77.8,48671,43152.0,"$7,574,778",2022-08-04 01:42:06,-77.1107,"$781,441,200",26.1366,14.67,53839.4,2023-06-01 05:03:41,394.6,353,Services,29772351de9682b93bc6c2920e16c36fc899dc6447fb5891af066fbef4c057e6,"[9.35, 65.72]",56.59%,72830.8,869.6,3281.5,a06a2dc8cc8a2e989bde67dc1e1314b4d38b3c3ce2b598bf902c02387ac1a46a,Parent,714916196,49.02%,238.4,19.578,6660.7,156979,FlexPay Platform,4361.9,active,2023-04-03 05:36:21,"$5,946,430",5401.0,216.2,5.36,rejected,1920x1080,689.41,3.51,259.74,batch-20240904-23,DataSync 3000,23475.2,14.6,22455.9,1758.49,124.8,INV-869957,95.539091,"$8,688,152",17.9,48.4,7.89,Female
35.073136,81.37,Mobility,13.39%,717.36,7847.1,1468.9,40.8,8152.8,Europe,false,23869,5660.97,56.6,"$1,607,536",Safari,18.026,"133 Park Blvd, Phoenix, IL 72204",626.59,Needs improvement,813768,126.2,26.9,5724.86,UTF-16,33.662,9089658993315,"-----BEGIN CERTIFICATE-----
cgky3RSizUKSRmdP2R9tsDBAgyH+Li3fjgLYWySFsovlzfogaPPDy96iVHFhbL7/
-----END CERTIFICATE-----",14605,63,7757.7,34869.6,9221.9,"$619,493",41676,Electronics,63.91,485463,60.3,ProSeries,136.9838,-10.716796,4080.26,892.49,ValueMax,67500,19.543,71.6,HZY-4721,85.2,19969,41918.8,"$5,622,283",2021-11-17 04:33:26,-3.1135,"$602,961,703",126.0237,3.49,37463.9,2020-10-04T14:15:18Z,1416.0,3732,Hardware,1788c539a0ced6b40d01193a79a27dfc89996f456b8f5aa4bec0d64e3126cd04,"[12.83, 67.45]",36.02%,96239.2,319.65,697.0,d903ed9467b3ca1b08827a11ccc02b2248b19ea7b7593185e4ae529a065038cc,Child,122545683,18.14%,185.1,3.794,3819.6,7615257,CloudGuard,12366.7,active,2023-11-20 20:42:33,"$5,635,884",4826.8,218.4,7.16,cancelled,2560x1440,6219.9,1.68,187.87,batch-20190303-30,StreamLine ERP,83272.1,26.0,19492.8,7996.87,85.5,INV-375897,-54.32785,"$1,743,122",6.1,18.7,8.39,Female
-70.672136,40.18,Cognitive,48.71%,14.02,9624.7,351.5,76.8,1229.3,Africa,false,77735,3448.17,90.1,"$7,753,379",Edge,9.942,"212 Oak Ave, Portland, IL 24336",711.68,Meets expectations,128866,119.6,26.3,9555.97,Latin-1,21.3969,2611888367218,"-----BEGIN CERTIFICATE-----
9kLwdLIpFppxDO2HhiBOGK8et+HpUCfbepAb400RtDywpXcZatQyRqeVkjoFmMRH
-----END CERTIFICATE-----",31054,59,7775.5,35513.0,732.0,"$4,987,104",92595,Services,416.19,329877,12.6,SmartChoice,118.0941,-7.70826,2377.43,489.93,EcoLine,39104,0.699,17.1,KOW-3267,25.0,24560,26167.8,"$5,905,544",2026-09-21 15:24:06,-71.4394,"$691,923,997",77.7649,57.07,41158.4,2025-11-15 11:25:43,1500.0,2048,Food,bb066142d957e9d8935ab44917f50101ee727f6d0de54e42a685d093ef534dab,"[38.29, 80.63]",39.49%,84438.5,375.93,709.5,c69627e87b7397213f72d7d1fb89395c04320abec361e7d10dcbb3aa3bbcd390,Spouse,559315416,57.98%,111.5,1.868,6474.6,1825208,Sentinel Monitor,61171.7,cancelled,2019-12-23T04:47:50Z,"$4,879,803",5575.4,238.5,5.01,cancelled,2560x1440,6621.99,9.53,80.49,batch-20230322-89,Sentinel Monitor,70615.7,49.8,68741.2,3106.31,60.4,INV-382982,156.225117,"$8,987,417",12.7,36.7,1.31,Non-binary
-1.964605,91.93,Cognitive,75.83%,115.69,2715.9,8340.3,26.1,33613.1,Asia,false,7550,5856.31,67.2,"$1,681,517",Edge,9.39,"8440 Elm St, Denver, MA 86707",411.68,Needs improvement,282190,270.1,14.0,6993.93,ASCII,120.3853,7216743946012,"-----BEGIN CERTIFICATE-----
Quzf/x60B+2BKYf4bXtjzhSybKpaNXCL+BrkfqDHVM31SuHLJ5mp6MIBLlBXenjc
-----END CERTIFICATE-----",65113,6,3258.9,83545.0,6719.3,"$4,815,968",6942,Software,63.46,359264,42.8,EcoLine,85.4724,-71.721367,788.36,504.66,ValueMax,15230,6.329,9.7,VCA-1415,64.7,88548,49434.1,"$1,291,831",2022-09-21T13:30:00Z,-80.7259,"$672,849,802",55.1339,94.24,53938.1,2020-06-23 09:12:52,1517.6,3285,Services,a5b2e40348237a09155e930b9e60a35e9e805eb07dc74b862ceda1cf89d678b9,"[7.76, 84.85]",70.68%,86022.7,276.05,13622.3,4bdbbd597b0d417ef77977f0f83c98cd355a83f7899265b1b22435fa1e84ad52,Child,897112459,41.51%,187.0,10.841,61.7,USR-932643,CloudGuard,96956.4,pending,2020-01-01 23:01:57,"$2,810,548",506.9,155.7,3.4,rejected,3840x2160,5263.28,6.08,26.46,batch-20250301-69,CloudGuard,89140.5,46.2,51999.0,4529.54,128.7,INV-214823,153.591501,"$6,438,055",25.0,90.4,6.09,Male
-30.463923,60.59,Visual,74.78%,650.36,5662.1,5976.4,31.4,9776.8,Antarctica,false,59390,5129.53,97.4,"$9,457,551",Brave,1.534,"6252 Main St, Toronto, CA 58399",459.36,Exceeds expectations,61980,253.6,64.4,3808.06,UTF-8,120.8628,3936901153784,"-----BEGIN CERTIFICATE-----
BA1XSlvKim/3kOJsyq4TG2TSFfH/XyKkkPzBR7T7d8EqhC99tZBnh6De06G6KqTY
-----END CERTIFICATE-----",83693,35,6996.1,5163.9,35.0,"$4,064,999",86411,Hardware,322.33,470014,11.0,ValueMax,59.4225,-68.971434,4193.4,365.33,EcoLine,59755,16.945,62.1,YXK-3411,41.4,19995,16439.8,"$9,820,616",2024-04-20 12:42:22,49.8914,"$448,558,213",41.6243,6.26,19875.3,2019-04-02 00:11:11,155.4,408,Electronics,312eaa1030e4053bc00406f845451039288e840bb3116c1dd26d861f7e5243e9,"[6.7, 95.64]",42.1%,89327.8,865.02,35398.3,8b9ee56dc2096d91d3ea9b6a2facd9d7d6368193c566fe13faf21cc1e820c25d,Sibling,565643250,81.63%,158.6,15.854,6284.2,USR-974266,DataSync 3000,24429.6,failed,2026-04-25 13:43:41,"$3,753,078",9701.4,91.8,7.56,completed,1920x1080,9708.05,7.37,70.39,batch-20220416-95,Sentinel Monitor,30229.9,67.5,31082.6,1033.57,80.2,INV-561263,33.553073,"$78,477",90.3,13.1,13.0,Other
36.164204,85.28,Cognitive,82.8%,933.51,5619.6,4716.5,16.0,47266.1,Oceania,false,77164,4023.21,27.5,"$4,651,360",Safari,18.974,"3986 Cedar Ln, Toronto, PA 63135",284.89,Meets expectations,244270,88.6,24.7,8262.15,UTF-16,5.3913,3497595731989,"-----BEGIN CERTIFICATE-----
g25NeqjMhtYwyedQTS0rAMlT5ieUIOq/NWX54Z/gjaWHhJUdrghchlpTmmJSzG3A
-----END CERTIFICATE-----",56820,103,9022.2,43221.1,1709.0,"$4,537,130",72415,Hardware,852.84,571697,54.8,ProSeries,36.3316,81.918449,6898.51,672.47,ProSeries,68744,12.78,22.3,KSH-3678,5.7,40729,72810.0,"$447,513",2020-10-14T15:07:23Z,42.2869,"$185,878,413",75.1032,61.28,44377.5,2024-02-20 04:42:44,129.7,292,Electronics,fd4678a61ec199227d7380f5efa3b383d2f7ddac931b2ef2957155a4efe37915,"[21.55, 68.2]",93.74%,59497.2,803.01,19139.7,b164de72d74df5f52dd01ae7ab49b72e425b11ea78362c0fb08d30e191401333,Manager,560809638,42.22%,192.3,7.61,1427.4,REC-924775,SmartHub X1,50978.2,failed,2019-10-11 20:41:22,"$3,977,574",9612.9,147.4,2.76,completed,1920x1080,4037.72,1.16,79.78,batch-20180222-13,SmartHub X1,72122.0,73.3,23619.8,3634.68,297.3,INV-748482,5.169839,"$9,786,405",52.1,53.0,2.51,Male
61.490118,23.34,Mobility,17.12%,389.84,6645.0,5293.9,4.1,21810.1,South America,false,8942,725.43,75.0,"$553,177",Edge,0.53,"7192 Main St, Toronto, WA 11498",363.06,Needs improvement,144062,97.1,2.8,7272.32,UTF-8,29.6194,0570691729885,"-----BEGIN CERTIFICATE-----
rQkKEocZSWKWN8jzye1vCcUVQXYnag+sQot9yIA+vEjcl880vnyuzRanKTGhuvNG
-----END CERTIFICATE-----",85580,30,8720.5,26548.9,4227.8,"$4,000,767",60664,Software,622.24,854968,9.8,ProSeries,3.465,-62.952113,6.01,981.56,ProSeries,20491,12.229,58.0,GXO-3005,49.3,30476,13238.1,"$8,982,957",2026-04-08 16:56:32,75.6589,"$102,873,053",22.3588,86.25,1129.4,2023-02-16T17:09:36Z,873.3,3482,Food,45e578ee7d92798232796bcf550a6fb73ac95d41b63e54fb1f343c24205592a3,"[35.32, 61.02]",29.96%,91078.3,747.34,16152.1,cb179f7a9e942988eaa16d2848e0262b4d15f9f8264a82df5306921ee1bf94b8,Spouse,042897454,12.35%,84.3,7.806,358.2,ORD-309856,StreamLine ERP,8665.3,completed,2019-01-05 10:15:23,"$4,541,594",2125.0,303.5,8.32,inactive,1280x720,6539.26,2.79,99.58,batch-20240313-10,Sentinel Monitor,53110.9,7.4,88477.3,3444.39,298.9,INV-227498,65.774102,"$1,249,282",47.0,45.6,0.62,Other
20.542689,18.34,Hearing,54.58%,256.29,4424.2,9125.7,42.4,10560.4,Europe,false,2830,8579.41,30.4,"$1,242,178",Edge,0.446,"9364 Park Blvd, Dallas, GA 25119",540.77,Needs improvement,964058,178.6,64.9,1926.41,ISO-8859-1,70.3943,9229739475121,"-----BEGIN CERTIFICATE-----
tnzK9jBn1u9UAeRcbuD9QedbzavXDgFE5VvZrdeUW1K674rrCzqmMTKBBf4x89K1
-----END CERTIFICATE-----",65913,52,8803.1,72883.3,7105.4,"$1,764,518",6823,Electronics,898.67,933339,73.5,ValueMax,52.4753,-52.21496,598.3,400.33,ValueMax,26175,13.916,33.5,NYD-7634,19.2,38581,86908.1,"$2,352,090",2025-09-23T06:50:34Z,27.7281,"$110,768,639",33.8718,87.39,43708.7,2026-05-21 00:28:43,299.4,1012,Food,8c9d2b28ffeca5b45d2180a012b65b79310cf10e66f4f0d30c3b4f4198afbf9a,"[2.05, 89.68]",11.83%,94250.7,427.84,5633.7,2af6b3f2256e567c6712ea50f47ac5ba1d3406cf587c65faefe707299733fc97,Manager,948519172,41.25%,206.8,9.424,3944.4,5602363,Sentinel Monitor,22536.2,cancelled,2021-04-23T05:45:27Z,"$5,594,495",2806.7,86.7,5.84,rejected,3840x2160,55.51,9.44,53.16,batch-20251124-59,FlexPay Platform,70975.4,24.6,76998.0,8047.85,274.3,INV-737276,-64.735743,"$1,555,777",33.4,28.1,11.54,Male
-60.445476,5.02,Hearing,40.75%,99.85,5550.9,5522.2,98.9,14383.8,Europe,false,44937,6175.69,71.5,"$2,081,536",Edge,7.391,"9791 Main St, Paris, IL 52537",105.05,Exceeds expectations,831374,210.2,41.9,547.3,UTF-8,19.1103,6299951446069,"-----BEGIN CERTIFICATE-----
9qMNxNXO8FeG3B3JRcDyijfEtvg1hbUHU2rlIALdZ0ptWp6Xm2ynW4zyQFCXS1jK
-----END CERTIFICATE-----",36224,106,5516.3,48630.2,1381.6,"$2,803,499",54759,Hardware,198.52,347820,81.2,EcoLine,131.9048,-80.753913,3458.36,701.27,EcoLine,81787,7.007,93.5,AJD-2886,44.7,54342,24666.1,"$9,099,055",2021-10-27T03:10:34Z,-18.4865,"$588,496,165",121.7603,30.52,73691.6,2019-05-14 18:23:43,570.2,1877,Clothing,20caaeeb7c1fb5d6636fbdf3dd2f1cae0403e2efb634b6bb033ee59cc9dba3f0,"[18.67, 61.78]",42.87%,69653.5,477.79,23102.3,f43f0487112c58f2e77ae774f870c5f4116134bef6f88af85d71f0cf07845afa,Manager,102817073,28.75%,204.4,1.033,3896.8,TXN-338970,Widget Pro,52866.1,pending,2019-07-26T20:24:06Z,"$2,706,861",138.0,159.5,0.48,cancelled,1280x720,5123.69,2.38,349.17,batch-20250117-03,DataSync 3000,69394.3,49.8,94489.5,8582.15,173.9,INV-324852,41.666478,"$7,921,421",18.6,96.7,5.13,Male
59.348631,71.36,Cognitive,21.66%,386.35,182.0,6310.4,39.3,35345.1,Europe,false,29288,9086.31,63.1,"$4,526,946",Opera,7.256,"8575 Pine Rd, San Francisco, CA 59251",867.44,Needs improvement,680246,136.2,51.4,4800.44,ASCII,66.1079,4755183212859,"-----BEGIN CERTIFICATE-----
WOZZeYK4BPGbhXi6bdHlx+9Qhf7+zhVWvwGw8fwwZnEM6B0YdQAsKm8mmqsP+wZp
-----END CERTIFICATE-----",45855,34,2116.1,74745.6,2794.5,"$79,206",2605,Clothing,728.79,358508,70.2,SmartChoice,114.3421,78.048791,3178.83,212.99,ValueMax,40087,3.3,57.4,RHB-6008,44.2,67504,98381.7,"$7,632,341",2023-10-27 14:47:44,88.1053,"$793,184,906",118.6655,80.93,46130.8,2018-08-03 01:37:31,134.0,4977,Electronics,ceb967b60565f29e5c2778920ee3a735e80e3aa0c2fb09f49dc156189c13ee20,"[38.35, 92.25]",12.59%,39019.3,641.98,4154.2,d577fd897331393e8866e91c553d104f2f2d04329ce11f13032ae3fdc705b9fe,Peer,694861986,74.09%,58.6,0.684,3200.4,3253120,SmartHub X1,9817.3,active,2022-09-05 04:42:41,"$9,561,384",7691.0,366.4,0.51,inactive,1280x720,8599.42,6.55,36.52,batch-20230126-75,Widget Pro,38725.5,34.4,14051.6,5558.9,109.4,INV-180841,60.72379,"$981,279",72.9,73.2,12.82,Male
83.547334,59.36,Mobility,43.2%,549.35,4884.2,1442.8,50.9,6212.9,Asia,true,70450,1484.6,51.0,"$8,674,114",Chrome,7.676,"6982 Park Blvd, Tokyo, NY 42154",75.97,Exceeds expectations,161540,232.4,31.3,1229.94,ISO-8859-1,91.5944,5662546401392,"-----BEGIN CERTIFICATE-----
yXV8/oqXcgnsGQ1OTgRR3jTlhF5rgEJ1aF2gGrFolLDuT/YxZqA/gmtVn9xbHdHC
-----END CERTIFICATE-----",59776,93,1287.6,32390.3,6508.2,"$4,724,513",58625,Clothing,654.97,336267,94.6,ValueMax,109.5721,30.938235,2448.29,17.91,EcoLine,73946,3.271,26.9,GKN-6671,97.0,13069,10330.4,"$7,616,989",2022-09-02T14:46:51Z,-92.1383,"$683,270,513",14.1455,22.6,30065.6,2022-07-07T00:40:59Z,1136.6,2540,Hardware,1d66f5e4a3475833fba2669449ba2866961d77ef3fb84ce0b0afe8b6737aba22,"[10.91, 73.07]",50.7%,66883.3,716.15,16587.7,0694e3df3e3aa1e9b1876d0bb782f5158e9692e50b5a42302129208d1dfdc5be,Manager,781360279,86.54%,22.6,2.29,4874.1,3809740,AuditTrail Plus,32826.2,inactive,2021-07-02T13:30:04Z,"$1,476,253",8960.6,356.9,3.31,inactive,3840x2160,8827.42,4.79,4.82,batch-20190913-99,Sentinel Monitor,55678.5,87.2,87032.5,7213.85,42.0,INV-102305,-31.290743,"$177,191",3.7,0.5,11.79,Other
1.475743,15.27,None,97.35%,149.2,3205.5,934.3,84.3,37347.8,Asia,false,55021,3491.17,97.4,"$4,727,355",Edge,17.033,"6496 Pine Rd, London, NC 72977",283.29,Exceeds expectations,269282,139.8,44.2,5697.16,ISO-8859-1,73.6952,3675688261818,"-----BEGIN CERTIFICATE-----
+6QEyoM9FKaynOMcnUt3SPshrrV14HvbiTXLYsVihjvRSw5GG+Hc6pvF5wQKWOQg
-----END CERTIFICATE-----",15789,109,8167.0,29880.2,4928.7,"$2,783,078",94854,Food,889.41,717078,55.3,ValueMax,119.9602,35.00906,8815.42,536.17,ValueMax,50674,6.602,8.3,IPG-6870,68.7,14472,48279.2,"$1,304,224",2023-12-01T18:21:07Z,47.2012,"$609,086,218",120.4042,16.11,97282.8,2025-04-17T17:01:38Z,1290.4,4486,Food,19d0b58645810d33e066847f42ad9311f281ed9926a7a71481d646fca23b5493,"[0.51, 96.01]",41.15%,16436.2,674.91,9112.1,accbc1fcb3db881e25bac715053b6395eb6432b809e2b3575404347f75d37e13,Sibling,326384995,8.21%,174.1,17.453,6895.4,USR-899971,Widget Pro,82603.6,rejected,2023-10-22T20:13:13Z,"$6,267,033",7445.0,89.8,2.32,pending,3840x2160,4720.34,9.36,150.0,batch-20251108-68,FlexPay Platform,83692.8,98.2,92324.4,5343.36,43.0,INV-526935,-142.546809,"$301,423",49.7,84.2,13.35,Female
88.163168,75.93,Cognitive,54.42%,690.27,5980.6,1134.3,43.8,48196.0,Asia,false,14719,2165.91,11.4,"$1,141,176",Chrome,18.331,"9649 Oak Ave, Portland, IL 73572",858.22,Exceeds expectations,783996,268.3,86.0,4124.7,UTF-8,37.3013,6842214740833,"-----BEGIN CERTIFICATE-----
BcHT/MIzNhnbmO/M9iH7d9GkbI6R1px9Ar5EeyzivyqkGScIHOIm8u2iMw2yfsAv
-----END CERTIFICATE-----",79079,102,3921.1,51735.9,1058.0,"$898,952",48408,Food,506.8,556078,43.6,ProSeries,47.5487,-13.349285,842.31,677.54,ValueMax,94586,7.264,45.6,VMW-4423,1.3,82457,72345.9,"$9,790,016",2026-03-22 18:51:31,62.6036,"$345,561,768",16.8575,89.59,50714.8,2026-08-27 20:53:35,1166.7,57,Food,44ac9929768a37be41aaccb8a96a87e6ce256120a44ed18e13c060cc39293e7e,"[22.47, 69.63]",79.65%,7391.0,373.31,12637.1,3ee58d88a6b6fdded6629485a49a924e83d15d6541856e7fe4b0ea7c00237b26,Child,339112146,14.14%,115.2,17.978,4363.5,2782580,CloudGuard,31308.3,approved,2026-10-26T23:08:09Z,"$3,097,474",2036.5,74.6,4.62,cancelled,3840x2160,9860.45,3.13,305.38,batch-20261011-15,SmartHub X1,25033.4,78.6,99373.2,268.07,198.2,INV-104733,-130.158459,"$1,024,391",34.7,91.0,2.34,Female
29.148484,94.04,Cognitive,78.35%,349.37,749.8,3947.8,30.0,45201.7,Oceania,false,96647,9566.03,14.9,"$7,888,668",Opera,1.013,"8672 Main St, Toronto, WA 60171",463.25,Exceeds expectations,299456,102.8,52.4,7889.77,ASCII,124.8865,0480462145425,"-----BEGIN CERTIFICATE-----
0N0n0Wwuzs/AR/DVvUz5U3SoaOZDBh2dsMkvhfBaEebwCIUnExiAkxwUEiiZXiyB
-----END CERTIFICATE-----",20710,84,6838.8,55262.5,4871.9,"$4,842,886",93355,Electronics,143.99,604157,59.3,TechBrand,2.009,41.752008,4555.44,284.71,EcoLine,29914,1.231,6.1,HWW-6647,45.6,48776,10399.8,"$9,358,182",2026-04-18 05:07:52,-61.6865,"$345,545,783",107.8748,80.33,7181.4,2020-09-17 07:10:13,278.4,2867,Services,518271649fdcc3768d1db9485623ec590b2009312ab12136661562f9f05b1e8b,"[21.6, 66.92]",71.6%,75205.5,336.39,30754.5,1352047da41ed11e9c91af9afc9069d7c010fcca70ac36cc1a00f7947b9a15a6,Manager,436322692,71.81%,239.2,18.932,3477.6,9908679,StreamLine ERP,32040.9,rejected,2020-02-07 03:14:01,"$6,313,200",4635.0,446.3,3.77,cancelled,3840x2160,8213.52,4.08,352.83,batch-20180224-95,VaultKeeper,95382.8,56.0,75329.7,9887.63,27.0,INV-236484,32.742241,"$9,148,353",60.3,95.5,1.79,Female
82.868182,65.92,None,18.16%,925.48,6717.2,8069.0,12.4,1034.1,South America,false,1362,1560.77,76.7,"$6,422,388",Chrome,9.06,"4847 Cedar Ln, Dallas, WA 72107",371.21,Needs improvement,734034,18.3,31.8,4125.96,UTF-16,149.7441,5250057262671,"-----BEGIN CERTIFICATE-----
7zgUdtaXIgrE8L8kqD7Y3ohYFhMUvQE7C0oChERdWY+Ur21A9sOD46g+dgTQ8DJ6
-----END CERTIFICATE-----",9546,12,7193.5,42512.4,4781.9,"$3,313,094",23532,Hardware,973.21,480976,41.8,ValueMax,143.1902,83.424305,3621.67,490.57,ProSeries,67241,13.013,41.9,QFO-3072,28.1,19323,71680.3,"$167,701",2021-06-28T15:04:27Z,-97.9829,"$697,629,636",58.2258,56.29,34777.8,2024-08-14T08:28:22Z,1884.6,428,Food,3d896e143ec6dbe5f02e103dc65354cfc56bb357d0e219742a10a8f550841f81,"[9.06, 64.95]",88.68%,58709.3,822.32,19446.2,3c81ad08f65bd1cf2832cb425585e7ac939c80503444a05828a6fb7067f243e5,Spouse,695039573,18.42%,166.4,14.843,3567.3,USR-803851,VaultKeeper,66313.9,active,2019-05-19 13:33:30,"$9,128,281",8796.3,226.5,8.2,failed,1280x720,7177.83,0.96,322.41,batch-20250331-76,Widget Pro,26496.8,127.1,1248.4,5409.99,7.7,INV-352234,87.529263,"$7,536,046",54.6,15.7,3.76,Non-binary
23.956566,96.51,Cognitive,55.13%,943.96,3167.0,5056.7,27.2,1278.1,Africa,true,59776,4432.65,97.7,"$4,033,041",Safari,10.915,"1684 Main St, Tokyo, CA 42881",585.36,Meets expectations,38144,98.9,19.9,5061.58,Latin-1,18.0941,3991211048364,"-----BEGIN CERTIFICATE-----
OADpeMMhoWiuMe9E2W+oz9Loh+FRv1zfQ9dH8pkwmr1CMSrEUCn6tjkUYmJboEaY
-----END CERTIFICATE-----",11460,83,9347.7,60298.4,8299.4,"$3,673,139",99312,Clothing,785.7,152390,8.4,TechBrand,86.7649,49.305181,1741.62,459.86,ProSeries,78223,15.809,3.4,PMC-2667,81.8,36150,88345.1,"$6,996,183",2019-04-08T08:56:26Z,70.2165,"$865,478,420",130.6579,35.72,4420.2,2022-10-19T01:02:57Z,1567.2,3050,Food,349d32cea0a529cab029b08261caca8d3c182102dd84251aba8b2623046c5036,"[36.26, 70.7]",95.44%,26400.2,48.7,12342.5,4a6174e562801bcec015401ebfbce687efc1bf6ed5ef7c2940fe63f6e674ce18,Parent,014975979,61.74%,159.4,13.47,4290.5,REC-872112,NanoCore SDK,2606.7,active,2025-12-21T16:14:55Z,"$8,762,189",4320.6,143.2,5.78,cancelled,3840x2160,4210.55,2.06,20.34,batch-20230113-88,SmartHub X1,46913.5,70.6,89061.6,6746.99,17.8,INV-158366,101.111945,"$2,945,859",2.2,15.3,6.27,Female
-35.784929,37.31,Visual,40.65%,547.59,7329.4,2742.7,45.3,46967.5,North America,false,2520,4196.43,26.6,"$958,024",Opera,0.705,"5111 Elm St, Boston, NY 91029",238.18,Outstanding,426987,250.6,15.8,8921.52,ASCII,33.3401,7344365162631,"-----BEGIN CERTIFICATE-----
uNTjFIoFkJeDEsLrHyaOZ1QNNZa6AI/HNroEuaIR0scs1l8jbpk+hqhEvg9aOk02
-----END CERTIFICATE-----",42960,63,6985.5,71970.8,8150.3,"$1,964,891",14806,Software,743.39,509659,93.5,SmartChoice,82.5246,26.828982,4453.84,156.3,SmartChoice,20352,7.744,2.8,DQX-7901,24.3,64567,84725.1,"$1,875,748",2026-08-17 18:47:06,-76.6132,"$2,713,932",16.4083,25.88,33167.6,2022-10-20 18:17:55,1600.7,2913,Electronics,a0044ec70b7cf32f0b3b56e1a5c4a4d82a78bbe7060b1b25b643d67dce932c22,"[12.98, 61.11]",90.49%,97911.2,109.24,22764.8,d2af7dcfc15672bb8789ee95faa9af4b3013d6e3081de19243eebf92a27acf41,Sibling,778340104,58.76%,271.8,1.744,1954.0,6839018,Sentinel Monitor,40627.2,cancelled,2024-01-27 23:19:57,"$4,050,900",8464.5,96.7,0.04,cancelled,3840x2160,348.95,9.45,66.97,batch-20190311-74,Sentinel Monitor,3528.1,5.4,44126.9,2117.91,111.0,INV-436601,-64.915788,"$5,073,393",21.8,15.1,10.09,Non-binary
-30.114507,76.75,Mobility,79.34%,732.1,7796.7,385.5,83.8,5816.0,South America,false,98127,857.68,79.1,"$4,848,578",Chrome,7.586,"3134 Pine Rd, Miami, WA 15081",342.14,Exceeds expectations,119681,90.7,87.4,6740.78,UTF-8,143.2984,2020966601124,"-----BEGIN CERTIFICATE-----
JQ9qRLVASjLESuwwg+ycaG4qpgA4si0Vwt0SAoRxZJM59bzIwjpY5btmWMhuziSU
-----END CERTIFICATE-----",21615,14,5084.2,34497.1,3513.2,"$1,617,198",85219,Services,856.21,662114,74.6,ValueMax,87.713,38.574427,153.84,525.94,TechBrand,74867,19.583,67.4,PFY-3519,67.8,63960,2997.9,"$2,940,448",2023-09-08 22:59:35,94.7035,"$760,691,644",44.4645,3.66,29225.0,2021-05-13 12:43:40,1145.7,1597,Services,a9475ea2abc991dc8c1b80ac76fdb1adcf410beefd9a82083898b94086df3294,"[17.75, 97.53]",75.46%,67577.5,989.96,1234.2,4eb41d0264935beef5401a5bccefa629856ac3c035fa75fffeb25e84677d0ed9,Child,262974126,83.31%,8.3,2.476,20.2,ORD-923567,CloudGuard,56601.8,pending,2020-01-04T04:39:03Z,"$9,325,669",9329.7,202.6,6.11,approved,1280x720,4904.94,6.48,79.79,batch-20230519-57,SmartHub X1,60020.3,108.6,33567.7,1515.57,168.6,INV-380293,45.741127,"$7,500,812",78.1,41.5,1.16,Other
-37.76375,57.67,Hearing,71.82%,138.82,5085.2,1542.9,36.0,23937.6,Antarctica,false,43174,6381.76,4.8,"$9,226,476",Brave,9.781,"3491 Oak Ave, Phoenix, CA 93667",381.29,Needs improvement,422227,86.3,80.7,3603.54,ASCII,65.1777,8504375776173,"-----BEGIN CERTIFICATE-----
NoRukj1UHxPO4Y2rBzsxVgV7X4YTC5pwOhnQsIV8ZTQjdc5Ljcrrn92buvQwJkvb
-----END CERTIFICATE-----",63967,58,950.1,44354.7,1450.0,"$2,503,701",47615,Clothing,541.62,316078,61.3,EcoLine,103.6083,52.36495,5632.98,39.2,ProSeries,64372,1.586,36.5,NNN-7294,31.6,25762,66797.9,"$9,584,372",2023-03-10T16:22:35Z,62.3702,"$972,472,082",139.4277,60.55,31009.1,2018-02-12T17:04:51Z,7.4,1838,Hardware,b94d156433f4d40e0b38dd9b1adc1836ecaf105354f9912ed3dbc0525850c91e,"[7.97, 79.02]",40.76%,18557.4,603.86,21336.9,138a5c5f6523cb5341a15de2910fda18df63c259247b3c6b6e98fa2a2c11f828,Sibling,106919332,4.69%,207.6,7.835,2361.4,7565855,Sentinel Monitor,76471.9,inactive,2026-09-06 15:10:00,"$8,857,514",7470.3,344.9,2.49,cancelled,2560x1440,7208.85,6.88,292.43,batch-20220602-95,AuditTrail Plus,5921.8,126.1,99157.7,5510.03,18.6,INV-552659,-141.28755,"$9,857,880",60.6,43.1,7.43,Female
4.025595,5.24,Cognitive,65.9%,571.93,4010.6,9939.8,68.8,40778.7,Africa,false,65617,5861.7,31.8,"$6,775,334",Edge,2.556,"7111 Maple Dr, Tokyo, MA 70339",687.47,Exceeds expectations,568108,180.4,66.3,8454.54,UTF-16,77.1572,4954166340489,"-----BEGIN CERTIFICATE-----
4UuMTBlLAraz+z74UDmwV+s8CVYrk65FLZkqSw7WtwHZKLYVZ3NBEORInY7AD8NE
-----END CERTIFICATE-----",77613,73,34.1,10791.7,5754.9,"$4,359,785",13867,Hardware,131.72,704619,76.6,ValueMax,68.0992,-19.446249,1628.78,176.61,SmartChoice,61684,2.133,66.1,TJM-8118,69.6,38426,64190.7,"$1,575,002",2026-08-27T23:29:33Z,-90.5756,"$649,415,058",124.5725,30.28,12712.0,2021-03-05 22:20:58,809.3,769,Clothing,d3adba3ffb7bd2d749b8fd54a298e6ac21c3bc3d15f48ccd67a22400ee11cd90,"[18.44, 84.8]",91.26%,90644.5,114.38,7398.7,babd483f0f2feb34f07e8fad4e2d89ddb4569f722b96490dbbd234ffc44d4ff2,Sibling,763235198,60.58%,295.7,6.899,5236.4,TXN-642974,AuditTrail Plus,20099.8,pending,2020-01-15T08:56:12Z,"$7,624,844",6686.7,417.2,9.07,pending,1920x1080,9169.62,3.87,333.0,batch-20200113-29,DataSync 3000,39017.5,5.8,83242.0,5814.92,31.7,INV-824625,91.780738,"$992,780",21.6,31.6,11.22,Non-binary
-34.46052,14.64,None,83.55%,701.9,8076.0,111.7,31.0,32306.9,Oceania,false,89789,2471.27,78.9,"$6,331,324",Opera,14.357,"7400 Pine Rd, Dallas, PA 71045",139.59,Needs improvement,659447,299.8,39.0,8184.51,UTF-8,8.6801,5880384465084,"-----BEGIN CERTIFICATE-----
F3mMdMJ2++fEmnYtt0fKi08zhlM1tk+fIsFZjkl7WE2CZv9VQLaBSx50a2ckX9Ik
-----END CERTIFICATE-----",36912,4,8392.3,22568.8,3346.3,"$168,660",65334,Clothing,584.71,155228,12.5,EcoLine,148.1478,-47.177912,5758.88,218.71,ValueMax,90180,3.322,49.3,YFR-2334,98.9,76719,19117.9,"$7,551,698",2018-10-01 14:59:54,67.857,"$220,170,350",10.9707,86.93,14547.6,2020-08-20 12:47:09,1754.5,3516,Clothing,cbb9940eb4542571b15cb8e5c7d3d9886f91de4739dbc62c690a8aa2343f01a7,"[30.15, 70.09]",74.41%,21251.3,978.99,30080.8,3c8911ae4f02a75889ab99609a29918750087164276a4e60a20d1682e37e2510,Child,475504824,19.9%,149.7,18.651,4131.2,ID-728953,AuditTrail Plus,88986.8,failed,2024-01-05 03:46:23,"$5,717,389",2897.8,180.3,5.69,pending,2560x1440,2087.39,2.93,186.65,batch-20241218-84,CloudGuard,27031.5,26.0,1546.6,6408.69,256.8,INV-201761,38.756184,"$9,234,788",47.4,35.0,3.35,Female
63.080432,88.42,Cognitive,80.63%,934.3,5388.5,1835.1,88.6,21773.7,Antarctica,false,56898,3864.77,31.9,"$1,078,202",Firefox,15.425,"3301 Park Blvd, Denver, GA 13914",120.05,Outstanding,279420,83.7,93.0,2651.36,ISO-8859-1,83.1065,9110883405498,"-----BEGIN CERTIFICATE-----
WGU3XFGXNc5UOISjpURSXo7VgeaxHG4m6lezYOz5sbgVhCvUvCBMACgLjZudoEaz
-----END CERTIFICATE-----",38780,93,1455.4,62421.2,1113.2,"$4,337,286",18254,Food,488.64,545259,77.5,EcoLine,148.3269,35.289564,2290.4,599.29,ProSeries,81649,6.629,60.7,BBY-2471,34.4,99093,83597.3,"$5,706,551",2026-11-21 17:34:34,15.044,"$537,884,380",99.5301,0.84,54317.3,2024-08-28 11:36:01,759.2,2263,Software,a8292f07e38363c8c18e42a07d4c6288d68294fc36189713a6c5df3f4cc03046,"[38.05, 99.99]",42.99%,3686.3,599.06,37025.9,d51107510c916e8a7352064f9534893bac840d914ad886d77e5e2c0f07f6d491,Child,494117263,66.53%,260.5,13.674,8538.7,1869987,SmartHub X1,43589.8,failed,2024-01-02T00:00:27Z,"$9,557,219",5539.6,144.3,6.08,rejected,1280x720,702.74,2.22,294.31,batch-20210509-55,VaultKeeper,2178.9,92.8,55153.3,9432.91,9.0,INV-897889,-60.430736,"$8,702,856",54.3,94.3,4.35,Male
35.002459,59.15,Cognitive,28.28%,350.08,6686.6,2529.7,90.9,24024.5,Africa,true,82952,1877.87,29.9,"$5,948,004",Safari,10.324,"3645 Main St, Houston, OH 27015",506.01,Outstanding,341424,55.4,23.9,9596.38,UTF-16,16.4341,8116348594804,"-----BEGIN CERTIFICATE-----
4+hPZ/qsPt+NHdtYmwbpd2U95I2ydsVDCNqHSuVSyfI+4wcQQ5snESQ+rWdkoEWO
-----END CERTIFICATE-----",83579,52,2511.9,69116.5,281.2,"$1,369,415",78406,Electronics,595.99,241989,88.5,ProSeries,48.7241,-88.284162,724.29,676.93,ProSeries,21645,5.423,38.2,GUT-7446,82.6,71269,66411.6,"$8,008,363",2023-01-19 04:33:55,-33.6674,"$917,421,090",19.4246,84.73,55047.7,2020-10-18 08:12:47,163.4,792,Food,e6fe29c1f08c587804a3b48678bfdc2114fcf8c777cb115125bf3e8bd380baa8,"[12.61, 73.2]",13.45%,47394.2,408.53,11262.7,b3dd3bc7bbb246f562f4b3ae9f5a7b30b5afa1c8dc4c44eae393ceb0eb222c08,Child,898781491,45.68%,103.0,19.022,6038.5,ID-862066,SmartHub X1,4300.9,failed,2023-11-25T05:14:46Z,"$1,758,539",8791.2,404.2,6.85,approved,2560x1440,8036.71,6.31,120.87,batch-20241129-26,AuditTrail Plus,72768.1,58.9,41438.2,2791.98,96.2,INV-617243,157.500268,"$258,158",15.6,98.7,5.2,Non-binary
69.456015,91.77,Hearing,48.79%,664.33,1382.4,7730.2,19.3,49317.4,Asia,false,85666,6946.24,9.4,"$3,781,999",Safari,17.029,"697 Maple Dr, Paris, TX 37671",707.27,Meets expectations,208865,101.1,55.5,5968.1,Latin-1,145.6465,4216989459763,"-----BEGIN CERTIFICATE-----
j9Ol1KytJQXrpyEbL+TlY5QD19OQdYtnyLoC4M19aIzIziEbb7xHzimWlPq8yToQ
-----END CERTIFICATE-----",9719,99,1389.4,94936.5,6735.4,"$3,857,582",67294,Hardware,792.52,898474,37.6,TechBrand,24.4771,-63.409022,7954.13,626.46,EcoLine,28891,17.465,4.6,CTJ-6412,11.3,91779,11610.1,"$9,495,077",2025-03-12T14:33:00Z,-2.0357,"$565,143,807",11.6516,63.86,81010.7,2021-11-28 12:23:56,135.7,623,Services,b33bece319937cfae77fc6df8fa1b779e256d865576b214b39245b86aa9c407d,"[31.76, 93.02]",66.88%,91432.9,508.82,41285.3,12e618eb778c1e72cbc78339c97da85c7beb35a741b4f46f5d2d3c8d9ac7cfb5,Manager,198677992,49.46%,25.2,8.374,9720.8,ID-540217,DataSync 3000,21380.3,rejected,2021-03-02 12:08:34,"$5,959,765",3059.2,161.7,0.53,completed,2560x1440,1187.47,7.26,246.09,batch-20240123-79,Widget Pro,81175.1,61.0,31697.4,7428.15,1.7,INV-744424,162.360598,"$9,668,981",13.6,62.9,3.7,Male
-87.694771,93.73,Visual,32.93%,790.0,1211.9,4262.2,17.9,36223.6,Africa,false,4078,9663.05,2.2,"$9,578,065",Safari,15.499,"6708 Oak Ave, Chicago, PA 75875",455.24,Meets expectations,400824,281.7,91.7,6603.39,UTF-8,98.4498,6651846564250,"-----BEGIN CERTIFICATE-----
Q0iVQJ0j+PNV68ZwRO4QivcTVj/9Wca2hxKxpuvO05e7r6DoMx089pkilqRwO24F
-----END CERTIFICATE-----",85782,51,5607.4,29123.0,4560.1,"$2,265,131",92617,Services,131.77,928460,50.9,SmartChoice,47.3326,-52.746468,3125.3,459.47,EcoLine,82915,7.857,43.3,WCX-5970,0.6,23125,14114.4,"$2,497,245",2024-12-04T10:13:04Z,25.8438,"$740,818,079",140.7947,57.21,23615.2,2024-03-05 11:42:49,996.3,3043,Software,fa29e48519ee2469fa042d05459deca3d85f5ad7f21ae9cd351d7f8e719166b5,"[35.54, 95.98]",24.38%,92261.8,429.25,22887.2,b5164dbe3322a39023b98db242ddbc1ea958bf5b0a1607260dd66856a23e0b7a,Spouse,577030377,89.87%,101.6,16.95,7853.8,9970737,VaultKeeper,20722.7,failed,2024-01-10 07:40:17,"$9,466,107",1940.3,458.5,7.83,rejected,3840x2160,5255.15,0.35,116.96,batch-20180531-52,Sentinel Monitor,42550.5,68.2,56952.3,7542.91,59.0,INV-780405,-76.770261,"$3,161,677",97.0,99.1,4.59,Male
74.171976,52.49,Cognitive,21.29%,266.76,8077.1,3497.2,31.3,23816.2,North America,false,2790,7194.27,93.0,"$7,714,153",Firefox,11.981,"9807 Cedar Ln, Portland, MA 84607",142.42,Meets expectations,544966,91.8,58.3,1266.86,Latin-1,55.5497,0558057066343,"-----BEGIN CERTIFICATE-----
hrwn7mvBN6pNLYeMfqxarbWYFGsQCYdqXJi1PVy15qtEy0b63kz8XChORdOlZSJx
-----END CERTIFICATE-----",6367,66,2566.8,6674.4,2495.3,"$4,459,793",56569,Electronics,165.08,826968,1.4,ValueMax,71.3903,54.796971,7662.63,365.13,EcoLine,92547,17.802,97.8,YLF-1449,27.3,58647,87616.9,"$1,191,262",2020-11-26 09:56:31,-9.5901,"$193,759,286",64.6659,77.5,80525.5,2023-05-24 04:47:00,1600.6,1134,Electronics,cfcd99b90f643b5376e59907101c66e0c9f02f06c575b51b2f41a99fbbd53022,"[5.0, 98.02]",78.65%,19054.6,427.23,8984.8,c841d9ec8af57593161faf5d5cf04e73ac5d547d061fc2f777eac0ff54710927,Peer,106912371,81.32%,94.1,19.747,7870.5,TXN-668816,FlexPay Platform,98221.7,active,2019-09-10T10:27:02Z,"$4,288,816",4417.5,97.6,0.04,rejected,1920x1080,7713.34,6.23,28.67,batch-20200611-98,CloudGuard,83677.3,19.9,97073.8,998.98,208.7,INV-593956,-107.760203,"$6,093,366",94.4,97.9,5.62,Non-binary
46.18486,14.18,Mobility,75.18%,935.34,6388.1,7068.1,37.3,34635.4,South America,true,6726,143.37,92.1,"$3,691,886",Brave,14.662,"6611 Park Blvd, Portland, NC 82261",583.35,Outstanding,994508,208.4,34.7,5755.68,ISO-8859-1,84.442,1524587948494,"-----BEGIN CERTIFICATE-----
r4jGUoPQiK5KTuiyD95b/lyPPSkxBrli0Kb/Aj9UpcSFcJPMMk9f5948LW/oqaI/
-----END CERTIFICATE-----",42072,102,5066.8,3835.3,8377.8,"$3,448,359",80185,Food,896.22,740768,49.5,TechBrand,92.3243,-43.26924,6362.37,249.82,ProSeries,57575,19.293,68.1,LJO-7414,11.7,23133,4515.1,"$5,070,650",2024-09-14 22:53:38,65.7325,"$823,250,879",56.9714,41.66,99894.9,2019-05-28T16:00:05Z,588.1,3067,Hardware,4b7ca0e94db42aedd933965a39a572ad468d6bedb85e49867c62a776d8fb7799,"[35.23, 95.18]",4.69%,39382.7,568.71,25623.1,8eb1ab2ec293723af010b573ac7de6f893942fb642d555822046ab436bda316a,Child,219953384,40.66%,282.8,5.503,5994.7,2661087,SmartHub X1,58422.0,rejected,2021-03-26T01:40:02Z,"$2,786,812",1762.2,81.2,5.38,failed,2560x1440,3911.99,0.57,350.29,batch-20261009-53,AuditTrail Plus,14135.2,111.1,27681.3,7225.21,237.9,INV-352563,-125.534024,"$993,051",48.0,96.5,13.04,Male
-19.210189,73.73,Cognitive,39.11%,863.93,8089.5,6449.5,40.8,19091.6,Antarctica,true,78012,8136.88,19.6,"$3,879,126",Firefox,8.542,"6069 Cedar Ln, San Francisco, NY 55320",909.89,Exceeds expectations,396733,109.9,69.0,440.37,UTF-8,23.5658,5049881849539,"-----BEGIN CERTIFICATE-----
YlFOOyuH1U9cwlkYTtrihGfefPK6RRqKMhaYhlnWFw7IJZH/1XJ17Bx+aFZFpwhQ
-----END CERTIFICATE-----",95459,40,1837.6,57140.8,8719.0,"$2,574,856",7599,Electronics,929.22,329645,75.8,EcoLine,115.1912,-51.917275,6555.71,486.14,EcoLine,11111,19.705,22.8,GPE-8349,32.5,16532,72823.1,"$7,438,540",2023-12-02 20:13:23,-20.8734,"$837,794,922",113.0243,38.57,9427.0,2021-08-14 13:34:38,554.4,55,Electronics,7910c4eb22473d940c0f44b97ebec26f92ec8ea52dae7770ae869e952c083210,"[29.35, 83.32]",73.58%,54567.6,486.61,15394.5,a03b7c46c079fc09c2fa0b134f49a21055f85767feba4a124fab2c267e59eb97,Parent,358277913,76.9%,235.5,14.881,5895.6,214565,Widget Pro,81780.5,completed,2025-04-20 06:56:29,"$5,311,643",8482.0,31.0,5.33,inactive,2560x1440,2737.09,7.33,209.11,batch-20181108-73,CloudGuard,82076.1,3.1,18338.8,3508.56,197.2,INV-155988,38.463935,"$9,367,893",7.5,82.4,12.12,Female
32.623485,86.01,Visual,35.63%,798.6,4420.5,1926.3,28.1,25921.6,Oceania,true,87573,4964.97,88.1,"$959,455",Brave,4.106,"7514 Main St, Los Angeles, IL 76278",293.69,Outstanding,898144,180.0,25.9,4437.9,Latin-1,89.43,5912163096186,"-----BEGIN CERTIFICATE-----
qfZH21uJu2P/mAaisJlU8MCQJwa3kyXKSqAzY0WfG4PzdVU4C29snb5kLWeT5ZBy
-----END CERTIFICATE-----",15541,1,7077.1,13657.8,9517.1,"$888,670",2322,Software,956.26,263234,78.9,SmartChoice,76.7246,16.938337,6478.57,266.75,EcoLine,98054,3.636,42.0,DOV-1417,67.4,77575,91671.1,"$1,621,449",2020-08-14T22:22:02Z,84.6939,"$200,767,676",20.1839,20.06,91678.7,2021-03-28T16:37:17Z,1683.4,1536,Software,71c5a82b42d40dff3ded0930b372a88de5ebfcd2220e263f39ede0c7b91bc3bd,"[29.05, 91.76]",31.38%,57405.8,454.65,12560.6,c5a0650fa882e6e8c908be8569ab8a7b9effae1e65d97763837e907ba8649d48,Parent,814032876,19.99%,220.0,6.859,1355.2,7086919,Widget Pro,94490.3,active,2023-11-02 05:39:37,"$2,989,202",3337.8,34.4,1.71,pending,1280x720,2332.06,4.88,190.94,batch-20250810-48,StreamLine ERP,10565.4,25.9,47322.4,3097.42,211.5,INV-929279,78.974348,"$3,368,955",59.7,54.5,11.87,Non-binary
-46.958643,3.5,Cognitive,12.06%,826.43,8080.4,5855.1,76.1,39740.1,Europe,false,95453,589.56,60.6,"$8,666,323",Chrome,17.569,"5012 Maple Dr, Miami, PA 94062",665.14,Needs improvement,934323,189.0,34.3,4038.85,UTF-8,94.8844,9704897445195,"-----BEGIN CERTIFICATE-----
PVoQebRB2iuERlKJTyF4ZZ18cDPLBPfNvME+2ucZ1Dwca36OuB/xCsaDnqSry9k+
-----END CERTIFICATE-----",60140,70,7641.2,76233.9,9670.7,"$2,489,378",25187,Clothing,606.35,579428,22.3,ValueMax,133.1654,30.793452,8995.85,218.22,SmartChoice,50531,9.927,91.0,GBR-4997,6.1,36449,65116.0,"$3,842,680",2023-05-19T20:43:40Z,89.9103,"$7,239,939",144.4879,21.18,95233.6,2022-01-23 14:01:41,1551.7,2564,Software,8d0faea54e5efe54c446422893eb6337a7459eb25fa33db9b3a8ba9439caef08,"[24.37, 76.09]",51.6%,71974.9,213.41,48582.6,1949b4189d000524bc8cbd419609e27af96d2fc8a59c38f5b31e3dc7914ab600,Spouse,996049382,34.8%,183.8,2.049,7517.4,9621197,AuditTrail Plus,32966.5,inactive,2025-03-05 09:12:21,"$8,422,855",4873.4,9.6,7.44,pending,3840x2160,4182.36,5.37,98.71,batch-20190617-74,SmartHub X1,49693.7,112.5,67701.3,5251.32,186.1,INV-951865,17.225708,"$6,194,563",48.8,89.1,0.54,Male
-19.022671,40.58,Hearing,16.13%,564.5,7704.8,9063.5,49.1,16836.6,South America,false,81265,2820.88,51.2,"$3,925,615",Chrome,1.593,"2527 Pine Rd, Sydney, IL 18268",181.54,Outstanding,995455,279.1,16.7,4592.95,ASCII,137.5862,9852965167207,"-----BEGIN CERTIFICATE-----
wCnoFkLAf4WE4f3smVkLqfGTX7/4Te4mnBxphSqHKuyWtYCbgza4a+c5K9iHfEQC
-----END CERTIFICATE-----",94037,61,328.4,54723.1,9107.2,"$2,678,967",24347,Electronics,714.07,360096,91.8,ProSeries,69.2831,81.41965,2664.4,967.32,ProSeries,19790,5.996,46.8,JLT-7666,7.3,53941,92540.3,"$4,346,350",2022-03-10 02:37:59,70.5647,"$229,459,092",0.674,98.35,75809.7,2019-03-25 03:29:45,192.3,4085,Services,f27f02c0a945a31940f4e933ea1e7f326ad82a303704808be1ffb0c32c91a7ef,"[3.1, 64.86]",18.38%,91711.5,82.7,15467.7,a0d1d8752f4655c70aa53cfe347b657f9987ee1f5eb6ec635ecf3b6f938817ba,Peer,935531092,99.61%,81.2,4.773,2864.7,ORD-991811,DataSync 3000,559.2,rejected,2022-08-25T07:57:09Z,"$9,522,538",5144.6,450.6,0.29,inactive,1920x1080,3334.84,8.69,233.58,batch-20260925-06,Widget Pro,82661.4,127.6,80723.4,8189.47,31.4,INV-504802,-127.393597,"$1,572,304",20.0,62.3,7.18,Other
-13.103099,62.56,Visual,99.52%,906.95,4236.2,5271.9,56.0,38672.8,South America,false,46430,9726.32,51.5,"$5,694,438",Firefox,15.866,"7536 Cedar Ln, Tokyo, WA 87090",328.27,Exceeds expectations,229153,124.0,99.8,1029.66,UTF-8,113.1965,3709059900089,"-----BEGIN CERTIFICATE-----
OqwWhffFBT1jPoj2qSUNjc18aUhxcO14v4E+WR86bBHm67ck1phnHOmvmF4jXxzg
-----END CERTIFICATE-----",75421,52,902.9,38560.0,5111.9,"$3,083,039",23185,Food,700.13,219988,7.9,ProSeries,18.1255,-54.624533,9774.12,286.2,ProSeries,40973,8.902,74.7,WUU-7781,14.2,99242,97664.6,"$5,251,047",2020-12-27 04:39:34,-66.0175,"$386,647,066",130.9332,88.83,9987.2,2018-12-11 12:02:11,972.3,3767,Software,023172188c7e8d758fa3e4c2c7bc1d0ea966d074f3d4765abb53add5bf347c78,"[25.27, 62.17]",35.32%,65802.9,74.13,40109.3,dc930adfb4c8e64934ae9579eafd08a3bb21855b1d6ecfdc56842de96321869e,Spouse,167393819,86.14%,84.2,9.774,2950.0,ID-220732,SmartHub X1,52518.8,cancelled,2026-07-28 07:04:11,"$1,320,501",1490.6,121.1,9.36,cancelled,1280x720,948.21,1.19,86.65,batch-20200325-34,StreamLine ERP,75703.2,76.5,50298.1,8712.12,159.5,INV-278476,-62.316511,"$4,083,475",65.5,88.0,13.13,Male
68.364863,12.3,Cognitive,11.78%,168.85,1178.7,9718.0,54.3,7014.3,Europe,false,65478,149.48,13.1,"$9,473,034",Brave,16.49,"3468 Elm St, Austin, NC 83190",600.14,Meets expectations,187902,39.4,1.8,4690.44,ASCII,148.7238,7435207243839,"-----BEGIN CERTIFICATE-----
KBTOuirbLA7tZyFmjr6/pcwb04sd08AzQ+IsW8cuCY0Aqx7o+wdrhm04Jl8mRuop
-----END CERTIFICATE-----",15118,81,5188.7,17395.9,4345.0,"$400,076",28152,Clothing,359.23,585311,90.7,TechBrand,86.7521,74.337407,8622.53,802.22,EcoLine,9314,9.428,63.2,VEU-5479,3.1,66636,73910.9,"$5,843,062",2018-05-13T17:32:39Z,97.893,"$627,603,406",39.1006,29.96,17589.4,2026-05-08T11:13:17Z,1946.3,2663,Hardware,f20d600dd176a8a799b91a71be30a5e9f28bec752ea8ef0401268fd3a1faa6c4,"[7.53, 64.05]",95.92%,24757.7,921.29,21987.8,3753096da6d70de3d63e6f7400319081ed1345c511f2819d109187c46386bbd8,Child,281836222,45.2%,249.0,17.987,4723.5,118062,SmartHub X1,69483.4,pending,2022-12-16 08:29:08,"$4,294,374",2264.4,73.2,9.57,active,3840x2160,4150.97,2.34,327.04,batch-20180413-73,SmartHub X1,16748.6,126.1,29017.6,1530.77,117.0,INV-736948,-36.014808,"$8,717,620",56.4,65.2,0.0,Male
-4.991437,97.28,Hearing,68.55%,576.07,9345.4,25.8,32.0,14941.0,North America,true,14655,4135.77,77.1,"$3,539,449",Edge,5.917,"4286 Pine Rd, Denver, PA 91645",879.09,Exceeds expectations,92091,188.3,11.6,3775.76,UTF-16,48.4317,2425361942580,"-----BEGIN CERTIFICATE-----
Tow4k77LEU6Y/cq4iM4fOct/ntQGQ3Uia580rFsbfl0rvgDjyEMPsPuXGX/7hKVy
-----END CERTIFICATE-----",45096,90,6140.7,35857.7,3349.1,"$761,476",40931,Services,947.21,214208,42.3,SmartChoice,51.6349,34.75643,7162.43,38.69,TechBrand,29379,6.846,70.2,GNY-2927,62.1,32133,10173.0,"$5,433,629",2019-01-06 07:07:39,17.0436,"$231,837,942",117.4385,56.92,15329.4,2018-10-11 23:03:28,1178.3,4977,Services,ca8180e706fcaa84dab907fd6e52b1e0c48e9cffb4f6c214dd512a99234ebb34,"[3.39, 80.52]",74.35%,50106.0,228.74,35015.5,06a2565207019b289ae1e13ce338d4a25e4c72204b8644c7d8901f389a461ec7,Parent,584571306,80.42%,173.4,1.941,5130.1,ID-725893,NanoCore SDK,78449.6,inactive,2022-04-20T22:21:52Z,"$4,717,416",5705.3,118.6,1.08,active,1280x720,1719.24,6.23,305.57,batch-20241008-09,NanoCore SDK,88446.3,126.0,28376.3,5731.45,186.0,INV-939240,59.395596,"$2,335,812",60.7,72.7,8.49,Other
49.783961,44.63,Visual,29.04%,506.88,5848.5,3205.9,73.9,3681.0,South America,false,66241,8038.29,88.9,"$1,998,078",Edge,3.564,"5163 Elm St, Berlin, CA 61877",645.65,Exceeds expectations,360891,253.7,14.0,1886.16,UTF-16,146.7533,3052742558915,"-----BEGIN CERTIFICATE-----
/AJjOqjfClrd/Fi1xHj7Lxpr2/28pPjXbVikINZoULJHKxvMoJmdIvsHWOB9Yocf
-----END CERTIFICATE-----",95050,40,7889.5,66363.9,9856.3,"$3,657,008",23466,Software,506.89,643586,82.1,TechBrand,41.5897,-80.398971,1260.34,563.59,EcoLine,87052,7.153,60.1,ITR-5864,67.5,292,41268.6,"$7,771,541",2022-05-13T00:00:37Z,-46.7246,"$903,263,475",56.2645,99.65,36229.9,2024-03-24T05:44:41Z,1718.5,1640,Services,811d16ba8b5904acb92434a6c4ad88f8d044cd18959ced45cdbe831761786f10,"[10.77, 88.0]",71.61%,19740.1,303.85,41746.9,f2dc80fb84b684504be8667d3febaf7757d2b25acca03af6845b88f67357a18b,Spouse,822855147,43.61%,26.7,11.451,4113.5,REC-384855,StreamLine ERP,6506.4,active,2023-07-21T06:11:30Z,"$6,710,827",8831.3,426.9,8.03,rejected,1280x720,4565.53,4.24,325.82,batch-20240307-46,VaultKeeper,87667.8,20.0,75658.9,1534.51,177.6,INV-574700,-101.934952,"$6,500,615",67.9,55.0,0.94,Other
22.722455,20.39,Mobility,2.16%,219.9,8947.6,7506.6,96.4,34652.0,South America,true,45803,6371.24,99.2,"$5,071,995",Chrome,19.392,"5058 Park Blvd, Portland, WA 31601",326.07,Needs improvement,49674,240.1,69.6,22.87,ISO-8859-1,95.118,0495990640415,"-----BEGIN CERTIFICATE-----
yPlzdS8GpWX2wvs7zrVjpNCoeD/du07MZgdqmFMLc0K09fujKbzsXOcdEVVAd0vu
-----END CERTIFICATE-----",16827,45,4277.5,42531.1,8729.4,"$2,099,740",95983,Services,540.97,745711,21.7,TechBrand,83.3452,-60.744871,7530.69,877.65,TechBrand,9843,7.301,99.9,LQB-1252,79.6,39079,12939.1,"$434,983",2024-03-28 11:28:12,-45.3547,"$697,376,567",119.4133,91.71,38233.4,2023-11-18 04:02:13,1427.5,4334,Hardware,734633e1fa5ee9b6cbf707cf02a6a72a4486c2f3fb476f968e2bec63293fd776,"[26.24, 96.64]",20.89%,81949.2,162.62,14109.3,2926523292f3193b666a3f99591b29832d1409d2e11a782a34c3f9ac841459f2,Child,929039369,84.99%,149.6,12.705,7425.5,8206603,NanoCore SDK,13264.8,failed,2021-03-15 01:27:38,"$7,724,146",8007.6,321.9,5.37,inactive,1280x720,6294.61,0.76,33.0,batch-20210917-59,VaultKeeper,22456.4,97.6,15660.6,9831.8,49.2,INV-298829,-89.138023,"$8,840,877",46.3,84.9,9.82,Other
3.46926,69.54,Cognitive,0.37%,842.39,4788.0,6066.8,97.6,8243.9,South America,false,9296,337.75,84.5,"$747,361",Edge,7.264,"8311 Maple Dr, Dallas, NC 20036",924.97,Needs improvement,260356,77.7,85.7,4505.02,ASCII,75.9367,3817054902901,"-----BEGIN CERTIFICATE-----
M7jrgIlXjJ8Od+7obgZ5dd1WBReC+DeLfBleGJ1f6t76KFmOhzN8VPVNR+v9ZYFy
-----END CERTIFICATE-----",55228,88,6960.9,28877.5,2121.7,"$1,341,568",48987,Food,380.69,112591,81.0,ProSeries,2.5546,-89.43749,3517.75,746.27,SmartChoice,7959,8.617,46.6,HOK-3509,96.9,60777,10630.4,"$6,449,474",2020-10-12 01:17:03,44.7632,"$524,867,034",125.2814,61.38,29.0,2020-04-12 06:41:02,1871.3,4470,Food,9a28e21a32e15347329003f215cdbe334c01bca4f68ebce6edf3ed3db88b261b,"[26.51, 67.42]",64.0%,29117.5,54.24,48878.9,889e5523e1b3547db0b3732116bd9837e3a87c2d3982ddaf11b427e9bdb18960,Parent,962876225,60.86%,89.5,0.293,3635.8,2157156,DataSync 3000,29963.4,cancelled,2021-06-17T13:22:52Z,"$4,251,153",7270.7,319.6,9.69,active,2560x1440,281.51,4.17,260.65,batch-20240326-94,Widget Pro,58409.4,65.5,39495.1,8742.65,280.4,INV-938669,102.216068,"$2,186,351",18.1,56.8,4.1,Female
-9.957814,8.35,Visual,33.5%,215.21,5136.9,2079.2,86.1,31522.1,Africa,false,36579,4349.29,99.2,"$8,606,312",Safari,4.644,"763 Oak Ave, Sydney, CA 96401",937.57,Exceeds expectations,326922,60.8,32.3,7268.55,ISO-8859-1,89.1457,6069162079657,"-----BEGIN CERTIFICATE-----
j5OK8Al+hZo1bx6ldT1DQW8dKvut9q+8HdCyRsTUhUddAbXRYMsKLTvUOo7HQybC
-----END CERTIFICATE-----",68000,86,2394.5,50498.2,6949.4,"$2,024,632",1704,Services,863.86,710311,6.6,ProSeries,18.3668,-18.379361,3252.43,703.44,ValueMax,6224,17.881,87.2,RSE-5075,94.1,25148,60592.6,"$6,644,508",2025-06-20 04:07:06,-69.5863,"$441,731,187",146.4893,18.91,75524.1,2025-02-20T01:10:50Z,1736.1,1014,Services,053f0e5764a3cb675366f2f535fd18edca0dc88390f5de8e4cb976b6ea9af9a1,"[36.01, 94.71]",8.19%,6398.2,726.66,28751.8,314b4ffad521bf0b13ea95d55dec1315e4f816d04336799cb3c6035ece32d22c,Manager,104934971,59.72%,239.6,13.191,8089.8,ORD-419669,AuditTrail Plus,14719.7,inactive,2020-10-12 07:47:40,"$9,319,676",7353.8,270.8,0.56,failed,3840x2160,7162.34,9.53,179.36,batch-20240611-82,StreamLine ERP,37311.6,39.7,15877.1,6008.57,183.3,INV-696359,-155.072577,"$9,274,576",85.9,51.4,3.36,Female
-53.581374,55.66,Mobility,18.74%,100.49,5535.0,5191.6,85.0,47481.4,Antarctica,false,72409,8440.79,46.4,"$7,250,031",Chrome,0.651,"6221 Park Blvd, Toronto, MA 92972",617.65,Needs improvement,218231,274.8,31.1,1425.96,ISO-8859-1,86.7815,3938079183987,"-----BEGIN CERTIFICATE-----
aBcQ+a4433p25NySk1a23A+FwBrb3Oz/SnYixtZ3ay/Vr/Pj1040txczd3t9etX8
-----END CERTIFICATE-----",64888,0,2231.5,13960.0,485.0,"$3,614,087",42102,Hardware,493.21,981990,63.1,SmartChoice,48.6474,84.107026,3079.7,25.42,ProSeries,48143,14.05,12.4,QNW-9909,79.3,98805,75558.9,"$751,686",2026-08-25T04:05:49Z,18.4164,"$310,999,184",95.1588,44.44,59348.0,2022-04-13 06:22:04,294.3,1475,Services,78fb663de895c92b240bb92193a4979410b8cb49d8c3862d3ae340acadda006e,"[15.04, 81.05]",75.96%,29945.4,441.58,31017.8,820bdd54a2261d5e6ec5912231a0972b9ad0f26705eb4370a67e30cc1b141dc9,Manager,102608323,79.72%,181.6,14.343,9790.9,ORD-679359,VaultKeeper,66033.2,rejected,2019-12-19 04:35:17,"$431,592",9621.7,373.4,7.46,cancelled,1920x1080,5056.51,1.83,277.2,batch-20210127-90,FlexPay Platform,55431.9,77.2,64495.8,9137.08,226.3,INV-419086,129.476309,"$6,266,873",60.9,63.7,0.85,Female
-48.135702,51.99,Cognitive,94.12%,161.52,5268.4,728.1,47.4,4683.1,Asia,false,34358,3274.69,61.8,"$6,207,611",Brave,2.85,"8220 Main St, Houston, OH 77944",331.67,Meets expectations,291431,3.6,47.9,1089.78,UTF-8,111.9431,0860480571242,"-----BEGIN CERTIFICATE-----
VVRPZGyKH2RScV3/pN7x9S54axrFqcRk+U9F/qFOFXiFMnQFT9+J6Uk2SLJz3uC/
-----END CERTIFICATE-----",75222,61,6365.5,83795.9,2697.2,"$4,479,368",59815,Hardware,27.68,838325,77.2,ValueMax,43.9234,-21.646388,260.7,379.44,ValueMax,67394,1.217,21.1,PTY-6067,80.9,15320,95374.9,"$7,200,835",2019-08-08T23:15:31Z,-60.4584,"$679,036,129",52.5213,44.31,6065.4,2023-07-21 15:17:20,97.7,2097,Software,8cfbfb3a7fbefe47538170e73ce634660bb9852c06583a9d2cc4e04b3e117a1a,"[5.63, 83.66]",20.19%,45938.7,748.08,7.0,414300724955d43c81bc29ef9b7bfecf2a3695aaad23cb0d87fbcb321b7a0826,Peer,479988506,82.45%,123.6,18.748,3755.5,407674,CloudGuard,37217.2,completed,2026-11-06 18:30:35,"$5,284,813",5323.8,132.1,4.49,approved,1920x1080,4107.65,5.91,40.24,batch-20190622-06,FlexPay Platform,76793.4,91.8,46967.1,5096.54,151.7,INV-506061,178.101521,"$1,678,351",1.9,20.2,13.05,Male
-18.637582,96.21,Mobility,54.38%,982.3,4142.4,5888.5,5.9,14406.4,Europe,false,12825,4860.18,60.0,"$7,544,228",Brave,0.437,"4436 Main St, Los Angeles, CO 95259",687.33,Exceeds expectations,628417,202.5,33.4,3482.24,ASCII,137.2601,4662143853204,"-----BEGIN CERTIFICATE-----
RPN51hz+yt51TgrMZO8vye6bj5MLzdQLQE+7ln1IxkG7j01pVqY3n3f4qqxctB83
-----END CERTIFICATE-----",6479,113,2502.4,52246.3,4457.6,"$2,101,877",76615,Food,801.67,592037,78.9,ProSeries,51.1391,50.859652,4654.66,498.73,ValueMax,78746,7.037,33.0,EFE-5737,12.3,98198,45933.4,"$6,115,087",2018-10-25T06:43:20Z,7.1274,"$501,089,242",55.5658,13.16,28373.8,2023-05-15 06:49:50,1922.6,2008,Services,f01d9b72eab11ef88374e26c2c61c7b2b1fcfcccb0d0ca96399e29f85f9afe03,"[16.92, 64.76]",24.03%,21530.7,919.63,41439.2,501963c6b1520eed76816d8acc71ea69dc0a47134021226b8b19f2c8cb3c58a8,Manager,253642522,61.85%,267.6,11.076,1378.5,6551823,AuditTrail Plus,76209.1,failed,2019-10-27 05:50:26,"$1,911,790",8279.6,62.6,6.68,rejected,3840x2160,7392.38,1.49,99.98,batch-20250727-67,Widget Pro,8176.4,33.3,42685.4,1571.32,84.6,INV-242722,-73.705865,"$7,539,847",46.3,29.9,10.84,Non-binary
-76.834258,73.13,Cognitive,68.73%,272.35,394.4,1320.0,32.2,30004.2,Oceania,false,90743,5325.84,19.9,"$8,355,579",Firefox,5.135,"9109 Cedar Ln, Miami, OH 30863",308.0,Needs improvement,831092,271.4,3.7,6161.22,UTF-8,17.2187,5480668965999,"-----BEGIN CERTIFICATE-----
naxknjpzQSdbrVizAGQyrbGhoJJBDFRSUpzy/QmFLjqzWVv93/W6yc1EwumxYOUs
-----END CERTIFICATE-----",97287,52,2152.2,17682.6,9032.4,"$1,091,447",64871,Clothing,834.74,598049,99.6,EcoLine,147.6463,-43.776831,2722.36,114.26,ProSeries,88778,8.587,26.1,ETP-1505,57.1,61072,35901.2,"$6,665,723",2018-04-07 04:45:09,-24.9397,"$674,453,877",100.782,67.31,45337.7,2022-09-25T18:18:55Z,1182.0,4293,Hardware,4d821676cbd7a7983d9294f0fa560e74761b558f44ca1c656d148fd6d26756af,"[32.88, 84.87]",90.82%,50898.6,471.27,14345.6,524dcc8872e820cadcea07ad99251575c6d5ed2fb57a3e13315766f1c4191bca,Child,994404198,13.74%,159.7,3.688,7717.6,3446391,FlexPay Platform,74671.4,active,2023-11-20T12:35:23Z,"$4,116,911",7060.2,323.2,7.53,inactive,2560x1440,9022.81,8.81,194.18,batch-20180913-91,Widget Pro,49302.2,119.6,11753.2,7860.66,183.5,INV-592895,27.985295,"$1,404,640",13.8,16.9,4.16,Male
77.701475,69.77,None,59.37%,292.68,2158.6,223.3,78.1,38699.3,Oceania,false,8622,8969.74,19.7,"$7,724,949",Chrome,5.738,"3790 Pine Rd, Phoenix, TX 30251",130.65,Meets expectations,117045,248.8,14.5,8931.48,ASCII,134.4271,9259539844944,"-----BEGIN CERTIFICATE-----
UbnRK2FzvSi9yKvLO6H/77qnYOywJ/5Z9y3HB3Upike74fMQTwiwBS/QIbEmezPy
-----END CERTIFICATE-----",81066,63,4883.2,90197.9,767.6,"$367,459",91103,Services,308.83,960480,80.7,TechBrand,91.4196,16.571801,6978.18,967.97,SmartChoice,14178,15.732,62.3,FAN-3719,2.9,78600,8048.4,"$7,134,335",2018-01-16 04:46:38,26.5667,"$958,487,802",33.1842,94.77,97809.9,2018-06-24T03:07:14Z,62.6,118,Software,7a5f5dbd8199315b1e092837008954a55f1229f8a01c98dcc456db7bc38f6afc,"[29.0, 87.3]",91.47%,27962.5,121.33,1123.8,3979cd466a5d4ec07444f81c46b7dae8cf246358b1fb299205d3b587d23e4457,Child,025757693,71.3%,33.9,14.61,6749.2,USR-657113,StreamLine ERP,60735.4,completed,2021-06-05 09:21:29,"$8,064,225",1032.4,198.4,6.67,cancelled,1920x1080,8304.9,7.32,85.88,batch-20230908-67,Widget Pro,72386.3,61.1,75358.4,5565.6,182.2,INV-572545,-92.61033,"$3,159,706",74.7,1.8,5.52,Non-binary
-87.665657,96.42,Mobility,58.46%,186.17,279.5,4606.7,19.8,45634.0,Oceania,true,86711,5765.7,23.7,"$8,576,748",Chrome,17.071,"3835 Oak Ave, Austin, MA 40575",593.53,Meets expectations,987247,65.9,10.4,5383.72,Latin-1,111.1709,6981160495973,"-----BEGIN CERTIFICATE-----
ft8KFLjqyAvo48gjvE+1lcwrfOOjMpl4Ww/nf5hWkw84/mLwTVCSNQE19xrdiBaz
-----END CERTIFICATE-----",72420,24,2148.9,68067.2,2339.3,"$4,502,292",80953,Software,854.02,414864,18.8,TechBrand,111.9065,63.042467,2612.16,613.1,ProSeries,54052,13.635,36.8,IOO-6689,70.5,78170,94322.4,"$9,632,031",2023-11-10 01:58:53,66.2616,"$756,313,967",9.0347,1.88,92277.2,2022-09-17 13:53:31,418.7,1609,Food,d1cc9787e03a5077ef39abc2ec625e7d73afd4f9c405c4203e1d428bcb250677,"[4.33, 97.4]",0.91%,74891.8,61.73,14539.5,581a82ad698c51b59b03e4a849b96f1dba422e911e7d901755013130d088dd29,Manager,219717366,59.66%,90.6,13.161,164.9,3460539,Sentinel Monitor,95729.9,cancelled,2026-11-17 02:47:52,"$2,073,163",9324.4,316.5,1.76,completed,3840x2160,3634.02,8.14,89.76,batch-20181005-32,FlexPay Platform,17416.9,43.4,15913.4,3491.59,198.4,INV-978323,32.890112,"$3,515,519",34.3,3.1,12.48,Male
-74.665656,22.21,Visual,80.73%,670.69,7069.9,9193.2,95.9,34480.2,North America,false,3396,507.9,42.0,"$3,121,048",Firefox,7.836,"8239 Maple Dr, Sydney, PA 53325",559.08,Exceeds expectations,285677,269.7,4.4,2569.21,Latin-1,42.4603,1707419796784,"-----BEGIN CERTIFICATE-----
+pA/23WhGfUFXBy5yAFR/taUAK8ceSEzkW2bwOQPLSASiSzi0cBpo5vfs3LMt+WB
-----END CERTIFICATE-----",3024,45,9650.0,71024.6,8423.5,"$3,728,716",38809,Software,434.72,460808,19.7,ProSeries,16.1752,-25.776169,3818.79,993.93,SmartChoice,7571,10.485,49.0,WWK-3320,32.2,15018,67008.0,"$3,342,863",2025-08-22 12:18:26,0.967,"$98,957,092",62.813,21.91,38647.6,2019-10-09T06:36:56Z,1295.8,1385,Services,aa5b223d17825dd42fe280cf1cdf023394abae428f7a0e7a52a048d55ed6ca5a,"[5.76, 94.68]",26.36%,95028.5,51.93,3834.0,bd9fc87154ea01789114b00f92cfddbee2a1a09d358f146c830aee6d2e1c26c2,Sibling,168623083,54.59%,206.3,7.39,443.6,USR-583161,SmartHub X1,28403.3,approved,2022-08-01T23:16:39Z,"$6,689,384",1944.9,250.8,3.43,rejected,2560x1440,649.42,9.11,200.91,batch-20210723-60,Sentinel Monitor,67428.1,118.7,53291.9,6839.75,196.9,INV-513870,38.705358,"$8,458,485",56.8,33.5,13.68,Male
16.957304,70.16,Hearing,85.0%,83.2,337.4,6874.8,81.9,42604.6,Europe,false,54441,3675.19,60.0,"$72,503",Opera,7.244,"2938 Elm St, Sydney, IL 53408",844.77,Outstanding,764056,248.4,34.8,7032.26,Latin-1,135.625,9265878255672,"-----BEGIN CERTIFICATE-----
+tG3di4JmItKG0tkTme6gyyIAu3ubeqJKrrytOvE3kuq+MSa2lxnmVE7JXAbnE1E
-----END CERTIFICATE-----",30704,94,926.1,28044.2,2628.8,"$3,346,324",10541,Food,484.12,795080,14.5,EcoLine,110.7562,-81.949133,2125.3,747.12,ProSeries,75629,16.641,49.1,WKW-1249,84.7,84714,89099.6,"$8,327,588",2018-11-05 05:26:25,-13.9914,"$859,077,179",132.4675,37.23,88918.9,2025-12-22 12:34:44,1292.2,3171,Software,eb2b2d69020f0cb13e513775c86117b2c69b406417676c6bbbec6c8581356fb1,"[22.84, 75.56]",95.85%,8216.7,878.31,149.9,5eae84a942b63618cc0c66c2f53ad1d5b710464d281b4604e106468b5f1f0156,Child,707713292,81.7%,75.6,18.81,4711.5,1660279,AuditTrail Plus,53560.7,rejected,2023-01-24 13:28:54,"$2,312,520",4397.8,244.9,5.26,completed,1280x720,5396.69,6.89,204.85,batch-20241016-54,VaultKeeper,6206.9,64.4,20749.3,7267.92,63.8,INV-375819,-8.97105,"$9,950,071",82.5,65.8,3.13,Non-binary
34.630687,69.51,None,32.34%,453.92,7197.7,5085.2,30.2,29204.9,Africa,false,82865,7849.15,11.4,"$3,392,207",Brave,15.374,"3980 Elm St, Berlin, IL 62036",301.4,Meets expectations,891761,219.8,97.3,1196.22,ASCII,144.7526,0116132175694,"-----BEGIN CERTIFICATE-----
tUHLQXLthGgknTHsEBFcxLgqeHQmPszAeuDT6+Nv3oyFfCDGMq7ufOtbCH+TQbwm
-----END CERTIFICATE-----",94156,101,1484.0,14989.3,2996.6,"$1,792,658",1449,Food,200.51,150916,41.2,EcoLine,132.2773,-73.081137,2206.74,571.64,EcoLine,92966,9.308,73.2,UYJ-3272,36.8,9005,48998.3,"$1,994,940",2021-04-03 11:40:54,90.8819,"$750,782,962",60.0277,55.6,50925.8,2023-01-24 22:22:42,1514.5,1442,Clothing,2bd4fb6d15c2504155ba3604e332ba6e891d76877a37a395ea5b82690276f05c,"[23.54, 81.48]",13.61%,18630.2,85.38,24334.0,5bdcdda563bf4a6fbec53a86d4cab76713285b393f091df4314ad92db1ff576c,Manager,409185248,31.6%,131.0,2.644,5340.8,5779677,SmartHub X1,61909.4,approved,2023-11-02 09:56:25,"$776,941",3526.4,437.0,1.63,completed,1920x1080,5547.97,7.39,36.02,batch-20260520-75,FlexPay Platform,73746.6,48.4,20742.7,2436.84,244.2,INV-638067,-46.578378,"$81,676",38.4,37.6,9.98,Male
42.362434,49.34,Cognitive,24.9%,616.38,604.9,9276.9,55.2,12308.1,Antarctica,true,62270,5832.78,31.9,"$8,693,509",Chrome,4.413,"3248 Elm St, New York, CO 78342",205.78,Meets expectations,799963,171.3,73.9,7282.72,UTF-16,33.0114,7452026635422,"-----BEGIN CERTIFICATE-----
VyoM7QGCn5MpN1g8611UCeyl7rjjJ4aiZ8egwvoB/iHh9UUC/kz956HNRi3SDmKJ
-----END CERTIFICATE-----",9108,20,4267.4,33906.8,9088.2,"$3,196,018",1872,Hardware,881.25,606654,0.0,TechBrand,113.8353,-80.30225,3418.91,714.42,ProSeries,4385,10.203,70.0,EMG-3661,10.1,2225,81679.5,"$2,011,240",2024-10-25 14:32:19,-67.6625,"$470,634,570",148.3861,90.09,73509.1,2025-08-20 07:04:43,1780.4,322,Hardware,8b94fe244db5897bbe5579d692c486415478e1ec9195d839b35451bec243dc1e,"[0.26, 76.01]",44.81%,55967.1,662.17,1496.5,56aca5d088c20760084112a3d6828c0d87160753421c89240e17b07a6415600c,Child,770919978,6.84%,131.0,18.583,236.2,REC-233517,DataSync 3000,67474.7,cancelled,2022-02-16 14:37:55,"$7,738,195",553.9,47.5,0.66,pending,3840x2160,8492.19,5.96,152.7,batch-20230709-26,StreamLine ERP,48240.0,74.9,95510.6,4056.54,96.5,INV-758730,173.646095,"$39,223",84.5,44.7,11.65,Female
65.436396,89.63,Visual,8.13%,18.03,5702.9,9932.1,55.8,29344.0,Europe,false,18532,4687.21,59.2,"$5,089,306",Firefox,5.555,"2142 Main St, Seattle, WA 15715",971.73,Needs improvement,423959,79.0,69.3,694.49,UTF-8,75.8724,0996319993885,"-----BEGIN CERTIFICATE-----
8WX70EgfN4HZnb4XBoBlplbwVAjBqL4O7OgrIct5rg5x8MPkyNY+g6UlZApUO59O
-----END CERTIFICATE-----",43181,118,9326.2,43390.9,7110.6,"$1,415,078",69804,Food,280.12,933881,90.4,ProSeries,75.9223,66.17625,3794.76,287.58,TechBrand,67410,1.963,80.5,CMJ-5604,22.6,55237,81644.0,"$7,421,518",2023-01-10 14:17:25,24.6404,"$784,964,292",120.6892,76.08,98781.8,2025-07-07 13:35:37,1804.3,653,Services,733acf2f3464369397a8d89053ec48f66769caa13bfec5944de87ce5032c7bdf,"[13.27, 75.89]",26.14%,71071.5,924.96,18280.2,524933d13c86994174a8225d48c28eaa3b790169297fce9151cad803a942391d,Peer,678459902,79.88%,222.6,14.72,2914.1,7166527,NanoCore SDK,85531.0,active,2019-04-20 19:03:32,"$7,315,682",3034.0,257.7,9.56,rejected,1280x720,4479.12,1.0,329.62,batch-20181106-54,StreamLine ERP,16345.8,75.8,35557.4,3299.77,124.9,INV-986130,-145.373341,"$298,777",5.8,17.3,0.9,Non-binary
-71.119053,84.7,Cognitive,12.84%,213.54,2516.3,3467.6,69.8,29568.7,Africa,true,9132,9568.08,98.4,"$4,525,672",Chrome,5.549,"8738 Pine Rd, Denver, PA 84154",897.37,Needs improvement,41328,240.2,1.5,122.37,UTF-16,87.4231,7547869061135,"-----BEGIN CERTIFICATE-----
Rb8MWnaWL69XzFnoHjVirYYGta/xuUf/DrZ3fquUnWRxOiXElZEKjAeeoXC7d4F8
-----END CERTIFICATE-----",4894,60,8130.6,48042.8,7512.3,"$3,908,365",80477,Food,902.48,795279,88.6,EcoLine,55.5712,83.242673,2130.26,214.82,ValueMax,69533,4.964,7.5,VYN-3975,16.1,12581,69383.4,"$9,919,114",2025-05-20 16:22:46,63.1439,"$328,614,660",104.5275,28.29,8483.6,2026-02-14T14:41:15Z,963.1,1835,Hardware,fa86e33c671f592e89755ff7d030c3ed54e71bfe09fee99801fd303ae88f29c3,"[13.08, 87.79]",53.06%,15276.6,13.5,6528.9,afe115554b84439ce1e6b4326bc4613c742ca4f42140035b9d6047667a3f1fc9,Parent,169609481,21.41%,291.8,16.958,8031.8,ORD-512172,NanoCore SDK,67907.7,completed,2025-09-13 05:27:08,"$371,592",7113.1,171.3,8.85,cancelled,1920x1080,8859.93,3.91,230.31,batch-20200705-68,AuditTrail Plus,37679.5,12.2,42967.7,2398.15,161.9,INV-529488,77.225605,"$1,032,422",64.4,8.0,4.64,Other
-44.816636,53.13,Mobility,78.27%,464.85,6846.9,9867.5,65.9,32372.1,Africa,false,30893,5283.37,18.1,"$1,003,805",Opera,19.956,"2564 Park Blvd, New York, OH 56479",852.79,Meets expectations,371640,46.5,21.8,254.46,UTF-8,109.6145,1021329558546,"-----BEGIN CERTIFICATE-----
KjBKatYwDS8KFFkfKyoXVyxdnvIvlOixX2OImpkLqjYoKmHZsWDkHCMVhdA6GLtK
-----END CERTIFICATE-----",61057,85,1250.2,86547.2,3216.4,"$3,144,963",72262,Hardware,785.35,658220,89.6,TechBrand,96.0109,22.026336,5286.47,168.67,ProSeries,71870,15.139,45.9,AKX-6668,53.6,89091,40402.4,"$1,825,969",2023-03-24T14:44:56Z,9.3329,"$606,838,517",143.9104,23.78,2795.6,2018-07-17 16:49:37,1892.4,2125,Clothing,e349678f8c17ec360db861dc1bb75d0971e214d91af54159363ef1931813c230,"[9.85, 92.86]",81.69%,32096.2,286.05,46098.8,d6527a9d746088dedb03c175f283acef9f105dfd8576b67d654825d2a4aa1b52,Sibling,488653884,14.53%,175.9,10.438,3861.8,ORD-250135,SmartHub X1,96642.9,rejected,2019-06-20 20:25:47,"$8,902,525",7491.8,307.7,4.79,approved,1920x1080,5967.46,2.58,59.24,batch-20260816-38,VaultKeeper,69101.1,120.2,15377.7,5149.73,160.9,INV-193230,-144.890143,"$8,006,129",73.6,28.7,7.48,Male
-6.455115,61.76,Cognitive,9.34%,792.87,3464.5,3626.6,72.3,26240.6,North America,false,14090,3420.15,18.0,"$7,212,597",Opera,8.493,"1811 Cedar Ln, Berlin, IL 27517",65.62,Meets expectations,329474,16.2,55.0,7487.5,ISO-8859-1,57.9615,7581542688361,"-----BEGIN CERTIFICATE-----
SckSa19tjq4g8KW6PanumhPlehSaztc6hCgcu18aNp2ciRodFn74KbHKW6YTElRD
-----END CERTIFICATE-----",20131,54,3307.6,75701.4,5632.9,"$2,884,047",63215,Services,904.76,246618,55.8,TechBrand,66.9899,84.606433,8745.46,6.76,EcoLine,44240,19.934,92.1,ZMC-4859,82.3,94337,64899.7,"$9,544,655",2026-06-12 09:14:20,-67.7263,"$211,711,311",139.2251,61.06,40116.6,2026-02-19 15:18:08,144.5,410,Electronics,7c863e0738e2f811551a3c2204b2d79c2ed1f095682a2c3923c554fd3d32a46c,"[15.97, 83.61]",36.18%,66270.4,150.01,48499.2,2e011e0de0d366f9741ce533a628e74933feb6f224b32cfc8d7a19e6378b5389,Sibling,758895026,71.62%,160.4,19.657,4329.3,1163584,FlexPay Platform,27032.3,approved,2025-04-10T17:01:18Z,"$9,860,168",2182.1,298.3,5.86,completed,1920x1080,5577.64,6.55,190.01,batch-20210102-88,StreamLine ERP,85134.8,127.4,62839.8,9254.59,242.1,INV-402318,30.726208,"$6,016,115",14.1,10.2,7.01,Male
0.193693,10.18,Visual,14.98%,379.11,5749.7,6412.1,67.5,44533.9,North America,false,22522,726.92,44.5,"$9,389,464",Firefox,3.624,"1977 Main St, Sydney, NC 11034",991.4,Meets expectations,150261,110.9,98.8,3200.07,Latin-1,104.4535,6557763483923,"-----BEGIN CERTIFICATE-----
BC53SFqev/xfiO5rTQpXJ6zHg8jv7xl3AYINthU6SsN0CAhlZtJz1sxfFTHFJ4gO
-----END CERTIFICATE-----",81223,68,1126.3,71713.6,5884.3,"$3,232,133",7115,Food,513.69,141518,63.1,SmartChoice,27.3811,-19.471011,9650.69,164.03,EcoLine,32929,4.98,93.2,HLN-7655,29.3,13873,45753.5,"$3,655,244",2019-01-20T12:23:53Z,-83.7015,"$211,556,531",11.0749,94.76,10042.1,2025-12-04T07:28:17Z,388.1,57,Services,572cd5861e22b0eb6e712c3c787e8f1a955a72b4a40a0d706062a6ca32a2fe6c,"[24.12, 82.47]",26.48%,8986.0,439.19,304.8,168a0f9ca0d767d28e9dec0ee2293aeedf50ecfdac4afcec7256b1ebda7ff722,Spouse,656144745,67.4%,140.5,0.427,8901.8,913114,FlexPay Platform,88221.7,approved,2026-03-13 00:37:52,"$7,830,500",8159.6,39.8,5.67,pending,3840x2160,4841.01,5.87,115.37,batch-20250424-48,Sentinel Monitor,40843.2,1.5,29538.0,5187.06,196.3,INV-498605,28.111435,"$1,535,136",61.2,87.1,6.89,Other
83.76641,88.09,Mobility,16.91%,995.28,411.7,1480.8,8.8,49113.1,Europe,false,21433,8983.63,7.7,"$8,401,975",Firefox,18.364,"651 Elm St, Atlanta, FL 99348",667.17,Exceeds expectations,950881,192.6,28.9,8862.88,UTF-8,118.3156,8484458777160,"-----BEGIN CERTIFICATE-----
CUz9eXi0WOSDQSN0ZkOn1B7x4DCa2nDtqie0l5nxQvsFkhIvMukEMoDQNRK+wfaJ
-----END CERTIFICATE-----",76712,49,4954.3,45426.8,6413.4,"$457,020",17589,Software,812.06,977466,40.3,SmartChoice,137.3274,-26.619055,2656.51,299.59,TechBrand,47501,11.501,76.3,LAC-8663,41.4,78734,73216.2,"$4,747,393",2021-04-22 04:59:53,-27.1764,"$970,881,211",79.1297,34.69,37961.4,2022-11-28T17:29:46Z,266.4,1368,Hardware,229971594a9b76677a513856963d8ec437b31a5f990149ba3368ba0b196dac0f,"[9.12, 98.64]",42.06%,11894.1,824.13,23091.4,75fa8a73c887bf0f3f7b8ffa65f2049e01beeb793da8be50bd31e4577eead551,Parent,234887151,3.18%,212.6,15.528,5726.2,ORD-651521,DataSync 3000,19835.5,completed,2026-09-01T00:34:39Z,"$7,726,913",6929.9,112.2,6.62,cancelled,2560x1440,9502.25,7.0,342.9,batch-20190215-91,FlexPay Platform,29915.7,59.3,41445.6,5751.68,67.9,INV-399377,145.037398,"$2,555,449",12.9,12.9,9.59,Male
42.688839,23.38,Visual,93.75%,49.31,3023.3,7917.0,76.2,6030.1,South America,false,7790,8269.05,27.0,"$6,903,370",Opera,3.456,"1852 Oak Ave, Atlanta, WA 52357",875.16,Exceeds expectations,212410,182.0,73.9,2634.07,ISO-8859-1,16.0499,1315923035133,"-----BEGIN CERTIFICATE-----
6K6mCYt8inLG+Pg+YboRX8TB8iOCJzqZU2xUV2nA5Io/xMShUReQXqICdljT8jbw
-----END CERTIFICATE-----",93050,85,4128.0,62607.8,1733.3,"$2,083,265",73648,Clothing,621.95,230474,6.3,EcoLine,55.8804,-40.750347,3566.25,70.65,SmartChoice,47096,13.11,3.9,TAT-2058,16.1,74662,62898.9,"$95,123",2023-11-05 11:14:58,-66.93,"$276,496,166",75.9084,15.0,24940.2,2021-04-13T12:30:03Z,143.6,4686,Hardware,f900e7a598f8d2a9e93b36d9f05867ccb47d8de2d588e487c73fcbaa8e852ed8,"[17.88, 97.1]",18.55%,33959.3,881.45,4716.8,61f75f365eb79c3ddeacf790a81ab65952c00b79c0ab7618ad94d80960a71263,Parent,232417516,87.67%,289.3,4.611,1696.2,8194366,Widget Pro,52538.5,pending,2021-02-20T01:44:01Z,"$6,506,971",2697.8,164.1,2.24,completed,3840x2160,6568.18,1.63,259.26,batch-20250607-26,Widget Pro,30556.4,57.8,81975.1,5694.19,107.4,INV-977602,145.640138,"$6,464,008",9.0,98.5,2.18,Female
-49.443219,74.42,Cognitive,46.02%,2.49,9423.7,3083.5,45.4,26209.1,Africa,true,90376,9640.53,61.0,"$311,127",Brave,1.523,"8894 Main St, Seattle, PA 57572",2.87,Outstanding,218443,207.6,64.2,7813.81,ASCII,63.9005,8445171597582,"-----BEGIN CERTIFICATE-----
h/8eHGtFqXpvwuyYKX49tJ+pMqpq1ZAphXwgGBmLj+XtquNBWCfSyPO1top5qlEL
-----END CERTIFICATE-----",93036,102,636.9,14190.1,8107.3,"$1,262,693",5660,Software,612.39,918722,74.3,TechBrand,6.7127,-50.72838,3046.55,336.71,ProSeries,26672,17.479,22.7,XFE-9283,18.4,2176,62624.2,"$8,435,308",2022-04-07T11:59:49Z,29.2281,"$285,792,407",64.2336,99.76,49764.3,2026-09-25T22:29:01Z,174.7,1196,Clothing,e2ca4f2e27472a6a550472b7c61c487e698f8370480ad32355ebc6d82ff5f65a,"[33.3, 85.57]",54.39%,64285.0,693.05,10101.2,cde71e06ca7097a0ba80aae77ad63d60a8892a3ee0feea102f5b6045a011c145,Peer,718526688,26.05%,119.8,15.276,6599.8,ORD-428622,Widget Pro,11140.7,completed,2022-09-09T08:47:09Z,"$1,235,228",4329.8,151.5,5.47,cancelled,1920x1080,23.08,0.26,127.68,batch-20250801-16,Sentinel Monitor,90394.2,35.3,25906.7,1942.0,131.6,INV-132313,50.033344,"$1,731,979",72.9,92.9,12.4,Other
77.003746,22.9,Mobility,45.49%,320.0,5207.2,3023.7,38.2,186.9,Oceania,false,83335,3691.47,14.8,"$475,251",Opera,16.71,"4735 Pine Rd, Chicago, CA 64247",82.54,Exceeds expectations,444782,91.1,48.2,5522.58,Latin-1,145.7646,5781768009688,"-----BEGIN CERTIFICATE-----
FcJr7DaDRYMcJ88QH75RAk+5sC4e1eAR1UCCj7pAVoUW57+MIVucSYL7bKNPmQTR
-----END CERTIFICATE-----",42717,59,806.5,341.8,5408.6,"$36,881",60014,Clothing,493.91,401676,77.8,EcoLine,91.05,-4.123256,3861.49,849.65,ProSeries,60352,7.135,6.0,XNB-7969,23.5,56256,59624.1,"$3,537,020",2024-02-18 20:52:41,31.9817,"$821,225,441",29.25,31.9,72513.1,2024-10-11T00:35:59Z,469.3,3165,Electronics,35da0fde99c61a9b45f1202786b250f58bb6e11172a8c80f59a953c00712c3e6,"[12.95, 84.21]",13.42%,60751.4,759.77,25638.0,0fe859669bc908ddc8d2ad1ef5336550d06f6318172866a0230f8508f3a5d652,Sibling,593978261,4.44%,288.2,3.947,9248.3,8575869,AuditTrail Plus,57739.9,pending,2020-12-07 14:49:52,"$3,803,931",4751.5,291.6,6.22,rejected,2560x1440,8058.17,2.63,151.93,batch-20220930-39,VaultKeeper,97961.1,62.0,23173.6,3261.94,20.3,INV-888239,-156.029201,"$2,271,552",14.1,10.1,13.37,Other
-26.704006,94.99,None,81.32%,116.29,4370.2,8410.1,64.9,33475.9,Antarctica,false,13971,1319.82,36.7,"$5,491,766",Safari,3.314,"7122 Elm St, Sydney, CO 51315",391.56,Outstanding,88936,67.6,0.1,6916.54,UTF-16,37.9761,9899312362077,"-----BEGIN CERTIFICATE-----
3n5AnUftC24/0EJ1h11InhXdrBBm+B3a9QWhnx1Jkng63UB9iGeKgrb/4+bT2Tam
-----END CERTIFICATE-----",46030,107,8999.8,1292.1,6749.9,"$4,273,575",90575,Hardware,656.16,765939,32.6,EcoLine,79.79,44.15382,188.5,519.31,ProSeries,5222,11.961,58.6,UXR-5956,31.0,34918,91825.3,"$7,270,833",2020-11-12T10:39:46Z,19.7924,"$527,972,728",7.1322,44.81,72077.7,2019-09-02 22:03:58,217.1,1932,Services,96c8505b29ddab90a62c144869d5e20280ea33549d4e111af0ab3289c04b0897,"[34.98, 79.16]",79.66%,9946.9,651.09,43171.3,a60d2fbe3e066f9da59a31cf98560cde7d8a9e63c4b670816d82424354d4e0fb,Child,136819234,72.55%,102.0,6.437,4335.3,685782,NanoCore SDK,79659.1,active,2025-02-05T09:45:57Z,"$7,110,087",5030.6,182.7,8.5,failed,1280x720,788.82,5.44,191.0,batch-20181029-41,FlexPay Platform,59709.5,119.2,73689.4,1835.15,295.6,INV-497388,-55.196533,"$7,396,890",66.9,38.0,11.35,Male
-61.593954,22.54,Hearing,26.43%,864.69,4331.6,2726.3,81.8,3090.4,Antarctica,false,59708,6645.78,7.6,"$9,083,315",Chrome,1.373,"9234 Elm St, Austin, FL 57174",925.05,Needs improvement,464528,175.8,52.5,4060.34,Latin-1,10.2038,1466668667218,"-----BEGIN CERTIFICATE-----
1rOLEAwmth+DtjKwDVL9CXk92xrH+lxaQjIpJoeZG2BPIPcOQrpMF09pSUXTjX+4
-----END CERTIFICATE-----",3266,9,32.0,28953.7,3566.9,"$3,508,839",99253,Food,862.81,726258,96.4,ValueMax,134.4649,-78.540765,1417.72,117.08,SmartChoice,23206,11.8,43.1,ERB-3401,79.7,99372,46913.2,"$5,169,517",2026-08-09 10:05:43,84.077,"$289,082,273",56.2202,42.57,90113.8,2023-09-23T18:52:33Z,179.7,4904,Software,8eab7f84e7682756f1eb6ad4adbe07bd837c5a61cd5b6dda7081c119eecf3c4f,"[27.99, 93.32]",14.14%,11991.0,483.69,44658.3,5290a8d099fbcc5cbf587ed285b799a8ef969c258cfbf4282967f48c72267f78,Spouse,062207004,79.72%,218.0,13.715,1276.1,8908686,FlexPay Platform,40608.0,inactive,2024-09-23 23:04:13,"$3,089,155",698.9,445.6,1.21,cancelled,3840x2160,5610.59,1.83,62.69,batch-20240102-44,SmartHub X1,34428.8,24.5,30352.4,5909.84,22.3,INV-256479,62.203533,"$2,822,203",86.4,43.8,13.92,Male
76.015805,38.37,Visual,67.54%,530.58,7555.0,5929.7,79.2,21297.5,Oceania,true,45923,8835.92,36.6,"$4,053,812",Edge,18.367,"3524 Maple Dr, Paris, MA 40764",971.16,Meets expectations,905691,147.4,37.3,7642.67,ASCII,68.5651,0928474899578,"-----BEGIN CERTIFICATE-----
ja41O7iaVFKJtm2Vc+H2f8wpwnIspSI6Rs9eD/yW5CpQC32QUIhSSalvCGawnCZk
-----END CERTIFICATE-----",78438,120,1929.4,35716.2,9864.1,"$2,256,913",77512,Electronics,374.77,790570,56.8,SmartChoice,80.983,21.872194,8417.41,404.29,ProSeries,74600,11.255,96.2,TNZ-7877,2.0,75210,17750.0,"$6,588,465",2025-03-07 17:58:25,98.6477,"$299,966,498",51.1508,81.76,4943.8,2018-07-21 01:31:55,1368.5,4561,Clothing,9372f9f120957a4c7a43fc22eafaf785d74a6b4b4b7d68dd66882b5dc1efa538,"[29.08, 99.14]",72.64%,84819.9,201.49,15285.8,d25057c38abeb2038c1ed4f7280c5e8141311412be671ecb7d4ccb105e96a56b,Child,428469338,31.23%,245.2,1.528,4190.3,TXN-604956,DataSync 3000,4115.7,failed,2025-10-27T01:19:13Z,"$2,937,811",1294.1,293.3,0.68,approved,1280x720,4445.65,3.62,149.94,batch-20201011-03,CloudGuard,43833.1,27.6,5179.3,7518.22,63.5,INV-541111,102.526505,"$6,936,805",47.9,25.9,9.14,Non-binary
-39.624206,41.33,None,96.17%,284.15,7865.8,9032.3,67.3,46519.9,Antarctica,false,76237,7421.03,85.4,"$1,393,031",Brave,10.972,"3530 Oak Ave, Atlanta, TX 70309",265.8,Exceeds expectations,888438,48.7,17.8,985.63,UTF-16,123.5251,9949848574445,"-----BEGIN CERTIFICATE-----
dKmI84WvAzkjHtINYaaN9JQxavSgTscQgNHdtCGIg8nfpGif7rjDmFvAEnLv3CiW
-----END CERTIFICATE-----",19259,91,5995.4,81910.8,756.5,"$921,278",53611,Hardware,172.14,635528,95.7,ProSeries,46.3795,42.743531,1206.32,973.16,ProSeries,60215,9.204,43.9,VTZ-8336,47.2,35700,58821.3,"$6,258,358",2019-08-21 06:14:40,-2.4425,"$446,509,872",53.7819,96.08,7001.6,2023-02-03 10:20:16,323.0,3628,Clothing,ed5522cdb4aff438b19eb91991a4efc8d4f4d227994b37ddcaa5b3299f89f4c1,"[22.97, 98.52]",53.31%,98448.8,555.7,17191.4,8de3a5eef08f8cac1342d43830f5e5882014b1940b246032c45c1b6083ad7df4,Child,059015277,5.31%,27.3,9.795,1755.4,ID-713950,Widget Pro,24443.7,completed,2021-10-17T05:21:18Z,"$8,620,590",8493.5,268.6,0.78,completed,3840x2160,3689.77,2.72,60.48,batch-20260707-40,SmartHub X1,11168.9,73.0,9690.7,5166.95,69.0,INV-112466,58.750712,"$2,877,823",5.8,99.9,2.73,Male
-83.944174,29.5,Hearing,93.8%,971.19,8329.7,1691.4,72.0,48189.7,Europe,false,11499,8423.37,29.4,"$8,402,146",Brave,3.528,"2950 Maple Dr, Berlin, NY 63343",247.02,Exceeds expectations,871415,26.2,84.3,8727.38,ISO-8859-1,15.5879,4475234638445,"-----BEGIN CERTIFICATE-----
P6R3njuE/6MxMyLPmeLmwGKZ/NwvCxp1sd1Dl8tZxzcZbwmoq2YrRl9nkAef61gV
-----END CERTIFICATE-----",70887,93,3890.9,96996.3,4446.8,"$2,394,061",78792,Food,390.63,559141,80.6,TechBrand,135.3008,-16.537743,5711.78,566.08,EcoLine,96409,5.11,32.4,DXR-1293,76.4,89738,97840.4,"$3,247,565",2022-10-24 22:55:52,-90.2418,"$923,342,535",114.4822,8.82,10747.5,2026-04-01T19:31:17Z,111.3,4567,Electronics,cfe14cb531c91c8f869391c7769650b2ea108dab81e50f2ae8c13fa4940b7492,"[39.87, 84.77]",82.37%,5797.6,533.71,48443.2,b6c23d9a4992b1d10047ec7904b4296b0fc70a937966904922cccab423e4eb3b,Spouse,317005376,81.78%,46.9,11.225,7605.8,REC-195424,AuditTrail Plus,66440.6,active,2023-12-02T08:24:03Z,"$6,022,560",2949.6,432.9,1.99,pending,1280x720,9154.69,7.06,258.51,batch-20200329-28,StreamLine ERP,29358.8,52.5,88607.6,8964.1,240.4,INV-306764,15.687157,"$6,101,405",36.0,31.0,12.34,Non-binary
65.09279,57.57,None,91.15%,320.05,6691.7,7123.8,60.2,15982.2,South America,true,32800,5654.29,7.7,"$2,570,407",Safari,11.595,"2782 Maple Dr, Seattle, MA 36963",424.39,Meets expectations,13713,32.1,56.4,5846.71,ASCII,73.1908,9408741905335,"-----BEGIN CERTIFICATE-----
1oYSuww2ao+vJ3wPidjFdYfGhTJjPndDm1xOvHYCzsZBkaRvD5UOKYhWO0/UgkYn
-----END CERTIFICATE-----",84203,12,2220.8,91241.5,429.1,"$1,004,751",36909,Electronics,58.61,466571,17.0,EcoLine,66.647,74.222767,7879.58,66.71,EcoLine,41833,14.317,91.1,ERD-9994,60.5,72581,49417.0,"$9,163,683",2019-04-25 01:42:53,43.8855,"$127,518,897",90.7807,54.88,37268.2,2020-09-12T11:25:23Z,1161.0,708,Clothing,5adc754126c10f1ee39af94cbf1b4b71594f661835b1aaaa215935aa886ae6aa,"[13.09, 64.52]",13.85%,36545.8,641.81,34829.3,f5c934a4ce28a82eedcfe11693c881b8c735e26bfed450215a66cfd392e38063,Spouse,288561593,79.59%,115.5,14.684,4492.2,ID-235208,AuditTrail Plus,17405.3,approved,2020-12-04T19:33:21Z,"$9,186,236",6750.4,293.8,2.26,completed,3840x2160,2516.91,4.16,231.46,batch-20250902-03,SmartHub X1,3273.0,93.1,11407.6,692.91,276.2,INV-653513,116.271425,"$743,396",97.8,53.0,11.22,Other
-36.056771,45.68,None,89.81%,770.14,2843.0,4235.3,11.5,17188.4,Asia,false,22300,903.34,87.3,"$2,542,361",Chrome,1.927,"6710 Pine Rd, Tokyo, CA 59125",612.06,Meets expectations,725868,258.3,47.6,4698.04,ASCII,19.7381,5834782930789,"-----BEGIN CERTIFICATE-----
3awTa8JfzsCCTKYs5HS/iZ7ocLfUp/o4JT6OMObBjklFeJQNCtkFTG0ASd9AWFX1
-----END CERTIFICATE-----",77714,8,7986.0,98634.9,3478.2,"$259,660",82112,Software,660.66,935028,7.7,SmartChoice,123.9279,63.94491,2494.97,941.74,ProSeries,61796,17.473,50.0,QST-2098,23.0,15426,90954.7,"$5,828,686",2022-01-27 06:57:04,-89.8878,"$904,830,804",47.1388,10.59,66200.1,2024-02-19T20:04:00Z,803.2,2592,Software,5999780a0248aef018e99cabcf8137b099c83a33687f7c6d722eafeb86c2fad8,"[6.25, 79.78]",22.27%,41440.5,944.42,37265.0,50f8259534acd9de501aa1cbc11ae30237112a7bdf787331477844cf5119dcb4,Peer,677763414,97.44%,126.8,17.878,9862.8,44255,FlexPay Platform,75082.7,failed,2022-11-10T13:56:02Z,"$5,895,083",5867.3,475.8,4.66,cancelled,1920x1080,1629.29,6.23,207.22,batch-20180603-74,SmartHub X1,81118.8,23.4,47951.3,8783.68,189.4,INV-640637,0.509399,"$6,940,126",31.0,97.5,8.05,Non-binary
-19.962611,5.14,Hearing,12.75%,435.97,2008.5,4283.2,2.2,44753.2,Oceania,false,89822,5223.28,51.5,"$9,367,984",Opera,11.308,"816 Pine Rd, Miami, NC 34227",543.65,Outstanding,554887,237.3,59.7,4773.2,ASCII,1.5967,5452051640400,"-----BEGIN CERTIFICATE-----
B4g9liP2W1DzSwDrhDTcRzXv+ijKn+zQvbqnjrBnCQwaqJX029ig0HmZgwogSl6T
-----END CERTIFICATE-----",16477,42,7032.4,40398.6,7352.1,"$4,857,548",79734,Software,704.06,133043,98.7,SmartChoice,40.8301,-65.367921,7560.82,83.57,EcoLine,34686,19.037,60.8,FUK-5863,34.1,52792,98478.0,"$7,530,427",2025-12-22 10:09:02,-11.8107,"$224,252,111",40.6191,9.98,19589.4,2024-06-13T11:50:11Z,1357.6,4526,Software,edff17bc170a5a43cd9239cf7bffd08d3a64dd22978cdc2f3b7ad2668d3dedaa,"[5.25, 79.9]",99.32%,4195.4,401.24,34821.2,f2bf1a87f249136a8e1b3c7b41b2405f205b76ed5a9018afc7cf655de4df666d,Manager,123936181,23.99%,263.8,18.887,8073.6,4401699,CloudGuard,95897.5,failed,2025-03-15T04:36:27Z,"$9,150,506",9537.0,455.1,0.53,failed,1280x720,6691.74,3.4,195.97,batch-20260703-15,VaultKeeper,15083.3,97.9,11240.9,5916.28,191.4,INV-548830,96.080776,"$4,720,370",83.6,65.8,5.77,Other
59.822815,33.41,None,0.61%,659.85,1549.8,5835.5,88.8,29846.8,Africa,false,69017,4250.77,31.3,"$7,480,439",Brave,19.377,"3336 Oak Ave, Los Angeles, FL 46036",209.83,Needs improvement,399676,243.8,28.2,2985.82,UTF-16,92.2135,5404157954966,"-----BEGIN CERTIFICATE-----
cYQhj5P5QMj4KcnW/P92wLIB1QtKuj81YxxMmbhpt9Ji5WEDtt50vKUnIXdIUHMC
-----END CERTIFICATE-----",68903,36,915.1,45364.5,1100.7,"$4,797,126",97913,Clothing,109.94,261189,6.7,EcoLine,143.5862,-17.733555,8684.09,650.28,ProSeries,32654,7.866,4.5,QKE-9412,87.8,80614,76136.8,"$8,929,133",2025-05-09T13:03:40Z,-56.2376,"$109,752,884",31.3115,33.76,98806.6,2024-02-08T08:23:11Z,1494.9,4830,Software,13bbb89cc38667277e23bd7b9de2bc59bece144d15b7cbafca618c331203da58,"[18.25, 83.63]",49.19%,34450.5,604.3,30152.3,e2ec89c077a2919b7022f6222e9e66514239caec3bdeed6d8fd15e41368e25cc,Parent,299105547,78.92%,28.2,19.397,1676.5,5736431,Widget Pro,5519.1,pending,2020-04-24T02:25:03Z,"$1,757,199",8427.1,453.6,1.9,approved,2560x1440,3816.38,8.67,212.74,batch-20200721-73,StreamLine ERP,78726.1,30.5,21429.1,405.65,86.2,INV-797993,150.01571,"$7,835,390",82.9,43.8,5.01,Other
63.235337,23.0,Mobility,15.37%,866.67,1086.3,9071.8,55.9,43031.4,Asia,false,98544,7139.58,52.7,"$5,034,362",Safari,12.537,"6446 Maple Dr, Toronto, WA 54351",516.9,Meets expectations,455977,209.8,1.1,1469.03,ASCII,130.9743,6203986620373,"-----BEGIN CERTIFICATE-----
LrH9FHefSoxoUrGpwLfFNzRasR3+37f8Zsk8WRL4ZdUpHRJOcocB6AxaeXERzNTH
-----END CERTIFICATE-----",66261,4,5564.0,8381.6,9258.2,"$2,277,969",22155,Electronics,300.05,530495,2.6,ProSeries,146.0144,-89.972064,704.22,954.61,SmartChoice,23079,4.072,37.5,TGJ-1600,40.7,47016,84340.8,"$8,358,717",2021-04-26T21:44:06Z,-7.3124,"$524,138,029",116.8702,16.11,77150.1,2025-09-12 10:01:58,863.0,3179,Software,61112ad441ae4fd0bb1e8e0aecaf0ffeaf64af63e5a4ee5709d308b09b31b66f,"[19.96, 64.81]",14.47%,27124.0,158.79,37917.7,ec154694b23331a9074261333a39103cf80c1231d8b7d4149443b3e83c86ffad,Manager,599452510,91.64%,14.3,2.609,3066.8,REC-729003,NanoCore SDK,16667.3,inactive,2026-10-10T04:44:00Z,"$6,248,383",1558.1,209.8,8.33,approved,1280x720,4960.8,8.91,143.24,batch-20250609-71,Sentinel Monitor,22294.6,33.9,74198.5,3636.98,172.0,INV-340872,-174.958079,"$8,399,884",35.3,59.8,0.6,Non-binary
28.367462,59.89,Hearing,99.56%,290.65,4232.1,2875.9,16.3,5270.5,Antarctica,false,51574,3813.45,47.4,"$1,266,273",Firefox,7.622,"8456 Elm St, Toronto, CO 20934",95.81,Needs improvement,191270,177.3,36.2,6808.1,UTF-8,131.6856,3649806236507,"-----BEGIN CERTIFICATE-----
5tcmWRvGOEvRJulZPgbxF6VOr0Yr0lzx5oVp2PmpSf5KXJofnDGkCGcGddDOTrFU
-----END CERTIFICATE-----",38416,34,4288.3,89771.9,7076.3,"$692,810",39762,Food,739.32,319147,77.7,SmartChoice,36.7016,29.150703,7200.04,71.21,SmartChoice,75008,7.853,15.0,FHP-1348,75.9,65860,29714.6,"$9,950,079",2024-05-03 11:13:35,65.8661,"$622,973,747",64.8745,14.25,81235.5,2022-10-27T23:21:12Z,1846.0,3247,Software,a3cbf91fa4895dc08ddeea21db8232d8b6d26b20769f22e05a046e9dc7977888,"[5.99, 92.37]",85.93%,68363.5,668.18,26503.0,acd74618487d187355130152b2b7f7305bfef1ba96ca34b9c94d3fdab4fa40cc,Manager,401527852,90.35%,232.1,11.328,6952.0,7569034,FlexPay Platform,54558.4,failed,2022-04-07 02:21:10,"$7,688,254",8039.5,404.4,2.67,completed,1280x720,7116.32,9.82,13.65,batch-20200812-55,AuditTrail Plus,72522.5,38.8,60617.6,8288.0,77.3,INV-353762,-134.260931,"$1,996,837",91.4,96.8,11.89,Other
-63.850061,39.1,None,58.42%,484.32,240.2,5278.2,80.2,27226.4,North America,false,38743,7260.7,42.6,"$5,712,068",Edge,16.113,"8246 Cedar Ln, Sydney, TX 11915",763.92,Exceeds expectations,323774,177.8,70.5,5848.29,UTF-16,114.9944,7583067645692,"-----BEGIN CERTIFICATE-----
KpFLXeoKxYl2TATlXqXDPHoynf+sjbHMiACtAZKHZe4785AvtoFKtjvBFg0zA90W
-----END CERTIFICATE-----",69395,57,1404.2,2163.8,3768.9,"$906,700",64879,Clothing,499.57,371111,3.0,ValueMax,121.2085,39.876744,4450.7,579.85,SmartChoice,23911,18.402,66.7,DRV-1967,7.8,95877,20283.9,"$6,992,603",2024-10-25 17:32:26,-56.4017,"$760,279,635",91.4441,48.8,58704.2,2021-01-04T18:56:57Z,90.1,2714,Food,395d6b1c0efc23046c4188bcefe831b0181d7f50045656315aaee255c8a49d29,"[9.52, 65.02]",78.93%,65620.5,91.72,5316.4,7f2b791e2313b361c0c9878c5e0198f979f2284503aafde812a7dc9c1b5aa25f,Child,220581154,98.19%,36.4,19.271,2840.7,9615374,CloudGuard,56040.6,cancelled,2022-03-20 23:35:17,"$4,094,734",2589.9,470.5,6.0,active,1920x1080,7429.43,1.22,139.32,batch-20241121-88,Widget Pro,61623.0,74.7,42184.7,1308.1,132.5,INV-574101,-2.177937,"$5,759,467",38.9,84.0,10.86,Female
58.829696,13.32,Cognitive,91.47%,724.78,9684.1,841.8,20.2,25159.8,Asia,false,52413,3751.11,24.7,"$8,337,227",Brave,17.725,"2742 Maple Dr, Toronto, MA 62063",69.54,Outstanding,867727,34.7,16.8,3393.21,ASCII,143.3255,8701993390897,"-----BEGIN CERTIFICATE-----
wADr6p9miVZ2g7gh/QNcPLQiKe0ebbmGhp5g1UJrgPZNCUcJ5eyz3r/M/HScvzqp
-----END CERTIFICATE-----",13044,115,2699.5,8639.5,658.3,"$712,901",9239,Software,360.9,615101,4.4,ValueMax,126.1964,29.41525,4127.49,878.31,ValueMax,35155,13.982,55.1,NAF-8667,94.8,78940,87804.5,"$8,166,789",2026-02-18 14:57:07,-67.3306,"$76,703,606",51.6921,32.94,13033.9,2026-11-11 10:22:07,229.3,880,Software,0b6d5a9fb64da07c45d4c29f45165ea2b0eb6ec75c7d2ae6e5792bc7745c7957,"[12.56, 87.05]",77.5%,99280.8,556.77,42265.1,5d8695c26b35a01de9a844b86bad77b39e8b7fb55fbfb8cc201bb5439aa0704a,Parent,740998649,28.63%,254.6,0.794,3386.2,4431555,Widget Pro,84572.4,cancelled,2021-06-26 23:47:51,"$3,919,069",3778.3,177.1,0.61,completed,1280x720,5639.86,1.14,291.53,batch-20240304-29,StreamLine ERP,46409.9,104.8,54895.6,7714.41,125.5,INV-893706,87.683608,"$9,922,987",21.6,44.2,7.72,Other
-32.827714,67.07,None,74.84%,829.52,6408.9,7111.9,36.3,29.5,Asia,true,48587,5143.22,15.7,"$2,590,087",Firefox,14.383,"4202 Maple Dr, Boston, TX 90536",869.95,Exceeds expectations,317677,44.9,56.4,8650.98,UTF-8,62.286,5621550905472,"-----BEGIN CERTIFICATE-----
07X6xFjOvgAlJpdGdrBE+T2UzzeHY7uC1+/UGZjfjT0GhDH1wEGpMIYwFzWM+i2u
-----END CERTIFICATE-----",67872,7,4393.6,48055.1,7781.1,"$1,654,456",18128,Services,377.88,625385,64.2,TechBrand,116.0133,38.053105,2159.58,936.84,EcoLine,79347,6.338,15.8,DRP-2857,39.4,86578,740.1,"$3,421,256",2020-09-02 16:45:18,-94.2374,"$735,285,359",0.7566,95.73,69917.3,2023-01-21T02:38:37Z,1424.9,785,Food,7e269a78bbedfe61fee219cc9089b730e2c6c3fd1bfb284b5a68b1f734df862b,"[38.4, 76.84]",32.6%,90792.5,302.39,37250.1,af8c94972e3283249b69c2c8f5debbd9ccc0d43d7d13360b491d339791b87bae,Child,116596700,58.16%,64.9,5.373,1636.1,1022684,SmartHub X1,2374.8,cancelled,2021-05-02T07:16:50Z,"$4,805,644",8585.1,232.4,8.99,approved,2560x1440,573.57,1.06,22.28,batch-20250629-89,Widget Pro,5989.0,116.4,25121.7,2504.42,139.7,INV-140721,-129.073816,"$2,693,778",58.7,87.0,12.18,Male
-55.210354,74.29,Mobility,52.37%,249.42,1166.6,7164.8,29.3,42374.7,Antarctica,false,27826,7980.95,67.3,"$8,449,568",Firefox,18.162,"6572 Elm St, Chicago, TX 12900",611.75,Meets expectations,258996,281.0,9.6,5774.81,UTF-16,87.996,4242841499047,"-----BEGIN CERTIFICATE-----
/vXWN5Tn6TMVDJ+XMvAhP3jop4xZh66M9zFE+euXa98oxsjP9TAuGQMKaxSET9rk
-----END CERTIFICATE-----",6052,32,6663.7,46290.0,4769.8,"$1,072,418",40291,Software,508.82,613830,47.8,ValueMax,65.381,8.126823,8028.78,833.25,ProSeries,98199,3.032,33.2,FZU-5284,36.2,92846,38000.1,"$9,555,009",2024-09-13T11:25:00Z,-18.8361,"$769,866,058",58.8307,88.94,7660.4,2023-10-28T11:02:59Z,1851.8,2909,Electronics,c3c6c8799c1ad885770552656d403b20e741f8113bdc90972c1d6ebee99ff108,"[14.01, 87.08]",21.94%,59392.7,153.03,47923.7,c49789bfa1b1c947d5028d511a7c685c1bfa03cfdeff80d51dadac360d474e33,Parent,208020402,83.39%,142.2,1.697,9550.5,USR-263720,Widget Pro,26979.6,completed,2023-04-24T07:27:34Z,"$837,273",2088.7,19.5,1.26,failed,3840x2160,62.32,8.69,136.4,batch-20220610-77,Sentinel Monitor,18150.7,65.4,71834.4,7637.17,27.3,INV-194215,-137.098352,"$4,086,395",89.8,25.2,8.04,Non-binary
-7.714125,35.5,Visual,22.51%,594.3,2679.4,7834.8,48.4,44754.7,Antarctica,true,4561,9004.12,21.1,"$9,308,991",Edge,16.821,"3296 Elm St, Berlin, NY 83309",810.46,Exceeds expectations,111405,52.3,60.1,3313.2,ISO-8859-1,88.0065,8354160459969,"-----BEGIN CERTIFICATE-----
jl74p2f/LNVYO6xvGk/vL3FVd9LvJ9k11vGjVLc0T+RmqHI0pvfEK9Y9hPilGWcm
-----END CERTIFICATE-----",34888,119,1986.9,10896.1,1125.2,"$2,589,419",19417,Hardware,296.68,688571,21.0,ProSeries,127.1112,86.847101,5167.23,646.17,ValueMax,48059,0.933,88.2,TZZ-5765,31.9,3798,30615.1,"$9,663,252",2024-03-03T10:56:50Z,-42.8403,"$124,063,788",140.5375,1.97,6521.3,2019-06-25T13:19:09Z,298.7,768,Software,f933e8dccbb30b6c42d93959cb27cf01fb97ef32ed62ed8359841b0e27c5374c,"[26.68, 81.4]",61.71%,66254.9,24.03,37733.9,4287d566c8f297a707864a80d98437efe494bf25fb56dbea124ebff4ad0a9a79,Spouse,616189865,55.65%,157.0,19.552,2263.1,TXN-352023,Sentinel Monitor,24776.9,cancelled,2022-12-14 02:55:56,"$2,838,165",8095.2,94.1,8.02,approved,1920x1080,4077.3,9.82,251.83,batch-20180128-30,FlexPay Platform,97659.6,127.4,46167.7,7312.41,213.9,INV-134379,172.687434,"$1,039,202",85.7,68.5,12.89,Non-binary
32.306755,20.13,Hearing,9.28%,323.46,8252.4,6162.8,27.7,4434.5,Oceania,true,10891,9202.5,12.9,"$4,669,675",Opera,7.077,"2520 Oak Ave, Boston, OH 52340",525.26,Outstanding,161799,89.6,30.6,3829.01,UTF-8,57.1211,7106730846154,"-----BEGIN CERTIFICATE-----
U8p1ebeGhdYDRYtUY1fC9bBqvEuA5zKVSCSXiOAqJPHoQ43aQ925X1pljxrMnlGe
-----END CERTIFICATE-----",46661,33,5795.1,84762.5,4593.9,"$3,680,730",24034,Food,397.69,925726,51.2,ValueMax,114.1908,-60.560817,9209.89,356.23,SmartChoice,30698,15.554,92.9,FFH-6709,48.4,39494,70571.2,"$9,150,744",2022-04-16T04:53:01Z,98.6802,"$978,443,230",96.3043,14.38,17628.4,2019-09-26 16:59:20,692.3,3775,Clothing,f48c7ce0215b6697e4230282fa4dc4b371b47464eb89b85e62e27baf1add95d6,"[35.03, 64.59]",60.24%,92206.4,86.31,49540.0,c9975f5d0373de8fa731d9c9b14e633c9354cd00dd4548987b9b43669f463cd1,Child,092630654,28.39%,170.3,15.851,2808.6,USR-176730,AuditTrail Plus,89088.8,approved,2024-06-25T01:39:32Z,"$7,286,022",5142.0,420.4,5.8,completed,2560x1440,7243.89,9.69,292.33,batch-20251017-95,NanoCore SDK,89823.5,114.9,68067.5,9519.17,291.8,INV-875946,85.793105,"$8,210,834",5.8,6.7,4.68,Non-binary
8.298453,77.45,Visual,15.02%,299.23,9632.9,9591.4,94.0,15611.3,Oceania,false,75884,245.78,92.4,"$7,847,776",Chrome,2.087,"6888 Main St, Toronto, CA 88234",943.57,Exceeds expectations,389122,75.8,15.3,3092.7,UTF-8,4.4099,6655338329874,"-----BEGIN CERTIFICATE-----
5qAjZeVEE2ar/jUyvc2SZnKSWn3fxwqdxux4sPLfOW1jY4ZNKHBNPqtRaNTCHiNp
-----END CERTIFICATE-----",38377,77,3777.5,18042.8,9072.9,"$2,228,595",4660,Clothing,428.81,183935,70.4,TechBrand,130.6814,-57.311507,1961.16,27.42,ValueMax,75125,1.249,24.9,DRM-6977,81.0,12273,63768.7,"$4,208,536",2019-02-17T21:31:42Z,10.4407,"$289,362,250",108.0651,54.19,67624.8,2023-06-17T04:15:37Z,1870.2,2068,Software,235ee5946250dfee8891bffa4655814a6900bb5e350d1d3d440770c2498b7202,"[11.69, 79.28]",66.12%,85161.8,145.09,30651.5,e97a6e622acd8744fdd1a252c75286c090037a9d7242281181e7050aafe75b59,Sibling,341776776,60.45%,138.9,17.234,1585.2,REC-193512,FlexPay Platform,98500.9,failed,2018-05-09 12:49:52,"$7,272,886",2965.5,235.5,5.34,rejected,3840x2160,1634.24,0.74,334.48,batch-20260409-01,Widget Pro,81692.6,36.7,8331.6,4422.81,154.0,INV-226412,-23.398686,"$846,003",73.9,55.4,11.74,Female
13.109747,69.37,Mobility,29.77%,472.3,7233.7,1358.2,44.5,49260.1,Asia,false,52177,3574.75,23.0,"$5,064,724",Chrome,7.234,"6829 Oak Ave, Toronto, GA 61037",850.85,Exceeds expectations,169608,28.9,72.9,8073.18,ASCII,49.4643,4264241883356,"-----BEGIN CERTIFICATE-----
+i5eNq//SRqoPoLH2Md9TYeRFE0sJnzS+FpzolQ1NsJTydYdjiJ65n0l0Xk0e42y
-----END CERTIFICATE-----",81732,62,8414.5,24401.1,4405.4,"$1,093,492",74917,Services,661.59,908954,44.5,EcoLine,64.5314,-31.065735,7825.42,205.01,ValueMax,83519,1.058,92.4,NZV-7549,66.2,70975,46779.3,"$9,631,583",2023-04-14 19:40:17,-12.8104,"$452,010,125",146.8979,18.92,44935.4,2024-07-18T13:09:38Z,1431.1,1807,Electronics,4914341201aa64559f89088e0559131f730e9e735a28213bcca95c20e157e5c4,"[30.11, 78.94]",1.06%,28260.5,37.89,24213.0,5a24600cf6273ecdb0d1b65610ca257338cda0b1577c961b174dc42a232fa161,Sibling,178076321,92.03%,145.3,7.256,9329.6,USR-114796,AuditTrail Plus,41838.6,failed,2026-01-25 17:42:58,"$3,642,688",6256.2,319.1,2.98,inactive,3840x2160,6324.22,9.82,271.18,batch-20250125-44,CloudGuard,55853.9,77.0,98928.0,2957.3,224.7,INV-183785,-154.576167,"$7,479,109",60.8,31.6,8.6,Other
81.193756,37.75,Cognitive,32.17%,917.88,5999.2,2072.9,0.2,48693.4,Europe,false,6053,2038.13,74.1,"$1,623,098",Firefox,12.608,"9143 Oak Ave, London, WA 30155",836.61,Exceeds expectations,342994,139.5,57.2,4480.17,ISO-8859-1,45.5989,1024389997270,"-----BEGIN CERTIFICATE-----
1pGWROcERUY50V2hpii9VuYlpOdXG5KxcWchuD1vkeJbNTh1NZa0DixF/T26KhvB
-----END CERTIFICATE-----",89132,54,3882.8,98344.4,8856.0,"$758,683",5812,Clothing,128.86,917691,54.9,EcoLine,116.3829,-3.894367,4485.06,664.34,ProSeries,77475,13.472,3.8,NYT-2452,2.8,73321,3960.9,"$9,565,268",2024-06-14T18:32:59Z,6.0616,"$588,267,990",49.5533,94.59,85018.4,2021-11-10T06:23:53Z,1142.1,4265,Electronics,b5a4841edc4df43922995226bca1aa0fc893eb5b1c1fb51ace1e78b946f6e241,"[23.09, 85.83]",35.99%,59234.7,867.03,31323.2,5080504619a60540f987097f8e7466b15f7ddc067a162cb86a6d12ade9a3f2e8,Parent,222380430,73.27%,3.1,14.489,505.3,ID-506871,StreamLine ERP,45627.4,pending,2020-10-12 14:12:31,"$6,137,647",908.7,412.5,7.6,inactive,2560x1440,3201.47,9.72,113.86,batch-20220821-19,SmartHub X1,26248.5,78.2,22054.9,1865.62,224.6,INV-148608,132.877659,"$4,328,084",77.0,40.8,7.8,Non-binary
14.22649,49.07,Mobility,88.01%,517.87,5105.7,1505.7,37.5,4205.6,Africa,false,42933,739.41,74.2,"$7,170,699",Edge,6.486,"4311 Oak Ave, Tokyo, NC 46398",695.57,Meets expectations,210355,212.3,7.4,5168.94,ASCII,41.2903,3447216428086,"-----BEGIN CERTIFICATE-----
D40Fjh6CW8LuuPaiCsXBmLLMGTadGC3HNvtQl7q6UYu4Jr6LgNVsJDzGm9kxTrge
-----END CERTIFICATE-----",73457,52,1352.7,51665.1,3213.2,"$4,855,636",31629,Hardware,464.3,775793,58.7,EcoLine,17.576,63.561315,4273.9,885.88,TechBrand,10602,13.94,44.9,POZ-9390,95.9,6638,72913.1,"$8,197,478",2022-06-01 17:22:53,-51.8379,"$526,272,209",110.9519,68.5,29026.4,2023-12-27 18:37:51,1609.4,4840,Software,f1e144ea9b4237e3462a4f16416ccd29efa526bf7d3bd500bcf1efb907671f9f,"[21.23, 65.28]",25.73%,23220.6,797.91,6610.6,1a004784dd2253fb05ff765f7dfce6478ac95683a155ad0b64921fd1e1cd2683,Peer,895901124,81.82%,230.7,3.61,4260.0,4284169,VaultKeeper,10484.8,pending,2019-02-05T15:39:29Z,"$971,822",986.4,9.5,6.92,cancelled,3840x2160,4089.1,1.21,302.52,batch-20250908-79,CloudGuard,86364.7,127.5,58187.0,3866.15,217.2,INV-648553,25.494388,"$8,850,422",18.8,82.7,9.87,Non-binary
14.868065,76.45,Hearing,28.2%,877.85,4878.2,1043.4,85.9,6396.3,Africa,false,26177,7718.3,82.1,"$4,192,042",Firefox,15.827,"1335 Park Blvd, Seattle, IL 55129",184.62,Outstanding,214006,213.8,6.8,4115.98,Latin-1,108.7756,6292559012575,"-----BEGIN CERTIFICATE-----
nDoCM+La4NW+nGEX0qjPim6Tdizm98ggPOp4LnjGsPWibd8EQHsomrsSmaGolJgf
-----END CERTIFICATE-----",75703,46,3888.9,50863.9,756.0,"$572,376",65149,Hardware,754.06,673715,70.9,EcoLine,80.157,-29.609581,8643.04,665.66,ProSeries,75391,14.245,64.4,RAT-5382,77.6,92529,21688.2,"$9,062,005",2018-03-05T04:47:29Z,-29.2373,"$734,569,393",139.9695,40.6,43925.4,2023-10-23 19:10:32,1219.3,2654,Electronics,952917a4db3cac9a4f48d7a41e2b402e4696fe83e744a899dabb0aa6b20370dc,"[33.86, 93.55]",93.14%,56610.3,935.96,28334.0,6cc5e001ab61b1172e4d239d1d15f1e5930a48289d00c29c45a1c4b6e84daff8,Manager,301475328,27.5%,285.7,7.992,5150.7,TXN-314686,NanoCore SDK,22811.4,completed,2026-02-03T23:19:19Z,"$1,247,415",7398.3,26.2,6.87,pending,1280x720,4962.35,9.04,106.19,batch-20251203-83,Widget Pro,51419.3,55.0,81642.1,9773.12,257.9,INV-376698,150.078004,"$617,845",30.1,43.9,11.43,Female
-36.746415,98.66,Cognitive,1.47%,936.69,2776.9,7072.2,69.8,11729.0,Oceania,false,63312,1060.24,86.0,"$9,568,355",Firefox,10.513,"1581 Oak Ave, San Francisco, CO 66250",757.87,Needs improvement,430798,19.7,55.3,4752.62,ASCII,75.3884,7566148958831,"-----BEGIN CERTIFICATE-----
sQofu17uweo/fKI/Gr6XC8KDRqKKnRchN0XIxcdE48yUXBZlzUd2rMzesb1pDJ5/
-----END CERTIFICATE-----",17720,42,6659.1,86697.6,2148.2,"$1,718,918",44168,Clothing,736.68,744532,96.1,EcoLine,115.0871,-7.767465,772.91,58.19,ProSeries,99987,2.875,91.3,NEU-1266,72.9,29712,51048.9,"$4,517,751",2025-10-23T22:08:01Z,-45.2006,"$917,431,819",89.9955,86.9,90714.9,2020-11-26 02:51:04,1125.2,2075,Services,a2b2f157913f70bd984e06a63e334ffe7f3d3dfc3288d26e96ccf4aaa1bb0962,"[14.03, 99.49]",45.25%,94316.5,107.77,25229.1,3fd9c2db427573a6ccbb910b32de1a954dcee75352628fd16a1094558755d0ac,Manager,392520783,7.92%,203.1,1.782,2838.4,TXN-265098,StreamLine ERP,47130.5,inactive,2021-01-01 16:42:29,"$1,424,345",4994.0,78.2,8.02,completed,1920x1080,4979.47,1.17,288.6,batch-20240816-45,FlexPay Platform,27387.8,17.1,21277.8,5062.94,10.1,INV-135588,-54.349678,"$4,280,109",97.7,58.6,1.24,Other
-51.188052,76.99,Hearing,30.73%,448.0,6551.0,7340.7,80.2,35319.8,Europe,false,81470,9193.44,77.5,"$1,831,838",Opera,18.907,"931 Oak Ave, Austin, IL 83165",552.52,Exceeds expectations,263698,77.7,70.7,1485.1,UTF-8,63.2404,8259109119857,"-----BEGIN CERTIFICATE-----
dn/xgJumjqQtPiXoIoBVwFRKACWw3oLc3I0bWDI+VaWO72K9bu3FgyyM9tArVHDW
-----END CERTIFICATE-----",64726,19,8675.8,13211.0,6323.9,"$593,839",44256,Hardware,481.84,594348,52.5,ValueMax,119.0841,65.984483,645.4,401.7,SmartChoice,38346,4.164,89.1,WRZ-6112,64.6,21449,54765.1,"$4,370,970",2022-06-08 02:12:51,-76.9712,"$603,260,591",140.1466,99.68,61853.1,2020-08-27 11:17:14,1613.5,4368,Food,7fcd8d2f841914e2d851abe9866bbc5a9453446723cf19eb79e1932f7c3d0f1e,"[12.92, 89.6]",66.43%,45327.0,828.38,40664.2,faebfdaaeaf879be2498001d71295f4dfc0dfa7835c450d4901185b89eb544c7,Parent,754392663,42.74%,286.3,7.493,9252.5,ORD-900244,StreamLine ERP,81857.0,approved,2018-11-23 13:48:05,"$8,694,546",3283.7,420.6,3.9,cancelled,2560x1440,1557.76,2.96,72.96,batch-20250928-54,SmartHub X1,99772.7,90.3,20657.7,6003.26,151.5,INV-117605,-19.803512,"$7,309,767",26.0,64.3,12.61,Other
-85.775782,81.57,Hearing,23.25%,99.92,9081.8,9718.8,58.3,36147.1,Oceania,false,43311,116.41,92.5,"$8,137,595",Brave,11.849,"7092 Park Blvd, Denver, OH 93913",311.73,Outstanding,572328,27.3,61.9,7532.88,UTF-16,70.1708,6912983136467,"-----BEGIN CERTIFICATE-----
ZxiRhoRU6iiEWLx/HDRJGaSSONO7J3zB85QfcwW6o53fGkKq8PCMSuQJMbaPdd+9
-----END CERTIFICATE-----",33654,115,9884.4,48557.7,5504.8,"$4,030,575",81168,Software,903.68,671697,77.5,ProSeries,11.3459,15.617566,5943.05,657.49,ProSeries,43173,15.44,67.3,ECE-2939,59.5,90653,40363.7,"$3,597,088",2025-11-04T12:02:03Z,-73.0762,"$439,670,492",58.9282,22.33,97954.1,2022-04-21 14:12:28,1575.2,4011,Hardware,b453c8e89719bec992cdb36c7aa47816171e28c3ad7c69147b4add6ef75ceffd,"[33.63, 79.64]",22.2%,99146.6,601.88,20978.1,b485f8b5c3577099f0cef2dd509d0d3e12256549a890e8a8e01e4b6cb50fdecb,Child,101153531,71.54%,49.0,17.804,1327.7,USR-309915,DataSync 3000,25239.5,failed,2019-04-16T10:10:22Z,"$610,549",4807.6,430.0,0.38,rejected,2560x1440,4765.58,0.35,296.68,batch-20220306-73,DataSync 3000,37335.5,106.7,1955.5,2811.17,57.6,INV-259631,-93.426847,"$9,463,964",58.9,51.8,5.09,Non-binary
0.313386,51.13,Hearing,4.29%,161.65,3894.7,6493.3,85.0,32825.2,Asia,true,56772,5029.9,91.7,"$5,908,070",Firefox,0.55,"7276 Pine Rd, Tokyo, NY 89297",890.95,Meets expectations,585538,62.4,51.9,3040.47,UTF-8,110.2316,7039866384908,"-----BEGIN CERTIFICATE-----
c/bi2/xjvxJopQ48uZMTfO3N0ycy9Gf/NPWC5wm+dFmc9OE05VWxn9igpc6Wwc2e
-----END CERTIFICATE-----",7392,12,1278.2,61367.9,3932.8,"$2,755,819",91208,Clothing,794.58,111118,91.5,TechBrand,28.163,31.560403,5514.48,908.12,TechBrand,45189,11.497,32.9,PRG-6479,79.8,27979,73040.4,"$4,446,309",2018-11-13T07:28:12Z,-55.7552,"$174,100,054",80.0278,81.33,55170.0,2024-09-16 23:02:15,1553.6,189,Food,e99bbb9e59a90990843cd2332c37f983dbc35eefa9e535cd2d7b35b30548c6ff,"[26.22, 83.64]",51.99%,768.7,998.66,5526.2,7f9670bfe04a87f2b0c7b92e0bb1d7a98e2ac4234033c7e55a1eb5885b42dcfd,Sibling,974321706,13.97%,77.5,17.693,5423.7,USR-641807,VaultKeeper,56319.9,rejected,2019-02-08T17:29:10Z,"$4,139,819",431.9,71.8,0.03,cancelled,1920x1080,3013.07,2.89,43.95,batch-20220606-70,AuditTrail Plus,42465.6,2.6,25919.2,9659.01,266.9,INV-895785,-122.144244,"$5,750,122",34.2,41.0,9.76,Male
-44.574705,45.72,Mobility,32.35%,620.98,2683.7,403.6,64.7,194.9,Antarctica,true,87660,2725.5,76.6,"$8,156,743",Chrome,2.391,"2801 Cedar Ln, Houston, NC 92690",948.06,Outstanding,537385,27.6,14.4,7917.25,ISO-8859-1,85.4916,5677386867001,"-----BEGIN CERTIFICATE-----
jH3l2lLWNiu+pHdRcIx8m3GSBrgGQPKxD03LUg+1R6eujCBrNjsVFje/e9mv/w8C
-----END CERTIFICATE-----",55817,9,989.1,79501.5,2252.1,"$3,983,172",60620,Electronics,359.01,221814,13.5,ProSeries,114.0213,-14.228537,8605.63,726.93,SmartChoice,39357,10.416,57.1,KLR-2737,54.8,40277,50807.6,"$3,896,699",2026-07-06 05:23:44,-51.5723,"$728,390,809",87.2522,21.99,61262.0,2020-11-25T09:39:31Z,750.1,4213,Food,6c279c240379cf5d44984211b037224bdfce7cca81f8ccfba41abbf0de9b55fa,"[28.43, 79.94]",36.95%,41057.0,54.94,41883.8,2caa4e76c65dc427fc274013d6817b78d4a0c12826c2f5af4efbc58c7a4ab166,Parent,733025337,19.66%,216.3,4.738,5469.6,9637393,Widget Pro,98888.1,cancelled,2023-04-05 17:48:00,"$623,352",1186.6,419.9,7.55,rejected,3840x2160,1860.52,3.03,99.56,batch-20240322-68,Sentinel Monitor,21718.6,81.3,89980.1,3775.74,254.7,INV-607550,32.689789,"$2,186,370",61.6,45.3,6.09,Male
-16.514489,72.88,Visual,41.4%,790.72,2891.8,1674.3,63.9,8193.1,Oceania,false,65719,8099.36,37.1,"$7,683,668",Brave,7.997,"6814 Maple Dr, San Francisco, CA 89045",913.04,Needs improvement,205147,275.6,21.9,5072.55,ASCII,108.4973,3012017705593,"-----BEGIN CERTIFICATE-----
qLWewyG8LeEe5N7hztAPfd1LHSuuMvgqGqCwkOe+xk7DaPFCK6StAyk9hFGB+6iz
-----END CERTIFICATE-----",14459,76,6847.1,66099.6,1165.3,"$1,423,205",7391,Clothing,225.22,386121,44.7,EcoLine,41.4891,-48.810368,1639.3,648.1,ProSeries,90567,4.21,88.8,SPK-9059,73.8,3909,69268.9,"$1,514,028",2020-10-18T12:42:17Z,84.435,"$777,463,332",10.7116,73.97,21495.0,2025-11-15T03:48:57Z,825.0,443,Electronics,7b48a24a6092621399e18ceeff8be0f7cfa76260c154f6ab964cd01f187050ac,"[16.72, 61.12]",33.42%,48771.8,759.76,9653.0,e1e38e9aa4aa07f794fc84fec1fc36a639877329a27679ba1940b44b2bf0dbbf,Sibling,447502968,38.95%,49.1,16.928,7682.1,3846188,Widget Pro,76090.3,completed,2019-02-08T01:36:39Z,"$2,125,328",5903.4,35.7,6.32,cancelled,1280x720,7547.12,7.31,285.92,batch-20230103-18,AuditTrail Plus,37678.3,26.7,55353.1,5412.26,99.6,INV-367040,-132.202006,"$5,143,186",20.6,68.9,6.77,Female
88.638996,84.27,Hearing,32.64%,296.07,7535.1,8102.3,63.7,44081.5,South America,false,81946,4362.69,7.8,"$7,991,647",Opera,12.244,"8858 Main St, San Francisco, TX 85775",416.42,Outstanding,93177,206.3,43.4,9777.67,Latin-1,27.6932,4983686845900,"-----BEGIN CERTIFICATE-----
9vkr5+P36HICPHL8yZKqDKoxdvTqOSCcNUPCFDGOWJFygMU1imfZUzK/mos89CyA
-----END CERTIFICATE-----",38916,73,9620.7,17635.3,7789.0,"$3,531,748",91588,Clothing,324.83,475948,81.7,SmartChoice,6.0409,82.438686,9828.17,427.64,TechBrand,49151,7.35,65.9,TZG-5717,58.0,16390,97981.6,"$258,116",2023-03-13 16:19:29,-17.7881,"$401,199,638",137.3164,89.22,49302.8,2023-02-21 20:41:27,727.4,1746,Electronics,023cd18c9c0d9cfa3271ca617c2f85e805b7eb736b458392002be6adff1306cf,"[27.27, 63.12]",3.69%,81204.6,831.2,42798.4,233c1aa9289685c75a749337e79f8dd86dfdc1e752a907e8d0b290b0a446781b,Sibling,335127256,40.57%,101.2,9.875,9953.6,9327458,Widget Pro,55535.2,cancelled,2020-04-06T14:34:39Z,"$3,630,719",8127.3,155.3,9.53,active,3840x2160,5214.2,3.16,305.7,batch-20210414-05,SmartHub X1,32408.8,113.3,3667.2,9422.15,80.6,INV-514300,-147.118278,"$8,634,314",65.1,50.7,1.98,Female
-68.15248,91.15,None,67.85%,621.38,8126.0,7190.0,66.3,45906.2,Asia,false,56747,4267.08,52.1,"$8,933,856",Edge,2.795,"7496 Elm St, Phoenix, WA 11480",182.03,Outstanding,538955,109.7,29.0,6292.12,Latin-1,80.5349,3808008642422,"-----BEGIN CERTIFICATE-----
dYmztM3sAd9zVjhRrJtMRW9IBANl8Q1A1Km+LEpfLlnqvnw0VSR/XQw+k+3t2udL
-----END CERTIFICATE-----",64736,43,9929.5,78332.6,6.5,"$3,518,068",88553,Software,316.44,142153,85.4,TechBrand,117.2576,34.697666,660.89,742.63,TechBrand,17200,8.669,82.3,WNG-5714,11.1,23553,92087.1,"$2,530,358",2018-06-20 05:12:28,40.5689,"$447,871,032",75.4337,66.4,40513.4,2020-03-27T10:10:56Z,1696.9,4950,Electronics,05ea1b036f8d283ed7460c5075a42e76075d60d5dda8a91206be5a5923247bfb,"[10.14, 74.5]",48.17%,44721.7,107.24,3065.1,478c9ea588a3e9bbe6a5d6187482f8f6b86356424ca2f651697635e058575419,Child,103029640,38.71%,242.6,13.201,5175.0,USR-519466,DataSync 3000,47301.9,failed,2025-09-13T07:50:51Z,"$8,185,537",4400.7,231.4,2.8,completed,3840x2160,9893.58,0.12,85.3,batch-20230211-26,VaultKeeper,51878.1,60.5,51037.8,6156.71,89.0,INV-803525,-161.957958,"$877,256",16.8,7.1,10.24,Female
